block,intended_video_index,actual_video_index,offset,candidates,seek_return,status
0,0,0,0,0,True,unique_exact
0,1,1,0,1,True,unique_exact
0,2,2,0,2,True,unique_exact
0,3,3,0,3,True,unique_exact
0,4,4,0,4,True,unique_exact
0,5,5,0,5,True,unique_exact
0,6,6,0,6,True,unique_exact
0,7,7,0,7,True,unique_exact
0,8,8,0,8,True,unique_exact
0,9,9,0,9,True,unique_exact
0,10,10,0,10,True,unique_exact
0,11,11,0,11,True,unique_exact
0,12,12,0,12,True,unique_exact
0,13,13,0,13,True,unique_exact
0,14,14,0,14,True,unique_exact
0,15,15,0,15,True,unique_exact
0,16,16,0,16,True,unique_exact
0,17,17,0,17,True,unique_exact
0,18,18,0,18,True,unique_exact
0,19,19,0,19,True,unique_exact
0,20,20,0,20,True,unique_exact
0,21,21,0,21,True,unique_exact
0,22,22,0,22,True,unique_exact
0,23,23,0,23,True,unique_exact
0,24,24,0,24,True,unique_exact
0,25,25,0,25,True,unique_exact
0,26,26,0,26,True,unique_exact
0,27,27,0,27,True,unique_exact
0,28,28,0,28,True,unique_exact
0,29,29,0,29,True,unique_exact
0,30,30,0,30,True,unique_exact
0,31,31,0,31,True,unique_exact
0,32,32,0,32,True,unique_exact
0,33,33,0,33,True,unique_exact
0,34,34,0,34,True,unique_exact
0,35,35,0,35,True,unique_exact
0,36,36,0,36,True,unique_exact
0,37,37,0,37,True,unique_exact
0,38,38,0,38,True,unique_exact
0,39,39,0,39,True,unique_exact
0,40,40,0,40,True,unique_exact
0,41,41,0,41,True,unique_exact
0,42,42,0,42,True,unique_exact
0,43,43,0,43,True,unique_exact
0,44,44,0,44,True,unique_exact
0,45,45,0,45,True,unique_exact
0,46,46,0,46,True,unique_exact
0,47,47,0,47,True,unique_exact
0,48,48,0,48,True,unique_exact
0,49,49,0,49,True,unique_exact
0,50,50,0,50,True,unique_exact
0,51,51,0,51,True,unique_exact
0,52,52,0,52,True,unique_exact
0,53,53,0,53,True,unique_exact
0,54,54,0,54,True,unique_exact
0,55,55,0,55,True,unique_exact
0,56,56,0,56,True,unique_exact
0,57,57,0,57,True,unique_exact
0,58,58,0,58,True,unique_exact
0,59,59,0,59,True,unique_exact
0,60,60,0,60,True,unique_exact
0,61,61,0,61,True,unique_exact
0,62,62,0,62,True,unique_exact
0,63,63,0,63,True,unique_exact
0,64,64,0,64,True,unique_exact
0,65,65,0,65,True,unique_exact
0,66,66,0,66,True,unique_exact
0,67,67,0,67,True,unique_exact
0,68,68,0,68,True,unique_exact
0,69,69,0,69,True,unique_exact
0,70,70,0,70,True,unique_exact
0,71,71,0,71,True,unique_exact
0,72,72,0,72,True,unique_exact
0,73,73,0,73,True,unique_exact
0,74,74,0,74,True,unique_exact
0,75,75,0,75,True,unique_exact
0,76,76,0,76,True,unique_exact
0,77,77,0,77,True,unique_exact
0,78,78,0,78,True,unique_exact
0,79,79,0,79,True,unique_exact
0,80,80,0,80,True,unique_exact
0,81,81,0,81,True,unique_exact
0,82,82,0,82,True,unique_exact
0,83,83,0,83,True,unique_exact
0,84,84,0,84,True,unique_exact
0,85,85,0,85,True,unique_exact
0,86,86,0,86,True,unique_exact
0,87,87,0,87,True,unique_exact
0,88,88,0,88,True,unique_exact
0,89,89,0,89,True,unique_exact
0,90,90,0,90,True,unique_exact
0,91,91,0,91,True,unique_exact
0,92,92,0,92,True,unique_exact
0,93,93,0,93,True,unique_exact
0,94,94,0,94,True,unique_exact
0,95,95,0,95,True,unique_exact
0,96,96,0,96,True,unique_exact
0,97,97,0,97,True,unique_exact
0,98,98,0,98,True,unique_exact
0,99,99,0,99,True,unique_exact
0,100,100,0,100,True,unique_exact
0,101,101,0,101,True,unique_exact
0,102,102,0,102,True,unique_exact
0,103,103,0,103,True,unique_exact
0,104,104,0,104,True,unique_exact
0,105,105,0,105,True,unique_exact
0,106,106,0,106,True,unique_exact
0,107,107,0,107,True,unique_exact
0,108,108,0,108,True,unique_exact
0,109,109,0,109,True,unique_exact
0,110,110,0,110,True,unique_exact
0,111,111,0,111,True,unique_exact
0,112,112,0,112,True,unique_exact
0,113,113,0,113,True,unique_exact
0,114,114,0,114,True,unique_exact
0,115,115,0,115,True,unique_exact
0,116,116,0,116,True,unique_exact
0,117,117,0,117,True,unique_exact
0,118,118,0,118,True,unique_exact
0,119,119,0,119,True,unique_exact
0,120,120,0,120,True,unique_exact
0,121,121,0,121,True,unique_exact
0,122,122,0,122,True,unique_exact
0,123,123,0,123,True,unique_exact
0,124,124,0,124,True,unique_exact
0,125,125,0,125,True,unique_exact
0,126,126,0,126,True,unique_exact
0,127,127,0,127,True,unique_exact
0,128,128,0,128,True,unique_exact
0,129,129,0,129,True,unique_exact
0,130,130,0,130,True,unique_exact
0,131,131,0,131,True,unique_exact
0,132,132,0,132,True,unique_exact
0,133,133,0,133,True,unique_exact
0,134,134,0,134,True,unique_exact
0,135,135,0,135,True,unique_exact
0,136,136,0,136,True,unique_exact
0,137,137,0,137,True,unique_exact
0,138,138,0,138,True,unique_exact
0,139,139,0,139,True,unique_exact
0,140,140,0,140,True,unique_exact
0,141,141,0,141,True,unique_exact
0,142,142,0,142,True,unique_exact
0,143,143,0,143,True,unique_exact
0,144,144,0,144,True,unique_exact
0,145,145,0,145,True,unique_exact
0,146,146,0,146,True,unique_exact
0,147,147,0,147,True,unique_exact
0,148,148,0,148,True,unique_exact
0,149,149,0,149,True,unique_exact
0,150,150,0,150,True,unique_exact
0,151,151,0,151,True,unique_exact
0,152,152,0,152,True,unique_exact
0,153,153,0,153,True,unique_exact
0,154,154,0,154,True,unique_exact
0,155,155,0,155,True,unique_exact
0,156,156,0,156,True,unique_exact
0,157,157,0,157,True,unique_exact
0,158,158,0,158,True,unique_exact
0,159,159,0,159,True,unique_exact
0,160,160,0,160,True,unique_exact
0,161,161,0,161,True,unique_exact
0,162,162,0,162,True,unique_exact
0,163,163,0,163,True,unique_exact
0,164,164,0,164,True,unique_exact
0,165,165,0,165,True,unique_exact
0,166,166,0,166,True,unique_exact
0,167,167,0,167,True,unique_exact
0,168,168,0,168,True,unique_exact
0,169,169,0,169,True,unique_exact
0,170,170,0,170,True,unique_exact
0,171,171,0,171,True,unique_exact
0,172,172,0,172,True,unique_exact
0,173,173,0,173,True,unique_exact
0,174,174,0,174,True,unique_exact
0,175,175,0,175,True,unique_exact
0,176,176,0,176,True,unique_exact
0,177,177,0,177,True,unique_exact
0,178,178,0,178,True,unique_exact
0,179,179,0,179,True,unique_exact
0,180,180,0,180,True,unique_exact
0,181,181,0,181,True,unique_exact
0,182,182,0,182,True,unique_exact
0,183,183,0,183,True,unique_exact
0,184,184,0,184,True,unique_exact
0,185,185,0,185,True,unique_exact
0,186,186,0,186,True,unique_exact
0,187,187,0,187,True,unique_exact
0,188,188,0,188,True,unique_exact
0,189,189,0,189,True,unique_exact
0,190,190,0,190,True,unique_exact
0,191,191,0,191,True,unique_exact
0,192,192,0,192,True,unique_exact
0,193,193,0,193,True,unique_exact
0,194,194,0,194,True,unique_exact
0,195,195,0,195,True,unique_exact
0,196,196,0,196,True,unique_exact
0,197,197,0,197,True,unique_exact
0,198,198,0,198,True,unique_exact
0,199,199,0,199,True,unique_exact
0,200,200,0,200,True,unique_exact
0,201,201,0,201,True,unique_exact
0,202,202,0,202,True,unique_exact
0,203,203,0,203,True,unique_exact
0,204,204,0,204,True,unique_exact
0,205,205,0,205,True,unique_exact
0,206,206,0,206,True,unique_exact
0,207,207,0,207,True,unique_exact
0,208,208,0,208,True,unique_exact
0,209,209,0,209,True,unique_exact
0,210,210,0,210,True,unique_exact
0,211,211,0,211,True,unique_exact
0,212,212,0,212,True,unique_exact
0,213,213,0,213,True,unique_exact
0,214,214,0,214,True,unique_exact
0,215,215,0,215,True,unique_exact
0,216,216,0,216,True,unique_exact
0,217,217,0,217,True,unique_exact
0,218,218,0,218,True,unique_exact
0,219,219,0,219,True,unique_exact
0,220,220,0,220,True,unique_exact
0,221,221,0,221,True,unique_exact
0,222,222,0,222,True,unique_exact
0,223,223,0,223,True,unique_exact
0,224,224,0,224,True,unique_exact
0,225,225,0,225,True,unique_exact
0,226,226,0,226,True,unique_exact
0,227,227,0,227,True,unique_exact
0,228,228,0,228,True,unique_exact
0,229,229,0,229,True,unique_exact
0,230,230,0,230,True,unique_exact
0,231,231,0,231,True,unique_exact
0,232,232,0,232,True,unique_exact
0,233,233,0,233,True,unique_exact
0,234,234,0,234,True,unique_exact
0,235,235,0,235,True,unique_exact
0,236,236,0,236,True,unique_exact
0,237,237,0,237,True,unique_exact
0,238,238,0,238,True,unique_exact
0,239,239,0,239,True,unique_exact
0,240,240,0,240,True,unique_exact
0,241,241,0,241,True,unique_exact
0,242,242,0,242,True,unique_exact
0,243,243,0,243,True,unique_exact
0,244,244,0,244,True,unique_exact
0,245,245,0,245,True,unique_exact
0,246,246,0,246,True,unique_exact
0,247,247,0,247,True,unique_exact
0,248,248,0,248,True,unique_exact
0,249,249,0,249,True,unique_exact
0,250,250,0,250,True,unique_exact
0,251,251,0,251,True,unique_exact
0,252,252,0,252,True,unique_exact
0,253,253,0,253,True,unique_exact
0,254,254,0,254,True,unique_exact
0,255,255,0,255,True,unique_exact
0,256,256,0,256,True,unique_exact
0,257,257,0,257,True,unique_exact
0,258,258,0,258,True,unique_exact
0,259,259,0,259,True,unique_exact
0,260,260,0,260,True,unique_exact
0,261,261,0,261,True,unique_exact
0,262,262,0,262,True,unique_exact
0,263,263,0,263,True,unique_exact
0,264,264,0,264,True,unique_exact
0,265,265,0,265,True,unique_exact
0,266,266,0,266,True,unique_exact
0,267,267,0,267,True,unique_exact
0,268,268,0,268,True,unique_exact
0,269,269,0,269,True,unique_exact
0,270,270,0,270,True,unique_exact
0,271,271,0,271,True,unique_exact
0,272,272,0,272,True,unique_exact
0,273,273,0,273,True,unique_exact
0,274,274,0,274,True,unique_exact
0,275,275,0,275,True,unique_exact
0,276,276,0,276,True,unique_exact
0,277,277,0,277,True,unique_exact
0,278,278,0,278,True,unique_exact
0,279,279,0,279,True,unique_exact
0,280,280,0,280,True,unique_exact
0,281,281,0,281,True,unique_exact
0,282,282,0,282,True,unique_exact
0,283,283,0,283,True,unique_exact
0,284,284,0,284,True,unique_exact
0,285,285,0,285,True,unique_exact
0,286,286,0,286,True,unique_exact
0,287,287,0,287,True,unique_exact
0,288,288,0,288,True,unique_exact
0,289,289,0,289,True,unique_exact
0,290,290,0,290,True,unique_exact
0,291,291,0,291,True,unique_exact
0,292,292,0,292,True,unique_exact
0,293,293,0,293,True,unique_exact
0,294,294,0,294,True,unique_exact
0,295,295,0,295,True,unique_exact
0,296,296,0,296,True,unique_exact
0,297,297,0,297,True,unique_exact
0,298,298,0,298,True,unique_exact
0,299,299,0,299,True,unique_exact
0,300,300,0,300,True,unique_exact
0,301,301,0,301,True,unique_exact
0,302,302,0,302,True,unique_exact
0,303,303,0,303,True,unique_exact
0,304,304,0,304,True,unique_exact
0,305,305,0,305,True,unique_exact
0,306,306,0,306,True,unique_exact
0,307,307,0,307,True,unique_exact
0,308,308,0,308,True,unique_exact
0,309,309,0,309,True,unique_exact
0,310,310,0,310,True,unique_exact
0,311,311,0,311,True,unique_exact
0,312,312,0,312,True,unique_exact
0,313,313,0,313,True,unique_exact
0,314,314,0,314,True,unique_exact
0,315,315,0,315,True,unique_exact
0,316,316,0,316,True,unique_exact
0,317,317,0,317,True,unique_exact
0,318,318,0,318,True,unique_exact
0,319,319,0,319,True,unique_exact
0,320,320,0,320,True,unique_exact
0,321,321,0,321,True,unique_exact
0,322,322,0,322,True,unique_exact
0,323,323,0,323,True,unique_exact
0,324,324,0,324,True,unique_exact
0,325,325,0,325,True,unique_exact
0,326,326,0,326,True,unique_exact
0,327,327,0,327,True,unique_exact
0,328,328,0,328,True,unique_exact
0,329,329,0,329,True,unique_exact
0,330,330,0,330,True,unique_exact
0,331,331,0,331,True,unique_exact
0,332,332,0,332,True,unique_exact
0,333,333,0,333,True,unique_exact
0,334,334,0,334,True,unique_exact
0,335,335,0,335,True,unique_exact
0,336,336,0,336,True,unique_exact
0,337,337,0,337,True,unique_exact
0,338,338,0,338,True,unique_exact
0,339,339,0,339,True,unique_exact
0,340,340,0,340,True,unique_exact
0,341,341,0,341,True,unique_exact
0,342,342,0,342,True,unique_exact
0,343,343,0,343,True,unique_exact
0,344,344,0,344,True,unique_exact
0,345,345,0,345,True,unique_exact
0,346,346,0,346,True,unique_exact
0,347,347,0,347,True,unique_exact
0,348,348,0,348,True,unique_exact
0,349,349,0,349,True,unique_exact
0,350,350,0,350,True,unique_exact
0,351,351,0,351,True,unique_exact
0,352,352,0,352,True,unique_exact
0,353,353,0,353,True,unique_exact
0,354,354,0,354,True,unique_exact
0,355,355,0,355,True,unique_exact
0,356,356,0,356,True,unique_exact
0,357,357,0,357,True,unique_exact
0,358,358,0,358,True,unique_exact
0,359,359,0,359,True,unique_exact
0,360,360,0,360,True,unique_exact
0,361,361,0,361,True,unique_exact
0,362,362,0,362,True,unique_exact
0,363,363,0,363,True,unique_exact
0,364,364,0,364,True,unique_exact
0,365,365,0,365,True,unique_exact
0,366,366,0,366,True,unique_exact
0,367,367,0,367,True,unique_exact
0,368,368,0,368,True,unique_exact
0,369,369,0,369,True,unique_exact
0,370,370,0,370,True,unique_exact
0,371,371,0,371,True,unique_exact
0,372,372,0,372,True,unique_exact
0,373,373,0,373,True,unique_exact
0,374,374,0,374,True,unique_exact
0,375,375,0,375,True,unique_exact
0,376,376,0,376,True,unique_exact
0,377,377,0,377,True,unique_exact
0,378,378,0,378,True,unique_exact
0,379,379,0,379,True,unique_exact
0,380,380,0,380,True,unique_exact
0,381,381,0,381,True,unique_exact
0,382,382,0,382,True,unique_exact
0,383,383,0,383,True,unique_exact
0,384,384,0,384,True,unique_exact
0,385,385,0,385,True,unique_exact
0,386,386,0,386,True,unique_exact
0,387,387,0,387,True,unique_exact
0,388,388,0,388,True,unique_exact
0,389,389,0,389,True,unique_exact
0,390,390,0,390,True,unique_exact
0,391,391,0,391,True,unique_exact
0,392,392,0,392,True,unique_exact
0,393,393,0,393,True,unique_exact
0,394,394,0,394,True,unique_exact
0,395,395,0,395,True,unique_exact
0,396,396,0,396,True,unique_exact
0,397,397,0,397,True,unique_exact
0,398,398,0,398,True,unique_exact
0,399,399,0,399,True,unique_exact
0,400,400,0,400,True,unique_exact
0,401,401,0,401,True,unique_exact
0,402,402,0,402,True,unique_exact
0,403,403,0,403,True,unique_exact
0,404,404,0,404,True,unique_exact
0,405,405,0,405,True,unique_exact
0,406,406,0,406,True,unique_exact
0,407,407,0,407,True,unique_exact
0,408,408,0,408,True,unique_exact
0,409,409,0,409,True,unique_exact
0,410,410,0,410,True,unique_exact
0,411,411,0,411,True,unique_exact
0,412,412,0,412,True,unique_exact
0,413,413,0,413,True,unique_exact
0,414,414,0,414,True,unique_exact
0,415,415,0,415,True,unique_exact
0,416,416,0,416,True,unique_exact
0,417,417,0,417,True,unique_exact
0,418,418,0,418,True,unique_exact
0,419,419,0,419,True,unique_exact
0,420,420,0,420,True,unique_exact
0,421,421,0,421,True,unique_exact
0,422,422,0,422,True,unique_exact
0,423,423,0,423,True,unique_exact
0,424,424,0,424,True,unique_exact
0,425,425,0,425,True,unique_exact
0,426,426,0,426,True,unique_exact
0,427,427,0,427,True,unique_exact
0,428,428,0,428,True,unique_exact
0,429,429,0,429,True,unique_exact
0,430,430,0,430,True,unique_exact
0,431,431,0,431,True,unique_exact
0,432,432,0,432,True,unique_exact
0,433,433,0,433,True,unique_exact
0,434,434,0,434,True,unique_exact
0,435,435,0,435,True,unique_exact
0,436,436,0,436,True,unique_exact
0,437,437,0,437,True,unique_exact
0,438,438,0,438,True,unique_exact
0,439,439,0,439,True,unique_exact
0,440,440,0,440,True,unique_exact
0,441,441,0,441,True,unique_exact
0,442,442,0,442,True,unique_exact
0,443,443,0,443,True,unique_exact
0,444,444,0,444,True,unique_exact
0,445,445,0,445,True,unique_exact
0,446,446,0,446,True,unique_exact
0,447,447,0,447,True,unique_exact
0,448,448,0,448,True,unique_exact
0,449,449,0,449,True,unique_exact
0,450,450,0,450,True,unique_exact
0,451,451,0,451,True,unique_exact
0,452,452,0,452,True,unique_exact
0,453,453,0,453,True,unique_exact
0,454,454,0,454,True,unique_exact
0,455,455,0,455,True,unique_exact
0,456,456,0,456,True,unique_exact
0,457,457,0,457,True,unique_exact
0,458,458,0,458,True,unique_exact
0,459,459,0,459,True,unique_exact
0,460,460,0,460,True,unique_exact
0,461,461,0,461,True,unique_exact
0,462,462,0,462,True,unique_exact
0,463,463,0,463,True,unique_exact
0,464,464,0,464,True,unique_exact
0,465,465,0,465,True,unique_exact
0,466,466,0,466,True,unique_exact
0,467,467,0,467,True,unique_exact
0,468,468,0,468,True,unique_exact
0,469,469,0,469,True,unique_exact
0,470,470,0,470,True,unique_exact
0,471,471,0,471,True,unique_exact
0,472,472,0,472,True,unique_exact
0,473,473,0,473,True,unique_exact
0,474,474,0,474,True,unique_exact
0,475,475,0,475,True,unique_exact
0,476,476,0,476,True,unique_exact
0,477,477,0,477,True,unique_exact
0,478,478,0,478,True,unique_exact
0,479,479,0,479,True,unique_exact
0,480,480,0,480,True,unique_exact
0,481,481,0,481,True,unique_exact
0,482,482,0,482,True,unique_exact
0,483,483,0,483,True,unique_exact
0,484,484,0,484,True,unique_exact
0,485,485,0,485,True,unique_exact
0,486,486,0,486,True,unique_exact
0,487,487,0,487,True,unique_exact
0,488,488,0,488,True,unique_exact
0,489,489,0,489,True,unique_exact
0,490,490,0,490,True,unique_exact
0,491,491,0,491,True,unique_exact
0,492,492,0,492,True,unique_exact
0,493,493,0,493,True,unique_exact
0,494,494,0,494,True,unique_exact
0,495,495,0,495,True,unique_exact
0,496,496,0,496,True,unique_exact
0,497,497,0,497,True,unique_exact
0,498,498,0,498,True,unique_exact
0,499,499,0,499,True,unique_exact
0,500,500,0,500,True,unique_exact
0,501,501,0,501,True,unique_exact
0,502,502,0,502,True,unique_exact
0,503,503,0,503,True,unique_exact
0,504,504,0,504,True,unique_exact
0,505,505,0,505,True,unique_exact
0,506,506,0,506,True,unique_exact
0,507,507,0,507,True,unique_exact
0,508,508,0,508,True,unique_exact
0,509,509,0,509,True,unique_exact
0,510,510,0,510,True,unique_exact
0,511,511,0,511,True,unique_exact
0,512,512,0,512,True,unique_exact
0,513,513,0,513,True,unique_exact
0,514,514,0,514,True,unique_exact
0,515,515,0,515,True,unique_exact
0,516,516,0,516,True,unique_exact
0,517,517,0,517,True,unique_exact
0,518,518,0,518,True,unique_exact
0,519,519,0,519,True,unique_exact
0,520,520,0,520,True,unique_exact
0,521,521,0,521,True,unique_exact
0,522,522,0,522,True,unique_exact
0,523,523,0,523,True,unique_exact
0,524,524,0,524,True,unique_exact
0,525,525,0,525,True,unique_exact
0,526,526,0,526,True,unique_exact
0,527,527,0,527,True,unique_exact
0,528,528,0,528,True,unique_exact
0,529,529,0,529,True,unique_exact
0,530,530,0,530,True,unique_exact
0,531,531,0,531,True,unique_exact
0,532,532,0,532,True,unique_exact
0,533,533,0,533,True,unique_exact
0,534,534,0,534,True,unique_exact
0,535,535,0,535,True,unique_exact
0,536,536,0,536,True,unique_exact
0,537,537,0,537,True,unique_exact
0,538,538,0,538,True,unique_exact
0,539,539,0,539,True,unique_exact
0,540,540,0,540,True,unique_exact
0,541,541,0,541,True,unique_exact
0,542,542,0,542,True,unique_exact
0,543,543,0,543,True,unique_exact
0,544,544,0,544,True,unique_exact
0,545,545,0,545,True,unique_exact
0,546,546,0,546,True,unique_exact
0,547,547,0,547,True,unique_exact
0,548,548,0,548,True,unique_exact
0,549,549,0,549,True,unique_exact
0,550,550,0,550,True,unique_exact
0,551,551,0,551,True,unique_exact
0,552,552,0,552,True,unique_exact
0,553,553,0,553,True,unique_exact
0,554,554,0,554,True,unique_exact
0,555,555,0,555,True,unique_exact
0,556,556,0,556,True,unique_exact
0,557,557,0,557,True,unique_exact
0,558,558,0,558,True,unique_exact
0,559,559,0,559,True,unique_exact
0,560,560,0,560,True,unique_exact
0,561,561,0,561,True,unique_exact
0,562,562,0,562,True,unique_exact
0,563,563,0,563,True,unique_exact
0,564,564,0,564,True,unique_exact
0,565,565,0,565,True,unique_exact
0,566,566,0,566,True,unique_exact
0,567,567,0,567,True,unique_exact
0,568,568,0,568,True,unique_exact
0,569,569,0,569,True,unique_exact
0,570,570,0,570,True,unique_exact
0,571,571,0,571,True,unique_exact
0,572,572,0,572,True,unique_exact
0,573,573,0,573,True,unique_exact
0,574,574,0,574,True,unique_exact
0,575,575,0,575,True,unique_exact
0,576,576,0,576,True,unique_exact
0,577,577,0,577,True,unique_exact
0,578,578,0,578,True,unique_exact
0,579,579,0,579,True,unique_exact
0,580,580,0,580,True,unique_exact
0,581,581,0,581,True,unique_exact
0,582,582,0,582,True,unique_exact
0,583,583,0,583,True,unique_exact
0,584,584,0,584,True,unique_exact
0,585,585,0,585,True,unique_exact
0,586,586,0,586,True,unique_exact
0,587,587,0,587,True,unique_exact
0,588,588,0,588,True,unique_exact
0,589,589,0,589,True,unique_exact
0,590,590,0,590,True,unique_exact
0,591,591,0,591,True,unique_exact
0,592,592,0,592,True,unique_exact
0,593,593,0,593,True,unique_exact
0,594,594,0,594,True,unique_exact
0,595,595,0,595,True,unique_exact
0,596,596,0,596,True,unique_exact
0,597,597,0,597,True,unique_exact
0,598,598,0,598,True,unique_exact
0,599,599,0,599,True,unique_exact
0,600,600,0,600,True,unique_exact
0,601,601,0,601,True,unique_exact
0,602,602,0,602,True,unique_exact
0,603,603,0,603,True,unique_exact
0,604,604,0,604,True,unique_exact
0,605,605,0,605,True,unique_exact
0,606,606,0,606,True,unique_exact
0,607,607,0,607,True,unique_exact
0,608,608,0,608,True,unique_exact
0,609,609,0,609,True,unique_exact
0,610,610,0,610,True,unique_exact
0,611,611,0,611,True,unique_exact
0,612,612,0,612,True,unique_exact
0,613,613,0,613,True,unique_exact
0,614,614,0,614,True,unique_exact
0,615,615,0,615,True,unique_exact
0,616,616,0,616,True,unique_exact
0,617,617,0,617,True,unique_exact
0,618,618,0,618,True,unique_exact
0,619,619,0,619,True,unique_exact
0,620,620,0,620,True,unique_exact
0,621,621,0,621,True,unique_exact
0,622,622,0,622,True,unique_exact
0,623,623,0,623,True,unique_exact
0,624,624,0,624,True,unique_exact
0,625,625,0,625,True,unique_exact
0,626,626,0,626,True,unique_exact
0,627,627,0,627,True,unique_exact
0,628,628,0,628,True,unique_exact
0,629,629,0,629,True,unique_exact
0,630,630,0,630,True,unique_exact
0,631,631,0,631,True,unique_exact
0,632,632,0,632,True,unique_exact
0,633,633,0,633,True,unique_exact
0,634,634,0,634,True,unique_exact
0,635,635,0,635,True,unique_exact
0,636,636,0,636,True,unique_exact
0,637,637,0,637,True,unique_exact
0,638,638,0,638,True,unique_exact
0,639,639,0,639,True,unique_exact
0,640,640,0,640,True,unique_exact
0,641,641,0,641,True,unique_exact
0,642,642,0,642,True,unique_exact
0,643,643,0,643,True,unique_exact
0,644,644,0,644,True,unique_exact
0,645,645,0,645,True,unique_exact
0,646,646,0,646,True,unique_exact
0,647,647,0,647,True,unique_exact
0,648,648,0,648,True,unique_exact
0,649,649,0,649,True,unique_exact
0,650,650,0,650,True,unique_exact
0,651,651,0,651,True,unique_exact
0,652,652,0,652,True,unique_exact
0,653,653,0,653,True,unique_exact
0,654,654,0,654,True,unique_exact
0,655,655,0,655,True,unique_exact
0,656,656,0,656,True,unique_exact
0,657,657,0,657,True,unique_exact
0,658,658,0,658,True,unique_exact
0,659,659,0,659,True,unique_exact
0,660,660,0,660,True,unique_exact
0,661,661,0,661,True,unique_exact
0,662,662,0,662,True,unique_exact
0,663,663,0,663,True,unique_exact
0,664,664,0,664,True,unique_exact
0,665,665,0,665,True,unique_exact
0,666,666,0,666,True,unique_exact
0,667,667,0,667,True,unique_exact
0,668,668,0,668,True,unique_exact
0,669,669,0,669,True,unique_exact
0,670,670,0,670,True,unique_exact
0,671,671,0,671,True,unique_exact
0,672,672,0,672,True,unique_exact
0,673,673,0,673,True,unique_exact
0,674,674,0,674,True,unique_exact
0,675,675,0,675,True,unique_exact
0,676,676,0,676,True,unique_exact
0,677,677,0,677,True,unique_exact
0,678,678,0,678,True,unique_exact
0,679,679,0,679,True,unique_exact
0,680,680,0,680,True,unique_exact
0,681,681,0,681,True,unique_exact
0,682,682,0,682,True,unique_exact
0,683,683,0,683,True,unique_exact
0,684,684,0,684,True,unique_exact
0,685,685,0,685,True,unique_exact
0,686,686,0,686,True,unique_exact
0,687,687,0,687,True,unique_exact
0,688,688,0,688,True,unique_exact
0,689,689,0,689,True,unique_exact
0,690,690,0,690,True,unique_exact
0,691,691,0,691,True,unique_exact
0,692,692,0,692,True,unique_exact
0,693,693,0,693,True,unique_exact
0,694,694,0,694,True,unique_exact
0,695,695,0,695,True,unique_exact
0,696,696,0,696,True,unique_exact
0,697,697,0,697,True,unique_exact
0,698,698,0,698,True,unique_exact
0,699,699,0,699,True,unique_exact
0,700,700,0,700,True,unique_exact
0,701,701,0,701,True,unique_exact
0,702,702,0,702,True,unique_exact
0,703,703,0,703,True,unique_exact
0,704,704,0,704,True,unique_exact
0,705,705,0,705,True,unique_exact
0,706,706,0,706,True,unique_exact
0,707,707,0,707,True,unique_exact
0,708,708,0,708,True,unique_exact
0,709,709,0,709,True,unique_exact
0,710,710,0,710,True,unique_exact
0,711,711,0,711,True,unique_exact
0,712,712,0,712,True,unique_exact
0,713,713,0,713,True,unique_exact
0,714,714,0,714,True,unique_exact
0,715,715,0,715,True,unique_exact
0,716,716,0,716,True,unique_exact
0,717,717,0,717,True,unique_exact
0,718,718,0,718,True,unique_exact
0,719,719,0,719,True,unique_exact
0,720,720,0,720,True,unique_exact
0,721,721,0,721,True,unique_exact
0,722,722,0,722,True,unique_exact
0,723,723,0,723,True,unique_exact
0,724,724,0,724,True,unique_exact
0,725,725,0,725,True,unique_exact
0,726,726,0,726,True,unique_exact
0,727,727,0,727,True,unique_exact
0,728,728,0,728,True,unique_exact
0,729,729,0,729,True,unique_exact
0,730,730,0,730,True,unique_exact
0,731,731,0,731,True,unique_exact
0,732,732,0,732,True,unique_exact
0,733,733,0,733,True,unique_exact
0,734,734,0,734,True,unique_exact
0,735,735,0,735,True,unique_exact
0,736,736,0,736,True,unique_exact
0,737,737,0,737,True,unique_exact
0,738,738,0,738,True,unique_exact
0,739,739,0,739,True,unique_exact
0,740,740,0,740,True,unique_exact
0,741,741,0,741,True,unique_exact
0,742,742,0,742,True,unique_exact
0,743,743,0,743,True,unique_exact
0,744,744,0,744,True,unique_exact
0,745,745,0,745,True,unique_exact
0,746,746,0,746,True,unique_exact
0,747,747,0,747,True,unique_exact
0,748,748,0,748,True,unique_exact
0,749,749,0,749,True,unique_exact
0,750,750,0,750,True,unique_exact
0,751,751,0,751,True,unique_exact
1,750,761,11,761,True,unique_exact
1,751,762,11,762,True,unique_exact
1,752,763,11,763,True,unique_exact
1,753,764,11,764,True,unique_exact
1,754,765,11,765,True,unique_exact
1,755,766,11,766,True,unique_exact
1,756,767,11,767,True,unique_exact
1,757,768,11,768,True,unique_exact
1,758,769,11,769,True,unique_exact
1,759,770,11,770,True,unique_exact
1,760,771,11,771,True,unique_exact
1,761,772,11,772,True,unique_exact
1,762,773,11,773,True,unique_exact
1,763,774,11,774,True,unique_exact
1,764,775,11,775,True,unique_exact
1,765,776,11,776,True,unique_exact
1,766,777,11,777,True,unique_exact
1,767,778,11,778,True,unique_exact
1,768,779,11,779,True,unique_exact
1,769,780,11,780,True,unique_exact
1,770,781,11,781,True,unique_exact
1,771,782,11,782,True,unique_exact
1,772,783,11,783,True,unique_exact
1,773,784,11,784,True,unique_exact
1,774,785,11,785,True,unique_exact
1,775,786,11,786,True,unique_exact
1,776,787,11,787,True,unique_exact
1,777,788,11,788,True,unique_exact
1,778,789,11,789,True,unique_exact
1,779,790,11,790,True,unique_exact
1,780,791,11,791,True,unique_exact
1,781,792,11,792,True,unique_exact
1,782,793,11,793,True,unique_exact
1,783,794,11,794,True,unique_exact
1,784,795,11,795,True,unique_exact
1,785,796,11,796,True,unique_exact
1,786,797,11,797,True,unique_exact
1,787,798,11,798,True,unique_exact
1,788,799,11,799,True,unique_exact
1,789,800,11,800,True,unique_exact
1,790,801,11,801,True,unique_exact
1,791,802,11,802,True,unique_exact
1,792,803,11,803,True,unique_exact
1,793,804,11,804,True,unique_exact
1,794,805,11,805,True,unique_exact
1,795,806,11,806,True,unique_exact
1,796,807,11,807,True,unique_exact
1,797,808,11,808,True,unique_exact
1,798,809,11,809,True,unique_exact
1,799,810,11,810,True,unique_exact
1,800,811,11,811,True,unique_exact
1,801,812,11,812,True,unique_exact
1,802,813,11,813,True,unique_exact
1,803,814,11,814,True,unique_exact
1,804,815,11,815,True,unique_exact
1,805,816,11,816,True,unique_exact
1,806,817,11,817,True,unique_exact
1,807,818,11,818,True,unique_exact
1,808,819,11,819,True,unique_exact
1,809,820,11,820,True,unique_exact
1,810,821,11,821,True,unique_exact
1,811,822,11,822,True,unique_exact
1,812,823,11,823,True,unique_exact
1,813,824,11,824,True,unique_exact
1,814,825,11,825,True,unique_exact
1,815,826,11,826,True,unique_exact
1,816,827,11,827,True,unique_exact
1,817,828,11,828,True,unique_exact
1,818,829,11,829,True,unique_exact
1,819,830,11,830,True,unique_exact
1,820,831,11,831,True,unique_exact
1,821,832,11,832,True,unique_exact
1,822,833,11,833,True,unique_exact
1,823,834,11,834,True,unique_exact
1,824,835,11,835,True,unique_exact
1,825,836,11,836,True,unique_exact
1,826,837,11,837,True,unique_exact
1,827,838,11,838,True,unique_exact
1,828,839,11,839,True,unique_exact
1,829,840,11,840,True,unique_exact
1,830,841,11,841,True,unique_exact
1,831,842,11,842,True,unique_exact
1,832,843,11,843,True,unique_exact
1,833,844,11,844,True,unique_exact
1,834,845,11,845,True,unique_exact
1,835,846,11,846,True,unique_exact
1,836,847,11,847,True,unique_exact
1,837,848,11,848,True,unique_exact
1,838,849,11,849,True,unique_exact
1,839,850,11,850,True,unique_exact
1,840,851,11,851,True,unique_exact
1,841,852,11,852,True,unique_exact
1,842,853,11,853,True,unique_exact
1,843,854,11,854,True,unique_exact
1,844,855,11,855,True,unique_exact
1,845,856,11,856,True,unique_exact
1,846,857,11,857,True,unique_exact
1,847,858,11,858,True,unique_exact
1,848,859,11,859,True,unique_exact
1,849,860,11,860,True,unique_exact
1,850,861,11,861,True,unique_exact
1,851,862,11,862,True,unique_exact
1,852,863,11,863,True,unique_exact
1,853,864,11,864,True,unique_exact
1,854,865,11,865,True,unique_exact
1,855,866,11,866,True,unique_exact
1,856,867,11,867,True,unique_exact
1,857,868,11,868,True,unique_exact
1,858,869,11,869,True,unique_exact
1,859,870,11,870,True,unique_exact
1,860,871,11,871,True,unique_exact
1,861,872,11,872,True,unique_exact
1,862,873,11,873,True,unique_exact
1,863,874,11,874,True,unique_exact
1,864,875,11,875,True,unique_exact
1,865,876,11,876,True,unique_exact
1,866,877,11,877,True,unique_exact
1,867,878,11,878,True,unique_exact
1,868,879,11,879,True,unique_exact
1,869,880,11,880,True,unique_exact
1,870,881,11,881,True,unique_exact
1,871,882,11,882,True,unique_exact
1,872,883,11,883,True,unique_exact
1,873,884,11,884,True,unique_exact
1,874,885,11,885,True,unique_exact
1,875,886,11,886,True,unique_exact
1,876,887,11,887,True,unique_exact
1,877,888,11,888,True,unique_exact
1,878,889,11,889,True,unique_exact
1,879,890,11,890,True,unique_exact
1,880,891,11,891,True,unique_exact
1,881,892,11,892,True,unique_exact
1,882,893,11,893,True,unique_exact
1,883,894,11,894,True,unique_exact
1,884,895,11,895,True,unique_exact
1,885,896,11,896,True,unique_exact
1,886,897,11,897,True,unique_exact
1,887,898,11,898,True,unique_exact
1,888,899,11,899,True,unique_exact
1,889,900,11,900,True,unique_exact
1,890,901,11,901,True,unique_exact
1,891,902,11,902,True,unique_exact
1,892,903,11,903,True,unique_exact
1,893,904,11,904,True,unique_exact
1,894,905,11,905,True,unique_exact
1,895,906,11,906,True,unique_exact
1,896,907,11,907,True,unique_exact
1,897,908,11,908,True,unique_exact
1,898,909,11,909,True,unique_exact
1,899,910,11,910,True,unique_exact
1,900,911,11,911,True,unique_exact
1,901,912,11,912,True,unique_exact
1,902,913,11,913,True,unique_exact
1,903,914,11,914,True,unique_exact
1,904,915,11,915,True,unique_exact
1,905,916,11,916,True,unique_exact
1,906,917,11,917,True,unique_exact
1,907,918,11,918,True,unique_exact
1,908,919,11,919,True,unique_exact
1,909,920,11,920,True,unique_exact
1,910,921,11,921,True,unique_exact
1,911,922,11,922,True,unique_exact
1,912,923,11,923,True,unique_exact
1,913,924,11,924,True,unique_exact
1,914,925,11,925,True,unique_exact
1,915,926,11,926,True,unique_exact
1,916,927,11,927,True,unique_exact
1,917,928,11,928,True,unique_exact
1,918,929,11,929,True,unique_exact
1,919,930,11,930,True,unique_exact
1,920,931,11,931,True,unique_exact
1,921,932,11,932,True,unique_exact
1,922,933,11,933,True,unique_exact
1,923,934,11,934,True,unique_exact
1,924,935,11,935,True,unique_exact
1,925,936,11,936,True,unique_exact
1,926,937,11,937,True,unique_exact
1,927,938,11,938,True,unique_exact
1,928,939,11,939,True,unique_exact
1,929,940,11,940,True,unique_exact
1,930,941,11,941,True,unique_exact
1,931,942,11,942,True,unique_exact
1,932,943,11,943,True,unique_exact
1,933,944,11,944,True,unique_exact
1,934,945,11,945,True,unique_exact
1,935,946,11,946,True,unique_exact
1,936,947,11,947,True,unique_exact
1,937,948,11,948,True,unique_exact
1,938,949,11,949,True,unique_exact
1,939,950,11,950,True,unique_exact
1,940,951,11,951,True,unique_exact
1,941,952,11,952,True,unique_exact
1,942,953,11,953,True,unique_exact
1,943,954,11,954,True,unique_exact
1,944,955,11,955,True,unique_exact
1,945,956,11,956,True,unique_exact
1,946,957,11,957,True,unique_exact
1,947,958,11,958,True,unique_exact
1,948,959,11,959,True,unique_exact
1,949,960,11,960,True,unique_exact
1,950,961,11,961,True,unique_exact
1,951,962,11,962,True,unique_exact
1,952,963,11,963,True,unique_exact
1,953,964,11,964,True,unique_exact
1,954,965,11,965,True,unique_exact
1,955,966,11,966,True,unique_exact
1,956,967,11,967,True,unique_exact
1,957,968,11,968,True,unique_exact
1,958,969,11,969,True,unique_exact
1,959,970,11,970,True,unique_exact
1,960,971,11,971,True,unique_exact
1,961,972,11,972,True,unique_exact
1,962,973,11,973,True,unique_exact
1,963,974,11,974,True,unique_exact
1,964,975,11,975,True,unique_exact
1,965,976,11,976,True,unique_exact
1,966,977,11,977,True,unique_exact
1,967,978,11,978,True,unique_exact
1,968,979,11,979,True,unique_exact
1,969,980,11,980,True,unique_exact
1,970,981,11,981,True,unique_exact
1,971,982,11,982,True,unique_exact
1,972,983,11,983,True,unique_exact
1,973,984,11,984,True,unique_exact
1,974,985,11,985,True,unique_exact
1,975,986,11,986,True,unique_exact
1,976,987,11,987,True,unique_exact
1,977,988,11,988,True,unique_exact
1,978,989,11,989,True,unique_exact
1,979,990,11,990,True,unique_exact
1,980,991,11,991,True,unique_exact
1,981,992,11,992,True,unique_exact
1,982,993,11,993,True,unique_exact
1,983,994,11,994,True,unique_exact
1,984,995,11,995,True,unique_exact
1,985,996,11,996,True,unique_exact
1,986,997,11,997,True,unique_exact
1,987,998,11,998,True,unique_exact
1,988,999,11,999,True,unique_exact
1,989,1000,11,1000,True,unique_exact
1,990,1001,11,1001,True,unique_exact
1,991,1002,11,1002,True,unique_exact
1,992,1003,11,1003,True,unique_exact
1,993,1004,11,1004,True,unique_exact
1,994,1005,11,1005,True,unique_exact
1,995,1006,11,1006,True,unique_exact
1,996,1007,11,1007,True,unique_exact
1,997,1008,11,1008,True,unique_exact
1,998,1009,11,1009,True,unique_exact
1,999,1010,11,1010,True,unique_exact
1,1000,1011,11,1011,True,unique_exact
1,1001,1012,11,1012,True,unique_exact
1,1002,1013,11,1013,True,unique_exact
1,1003,1014,11,1014,True,unique_exact
1,1004,1015,11,1015,True,unique_exact
1,1005,1016,11,1016,True,unique_exact
1,1006,1017,11,1017,True,unique_exact
1,1007,1018,11,1018,True,unique_exact
1,1008,1019,11,1019,True,unique_exact
1,1009,1020,11,1020,True,unique_exact
1,1010,1021,11,1021,True,unique_exact
1,1011,1022,11,1022,True,unique_exact
1,1012,1023,11,1023,True,unique_exact
1,1013,1024,11,1024,True,unique_exact
1,1014,1025,11,1025,True,unique_exact
1,1015,1026,11,1026,True,unique_exact
1,1016,1027,11,1027,True,unique_exact
1,1017,1028,11,1028,True,unique_exact
1,1018,1029,11,1029,True,unique_exact
1,1019,1030,11,1030,True,unique_exact
1,1020,1031,11,1031,True,unique_exact
1,1021,1032,11,1032,True,unique_exact
1,1022,1033,11,1033,True,unique_exact
1,1023,1034,11,1034,True,unique_exact
1,1024,1035,11,1035,True,unique_exact
1,1025,1036,11,1036,True,unique_exact
1,1026,1037,11,1037,True,unique_exact
1,1027,1038,11,1038,True,unique_exact
1,1028,1039,11,1039,True,unique_exact
1,1029,1040,11,1040,True,unique_exact
1,1030,1041,11,1041,True,unique_exact
1,1031,1042,11,1042,True,unique_exact
1,1032,1043,11,1043,True,unique_exact
1,1033,1044,11,1044,True,unique_exact
1,1034,1045,11,1045,True,unique_exact
1,1035,1046,11,1046,True,unique_exact
1,1036,1047,11,1047,True,unique_exact
1,1037,1048,11,1048,True,unique_exact
1,1038,1049,11,1049,True,unique_exact
1,1039,1050,11,1050,True,unique_exact
1,1040,1051,11,1051,True,unique_exact
1,1041,1052,11,1052,True,unique_exact
1,1042,1053,11,1053,True,unique_exact
1,1043,1054,11,1054,True,unique_exact
1,1044,1055,11,1055,True,unique_exact
1,1045,1056,11,1056,True,unique_exact
1,1046,1057,11,1057,True,unique_exact
1,1047,1058,11,1058,True,unique_exact
1,1048,1059,11,1059,True,unique_exact
1,1049,1060,11,1060,True,unique_exact
1,1050,1061,11,1061,True,unique_exact
1,1051,1062,11,1062,True,unique_exact
1,1052,1063,11,1063,True,unique_exact
1,1053,1064,11,1064,True,unique_exact
1,1054,1065,11,1065,True,unique_exact
1,1055,1066,11,1066,True,unique_exact
1,1056,1067,11,1067,True,unique_exact
1,1057,1068,11,1068,True,unique_exact
1,1058,1069,11,1069,True,unique_exact
1,1059,1070,11,1070,True,unique_exact
1,1060,1071,11,1071,True,unique_exact
1,1061,1072,11,1072,True,unique_exact
1,1062,1073,11,1073,True,unique_exact
1,1063,1074,11,1074,True,unique_exact
1,1064,1075,11,1075,True,unique_exact
1,1065,1076,11,1076,True,unique_exact
1,1066,1077,11,1077,True,unique_exact
1,1067,1078,11,1078,True,unique_exact
1,1068,1079,11,1079,True,unique_exact
1,1069,1080,11,1080,True,unique_exact
1,1070,1081,11,1081,True,unique_exact
1,1071,1082,11,1082,True,unique_exact
1,1072,1083,11,1083,True,unique_exact
1,1073,1084,11,1084,True,unique_exact
1,1074,1085,11,1085,True,unique_exact
1,1075,1086,11,1086,True,unique_exact
1,1076,1087,11,1087,True,unique_exact
1,1077,1088,11,1088,True,unique_exact
1,1078,1089,11,1089,True,unique_exact
1,1079,1090,11,1090,True,unique_exact
1,1080,1091,11,1091,True,unique_exact
1,1081,1092,11,1092,True,unique_exact
1,1082,1093,11,1093,True,unique_exact
1,1083,1094,11,1094,True,unique_exact
1,1084,1095,11,1095,True,unique_exact
1,1085,1096,11,1096,True,unique_exact
1,1086,1097,11,1097,True,unique_exact
1,1087,1098,11,1098,True,unique_exact
1,1088,1099,11,1099,True,unique_exact
1,1089,1100,11,1100,True,unique_exact
1,1090,1101,11,1101,True,unique_exact
1,1091,1102,11,1102,True,unique_exact
1,1092,1103,11,1103,True,unique_exact
1,1093,1104,11,1104,True,unique_exact
1,1094,1105,11,1105,True,unique_exact
1,1095,1106,11,1106,True,unique_exact
1,1096,1107,11,1107,True,unique_exact
1,1097,1108,11,1108,True,unique_exact
1,1098,1109,11,1109,True,unique_exact
1,1099,1110,11,1110,True,unique_exact
1,1100,1111,11,1111,True,unique_exact
1,1101,1112,11,1112,True,unique_exact
1,1102,1113,11,1113,True,unique_exact
1,1103,1114,11,1114,True,unique_exact
1,1104,1115,11,1115,True,unique_exact
1,1105,1116,11,1116,True,unique_exact
1,1106,1117,11,1117,True,unique_exact
1,1107,1118,11,1118,True,unique_exact
1,1108,1119,11,1119,True,unique_exact
1,1109,1120,11,1120,True,unique_exact
1,1110,1121,11,1121,True,unique_exact
1,1111,1122,11,1122,True,unique_exact
1,1112,1123,11,1123,True,unique_exact
1,1113,1124,11,1124,True,unique_exact
1,1114,1125,11,1125,True,unique_exact
1,1115,1126,11,1126,True,unique_exact
1,1116,1127,11,1127,True,unique_exact
1,1117,1128,11,1128,True,unique_exact
1,1118,1129,11,1129,True,unique_exact
1,1119,1130,11,1130,True,unique_exact
1,1120,1131,11,1131,True,unique_exact
1,1121,1132,11,1132,True,unique_exact
1,1122,1133,11,1133,True,unique_exact
1,1123,1134,11,1134,True,unique_exact
1,1124,1135,11,1135,True,unique_exact
1,1125,1136,11,1136,True,unique_exact
1,1126,1137,11,1137,True,unique_exact
1,1127,1138,11,1138,True,unique_exact
1,1128,1139,11,1139,True,unique_exact
1,1129,1140,11,1140,True,unique_exact
1,1130,1141,11,1141,True,unique_exact
1,1131,1142,11,1142,True,unique_exact
1,1132,1143,11,1143,True,unique_exact
1,1133,1144,11,1144,True,unique_exact
1,1134,1145,11,1145,True,unique_exact
1,1135,1146,11,1146,True,unique_exact
1,1136,1147,11,1147,True,unique_exact
1,1137,1148,11,1148,True,unique_exact
1,1138,1149,11,1149,True,unique_exact
1,1139,1150,11,1150,True,unique_exact
1,1140,1151,11,1151,True,unique_exact
1,1141,1152,11,1152,True,unique_exact
1,1142,1153,11,1153,True,unique_exact
1,1143,1154,11,1154,True,unique_exact
1,1144,1155,11,1155,True,unique_exact
1,1145,1156,11,1156,True,unique_exact
1,1146,1157,11,1157,True,unique_exact
1,1147,1158,11,1158,True,unique_exact
1,1148,1159,11,1159,True,unique_exact
1,1149,1160,11,1160,True,unique_exact
1,1150,1161,11,1161,True,unique_exact
1,1151,1162,11,1162,True,unique_exact
1,1152,1163,11,1163,True,unique_exact
1,1153,1164,11,1164,True,unique_exact
1,1154,1165,11,1165,True,unique_exact
1,1155,1166,11,1166,True,unique_exact
1,1156,1167,11,1167,True,unique_exact
1,1157,1168,11,1168,True,unique_exact
1,1158,1169,11,1169,True,unique_exact
1,1159,1170,11,1170,True,unique_exact
1,1160,1171,11,1171,True,unique_exact
1,1161,1172,11,1172,True,unique_exact
1,1162,1173,11,1173,True,unique_exact
1,1163,1174,11,1174,True,unique_exact
1,1164,1175,11,1175,True,unique_exact
1,1165,1176,11,1176,True,unique_exact
1,1166,1177,11,1177,True,unique_exact
1,1167,1178,11,1178,True,unique_exact
1,1168,1179,11,1179,True,unique_exact
1,1169,1180,11,1180,True,unique_exact
1,1170,1181,11,1181,True,unique_exact
1,1171,1182,11,1182,True,unique_exact
1,1172,1183,11,1183,True,unique_exact
1,1173,1184,11,1184,True,unique_exact
1,1174,1185,11,1185,True,unique_exact
1,1175,1186,11,1186,True,unique_exact
1,1176,1187,11,1187,True,unique_exact
1,1177,1188,11,1188,True,unique_exact
1,1178,1189,11,1189,True,unique_exact
1,1179,1190,11,1190,True,unique_exact
1,1180,1191,11,1191,True,unique_exact
1,1181,1192,11,1192,True,unique_exact
1,1182,1193,11,1193,True,unique_exact
1,1183,1194,11,1194,True,unique_exact
1,1184,1195,11,1195,True,unique_exact
1,1185,1196,11,1196,True,unique_exact
1,1186,1197,11,1197,True,unique_exact
1,1187,1198,11,1198,True,unique_exact
1,1188,1199,11,1199,True,unique_exact
1,1189,1200,11,1200,True,unique_exact
1,1190,1201,11,1201,True,unique_exact
1,1191,1202,11,1202,True,unique_exact
1,1192,1203,11,1203,True,unique_exact
1,1193,1204,11,1204,True,unique_exact
1,1194,1205,11,1205,True,unique_exact
1,1195,1206,11,1206,True,unique_exact
1,1196,1207,11,1207,True,unique_exact
1,1197,1208,11,1208,True,unique_exact
1,1198,1209,11,1209,True,unique_exact
1,1199,1210,11,1210,True,unique_exact
1,1200,1211,11,1211,True,unique_exact
1,1201,1212,11,1212,True,unique_exact
1,1202,1213,11,1213,True,unique_exact
1,1203,1214,11,1214,True,unique_exact
1,1204,1215,11,1215,True,unique_exact
1,1205,1216,11,1216,True,unique_exact
1,1206,1217,11,1217,True,unique_exact
1,1207,1218,11,1218,True,unique_exact
1,1208,1219,11,1219,True,unique_exact
1,1209,1220,11,1220,True,unique_exact
1,1210,1221,11,1221,True,unique_exact
1,1211,1222,11,1222,True,unique_exact
1,1212,1223,11,1223,True,unique_exact
1,1213,1224,11,1224,True,unique_exact
1,1214,1225,11,1225,True,unique_exact
1,1215,1226,11,1226,True,unique_exact
1,1216,1227,11,1227,True,unique_exact
1,1217,1228,11,1228,True,unique_exact
1,1218,1229,11,1229,True,unique_exact
1,1219,1230,11,1230,True,unique_exact
1,1220,1231,11,1231,True,unique_exact
1,1221,1232,11,1232,True,unique_exact
1,1222,1233,11,1233,True,unique_exact
1,1223,1234,11,1234,True,unique_exact
1,1224,1235,11,1235,True,unique_exact
1,1225,1236,11,1236,True,unique_exact
1,1226,1237,11,1237,True,unique_exact
1,1227,1238,11,1238,True,unique_exact
1,1228,1239,11,1239,True,unique_exact
1,1229,1240,11,1240,True,unique_exact
1,1230,1241,11,1241,True,unique_exact
1,1231,1242,11,1242,True,unique_exact
1,1232,1243,11,1243,True,unique_exact
1,1233,1244,11,1244,True,unique_exact
1,1234,1245,11,1245,True,unique_exact
1,1235,1246,11,1246,True,unique_exact
1,1236,1247,11,1247,True,unique_exact
1,1237,1248,11,1248,True,unique_exact
1,1238,1249,11,1249,True,unique_exact
1,1239,1250,11,1250,True,unique_exact
1,1240,1251,11,1251,True,unique_exact
1,1241,1252,11,1252,True,unique_exact
1,1242,1253,11,1253,True,unique_exact
1,1243,1254,11,1254,True,unique_exact
1,1244,1255,11,1255,True,unique_exact
1,1245,1256,11,1256,True,unique_exact
1,1246,1257,11,1257,True,unique_exact
1,1247,1258,11,1258,True,unique_exact
1,1248,1259,11,1259,True,unique_exact
1,1249,1260,11,1260,True,unique_exact
1,1250,1261,11,1261,True,unique_exact
1,1251,1262,11,1262,True,unique_exact
1,1252,1263,11,1263,True,unique_exact
1,1253,1264,11,1264,True,unique_exact
1,1254,1265,11,1265,True,unique_exact
1,1255,1266,11,1266,True,unique_exact
1,1256,1267,11,1267,True,unique_exact
1,1257,1268,11,1268,True,unique_exact
1,1258,1269,11,1269,True,unique_exact
1,1259,1270,11,1270,True,unique_exact
1,1260,1271,11,1271,True,unique_exact
1,1261,1272,11,1272,True,unique_exact
1,1262,1273,11,1273,True,unique_exact
1,1263,1274,11,1274,True,unique_exact
1,1264,1275,11,1275,True,unique_exact
1,1265,1276,11,1276,True,unique_exact
1,1266,1277,11,1277,True,unique_exact
1,1267,1278,11,1278,True,unique_exact
1,1268,1279,11,1279,True,unique_exact
1,1269,1280,11,1280,True,unique_exact
1,1270,1281,11,1281,True,unique_exact
1,1271,1282,11,1282,True,unique_exact
1,1272,1283,11,1283,True,unique_exact
1,1273,1284,11,1284,True,unique_exact
1,1274,1285,11,1285,True,unique_exact
1,1275,1286,11,1286,True,unique_exact
1,1276,1287,11,1287,True,unique_exact
1,1277,1288,11,1288,True,unique_exact
1,1278,1289,11,1289,True,unique_exact
1,1279,1290,11,1290,True,unique_exact
1,1280,1291,11,1291,True,unique_exact
1,1281,1292,11,1292,True,unique_exact
1,1282,1293,11,1293,True,unique_exact
1,1283,1294,11,1294,True,unique_exact
1,1284,1295,11,1295,True,unique_exact
1,1285,1296,11,1296,True,unique_exact
1,1286,1297,11,1297,True,unique_exact
1,1287,1298,11,1298,True,unique_exact
1,1288,1299,11,1299,True,unique_exact
1,1289,1300,11,1300,True,unique_exact
1,1290,1301,11,1301,True,unique_exact
1,1291,1302,11,1302,True,unique_exact
1,1292,1303,11,1303,True,unique_exact
1,1293,1304,11,1304,True,unique_exact
1,1294,1305,11,1305,True,unique_exact
1,1295,1306,11,1306,True,unique_exact
1,1296,1307,11,1307,True,unique_exact
1,1297,1308,11,1308,True,unique_exact
1,1298,1309,11,1309,True,unique_exact
1,1299,1310,11,1310,True,unique_exact
1,1300,1311,11,1311,True,unique_exact
1,1301,1312,11,1312,True,unique_exact
1,1302,1313,11,1313,True,unique_exact
1,1303,1314,11,1314,True,unique_exact
1,1304,1315,11,1315,True,unique_exact
1,1305,1316,11,1316,True,unique_exact
1,1306,1317,11,1317,True,unique_exact
1,1307,1318,11,1318,True,unique_exact
1,1308,1319,11,1319,True,unique_exact
1,1309,1320,11,1320,True,unique_exact
1,1310,1321,11,1321,True,unique_exact
1,1311,1322,11,1322,True,unique_exact
1,1312,1323,11,1323,True,unique_exact
1,1313,1324,11,1324,True,unique_exact
1,1314,1325,11,1325,True,unique_exact
1,1315,1326,11,1326,True,unique_exact
1,1316,1327,11,1327,True,unique_exact
1,1317,1328,11,1328,True,unique_exact
1,1318,1329,11,1329,True,unique_exact
1,1319,1330,11,1330,True,unique_exact
1,1320,1331,11,1331,True,unique_exact
1,1321,1332,11,1332,True,unique_exact
1,1322,1333,11,1333,True,unique_exact
1,1323,1334,11,1334,True,unique_exact
1,1324,1335,11,1335,True,unique_exact
1,1325,1336,11,1336,True,unique_exact
1,1326,1337,11,1337,True,unique_exact
1,1327,1338,11,1338,True,unique_exact
1,1328,1339,11,1339,True,unique_exact
1,1329,1340,11,1340,True,unique_exact
1,1330,1341,11,1341,True,unique_exact
1,1331,1342,11,1342,True,unique_exact
1,1332,1343,11,1343,True,unique_exact
1,1333,1344,11,1344,True,unique_exact
1,1334,1345,11,1345,True,unique_exact
1,1335,1346,11,1346,True,unique_exact
1,1336,1347,11,1347,True,unique_exact
1,1337,1348,11,1348,True,unique_exact
1,1338,1349,11,1349,True,unique_exact
1,1339,1350,11,1350,True,unique_exact
1,1340,1351,11,1351,True,unique_exact
1,1341,1352,11,1352,True,unique_exact
1,1342,1353,11,1353,True,unique_exact
1,1343,1354,11,1354,True,unique_exact
1,1344,1355,11,1355,True,unique_exact
1,1345,1356,11,1356,True,unique_exact
1,1346,1357,11,1357,True,unique_exact
1,1347,1358,11,1358,True,unique_exact
1,1348,1359,11,1359,True,unique_exact
1,1349,1360,11,1360,True,unique_exact
1,1350,1361,11,1361,True,unique_exact
1,1351,1362,11,1362,True,unique_exact
1,1352,1363,11,1363,True,unique_exact
1,1353,1364,11,1364,True,unique_exact
1,1354,1365,11,1365,True,unique_exact
1,1355,1366,11,1366,True,unique_exact
1,1356,1367,11,1367,True,unique_exact
1,1357,1368,11,1368,True,unique_exact
1,1358,1369,11,1369,True,unique_exact
1,1359,1370,11,1370,True,unique_exact
1,1360,1371,11,1371,True,unique_exact
1,1361,1372,11,1372,True,unique_exact
1,1362,1373,11,1373,True,unique_exact
1,1363,1374,11,1374,True,unique_exact
1,1364,1375,11,1375,True,unique_exact
1,1365,1376,11,1376,True,unique_exact
1,1366,1377,11,1377,True,unique_exact
1,1367,1378,11,1378,True,unique_exact
1,1368,1379,11,1379,True,unique_exact
1,1369,1380,11,1380,True,unique_exact
1,1370,1381,11,1381,True,unique_exact
1,1371,1382,11,1382,True,unique_exact
1,1372,1383,11,1383,True,unique_exact
1,1373,1384,11,1384,True,unique_exact
1,1374,1385,11,1385,True,unique_exact
1,1375,1386,11,1386,True,unique_exact
1,1376,1387,11,1387,True,unique_exact
1,1377,1388,11,1388,True,unique_exact
1,1378,1389,11,1389,True,unique_exact
1,1379,1390,11,1390,True,unique_exact
1,1380,1391,11,1391,True,unique_exact
1,1381,1392,11,1392,True,unique_exact
1,1382,1393,11,1393,True,unique_exact
1,1383,1394,11,1394,True,unique_exact
1,1384,1395,11,1395,True,unique_exact
1,1385,1396,11,1396,True,unique_exact
1,1386,1397,11,1397,True,unique_exact
1,1387,1398,11,1398,True,unique_exact
1,1388,1399,11,1399,True,unique_exact
1,1389,1400,11,1400,True,unique_exact
1,1390,1401,11,1401,True,unique_exact
1,1391,1402,11,1402,True,unique_exact
1,1392,1403,11,1403,True,unique_exact
1,1393,1404,11,1404,True,unique_exact
1,1394,1405,11,1405,True,unique_exact
1,1395,1406,11,1406,True,unique_exact
1,1396,1407,11,1407,True,unique_exact
1,1397,1408,11,1408,True,unique_exact
1,1398,1409,11,1409,True,unique_exact
1,1399,1410,11,1410,True,unique_exact
1,1400,1411,11,1411,True,unique_exact
1,1401,1412,11,1412,True,unique_exact
1,1402,1413,11,1413,True,unique_exact
1,1403,1414,11,1414,True,unique_exact
1,1404,1415,11,1415,True,unique_exact
1,1405,1416,11,1416,True,unique_exact
1,1406,1417,11,1417,True,unique_exact
1,1407,1418,11,1418,True,unique_exact
1,1408,1419,11,1419,True,unique_exact
1,1409,1420,11,1420,True,unique_exact
1,1410,1421,11,1421,True,unique_exact
1,1411,1422,11,1422,True,unique_exact
1,1412,1423,11,1423,True,unique_exact
1,1413,1424,11,1424,True,unique_exact
1,1414,1425,11,1425,True,unique_exact
1,1415,1426,11,1426,True,unique_exact
1,1416,1427,11,1427,True,unique_exact
1,1417,1428,11,1428,True,unique_exact
1,1418,1429,11,1429,True,unique_exact
1,1419,1430,11,1430,True,unique_exact
1,1420,1431,11,1431,True,unique_exact
1,1421,1432,11,1432,True,unique_exact
1,1422,1433,11,1433,True,unique_exact
1,1423,1434,11,1434,True,unique_exact
1,1424,1435,11,1435,True,unique_exact
1,1425,1436,11,1436,True,unique_exact
1,1426,1437,11,1437,True,unique_exact
1,1427,1438,11,1438,True,unique_exact
1,1428,1439,11,1439,True,unique_exact
1,1429,1440,11,1440,True,unique_exact
1,1430,1441,11,1441,True,unique_exact
1,1431,1442,11,1442,True,unique_exact
1,1432,1443,11,1443,True,unique_exact
1,1433,1444,11,1444,True,unique_exact
1,1434,1445,11,1445,True,unique_exact
1,1435,1446,11,1446,True,unique_exact
1,1436,1447,11,1447,True,unique_exact
1,1437,1448,11,1448,True,unique_exact
1,1438,1449,11,1449,True,unique_exact
1,1439,1450,11,1450,True,unique_exact
1,1440,1451,11,1451,True,unique_exact
1,1441,1452,11,1452,True,unique_exact
1,1442,1453,11,1453,True,unique_exact
1,1443,1454,11,1454,True,unique_exact
1,1444,1455,11,1455,True,unique_exact
1,1445,1456,11,1456,True,unique_exact
1,1446,1457,11,1457,True,unique_exact
1,1447,1458,11,1458,True,unique_exact
1,1448,1459,11,1459,True,unique_exact
1,1449,1460,11,1460,True,unique_exact
1,1450,1461,11,1461,True,unique_exact
1,1451,1462,11,1462,True,unique_exact
1,1452,1463,11,1463,True,unique_exact
1,1453,1464,11,1464,True,unique_exact
1,1454,1465,11,1465,True,unique_exact
1,1455,1466,11,1466,True,unique_exact
1,1456,1467,11,1467,True,unique_exact
1,1457,1468,11,1468,True,unique_exact
1,1458,1469,11,1469,True,unique_exact
1,1459,1470,11,1470,True,unique_exact
1,1460,1471,11,1471,True,unique_exact
1,1461,1472,11,1472,True,unique_exact
1,1462,1473,11,1473,True,unique_exact
1,1463,1474,11,1474,True,unique_exact
1,1464,1475,11,1475,True,unique_exact
1,1465,1476,11,1476,True,unique_exact
1,1466,1477,11,1477,True,unique_exact
1,1467,1478,11,1478,True,unique_exact
1,1468,1479,11,1479,True,unique_exact
1,1469,1480,11,1480,True,unique_exact
1,1470,1481,11,1481,True,unique_exact
1,1471,1482,11,1482,True,unique_exact
1,1472,1483,11,1483,True,unique_exact
1,1473,1484,11,1484,True,unique_exact
1,1474,1485,11,1485,True,unique_exact
1,1475,1486,11,1486,True,unique_exact
1,1476,1487,11,1487,True,unique_exact
1,1477,1488,11,1488,True,unique_exact
1,1478,1489,11,1489,True,unique_exact
1,1479,1490,11,1490,True,unique_exact
1,1480,1491,11,1491,True,unique_exact
1,1481,1492,11,1492,True,unique_exact
1,1482,1493,11,1493,True,unique_exact
1,1483,1494,11,1494,True,unique_exact
1,1484,1495,11,1495,True,unique_exact
1,1485,1496,11,1496,True,unique_exact
1,1486,1497,11,1497,True,unique_exact
1,1487,1498,11,1498,True,unique_exact
1,1488,1499,11,1499,True,unique_exact
1,1489,1500,11,1500,True,unique_exact
1,1490,1501,11,1501,True,unique_exact
1,1491,1502,11,1502,True,unique_exact
1,1492,1503,11,1503,True,unique_exact
1,1493,1504,11,1504,True,unique_exact
1,1494,1505,11,1505,True,unique_exact
1,1495,1506,11,1506,True,unique_exact
1,1496,1507,11,1507,True,unique_exact
1,1497,1508,11,1508,True,unique_exact
1,1498,1509,11,1509,True,unique_exact
1,1499,1510,11,1510,True,unique_exact
1,1500,1511,11,1511,True,unique_exact
1,1501,1512,11,1512,True,unique_exact
2,1500,1509,9,1509,True,unique_exact
2,1501,1510,9,1510,True,unique_exact
2,1502,1511,9,1511,True,unique_exact
2,1503,1512,9,1512,True,unique_exact
2,1504,1513,9,1513,True,unique_exact
2,1505,1514,9,1514,True,unique_exact
2,1506,1515,9,1515,True,unique_exact
2,1507,1516,9,1516,True,unique_exact
2,1508,1517,9,1517,True,unique_exact
2,1509,1518,9,1518,True,unique_exact
2,1510,1519,9,1519,True,unique_exact
2,1511,1520,9,1520,True,unique_exact
2,1512,1521,9,1521,True,unique_exact
2,1513,1522,9,1522,True,unique_exact
2,1514,1523,9,1523,True,unique_exact
2,1515,1524,9,1524,True,unique_exact
2,1516,1525,9,1525,True,unique_exact
2,1517,1526,9,1526,True,unique_exact
2,1518,1527,9,1527,True,unique_exact
2,1519,1528,9,1528,True,unique_exact
2,1520,1529,9,1529,True,unique_exact
2,1521,1530,9,1530,True,unique_exact
2,1522,1531,9,1531,True,unique_exact
2,1523,1532,9,1532,True,unique_exact
2,1524,1533,9,1533,True,unique_exact
2,1525,1534,9,1534,True,unique_exact
2,1526,1535,9,1535,True,unique_exact
2,1527,1536,9,1536,True,unique_exact
2,1528,1537,9,1537,True,unique_exact
2,1529,1538,9,1538,True,unique_exact
2,1530,1539,9,1539,True,unique_exact
2,1531,1540,9,1540,True,unique_exact
2,1532,1541,9,1541,True,unique_exact
2,1533,1542,9,1542,True,unique_exact
2,1534,1543,9,1543,True,unique_exact
2,1535,1544,9,1544,True,unique_exact
2,1536,1545,9,1545,True,unique_exact
2,1537,1546,9,1546,True,unique_exact
2,1538,1547,9,1547,True,unique_exact
2,1539,1548,9,1548,True,unique_exact
2,1540,1549,9,1549,True,unique_exact
2,1541,1550,9,1550,True,unique_exact
2,1542,1551,9,1551,True,unique_exact
2,1543,1552,9,1552,True,unique_exact
2,1544,1553,9,1553,True,unique_exact
2,1545,1554,9,1554,True,unique_exact
2,1546,1555,9,1555,True,unique_exact
2,1547,1556,9,1556,True,unique_exact
2,1548,1557,9,1557,True,unique_exact
2,1549,1558,9,1558,True,unique_exact
2,1550,1559,9,1559,True,unique_exact
2,1551,1560,9,1560,True,unique_exact
2,1552,1561,9,1561,True,unique_exact
2,1553,1562,9,1562,True,unique_exact
2,1554,1563,9,1563,True,unique_exact
2,1555,1564,9,1564,True,unique_exact
2,1556,1565,9,1565,True,unique_exact
2,1557,1566,9,1566,True,unique_exact
2,1558,1567,9,1567,True,unique_exact
2,1559,1568,9,1568,True,unique_exact
2,1560,1569,9,1569,True,unique_exact
2,1561,1570,9,1570,True,unique_exact
2,1562,1571,9,1571,True,unique_exact
2,1563,1572,9,1572,True,unique_exact
2,1564,1573,9,1573,True,unique_exact
2,1565,1574,9,1574,True,unique_exact
2,1566,1575,9,1575,True,unique_exact
2,1567,1576,9,1576,True,unique_exact
2,1568,1577,9,1577,True,unique_exact
2,1569,1578,9,1578,True,unique_exact
2,1570,1579,9,1579,True,unique_exact
2,1571,1580,9,1580,True,unique_exact
2,1572,1581,9,1581,True,unique_exact
2,1573,1582,9,1582,True,unique_exact
2,1574,1583,9,1583,True,unique_exact
2,1575,1584,9,1584,True,unique_exact
2,1576,1585,9,1585,True,unique_exact
2,1577,1586,9,1586,True,unique_exact
2,1578,1587,9,1587,True,unique_exact
2,1579,1588,9,1588,True,unique_exact
2,1580,1589,9,1589,True,unique_exact
2,1581,1590,9,1590,True,unique_exact
2,1582,1591,9,1591,True,unique_exact
2,1583,1592,9,1592,True,unique_exact
2,1584,1593,9,1593,True,unique_exact
2,1585,1594,9,1594,True,unique_exact
2,1586,1595,9,1595,True,unique_exact
2,1587,1596,9,1596,True,unique_exact
2,1588,1597,9,1597,True,unique_exact
2,1589,1598,9,1598,True,unique_exact
2,1590,1599,9,1599,True,unique_exact
2,1591,1600,9,1600,True,unique_exact
2,1592,1601,9,1601,True,unique_exact
2,1593,1602,9,1602,True,unique_exact
2,1594,1603,9,1603,True,unique_exact
2,1595,1604,9,1604,True,unique_exact
2,1596,1605,9,1605,True,unique_exact
2,1597,1606,9,1606,True,unique_exact
2,1598,1607,9,1607,True,unique_exact
2,1599,1608,9,1608,True,unique_exact
2,1600,1609,9,1609,True,unique_exact
2,1601,1610,9,1610,True,unique_exact
2,1602,1611,9,1611,True,unique_exact
2,1603,1612,9,1612,True,unique_exact
2,1604,1613,9,1613,True,unique_exact
2,1605,1614,9,1614,True,unique_exact
2,1606,1615,9,1615,True,unique_exact
2,1607,1616,9,1616,True,unique_exact
2,1608,1617,9,1617,True,unique_exact
2,1609,1618,9,1618,True,unique_exact
2,1610,1619,9,1619,True,unique_exact
2,1611,1620,9,1620,True,unique_exact
2,1612,1621,9,1621,True,unique_exact
2,1613,1622,9,1622,True,unique_exact
2,1614,1623,9,1623,True,unique_exact
2,1615,1624,9,1624,True,unique_exact
2,1616,1625,9,1625,True,unique_exact
2,1617,1626,9,1626,True,unique_exact
2,1618,1627,9,1627,True,unique_exact
2,1619,1628,9,1628,True,unique_exact
2,1620,1629,9,1629,True,unique_exact
2,1621,1630,9,1630,True,unique_exact
2,1622,1631,9,1631,True,unique_exact
2,1623,1632,9,1632,True,unique_exact
2,1624,1633,9,1633,True,unique_exact
2,1625,1634,9,1634,True,unique_exact
2,1626,1635,9,1635,True,unique_exact
2,1627,1636,9,1636,True,unique_exact
2,1628,1637,9,1637,True,unique_exact
2,1629,1638,9,1638,True,unique_exact
2,1630,1639,9,1639,True,unique_exact
2,1631,1640,9,1640,True,unique_exact
2,1632,1641,9,1641,True,unique_exact
2,1633,1642,9,1642,True,unique_exact
2,1634,1643,9,1643,True,unique_exact
2,1635,1644,9,1644,True,unique_exact
2,1636,1645,9,1645,True,unique_exact
2,1637,1646,9,1646,True,unique_exact
2,1638,1647,9,1647,True,unique_exact
2,1639,1648,9,1648,True,unique_exact
2,1640,1649,9,1649,True,unique_exact
2,1641,1650,9,1650,True,unique_exact
2,1642,1651,9,1651,True,unique_exact
2,1643,1652,9,1652,True,unique_exact
2,1644,1653,9,1653,True,unique_exact
2,1645,1654,9,1654,True,unique_exact
2,1646,1655,9,1655,True,unique_exact
2,1647,1656,9,1656,True,unique_exact
2,1648,1657,9,1657,True,unique_exact
2,1649,1658,9,1658,True,unique_exact
2,1650,1659,9,1659,True,unique_exact
2,1651,1660,9,1660,True,unique_exact
2,1652,1661,9,1661,True,unique_exact
2,1653,1662,9,1662,True,unique_exact
2,1654,1663,9,1663,True,unique_exact
2,1655,1664,9,1664,True,unique_exact
2,1656,1665,9,1665,True,unique_exact
2,1657,1666,9,1666,True,unique_exact
2,1658,1667,9,1667,True,unique_exact
2,1659,1668,9,1668,True,unique_exact
2,1660,1669,9,1669,True,unique_exact
2,1661,1670,9,1670,True,unique_exact
2,1662,1671,9,1671,True,unique_exact
2,1663,1672,9,1672,True,unique_exact
2,1664,1673,9,1673,True,unique_exact
2,1665,1674,9,1674,True,unique_exact
2,1666,1675,9,1675,True,unique_exact
2,1667,1676,9,1676,True,unique_exact
2,1668,1677,9,1677,True,unique_exact
2,1669,1678,9,1678,True,unique_exact
2,1670,1679,9,1679,True,unique_exact
2,1671,1680,9,1680,True,unique_exact
2,1672,1681,9,1681,True,unique_exact
2,1673,1682,9,1682,True,unique_exact
2,1674,1683,9,1683,True,unique_exact
2,1675,1684,9,1684,True,unique_exact
2,1676,1685,9,1685,True,unique_exact
2,1677,1686,9,1686,True,unique_exact
2,1678,1687,9,1687,True,unique_exact
2,1679,1688,9,1688,True,unique_exact
2,1680,1689,9,1689,True,unique_exact
2,1681,1690,9,1690,True,unique_exact
2,1682,1691,9,1691,True,unique_exact
2,1683,1692,9,1692,True,unique_exact
2,1684,1693,9,1693,True,unique_exact
2,1685,1694,9,1694,True,unique_exact
2,1686,1695,9,1695,True,unique_exact
2,1687,1696,9,1696,True,unique_exact
2,1688,1697,9,1697,True,unique_exact
2,1689,1698,9,1698,True,unique_exact
2,1690,1699,9,1699,True,unique_exact
2,1691,1700,9,1700,True,unique_exact
2,1692,1701,9,1701,True,unique_exact
2,1693,1702,9,1702,True,unique_exact
2,1694,1703,9,1703,True,unique_exact
2,1695,1704,9,1704,True,unique_exact
2,1696,1705,9,1705,True,unique_exact
2,1697,1706,9,1706,True,unique_exact
2,1698,1707,9,1707,True,unique_exact
2,1699,1708,9,1708,True,unique_exact
2,1700,1709,9,1709,True,unique_exact
2,1701,1710,9,1710,True,unique_exact
2,1702,1711,9,1711,True,unique_exact
2,1703,1712,9,1712,True,unique_exact
2,1704,1713,9,1713,True,unique_exact
2,1705,1714,9,1714,True,unique_exact
2,1706,1715,9,1715,True,unique_exact
2,1707,1716,9,1716,True,unique_exact
2,1708,1717,9,1717,True,unique_exact
2,1709,1718,9,1718,True,unique_exact
2,1710,1719,9,1719,True,unique_exact
2,1711,1720,9,1720,True,unique_exact
2,1712,1721,9,1721,True,unique_exact
2,1713,1722,9,1722,True,unique_exact
2,1714,1723,9,1723,True,unique_exact
2,1715,1724,9,1724,True,unique_exact
2,1716,1725,9,1725,True,unique_exact
2,1717,1726,9,1726,True,unique_exact
2,1718,1727,9,1727,True,unique_exact
2,1719,1728,9,1728,True,unique_exact
2,1720,1729,9,1729,True,unique_exact
2,1721,1730,9,1730,True,unique_exact
2,1722,1731,9,1731,True,unique_exact
2,1723,1732,9,1732,True,unique_exact
2,1724,1733,9,1733,True,unique_exact
2,1725,1734,9,1734,True,unique_exact
2,1726,1735,9,1735,True,unique_exact
2,1727,1736,9,1736,True,unique_exact
2,1728,1737,9,1737,True,unique_exact
2,1729,1738,9,1738,True,unique_exact
2,1730,1739,9,1739,True,unique_exact
2,1731,1740,9,1740,True,unique_exact
2,1732,1741,9,1741,True,unique_exact
2,1733,1742,9,1742,True,unique_exact
2,1734,1743,9,1743,True,unique_exact
2,1735,1744,9,1744,True,unique_exact
2,1736,1745,9,1745,True,unique_exact
2,1737,1746,9,1746,True,unique_exact
2,1738,1747,9,1747,True,unique_exact
2,1739,1748,9,1748,True,unique_exact
2,1740,1749,9,1749,True,unique_exact
2,1741,1750,9,1750,True,unique_exact
2,1742,1751,9,1751,True,unique_exact
2,1743,1752,9,1752,True,unique_exact
2,1744,1753,9,1753,True,unique_exact
2,1745,1754,9,1754,True,unique_exact
2,1746,1755,9,1755,True,unique_exact
2,1747,1756,9,1756,True,unique_exact
2,1748,1757,9,1757,True,unique_exact
2,1749,1758,9,1758,True,unique_exact
2,1750,1759,9,1759,True,unique_exact
2,1751,1760,9,1760,True,unique_exact
2,1752,1761,9,1761,True,unique_exact
2,1753,1762,9,1762,True,unique_exact
2,1754,1763,9,1763,True,unique_exact
2,1755,1764,9,1764,True,unique_exact
2,1756,1765,9,1765,True,unique_exact
2,1757,1766,9,1766,True,unique_exact
2,1758,1767,9,1767,True,unique_exact
2,1759,1768,9,1768,True,unique_exact
2,1760,1769,9,1769,True,unique_exact
2,1761,1770,9,1770,True,unique_exact
2,1762,1771,9,1771,True,unique_exact
2,1763,1772,9,1772,True,unique_exact
2,1764,1773,9,1773,True,unique_exact
2,1765,1774,9,1774,True,unique_exact
2,1766,1775,9,1775,True,unique_exact
2,1767,1776,9,1776,True,unique_exact
2,1768,1777,9,1777,True,unique_exact
2,1769,1778,9,1778,True,unique_exact
2,1770,1779,9,1779,True,unique_exact
2,1771,1780,9,1780,True,unique_exact
2,1772,1781,9,1781,True,unique_exact
2,1773,1782,9,1782,True,unique_exact
2,1774,1783,9,1783,True,unique_exact
2,1775,1784,9,1784,True,unique_exact
2,1776,1785,9,1785,True,unique_exact
2,1777,1786,9,1786,True,unique_exact
2,1778,1787,9,1787,True,unique_exact
2,1779,1788,9,1788,True,unique_exact
2,1780,1789,9,1789,True,unique_exact
2,1781,1790,9,1790,True,unique_exact
2,1782,1791,9,1791,True,unique_exact
2,1783,1792,9,1792,True,unique_exact
2,1784,1793,9,1793,True,unique_exact
2,1785,1794,9,1794,True,unique_exact
2,1786,1795,9,1795,True,unique_exact
2,1787,1796,9,1796,True,unique_exact
2,1788,1797,9,1797,True,unique_exact
2,1789,1798,9,1798,True,unique_exact
2,1790,1799,9,1799,True,unique_exact
2,1791,1800,9,1800,True,unique_exact
2,1792,1801,9,1801,True,unique_exact
2,1793,1802,9,1802,True,unique_exact
2,1794,1803,9,1803,True,unique_exact
2,1795,1804,9,1804,True,unique_exact
2,1796,1805,9,1805,True,unique_exact
2,1797,1806,9,1806,True,unique_exact
2,1798,1807,9,1807,True,unique_exact
2,1799,1808,9,1808,True,unique_exact
2,1800,1809,9,1809,True,unique_exact
2,1801,1810,9,1810,True,unique_exact
2,1802,1811,9,1811,True,unique_exact
2,1803,1812,9,1812,True,unique_exact
2,1804,1813,9,1813,True,unique_exact
2,1805,1814,9,1814,True,unique_exact
2,1806,1815,9,1815,True,unique_exact
2,1807,1816,9,1816,True,unique_exact
2,1808,1817,9,1817,True,unique_exact
2,1809,1818,9,1818,True,unique_exact
2,1810,1819,9,1819,True,unique_exact
2,1811,1820,9,1820,True,unique_exact
2,1812,1821,9,1821,True,unique_exact
2,1813,1822,9,1822,True,unique_exact
2,1814,1823,9,1823,True,unique_exact
2,1815,1824,9,1824,True,unique_exact
2,1816,1825,9,1825,True,unique_exact
2,1817,1826,9,1826,True,unique_exact
2,1818,1827,9,1827,True,unique_exact
2,1819,1828,9,1828,True,unique_exact
2,1820,1829,9,1829,True,unique_exact
2,1821,1830,9,1830,True,unique_exact
2,1822,1831,9,1831,True,unique_exact
2,1823,1832,9,1832,True,unique_exact
2,1824,1833,9,1833,True,unique_exact
2,1825,1834,9,1834,True,unique_exact
2,1826,1835,9,1835,True,unique_exact
2,1827,1836,9,1836,True,unique_exact
2,1828,1837,9,1837,True,unique_exact
2,1829,1838,9,1838,True,unique_exact
2,1830,1839,9,1839,True,unique_exact
2,1831,1840,9,1840,True,unique_exact
2,1832,1841,9,1841,True,unique_exact
2,1833,1842,9,1842,True,unique_exact
2,1834,1843,9,1843,True,unique_exact
2,1835,1844,9,1844,True,unique_exact
2,1836,1845,9,1845,True,unique_exact
2,1837,1846,9,1846,True,unique_exact
2,1838,1847,9,1847,True,unique_exact
2,1839,1848,9,1848,True,unique_exact
2,1840,1849,9,1849,True,unique_exact
2,1841,1850,9,1850,True,unique_exact
2,1842,1851,9,1851,True,unique_exact
2,1843,1852,9,1852,True,unique_exact
2,1844,1853,9,1853,True,unique_exact
2,1845,1854,9,1854,True,unique_exact
2,1846,1855,9,1855,True,unique_exact
2,1847,1856,9,1856,True,unique_exact
2,1848,1857,9,1857,True,unique_exact
2,1849,1858,9,1858,True,unique_exact
2,1850,1859,9,1859,True,unique_exact
2,1851,1860,9,1860,True,unique_exact
2,1852,1861,9,1861,True,unique_exact
2,1853,1862,9,1862,True,unique_exact
2,1854,1863,9,1863,True,unique_exact
2,1855,1864,9,1864,True,unique_exact
2,1856,1865,9,1865,True,unique_exact
2,1857,1866,9,1866,True,unique_exact
2,1858,1867,9,1867,True,unique_exact
2,1859,1868,9,1868,True,unique_exact
2,1860,1869,9,1869,True,unique_exact
2,1861,1870,9,1870,True,unique_exact
2,1862,1871,9,1871,True,unique_exact
2,1863,1872,9,1872,True,unique_exact
2,1864,1873,9,1873,True,unique_exact
2,1865,1874,9,1874,True,unique_exact
2,1866,1875,9,1875,True,unique_exact
2,1867,1876,9,1876,True,unique_exact
2,1868,1877,9,1877,True,unique_exact
2,1869,1878,9,1878,True,unique_exact
2,1870,1879,9,1879,True,unique_exact
2,1871,1880,9,1880,True,unique_exact
2,1872,1881,9,1881,True,unique_exact
2,1873,1882,9,1882,True,unique_exact
2,1874,1883,9,1883,True,unique_exact
2,1875,1884,9,1884,True,unique_exact
2,1876,1885,9,1885,True,unique_exact
2,1877,1886,9,1886,True,unique_exact
2,1878,1887,9,1887,True,unique_exact
2,1879,1888,9,1888,True,unique_exact
2,1880,1889,9,1889,True,unique_exact
2,1881,1890,9,1890,True,unique_exact
2,1882,1891,9,1891,True,unique_exact
2,1883,1892,9,1892,True,unique_exact
2,1884,1893,9,1893,True,unique_exact
2,1885,1894,9,1894,True,unique_exact
2,1886,1895,9,1895,True,unique_exact
2,1887,1896,9,1896,True,unique_exact
2,1888,1897,9,1897,True,unique_exact
2,1889,1898,9,1898,True,unique_exact
2,1890,1899,9,1899,True,unique_exact
2,1891,1900,9,1900,True,unique_exact
2,1892,1901,9,1901,True,unique_exact
2,1893,1902,9,1902,True,unique_exact
2,1894,1903,9,1903,True,unique_exact
2,1895,1904,9,1904,True,unique_exact
2,1896,1905,9,1905,True,unique_exact
2,1897,1906,9,1906,True,unique_exact
2,1898,1907,9,1907,True,unique_exact
2,1899,1908,9,1908,True,unique_exact
2,1900,1909,9,1909,True,unique_exact
2,1901,1910,9,1910,True,unique_exact
2,1902,1911,9,1911,True,unique_exact
2,1903,1912,9,1912,True,unique_exact
2,1904,1913,9,1913,True,unique_exact
2,1905,1914,9,1914,True,unique_exact
2,1906,1915,9,1915,True,unique_exact
2,1907,1916,9,1916,True,unique_exact
2,1908,1917,9,1917,True,unique_exact
2,1909,1918,9,1918,True,unique_exact
2,1910,1919,9,1919,True,unique_exact
2,1911,1920,9,1920,True,unique_exact
2,1912,1921,9,1921,True,unique_exact
2,1913,1922,9,1922,True,unique_exact
2,1914,1923,9,1923,True,unique_exact
2,1915,1924,9,1924,True,unique_exact
2,1916,1925,9,1925,True,unique_exact
2,1917,1926,9,1926,True,unique_exact
2,1918,1927,9,1927,True,unique_exact
2,1919,1928,9,1928,True,unique_exact
2,1920,1929,9,1929,True,unique_exact
2,1921,1930,9,1930,True,unique_exact
2,1922,1931,9,1931,True,unique_exact
2,1923,1932,9,1932,True,unique_exact
2,1924,1933,9,1933,True,unique_exact
2,1925,1934,9,1934,True,unique_exact
2,1926,1935,9,1935,True,unique_exact
2,1927,1936,9,1936,True,unique_exact
2,1928,1937,9,1937,True,unique_exact
2,1929,1938,9,1938,True,unique_exact
2,1930,1939,9,1939,True,unique_exact
2,1931,1940,9,1940,True,unique_exact
2,1932,1941,9,1941,True,unique_exact
2,1933,1942,9,1942,True,unique_exact
2,1934,1943,9,1943,True,unique_exact
2,1935,1944,9,1944,True,unique_exact
2,1936,1945,9,1945,True,unique_exact
2,1937,1946,9,1946,True,unique_exact
2,1938,1947,9,1947,True,unique_exact
2,1939,1948,9,1948,True,unique_exact
2,1940,1949,9,1949,True,unique_exact
2,1941,1950,9,1950,True,unique_exact
2,1942,1951,9,1951,True,unique_exact
2,1943,1952,9,1952,True,unique_exact
2,1944,1953,9,1953,True,unique_exact
2,1945,1954,9,1954,True,unique_exact
2,1946,1955,9,1955,True,unique_exact
2,1947,1956,9,1956,True,unique_exact
2,1948,1957,9,1957,True,unique_exact
2,1949,1958,9,1958,True,unique_exact
2,1950,1959,9,1959,True,unique_exact
2,1951,1960,9,1960,True,unique_exact
2,1952,1961,9,1961,True,unique_exact
2,1953,1962,9,1962,True,unique_exact
2,1954,1963,9,1963,True,unique_exact
2,1955,1964,9,1964,True,unique_exact
2,1956,1965,9,1965,True,unique_exact
2,1957,1966,9,1966,True,unique_exact
2,1958,1967,9,1967,True,unique_exact
2,1959,1968,9,1968,True,unique_exact
2,1960,1969,9,1969,True,unique_exact
2,1961,1970,9,1970,True,unique_exact
2,1962,1971,9,1971,True,unique_exact
2,1963,1972,9,1972,True,unique_exact
2,1964,1973,9,1973,True,unique_exact
2,1965,1974,9,1974,True,unique_exact
2,1966,1975,9,1975,True,unique_exact
2,1967,1976,9,1976,True,unique_exact
2,1968,1977,9,1977,True,unique_exact
2,1969,1978,9,1978,True,unique_exact
2,1970,1979,9,1979,True,unique_exact
2,1971,1980,9,1980,True,unique_exact
2,1972,1981,9,1981,True,unique_exact
2,1973,1982,9,1982,True,unique_exact
2,1974,1983,9,1983,True,unique_exact
2,1975,1984,9,1984,True,unique_exact
2,1976,1985,9,1985,True,unique_exact
2,1977,1986,9,1986,True,unique_exact
2,1978,1987,9,1987,True,unique_exact
2,1979,1988,9,1988,True,unique_exact
2,1980,1989,9,1989,True,unique_exact
2,1981,1990,9,1990,True,unique_exact
2,1982,1991,9,1991,True,unique_exact
2,1983,1992,9,1992,True,unique_exact
2,1984,1993,9,1993,True,unique_exact
2,1985,1994,9,1994,True,unique_exact
2,1986,1995,9,1995,True,unique_exact
2,1987,1996,9,1996,True,unique_exact
2,1988,1997,9,1997,True,unique_exact
2,1989,1998,9,1998,True,unique_exact
2,1990,1999,9,1999,True,unique_exact
2,1991,2000,9,2000,True,unique_exact
2,1992,2001,9,2001,True,unique_exact
2,1993,2002,9,2002,True,unique_exact
2,1994,2003,9,2003,True,unique_exact
2,1995,2004,9,2004,True,unique_exact
2,1996,2005,9,2005,True,unique_exact
2,1997,2006,9,2006,True,unique_exact
2,1998,2007,9,2007,True,unique_exact
2,1999,2008,9,2008,True,unique_exact
2,2000,2009,9,2009,True,unique_exact
2,2001,2010,9,2010,True,unique_exact
2,2002,2011,9,2011,True,unique_exact
2,2003,2012,9,2012,True,unique_exact
2,2004,2013,9,2013,True,unique_exact
2,2005,2014,9,2014,True,unique_exact
2,2006,2015,9,2015,True,unique_exact
2,2007,2016,9,2016,True,unique_exact
2,2008,2017,9,2017,True,unique_exact
2,2009,2018,9,2018,True,unique_exact
2,2010,2019,9,2019,True,unique_exact
2,2011,2020,9,2020,True,unique_exact
2,2012,2021,9,2021,True,unique_exact
2,2013,2022,9,2022,True,unique_exact
2,2014,2023,9,2023,True,unique_exact
2,2015,2024,9,2024,True,unique_exact
2,2016,2025,9,2025,True,unique_exact
2,2017,2026,9,2026,True,unique_exact
2,2018,2027,9,2027,True,unique_exact
2,2019,2028,9,2028,True,unique_exact
2,2020,2029,9,2029,True,unique_exact
2,2021,2030,9,2030,True,unique_exact
2,2022,2031,9,2031,True,unique_exact
2,2023,2032,9,2032,True,unique_exact
2,2024,2033,9,2033,True,unique_exact
2,2025,2034,9,2034,True,unique_exact
2,2026,2035,9,2035,True,unique_exact
2,2027,2036,9,2036,True,unique_exact
2,2028,2037,9,2037,True,unique_exact
2,2029,2038,9,2038,True,unique_exact
2,2030,2039,9,2039,True,unique_exact
2,2031,2040,9,2040,True,unique_exact
2,2032,2041,9,2041,True,unique_exact
2,2033,2042,9,2042,True,unique_exact
2,2034,2043,9,2043,True,unique_exact
2,2035,2044,9,2044,True,unique_exact
2,2036,2045,9,2045,True,unique_exact
2,2037,2046,9,2046,True,unique_exact
2,2038,2047,9,2047,True,unique_exact
2,2039,2048,9,2048,True,unique_exact
2,2040,2049,9,2049,True,unique_exact
2,2041,2050,9,2050,True,unique_exact
2,2042,2051,9,2051,True,unique_exact
2,2043,2052,9,2052,True,unique_exact
2,2044,2053,9,2053,True,unique_exact
2,2045,2054,9,2054,True,unique_exact
2,2046,2055,9,2055,True,unique_exact
2,2047,2056,9,2056,True,unique_exact
2,2048,2057,9,2057,True,unique_exact
2,2049,2058,9,2058,True,unique_exact
2,2050,2059,9,2059,True,unique_exact
2,2051,2060,9,2060,True,unique_exact
2,2052,2061,9,2061,True,unique_exact
2,2053,2062,9,2062,True,unique_exact
2,2054,2063,9,2063,True,unique_exact
2,2055,2064,9,2064,True,unique_exact
2,2056,2065,9,2065,True,unique_exact
2,2057,2066,9,2066,True,unique_exact
2,2058,2067,9,2067,True,unique_exact
2,2059,2068,9,2068,True,unique_exact
2,2060,2069,9,2069,True,unique_exact
2,2061,2070,9,2070,True,unique_exact
2,2062,2071,9,2071,True,unique_exact
2,2063,2072,9,2072,True,unique_exact
2,2064,2073,9,2073,True,unique_exact
2,2065,2074,9,2074,True,unique_exact
2,2066,2075,9,2075,True,unique_exact
2,2067,2076,9,2076,True,unique_exact
2,2068,2077,9,2077,True,unique_exact
2,2069,2078,9,2078,True,unique_exact
2,2070,2079,9,2079,True,unique_exact
2,2071,2080,9,2080,True,unique_exact
2,2072,2081,9,2081,True,unique_exact
2,2073,2082,9,2082,True,unique_exact
2,2074,2083,9,2083,True,unique_exact
2,2075,2084,9,2084,True,unique_exact
2,2076,2085,9,2085,True,unique_exact
2,2077,2086,9,2086,True,unique_exact
2,2078,2087,9,2087,True,unique_exact
2,2079,2088,9,2088,True,unique_exact
2,2080,2089,9,2089,True,unique_exact
2,2081,2090,9,2090,True,unique_exact
2,2082,2091,9,2091,True,unique_exact
2,2083,2092,9,2092,True,unique_exact
2,2084,2093,9,2093,True,unique_exact
2,2085,2094,9,2094,True,unique_exact
2,2086,2095,9,2095,True,unique_exact
2,2087,2096,9,2096,True,unique_exact
2,2088,2097,9,2097,True,unique_exact
2,2089,2098,9,2098,True,unique_exact
2,2090,2099,9,2099,True,unique_exact
2,2091,2100,9,2100,True,unique_exact
2,2092,2101,9,2101,True,unique_exact
2,2093,2102,9,2102,True,unique_exact
2,2094,2103,9,2103,True,unique_exact
2,2095,2104,9,2104,True,unique_exact
2,2096,2105,9,2105,True,unique_exact
2,2097,2106,9,2106,True,unique_exact
2,2098,2107,9,2107,True,unique_exact
2,2099,2108,9,2108,True,unique_exact
2,2100,2109,9,2109,True,unique_exact
2,2101,2110,9,2110,True,unique_exact
2,2102,2111,9,2111,True,unique_exact
2,2103,2112,9,2112,True,unique_exact
2,2104,2113,9,2113,True,unique_exact
2,2105,2114,9,2114,True,unique_exact
2,2106,2115,9,2115,True,unique_exact
2,2107,2116,9,2116,True,unique_exact
2,2108,2117,9,2117,True,unique_exact
2,2109,2118,9,2118,True,unique_exact
2,2110,2119,9,2119,True,unique_exact
2,2111,2120,9,2120,True,unique_exact
2,2112,2121,9,2121,True,unique_exact
2,2113,2122,9,2122,True,unique_exact
2,2114,2123,9,2123,True,unique_exact
2,2115,2124,9,2124,True,unique_exact
2,2116,2125,9,2125,True,unique_exact
2,2117,2126,9,2126,True,unique_exact
2,2118,2127,9,2127,True,unique_exact
2,2119,2128,9,2128,True,unique_exact
2,2120,2129,9,2129,True,unique_exact
2,2121,2130,9,2130,True,unique_exact
2,2122,2131,9,2131,True,unique_exact
2,2123,2132,9,2132,True,unique_exact
2,2124,2133,9,2133,True,unique_exact
2,2125,2134,9,2134,True,unique_exact
2,2126,2135,9,2135,True,unique_exact
2,2127,2136,9,2136,True,unique_exact
2,2128,2137,9,2137,True,unique_exact
2,2129,2138,9,2138,True,unique_exact
2,2130,2139,9,2139,True,unique_exact
2,2131,2140,9,2140,True,unique_exact
2,2132,2141,9,2141,True,unique_exact
2,2133,2142,9,2142,True,unique_exact
2,2134,2143,9,2143,True,unique_exact
2,2135,2144,9,2144,True,unique_exact
2,2136,2145,9,2145,True,unique_exact
2,2137,2146,9,2146,True,unique_exact
2,2138,2147,9,2147,True,unique_exact
2,2139,2148,9,2148,True,unique_exact
2,2140,2149,9,2149,True,unique_exact
2,2141,2150,9,2150,True,unique_exact
2,2142,2151,9,2151,True,unique_exact
2,2143,2152,9,2152,True,unique_exact
2,2144,2153,9,2153,True,unique_exact
2,2145,2154,9,2154,True,unique_exact
2,2146,2155,9,2155,True,unique_exact
2,2147,2156,9,2156,True,unique_exact
2,2148,2157,9,2157,True,unique_exact
2,2149,2158,9,2158,True,unique_exact
2,2150,2159,9,2159,True,unique_exact
2,2151,2160,9,2160,True,unique_exact
2,2152,2161,9,2161,True,unique_exact
2,2153,2162,9,2162,True,unique_exact
2,2154,2163,9,2163,True,unique_exact
2,2155,2164,9,2164,True,unique_exact
2,2156,2165,9,2165,True,unique_exact
2,2157,2166,9,2166,True,unique_exact
2,2158,2167,9,2167,True,unique_exact
2,2159,2168,9,2168,True,unique_exact
2,2160,2169,9,2169,True,unique_exact
2,2161,2170,9,2170,True,unique_exact
2,2162,2171,9,2171,True,unique_exact
2,2163,2172,9,2172,True,unique_exact
2,2164,2173,9,2173,True,unique_exact
2,2165,2174,9,2174,True,unique_exact
2,2166,2175,9,2175,True,unique_exact
2,2167,2176,9,2176,True,unique_exact
2,2168,2177,9,2177,True,unique_exact
2,2169,2178,9,2178,True,unique_exact
2,2170,2179,9,2179,True,unique_exact
2,2171,2180,9,2180,True,unique_exact
2,2172,2181,9,2181,True,unique_exact
2,2173,2182,9,2182,True,unique_exact
2,2174,2183,9,2183,True,unique_exact
2,2175,2184,9,2184,True,unique_exact
2,2176,2185,9,2185,True,unique_exact
2,2177,2186,9,2186,True,unique_exact
2,2178,2187,9,2187,True,unique_exact
2,2179,2188,9,2188,True,unique_exact
2,2180,2189,9,2189,True,unique_exact
2,2181,2190,9,2190,True,unique_exact
2,2182,2191,9,2191,True,unique_exact
2,2183,2192,9,2192,True,unique_exact
2,2184,2193,9,2193,True,unique_exact
2,2185,2194,9,2194,True,unique_exact
2,2186,2195,9,2195,True,unique_exact
2,2187,2196,9,2196,True,unique_exact
2,2188,2197,9,2197,True,unique_exact
2,2189,2198,9,2198,True,unique_exact
2,2190,2199,9,2199,True,unique_exact
2,2191,2200,9,2200,True,unique_exact
2,2192,2201,9,2201,True,unique_exact
2,2193,2202,9,2202,True,unique_exact
2,2194,2203,9,2203,True,unique_exact
2,2195,2204,9,2204,True,unique_exact
2,2196,2205,9,2205,True,unique_exact
2,2197,2206,9,2206,True,unique_exact
2,2198,2207,9,2207,True,unique_exact
2,2199,2208,9,2208,True,unique_exact
2,2200,2209,9,2209,True,unique_exact
2,2201,2210,9,2210,True,unique_exact
2,2202,2211,9,2211,True,unique_exact
2,2203,2212,9,2212,True,unique_exact
2,2204,2213,9,2213,True,unique_exact
2,2205,2214,9,2214,True,unique_exact
2,2206,2215,9,2215,True,unique_exact
2,2207,2216,9,2216,True,unique_exact
2,2208,2217,9,2217,True,unique_exact
2,2209,2218,9,2218,True,unique_exact
2,2210,2219,9,2219,True,unique_exact
2,2211,2220,9,2220,True,unique_exact
2,2212,2221,9,2221,True,unique_exact
2,2213,2222,9,2222,True,unique_exact
2,2214,2223,9,2223,True,unique_exact
2,2215,2224,9,2224,True,unique_exact
2,2216,2225,9,2225,True,unique_exact
2,2217,2226,9,2226,True,unique_exact
2,2218,2227,9,2227,True,unique_exact
2,2219,2228,9,2228,True,unique_exact
2,2220,2229,9,2229,True,unique_exact
2,2221,2230,9,2230,True,unique_exact
2,2222,2231,9,2231,True,unique_exact
2,2223,2232,9,2232,True,unique_exact
2,2224,2233,9,2233,True,unique_exact
2,2225,2234,9,2234,True,unique_exact
2,2226,2235,9,2235,True,unique_exact
2,2227,2236,9,2236,True,unique_exact
2,2228,2237,9,2237,True,unique_exact
2,2229,2238,9,2238,True,unique_exact
2,2230,2239,9,2239,True,unique_exact
2,2231,2240,9,2240,True,unique_exact
2,2232,2241,9,2241,True,unique_exact
2,2233,2242,9,2242,True,unique_exact
2,2234,2243,9,2243,True,unique_exact
2,2235,2244,9,2244,True,unique_exact
2,2236,2245,9,2245,True,unique_exact
2,2237,2246,9,2246,True,unique_exact
2,2238,2247,9,2247,True,unique_exact
2,2239,2248,9,2248,True,unique_exact
2,2240,2249,9,2249,True,unique_exact
2,2241,2250,9,2250,True,unique_exact
2,2242,2251,9,2251,True,unique_exact
2,2243,2252,9,2252,True,unique_exact
2,2244,2253,9,2253,True,unique_exact
2,2245,2254,9,2254,True,unique_exact
2,2246,2255,9,2255,True,unique_exact
2,2247,2256,9,2256,True,unique_exact
2,2248,2257,9,2257,True,unique_exact
2,2249,2258,9,2258,True,unique_exact
2,2250,2259,9,2259,True,unique_exact
2,2251,2260,9,2260,True,unique_exact
3,2250,2256,6,2256,True,unique_exact
3,2251,2257,6,2257,True,unique_exact
3,2252,2258,6,2258,True,unique_exact
3,2253,2259,6,2259,True,unique_exact
3,2254,2260,6,2260,True,unique_exact
3,2255,2261,6,2261,True,unique_exact
3,2256,2262,6,2262,True,unique_exact
3,2257,2263,6,2263,True,unique_exact
3,2258,2264,6,2264,True,unique_exact
3,2259,2265,6,2265,True,unique_exact
3,2260,2266,6,2266,True,unique_exact
3,2261,2267,6,2267,True,unique_exact
3,2262,2268,6,2268,True,unique_exact
3,2263,2269,6,2269,True,unique_exact
3,2264,2270,6,2270,True,unique_exact
3,2265,2271,6,2271,True,unique_exact
3,2266,2272,6,2272,True,unique_exact
3,2267,2273,6,2273,True,unique_exact
3,2268,2274,6,2274,True,unique_exact
3,2269,2275,6,2275,True,unique_exact
3,2270,2276,6,2276,True,unique_exact
3,2271,2277,6,2277,True,unique_exact
3,2272,2278,6,2278,True,unique_exact
3,2273,2279,6,2279,True,unique_exact
3,2274,2280,6,2280,True,unique_exact
3,2275,2281,6,2281,True,unique_exact
3,2276,2282,6,2282,True,unique_exact
3,2277,2283,6,2283,True,unique_exact
3,2278,2284,6,2284,True,unique_exact
3,2279,2285,6,2285,True,unique_exact
3,2280,2286,6,2286,True,unique_exact
3,2281,2287,6,2287,True,unique_exact
3,2282,2288,6,2288,True,unique_exact
3,2283,2289,6,2289,True,unique_exact
3,2284,2290,6,2290,True,unique_exact
3,2285,2291,6,2291,True,unique_exact
3,2286,2292,6,2292,True,unique_exact
3,2287,2293,6,2293,True,unique_exact
3,2288,2294,6,2294,True,unique_exact
3,2289,2295,6,2295,True,unique_exact
3,2290,2296,6,2296,True,unique_exact
3,2291,2297,6,2297,True,unique_exact
3,2292,2298,6,2298,True,unique_exact
3,2293,2299,6,2299,True,unique_exact
3,2294,2300,6,2300,True,unique_exact
3,2295,2301,6,2301,True,unique_exact
3,2296,2302,6,2302,True,unique_exact
3,2297,2303,6,2303,True,unique_exact
3,2298,2304,6,2304,True,unique_exact
3,2299,2305,6,2305,True,unique_exact
3,2300,2306,6,2306,True,unique_exact
3,2301,2307,6,2307,True,unique_exact
3,2302,2308,6,2308,True,unique_exact
3,2303,2309,6,2309,True,unique_exact
3,2304,2310,6,2310,True,unique_exact
3,2305,2311,6,2311,True,unique_exact
3,2306,2312,6,2312,True,unique_exact
3,2307,2313,6,2313,True,unique_exact
3,2308,2314,6,2314,True,unique_exact
3,2309,2315,6,2315,True,unique_exact
3,2310,2316,6,2316,True,unique_exact
3,2311,2317,6,2317,True,unique_exact
3,2312,2318,6,2318,True,unique_exact
3,2313,2319,6,2319,True,unique_exact
3,2314,2320,6,2320,True,unique_exact
3,2315,2321,6,2321,True,unique_exact
3,2316,2322,6,2322,True,unique_exact
3,2317,2323,6,2323,True,unique_exact
3,2318,2324,6,2324,True,unique_exact
3,2319,2325,6,2325,True,unique_exact
3,2320,2326,6,2326,True,unique_exact
3,2321,2327,6,2327,True,unique_exact
3,2322,2328,6,2328,True,unique_exact
3,2323,2329,6,2329,True,unique_exact
3,2324,2330,6,2330,True,unique_exact
3,2325,2331,6,2331,True,unique_exact
3,2326,2332,6,2332,True,unique_exact
3,2327,2333,6,2333,True,unique_exact
3,2328,2334,6,2334,True,unique_exact
3,2329,2335,6,2335,True,unique_exact
3,2330,2336,6,2336,True,unique_exact
3,2331,2337,6,2337,True,unique_exact
3,2332,2338,6,2338,True,unique_exact
3,2333,2339,6,2339,True,unique_exact
3,2334,2340,6,2340,True,unique_exact
3,2335,2341,6,2341,True,unique_exact
3,2336,2342,6,2342,True,unique_exact
3,2337,2343,6,2343,True,unique_exact
3,2338,2344,6,2344,True,unique_exact
3,2339,2345,6,2345,True,unique_exact
3,2340,2346,6,2346,True,unique_exact
3,2341,2347,6,2347,True,unique_exact
3,2342,2348,6,2348,True,unique_exact
3,2343,2349,6,2349,True,unique_exact
3,2344,2350,6,2350,True,unique_exact
3,2345,2351,6,2351,True,unique_exact
3,2346,2352,6,2352,True,unique_exact
3,2347,2353,6,2353,True,unique_exact
3,2348,2354,6,2354,True,unique_exact
3,2349,2355,6,2355,True,unique_exact
3,2350,2356,6,2356,True,unique_exact
3,2351,2357,6,2357,True,unique_exact
3,2352,2358,6,2358,True,unique_exact
3,2353,2359,6,2359,True,unique_exact
3,2354,2360,6,2360,True,unique_exact
3,2355,2361,6,2361,True,unique_exact
3,2356,2362,6,2362,True,unique_exact
3,2357,2363,6,2363,True,unique_exact
3,2358,2364,6,2364,True,unique_exact
3,2359,2365,6,2365,True,unique_exact
3,2360,2366,6,2366,True,unique_exact
3,2361,2367,6,2367,True,unique_exact
3,2362,2368,6,2368,True,unique_exact
3,2363,2369,6,2369,True,unique_exact
3,2364,2370,6,2370,True,unique_exact
3,2365,2371,6,2371,True,unique_exact
3,2366,2372,6,2372,True,unique_exact
3,2367,2373,6,2373,True,unique_exact
3,2368,2374,6,2374,True,unique_exact
3,2369,2375,6,2375,True,unique_exact
3,2370,2376,6,2376,True,unique_exact
3,2371,2377,6,2377,True,unique_exact
3,2372,2378,6,2378,True,unique_exact
3,2373,2379,6,2379,True,unique_exact
3,2374,2380,6,2380,True,unique_exact
3,2375,2381,6,2381,True,unique_exact
3,2376,2382,6,2382,True,unique_exact
3,2377,2383,6,2383,True,unique_exact
3,2378,2384,6,2384,True,unique_exact
3,2379,2385,6,2385,True,unique_exact
3,2380,2386,6,2386,True,unique_exact
3,2381,2387,6,2387,True,unique_exact
3,2382,2388,6,2388,True,unique_exact
3,2383,2389,6,2389,True,unique_exact
3,2384,2390,6,2390,True,unique_exact
3,2385,2391,6,2391,True,unique_exact
3,2386,2392,6,2392,True,unique_exact
3,2387,2393,6,2393,True,unique_exact
3,2388,2394,6,2394,True,unique_exact
3,2389,2395,6,2395,True,unique_exact
3,2390,2396,6,2396,True,unique_exact
3,2391,2397,6,2397,True,unique_exact
3,2392,2398,6,2398,True,unique_exact
3,2393,2399,6,2399,True,unique_exact
3,2394,2400,6,2400,True,unique_exact
3,2395,2401,6,2401,True,unique_exact
3,2396,2402,6,2402,True,unique_exact
3,2397,2403,6,2403,True,unique_exact
3,2398,2404,6,2404,True,unique_exact
3,2399,2405,6,2405,True,unique_exact
3,2400,2406,6,2406,True,unique_exact
3,2401,2407,6,2407,True,unique_exact
3,2402,2408,6,2408,True,unique_exact
3,2403,2409,6,2409,True,unique_exact
3,2404,2410,6,2410,True,unique_exact
3,2405,2411,6,2411,True,unique_exact
3,2406,2412,6,2412,True,unique_exact
3,2407,2413,6,2413,True,unique_exact
3,2408,2414,6,2414,True,unique_exact
3,2409,2415,6,2415,True,unique_exact
3,2410,2416,6,2416,True,unique_exact
3,2411,2417,6,2417,True,unique_exact
3,2412,2418,6,2418,True,unique_exact
3,2413,2419,6,2419,True,unique_exact
3,2414,2420,6,2420,True,unique_exact
3,2415,2421,6,2421,True,unique_exact
3,2416,2422,6,2422,True,unique_exact
3,2417,2423,6,2423,True,unique_exact
3,2418,2424,6,2424,True,unique_exact
3,2419,2425,6,2425,True,unique_exact
3,2420,2426,6,2426,True,unique_exact
3,2421,2427,6,2427,True,unique_exact
3,2422,2428,6,2428,True,unique_exact
3,2423,2429,6,2429,True,unique_exact
3,2424,2430,6,2430,True,unique_exact
3,2425,2431,6,2431,True,unique_exact
3,2426,2432,6,2432,True,unique_exact
3,2427,2433,6,2433,True,unique_exact
3,2428,2434,6,2434,True,unique_exact
3,2429,2435,6,2435,True,unique_exact
3,2430,2436,6,2436,True,unique_exact
3,2431,2437,6,2437,True,unique_exact
3,2432,2438,6,2438,True,unique_exact
3,2433,2439,6,2439,True,unique_exact
3,2434,2440,6,2440,True,unique_exact
3,2435,2441,6,2441,True,unique_exact
3,2436,2442,6,2442,True,unique_exact
3,2437,2443,6,2443,True,unique_exact
3,2438,2444,6,2444,True,unique_exact
3,2439,2445,6,2445,True,unique_exact
3,2440,2446,6,2446,True,unique_exact
3,2441,2447,6,2447,True,unique_exact
3,2442,2448,6,2448,True,unique_exact
3,2443,2449,6,2449,True,unique_exact
3,2444,2450,6,2450,True,unique_exact
3,2445,2451,6,2451,True,unique_exact
3,2446,2452,6,2452,True,unique_exact
3,2447,2453,6,2453,True,unique_exact
3,2448,2454,6,2454,True,unique_exact
3,2449,2455,6,2455,True,unique_exact
3,2450,2456,6,2456,True,unique_exact
3,2451,2457,6,2457,True,unique_exact
3,2452,2458,6,2458,True,unique_exact
3,2453,2459,6,2459,True,unique_exact
3,2454,2460,6,2460,True,unique_exact
3,2455,2461,6,2461,True,unique_exact
3,2456,2462,6,2462,True,unique_exact
3,2457,2463,6,2463,True,unique_exact
3,2458,2464,6,2464,True,unique_exact
3,2459,2465,6,2465,True,unique_exact
3,2460,2466,6,2466,True,unique_exact
3,2461,2467,6,2467,True,unique_exact
3,2462,2468,6,2468,True,unique_exact
3,2463,2469,6,2469,True,unique_exact
3,2464,2470,6,2470,True,unique_exact
3,2465,2471,6,2471,True,unique_exact
3,2466,2472,6,2472,True,unique_exact
3,2467,2473,6,2473,True,unique_exact
3,2468,2474,6,2474,True,unique_exact
3,2469,2475,6,2475,True,unique_exact
3,2470,2476,6,2476,True,unique_exact
3,2471,2477,6,2477,True,unique_exact
3,2472,2478,6,2478,True,unique_exact
3,2473,2479,6,2479,True,unique_exact
3,2474,2480,6,2480,True,unique_exact
3,2475,2481,6,2481,True,unique_exact
3,2476,2482,6,2482,True,unique_exact
3,2477,2483,6,2483,True,unique_exact
3,2478,2484,6,2484,True,unique_exact
3,2479,2485,6,2485,True,unique_exact
3,2480,2486,6,2486,True,unique_exact
3,2481,2487,6,2487,True,unique_exact
3,2482,2488,6,2488,True,unique_exact
3,2483,2489,6,2489,True,unique_exact
3,2484,2490,6,2490,True,unique_exact
3,2485,2491,6,2491,True,unique_exact
3,2486,2492,6,2492,True,unique_exact
3,2487,2493,6,2493,True,unique_exact
3,2488,2494,6,2494,True,unique_exact
3,2489,2495,6,2495,True,unique_exact
3,2490,2496,6,2496,True,unique_exact
3,2491,2497,6,2497,True,unique_exact
3,2492,2498,6,2498,True,unique_exact
3,2493,2499,6,2499,True,unique_exact
3,2494,2500,6,2500,True,unique_exact
3,2495,2501,6,2501,True,unique_exact
3,2496,2502,6,2502,True,unique_exact
3,2497,2503,6,2503,True,unique_exact
3,2498,2504,6,2504,True,unique_exact
3,2499,2505,6,2505,True,unique_exact
3,2500,2506,6,2506,True,unique_exact
3,2501,2507,6,2507,True,unique_exact
3,2502,2508,6,2508,True,unique_exact
3,2503,2509,6,2509,True,unique_exact
3,2504,2510,6,2510,True,unique_exact
3,2505,2511,6,2511,True,unique_exact
3,2506,2512,6,2512,True,unique_exact
3,2507,2513,6,2513,True,unique_exact
3,2508,2514,6,2514,True,unique_exact
3,2509,2515,6,2515,True,unique_exact
3,2510,2516,6,2516,True,unique_exact
3,2511,2517,6,2517,True,unique_exact
3,2512,2518,6,2518,True,unique_exact
3,2513,2519,6,2519,True,unique_exact
3,2514,2520,6,2520,True,unique_exact
3,2515,2521,6,2521,True,unique_exact
3,2516,2522,6,2522,True,unique_exact
3,2517,2523,6,2523,True,unique_exact
3,2518,2524,6,2524,True,unique_exact
3,2519,2525,6,2525,True,unique_exact
3,2520,2526,6,2526,True,unique_exact
3,2521,2527,6,2527,True,unique_exact
3,2522,2528,6,2528,True,unique_exact
3,2523,2529,6,2529,True,unique_exact
3,2524,2530,6,2530,True,unique_exact
3,2525,2531,6,2531,True,unique_exact
3,2526,2532,6,2532,True,unique_exact
3,2527,2533,6,2533,True,unique_exact
3,2528,2534,6,2534,True,unique_exact
3,2529,2535,6,2535,True,unique_exact
3,2530,2536,6,2536,True,unique_exact
3,2531,2537,6,2537,True,unique_exact
3,2532,2538,6,2538,True,unique_exact
3,2533,2539,6,2539,True,unique_exact
3,2534,2540,6,2540,True,unique_exact
3,2535,2541,6,2541,True,unique_exact
3,2536,2542,6,2542,True,unique_exact
3,2537,2543,6,2543,True,unique_exact
3,2538,2544,6,2544,True,unique_exact
3,2539,2545,6,2545,True,unique_exact
3,2540,2546,6,2546,True,unique_exact
3,2541,2547,6,2547,True,unique_exact
3,2542,2548,6,2548,True,unique_exact
3,2543,2549,6,2549,True,unique_exact
3,2544,2550,6,2550,True,unique_exact
3,2545,2551,6,2551,True,unique_exact
3,2546,2552,6,2552,True,unique_exact
3,2547,2553,6,2553,True,unique_exact
3,2548,2554,6,2554,True,unique_exact
3,2549,2555,6,2555,True,unique_exact
3,2550,2556,6,2556,True,unique_exact
3,2551,2557,6,2557,True,unique_exact
3,2552,2558,6,2558,True,unique_exact
3,2553,2559,6,2559,True,unique_exact
3,2554,2560,6,2560,True,unique_exact
3,2555,2561,6,2561,True,unique_exact
3,2556,2562,6,2562,True,unique_exact
3,2557,2563,6,2563,True,unique_exact
3,2558,2564,6,2564,True,unique_exact
3,2559,2565,6,2565,True,unique_exact
3,2560,2566,6,2566,True,unique_exact
3,2561,2567,6,2567,True,unique_exact
3,2562,2568,6,2568,True,unique_exact
3,2563,2569,6,2569,True,unique_exact
3,2564,2570,6,2570,True,unique_exact
3,2565,2571,6,2571,True,unique_exact
3,2566,2572,6,2572,True,unique_exact
3,2567,2573,6,2573,True,unique_exact
3,2568,2574,6,2574,True,unique_exact
3,2569,2575,6,2575,True,unique_exact
3,2570,2576,6,2576,True,unique_exact
3,2571,2577,6,2577,True,unique_exact
3,2572,2578,6,2578,True,unique_exact
3,2573,2579,6,2579,True,unique_exact
3,2574,2580,6,2580,True,unique_exact
3,2575,2581,6,2581,True,unique_exact
3,2576,2582,6,2582,True,unique_exact
3,2577,2583,6,2583,True,unique_exact
3,2578,2584,6,2584,True,unique_exact
3,2579,2585,6,2585,True,unique_exact
3,2580,2586,6,2586,True,unique_exact
3,2581,2587,6,2587,True,unique_exact
3,2582,2588,6,2588,True,unique_exact
3,2583,2589,6,2589,True,unique_exact
3,2584,2590,6,2590,True,unique_exact
3,2585,2591,6,2591,True,unique_exact
3,2586,2592,6,2592,True,unique_exact
3,2587,2593,6,2593,True,unique_exact
3,2588,2594,6,2594,True,unique_exact
3,2589,2595,6,2595,True,unique_exact
3,2590,2596,6,2596,True,unique_exact
3,2591,2597,6,2597,True,unique_exact
3,2592,2598,6,2598,True,unique_exact
3,2593,2599,6,2599,True,unique_exact
3,2594,2600,6,2600,True,unique_exact
3,2595,2601,6,2601,True,unique_exact
3,2596,2602,6,2602,True,unique_exact
3,2597,2603,6,2603,True,unique_exact
3,2598,2604,6,2604,True,unique_exact
3,2599,2605,6,2605,True,unique_exact
3,2600,2606,6,2606,True,unique_exact
3,2601,2607,6,2607,True,unique_exact
3,2602,2608,6,2608,True,unique_exact
3,2603,2609,6,2609,True,unique_exact
3,2604,2610,6,2610,True,unique_exact
3,2605,2611,6,2611,True,unique_exact
3,2606,2612,6,2612,True,unique_exact
3,2607,2613,6,2613,True,unique_exact
3,2608,2614,6,2614,True,unique_exact
3,2609,2615,6,2615,True,unique_exact
3,2610,2616,6,2616,True,unique_exact
3,2611,2617,6,2617,True,unique_exact
3,2612,2618,6,2618,True,unique_exact
3,2613,2619,6,2619,True,unique_exact
3,2614,2620,6,2620,True,unique_exact
3,2615,2621,6,2621,True,unique_exact
3,2616,2622,6,2622,True,unique_exact
3,2617,2623,6,2623,True,unique_exact
3,2618,2624,6,2624,True,unique_exact
3,2619,2625,6,2625,True,unique_exact
3,2620,2626,6,2626,True,unique_exact
3,2621,2627,6,2627,True,unique_exact
3,2622,2628,6,2628,True,unique_exact
3,2623,2629,6,2629,True,unique_exact
3,2624,2630,6,2630,True,unique_exact
3,2625,2631,6,2631,True,unique_exact
3,2626,2632,6,2632,True,unique_exact
3,2627,2633,6,2633,True,unique_exact
3,2628,2634,6,2634,True,unique_exact
3,2629,2635,6,2635,True,unique_exact
3,2630,2636,6,2636,True,unique_exact
3,2631,2637,6,2637,True,unique_exact
3,2632,2638,6,2638,True,unique_exact
3,2633,2639,6,2639,True,unique_exact
3,2634,2640,6,2640,True,unique_exact
3,2635,2641,6,2641,True,unique_exact
3,2636,2642,6,2642,True,unique_exact
3,2637,2643,6,2643,True,unique_exact
3,2638,2644,6,2644,True,unique_exact
3,2639,2645,6,2645,True,unique_exact
3,2640,2646,6,2646,True,unique_exact
3,2641,2647,6,2647,True,unique_exact
3,2642,2648,6,2648,True,unique_exact
3,2643,2649,6,2649,True,unique_exact
3,2644,2650,6,2650,True,unique_exact
3,2645,2651,6,2651,True,unique_exact
3,2646,2652,6,2652,True,unique_exact
3,2647,2653,6,2653,True,unique_exact
3,2648,2654,6,2654,True,unique_exact
3,2649,2655,6,2655,True,unique_exact
3,2650,2656,6,2656,True,unique_exact
3,2651,2657,6,2657,True,unique_exact
3,2652,2658,6,2658,True,unique_exact
3,2653,2659,6,2659,True,unique_exact
3,2654,2660,6,2660,True,unique_exact
3,2655,2661,6,2661,True,unique_exact
3,2656,2662,6,2662,True,unique_exact
3,2657,2663,6,2663,True,unique_exact
3,2658,2664,6,2664,True,unique_exact
3,2659,2665,6,2665,True,unique_exact
3,2660,2666,6,2666,True,unique_exact
3,2661,2667,6,2667,True,unique_exact
3,2662,2668,6,2668,True,unique_exact
3,2663,2669,6,2669,True,unique_exact
3,2664,2670,6,2670,True,unique_exact
3,2665,2671,6,2671,True,unique_exact
3,2666,2672,6,2672,True,unique_exact
3,2667,2673,6,2673,True,unique_exact
3,2668,2674,6,2674,True,unique_exact
3,2669,2675,6,2675,True,unique_exact
3,2670,2676,6,2676,True,unique_exact
3,2671,2677,6,2677,True,unique_exact
3,2672,2678,6,2678,True,unique_exact
3,2673,2679,6,2679,True,unique_exact
3,2674,2680,6,2680,True,unique_exact
3,2675,2681,6,2681,True,unique_exact
3,2676,2682,6,2682,True,unique_exact
3,2677,2683,6,2683,True,unique_exact
3,2678,2684,6,2684,True,unique_exact
3,2679,2685,6,2685,True,unique_exact
3,2680,2686,6,2686,True,unique_exact
3,2681,2687,6,2687,True,unique_exact
3,2682,2688,6,2688,True,unique_exact
3,2683,2689,6,2689,True,unique_exact
3,2684,2690,6,2690,True,unique_exact
3,2685,2691,6,2691,True,unique_exact
3,2686,2692,6,2692,True,unique_exact
3,2687,2693,6,2693,True,unique_exact
3,2688,2694,6,2694,True,unique_exact
3,2689,2695,6,2695,True,unique_exact
3,2690,2696,6,2696,True,unique_exact
3,2691,2697,6,2697,True,unique_exact
3,2692,2698,6,2698,True,unique_exact
3,2693,2699,6,2699,True,unique_exact
3,2694,2700,6,2700,True,unique_exact
3,2695,2701,6,2701,True,unique_exact
3,2696,2702,6,2702,True,unique_exact
3,2697,2703,6,2703,True,unique_exact
3,2698,2704,6,2704,True,unique_exact
3,2699,2705,6,2705,True,unique_exact
3,2700,2706,6,2706,True,unique_exact
3,2701,2707,6,2707,True,unique_exact
3,2702,2708,6,2708,True,unique_exact
3,2703,2709,6,2709,True,unique_exact
3,2704,2710,6,2710,True,unique_exact
3,2705,2711,6,2711,True,unique_exact
3,2706,2712,6,2712,True,unique_exact
3,2707,2713,6,2713,True,unique_exact
3,2708,2714,6,2714,True,unique_exact
3,2709,2715,6,2715,True,unique_exact
3,2710,2716,6,2716,True,unique_exact
3,2711,2717,6,2717,True,unique_exact
3,2712,2718,6,2718,True,unique_exact
3,2713,2719,6,2719,True,unique_exact
3,2714,2720,6,2720,True,unique_exact
3,2715,2721,6,2721,True,unique_exact
3,2716,2722,6,2722,True,unique_exact
3,2717,2723,6,2723,True,unique_exact
3,2718,2724,6,2724,True,unique_exact
3,2719,2725,6,2725,True,unique_exact
3,2720,2726,6,2726,True,unique_exact
3,2721,2727,6,2727,True,unique_exact
3,2722,2728,6,2728,True,unique_exact
3,2723,2729,6,2729,True,unique_exact
3,2724,2730,6,2730,True,unique_exact
3,2725,2731,6,2731,True,unique_exact
3,2726,2732,6,2732,True,unique_exact
3,2727,2733,6,2733,True,unique_exact
3,2728,2734,6,2734,True,unique_exact
3,2729,2735,6,2735,True,unique_exact
3,2730,2736,6,2736,True,unique_exact
3,2731,2737,6,2737,True,unique_exact
3,2732,2738,6,2738,True,unique_exact
3,2733,2739,6,2739,True,unique_exact
3,2734,2740,6,2740,True,unique_exact
3,2735,2741,6,2741,True,unique_exact
3,2736,2742,6,2742,True,unique_exact
3,2737,2743,6,2743,True,unique_exact
3,2738,2744,6,2744,True,unique_exact
3,2739,2745,6,2745,True,unique_exact
3,2740,2746,6,2746,True,unique_exact
3,2741,2747,6,2747,True,unique_exact
3,2742,2748,6,2748,True,unique_exact
3,2743,2749,6,2749,True,unique_exact
3,2744,2750,6,2750,True,unique_exact
3,2745,2751,6,2751,True,unique_exact
3,2746,2752,6,2752,True,unique_exact
3,2747,2753,6,2753,True,unique_exact
3,2748,2754,6,2754,True,unique_exact
3,2749,2755,6,2755,True,unique_exact
3,2750,2756,6,2756,True,unique_exact
3,2751,2757,6,2757,True,unique_exact
3,2752,2758,6,2758,True,unique_exact
3,2753,2759,6,2759,True,unique_exact
3,2754,2760,6,2760,True,unique_exact
3,2755,2761,6,2761,True,unique_exact
3,2756,2762,6,2762,True,unique_exact
3,2757,2763,6,2763,True,unique_exact
3,2758,2764,6,2764,True,unique_exact
3,2759,2765,6,2765,True,unique_exact
3,2760,2766,6,2766,True,unique_exact
3,2761,2767,6,2767,True,unique_exact
3,2762,2768,6,2768,True,unique_exact
3,2763,2769,6,2769,True,unique_exact
3,2764,2770,6,2770,True,unique_exact
3,2765,2771,6,2771,True,unique_exact
3,2766,2772,6,2772,True,unique_exact
3,2767,2773,6,2773,True,unique_exact
3,2768,2774,6,2774,True,unique_exact
3,2769,2775,6,2775,True,unique_exact
3,2770,2776,6,2776,True,unique_exact
3,2771,2777,6,2777,True,unique_exact
3,2772,2778,6,2778,True,unique_exact
3,2773,2779,6,2779,True,unique_exact
3,2774,2780,6,2780,True,unique_exact
3,2775,2781,6,2781,True,unique_exact
3,2776,2782,6,2782,True,unique_exact
3,2777,2783,6,2783,True,unique_exact
3,2778,2784,6,2784,True,unique_exact
3,2779,2785,6,2785,True,unique_exact
3,2780,2786,6,2786,True,unique_exact
3,2781,2787,6,2787,True,unique_exact
3,2782,2788,6,2788,True,unique_exact
3,2783,2789,6,2789,True,unique_exact
3,2784,2790,6,2790,True,unique_exact
3,2785,2791,6,2791,True,unique_exact
3,2786,2792,6,2792,True,unique_exact
3,2787,2793,6,2793,True,unique_exact
3,2788,2794,6,2794,True,unique_exact
3,2789,2795,6,2795,True,unique_exact
3,2790,2796,6,2796,True,unique_exact
3,2791,2797,6,2797,True,unique_exact
3,2792,2798,6,2798,True,unique_exact
3,2793,2799,6,2799,True,unique_exact
3,2794,2800,6,2800,True,unique_exact
3,2795,2801,6,2801,True,unique_exact
3,2796,2802,6,2802,True,unique_exact
3,2797,2803,6,2803,True,unique_exact
3,2798,2804,6,2804,True,unique_exact
3,2799,2805,6,2805,True,unique_exact
3,2800,2806,6,2806,True,unique_exact
3,2801,2807,6,2807,True,unique_exact
3,2802,2808,6,2808,True,unique_exact
3,2803,2809,6,2809,True,unique_exact
3,2804,2810,6,2810,True,unique_exact
3,2805,2811,6,2811,True,unique_exact
3,2806,2812,6,2812,True,unique_exact
3,2807,2813,6,2813,True,unique_exact
3,2808,2814,6,2814,True,unique_exact
3,2809,2815,6,2815,True,unique_exact
3,2810,2816,6,2816,True,unique_exact
3,2811,2817,6,2817,True,unique_exact
3,2812,2818,6,2818,True,unique_exact
3,2813,2819,6,2819,True,unique_exact
3,2814,2820,6,2820,True,unique_exact
3,2815,2821,6,2821,True,unique_exact
3,2816,2822,6,2822,True,unique_exact
3,2817,2823,6,2823,True,unique_exact
3,2818,2824,6,2824,True,unique_exact
3,2819,2825,6,2825,True,unique_exact
3,2820,2826,6,2826,True,unique_exact
3,2821,2827,6,2827,True,unique_exact
3,2822,2828,6,2828,True,unique_exact
3,2823,2829,6,2829,True,unique_exact
3,2824,2830,6,2830,True,unique_exact
3,2825,2831,6,2831,True,unique_exact
3,2826,2832,6,2832,True,unique_exact
3,2827,2833,6,2833,True,unique_exact
3,2828,2834,6,2834,True,unique_exact
3,2829,2835,6,2835,True,unique_exact
3,2830,2836,6,2836,True,unique_exact
3,2831,2837,6,2837,True,unique_exact
3,2832,2838,6,2838,True,unique_exact
3,2833,2839,6,2839,True,unique_exact
3,2834,2840,6,2840,True,unique_exact
3,2835,2841,6,2841,True,unique_exact
3,2836,2842,6,2842,True,unique_exact
3,2837,2843,6,2843,True,unique_exact
3,2838,2844,6,2844,True,unique_exact
3,2839,2845,6,2845,True,unique_exact
3,2840,2846,6,2846,True,unique_exact
3,2841,2847,6,2847,True,unique_exact
3,2842,2848,6,2848,True,unique_exact
3,2843,2849,6,2849,True,unique_exact
3,2844,2850,6,2850,True,unique_exact
3,2845,2851,6,2851,True,unique_exact
3,2846,2852,6,2852,True,unique_exact
3,2847,2853,6,2853,True,unique_exact
3,2848,2854,6,2854,True,unique_exact
3,2849,2855,6,2855,True,unique_exact
3,2850,2856,6,2856,True,unique_exact
3,2851,2857,6,2857,True,unique_exact
3,2852,2858,6,2858,True,unique_exact
3,2853,2859,6,2859,True,unique_exact
3,2854,2860,6,2860,True,unique_exact
3,2855,2861,6,2861,True,unique_exact
3,2856,2862,6,2862,True,unique_exact
3,2857,2863,6,2863,True,unique_exact
3,2858,2864,6,2864,True,unique_exact
3,2859,2865,6,2865,True,unique_exact
3,2860,2866,6,2866,True,unique_exact
3,2861,2867,6,2867,True,unique_exact
3,2862,2868,6,2868,True,unique_exact
3,2863,2869,6,2869,True,unique_exact
3,2864,2870,6,2870,True,unique_exact
3,2865,2871,6,2871,True,unique_exact
3,2866,2872,6,2872,True,unique_exact
3,2867,2873,6,2873,True,unique_exact
3,2868,2874,6,2874,True,unique_exact
3,2869,2875,6,2875,True,unique_exact
3,2870,2876,6,2876,True,unique_exact
3,2871,2877,6,2877,True,unique_exact
3,2872,2878,6,2878,True,unique_exact
3,2873,2879,6,2879,True,unique_exact
3,2874,2880,6,2880,True,unique_exact
3,2875,2881,6,2881,True,unique_exact
3,2876,2882,6,2882,True,unique_exact
3,2877,2883,6,2883,True,unique_exact
3,2878,2884,6,2884,True,unique_exact
3,2879,2885,6,2885,True,unique_exact
3,2880,2886,6,2886,True,unique_exact
3,2881,2887,6,2887,True,unique_exact
3,2882,2888,6,2888,True,unique_exact
3,2883,2889,6,2889,True,unique_exact
3,2884,2890,6,2890,True,unique_exact
3,2885,2891,6,2891,True,unique_exact
3,2886,2892,6,2892,True,unique_exact
3,2887,2893,6,2893,True,unique_exact
3,2888,2894,6,2894,True,unique_exact
3,2889,2895,6,2895,True,unique_exact
3,2890,2896,6,2896,True,unique_exact
3,2891,2897,6,2897,True,unique_exact
3,2892,2898,6,2898,True,unique_exact
3,2893,2899,6,2899,True,unique_exact
3,2894,2900,6,2900,True,unique_exact
3,2895,2901,6,2901,True,unique_exact
3,2896,2902,6,2902,True,unique_exact
3,2897,2903,6,2903,True,unique_exact
3,2898,2904,6,2904,True,unique_exact
3,2899,2905,6,2905,True,unique_exact
3,2900,2906,6,2906,True,unique_exact
3,2901,2907,6,2907,True,unique_exact
3,2902,2908,6,2908,True,unique_exact
3,2903,2909,6,2909,True,unique_exact
3,2904,2910,6,2910,True,unique_exact
3,2905,2911,6,2911,True,unique_exact
3,2906,2912,6,2912,True,unique_exact
3,2907,2913,6,2913,True,unique_exact
3,2908,2914,6,2914,True,unique_exact
3,2909,2915,6,2915,True,unique_exact
3,2910,2916,6,2916,True,unique_exact
3,2911,2917,6,2917,True,unique_exact
3,2912,2918,6,2918,True,unique_exact
3,2913,2919,6,2919,True,unique_exact
3,2914,2920,6,2920,True,unique_exact
3,2915,2921,6,2921,True,unique_exact
3,2916,2922,6,2922,True,unique_exact
3,2917,2923,6,2923,True,unique_exact
3,2918,2924,6,2924,True,unique_exact
3,2919,2925,6,2925,True,unique_exact
3,2920,2926,6,2926,True,unique_exact
3,2921,2927,6,2927,True,unique_exact
3,2922,2928,6,2928,True,unique_exact
3,2923,2929,6,2929,True,unique_exact
3,2924,2930,6,2930,True,unique_exact
3,2925,2931,6,2931,True,unique_exact
3,2926,2932,6,2932,True,unique_exact
3,2927,2933,6,2933,True,unique_exact
3,2928,2934,6,2934,True,unique_exact
3,2929,2935,6,2935,True,unique_exact
3,2930,2936,6,2936,True,unique_exact
3,2931,2937,6,2937,True,unique_exact
3,2932,2938,6,2938,True,unique_exact
3,2933,2939,6,2939,True,unique_exact
3,2934,2940,6,2940,True,unique_exact
3,2935,2941,6,2941,True,unique_exact
3,2936,2942,6,2942,True,unique_exact
3,2937,2943,6,2943,True,unique_exact
3,2938,2944,6,2944,True,unique_exact
3,2939,2945,6,2945,True,unique_exact
3,2940,2946,6,2946,True,unique_exact
3,2941,2947,6,2947,True,unique_exact
3,2942,2948,6,2948,True,unique_exact
3,2943,2949,6,2949,True,unique_exact
3,2944,2950,6,2950,True,unique_exact
3,2945,2951,6,2951,True,unique_exact
3,2946,2952,6,2952,True,unique_exact
3,2947,2953,6,2953,True,unique_exact
3,2948,2954,6,2954,True,unique_exact
3,2949,2955,6,2955,True,unique_exact
3,2950,2956,6,2956,True,unique_exact
3,2951,2957,6,2957,True,unique_exact
3,2952,2958,6,2958,True,unique_exact
3,2953,2959,6,2959,True,unique_exact
3,2954,2960,6,2960,True,unique_exact
3,2955,2961,6,2961,True,unique_exact
3,2956,2962,6,2962,True,unique_exact
3,2957,2963,6,2963,True,unique_exact
3,2958,2964,6,2964,True,unique_exact
3,2959,2965,6,2965,True,unique_exact
3,2960,2966,6,2966,True,unique_exact
3,2961,2967,6,2967,True,unique_exact
3,2962,2968,6,2968,True,unique_exact
3,2963,2969,6,2969,True,unique_exact
3,2964,2970,6,2970,True,unique_exact
3,2965,2971,6,2971,True,unique_exact
3,2966,2972,6,2972,True,unique_exact
3,2967,2973,6,2973,True,unique_exact
3,2968,2974,6,2974,True,unique_exact
3,2969,2975,6,2975,True,unique_exact
3,2970,2976,6,2976,True,unique_exact
3,2971,2977,6,2977,True,unique_exact
3,2972,2978,6,2978,True,unique_exact
3,2973,2979,6,2979,True,unique_exact
3,2974,2980,6,2980,True,unique_exact
3,2975,2981,6,2981,True,unique_exact
3,2976,2982,6,2982,True,unique_exact
3,2977,2983,6,2983,True,unique_exact
3,2978,2984,6,2984,True,unique_exact
3,2979,2985,6,2985,True,unique_exact
3,2980,2986,6,2986,True,unique_exact
3,2981,2987,6,2987,True,unique_exact
3,2982,2988,6,2988,True,unique_exact
3,2983,2989,6,2989,True,unique_exact
3,2984,2990,6,2990,True,unique_exact
3,2985,2991,6,2991,True,unique_exact
3,2986,2992,6,2992,True,unique_exact
3,2987,2993,6,2993,True,unique_exact
3,2988,2994,6,2994,True,unique_exact
3,2989,2995,6,2995,True,unique_exact
3,2990,2996,6,2996,True,unique_exact
3,2991,2997,6,2997,True,unique_exact
3,2992,2998,6,2998,True,unique_exact
3,2993,2999,6,2999,True,unique_exact
3,2994,3000,6,3000,True,unique_exact
3,2995,3001,6,3001,True,unique_exact
3,2996,3002,6,3002,True,unique_exact
3,2997,3003,6,3003,True,unique_exact
3,2998,3004,6,3004,True,unique_exact
3,2999,3005,6,3005,True,unique_exact
3,3000,3006,6,3006,True,unique_exact
3,3001,3007,6,3007,True,unique_exact
4,3000,3003,3,3003,True,unique_exact
4,3001,3004,3,3004,True,unique_exact
4,3002,3005,3,3005,True,unique_exact
4,3003,3006,3,3006,True,unique_exact
4,3004,3007,3,3007,True,unique_exact
4,3005,3008,3,3008,True,unique_exact
4,3006,3009,3,3009,True,unique_exact
4,3007,3010,3,3010,True,unique_exact
4,3008,3011,3,3011,True,unique_exact
4,3009,3012,3,3012,True,unique_exact
4,3010,3013,3,3013,True,unique_exact
4,3011,3014,3,3014,True,unique_exact
4,3012,3015,3,3015,True,unique_exact
4,3013,3016,3,3016,True,unique_exact
4,3014,3017,3,3017,True,unique_exact
4,3015,3018,3,3018,True,unique_exact
4,3016,3019,3,3019,True,unique_exact
4,3017,3020,3,3020,True,unique_exact
4,3018,3021,3,3021,True,unique_exact
4,3019,3022,3,3022,True,unique_exact
4,3020,3023,3,3023,True,unique_exact
4,3021,3024,3,3024,True,unique_exact
4,3022,3025,3,3025,True,unique_exact
4,3023,3026,3,3026,True,unique_exact
4,3024,3027,3,3027,True,unique_exact
4,3025,3028,3,3028,True,unique_exact
4,3026,3029,3,3029,True,unique_exact
4,3027,3030,3,3030,True,unique_exact
4,3028,3031,3,3031,True,unique_exact
4,3029,3032,3,3032,True,unique_exact
4,3030,3033,3,3033,True,unique_exact
4,3031,3034,3,3034,True,unique_exact
4,3032,3035,3,3035,True,unique_exact
4,3033,3036,3,3036,True,unique_exact
4,3034,3037,3,3037,True,unique_exact
4,3035,3038,3,3038,True,unique_exact
4,3036,3039,3,3039,True,unique_exact
4,3037,3040,3,3040,True,unique_exact
4,3038,3041,3,3041,True,unique_exact
4,3039,3042,3,3042,True,unique_exact
4,3040,3043,3,3043,True,unique_exact
4,3041,3044,3,3044,True,unique_exact
4,3042,3045,3,3045,True,unique_exact
4,3043,3046,3,3046,True,unique_exact
4,3044,3047,3,3047,True,unique_exact
4,3045,3048,3,3048,True,unique_exact
4,3046,3049,3,3049,True,unique_exact
4,3047,3050,3,3050,True,unique_exact
4,3048,3051,3,3051,True,unique_exact
4,3049,3052,3,3052,True,unique_exact
4,3050,3053,3,3053,True,unique_exact
4,3051,3054,3,3054,True,unique_exact
4,3052,3055,3,3055,True,unique_exact
4,3053,3056,3,3056,True,unique_exact
4,3054,3057,3,3057,True,unique_exact
4,3055,3058,3,3058,True,unique_exact
4,3056,3059,3,3059,True,unique_exact
4,3057,3060,3,3060,True,unique_exact
4,3058,3061,3,3061,True,unique_exact
4,3059,3062,3,3062,True,unique_exact
4,3060,3063,3,3063,True,unique_exact
4,3061,3064,3,3064,True,unique_exact
4,3062,3065,3,3065,True,unique_exact
4,3063,3066,3,3066,True,unique_exact
4,3064,3067,3,3067,True,unique_exact
4,3065,3068,3,3068,True,unique_exact
4,3066,3069,3,3069,True,unique_exact
4,3067,3070,3,3070,True,unique_exact
4,3068,3071,3,3071,True,unique_exact
4,3069,3072,3,3072,True,unique_exact
4,3070,3073,3,3073,True,unique_exact
4,3071,3074,3,3074,True,unique_exact
4,3072,3075,3,3075,True,unique_exact
4,3073,3076,3,3076,True,unique_exact
4,3074,3077,3,3077,True,unique_exact
4,3075,3078,3,3078,True,unique_exact
4,3076,3079,3,3079,True,unique_exact
4,3077,3080,3,3080,True,unique_exact
4,3078,3081,3,3081,True,unique_exact
4,3079,3082,3,3082,True,unique_exact
4,3080,3083,3,3083,True,unique_exact
4,3081,3084,3,3084,True,unique_exact
4,3082,3085,3,3085,True,unique_exact
4,3083,3086,3,3086,True,unique_exact
4,3084,3087,3,3087,True,unique_exact
4,3085,3088,3,3088,True,unique_exact
4,3086,3089,3,3089,True,unique_exact
4,3087,3090,3,3090,True,unique_exact
4,3088,3091,3,3091,True,unique_exact
4,3089,3092,3,3092,True,unique_exact
4,3090,3093,3,3093,True,unique_exact
4,3091,3094,3,3094,True,unique_exact
4,3092,3095,3,3095,True,unique_exact
4,3093,3096,3,3096,True,unique_exact
4,3094,3097,3,3097,True,unique_exact
4,3095,3098,3,3098,True,unique_exact
4,3096,3099,3,3099,True,unique_exact
4,3097,3100,3,3100,True,unique_exact
4,3098,3101,3,3101,True,unique_exact
4,3099,3102,3,3102,True,unique_exact
4,3100,3103,3,3103,True,unique_exact
4,3101,3104,3,3104,True,unique_exact
4,3102,3105,3,3105,True,unique_exact
4,3103,3106,3,3106,True,unique_exact
4,3104,3107,3,3107,True,unique_exact
4,3105,3108,3,3108,True,unique_exact
4,3106,3109,3,3109,True,unique_exact
4,3107,3110,3,3110,True,unique_exact
4,3108,3111,3,3111,True,unique_exact
4,3109,3112,3,3112,True,unique_exact
4,3110,3113,3,3113,True,unique_exact
4,3111,3114,3,3114,True,unique_exact
4,3112,3115,3,3115,True,unique_exact
4,3113,3116,3,3116,True,unique_exact
4,3114,3117,3,3117,True,unique_exact
4,3115,3118,3,3118,True,unique_exact
4,3116,3119,3,3119,True,unique_exact
4,3117,3120,3,3120,True,unique_exact
4,3118,3121,3,3121,True,unique_exact
4,3119,3122,3,3122,True,unique_exact
4,3120,3123,3,3123,True,unique_exact
4,3121,3124,3,3124,True,unique_exact
4,3122,3125,3,3125,True,unique_exact
4,3123,3126,3,3126,True,unique_exact
4,3124,3127,3,3127,True,unique_exact
4,3125,3128,3,3128,True,unique_exact
4,3126,3129,3,3129,True,unique_exact
4,3127,3130,3,3130,True,unique_exact
4,3128,3131,3,3131,True,unique_exact
4,3129,3132,3,3132,True,unique_exact
4,3130,3133,3,3133,True,unique_exact
4,3131,3134,3,3134,True,unique_exact
4,3132,3135,3,3135,True,unique_exact
4,3133,3136,3,3136,True,unique_exact
4,3134,3137,3,3137,True,unique_exact
4,3135,3138,3,3138,True,unique_exact
4,3136,3139,3,3139,True,unique_exact
4,3137,3140,3,3140,True,unique_exact
4,3138,3141,3,3141,True,unique_exact
4,3139,3142,3,3142,True,unique_exact
4,3140,3143,3,3143,True,unique_exact
4,3141,3144,3,3144,True,unique_exact
4,3142,3145,3,3145,True,unique_exact
4,3143,3146,3,3146,True,unique_exact
4,3144,3147,3,3147,True,unique_exact
4,3145,3148,3,3148,True,unique_exact
4,3146,3149,3,3149,True,unique_exact
4,3147,3150,3,3150,True,unique_exact
4,3148,3151,3,3151,True,unique_exact
4,3149,3152,3,3152,True,unique_exact
4,3150,3153,3,3153,True,unique_exact
4,3151,3154,3,3154,True,unique_exact
4,3152,3155,3,3155,True,unique_exact
4,3153,3156,3,3156,True,unique_exact
4,3154,3157,3,3157,True,unique_exact
4,3155,3158,3,3158,True,unique_exact
4,3156,3159,3,3159,True,unique_exact
4,3157,3160,3,3160,True,unique_exact
4,3158,3161,3,3161,True,unique_exact
4,3159,3162,3,3162,True,unique_exact
4,3160,3163,3,3163,True,unique_exact
4,3161,3164,3,3164,True,unique_exact
4,3162,3165,3,3165,True,unique_exact
4,3163,3166,3,3166,True,unique_exact
4,3164,3167,3,3167,True,unique_exact
4,3165,3168,3,3168,True,unique_exact
4,3166,3169,3,3169,True,unique_exact
4,3167,3170,3,3170,True,unique_exact
4,3168,3171,3,3171,True,unique_exact
4,3169,3172,3,3172,True,unique_exact
4,3170,3173,3,3173,True,unique_exact
4,3171,3174,3,3174,True,unique_exact
4,3172,3175,3,3175,True,unique_exact
4,3173,3176,3,3176,True,unique_exact
4,3174,3177,3,3177,True,unique_exact
4,3175,3178,3,3178,True,unique_exact
4,3176,3179,3,3179,True,unique_exact
4,3177,3180,3,3180,True,unique_exact
4,3178,3181,3,3181,True,unique_exact
4,3179,3182,3,3182,True,unique_exact
4,3180,3183,3,3183,True,unique_exact
4,3181,3184,3,3184,True,unique_exact
4,3182,3185,3,3185,True,unique_exact
4,3183,3186,3,3186,True,unique_exact
4,3184,3187,3,3187,True,unique_exact
4,3185,3188,3,3188,True,unique_exact
4,3186,3189,3,3189,True,unique_exact
4,3187,3190,3,3190,True,unique_exact
4,3188,3191,3,3191,True,unique_exact
4,3189,3192,3,3192,True,unique_exact
4,3190,3193,3,3193,True,unique_exact
4,3191,3194,3,3194,True,unique_exact
4,3192,3195,3,3195,True,unique_exact
4,3193,3196,3,3196,True,unique_exact
4,3194,3197,3,3197,True,unique_exact
4,3195,3198,3,3198,True,unique_exact
4,3196,3199,3,3199,True,unique_exact
4,3197,3200,3,3200,True,unique_exact
4,3198,3201,3,3201,True,unique_exact
4,3199,3202,3,3202,True,unique_exact
4,3200,3203,3,3203,True,unique_exact
4,3201,3204,3,3204,True,unique_exact
4,3202,3205,3,3205,True,unique_exact
4,3203,3206,3,3206,True,unique_exact
4,3204,3207,3,3207,True,unique_exact
4,3205,3208,3,3208,True,unique_exact
4,3206,3209,3,3209,True,unique_exact
4,3207,3210,3,3210,True,unique_exact
4,3208,3211,3,3211,True,unique_exact
4,3209,3212,3,3212,True,unique_exact
4,3210,3213,3,3213,True,unique_exact
4,3211,3214,3,3214,True,unique_exact
4,3212,3215,3,3215,True,unique_exact
4,3213,3216,3,3216,True,unique_exact
4,3214,3217,3,3217,True,unique_exact
4,3215,3218,3,3218,True,unique_exact
4,3216,3219,3,3219,True,unique_exact
4,3217,3220,3,3220,True,unique_exact
4,3218,3221,3,3221,True,unique_exact
4,3219,3222,3,3222,True,unique_exact
4,3220,3223,3,3223,True,unique_exact
4,3221,3224,3,3224,True,unique_exact
4,3222,3225,3,3225,True,unique_exact
4,3223,3226,3,3226,True,unique_exact
4,3224,3227,3,3227,True,unique_exact
4,3225,3228,3,3228,True,unique_exact
4,3226,3229,3,3229,True,unique_exact
4,3227,3230,3,3230,True,unique_exact
4,3228,3231,3,3231,True,unique_exact
4,3229,3232,3,3232,True,unique_exact
4,3230,3233,3,3233,True,unique_exact
4,3231,3234,3,3234,True,unique_exact
4,3232,3235,3,3235,True,unique_exact
4,3233,3236,3,3236,True,unique_exact
4,3234,3237,3,3237,True,unique_exact
4,3235,3238,3,3238,True,unique_exact
4,3236,3239,3,3239,True,unique_exact
4,3237,3240,3,3240,True,unique_exact
4,3238,3241,3,3241,True,unique_exact
4,3239,3242,3,3242,True,unique_exact
4,3240,3243,3,3243,True,unique_exact
4,3241,3244,3,3244,True,unique_exact
4,3242,3245,3,3245,True,unique_exact
4,3243,3246,3,3246,True,unique_exact
4,3244,3247,3,3247,True,unique_exact
4,3245,3248,3,3248,True,unique_exact
4,3246,3249,3,3249,True,unique_exact
4,3247,3250,3,3250,True,unique_exact
4,3248,3251,3,3251,True,unique_exact
4,3249,3252,3,3252,True,unique_exact
4,3250,3253,3,3253,True,unique_exact
4,3251,3254,3,3254,True,unique_exact
4,3252,3255,3,3255,True,unique_exact
4,3253,3256,3,3256,True,unique_exact
4,3254,3257,3,3257,True,unique_exact
4,3255,3258,3,3258,True,unique_exact
4,3256,3259,3,3259,True,unique_exact
4,3257,3260,3,3260,True,unique_exact
4,3258,3261,3,3261,True,unique_exact
4,3259,3262,3,3262,True,unique_exact
4,3260,3263,3,3263,True,unique_exact
4,3261,3264,3,3264,True,unique_exact
4,3262,3265,3,3265,True,unique_exact
4,3263,3266,3,3266,True,unique_exact
4,3264,3267,3,3267,True,unique_exact
4,3265,3268,3,3268,True,unique_exact
4,3266,3269,3,3269,True,unique_exact
4,3267,3270,3,3270,True,unique_exact
4,3268,3271,3,3271,True,unique_exact
4,3269,3272,3,3272,True,unique_exact
4,3270,3273,3,3273,True,unique_exact
4,3271,3274,3,3274,True,unique_exact
4,3272,3275,3,3275,True,unique_exact
4,3273,3276,3,3276,True,unique_exact
4,3274,3277,3,3277,True,unique_exact
4,3275,3278,3,3278,True,unique_exact
4,3276,3279,3,3279,True,unique_exact
4,3277,3280,3,3280,True,unique_exact
4,3278,3281,3,3281,True,unique_exact
4,3279,3282,3,3282,True,unique_exact
4,3280,3283,3,3283,True,unique_exact
4,3281,3284,3,3284,True,unique_exact
4,3282,3285,3,3285,True,unique_exact
4,3283,3286,3,3286,True,unique_exact
4,3284,3287,3,3287,True,unique_exact
4,3285,3288,3,3288,True,unique_exact
4,3286,3289,3,3289,True,unique_exact
4,3287,3290,3,3290,True,unique_exact
4,3288,3291,3,3291,True,unique_exact
4,3289,3292,3,3292,True,unique_exact
4,3290,3293,3,3293,True,unique_exact
4,3291,3294,3,3294,True,unique_exact
4,3292,3295,3,3295,True,unique_exact
4,3293,3296,3,3296,True,unique_exact
4,3294,3297,3,3297,True,unique_exact
4,3295,3298,3,3298,True,unique_exact
4,3296,3299,3,3299,True,unique_exact
4,3297,3300,3,3300,True,unique_exact
4,3298,3301,3,3301,True,unique_exact
4,3299,3302,3,3302,True,unique_exact
4,3300,3303,3,3303,True,unique_exact
4,3301,3304,3,3304,True,unique_exact
4,3302,3305,3,3305,True,unique_exact
4,3303,3306,3,3306,True,unique_exact
4,3304,3307,3,3307,True,unique_exact
4,3305,3308,3,3308,True,unique_exact
4,3306,3309,3,3309,True,unique_exact
4,3307,3310,3,3310,True,unique_exact
4,3308,3311,3,3311,True,unique_exact
4,3309,3312,3,3312,True,unique_exact
4,3310,3313,3,3313,True,unique_exact
4,3311,3314,3,3314,True,unique_exact
4,3312,3315,3,3315,True,unique_exact
4,3313,3316,3,3316,True,unique_exact
4,3314,3317,3,3317,True,unique_exact
4,3315,3318,3,3318,True,unique_exact
4,3316,3319,3,3319,True,unique_exact
4,3317,3320,3,3320,True,unique_exact
4,3318,3321,3,3321,True,unique_exact
4,3319,3322,3,3322,True,unique_exact
4,3320,3323,3,3323,True,unique_exact
4,3321,3324,3,3324,True,unique_exact
4,3322,3325,3,3325,True,unique_exact
4,3323,3326,3,3326,True,unique_exact
4,3324,3327,3,3327,True,unique_exact
4,3325,3328,3,3328,True,unique_exact
4,3326,3329,3,3329,True,unique_exact
4,3327,3330,3,3330,True,unique_exact
4,3328,3331,3,3331,True,unique_exact
4,3329,3332,3,3332,True,unique_exact
4,3330,3333,3,3333,True,unique_exact
4,3331,3334,3,3334,True,unique_exact
4,3332,3335,3,3335,True,unique_exact
4,3333,3336,3,3336,True,unique_exact
4,3334,3337,3,3337,True,unique_exact
4,3335,3338,3,3338,True,unique_exact
4,3336,3339,3,3339,True,unique_exact
4,3337,3340,3,3340,True,unique_exact
4,3338,3341,3,3341,True,unique_exact
4,3339,3342,3,3342,True,unique_exact
4,3340,3343,3,3343,True,unique_exact
4,3341,3344,3,3344,True,unique_exact
4,3342,3345,3,3345,True,unique_exact
4,3343,3346,3,3346,True,unique_exact
4,3344,3347,3,3347,True,unique_exact
4,3345,3348,3,3348,True,unique_exact
4,3346,3349,3,3349,True,unique_exact
4,3347,3350,3,3350,True,unique_exact
4,3348,3351,3,3351,True,unique_exact
4,3349,3352,3,3352,True,unique_exact
4,3350,3353,3,3353,True,unique_exact
4,3351,3354,3,3354,True,unique_exact
4,3352,3355,3,3355,True,unique_exact
4,3353,3356,3,3356,True,unique_exact
4,3354,3357,3,3357,True,unique_exact
4,3355,3358,3,3358,True,unique_exact
4,3356,3359,3,3359,True,unique_exact
4,3357,3360,3,3360,True,unique_exact
4,3358,3361,3,3361,True,unique_exact
4,3359,3362,3,3362,True,unique_exact
4,3360,3363,3,3363,True,unique_exact
4,3361,3364,3,3364,True,unique_exact
4,3362,3365,3,3365,True,unique_exact
4,3363,3366,3,3366,True,unique_exact
4,3364,3367,3,3367,True,unique_exact
4,3365,3368,3,3368,True,unique_exact
4,3366,3369,3,3369,True,unique_exact
4,3367,3370,3,3370,True,unique_exact
4,3368,3371,3,3371,True,unique_exact
4,3369,3372,3,3372,True,unique_exact
4,3370,3373,3,3373,True,unique_exact
4,3371,3374,3,3374,True,unique_exact
4,3372,3375,3,3375,True,unique_exact
4,3373,3376,3,3376,True,unique_exact
4,3374,3377,3,3377,True,unique_exact
4,3375,3378,3,3378,True,unique_exact
4,3376,3379,3,3379,True,unique_exact
4,3377,3380,3,3380,True,unique_exact
4,3378,3381,3,3381,True,unique_exact
4,3379,3382,3,3382,True,unique_exact
4,3380,3383,3,3383,True,unique_exact
4,3381,3384,3,3384,True,unique_exact
4,3382,3385,3,3385,True,unique_exact
4,3383,3386,3,3386,True,unique_exact
4,3384,3387,3,3387,True,unique_exact
4,3385,3388,3,3388,True,unique_exact
4,3386,3389,3,3389,True,unique_exact
4,3387,3390,3,3390,True,unique_exact
4,3388,3391,3,3391,True,unique_exact
4,3389,3392,3,3392,True,unique_exact
4,3390,3393,3,3393,True,unique_exact
4,3391,3394,3,3394,True,unique_exact
4,3392,3395,3,3395,True,unique_exact
4,3393,3396,3,3396,True,unique_exact
4,3394,3397,3,3397,True,unique_exact
4,3395,3398,3,3398,True,unique_exact
4,3396,3399,3,3399,True,unique_exact
4,3397,3400,3,3400,True,unique_exact
4,3398,3401,3,3401,True,unique_exact
4,3399,3402,3,3402,True,unique_exact
4,3400,3403,3,3403,True,unique_exact
4,3401,3404,3,3404,True,unique_exact
4,3402,3405,3,3405,True,unique_exact
4,3403,3406,3,3406,True,unique_exact
4,3404,3407,3,3407,True,unique_exact
4,3405,3408,3,3408,True,unique_exact
4,3406,3409,3,3409,True,unique_exact
4,3407,3410,3,3410,True,unique_exact
4,3408,3411,3,3411,True,unique_exact
4,3409,3412,3,3412,True,unique_exact
4,3410,3413,3,3413,True,unique_exact
4,3411,3414,3,3414,True,unique_exact
4,3412,3415,3,3415,True,unique_exact
4,3413,3416,3,3416,True,unique_exact
4,3414,3417,3,3417,True,unique_exact
4,3415,3418,3,3418,True,unique_exact
4,3416,3419,3,3419,True,unique_exact
4,3417,3420,3,3420,True,unique_exact
4,3418,3421,3,3421,True,unique_exact
4,3419,3422,3,3422,True,unique_exact
4,3420,3423,3,3423,True,unique_exact
4,3421,3424,3,3424,True,unique_exact
4,3422,3425,3,3425,True,unique_exact
4,3423,3426,3,3426,True,unique_exact
4,3424,3427,3,3427,True,unique_exact
4,3425,3428,3,3428,True,unique_exact
4,3426,3429,3,3429,True,unique_exact
4,3427,3430,3,3430,True,unique_exact
4,3428,3431,3,3431,True,unique_exact
4,3429,3432,3,3432,True,unique_exact
4,3430,3433,3,3433,True,unique_exact
4,3431,3434,3,3434,True,unique_exact
4,3432,3435,3,3435,True,unique_exact
4,3433,3436,3,3436,True,unique_exact
4,3434,3437,3,3437,True,unique_exact
4,3435,3438,3,3438,True,unique_exact
4,3436,3439,3,3439,True,unique_exact
4,3437,3440,3,3440,True,unique_exact
4,3438,3441,3,3441,True,unique_exact
4,3439,3442,3,3442,True,unique_exact
4,3440,3443,3,3443,True,unique_exact
4,3441,3444,3,3444,True,unique_exact
4,3442,3445,3,3445,True,unique_exact
4,3443,3446,3,3446,True,unique_exact
4,3444,3447,3,3447,True,unique_exact
4,3445,3448,3,3448,True,unique_exact
4,3446,3449,3,3449,True,unique_exact
4,3447,3450,3,3450,True,unique_exact
4,3448,3451,3,3451,True,unique_exact
4,3449,3452,3,3452,True,unique_exact
4,3450,3453,3,3453,True,unique_exact
4,3451,3454,3,3454,True,unique_exact
4,3452,3455,3,3455,True,unique_exact
4,3453,3456,3,3456,True,unique_exact
4,3454,3457,3,3457,True,unique_exact
4,3455,3458,3,3458,True,unique_exact
4,3456,3459,3,3459,True,unique_exact
4,3457,3460,3,3460,True,unique_exact
4,3458,3461,3,3461,True,unique_exact
4,3459,3462,3,3462,True,unique_exact
4,3460,3463,3,3463,True,unique_exact
4,3461,3464,3,3464,True,unique_exact
4,3462,3465,3,3465,True,unique_exact
4,3463,3466,3,3466,True,unique_exact
4,3464,3467,3,3467,True,unique_exact
4,3465,3468,3,3468,True,unique_exact
4,3466,3469,3,3469,True,unique_exact
4,3467,3470,3,3470,True,unique_exact
4,3468,3471,3,3471,True,unique_exact
4,3469,3472,3,3472,True,unique_exact
4,3470,3473,3,3473,True,unique_exact
4,3471,3474,3,3474,True,unique_exact
4,3472,3475,3,3475,True,unique_exact
4,3473,3476,3,3476,True,unique_exact
4,3474,3477,3,3477,True,unique_exact
4,3475,3478,3,3478,True,unique_exact
4,3476,3479,3,3479,True,unique_exact
4,3477,3480,3,3480,True,unique_exact
4,3478,3481,3,3481,True,unique_exact
4,3479,3482,3,3482,True,unique_exact
4,3480,3483,3,3483,True,unique_exact
4,3481,3484,3,3484,True,unique_exact
4,3482,3485,3,3485,True,unique_exact
4,3483,3486,3,3486,True,unique_exact
4,3484,3487,3,3487,True,unique_exact
4,3485,3488,3,3488,True,unique_exact
4,3486,3489,3,3489,True,unique_exact
4,3487,3490,3,3490,True,unique_exact
4,3488,3491,3,3491,True,unique_exact
4,3489,3492,3,3492,True,unique_exact
4,3490,3493,3,3493,True,unique_exact
4,3491,3494,3,3494,True,unique_exact
4,3492,3495,3,3495,True,unique_exact
4,3493,3496,3,3496,True,unique_exact
4,3494,3497,3,3497,True,unique_exact
4,3495,3498,3,3498,True,unique_exact
4,3496,3499,3,3499,True,unique_exact
4,3497,3500,3,3500,True,unique_exact
4,3498,3501,3,3501,True,unique_exact
4,3499,3502,3,3502,True,unique_exact
4,3500,3503,3,3503,True,unique_exact
4,3501,3504,3,3504,True,unique_exact
4,3502,3505,3,3505,True,unique_exact
4,3503,3506,3,3506,True,unique_exact
4,3504,3507,3,3507,True,unique_exact
4,3505,3508,3,3508,True,unique_exact
4,3506,3509,3,3509,True,unique_exact
4,3507,3510,3,3510,True,unique_exact
4,3508,3511,3,3511,True,unique_exact
4,3509,3512,3,3512,True,unique_exact
4,3510,3513,3,3513,True,unique_exact
4,3511,3514,3,3514,True,unique_exact
4,3512,3515,3,3515,True,unique_exact
4,3513,3516,3,3516,True,unique_exact
4,3514,3517,3,3517,True,unique_exact
4,3515,3518,3,3518,True,unique_exact
4,3516,3519,3,3519,True,unique_exact
4,3517,3520,3,3520,True,unique_exact
4,3518,3521,3,3521,True,unique_exact
4,3519,3522,3,3522,True,unique_exact
4,3520,3523,3,3523,True,unique_exact
4,3521,3524,3,3524,True,unique_exact
4,3522,3525,3,3525,True,unique_exact
4,3523,3526,3,3526,True,unique_exact
4,3524,3527,3,3527,True,unique_exact
4,3525,3528,3,3528,True,unique_exact
4,3526,3529,3,3529,True,unique_exact
4,3527,3530,3,3530,True,unique_exact
4,3528,3531,3,3531,True,unique_exact
4,3529,3532,3,3532,True,unique_exact
4,3530,3533,3,3533,True,unique_exact
4,3531,3534,3,3534,True,unique_exact
4,3532,3535,3,3535,True,unique_exact
4,3533,3536,3,3536,True,unique_exact
4,3534,3537,3,3537,True,unique_exact
4,3535,3538,3,3538,True,unique_exact
4,3536,3539,3,3539,True,unique_exact
4,3537,3540,3,3540,True,unique_exact
4,3538,3541,3,3541,True,unique_exact
4,3539,3542,3,3542,True,unique_exact
4,3540,3543,3,3543,True,unique_exact
4,3541,3544,3,3544,True,unique_exact
4,3542,3545,3,3545,True,unique_exact
4,3543,3546,3,3546,True,unique_exact
4,3544,3547,3,3547,True,unique_exact
4,3545,3548,3,3548,True,unique_exact
4,3546,3549,3,3549,True,unique_exact
4,3547,3550,3,3550,True,unique_exact
4,3548,3551,3,3551,True,unique_exact
4,3549,3552,3,3552,True,unique_exact
4,3550,3553,3,3553,True,unique_exact
4,3551,3554,3,3554,True,unique_exact
4,3552,3555,3,3555,True,unique_exact
4,3553,3556,3,3556,True,unique_exact
4,3554,3557,3,3557,True,unique_exact
4,3555,3558,3,3558,True,unique_exact
4,3556,3559,3,3559,True,unique_exact
4,3557,3560,3,3560,True,unique_exact
4,3558,3561,3,3561,True,unique_exact
4,3559,3562,3,3562,True,unique_exact
4,3560,3563,3,3563,True,unique_exact
4,3561,3564,3,3564,True,unique_exact
4,3562,3565,3,3565,True,unique_exact
4,3563,3566,3,3566,True,unique_exact
4,3564,3567,3,3567,True,unique_exact
4,3565,3568,3,3568,True,unique_exact
4,3566,3569,3,3569,True,unique_exact
4,3567,3570,3,3570,True,unique_exact
4,3568,3571,3,3571,True,unique_exact
4,3569,3572,3,3572,True,unique_exact
4,3570,3573,3,3573,True,unique_exact
4,3571,3574,3,3574,True,unique_exact
4,3572,3575,3,3575,True,unique_exact
4,3573,3576,3,3576,True,unique_exact
4,3574,3577,3,3577,True,unique_exact
4,3575,3578,3,3578,True,unique_exact
4,3576,3579,3,3579,True,unique_exact
4,3577,3580,3,3580,True,unique_exact
4,3578,3581,3,3581,True,unique_exact
4,3579,3582,3,3582,True,unique_exact
4,3580,3583,3,3583,True,unique_exact
4,3581,3584,3,3584,True,unique_exact
4,3582,3585,3,3585,True,unique_exact
4,3583,3586,3,3586,True,unique_exact
4,3584,3587,3,3587,True,unique_exact
4,3585,3588,3,3588,True,unique_exact
4,3586,3589,3,3589,True,unique_exact
4,3587,3590,3,3590,True,unique_exact
4,3588,3591,3,3591,True,unique_exact
4,3589,3592,3,3592,True,unique_exact
4,3590,3593,3,3593,True,unique_exact
4,3591,3594,3,3594,True,unique_exact
4,3592,3595,3,3595,True,unique_exact
4,3593,3596,3,3596,True,unique_exact
4,3594,3597,3,3597,True,unique_exact
4,3595,3598,3,3598,True,unique_exact
4,3596,3599,3,3599,True,unique_exact
4,3597,3600,3,3600,True,unique_exact
4,3598,3601,3,3601,True,unique_exact
4,3599,3602,3,3602,True,unique_exact
4,3600,3603,3,3603,True,unique_exact
4,3601,3604,3,3604,True,unique_exact
4,3602,3605,3,3605,True,unique_exact
4,3603,3606,3,3606,True,unique_exact
4,3604,3607,3,3607,True,unique_exact
4,3605,3608,3,3608,True,unique_exact
4,3606,3609,3,3609,True,unique_exact
4,3607,3610,3,3610,True,unique_exact
4,3608,3611,3,3611,True,unique_exact
4,3609,3612,3,3612,True,unique_exact
4,3610,3613,3,3613,True,unique_exact
4,3611,3614,3,3614,True,unique_exact
4,3612,3615,3,3615,True,unique_exact
4,3613,3616,3,3616,True,unique_exact
4,3614,3617,3,3617,True,unique_exact
4,3615,3618,3,3618,True,unique_exact
4,3616,3619,3,3619,True,unique_exact
4,3617,3620,3,3620,True,unique_exact
4,3618,3621,3,3621,True,unique_exact
4,3619,3622,3,3622,True,unique_exact
4,3620,3623,3,3623,True,unique_exact
4,3621,3624,3,3624,True,unique_exact
4,3622,3625,3,3625,True,unique_exact
4,3623,3626,3,3626,True,unique_exact
4,3624,3627,3,3627,True,unique_exact
4,3625,3628,3,3628,True,unique_exact
4,3626,3629,3,3629,True,unique_exact
4,3627,3630,3,3630,True,unique_exact
4,3628,3631,3,3631,True,unique_exact
4,3629,3632,3,3632,True,unique_exact
4,3630,3633,3,3633,True,unique_exact
4,3631,3634,3,3634,True,unique_exact
4,3632,3635,3,3635,True,unique_exact
4,3633,3636,3,3636,True,unique_exact
4,3634,3637,3,3637,True,unique_exact
4,3635,3638,3,3638,True,unique_exact
4,3636,3639,3,3639,True,unique_exact
4,3637,3640,3,3640,True,unique_exact
4,3638,3641,3,3641,True,unique_exact
4,3639,3642,3,3642,True,unique_exact
4,3640,3643,3,3643,True,unique_exact
4,3641,3644,3,3644,True,unique_exact
4,3642,3645,3,3645,True,unique_exact
4,3643,3646,3,3646,True,unique_exact
4,3644,3647,3,3647,True,unique_exact
4,3645,3648,3,3648,True,unique_exact
4,3646,3649,3,3649,True,unique_exact
4,3647,3650,3,3650,True,unique_exact
4,3648,3651,3,3651,True,unique_exact
4,3649,3652,3,3652,True,unique_exact
4,3650,3653,3,3653,True,unique_exact
4,3651,3654,3,3654,True,unique_exact
4,3652,3655,3,3655,True,unique_exact
4,3653,3656,3,3656,True,unique_exact
4,3654,3657,3,3657,True,unique_exact
4,3655,3658,3,3658,True,unique_exact
4,3656,3659,3,3659,True,unique_exact
4,3657,3660,3,3660,True,unique_exact
4,3658,3661,3,3661,True,unique_exact
4,3659,3662,3,3662,True,unique_exact
4,3660,3663,3,3663,True,unique_exact
4,3661,3664,3,3664,True,unique_exact
4,3662,3665,3,3665,True,unique_exact
4,3663,3666,3,3666,True,unique_exact
4,3664,3667,3,3667,True,unique_exact
4,3665,3668,3,3668,True,unique_exact
4,3666,3669,3,3669,True,unique_exact
4,3667,3670,3,3670,True,unique_exact
4,3668,3671,3,3671,True,unique_exact
4,3669,3672,3,3672,True,unique_exact
4,3670,3673,3,3673,True,unique_exact
4,3671,3674,3,3674,True,unique_exact
4,3672,3675,3,3675,True,unique_exact
4,3673,3676,3,3676,True,unique_exact
4,3674,3677,3,3677,True,unique_exact
4,3675,3678,3,3678,True,unique_exact
4,3676,3679,3,3679,True,unique_exact
4,3677,3680,3,3680,True,unique_exact
4,3678,3681,3,3681,True,unique_exact
4,3679,3682,3,3682,True,unique_exact
4,3680,3683,3,3683,True,unique_exact
4,3681,3684,3,3684,True,unique_exact
4,3682,3685,3,3685,True,unique_exact
4,3683,3686,3,3686,True,unique_exact
4,3684,3687,3,3687,True,unique_exact
4,3685,3688,3,3688,True,unique_exact
4,3686,3689,3,3689,True,unique_exact
4,3687,3690,3,3690,True,unique_exact
4,3688,3691,3,3691,True,unique_exact
4,3689,3692,3,3692,True,unique_exact
4,3690,3693,3,3693,True,unique_exact
4,3691,3694,3,3694,True,unique_exact
4,3692,3695,3,3695,True,unique_exact
4,3693,3696,3,3696,True,unique_exact
4,3694,3697,3,3697,True,unique_exact
4,3695,3698,3,3698,True,unique_exact
4,3696,3699,3,3699,True,unique_exact
4,3697,3700,3,3700,True,unique_exact
4,3698,3701,3,3701,True,unique_exact
4,3699,3702,3,3702,True,unique_exact
4,3700,3703,3,3703,True,unique_exact
4,3701,3704,3,3704,True,unique_exact
4,3702,3705,3,3705,True,unique_exact
4,3703,3706,3,3706,True,unique_exact
4,3704,3707,3,3707,True,unique_exact
4,3705,3708,3,3708,True,unique_exact
4,3706,3709,3,3709,True,unique_exact
4,3707,3710,3,3710,True,unique_exact
4,3708,3711,3,3711,True,unique_exact
4,3709,3712,3,3712,True,unique_exact
4,3710,3713,3,3713,True,unique_exact
4,3711,3714,3,3714,True,unique_exact
4,3712,3715,3,3715,True,unique_exact
4,3713,3716,3,3716,True,unique_exact
4,3714,3717,3,3717,True,unique_exact
4,3715,3718,3,3718,True,unique_exact
4,3716,3719,3,3719,True,unique_exact
4,3717,3720,3,3720,True,unique_exact
4,3718,3721,3,3721,True,unique_exact
4,3719,3722,3,3722,True,unique_exact
4,3720,3723,3,3723,True,unique_exact
4,3721,3724,3,3724,True,unique_exact
4,3722,3725,3,3725,True,unique_exact
4,3723,3726,3,3726,True,unique_exact
4,3724,3727,3,3727,True,unique_exact
4,3725,3728,3,3728,True,unique_exact
4,3726,3729,3,3729,True,unique_exact
4,3727,3730,3,3730,True,unique_exact
4,3728,3731,3,3731,True,unique_exact
4,3729,3732,3,3732,True,unique_exact
4,3730,3733,3,3733,True,unique_exact
4,3731,3734,3,3734,True,unique_exact
4,3732,3735,3,3735,True,unique_exact
4,3733,3736,3,3736,True,unique_exact
4,3734,3737,3,3737,True,unique_exact
4,3735,3738,3,3738,True,unique_exact
4,3736,3739,3,3739,True,unique_exact
4,3737,3740,3,3740,True,unique_exact
4,3738,3741,3,3741,True,unique_exact
4,3739,3742,3,3742,True,unique_exact
4,3740,3743,3,3743,True,unique_exact
4,3741,3744,3,3744,True,unique_exact
4,3742,3745,3,3745,True,unique_exact
4,3743,3746,3,3746,True,unique_exact
4,3744,3747,3,3747,True,unique_exact
4,3745,3748,3,3748,True,unique_exact
4,3746,3749,3,3749,True,unique_exact
4,3747,3750,3,3750,True,unique_exact
4,3748,3751,3,3751,True,unique_exact
4,3749,3752,3,3752,True,unique_exact
4,3750,3753,3,3753,True,unique_exact
4,3751,3754,3,3754,True,unique_exact
5,3750,3750,0,3750,True,unique_exact
5,3751,3751,0,3751,True,unique_exact
5,3752,3752,0,3752,True,unique_exact
5,3753,3753,0,3753,True,unique_exact
5,3754,3754,0,3754,True,unique_exact
5,3755,3755,0,3755,True,unique_exact
5,3756,3756,0,3756,True,unique_exact
5,3757,3757,0,3757,True,unique_exact
5,3758,3758,0,3758,True,unique_exact
5,3759,3759,0,3759,True,unique_exact
5,3760,3760,0,3760,True,unique_exact
5,3761,3761,0,3761,True,unique_exact
5,3762,3762,0,3762,True,unique_exact
5,3763,3763,0,3763,True,unique_exact
5,3764,3764,0,3764,True,unique_exact
5,3765,3765,0,3765,True,unique_exact
5,3766,3766,0,3766,True,unique_exact
5,3767,3767,0,3767,True,unique_exact
5,3768,3768,0,3768,True,unique_exact
5,3769,3769,0,3769,True,unique_exact
5,3770,3770,0,3770,True,unique_exact
5,3771,3771,0,3771,True,unique_exact
5,3772,3772,0,3772,True,unique_exact
5,3773,3773,0,3773,True,unique_exact
5,3774,3774,0,3774,True,unique_exact
5,3775,3775,0,3775,True,unique_exact
5,3776,3776,0,3776,True,unique_exact
5,3777,3777,0,3777,True,unique_exact
5,3778,3778,0,3778,True,unique_exact
5,3779,3779,0,3779,True,unique_exact
5,3780,3780,0,3780,True,unique_exact
5,3781,3781,0,3781,True,unique_exact
5,3782,3782,0,3782,True,unique_exact
5,3783,3783,0,3783,True,unique_exact
5,3784,3784,0,3784,True,unique_exact
5,3785,3785,0,3785,True,unique_exact
5,3786,3786,0,3786,True,unique_exact
5,3787,3787,0,3787,True,unique_exact
5,3788,3788,0,3788,True,unique_exact
5,3789,3789,0,3789,True,unique_exact
5,3790,3790,0,3790,True,unique_exact
5,3791,3791,0,3791,True,unique_exact
5,3792,3792,0,3792,True,unique_exact
5,3793,3793,0,3793,True,unique_exact
5,3794,3794,0,3794,True,unique_exact
5,3795,3795,0,3795,True,unique_exact
5,3796,3796,0,3796,True,unique_exact
5,3797,3797,0,3797,True,unique_exact
5,3798,3798,0,3798,True,unique_exact
5,3799,3799,0,3799,True,unique_exact
5,3800,3800,0,3800,True,unique_exact
5,3801,3801,0,3801,True,unique_exact
5,3802,3802,0,3802,True,unique_exact
5,3803,3803,0,3803,True,unique_exact
5,3804,3804,0,3804,True,unique_exact
5,3805,3805,0,3805,True,unique_exact
5,3806,3806,0,3806,True,unique_exact
5,3807,3807,0,3807,True,unique_exact
5,3808,3808,0,3808,True,unique_exact
5,3809,3809,0,3809,True,unique_exact
5,3810,3810,0,3810,True,unique_exact
5,3811,3811,0,3811,True,unique_exact
5,3812,3812,0,3812,True,unique_exact
5,3813,3813,0,3813,True,unique_exact
