frames_index,video_index,offset_video_minus_frames,status,candidate_video_indices,rgb_sha256
0,0,0,unique_exact,0,b48d56a74a37a73d5df0cdc9fb9acba3d54ab2313becad2eb98406949a4f7639
1,1,0,unique_exact,1,8a1d49a03f463769d8cd94dd8128bf38f6061f3e0b6da8440cbe8793d7e0f7a1
2,2,0,unique_exact,2,37f54730660faad85af2027eca761a55a8112e4fab94a2d2add9ed63307f544f
3,15,12,unique_exact,15,d38f9d88f8244a1999664a9c8abf4310374a75ec7b122315cd47aec5b5d0b313
4,16,12,unique_exact,16,10ed1ec7161759501a626d0fae37e474b062f70f99304b9bf55b7e5b35ed66b3
5,17,12,unique_exact,17,b0f90f17388cf039202077e41c7e9f8e206096beebd1dd454ef08458df0e2090
6,18,12,unique_exact,18,04f5f8d1f391a830106be00155898dc5223f890787ed35141306ee3b7e8a9965
7,19,12,unique_exact,19,5d60d0e319d853b49ab9a40f874fb4ee5b9b9cbab22983da53109aa79f6d0425
8,20,12,unique_exact,20,43a313e2b73145bd83a9c27527e59d25a30106708556f76c03ea882d6854b34c
9,21,12,unique_exact,21,a8639ea4c2142c617a6e2a0cc1ee82388bc90d4576f8059b40deb156229ad3fc
10,22,12,unique_exact,22,ab17ea2200dca6a1ed54137a2cb23df26e8b7399ea3998a64fd819edb59087c2
11,23,12,unique_exact,23,34788615a26fc265196d5d374f915a6f11113b77c74dfd19d003aec592308dbe
12,24,12,unique_exact,24,5e9b890590fb9ea870fe3565a03c8384432b8b2e76b6f59c5e6cda6868a9cc48
13,25,12,unique_exact,25,93c35efa5a6dd02e544d00a4104bb4326294c7a49c4f755970d4bff98421417a
14,26,12,unique_exact,26,4fa83a2082b8eade96c8422241481f3016e599520dbc56cb77eae8daae050710
15,27,12,unique_exact,27,43dea234d45c4aad71d5388306d7c48395db033b50bc90bde21048bf78d5e4d1
16,28,12,unique_exact,28,81076a6e3385a909e6340ad0028dbee7a0a4b19719dfda9d8909a08051f4f865
17,29,12,unique_exact,29,d7ad42e0c5435d7a16aa3991c6111cb55c5b2a391ed51d7c4064640f7124aa76
18,30,12,unique_exact,30,5c85ba10ee1420a21cdec861f2034937a0ca100216ab9acdbb4812ad58c55b45
19,31,12,unique_exact,31,1d0a293a67da08ca63ef3061d89292a1825fb60c982f08b1508055025bc75bd2
20,32,12,unique_exact,32,318f9e6434e54c2f4b3928be9b40b0a4ea447d78386e68ecd43a638c4e258251
21,33,12,unique_exact,33,cabccf25ebc1a20b9f31e42b45b881804482e3a17c748426779942086ab44551
22,34,12,unique_exact,34,6647b30a68150101bdda6143b89352d386ffc31770d50d377144c66543490ca5
23,35,12,unique_exact,35,ce5b0b41e844f6dc6f19dcc5190ac86c4563a38bae55346caf90b484772edec4
24,36,12,unique_exact,36,41f02e7fdffd261f2c180ce18e79f666941c3ecc168fa45fedc3173415d55b70
25,37,12,unique_exact,37,74de0a8ff06455ad5a0917307929cf4c451ca78b2e4d4ec9f331174e59b37ebe
26,38,12,unique_exact,38,2665b31ce2c82895c32d333c49a0fb5faea04fce409d1d18ecc302918399b81b
27,39,12,unique_exact,39,1b1c99980677e6d3284707ec134cf3dbe1db144c4e4afaba3c1ff85f3fc4d6a2
28,40,12,unique_exact,40,18d7a9bcb5a1bebee5a575c04de19cb74a8f6a3269f7f8c4784a83a9367af86a
29,41,12,unique_exact,41,0d4dbac0fdd37f5957a35d8aec856484c78c98f62c7ccb58ee770c6e487a6764
30,42,12,unique_exact,42,b71c336e3fb4d5193e76a9f6e5b663b043390b42d3f5244818fc8a1d5dfa796e
31,43,12,unique_exact,43,8d50467780becf596f439d847ec1ea64351dc7f4984ebb013beab2c68bc6ce41
32,44,12,unique_exact,44,2124568cbb7a1f610baab225b86c2acf83669bd71a2fdb4f86219936b3e4a385
33,45,12,unique_exact,45,8f50aa10db2f902be9a8f5b8b17f91d754831eedcaf82ee0d42a0a4ab3c3fdaf
34,46,12,unique_exact,46,bee1e6faa711a3e295f29d3e39d1114ba4adea832c18b55317292704ae01b94d
35,47,12,unique_exact,47,d61f7f2d9f64678a9be838f629569f5db02c436e6038005fc2afe1b3f34ab0d9
36,48,12,unique_exact,48,ea26ae28df7e5ff7961b1357c0049ac77404bfcfbfeab3a2d817117bededb29e
37,49,12,unique_exact,49,d0c063653a0b3fe2e03251b638913d8b2a957534bef4d0de0660164d1a114be9
38,50,12,unique_exact,50,3d83f41942cd86f7d60f1a6a02e5b5a834de114adb7e053e2e5cbfded412c007
39,51,12,unique_exact,51,6d62a52aadc3a75bf151fa3fdb82e577895861fe0a7c70891a9b827fac8a6d14
40,52,12,unique_exact,52,8c82426960f2ea6288885315efa0cde54d50eef07a1348c4494f2b8e2343b213
41,53,12,unique_exact,53,d72dfbcfd5a5a35f55191c50649ca1d1a173ea5ba52610d2640cebe0fe5f4d78
42,54,12,unique_exact,54,de6c822795cdd5812dc1c765955ddd182e96a1f08da4c82374da009dd621f587
43,55,12,unique_exact,55,e3fe73e5a4751a1918b50575440dfe018932dfca6c5b2f2b1b41a40538c3ef99
44,56,12,unique_exact,56,2283bd93b731c969c2e8f71d98a5df8f4670c22e44ef531cbf657a3bc43f3e85
45,57,12,unique_exact,57,71a412c93c667d0e966b828df735d83406e8862a99b0bf8714988501bc015549
46,58,12,unique_exact,58,148b389508a7b3bfdfca89320733ff41227b05df65f6df6e110fc4ac335cff03
47,59,12,unique_exact,59,ce50a75a03454cd3de41f80ee0a73839f5197e9657a3d34ebd634ed51b40523f
48,60,12,unique_exact,60,38963d21ab2593abee9ded22dba9844528359b205c603fb173b14e44fd1cec3d
49,61,12,unique_exact,61,846d598b62275ee0461a784ed3a78cbdd228c28519baf66c1184b192ad721bde
50,62,12,unique_exact,62,29191a88f1355507dc6a8398ec73d47c6794fa16038c2a4a7c4f1b614ce35d1a
51,63,12,unique_exact,63,474a318b20fa799ed810679820b9704bfc831dfaff557c87a64d38b3d6c41e6a
52,64,12,unique_exact,64,262697ef8263145357a5bb2b505e646080a1f7fd2f1c2b7dd92592fa75e750d1
53,65,12,unique_exact,65,de1bd4d21d869dc54745a5060648c54f4f21ac24173f97089eadfca61e5661d9
54,66,12,unique_exact,66,b5b565b9cc696994bd7bca9a306369c0cdce9f9e9d58d60f20312bddd397da37
55,67,12,unique_exact,67,f83ed9450d7fa3dacf66239809692263626fefc5f91a6e8ba373011c2147ba78
56,68,12,unique_exact,68,51febd8b5494ff4c8ccb401828242817a4fc0530dda33c6a539fab33ef2f3808
57,69,12,unique_exact,69,ffbcfec1bc77a1ddea99c4083515d1ff5a86493ebc9957b0a4024bdb561112e5
58,70,12,unique_exact,70,81ca63b19d9da664ec285138a01878a5dca5478f338c5773644a8aadfdc28c2b
59,71,12,unique_exact,71,0e7e58db3d7f23dd21b1c9eca10e97ca18c6bba52a5f39c09236d2c7ddce84f2
60,72,12,unique_exact,72,cee4cf8becec41a70021adc403ee23b906ae166521956f112232aaf1ef316a9f
61,73,12,unique_exact,73,11c9b9ec47268e18c16a12385edbc0e651bf433ec6dd9c2cc1ddabb4b57fb30a
62,74,12,unique_exact,74,9b044c7a1b8dc775555bbe16c3cae3d92d9d9ed2be1615578d8a126823027c75
63,75,12,unique_exact,75,1eeb2869d5be94c2d0661c3136807fcc1231f3f4e292a95b429c21132e8bf22b
64,76,12,unique_exact,76,c516df10b893f1a5f7b190048f71c612ce9451ab7ee672b5180b7272789dfbeb
65,77,12,unique_exact,77,706137966a772e597206586b0705f883626baf64782cb875e62f094f6906cd4e
66,78,12,unique_exact,78,a0c91df01d3ce332022fdaac4f66388c8cad2557ca135c65f8057bf37d696ee7
67,79,12,unique_exact,79,49d823d1f623808d20f8eff3a4fbf7009b2e7a3d3f0f898958e5c95f07691038
68,80,12,unique_exact,80,fe70ae285e93c8b6b3b856098bcbf84c8212a10ddeaeaa5b14b1e519d4e80c80
69,81,12,unique_exact,81,d727bf4baa0bcea503c8886638f79d60179119c020ba31df8e7b822d74871e25
70,82,12,unique_exact,82,ae9ffe1b5aafada890253d466ee8519613541d70ec2db2cc7bd383a9b9f4a32e
71,83,12,unique_exact,83,20f5ddf5de5ab65ea3363b87087514872cdcde904c3e2611c8f3bf260bdb863f
72,84,12,unique_exact,84,6b13047e43de5b2eb4ad8e7e844c9b15a08c8d0ae1fa36dc907a89d34f694a8d
73,85,12,unique_exact,85,debe0cf9b9db8e02d0e97e444c28f40fe745b3090a6d90a70ada3277a5bf1d16
74,86,12,unique_exact,86,a8b77a215abf7f540b6b26bc017ffb032d7cab4912eca4e5a1cd01d29fd1cfa9
75,87,12,unique_exact,87,d3c3a7604efd2bc4366e42266aaef315d8b82366f0e7ba149777fba9c52fb8ea
76,88,12,unique_exact,88,eb7b6ded9090b03dd8adbaa43604663c31683ad2dcdcdc7546a35b08b6f6015f
77,89,12,unique_exact,89,ae1a179d011d2e98a778350d52e885d6eccaa2c4255c283e9d1423817a69a269
78,90,12,unique_exact,90,050245033e24e1beb03523f3d9b35e17012bab9fa36b7a7513827a28bbfef9f3
79,91,12,unique_exact,91,151b06ff5a771aeb9d65221cf77ca86bebc4ac70be9bba60570b34294f56dcfc
80,92,12,unique_exact,92,387879d87f353969422f5b811e7801a094bc585716c939d621b5ec606f61806b
81,93,12,unique_exact,93,d79dbc7b3b7d93807471fcd3109c83bb2e8a93abc13553d0ac94ccb46f536f1b
82,94,12,unique_exact,94,8280218dd1b92ceafdc87e629965f90c747cfa5c9d4748b7b303cf09603a207d
83,95,12,unique_exact,95,a62b40ad630d87532cbb889b46107ff3b6d95767eb2f1830bf7de6a78e5cbdff
84,96,12,unique_exact,96,59218d81ea7d866d6a549c8bb773727fb08b77987288d120b55f7b6158999028
85,97,12,unique_exact,97,8f3543be5f0a0f282561880fc76581aefe962ff5e6a52b6d18bde4cf5c87c1c9
86,98,12,unique_exact,98,69fab8e056b1923522798207de4e4ceb0c733580a5fcba751a16570e6bd75ddd
87,99,12,unique_exact,99,1445a3d1bd9ee6193200e0b7a25a5572e80bd46ee76c8cd24514361fa59fc320
88,100,12,unique_exact,100,55310a872f4a10aff5d055b7ea36a0c4da783b668b3726dc515d0dcb15d274e3
89,101,12,unique_exact,101,bcfe52725ee7c86531c249ac92c268aa127a260ac9b0be0c52ea6cbff63c6f8f
90,102,12,unique_exact,102,52c07580cd78ded45402d12231e74bcad74a8ff97d2ed2f5daca5acfe2baa1ab
91,103,12,unique_exact,103,ea28e96918033ef4ee0cb50b27abc67f9323dec00ed24b53c5f6c5ca4aa4151b
92,104,12,unique_exact,104,45d9949d869dd42d5028ef004bfb97f9490c56d3b42f31ff77ec3fe492410e7f
93,105,12,unique_exact,105,a73b9e5a2009dd2e312ba83ef12f548f0a68a6054ab91eee9afcaf6e245108d2
94,106,12,unique_exact,106,934ddaefd24dc181e4c40bb645d51b50105b0d4c77ae8029a4e3fd0fd0438a1c
95,107,12,unique_exact,107,919fb4f912da09e09f57d4c4f49bf2e26a928d548a42dea652779238a2e516e7
96,108,12,unique_exact,108,bb2cc111fc0978c45a23c330f4ee9aad7e6bba495355ce60896e52e7731dd8f9
97,109,12,unique_exact,109,e401ffcb8aa2bf9f18d81481438e0b1e4a010e4b8883fb40c49a31bcd0facb99
98,110,12,unique_exact,110,8ce2acfb1e6eacbef6e3cecc1729207101a870f48be8f2e60a0aa497dacb1524
99,111,12,unique_exact,111,9e4ff666021a86d4d64a6c04076ad2216bd7457ae05d25f20a2f481300209002
100,112,12,unique_exact,112,e15102e3dcb731ba6883d15fedd1a8acd8a2df1636688b524bff1086c05921c6
101,113,12,unique_exact,113,196b211751bbae964d3e1e366273b944dd9d05a1516b96c5a7b2fcd7e023a034
102,114,12,unique_exact,114,0c548c7248cb203ad6cb1af77173df281a2684edd373ff8cb1578d82ee03af1b
103,115,12,unique_exact,115,55fe1337ae0b35f074793c672791bb5a7c799e71e7b330e8330e8056eee9f687
104,116,12,unique_exact,116,4624a92c9736a98d64b852be0364db5d7ad3ad81f0931ef5f38ef6223177e33f
105,117,12,unique_exact,117,9559950b3f427b356217ecf8d0a42902f4f0abab4fccb8c0ad84d9705f0fff6a
106,118,12,unique_exact,118,1439032667043f9a0dc075ee67b9dd2f3975e5ad837acc09180dbdfb502f5a74
107,119,12,unique_exact,119,1bc2fa66a0cce35aeca0c7ea2f52edeec1440127e948918bace8930f0d5f8d47
108,120,12,unique_exact,120,9bf26b00779ed6d6f9d4cce46be6a7c7fcda2ae106daae9485cb92f924a63006
109,121,12,unique_exact,121,859dd3d9eb8a0d360ac83dc61925a7ce681b49679bc9653e84cfbafd748de192
110,122,12,unique_exact,122,67a868b1d8f15a8c8c4497caeb1007c82f6f7c25d0a9e38a2ad1851a0c083850
111,123,12,unique_exact,123,d5612982308f70bbe1daf16d982d3601ed6304a7544176a50da6d35258d842e6
112,124,12,unique_exact,124,ef139e9287083d8b555b59c333a5d03394764e105baa93bddb88c57dcddd3c34
113,125,12,unique_exact,125,8d6dd0bca8633d55e610ffb7b76137ba7f6b6c831c684c2317b88ad1a3564dfa
114,126,12,unique_exact,126,8d95bdd38c0479d3e5b4ebb96ccea535adcd0e3717304d2432bfcc94937bc866
115,127,12,unique_exact,127,b42b50769e08de76e37936bd5e253285d5388177a463ba58e003fc8f15762553
116,128,12,unique_exact,128,51dd6e6f89f1c47c002752c64814c856e56a7662ef9369442ecebe31350cd5ca
117,129,12,unique_exact,129,6ade56abb3a124d9783c69b8f02ea6e2944a457a4564675d58d978566c4576b9
118,130,12,unique_exact,130,97e83c17391e1ef4482389286d379ef23010461600d34f0260f84f0027b71164
119,131,12,unique_exact,131,766b87e53b6c718b8fb16eb6ea95c2e20dcb2986a3c3cd56f8d34582ca1de46b
120,132,12,unique_exact,132,0ed74e3e3548e4db2dfa28ec0ce11953455c09985b17bf8b2f8afcd1be208039
121,133,12,unique_exact,133,68a42e821b2a5f1c268a3942dfb681f43fc77f78c04eb2317976c36e77348b95
122,134,12,unique_exact,134,e707eed18661f1ae69fed40367eacba5f88a874f1e9a9af27e1d7b5a8b113cb3
123,135,12,unique_exact,135,2e0cf3be0c26a54aee275066a944e1eefadfa441c39822fcb2686f04e4ef52ff
124,136,12,unique_exact,136,305285eb43dde0cdee0dba0a891f2e2dd9dfa494ae30d4781c94d0271ced5bb4
125,137,12,unique_exact,137,a6654fdb99961bb11491ea7be82c1227c69e5dc89bacfd543c853a2ceb2df740
126,138,12,unique_exact,138,fbc6b824740d74273bf7ffc613aae7704eb7e7ad793b2c93fdbcfea7ade99716
127,139,12,unique_exact,139,f17fc1644faf82dc25074560487bd5523d6f4a5b7a81f71d6d44b7b8740cd02f
128,140,12,unique_exact,140,a64fafb145a56407974aad39d18fce6d1ef99f974cac2375cd144a56b0d3d7d1
129,141,12,unique_exact,141,d4eade218cfa6cfcb8a4286ba335ae7a476d394175b639f77ea8310ca46149fd
130,142,12,unique_exact,142,cb820a72a037ec763113ad8b4f66dbc5faed9785fb935f0c00009659e936bd76
131,143,12,unique_exact,143,d166f3b67073c385c3013ece35cc17c384ef5d9a173bc3d9c17dfe6529b33314
132,144,12,unique_exact,144,31318f0923884afbc02619596695c606473acfbf5e083cd1cf03d38e5f86c669
133,145,12,unique_exact,145,a35a4f39fcd88ec04b9db0c0e75f9681243922e157440f864fe0ca30efca945b
134,146,12,unique_exact,146,d2bc322a2ef621db2eb1fcce0aeef468852f0c2a10dc450d4fd92de84f873d39
135,147,12,unique_exact,147,0f7f969fbfaf089a13b6ab73b147353045f3613decb543154a830a2072819fc5
136,148,12,unique_exact,148,974fc98da0542940d6664763009ed0226b66aab57071ca2c4a5cf038ba2e1c5a
137,149,12,unique_exact,149,e370c8dd1671101657951ea1206b0dc02ca667d785a423ea9cf06fe36b4d7cbd
138,150,12,unique_exact,150,5b4b281a1f1210003d5e615f5f8afd4414836fa3cd2a6136fee906d43e86adcc
139,151,12,unique_exact,151,a90d731c692cb6cf6034c0f6711474c6da51b09ea6eb351a1ed072584ce6344b
140,152,12,unique_exact,152,d46496fdf7021257b5000b46af2fe5abd754a80a9d84f7b4e741f8d3ed3cf9ac
141,153,12,unique_exact,153,97ad96c47e97199005810eb34ea5025b61876ed6109b9743ea249cbaf17180fc
142,154,12,unique_exact,154,c74a74d10428b823ab220d19265bce8e142cc894256b2085fc6f36a5c430ba6d
143,155,12,unique_exact,155,7b1ba9211ba587e79e62c4f354a8f2ac3228b389862148677adcf5837160c812
144,156,12,unique_exact,156,aebd516b0fa6d5d5c9c237e5e150e3fb613ff8a991033f35a5d1186c64b1325a
145,157,12,unique_exact,157,8a709ec4106a96599ea0b3fe92cf7f5b7c69de3d492bae6656e67f657805e272
146,158,12,unique_exact,158,919f46b1e681b51f9db15f3e8fc7e8ff314be7ae876580424ef43c169c1bfb82
147,159,12,unique_exact,159,dac6886909c8302eab8aad62c5917a4302ab73d2c92645767f1e7736f534e6fd
148,160,12,unique_exact,160,e3315d369bec0b7c486a4e6426a66249c80756e4acdb71840380d594ae886368
149,161,12,unique_exact,161,4f16da4314c495df88f5fc6a3c51c56f3579f54270233edf8611e8c2342122c8
150,162,12,unique_exact,162,b75182320602bcc3579b884882545bbccc79af125b0abb7fcc6941675418c1af
151,163,12,unique_exact,163,5c82e3c2435dcd79e5fb1134edc7647766b23f4488774bc15ead63a8de5727bd
152,164,12,unique_exact,164,d57434ff5c21cd9a30a916af2fbf49c8360cb34ba52a7bc5a3b2e5a30dd4a3f0
153,165,12,unique_exact,165,a79756e3cdb334a843f63672a002401383c90dab295e04f004ea12f1836342ce
154,166,12,unique_exact,166,946bb39bc6e7e1a88793bbc5c0ea052e3ce374fa9809bc471bda8f0fca5056e2
155,167,12,unique_exact,167,ac1cff2823df28acf8bd3da5e8a20e94286dc065fe9addaddff7bc46bf230e00
156,168,12,unique_exact,168,45f39d9b9faf0d56f84dcfc469b0083c4a81b9a01b2157ca98abc586ba1b0b4e
157,169,12,unique_exact,169,c6524811e64f2030e13100337cfc4de322d661d810c1195669b3889d93a4f691
158,170,12,unique_exact,170,7ad1fa32d405962c04bae2e4940e1ff72df5e92101ae5c186c2fa2fb6aa187ae
159,171,12,unique_exact,171,43fdac3837e990ba8d7523740a97122f991026c090e4e2af2ef777a851b2977f
160,172,12,unique_exact,172,d08f7c76e4a9d3d78c68de03e8fc379c933b65d9bd8773ae7e2490b9331d69e8
161,173,12,unique_exact,173,f4ba2ef3f3b593d0c866ab424faf3f9b9d6c4b96209378609d6c3a77dc8fb4d4
162,174,12,unique_exact,174,144224260d5f7ff5ebe4a391a4a2a0645f1262cc7082af2748c114e0a87bb80a
163,175,12,unique_exact,175,5cf6e9d4d3d047906c24af9dc25c2c7a59dc679533c385fc214afd011a4e4f8a
164,176,12,unique_exact,176,25c65dd7819af77a9ef77432572fe88faa5f39b7a1c1ed23aad52fd0d6e64584
165,177,12,unique_exact,177,20e19f643293837fc51a46ca75217e53160c6430d9f51304f5c11ca1c99b431d
166,178,12,unique_exact,178,8b1874f6193a2b85cd0438bed517241c14a801f04c280b1d06c76257bb86aef3
167,179,12,unique_exact,179,d611c4c91e08ee1b89c54ce33414a610ebcae17b27cc5303e3e1b64023c36eca
168,180,12,unique_exact,180,12c92b8745c8ad54c5776cec8bef25dd85395bc644257b33af0def370cbf77b3
169,181,12,unique_exact,181,0c1ffd30da1d5528bcd64d8f4559ef16d53dee06965a16ef40f363e605028601
170,182,12,unique_exact,182,7502e9cc226b345d0f51d953806b213634eaf36396b503360e6ebae8b1df37a4
171,183,12,unique_exact,183,5d5c30a0d412d6265d256801b0cca02231bbe6da4ebef793a66cac30d3e88560
172,184,12,unique_exact,184,19a238b81df849993b6285b82af10d93089c0a4e0c05b95d15bac93f1929b646
173,185,12,unique_exact,185,e826a1af3b9034284477bb2b865f6ce3b72ff815c7dd4609cd84b5a41e6439b1
174,186,12,unique_exact,186,f5b30bd70910ba428a582d9620d7450f38c354c60eb24242792f0bdc5df906bc
175,187,12,unique_exact,187,8074b93cdb21100ac79fc9d259b367813e82fbb4883a6539f4c8b679f25d4c90
176,188,12,unique_exact,188,0212b4ebed56b2c83f710b4b9f70d226e19fd095824ad105338e822e4ef00e8b
177,189,12,unique_exact,189,383fa3319200c798e2f4d31a2dd5d5692748c8fac83983aacad1ef7bd82dbbc3
178,190,12,unique_exact,190,07cd5a9815995900f7893883078e72f34d314f6152d61996c8d328179cbf1e3d
179,191,12,unique_exact,191,451a26d077710c76fca45a0ef06f48b08e6da95fcdff7a6526fcd822e40a03ae
180,192,12,unique_exact,192,86b331c43cdf363b3d61d5220fc4c700264e726f95f2ba9bb173ad4134708075
181,193,12,unique_exact,193,cf26427623efd52d432d63a0894d4d0164a93a972d36e5ba8388878622ab3efa
182,194,12,unique_exact,194,22c5ce59efbb53dfcc7c2b51e155e163ee5c6820ace1e45bbc17f9260e297435
183,195,12,unique_exact,195,e5e34a4b566d85a020a612e3e4a4335863db4eff60932cafb096a031f9b0af9a
184,196,12,unique_exact,196,6cf0cb0a0bc111221605cca22efcbb285b43733bc8e7ff9c75426f1d97557f08
185,197,12,unique_exact,197,ae86fcdb04773ef2d0597a17d7d1ee7f5b5b300305f8ef0fa0858679dd68400d
186,198,12,unique_exact,198,f18bd763206e971c9474eead1d1ac9d05ab02e0e1bd0cbf8ef58579d306f18da
187,199,12,unique_exact,199,fc5e10efd0c266da50c8ae8c06b908597cffeef6dd6f39880590a52831980f09
188,200,12,unique_exact,200,ffc077e4c43f937ce1f920c7b35c5c47c58dd6c5a88a160b843998522d0fb30e
189,201,12,unique_exact,201,9344f0f417aa11e2948ce856450ba386378152fb930d4ffbe145a001a2b5c938
190,202,12,unique_exact,202,2b0a2999f5fc6b1218ded87e00dd771490153ea24fd6b8c4f0a282392f28095c
191,203,12,unique_exact,203,3e2f21a2890510e75b2f8f439f49c1d8cabebc7feb601f66e1954ceb83f72aba
192,204,12,unique_exact,204,d3c03148971229ef56e1d6262205a367bc32ee0246b06eb0e6a43c4e8dc6e644
193,205,12,unique_exact,205,035a2b9c08946b4a2aba6bbfd907ce90b20c325f0617bdfda58a4d4d4fcc27df
194,206,12,unique_exact,206,38a0d00351593ce8a0d58844cab9934132f224eebc042c5bfb53e65aebd58e01
195,207,12,unique_exact,207,50bc563fb753a54ca750edd851a3deafd3d6b97871e86a10ea50a9313a0a230e
196,208,12,unique_exact,208,93a154aadb8a2aa96e607d9dfc4b134e678f24ea69c5982cbe9ad9a04d48113d
197,209,12,unique_exact,209,3f13f7772dbb82cc28483c06893c382da67afd824f64768dd9ccec1f27be9797
198,210,12,unique_exact,210,bb418081d4fdf2dae5d3efd73a2c2abad3ec3c26b7c507c05ed647d6eed113a7
199,211,12,unique_exact,211,f1fb11085f014a03431493f915e4b7ab640ef026d2134a8b46d45472f4b8447e
200,212,12,unique_exact,212,6ae1a67c70fa2f5780330f5bea298448f8057150ccbc91de8342cedd7b36c4e5
201,213,12,unique_exact,213,4b20da1d48071ff9a8645057a436dcedb624abe1279c7bfaa3c38101cf82b755
202,214,12,unique_exact,214,7914f9ec0239c72959aa67d299b36ccb8a288b1c6192ba0c5514dfb464ea7ab4
203,215,12,unique_exact,215,4981b8693dd232be31ad6fceb422f32b634ac5a408a3533912bffa4d2fd4e001
204,216,12,unique_exact,216,eb15ebd371ab767e2cfcf444005178727cff992de8cbfa62bb51db8f83512a83
205,217,12,unique_exact,217,16e810c2089c2f18728d9af2e36e52d11bdedbbe7ba99f05629588badafd474c
206,218,12,unique_exact,218,a297e62168106f6a6bf949776e2eda5fe6ae8649cc4ce5ac6cd99d52e6df5a40
207,219,12,unique_exact,219,9655d87c00a61a40f2bf5faaa6e45ce892327af8ceaf31151094bc989c36a156
208,220,12,unique_exact,220,38cd48a5016fe2959d240248d52a255aee7e8b6917c7ac59b3f726045489b24f
209,221,12,unique_exact,221,b39c59692a0736d46d127f61215158a97118f3da192ea2da07c545bba3045fb4
210,222,12,unique_exact,222,c53bce6b03842e0bf77b2f1a7608fd7f58be99392c07e07542aba4b5cb0932ad
211,223,12,unique_exact,223,947a049b7f8d3b58e2c06c6846e8c7f6b346fd70539e6533ad3f5c37c23511bb
212,224,12,unique_exact,224,170f275ac86a34fbafef472726c5194ff136d8a71a68488e40618099d8b1a7a4
213,225,12,unique_exact,225,ce802ed26d1b9d5717d3de94563e1c3acf1bf52ba8e106ad1154426f79af6a38
214,226,12,unique_exact,226,03b731b8217137b0b647a005b9dfd04877998eacda88d91797b2ee169dadf921
215,227,12,unique_exact,227,6fab9d762ce8ac688efb9a7e54118df937e5ba44774e0e7c73a65037c3b2f223
216,228,12,unique_exact,228,ce6c0a39007c7fe6def261d2f78b3388f3b9003cc6b8663f88a6ea3824229681
217,229,12,unique_exact,229,fa1ad48473b113994cb8d1ee49b09869d0667687a81e45eaa81fb924bd68f944
218,230,12,unique_exact,230,7fb50865929b90228272eb782f76512f54ff413d998fb50b6752a85b9d6930e2
219,231,12,unique_exact,231,eea4e6a58053bd15d279d1648e24e5a9ab390436be84943a50f145ddb4c08fec
220,232,12,unique_exact,232,aab4ad760b6439ac48b80a018e1977e857f5089090b29afeeca83f1f550edd0e
221,233,12,unique_exact,233,d24f3153d81fefe48a75dc711af8ee705b258d765b669799cad626632ddcf27f
222,234,12,unique_exact,234,5f8757b53eb7a341abf83451fd6c6c3eeb83e0aea0cff730ea163625b6b783f6
223,235,12,unique_exact,235,4254e58dd07b31f3393a532c2d84db46f2fa05a3e1c22ed1798f98238d0d5c48
224,236,12,unique_exact,236,bfc7a13a5008373768fe6360aab423a544a59796b4ce44c91a58e7073f5cd258
225,237,12,unique_exact,237,0f59a4db8c7de055c6e3ce19a3f22431dd66b88c6658a5eaf4c31005a7ee79ea
226,238,12,unique_exact,238,5cc398fa8c1038950e489de01f316110ded18d45e654d46f04e6c0bf7e1aefb8
227,239,12,unique_exact,239,6ddf68a27fc2dfcdad4ab7f902197ee2628f72a1d58aaab83d8f60a44726c14f
228,240,12,unique_exact,240,f680e316039c2f1cbe73a30b417aef39a47b98cabed8e44326e3789cb69ca989
229,241,12,unique_exact,241,d29b24a2fc7c408d6ce1cc6ec0bccea83c17e840f0426431536b2376cd518021
230,242,12,unique_exact,242,a802072f4783acf20949a11bbaf638a24e31b26f02f8e5bf3a816d5b1771fbdd
231,243,12,unique_exact,243,919c5fcd12477674b7156a7b62032a9f9d6f00feb02908d5f720af9f3aafb354
232,244,12,unique_exact,244,621e7b1dc7cefaf5045aa721f229262e04a03674dd43ff3e51bd1eb87ba0f2ef
233,245,12,unique_exact,245,5c74ac10c16fe71279b000f10a3c4a986ae3d54bc2c4f55e184080aac1c59729
234,246,12,unique_exact,246,b55b626c836fbf36bce97e0ebd75a2d99109cf59ff9b71bfe047de90f6e87703
235,247,12,unique_exact,247,645237f199390f0f256a6b0d6c501c861bc64c60671430f588ce64748d4c8a8d
236,248,12,unique_exact,248,92dbceefeae6161b8e76e2e0dbb094474c29ccbc678ded7f4a0d8d6f7a0ecf8f
237,249,12,unique_exact,249,dabc9473a67dc21afdebd211c799fbec6a79f9b443ab9ec9d1bc7b938f3bac5f
238,250,12,unique_exact,250,b60f01c46f0816c58a025121509e3e5d4d251ea4457c978b0f255f76d8632e4d
239,251,12,unique_exact,251,9fc487aa12f6cf2a912490d20ee16e7b09cec14f45dcdebe37db755e7ab95f6b
240,252,12,unique_exact,252,263a3d2f91c9eb7cc93422b1d72ccfec76dcbdf00a18eea40896ec77f9d483b1
241,253,12,unique_exact,253,f2902210220a74e331f30686a5b4ddc41cf3bb4e791b07a9b67c271ae9c66ee9
242,254,12,unique_exact,254,77427de6b97f20952fd4faa3b4a767271436bd2c2114182d9c321d002f3ce159
243,255,12,unique_exact,255,a58c3b6ec23ce81e633e53d3c409f35956b30a8ace0b475820c41f609bae165a
244,256,12,unique_exact,256,3569f0362122d9bd089578c683c70653eddc45be7f98b79bafa275d79a8f63fd
245,257,12,unique_exact,257,cc0bb5cbee17672df7bbd4d4d5daebc28932cc2ec96b5bc227ade42df2164bb6
246,258,12,unique_exact,258,d86d96839bff314714f20829535768dce2e8119e92bad0e7c00fd354f92d1486
247,259,12,unique_exact,259,442f076d01abcb5a5b927e9cf23950cb1019355bd7e564b08b2cd0c4edd2f118
248,260,12,unique_exact,260,d56ca5404cba1d7c77b6dd2a98b8176c1ccfd9351be4abff8a617aa6d7136828
249,261,12,unique_exact,261,ce37d68c205e04498f2dc8facf3fb299d9347d5fdf5d18a0f4fbe037f2759d9f
250,262,12,unique_exact,262,852195cc9fe644fe8b7f6d33882f6dae2f522b753eb7f2894eee8e047076532e
251,263,12,unique_exact,263,f17a497c096b250844799190d94934064a24806607336130cfc48fab210b3283
252,264,12,unique_exact,264,8279c084d8cac1f3ba6e8331cb82d68c698497f68d79be16f1bce45e58d83288
253,265,12,unique_exact,265,4155a97f1bc68285624251ad2dbe077a93a0f238fd31484264c62445fc892156
254,266,12,unique_exact,266,72bce0e9df3b48976dd114d8749a214da667e5f0bd99e4456f848072df692919
255,267,12,unique_exact,267,d8a67d14ee0da9f21c6a13beb1581af15d0c533972f9c5a5013d5aa642afa316
256,268,12,unique_exact,268,c744c136dfe23e36dc67c3314db97d7e763cebb6835acf948aaafce739d31e1b
257,269,12,unique_exact,269,33fb2c3b34a3fbc3e0b0bc0d181b78638822d0df9737b39847e197ae93ab1fb8
258,270,12,unique_exact,270,d26e93ea65253b8d393b77c40725c63302974605217514fbf0705381defc6800
259,271,12,unique_exact,271,8736823491290183708403b08e2547e5cbe5a9a28c6ff2474b325fce3fc36b95
260,272,12,unique_exact,272,b28db83f33e8cdd0dda7c4ed24494438cce322153766833ce66a5539f041a037
261,273,12,unique_exact,273,1677fce751572a1498283c67f98b335051dcbac98cd4dc316664956a0e996865
262,274,12,unique_exact,274,96b87876488828d03ab0786a4306f04ad33125c36b426b21e7b0a5381e8030aa
263,275,12,unique_exact,275,996deceb5cdb237b8ac5165f74542f99e749e4ddc520b0bbf0dccee080df3a20
264,276,12,unique_exact,276,63ba8cb41b5888aee696c22a11393474d40a47d987173b8201f97883340e718e
265,277,12,unique_exact,277,6a56dd9e40cd6ca10529c6ecb660a74b3cc91c8219832f13782bce2d16036871
266,278,12,unique_exact,278,dd80ad24c29144ec6da731b2d22248f9df22ddcfad97483a500aac9f478cdd4e
267,279,12,unique_exact,279,a12f4839717ab2f6382cb4c4f619c23d9f0d96698bcdb6096cdcbd61e6b0bbaa
268,280,12,unique_exact,280,73acb5d71d5e2f49af27ccbf65d4dfda02c9e691b0a9d4b34198978096e901eb
269,281,12,unique_exact,281,b1a2c5a3b2c1056daad99788f4c0c8f7f3cec617c8454ebc5b6cf368c2d79754
270,282,12,unique_exact,282,d177aa20db923da4199d559a2e7c80782f679c565bc8fa8542ab9d01ef3e79ba
271,283,12,unique_exact,283,5b64c827b228fd26c3ba8b6de66a7ddc5995861e89824c3fb92208db3f9cba93
272,284,12,unique_exact,284,3967ca6c5c38c73f2c43b6c87d22188a0cb7f21be39d6f87104692e73c9943eb
273,285,12,unique_exact,285,c39a098738ef5de587d53ddec915bb20783c3a1b99e7766fa5e1eeeb51079de2
274,286,12,unique_exact,286,a4a26985dbb6db0dd82b8e7f6f74478c3da8bf909e08e87fba3d76d7eb85a5b0
275,287,12,unique_exact,287,0fa4c539e4d312b4f60e8f6ffa4e52988072655b625d2a4bd6e6081dec95f754
276,288,12,unique_exact,288,b5673f3b10155cf8cb9771965d47aee3ac477110297cd1c2fd21fe448fd3cc68
277,289,12,unique_exact,289,5673a7bbdf33fab0b429d699904cca0c3d1052ede026596287496a393f1a040b
278,290,12,unique_exact,290,e6aeed19ec6378e3ad10cd70062c355c70c7498480da240fbb36ea40c4e99b4e
279,291,12,unique_exact,291,d9de2e4029e8fd9cc9628d32454517f1b1657c257efe58b87860f3eef7984bff
280,292,12,unique_exact,292,415997578fd12cd7f208920d05ad1aee0b4695c92a876b14dd94f722ff84d9eb
281,293,12,unique_exact,293,e7c40f59b8e910ba556debf60e548facbd98b98b6ed3a56d8200e155438751b1
282,294,12,unique_exact,294,f0cedfa46974a13033da05a5c56e1196b235bc2a388cbe14a6a4f311bfa9c2a4
283,295,12,unique_exact,295,974d2e75a2ddf43e27960a59531c03d7f14cbf950265f1549bcf6be1d7a6ecd6
284,296,12,unique_exact,296,1333e2fa43ee6cf27ee30fd612eb6acb2d9745d9e222d8a58067227d2650e695
285,297,12,unique_exact,297,b62cc38d6a74e857e8331fb5a768652bb9dc8b579c690b5e84ca427de6a47fcc
286,298,12,unique_exact,298,69d5736de8e95f36e9fd40121825fb20dfec8dea4ca6b3f88e0420a03a980184
287,299,12,unique_exact,299,ba6f41e2103fadd71cb0d55eceda2711da9c627b3c59a4a3cdbe25bc93135252
288,300,12,unique_exact,300,3129d978a1f19e865f7e6afc912e13e340d65cf92ca7922eb49141ef441502d0
289,301,12,unique_exact,301,4841d0dd6dff73f570fa34b1c94990a8039fba04873058acc83cc230a1b7716e
290,302,12,unique_exact,302,47593c529b933bf3faf6c4e9bdee1e5957baf97117214d2d6d08831418d93b43
291,303,12,unique_exact,303,d6d9ff5e0a9702eecaf2c92bc1861429d976f79641851263d7beaadcf313ab8d
292,304,12,unique_exact,304,99fb0982350552f5b09a37d39bec7d6ebfc7108e628df26092962d86e9d3c6c8
293,305,12,unique_exact,305,8b6a86077f22af1b1937af52cbc2a1f7068191ad820b36960a78448c54bf0dad
294,306,12,unique_exact,306,1512a8ce6a45d64fbc5bba1b91e54c25860f50d5bf5f7fc5b6a8c78ecf6b9c80
295,307,12,unique_exact,307,2b72c2fd04146ff341e4b59fd15e7aeb8617eef0d2d9ff41b4a51b6ad752a983
296,308,12,unique_exact,308,0d6f7d4ff0a55bad54bdfa4700d1645191fca7e0b3513f199789f9b419c30679
297,309,12,unique_exact,309,00caf32c87552696b5fd96547e6d4f0e23d4402f087d29d1e08f3c00fd8c7b2b
298,310,12,unique_exact,310,e1550efd31e002230c708926bf6ef1da2dc5c48ec2a4be9b4d56e62ebab18b7c
299,311,12,unique_exact,311,eec7e5acf81e28e6cf3e824229d5c19544977dfe0d196434e972245b5c2022f6
300,312,12,unique_exact,312,b041952a05ef9ccaa794c25562dfd8d202b8307309e961eae1a2869cd21c8dfc
301,313,12,unique_exact,313,ea3b3d8f135663ed2858e70fc6d816fa3727b50860350f24a711c756beb5eadf
302,314,12,unique_exact,314,abbda54ed52b41ff442df6142945d12cb19ddbfb99574cef7745c85a4323dc56
303,315,12,unique_exact,315,c6f284293c19b68f8e65b1df1108f270b6a5d2f0ca13799579023f5d7246d38b
304,316,12,unique_exact,316,ecbcf4b73e70a4565cdc96bffc057b2469d4b14e6a7aec1a75bec9d943055715
305,317,12,unique_exact,317,5c03f80992709d405ab875dadb1d913e089b5a6b5c9fea8ffd2e8c8b4518ab3a
306,318,12,unique_exact,318,23384916073a0a4b48fc4cd137a479e67dae059a6bd8b36161c146cf8acd7c68
307,319,12,unique_exact,319,eb472b1f2a6209a6910188d65aa69c1857a0aff8d2d5d44bd005d974e2e3bf7b
308,320,12,unique_exact,320,f95ee65a326207677f2579867460d45722fae2844b07a254566fc76cc084264a
309,321,12,unique_exact,321,a9efa99a6522b952888343cfb55906ae815f5db5312e1eeedfc5c6bde71bda80
310,322,12,unique_exact,322,0c40d31d09de94e0d24a94318c71476abfde8834a7c0c94563eb66f7837c6a2e
311,323,12,unique_exact,323,a23051029cad58073c7f545e886ed241e94198bd167b03c9eb2df42292cd5ede
312,324,12,unique_exact,324,f85a905a9d62e54a869839be0d803f3f0aefb6e77d0235c470c4e009a6d5e7fd
313,325,12,unique_exact,325,a45b530c8fc958b0f19820bc429e20875033e9919dd8e3bd2c8e638964cbb281
314,326,12,unique_exact,326,02fab4a0118d5efc2db48d6f8043ff5944d7b70f725c078848aba1acee6ea212
315,327,12,unique_exact,327,140454d897fd5efa9b734459c50421a836006f5ef2e9074128163b8efdc40aba
316,328,12,unique_exact,328,46925368f4cd5df1f0127f59a1d416b4bffe4f9500d6337be0c8ce86621de7b9
317,329,12,unique_exact,329,c54517fd49a44a8a0bf83121e70d92f5e7c819dbe50376ad4ac34b5eddf01be7
318,330,12,unique_exact,330,03f0eddf7115b15a61ce368a0da82814021f9dccfe4170404df9c581a198d438
319,331,12,unique_exact,331,9ab2a8256a6d659cca4fdf4ac1aa55f1774ea36417f6e34afd75c43856442657
320,332,12,unique_exact,332,be2508725ed737260e42ca3f638ad51e4562cf7d68434f2d25feda7e08b73208
321,333,12,unique_exact,333,c0cec30d8240d5eaffa0fb13dd18bdc7d2b62f1c097b2442d9f96d90aba4d65a
322,334,12,unique_exact,334,77ff6e59ca7e83af468c156078d76fcc68b69b3c8a2d94f668e87fe5e4cc9bf8
323,335,12,unique_exact,335,66154a7b65f1c98e35203606983f3274848d4ec47ec0a007601f05c9e0277aef
324,336,12,unique_exact,336,40eeb453e597f1433af5cd48ffeeb805ce0a69cd05dc951ffacf5c134a04f9be
325,337,12,unique_exact,337,412f69a29beab1d0e50ff60275d62824ff915542e38db866323e9fcba3f094fb
326,338,12,unique_exact,338,084a46cd75061a1cffff29d9405b4166d1b444609a6606bce6b9de21798d3ee0
327,339,12,unique_exact,339,988a142cca3f9c4b806a956dc0a4a0a7d28ef99a0ebf6c41de7542476d3cda21
328,340,12,unique_exact,340,01dbdea5f7b80a4012d6d7129374caa89f51ac836a11093bc08266dea41aecc6
329,341,12,unique_exact,341,7a25c4fac73f639d39dd186489bbcc5cbc245165ce9e34909d169e86858e21e3
330,342,12,unique_exact,342,ec8a6479c2cdf690078fcb50f40f71d2fcd56d482325047f954e1550b6897de1
331,343,12,unique_exact,343,3fb98c3b1972987c102a8659879fa694645a6a2b8cacb149e73e7b056f08646c
332,344,12,unique_exact,344,ee807882b6db2e897b7539fbfad082c42d357bfc19fb32bc14683d0eb44a7999
333,345,12,unique_exact,345,64fd84e49f4a2e165b3c3e7f900606f8b7a32b83e0560ed91b00a1a2c25a5746
334,346,12,unique_exact,346,1e6e7953e03be2f2ef068b35d332e61e8cbfa2193b00da9f836a2b298dbfbc8c
335,347,12,unique_exact,347,555dadbf4c8b66728c4148d2f4d1587e936b3fe7feffbdbf2446ee70bc8a40d7
336,348,12,unique_exact,348,f6767f63b89cd8f3b87425c26c8992ef7b023b681deaa7c5f1c950230d052196
337,349,12,unique_exact,349,e2e54abb28a3102c5799069b7868248f1aae8257000a21490fa9c2f2ecf44f48
338,350,12,unique_exact,350,4ad098d03f5d5270b4157cc3ebe4b1adb1493a72fa999c4137b4f39f3812241e
339,351,12,unique_exact,351,f8634661c5a1937d2ab86712953cc891225f8feeee419b823693d62f4cc2dffe
340,352,12,unique_exact,352,c10350fcfb83d6f0b7f81d02f7348ea24e180995d1125c1558c71d224bb0ff20
341,353,12,unique_exact,353,3e3b19d191ea8ed091d485d61aff33cc28885698ce8a31c602a60207d0c62b06
342,354,12,unique_exact,354,45d37b5d4aa53278012de55221a8dad75b770c74e011e89b2b623882df5ca6ca
343,355,12,unique_exact,355,b5457d0555acb7d0fc5928de7c699bd1bc8a7a5e953b4c7ba9cd3ba73d209439
344,356,12,unique_exact,356,4ca879c318653eb3a9aa8e5f59b7e7cce00e73de70c9709c2b2e7135f1418c32
345,357,12,unique_exact,357,7631a6885809942df8cfea66d49c09e99ad5f8ae1cd12519bbc598badce94a56
346,358,12,unique_exact,358,43722889cf99b3c93334a67d1a429590df9a4c565304bdbc6da69e22b11e9a8e
347,359,12,unique_exact,359,f8865e448f80423064eb1c5485732b9b1be159cadd3eeb2e9184307b26992a0b
348,360,12,unique_exact,360,3e2a72dfb310fcfb8b1cb80eee5f3cd2d29e11230461030488bb10df218a8f05
349,361,12,unique_exact,361,fa4bb4cc0ff81e5266ea9dbbbcd6c1fd4458243985d306122fa5ee71e80f3ec9
350,362,12,unique_exact,362,928e2a83df77d231112b06f6ee422e91aefff8124155260ac47b059055313028
351,363,12,unique_exact,363,d386ea1bcf37b3b231fc21b001543288fae62527fe0e10b09ce91e9e2151454f
352,364,12,unique_exact,364,caaca8ed0caa2df23e4b7e389fe88674103166d6ca081dbf6ace9dacb4068b4a
353,365,12,unique_exact,365,c7ec138b93c108b6234a4147731118a79078ea5f03eeb9709f60a0a5eb8ce1af
354,366,12,unique_exact,366,df7c5d4b9bf95673574b436ee28de90a1ec428cc29f6fca657e8361086baaa6f
355,367,12,unique_exact,367,e65c74c733eb5f88987c16a832f557d1ae9ddb94776748ac7e76ed8d417823a3
356,368,12,unique_exact,368,1b7222d5dd30216921c65cd26ff630c31a113d5fb77d8a4cfffba33b2de14fed
357,369,12,unique_exact,369,9fcc2ed3640dc03d4706b4556a7d263867de555ae27eb5e05b7729e5d0ccf7e8
358,370,12,unique_exact,370,4104d1f91772f51ee63e6bf37edc821a1c70828b457bb6a2c14468f7ea4bfdb0
359,371,12,unique_exact,371,9bb0cdba1e16052d1b1c6abaf9464181a13567f90bf5288b69c55de1e5027b9d
360,372,12,unique_exact,372,d1c6ffe5c182d02fbdc8510610daf03bab4f4938f397a5de2284dc5d82530f3a
361,373,12,unique_exact,373,4f23a2377d9264073143d36c09a943d3dd3ae7a57ac9a358ca55e05bd821731c
362,374,12,unique_exact,374,360aa1327f7c6623f073910eecc55477e4a0a2ec2d38c7484f5fcd8be7f97058
363,375,12,unique_exact,375,3e27d85aee1a679feac7def57818eaecb49890b118db1d8e5d5f57e894e99d01
364,376,12,unique_exact,376,e4d823175085b250a62020546ba8731590efee0ff36c58a55ff286305e814be3
365,377,12,unique_exact,377,796718e398ce7aaa42b7c1c4229db5ce5421eefc2d3aa0cf697720dbb347c058
366,378,12,unique_exact,378,41453e7e6d1301e9f35c3e49f30bbb547ff55f7876585b58a546c82b5a34cf48
367,379,12,unique_exact,379,bd4102a01723ec0047e8369543f8a0288036c856e8e383c9c0265a7ffcf5deb0
368,380,12,unique_exact,380,c7874e43b2306e7121a7941d1508c4d12f15179d1ec288abf98d5a61a0f2f9dd
369,381,12,unique_exact,381,6512af96f071c1b44fecd26f2038a19e1f8f3f63c6d83bea924fe3e28ff6d22e
370,382,12,unique_exact,382,a4c99220a59d4907b32f7fc60cb83104f2036132f998ffb4835ca2d1789abd21
371,383,12,unique_exact,383,777b29a7b15509a51e2e46a8419fb8c76e91694eb3b5dab366ec3072e478437f
372,384,12,unique_exact,384,88d50baaf1e211c64300f3ab3dbcea88b98ab0f098f118e05bd39da43245052d
373,385,12,unique_exact,385,cff66f0c190a81d4b970f6a329a55e088c24e52d29ead901fc76e2d22d49d5c1
374,386,12,unique_exact,386,fe8f7f2a3cd45139b7d20530dc514ef8edcbc4d427d89e15bb7dfaa7845c2c50
375,387,12,unique_exact,387,ca60c6b5777fadc2865142cf6635def73b9720fb1f6c4fc813eb7a1bc0a06996
376,388,12,unique_exact,388,d8918db9cdefb8efd563d4a33e3fb4c2599eb4819571d9405ef24a3c49af9f63
377,389,12,unique_exact,389,527ad4d428b0fd904e5e8cff8709e56234b05ab33c96cc70be05a0ad1e7e57f5
378,390,12,unique_exact,390,84cd1fb56edd91c721c6ba261049e89f15089b246a5ab513c09f1acdc4b4681c
379,391,12,unique_exact,391,164be80f6413581058469389e628d886b5147c6b6db74d7379498dd6162b3c17
380,392,12,unique_exact,392,6f98c7e38e53e897b4ecb54e1d71c5dd69bdf1b4e21ac9cbcde78f6ca0c8c341
381,393,12,unique_exact,393,2da0b0d2143d1a40897de6a4d6d0768ada9c221e2c269d88130dab6fe62cb23c
382,394,12,unique_exact,394,35188262a9cfe34b8757b0b53a0956ba3fe101c4ff9a006e5165a5c69ab38463
383,395,12,unique_exact,395,0f490015d44dec32c84a6dd62ab8873a0f6fab49c65207f3c8fcea095f95fbf6
384,396,12,unique_exact,396,45197d5382a3461005f3fb485c71958a6508882ed9484b09aad6f58067b273a6
385,397,12,unique_exact,397,ff09df2c82bab7632d305fe85599855930a17dce601a5902462a339d44433204
386,398,12,unique_exact,398,ba6f13b5130e3830278a5fd2c6e77693009dab4cb6b4afe9114a376a6d4593a4
387,399,12,unique_exact,399,bb9e9349daf29f052bb9c7e7cc854e010f5e31947627789d0ba2b12e5826d0b5
388,400,12,unique_exact,400,7362b259f62681dc8abbe5bdcaf29f18e9df0d0959325ffcb8f9cdafc5bd16da
389,401,12,unique_exact,401,681ccebaff4537f81f57826d9168768a654f9dafada6c2dc54f77281fa0fecaa
390,402,12,unique_exact,402,b8bb60655910f7b98f1768bdca740eb0831f06108a1b3857e5fbd2157cef30b7
391,403,12,unique_exact,403,29210b7a181f27c1bcaff44fefc6b27a5025877b870eb3732ff302232bff0ee3
392,404,12,unique_exact,404,5437abb36d624c490a4cc484aed2050f5ef07cd71438bfabbb36da72d981544c
393,405,12,unique_exact,405,585c63474c687faebb8bcfc8b55ae2878142fe45451e835482cb2b43f3dbb892
394,406,12,unique_exact,406,89c1e62e90e865162309eb3defaee504e003474d63afe6dd426ef5359df07c83
395,407,12,unique_exact,407,c836be291c4ee46717814ede49ce6b3d9c2ad663ec926217b43f4d1a40acb766
396,408,12,unique_exact,408,48ca59d401bb7bc976b3cf34f28ad0dfa35bdbc0cebb3b0722304da302e16055
397,409,12,unique_exact,409,1d87167c5c4e5b42b418885df8bace6695298b68341dc8eec4e9247688c75cfd
398,410,12,unique_exact,410,81b78349996c18ded09b5f1dc6118ffc7c224a1e5ea7e7e9b401f62a9ed30536
399,411,12,unique_exact,411,afc0b0f0f62769b55ee1780917861b3964a1bc7342c417cfd27da014cbf96edc
400,412,12,unique_exact,412,97a9200b71ae80064264f5e09bdf8a7e23ce898a2026e1ab8066249bb4b8ed04
401,413,12,unique_exact,413,73c836757d4e965b641d9653f1f8743b3a58324c6db49e5fcada7961ab55e191
402,414,12,unique_exact,414,236cff845e6047bd0660706fc5edc4fad0186a179b73daa0aff025693cff5d42
403,415,12,unique_exact,415,9ce41d69849e5b3391ba26d8c8cb656ad20c47aeb619014f0969c4681d0c72ef
404,416,12,unique_exact,416,5a71cb6d3e2fc4c1f13a8b96c2df1d895ce144b5b2797affedfb37db7ac3dd20
405,417,12,unique_exact,417,e827b1118b5951ea3419826b35af46b6f837efa4942dabe2ab8c6e5f14f2a391
406,418,12,unique_exact,418,12eab45ec09989e137bc2a29ff0cbaeb2cdf4fb37368ff31aa916339fcdf5f91
407,419,12,unique_exact,419,0b4a45cf5cd8ccd83b791cf9efdbb1969c9baa60a35bfef998d1d6ac6e9c8c8d
408,420,12,unique_exact,420,e148986120573e0bbca20e3c0120f41666dd71cf078e756896d83131512bb893
409,421,12,unique_exact,421,4fd0ad2f44b7fa055dd2b06a034c9d7a17222c5516d16d9bf56a20e63a8d7b03
410,422,12,unique_exact,422,ff1664de6d702e571eefc66e5d889201b70c0793138a19a136980840c373e251
411,423,12,unique_exact,423,71a2ce6e5354554fdba4ab9aa763183e5990f1014a2bdf015de6ce9e8009b4b6
412,424,12,unique_exact,424,fda21900fa8ef39b614ba6d158812bdc1acad561350703b1f45ae3f90b3bc4ec
413,425,12,unique_exact,425,67ae36a1ef07fd93449f05e639fe039d29b79980a626dadeddc5698a200ec805
414,426,12,unique_exact,426,93280f94318d65e1aece93b8a2a4e5b6ac7aa2a3e79acd49356f007e6de8163e
415,427,12,unique_exact,427,0183faa6029342fdd53d8b813e645db9c82cb1c3954ad9e73ff1935bc5acfe58
416,428,12,unique_exact,428,1ca232c5ac94bef71f2f3db40eb7ec7c90480fbb96290e75fbc25e4eb4186f92
417,429,12,unique_exact,429,7804d6b778dfd527f2eb7d276163a4c7c5baf95ec6d6826e92d6395306e8e129
418,430,12,unique_exact,430,0e902b1688cfd613e7a6e30bb32e68b8f06becda17ffe520419eb6636782dcae
419,431,12,unique_exact,431,cdb8c729e848ef48a3d9692c840ed6c6ccbfd6e366db7047670a52a4728e410e
420,432,12,unique_exact,432,12982f2419b4845c7c0fcb0c30784d243d781a6de6253201177404069e42cee6
421,433,12,unique_exact,433,edbb7a2b9be0fc638a1e16fcfbc2b8b669ad9b60a31afb7c29a44fac3063045d
422,434,12,unique_exact,434,ba7552208915a991eff76d693a6668236e2e0647d59dff3f3226f0f0f98e5647
423,435,12,unique_exact,435,be1090117bf4ceac922ea7fa47e1819ee19222e2e1a29b4fa084d4e5e59bc8cf
424,436,12,unique_exact,436,16346daf056a3fb31d89eb67500688dcc78f1ab551f4efe87ac60bc3c74db492
425,437,12,unique_exact,437,1dbbade7f6d00d97f450b022471329984709dbe355af152c927b37d9167117b1
426,438,12,unique_exact,438,4f118e669a41e2230fb5db0c46be4e83024dfee387234d1f3d77ff972838847c
427,439,12,unique_exact,439,a4419db766a061b9b38f826f7bee10980d9ee28d50a22d590d28abb040dd11cd
428,440,12,unique_exact,440,5160109ed3eef0154860ab48b54001e0cbc449867ce0cfcd54743982d758945b
429,441,12,unique_exact,441,0de41f3433fe5df5e14f257bffaee8021569bed528b80265f40398aa85223a29
430,442,12,unique_exact,442,0091bfe7ba914e0517932f49e3b8f5b1d361cb05798b6fcaf73d97f5c5aba49d
431,443,12,unique_exact,443,d737e20cfb92bbecdb70086e9117cf6c1525d884100f9aa6c12ae75c7c82d354
432,444,12,unique_exact,444,f6cc165e573bf638d59f52050f584be7eae063787a8083f2b352d1875436f9cd
433,445,12,unique_exact,445,915b89fe99c06ca0d175477c932eeb390fef9a9e447ecd31a6a727fc5144a7b5
434,446,12,unique_exact,446,36eab1b7f7a3a137f3c835d4b2330669192bef49af6cc05433d74bcb8185ac0c
435,447,12,unique_exact,447,73dca36c1ef12b2ee74dbe6bc9ad4d32fcd62820532c0d6fccf071e0543c7ed8
436,448,12,unique_exact,448,bffe42fc7d4a7d544709508edd2069695706ae4dc56cecdf6789b24ccb549906
437,449,12,unique_exact,449,2b747980dfe96d171580343a8f24e5bf9d9f90750c8f0552401e66a5cca8a4c7
438,450,12,unique_exact,450,f5b50920b6c692845124f9356b9116e325da85a00a96d352d4d6bf0234e2dbc7
439,451,12,unique_exact,451,021749687a4bd8b87bb597ebf08f198f8f25cc1243df648a16895bb24cc9c114
440,452,12,unique_exact,452,8fc8721d83e52d49b6985498f53bbd78cc99d0b806421bb87452c1d338500dcf
441,453,12,unique_exact,453,756f035bbe4a65e37f7a85b0b45321418ac1a613deb922d9adcfdffa821c476d
442,454,12,unique_exact,454,4e6bce732a2f66199edd1500f877e37a92b3385f208317eb6a17ac1682408a91
443,455,12,unique_exact,455,395621c8a2b6f62dbd48df7231a0fefd494ec02bdfa3c234b4a2b2538e152332
444,456,12,unique_exact,456,8253493284b57717d10d3bfcccf690e39ecd3a8efddc5d6def3f9a355e192aec
445,457,12,unique_exact,457,d7ae7d8a08beaa2edd5462c3ddebfd065f0d41d03fd069cd193517bf47e2b03b
446,458,12,unique_exact,458,9e040424c7e7a2b39d8d8e02fe4501310d4f335ca58a9c3f70c8a9d83faa8b7d
447,459,12,unique_exact,459,c22d959e7b546fcda44c96b89243872f0f564c8ba4276aa4e98ba02ab194af7b
448,460,12,unique_exact,460,34a9c14630b0fc64a74b1de3d6f7612ff42d95368abfceff44d42ea40ef183f6
449,461,12,unique_exact,461,81a7478dc17dc3643b380e92d432fd134aaa8bd9fa4188ed53f14b9811faf2da
450,462,12,unique_exact,462,8bf5bd2ed1584abb460895cd8632249340e29f93fb39ef2b418c0678ffb1dac4
451,463,12,unique_exact,463,4ed9cfd3033c4f99735efb440786c3d4924d7473c6fa3af050da19592d021ded
452,464,12,unique_exact,464,74268b5bc94bf9125dfac9624ab372bab7c798ad89d2ec865c7d591451b3e6ad
453,465,12,unique_exact,465,91aeb9cb660d413ca13136a3683bff32e23ac1dc65c3b5dd8bcfc08f7d9bc71d
454,466,12,unique_exact,466,819fa85e8bf1d90ee85e57be7a41835e96ea057022fa6227d98a3af1caa1aec6
455,467,12,unique_exact,467,4b15008a04c46c64af21dc5f85d66254a75990b9a7208b4d8982897354304f99
456,468,12,unique_exact,468,9a07cbc380c2738d6adb6c1064a85d290b54c3096b16349bd5b334edcdb310ba
457,469,12,unique_exact,469,797b8a4ca26a0421f44efb84ac4d65fd30fe9305b4765cb673c10d96b2082894
458,470,12,unique_exact,470,1e687a9226b22dc5710823694eab6cf096290fa2217f33aa76a36a87bf1d2eef
459,471,12,unique_exact,471,8a68872268dfe266d536f20e1d644e23c36c6241e5c9549884d1254de225fffd
460,472,12,unique_exact,472,22c8a36aa168055dbed85f663870ea294b9ae7fe83b0a1ba585e4f32e3b39de1
461,473,12,unique_exact,473,ca46ec9d804c9c59b5005adb00b8e7a4834e02fd2d87aee66eb33e09a6c329d1
462,474,12,unique_exact,474,d922038d83db984ca175dfc0fb2abb6b967d735cfae0c651d18a6b504e53b80e
463,475,12,unique_exact,475,3a7ff62bbac23bab48f6758474e6643fafd3746583e0bd9e3c0d80b8e37a37bb
464,476,12,unique_exact,476,cc9b9e16010d4095ec009d0e8a3db788def361828b241a86f46c17fd4463e47f
465,477,12,unique_exact,477,61de098c70877f56bd5164300b8be658014e6dd539c41962dfc81506f2103d3b
466,478,12,unique_exact,478,5a6ae76afeabbed233b2ae76c65c510fcef997f42d9438a687890932b64699e8
467,479,12,unique_exact,479,90529103d9b0647e95e8d26084c3a756837fe7ab41fff241812162b25212ab8d
468,480,12,unique_exact,480,8d39bb7935847f148473a3e096c8382c36a85f540830cbc9822c765c8bfb43f6
469,481,12,unique_exact,481,3b8e4c87fd1f316a9cc8657bbe451990503886c6cb4f9315e22d3eee9c1a481d
470,482,12,unique_exact,482,1c514f11d432437cdc13ed250716c2ff397018215fd834523fdf05a37f3e437e
471,483,12,unique_exact,483,32e5e1aa79309f0084a56378e5dc3c9652725f5f8c6bf7f47d4f9e33f5c8b272
472,484,12,unique_exact,484,722ab9d0b8b702372abc62058bfd764e565481b656176a0dbf80c61dfe636636
473,485,12,unique_exact,485,247af6d1358a13b0121c145c4459da73677e68f472f0a70b41aa4509736c3b90
474,486,12,unique_exact,486,8303f0eb5ddf475f6f216c912724dfc503b42c916d5ac78fe6c19b6f4ee603b6
475,487,12,unique_exact,487,b195044d82083c2498b2d43a6f81494f4ca8384648c300f54ece9ee7cd25e71a
476,488,12,unique_exact,488,ea31b00011dbdedf4cb2c771ddbc70bbf8365afa5372cb544f987f34a524538e
477,489,12,unique_exact,489,b1d40df4d8292a2f36f7ca1fd3082195d58b325ffe4a2ffd598dcfe39a366f15
478,490,12,unique_exact,490,c5fe9db02983fac762a3617d122f5e27ebde1f8bf01f83415cc213886827948f
479,491,12,unique_exact,491,a422685e0d6d7b162fe93135d7d604cea25e0cb48e3c5769f50aa892534c83f8
480,492,12,unique_exact,492,9d7ddd9ffc250a0af073064ef53f8f26288c20910aca3da8306e7c07c806e386
481,493,12,unique_exact,493,dfc13a673a91de297c44bddc82cbcad39241d27d97d0fc15430968721c2b2329
482,494,12,unique_exact,494,f974aca2e72d7ac6ddf2257a7e2bf2f999f6f5e04d8ff15ed36140dbbeaf76cf
483,495,12,unique_exact,495,0eae3cd0a657a25c58ea4afde5d06af3089489663ab6f59d81e1ff2d301486e4
484,496,12,unique_exact,496,edeaf39514d26207b0121f32de9093e1653a13a22e6aed56357fca86c9f0f625
485,497,12,unique_exact,497,af67aa4bb2d772ed1f4e1388e79fefbacd56a88e4e543c08c7972f26402c29fd
486,498,12,unique_exact,498,28b6b8bdc223a21aac31a02089c34fe78968f4a6b09b3c981bf2a44673ee05d9
487,499,12,unique_exact,499,9af63c40dfbe07e6c2277acc5f3959e79e15889e549c960de5f8e28b0ab60fc1
488,500,12,unique_exact,500,c210ac337e9faa1569a286f8dca18ebe05ecdce937175c9c4dd57a8c75b69b50
489,501,12,unique_exact,501,5beed384db29c00cca81cea4f1c982c45817830ba56c9b845b669b87572046a2
490,502,12,unique_exact,502,a55381b2e36833631700632cad69e9af92ef13a5afe6964973857b87246715d5
491,503,12,unique_exact,503,3b89fba49d93e3ce93decf43d8814465aa5b07e65784f9ed291cccd1664a3624
492,504,12,unique_exact,504,4e78d6fd4b6ad09d64ba6032b5bddf6f0cddd9a59ae2ef3253626c9bd81e13bd
493,505,12,unique_exact,505,a698c3add2ab2f6758b7c34011d918d36e521c84308ba0fb373c8d15c20c56d2
494,506,12,unique_exact,506,47375457514c49a7c26a8a5923c95388c57347b1f48083b9357c2286cd915f94
495,507,12,unique_exact,507,701df2b839b2e0cde01d0e40f9822082b3f07e7fa2d82f9efa4e9f204f7cca40
496,508,12,unique_exact,508,445a9688862fa1a01c9c641aecac23398e90a66bace09b687742e4e441fd83f1
497,509,12,unique_exact,509,d299b11be07d62af65e6ea4481cc393f078c43a3f8127d005dc4d4210c26d46e
498,510,12,unique_exact,510,1b879f1e057a824b3f52703ba6052960c56967ffb061120d24cc525e8a1423db
499,511,12,unique_exact,511,2254c6fd51a8a8d95fe15f9856e01727e958778451bd244e2a13fb073eee0ef5
500,512,12,unique_exact,512,87f8c2734794a4c6c6c6a10d46c1d16efd95d9d0106bb91e04d0506282be1489
501,513,12,unique_exact,513,d1bdee665c7532011dc580dad153031f0d8616d34e91ff9595b9343b4ceb17bb
502,514,12,unique_exact,514,2852e75e8d4eccae2b742847f7691a134598817140726bc46e50d3fbece3895a
503,515,12,unique_exact,515,9d59a881e3f357f77b7f81f818908d4c319f2dab4086df7c0813feb04d72161d
504,516,12,unique_exact,516,11730e2abd2593406d42e85c0b6f804c07bf2a8e9be4c69bd1a87e59a905ad68
505,517,12,unique_exact,517,21560e6daebbfa19ad9937e3ad881cf16fb85edfd5ef74a759a8fb4afa01b6a6
506,518,12,unique_exact,518,a7adaf5750279ae2adfbef542485cfec27d4a5801d78ed4a2d668c9a25567365
507,519,12,unique_exact,519,00e7f09c18891be34c1e4f87c2d5eee457b2e942a7e59888dac3c6876571bf46
508,520,12,unique_exact,520,fad0e0dfe0e06203d2439878d2b1f5b0c17334bc6cff8c583cee655d83858d9b
509,521,12,unique_exact,521,f3f7082060ed448a61d65d35a8a96e4f960581ed7d5a35859b2656fd820bc6f0
510,522,12,unique_exact,522,e3879abe70393b265b464c54836346d9707debe2a8b25bece722eb12208c0b66
511,523,12,unique_exact,523,2c922e4c4cc102a533206c1fb5ae1503fda51b28a3b0e589c456dc065a9598bc
512,524,12,unique_exact,524,be99e0af86028e3eda123cfb5f383ba5fbdf1b45c38719b0f57c32d3d60e9965
513,525,12,unique_exact,525,4088310d43df75d96d4aa32d64696ac7e7596c64d357b945dacfb5b3d240aa5c
514,526,12,unique_exact,526,ba17f5b8c379a0866afa98e1eaf2849805d8779df34415096c159aa762f5295c
515,527,12,unique_exact,527,4bf2e70cdca6e6928396ed03f7e90e894a0735a08a9652325b9b0eab8c84ab63
516,528,12,unique_exact,528,726026cf4302df0b985898bbb24d8eae922ba7aa5767faae9147e25602111945
517,529,12,unique_exact,529,446babebada86880c9b539d16b1798f02c357138dda3b325b19f26a6e5533a6f
518,530,12,unique_exact,530,30be24f0afb21b43aa3c7ca3f1247ab90c64928c8437169dfa03fae993bda12f
519,531,12,unique_exact,531,a073da7fcf78721c4427232fb11ff378fbe02dba01391f8d272132be7467e20a
520,532,12,unique_exact,532,571a5aae2933ec1243fbf8aa357b313aeff0334e81deee152aa5da3267be4652
521,533,12,unique_exact,533,2f8f13e9e275e7566d42e8bfb1201f2a1666bbbaa376399eee1d5ebe212e2693
522,534,12,unique_exact,534,5b32994f42f0bca48883179802a6e2d7dc01a58cb7e70408e1e5e8c995535e67
523,535,12,unique_exact,535,5325a2e3f66f4cd4f4e413e1b91758f69e1666158c133087c5df60d40887d410
524,536,12,unique_exact,536,86ddb59a124e59866c57ba25a3be5d9af8e94663313375e5715748efcab61c8f
525,537,12,unique_exact,537,f38c3f5c1d7cebb08802d4c99c304214ad3b2386eac3b88f5cf4ffb9dcd5c25c
526,538,12,unique_exact,538,e7324a8b6fa37cdc12ae5815c644308c7df91e710a7974fb09b2bbeb19c38708
527,539,12,unique_exact,539,ba9268b38091981fb666cda5a959d5d00c86f5a745056e84c695d7adcd70287d
528,540,12,unique_exact,540,a3679c2a838c152c6fd4ed64da53de6dbb99c47683c7a2fde5060d045fe9a949
529,541,12,unique_exact,541,92f092f118df9b9bb3daf06892888feabd0aa5c11ef7ff428f9aba93e236b4e5
530,542,12,unique_exact,542,0219e2c3a64418e9d17cfe6e0088a93f2c4cb15b3a12a7c71e18d436bc6899ce
531,543,12,unique_exact,543,f272fd1c3b0047e8e8f399842a3a2a3588fd0c8047ba8a14cbe2f1e9ad3d5256
532,544,12,unique_exact,544,fb34658b9297f873e1bc3e521aca69b453ec8cd9e96385a69880316c0421f234
533,545,12,unique_exact,545,e29eb5d6c474bd1e85ad9d62deb625450b245a42c1fbfa9d3e1cb97b086e05b6
534,546,12,unique_exact,546,db5bc2f448c66c0d65f86e54f48fe1c4fcd0d8b19ab3efb12c767b0b8a28b4cf
535,547,12,unique_exact,547,4d3fbb53dfb437ad4dcbd5714278fe214e553a997c382fa97f1c8b0bec369058
536,548,12,unique_exact,548,cc2b225f9a07a8cdef6a5e1ca5b72157abc7040e5add8fa4d1f7b9d39532cbf2
537,549,12,unique_exact,549,ee6075d9cca1782c8f1f06aba77f93675bffe21648961598395c72ca5eabee9c
538,550,12,unique_exact,550,118a886fd124d0eb200881a1a2154081af6bb0ebc73ba0566cfeda823bfedbad
539,551,12,unique_exact,551,12456c8b7a6da0c4c101e02d272bd910a14a99898545585018e78aa90d8f0aaf
540,552,12,unique_exact,552,cf5880b2058d8e6060b9d997d7f6ca6ff8eee080ffb31244c874140092d11671
541,553,12,unique_exact,553,acf86f5a8b45bf575092a55f96baa1320658169267a9f5966a14eb5910e9d366
542,554,12,unique_exact,554,39dab1a37e44d59f3ac7eaeda74f1a2dfebc8c9792b866b3ec5c6d986db342c1
543,555,12,unique_exact,555,e7327dc791ec14991e03938cb237ece0d6641054a9a407eb3972863b31f0ee48
544,556,12,unique_exact,556,f70c4cd6ae321ef1cddbf72ecc05bcc65cccd36ad82da52eb045099937e89f27
545,557,12,unique_exact,557,426f5a96140502708b0dda22b1028eb476f3f19c9126a0dc28f5169d50169a55
546,558,12,unique_exact,558,58649e1298f3e43428320d3b74720660d7d0ea7d0074350c81e6a211faaca33d
547,559,12,unique_exact,559,867878f6ef923376c0ce4c6c15c828dfa47425629c22718ef61f3b0ea866d250
548,560,12,unique_exact,560,72bc08cba4b5e94cafcdee07eac2914457624e2953c1687d71f61d41885090f0
549,561,12,unique_exact,561,7539bc43178b5234380b54f7e78b823130c681857a9218a43669d01aa37a8bbe
550,562,12,unique_exact,562,34bce08a1eed71ea7584db577261c0b5cf32eaf307d250637cd138ad1ff323e0
551,563,12,unique_exact,563,3add1963ddfb535e936de3740f9165731b3e0379fdd110f53f2c9425286249fd
552,564,12,unique_exact,564,0fa1f52397f6b063b7ca6ca0f58ce5a803fd8ae9cff4bb5e60313fcde009a882
553,565,12,unique_exact,565,0e277ccce6e62c63ce857c10101d5220bbf5b9f1a4141c3159471dbcde7f1e6f
554,566,12,unique_exact,566,0afe6b3f3f5d7cd7ade728ca2ea6816bc4017c97e916de9ee820e415d42aaddd
555,567,12,unique_exact,567,e6a14660e25b2b1607ba17bd995c3bf7834d65cb0d17b7e935171fbd8126763a
556,568,12,unique_exact,568,a0cab71f3fd843b002687f2c016dfd7b3de470e82e8ff92a538713fe05f61622
557,569,12,unique_exact,569,4b18cdc34e9c115b4d70ffa71c5c40ad71e2ec2ae01921b0b51ffe1ba5359c9c
558,570,12,unique_exact,570,a00f677d3f3c1ebe779bda452597db72cc144b686edaf26b179cc1dfd95c482d
559,571,12,unique_exact,571,875aa6959efd122f85628e1d58f85406dd37517fe7c83d7942b8af7acb192083
560,572,12,unique_exact,572,5ee3ef7edfee46197f9d47ba76929348faf69797944176597263abc4cb088110
561,573,12,unique_exact,573,7144b6cad80ca244b9f60933b4f30e6434b746875bbc73f6e982970817bf8c7f
562,574,12,unique_exact,574,5e0490cb9497318954023762a20cd4c8e4d9b335d0c0170d2e1af062d5556a44
563,575,12,unique_exact,575,f6fe1022d119edb1023e0aa3985220f2b903be4eaeb7ff553502dc269fb582da
564,576,12,unique_exact,576,ed3d5bf809f2ccd1f77c928e67a9142558a586e31a7240f979cdfb120312bb3f
565,577,12,unique_exact,577,e7635e705f72e750a3d9aab5ca2b764b441bb161726be0262cf4180acbfb29fc
566,578,12,unique_exact,578,d69bf825f14c6d004b5e0ed369b31bb028dd14643c9ec95dbf155e9c18f79ce9
567,579,12,unique_exact,579,f14f5f4d1bd817dba71910b81358571cf252aa0fc2025f2285dbf0687a4edbb5
568,580,12,unique_exact,580,8850faf9ea86eb7d87c6a6c4e55120622d22ae4626883ed973abecb00d05e752
569,581,12,unique_exact,581,df16ac738f00fe815453dd98d4b193f4043b39003cfc34232113aee09c90ac48
570,582,12,unique_exact,582,5fdd06bd151f7787c696f46c2163718b65429c21b9d349a957c127d471be05bf
571,583,12,unique_exact,583,e7116b94260ee7dd3b0d6776a940e4b57a9666ede9d660f470f7fc718a79085b
572,584,12,unique_exact,584,99af089b52ec4d525330d5dd7318ca89064d0b7471715dd72df87de1051b8462
573,585,12,unique_exact,585,8c4e11e8a6d007cc40c441c75e031c95edbd8aa0d9f9e28cbf78f90ecb3c60f7
574,586,12,unique_exact,586,abdda3394c204cc403226551aee3cdb8918c5ac168c42e9d8d2ec42ff0aa2535
575,587,12,unique_exact,587,77788b952f7ea85c81bde7b61d27c77c551741560c0463f586a5aba9b6128b92
576,588,12,unique_exact,588,b9f4896e37d0c3bb0d8497815d49d84d93172b4455eea92406939a2730379ba2
577,589,12,unique_exact,589,b307eb525abdb1e92719832e4031db14d8c1107a740bd2c8afff9b148e0e61f5
578,590,12,unique_exact,590,9198804b525035db918eb15e683cac2a0b601d68a87b8b0ae51f0af5e12e0d45
579,591,12,unique_exact,591,441ba1deb5744d877d19bafbf21cfe9fa72d66a4761d31530dfae1db40abc55d
580,592,12,unique_exact,592,7ba46e5e45cfc5d3855625ae621809691eba772ca2b91a77e890c478df5dec34
581,593,12,unique_exact,593,59550f7525ca7a45e70d2972fb2db7ef42a54b25bdc2e9fe23a52d108f2caaa0
582,594,12,unique_exact,594,4509bce3816989405d519cff4800dad590c6915034c9baf003d9915b0600c444
583,595,12,unique_exact,595,19b140c127bd87a4b163856822c91f0c65604856ca794b546b6ff4906a0a2790
584,596,12,unique_exact,596,059d1d357c9b0c536b9e3b4e08428fdb24269334a0212a7abfea354e6f00e4da
585,597,12,unique_exact,597,103b6b86e1e2eeb721bde38386188f35792d356348259397c1dc3ff5455c8259
586,598,12,unique_exact,598,e276bab4c14a7aa6aa35071cd2802e1ffce49770d82eac7b970b427bedde2ca7
587,599,12,unique_exact,599,2b7fb3a560c2dd4026d1a3736a31b88806328bf9bed53587dac6fb3192071ed5
588,600,12,unique_exact,600,304da73b6e0e697dfd8151441b0ee2fdf6f11033efa96cee7f6fa0c1587cc991
589,601,12,unique_exact,601,51c70df19537a183e274aa92d0a1df5f53ffb4f8ab4ca8ff4fca455dca0247a3
590,602,12,unique_exact,602,fa9a1c8c1a53911d840ae29e97658b26f0e726219d480964f2c668233d00a11e
591,603,12,unique_exact,603,9bcf44e8de2b1d0303d519d6b790b55e67c72258431edae0213b88257127d781
592,604,12,unique_exact,604,fde7e0717421a216b444cba74d98747fe603b7c2135ee71046f7a3cb14e7746d
593,605,12,unique_exact,605,3423f0beec8d20bb6fb8722a00d1acd8b093505fbfad4ff1ab560a1b4ab32e7d
594,606,12,unique_exact,606,89111290f50d1480d22bcb0f587e29961ab1becc117ff2e3db164d0bf2f6c2f7
595,607,12,unique_exact,607,2aba68aff8516349ebb82072acf649bd5d6e9a633b38f8d74f97e2bf9f8581d6
596,608,12,unique_exact,608,355d0f0df29c301aa9dae7822ca74955daed07c22b6d671a0306001f6f9e367e
597,609,12,unique_exact,609,1e706181fc4036be09b79e2550238c01f0be4268e26726283f9372663d881697
598,610,12,unique_exact,610,8d8bfb2165c0754351ddacdf424a21888c0bee7851503bf9bee8784031e999a3
599,611,12,unique_exact,611,0a45986b97671674711e7dbcaac9b8e2fbdc19606e65020a2f4c7a9ebd1708cc
600,612,12,unique_exact,612,73bfbd880fb690342d5e6a8645fe47e2b800b0c1c2117c40280c01ae49c9e6bb
601,613,12,unique_exact,613,859949474424cf9c2f83b23146c582e234df8a603498cfd747696e806ef6333c
602,614,12,unique_exact,614,98f25bbb15e8fda1a121f11a30c62967cc17b45e413cae5f06a328a08162b3cb
603,615,12,unique_exact,615,7a08f5c20a55b612b6358862e2bfe18c1c0ed052893da5653ab00b7871e8f4e5
604,616,12,unique_exact,616,9a7a51ff07ab5f3ecbd6cd847f66e3188412f09c9a2f38f8a8f6918d4bda1fc4
605,617,12,unique_exact,617,a0086d4835a502f0a2db303d7f46ab773a25b665eb086106424076d164ba676a
606,618,12,unique_exact,618,1fb336fd1b08994eb0ef00b1ed806e134ff57f708de60c1d4e982c0e2989548a
607,619,12,unique_exact,619,989485a1a5201f457f2fcbd963420d668c0027daf798a9e6c3f5eea15e333552
608,620,12,unique_exact,620,2d95694a3c2def7a6e2cbbdc516bbc60cdbe6cddfc2d04e84903f9f170259ca2
609,621,12,unique_exact,621,51695c9a4b07c12f580c7c1baaa7b132e91ad415f64c8393ca9c03b492867790
610,622,12,unique_exact,622,3db1a78aa0151d12729fc49761fec627b4bf3ea9bf4aaf5fde16fd07dcb667e6
611,623,12,unique_exact,623,2065c8962d81943fda17a08d772184aaf66858afeb142f92368edec9347b9aba
612,624,12,unique_exact,624,a138d72aed73786dda500906d3ee74acd2e9ddcd564e8c1f2b64b7f114de1dec
613,625,12,unique_exact,625,2c32e4383345e6b9f1f669a31882cfdf365280ddb6bb919416f6be6aef7074f8
614,626,12,unique_exact,626,c834c8b8dfba240dd3ad2dabbaf6bf9b1bc3ff3bb4ec82b68aefabd839e69e85
615,627,12,unique_exact,627,78e66225e7afa94344990cf38e06af20d4ec4aff9b0e625b8991402687f573ea
616,628,12,unique_exact,628,ac03ebb5134c7891b55bd33220e38f446c747d5816cbb8c91bcacf7c8f4958ad
617,629,12,unique_exact,629,bfe9f5455322a6c7af11593a67f6b5f3b6477eb270f653f7611bd5456efe04c5
618,630,12,unique_exact,630,6b62d34125f18a63d11c12ab195d8cc291028314aca618639382429694e0aa02
619,631,12,unique_exact,631,811a47dc1ad686acf6ab98617d7f54b7962ac99dda6df768494cb9b495ce810c
620,632,12,unique_exact,632,6a1abcc299b9417252402abbe82bdeca5da49f5c404744da33aded5607074f6f
621,633,12,unique_exact,633,13501ecc9043bccdede6666233e521d7e0146f9b483ef28eb7f42e409b7e4021
622,634,12,unique_exact,634,407c20d5b011a9b2da4d19297bc177f21efa834ffab815ad8eff0fa28bb1581b
623,635,12,unique_exact,635,82143627b06c424a67e3f3a3295604907a74f9acc55ecb0d796c1168b677181e
624,636,12,unique_exact,636,3186ce2153ed556b325163b0d99588127ac25ddf79fa1c0ee5b44ea00b6687ec
625,637,12,unique_exact,637,5b3b26640ecc42d9dc6f2bc78d2c705b3a66953da7ce3c19fd9d4ee40153ea98
626,638,12,unique_exact,638,2a377e5b83bb98c9722777c75563e2ca218e114dacedd888e83310f08651e29b
627,639,12,unique_exact,639,041fc11f9888395f75f88af34d20ab052abb3e61006fc499d010ae75df3c50ba
628,640,12,unique_exact,640,9f4e4c24e0431ecf2b5f33683a50c5eb67800e75e8e07bd9f4da2469852da780
629,641,12,unique_exact,641,973b69b170c4b538112630352dd944a554ab45503f38628c92f686e96da15c05
630,642,12,unique_exact,642,18f5cfa05b26c2b6d7fdf882f105c537481cfbbd0f443aec357e38ea9a97b651
631,643,12,unique_exact,643,ef3a20009fdfc30b46ffbfb4a1890c1511cfe39a3b274bdbc7a1d64800e6a276
632,644,12,unique_exact,644,8650f6d7f3d7a753146deeda4d5314648c5c3c9318d64b0fb2101e1626beefac
633,645,12,unique_exact,645,b32ee1ff8d0e3674097d677bd54f8e261156a5848455e44c671fb15b9f74817a
634,646,12,unique_exact,646,cea236d7c36215081ebbd4eb1eb846c844cf62cc998c3aceb0933014a333b495
635,647,12,unique_exact,647,0e24f4cfea66e148d2fe709201d51d6dc383ae3c39cfcf2e8eba578240c2ea97
636,648,12,unique_exact,648,5684524cfd94de9ab3c55ea2f795e414c6639cd6883f829cddded6a9020d5604
637,649,12,unique_exact,649,33714d58946507b48feaf24821f3dc7d98f175bec35ef9d369447899435ef14a
638,650,12,unique_exact,650,74e43338a3a6fae6c4cee98434b5931c6917906e36696dc486b339fe97874553
639,651,12,unique_exact,651,ea4fbc592f069769b914864077d11eef9a852a89ef0f8bfdcac961714b98eadb
640,652,12,unique_exact,652,b6ccb57d48493ba3705d1c6f40696384a4a254f6e025431cdef162b10f29eff9
641,653,12,unique_exact,653,41162e95a4a9420c8995b40d8fd198738b7e469a7c33ff7c97953419a525eaaf
642,654,12,unique_exact,654,0cb5e7c4da4a3ca2bb43811d321cfb0678c9e04e5f10d5f199e473d609de1cf7
643,655,12,unique_exact,655,1e9f595929d34ea7973f4348ec9c458a998f9d5b31ea9e37da108b7a088a7151
644,656,12,unique_exact,656,2d89038f1a4e799a4f0874d37cd5af6049d20ce0f51d33621c1ebe1c6a45e32b
645,657,12,unique_exact,657,a3cee7b8a3617f2b7714e1c5c7762c2ea3a228afed8b68b931704847417a0cbc
646,658,12,unique_exact,658,72f92ea9b3023afdae6f6faa7cd32031dc3ce92c8d01199cb472fa9f1724b91e
647,659,12,unique_exact,659,c08586cbd1328231eae94a44c120d05395696271cb44297d11f04004d41d8624
648,660,12,unique_exact,660,1095e7ecfb1ffa5bfe2a85ec4db2515e8837b91a12e62dc3227fac845aa63846
649,661,12,unique_exact,661,e6ce6fc07a20b4bea25b100cb77a88178f50b59653ce0a39ef63f15c8d39a6f9
650,662,12,unique_exact,662,3794806e3fbdfed124f85e137664c3764dbc35bc453dd9acd5962d2dfff15fb5
651,663,12,unique_exact,663,5ae1bf7b7283e996b26d7793fe6ae75f63fa5d497400e8d23708d328926780fd
652,664,12,unique_exact,664,d1af4d44f7b52e0fbaa2407e8c19e743a669fe9205ec4ede302d1f16be13d01a
653,665,12,unique_exact,665,f73311ad53c726835d5aa0c4b2e292b9318f1016994b8e8060b31a60c457c15c
654,666,12,unique_exact,666,eab0fc33ae2f40553ecf82fc2b4440d394d3183797d7ecad7326bf48a6cae6bc
655,667,12,unique_exact,667,e693e79f1e81fe3fad76324e7ac6af1793be586273ae9fd9236eb111461b7efc
656,668,12,unique_exact,668,6272dda23f828cb18e2bbdebd1a6253eb662b3ad2fc6f0d063cd9461cd3c8d5d
657,669,12,unique_exact,669,0193903f77d2be9e7c0136b402c8d4725cd2e5f91aeaddb8c436b0ae3b54dd37
658,670,12,unique_exact,670,3125f2ba991232b9197fb80cf66415b9b1966eac501044f09ef74c1a2b9132a9
659,671,12,unique_exact,671,0f9250a1790fcbb2faa455d2ac570013c677e01050f20a002195473ace22b98d
660,672,12,unique_exact,672,b698b67f8975df93991f7760fdd505bc2ea5630769beb33aa55903f13f08b804
661,673,12,unique_exact,673,469936854bb21b82d57484eaaf92b9cbefe967be37371071ab99a8b7e150ea15
662,674,12,unique_exact,674,aa68f3a5eabd65df66cd23505ab8ca498e6cff085de9d273229c0c3bb15249a1
663,675,12,unique_exact,675,8aa0be2a7fcf36dfb6c5bcedfa4d76dea75eff0c00203426a8308f9c425bb01a
664,676,12,unique_exact,676,13c2325d0d18cb8ddce6a6d4fa0eccd871655ef338343ddd1d29ebaab34e5270
665,677,12,unique_exact,677,787f3f724aa318a5c240febad3a42061b4132ef96a9f1c7ea9dfd2f0c1d19529
666,678,12,unique_exact,678,83c99efee92a2763f4c2cd4293caab66b0f74222b9d2193ca032620a9d9996e8
667,679,12,unique_exact,679,2951da6952ad09c05171de60cd4a60b771f936671ad496af415b67caaf434d43
668,680,12,unique_exact,680,e85fcd69ff13a00b40dca3a386e76c6f50a5c1be205b6db95689d6ac1fc8f6e3
669,681,12,unique_exact,681,28590453cf49a81750ff691dbf0dfd3c253e2ac509fe66936de5995aaac622d8
670,682,12,unique_exact,682,0a4f12e82da4a69a8e75c444a99d0886b8872bfa25a7d8880743374f7a05b119
671,683,12,unique_exact,683,8d7ca2d10e808e2b211243290afaaaff2338ce12589c1a0a94ca4a748d62b158
672,684,12,unique_exact,684,7b4409614d6b4fd6d4efe5360bba549664c26fdd61a361a5a02773d6f0762619
673,685,12,unique_exact,685,8ac0f600090772bf4bd4b390367fb8ac0b43ec047bbf9848b8e3fa3028d3784d
674,686,12,unique_exact,686,b1416b90001675305528012f36607318c918c8529b56289d3ffc727dc40a2b8d
675,687,12,unique_exact,687,f03347f20cbb53ac63609af898d1eeec9974d434d96c19a93b54e73b273d73ba
676,688,12,unique_exact,688,6e720b97ef5300bd07224270e85dfc9c963a7a4c2c3ee6990078c50211302afa
677,689,12,unique_exact,689,247efa286d384ed137e82c3350e74fda034a9c66635d6916d6d204fb4fa6e1c0
678,690,12,unique_exact,690,a3fc8d6f33988913a2433ab7db46a7c994e6be007e7d2a1c8b1ea26cc3a3c91e
679,691,12,unique_exact,691,ce5e120d6f1bb975cfbf726725bd9f72b1f93f7b25fc2de9f45af704bd7a0ea9
680,692,12,unique_exact,692,83285e6490b504ac1fba353ea4616bf0ca09864ad010215f50b212a2101d7a13
681,693,12,unique_exact,693,bfa5f0f4357209e1d7646126a3a80d9756cc7ad375a9b27e200e299786077a88
682,694,12,unique_exact,694,1da199e5e4a148ecbc945df462d32be8c99b70d4939ab702dc14b0c1bf837969
683,695,12,unique_exact,695,fd3639146a18ebd4c1390b9da6e0656b2d0861db237d0bd8dd1af33a2edb7938
684,696,12,unique_exact,696,2c4e1ec3deef0c68f33b8991e3507adea088195f94c35a9d860249c0dc8d5707
685,697,12,unique_exact,697,bf566891cce33f455a725f59ba4733e1f2dd0a159b9dd7217582398b08cabfd6
686,698,12,unique_exact,698,1576bb4c25e5c8a80aebcf83845e3f8fb6130044c08cb1f871c4d97e87de898e
687,699,12,unique_exact,699,b2cf594606a768b4ac3930e00a608ed5424d0af600f83d76097eef502c64afa1
688,700,12,unique_exact,700,8aeb1a3da9898a7a601e9ff67bdf452f7d6ea79be9336b73cc4196286fd2db7a
689,701,12,unique_exact,701,5f9f0fe38a55571818a44cb2044737b988694159d9b782ca20cf586755893d03
690,702,12,unique_exact,702,e2a527fa69ab16367fbe5d9097393020d4d11f3fe1b72d3811f014919bef8fcb
691,703,12,unique_exact,703,f1c792140480b54d24b4d0e0a1a9ef39ee8a4b0b31bd62d1b916e184a4ed7d3a
692,704,12,unique_exact,704,3907b973f340f604f4b0261935868cc6aa51938a2dd3760e0d77cd100f95752a
693,705,12,unique_exact,705,0867754a5ed06ab64d55af4347ec0dc9699f3ff1fc017c7d993d64e7cbd4b354
694,706,12,unique_exact,706,5a1297f94094be458df04658d1cb2dcd6500b16e9534b59b08d3bc0f01fbb257
695,707,12,unique_exact,707,df85c7d95d62292f65ba36aa175da45ef5bbe29ee2ab4bb007e583f31766cdc4
696,708,12,unique_exact,708,508b2fcaf78ab515b415a148ab2106fbc30bf3870d8922506af3671d2997a624
697,709,12,unique_exact,709,1ebb4adebd5fd13c10c64c40908850783a51b2d29e9efe0c41dc85a751def711
698,710,12,unique_exact,710,5114538abf20dce463784fdba6eeb39be4d2da414e2f6d7487f881d68dfa6ef9
699,711,12,unique_exact,711,728173f7dbfedcf79e84257c5ba1a7c62c96e674f6d2c5150513b567752aba99
700,712,12,unique_exact,712,2d69347f3b4981d1d7c9c7d1e92d491fbf2b8fb02700cd51d416486916f5f8f3
701,713,12,unique_exact,713,fd25d5f5dd33fc71737fd75ba709ab7248028c41e409afc2b2a02ea19a2edb41
702,714,12,unique_exact,714,f1357e7b9bbe555101dfe6879c61da2f3642e927c2aba26089587a0ed2e58c3a
703,715,12,unique_exact,715,b6b0a9b78b0348de32243b46979066c81a3316202cfd1c4ba2b9bbd51b21ac56
704,716,12,unique_exact,716,c5469e1b95f83c8c27e2b148fb1ee66a1be23faa170cf3f38d28d0fdfd19ff3a
705,717,12,unique_exact,717,05e5d25967a2ca551bcb45f4cda8b43d47709dc2719a37254c87403fc128315d
706,718,12,unique_exact,718,36e8b7383d7d2f296685227c607e690e0781326acde81a885fcd8cb49df4f20f
707,719,12,unique_exact,719,b66ff783404b736b710f09b74e920e31917b3fb1948a681e862d6072a6c19b89
708,720,12,unique_exact,720,3ec6c1660e4020aa9970dde6940ad3da4b3947c9dc4d6eaf490ef94811823b50
709,721,12,unique_exact,721,99c16d58a567baf35feb5f09263fa8507b05b2d6418a3136acb1e1ea24f5ad1e
710,722,12,unique_exact,722,7e2b2fadbd34ae55e5fefdb0b793ef8ba3bae4836ec553da8a4c13b7712dac13
711,723,12,unique_exact,723,c778af1b3fb28a701fd03719932d2438da39bbe2799731ec6d5ee8e54a6c735e
712,724,12,unique_exact,724,6ccd5d3355e81302339afc875c232c96607a68bd749ea697568f32bb3b57fb40
713,725,12,unique_exact,725,2760bf764ba227a7a63d5b45f75054f4ba0c45da95f35b40bef1f39d2817bf21
714,726,12,unique_exact,726,b5e21d406e63534848ce8d2564798f9bcb08cb6c402415609c3d110d9ee6e331
715,727,12,unique_exact,727,6bdb049e6af028464ff05a752b3b9e9b235033d0d2717ab111247c3865892d81
716,728,12,unique_exact,728,5c5cfd2ec66202d48b665e0220ffb7116cf97e69629a129c555389fb29a7fef0
717,729,12,unique_exact,729,f752c90c205eb23a18fb39a6ba6cb0f2c581cc384ecca191269e4ddc1c457a6d
718,730,12,unique_exact,730,13a3d225e1633bad0e68b1a0e2db9901366656e1e42f37aec1862968bace4e3a
719,731,12,unique_exact,731,2841b2a75de09ce8b5eddec7f21f6b4f4905fbdc82b9cfd465e4434160193d6b
720,732,12,unique_exact,732,1a7ba497bd938a55a40934dc64d0aab549ce6eabbe2e5a41df0835128a0e6682
721,733,12,unique_exact,733,b62141ff91b8bd218c71959b5cfa2526a15fec3f9c9804d28cef05cbb6609156
722,734,12,unique_exact,734,5c8396d043ceb6a7ef079c2f09c9b31fa610868a2d0ad242d65bd1d1df10fc6d
723,735,12,unique_exact,735,8b358632caebe8ea580afaed445dccb2a7fada73decc17f1c182586fe139a0d1
724,736,12,unique_exact,736,e07ea5fea6b71b6a6ebf4bd9f35f274c35339dc9d731a721ae1a3d8d637d6c3c
725,737,12,unique_exact,737,22f9e12c737e9f82d4f93bd3a705774fafd8dc72c259df214b3ac1a2eeb2c9aa
726,738,12,unique_exact,738,b74fc81e5763e99533622e4beb764da38f5ffd7eff6f86076cdb1ceacafa2764
727,739,12,unique_exact,739,0d8e8047cb8523a6a34dfb4f95048f2369878cb9eb713661cc1d3671da849019
728,740,12,unique_exact,740,405ea0227802bf043557613c583c79dab70296fbef74459b257d8b2ccaec96ac
729,741,12,unique_exact,741,aa8da04e221bad966c3a1190ada8609c07f214f484ef669626e516468cc5b3f0
730,742,12,unique_exact,742,5332a2cb641cd64e8419eb237d2a6cd6f4a416f2deaed89bda0ced1648e76b52
731,743,12,unique_exact,743,402c992a71151cb8c9c5e0681fde59e47c8b4277348137d6484486cc2379ca29
732,744,12,unique_exact,744,60ff7ac1a6d94f958de3d44cc6f678682da0440903ee90862e91bf34ec1ba43f
733,745,12,unique_exact,745,bdc0bdb4b7d66b606d66ceab88391a651d7a1c51ddf7b6e8385523fff534c6cf
734,746,12,unique_exact,746,e8aa4c1fcdbf5e57e829ed5e94f7219817e4dbaf6cafb9a3aba0daf0a0e37d2d
735,747,12,unique_exact,747,b32d28f7804699dd84b11e20ba377a6a6b1272334a1d3615181497cb64ae81d5
736,748,12,unique_exact,748,36257c53c68c73d94016137de5d98766575b6c03a64465d22d8eac3f1ff45ba6
737,749,12,unique_exact,749,1c3c24e56bdc61debc10e0068e6caaf5dcf9ec548275f75749ce8b17f0285d52
738,750,12,unique_exact,750,a908c8f035d7a3d8ab334d74fedb2595b9cb5b4a78325170e0f04af848def75c
739,751,12,unique_exact,751,c3388f54dd78e035e9ab7eaaa9b6cdb73f22536f5962a57d03604740980ab3fd
740,752,12,unique_exact,752,06a743626f433a8b249a88b6f6bd4ea6d889c01ba5050ce869ee8b701e117ee8
741,753,12,unique_exact,753,39ed7989258ba86a5fbbee5d1875c2fff7708ae5c5e8f35e14abb44a8613e4b6
742,754,12,unique_exact,754,caf8a2c1cf079e21723645f9c429b86a7168bda349be2ac6a3207658bf913d28
743,755,12,unique_exact,755,1fb3ff9f9825491c95d9f9c1a67c350349afda6fd15199f0b2801240a590cade
744,756,12,unique_exact,756,f13f4a4708e0d8a5f029d138f0a98ededd5b9bb38e057893559e7400d00b0889
745,757,12,unique_exact,757,d8826d5c2847c95460746139ccc5acd219c4c7cbe34c4c06e325d1df013d87ec
746,758,12,unique_exact,758,6cd3f71a8fdcd362fc5ff383a1efc593ef5c4fff55d88d17d46735c89b10db73
747,759,12,unique_exact,759,c984f2bf859b2f7ade6e07612a4d4455fdcc139a85dc1a51788f38fb6fe1a68a
748,760,12,unique_exact,760,8dd98d04e2805ab2e615f8a56dff43e4488d5a9f7c4b2741cd1acfe36c59881f
749,761,12,unique_exact,761,f09d2b5abdf76794b264f8c28616127ecb6c5fb571fb835305f323b8d4c2ac0b
750,762,12,unique_exact,762,1f067268f78c0e50f61141130688c047222fc5fcbcc442f7dbd1cc7e891bd38c
751,763,12,unique_exact,763,23d69e89cd3b2c0b242dfcac30e57cea87df1009b77b63573d128a5eb762903a
752,764,12,unique_exact,764,c86c24161bcc332a98385d139422b22c9403e5dad2fa2f31b690273e5c5c3572
753,765,12,unique_exact,765,bd49b91fe469a3177f977086dbf6957cc34b12bb4588cfa6fdbdb61ab8ed6859
754,766,12,unique_exact,766,372eaaa5b32ab0b51c20d8d0ab6714d16c9088f9f220e43c8c67252529d50f25
755,767,12,unique_exact,767,1b9b52e611e692c1a3ae312c1f0cae41d890320597dc5f81a9e45220ca59666c
756,768,12,unique_exact,768,8f54f35aef0f5d16e21cc801ad62bc675c003ede89083bf5ba7feeea1404e57d
757,769,12,unique_exact,769,866998bf4240c7f17ae5c3818a93c2898c8778af0b9fcd2d75dd00a3cc4436e6
758,770,12,unique_exact,770,83c2e5621ab6d469ddadf37073c99f71211cd8762b868bb3f2eda833ee097b63
759,771,12,unique_exact,771,2d02dab997c5614952aa57328e55f80fbf90d5585ed16338717a6f9c1ad9037c
760,772,12,unique_exact,772,f107dc3265ea29339a7d8693e8d38658334a8d8fafd5ff1555d1c92be700ff51
761,773,12,unique_exact,773,ca0d93bf01948d36d74fd4259fc09d4f1d70231d000ab7f97cffd26382ad5c38
762,774,12,unique_exact,774,814a9d342f0d808e9918a6e488d680ca12bc60de181c39156cfcd9857399ad07
763,775,12,unique_exact,775,e62d100083e5fc06c71fee6d86b207a2444a3a203b253cab81748e5f7bafefbb
764,776,12,unique_exact,776,81244a9b845281090ccdcdcd8bc2db18c4fca9487a2e93b4553f0c9bc849690a
765,777,12,unique_exact,777,3ed7aad02569b3e9a816fc9a8b916526bb42c7a91317df14d9e1196df9e1d157
766,778,12,unique_exact,778,5e39c4fdec98a31a7ead93e7cee42ed09411b3ea14632ebd6cfef5ad0ef6b07b
767,779,12,unique_exact,779,09785a7dd363384acfbacbd3b5c072f64426ee56d0dda8b4f42b71a482a174ab
768,780,12,unique_exact,780,a6dd946e1267b01839cf63a77f8097df92666a1fb3eb1c3c82417df5232b0e18
769,781,12,unique_exact,781,8e9d4c379fcc7d6f28c05ba803d830225ff60bb756311e93d63d2c16d608311d
770,782,12,unique_exact,782,0bbff2431b3199efe50f57e5d7dfa75d30860f9e00e087b14bd9a793b9ae6d6b
771,783,12,unique_exact,783,0a2fdc3c7bc4fd717e90009145788382e4b1f2336a216bfcd08b552a7b4a45d9
772,784,12,unique_exact,784,050ca85c044f6ebfbc8dd579d5f77587036cb8c8e9c7de03b514b3c93b5401b5
773,785,12,unique_exact,785,f9bdca309371ca1dd82b6bf27950aeedca110d5cdbfe3472f63ef1fa55c18111
774,786,12,unique_exact,786,4ddd9cfdf486547fddf4fde113b64491bfecaf21015b05a591bf653693689604
775,787,12,unique_exact,787,4ec456358469c2d703e3d9e8a49ef7a4c3266f3199d993e4fec45f0723d05ab1
776,788,12,unique_exact,788,ef61954d45c67d1ff11eb67f4f82c8546abcbcb09c1b7d12187b9c302f49adf2
777,789,12,unique_exact,789,f8545417502bd43aff63229980b0cc1808c97754999f82603124dbcd589fdb1e
778,790,12,unique_exact,790,7ca890cfe8f99f902400943d27d56f8362575adf31367ab34bd36bbaa645f035
779,791,12,unique_exact,791,441705103b4db8bf48b62c0dc5fefc94d023af1e7f2105d3006bae91bbce3f7b
780,792,12,unique_exact,792,c982629207b57b5e91125b9bacb56959641391a9438fa31e2d4aabc6d76cdb8b
781,793,12,unique_exact,793,4d6cb4c4c74376e03ef9bba126203ac64070c611eaeb243d08d41ead9c92ac9a
782,794,12,unique_exact,794,628b562243c829ee8bd7953be63cc6245a2c9d4c7c08ce82a9a61ee335181298
783,795,12,unique_exact,795,65fde63386e71bf813df645ff939552e26fbf97e1484159cc4ff72cbb3a6485a
784,796,12,unique_exact,796,17d140804f9873ea060abb0ce8fa8a8612ba1a47339812bdc8ebe1a9b330892e
785,797,12,unique_exact,797,7fcb8081a7ba7a904db92ae5e6997219311ac731b81715c37808ad740f072001
786,798,12,unique_exact,798,648d8a0fc7a504881623e4dfdb04d84e7f0c2757dab06e4ecabfc40204ecbd84
787,799,12,unique_exact,799,2930a068ebf4dfdfe4a94107fde3730994ee8fea45960d9945fc095ad0bec79b
788,800,12,unique_exact,800,e1fa8c4b67563c9448f594146c4eb7ce99a25d04e006193f84dd7707dd95ac85
789,801,12,unique_exact,801,778317595fdb85bde322f15cee1a5efb23b7d64b3065b3c3c9c05261ded0b892
790,802,12,unique_exact,802,61ee7373758e85bd47dc2453dc6c25fe8a5093abc474305c8e33c32e33922e66
791,803,12,unique_exact,803,8ee1facd4b8464f142b0abf96878e36373f687efbb1f4166075c6f799c76afe3
792,804,12,unique_exact,804,c6f75f7c71eefced5eb915351092844c9e0994de23d0a0f1a40a83437aa19dd5
793,805,12,unique_exact,805,0901d9a83ed149123183a24adad4e1ab08905098911c2c5dcd8abfd51c3afb76
794,806,12,unique_exact,806,ca660309296497cd191024ce4d7a7e209abf136c701e7a6b27620162fb7d244e
795,807,12,unique_exact,807,9dee23964a051e171ef2a167079770eabddf9d2a9e960e5b8cd1023a2251cbee
796,808,12,unique_exact,808,2816e63992d66c34aede2ecc76e7c2ab675991e79c175eb68f030c53103c2c16
797,809,12,unique_exact,809,a5e7ed6dcf884ace79323671c3fc2ef36421740d34ff941b030188b17977c953
798,810,12,unique_exact,810,be9851052da1160d11c659e0bf039a89ab738ef997bc16d9710a763abd0167b6
799,811,12,unique_exact,811,0de183b8119a17569c99c6339e061e1999954f01a29800ffca42133b6fc0070a
800,812,12,unique_exact,812,b20870a26fef34891f981ff332b6fd82ed8d5c38dba34036d0a94dd6c457db8e
801,813,12,unique_exact,813,657c31ebcafe492bee57bb688dd7a556bc4b0edc31db358e4ef7c4088eb19a68
802,814,12,unique_exact,814,7ab40e487fffd97fa18cdd9abf9dad6dfd95e9d111870fd5b4453517a64d662c
803,815,12,unique_exact,815,7f61f4ef66541f4d0b051f7e333ac23b4b5a01ea77b4d3af609cc13a2b6bb41f
804,816,12,unique_exact,816,b249d9dfc7df443c1ddc9690a02687ff666d403c870d91d15d260602881ee800
805,817,12,unique_exact,817,3060eb53d320c56420d734b19d383c51dc672c82695013fb177a6dd6a6f5f696
806,818,12,unique_exact,818,ff2607d73d67baa4c46393b1f8c1a9aaed4b915559b958fcc10a715d88b59640
807,819,12,unique_exact,819,ce479fcc0ce5b7d58a573f371cdbc06469635a0642addda1690af9b6d162f726
808,820,12,unique_exact,820,24f7afb37c43b5f1515e2cc8ddb65ffc01433e5cce0d861b2560da09d413c3cd
809,821,12,unique_exact,821,9e9c44856d2d25c08fb382b19019538fd9b7c404551ada7f68224f9ea74aa4ba
810,822,12,unique_exact,822,6fe1246c8c56c903203700a5745029d4c3c26b21ebfe25f80ddeee4c0ff6e0cb
811,823,12,unique_exact,823,bd94fd57e82867a3d05f88b7380ff2d1f0efcafdced37a09de201554fb6d4be3
812,824,12,unique_exact,824,070243d76c0b2f30474dd7e361bf37fbfd1767a70112fc4e72e76bd33d6460f6
813,825,12,unique_exact,825,6f124507d97a50b5807c6664132533a5e04e0a17c75548e01b0f05b42b60a4a4
814,826,12,unique_exact,826,9ee37c38415ef1f622afe907be90b380e0efc9f354cd66fcd5fa7ad07561a921
815,827,12,unique_exact,827,4f70de81b22fdece606ff1b343bca632357df9306fc5277da7d517d1654309ba
816,828,12,unique_exact,828,c23961e8739f3451999dbc0f993d5b6b484f4a7c5733ac1504be0e14335ea193
817,829,12,unique_exact,829,40a0593102aaba01ed051938283602da73f0a6ca6b13ec4e29ba72682fa3c7af
818,830,12,unique_exact,830,462121cb1bcea41721cf89280a3889df85eed5b4370ccc49e5b53d92dd6a2dee
819,831,12,unique_exact,831,ae1ad0800ddc4d3bca7cea52e93d8fd0d1702210e5ed2bd700bfa9b2da76ecdc
820,832,12,unique_exact,832,86818479acfee8301b9f4bda9c0470f7b8b947e2d8fd4b381d7a79be13fbb087
821,833,12,unique_exact,833,b5320654ef4e0d82652debb05c66478332603a8c81db9c83cf62268330316a78
822,834,12,unique_exact,834,fcb399af2fb125e8f8f28a35f88accc991d4ef8324636ba514adcf19d88844b0
823,835,12,unique_exact,835,e10e7689e6524d6fe41d65214dbc237c363f03036b328b882276aac51aac8d1b
824,836,12,unique_exact,836,549176747ec29f239fb9450ef532b89c670374e386ce1103a8d74ac8032792a4
825,837,12,unique_exact,837,4068f079708e4e3030af7f15253017819c0c0ea78146ffef4558b56212df870b
826,838,12,unique_exact,838,796677a35316100169ae031e7b058c2fe79549006804de1cf0646e71ff1558dd
827,839,12,unique_exact,839,8d14e12bdd4d840380f421c1a1c48a3661497ff760ef37ce3f814eb57c9a4f92
828,840,12,unique_exact,840,6829b2817db1445bb318e7363849a394a77e63fa4104bb5d7f09a8caeef2eab7
829,841,12,unique_exact,841,09e89a7a28f342f29c69c71a5605b808a5e6bdeec05ece356af137e3481929b4
830,842,12,unique_exact,842,6eab65b2e3be6c5218f4facd358b2edf2f8807eeef56e99a4a246ec5ae24e6b1
831,843,12,unique_exact,843,898237d69878705167b4bcbad1bfb9ca599ab78228100283c1a283d392354f70
832,844,12,unique_exact,844,861493c88f72b26114d3e05cf77645b22643397187bc0b4736f0e88feb417708
833,845,12,unique_exact,845,4d92a680259ddc6cafffd5adb9d976fa97f8bfb1aafaf8649700d70453b487eb
834,846,12,unique_exact,846,66476545ee5380d0354c092d1b134f655ac6a71d0755236c172b8d4a80eb0809
835,847,12,unique_exact,847,a80c259a574e2c176c1f2cf837fe424928e6a3d37fc1b055657071155b6cd122
836,848,12,unique_exact,848,f51518ee9a57cfd9d8a2ea7dede81f4818e6084b22a1b0048e7276e1c9633e0f
837,849,12,unique_exact,849,6800fe8476716dcb84c177a020cee1201e62bc0992bba22298da4aaa3448649e
838,850,12,unique_exact,850,06bb060feac06005d3f238750c0ea9cbdd829c7dca9455c8947d8870f6e0e873
839,851,12,unique_exact,851,d17c689bee638355a5792f664c5e2f8ac5ad9dcbba64ee59d2f0a3889ad28e6a
840,852,12,unique_exact,852,9a60f0c71ca25a9eaf05d02e3e463ca7e4c4688fe0704b6286e0da731c518b72
841,853,12,unique_exact,853,c5d33ab4a29ff54afa6e3f196000e61ea3f6e6631f2a408091f4ab7578a08db8
842,854,12,unique_exact,854,478051332a55c1cb214e5c1c79ac4367ef5cf0300961feee6511556fd4bf12b5
843,855,12,unique_exact,855,4e02034d4062d9841f6692726cf13ab8ee26d9c0c97f68c00c63a2f35bcafea0
844,856,12,unique_exact,856,53d9df00af74c53a00fe30794bb141f8349a60a48a5e45b1faafbe7f5a477f17
845,857,12,unique_exact,857,f9c436ba171641bba04974933d2440e2ec9bccf6fe641fbfc0cadd83a843725d
846,858,12,unique_exact,858,7d01c1eb354d48b0c238e4e71246e1ffa3fdd293d9bf2c0549d20dd2dd8cbf4a
847,859,12,unique_exact,859,8493833f67e48c28d5cdd955ba3b401f02123a60d9ad890ff6515444ee6e96d0
848,860,12,unique_exact,860,180902438241f7aa80837d6ff29b2c5e49052a1e12f51491eee1afa1fd307ef0
849,861,12,unique_exact,861,62a4f06fdccb668156dce79ce587c29b19175b87f77f6498fd42a3978bbf6b08
850,862,12,unique_exact,862,e5098f7a176c233fad3eb6ede97f0fe0683b52b92f9e597b5a0414542a3c893b
851,863,12,unique_exact,863,9846fb9189d3b128162194a49b3ec38b9e388f08aa37193a53e11df6a4086fdf
852,864,12,unique_exact,864,d8f4abb7d1ae00706878d0c8f38c90e9e107a1a80de1ce3320050dc8b6c85e98
853,865,12,unique_exact,865,d1a591244b04899090e625d81faf27da756d66a8863501ed2328fe7a964f979c
854,866,12,unique_exact,866,758bf7ffeb4bff838231c3b08cf845bd7545b3abfa8308b9ff06598085432886
855,867,12,unique_exact,867,535521b9d5bde6008637add0360b50eb9ab3d2f02a91a220edb480bbaf45aea6
856,868,12,unique_exact,868,ab3483a6839fe810dc244f9ee4a04325222032f6a5f4f7a0e0ee87c6a06f21e3
857,869,12,unique_exact,869,d4616e0cbb305e156fae061398dc1f7d3b4c85d29bf96d6077609b87a07d7b3b
858,870,12,unique_exact,870,357cbe66137e3ddcde4dc25e8a90d94dfa81319827684f512826bd27ca1d13de
859,871,12,unique_exact,871,17c109f67afbc9497713763fa3fd2b4d2a607ba47485dcb8c2a100224968ef4c
860,872,12,unique_exact,872,2637e4a4d13e8b48e5e170882bc9ded7bee7ae95318f47808a7f74632d52d8c6
861,873,12,unique_exact,873,0245dfe3198a58a88fee50812d0b9b736a0e1a866b09789cbd17fc3e216c207a
862,874,12,unique_exact,874,ca2ab5f86cb31af925641a51f535b3841c589b51a41cf9fa1596acc2bf223dca
863,875,12,unique_exact,875,491c77fd7bbd96ec44efc696f1526d533101e32987d96d9ce2bc9791bda8d13e
864,876,12,unique_exact,876,b7c7d867042dbbb6e0e0f67f6b0c5baa25daef0ba841ac07376e944a4d6e75dc
865,877,12,unique_exact,877,8ca63c1d4b559902df5140d4d9e25721a8bf1d5b2301ac25549c0efe56d94b3a
866,878,12,unique_exact,878,3e58cde66c32b94b708b5e9901bac3c1ec7a5bd65fec0847276b06bc10798591
867,879,12,unique_exact,879,5e3dc0aab863e811b75332c2c4338446c493b919d20dfffb29aa10dd7dfed039
868,880,12,unique_exact,880,b1b66da011c39bdd060fc5b9847fad7e29f3dd2a5c7f0b007124af4c005367d7
869,881,12,unique_exact,881,9f2ce15b3b11b5d897003c524189b2c1edadf86da44c6dab0d706365d13f975d
870,882,12,unique_exact,882,c31cd7937d766b8cb76ce043949bd360a545b3af1980ca8438f044b081473a9b
871,883,12,unique_exact,883,79efc555aa32dad04c215a261c61b401d0f6a4e05a1b174e87576fa2834bcfa5
872,884,12,unique_exact,884,42eba12eb4fd00bbcb3efed3536400afaa918043d7a4c71b92875814cdc0bb73
873,885,12,unique_exact,885,b507ff3d7b2513a67867f93ce289eff6ba75c66e528e4b74e8318505d3363562
874,886,12,unique_exact,886,354437505d7581d41178fbd0d5d0ef109b3da786442706a60b3249542fbdb9df
875,887,12,unique_exact,887,5086d856a41f56af2352c59e8c1ddf86be50ab4622248fd4152e1d188029305d
876,888,12,unique_exact,888,fb1b12bc11bb5ed6ab70362f1368cc1ac39df076e6ff17d7247598a1b1071025
877,889,12,unique_exact,889,23d856788086fb5048fa81b9689f00f651ea247865ae0d7686e41b008e2c5af3
878,890,12,unique_exact,890,fcc5c4ca922e57d4d96345c1872617a5359612ce7484d1047e7fadfae455aa50
879,891,12,unique_exact,891,3ff083b4e72995ced4c236869a4bd9fe09dcb871e3f2f9703d55399ff363f043
880,892,12,unique_exact,892,89f43ed255bc9bf1e69feec6272b1a8798513de66604f400af3d7ea6b5825303
881,893,12,unique_exact,893,843c98ae3143b3f54409bbe958560fc28a3edae96d24b41fc52a6997882a3f79
882,894,12,unique_exact,894,56675d32166f84dcf7369a109ce8f6361c2d6ea16bdc541df1824f7debae83e0
883,895,12,unique_exact,895,cd80e66f46023c6fb2515856109b5a2e3f298c60bd8cbad38a95b1411a426a91
884,896,12,unique_exact,896,2b107c4b7f669eed7d72f66c2ddd188e2cd9909b4e33e07713700b797b30814a
885,897,12,unique_exact,897,31dd6d38ce59f7157efc46d464d225f13e8efef09a9e4a235fb411df7831bea2
886,898,12,unique_exact,898,f41c6e272c59d29f2911f9f72180244807e6922173d9ab27fdb9bd3c91021661
887,899,12,unique_exact,899,1400128b078d80d794dc201da2d2ecdba22df1c01a1f51583bf97dfb5419d8dc
888,900,12,unique_exact,900,73dcdc737fa4c3be963d47fd9609eeef68e9d6d4f9467f84556f800529b074d4
889,901,12,unique_exact,901,46c990f445d80a65256af23fa56331b074cb1d9429cd08c11096a92e57a5f0dc
890,902,12,unique_exact,902,38e0e5db09b43f12b8e5bac7a409126bba0d159b6860d15a32e013238edc7ce7
891,903,12,unique_exact,903,9dccaaa439951685593910196bf0d9b23565a081c95482e1807f860ae3949c6b
892,904,12,unique_exact,904,226c6bd39169a8398a4fbeb1788cfb21b7beca609d19e6f9aba8a5928e33b308
893,905,12,unique_exact,905,e171c4ef484ffca5a4a2bfeddd1aae288ba587a376564a6ad951fa18249ee277
894,906,12,unique_exact,906,c0ac54d01c53ef628a63477969de694952aae429f42eb2366faf6422f2b5584b
895,907,12,unique_exact,907,11ffa3bbab39d81a675d065af52403eb6afe6c4f7064785f27e861c2d9c0c00b
896,908,12,unique_exact,908,c9471abc0269a587f3f5202c8aaebe89435b10e1f8b00054ad7221eaf55b4223
897,909,12,unique_exact,909,cb209429528f718f478f0d695dee54cb66b5c9eec0f5598329391ec57a91dd9b
898,910,12,unique_exact,910,23bbd2ad31cdaad4204e2e4d30e43d5da5faa6bb36c50a404843553e124faa8b
899,911,12,unique_exact,911,94ac3801d591a5049a249de73946635073d00ed8547f22c45d56e67732586a2c
900,912,12,unique_exact,912,bbfedde07e6bbf0425fb06c23300e1f3c2ab6d7f38ccec0750d11c198c05513e
901,913,12,unique_exact,913,d039f65d74b9b76ee30923300133af18a9aa97cea2eed53fe3da35cfca161413
902,914,12,unique_exact,914,19af47894fcfa0f972187b521dac779ec91312daa7c824fa92076c1513adf413
903,915,12,unique_exact,915,fed739700749c73d4f185e722e82e3b267b74a1b69b4859b5db3ede015c6ebf1
904,916,12,unique_exact,916,773f22a3bca861c167378d84c27be7090c37dd9349ab61766a139b31db16d6f6
905,917,12,unique_exact,917,fa4e628daefe628cb19e7766406da1b1f0d8b5ab420bbd67e7da14d2251d9232
906,918,12,unique_exact,918,44587e3ffdff1ca020bc287d316b5cfbbf26f889415f79c456d55d33c4f6f8a4
907,919,12,unique_exact,919,6d8998dcc2120efd82128b38d5b00e20a0a112b1c4f9de4f4b4364cf4a2ac60d
908,920,12,unique_exact,920,dfa2e8e31207a6f5a908c44f38fbd599dff8652a10cebc2838cf42a3917bd510
909,921,12,unique_exact,921,391b022ef11ceaa704ff7e516538acf439c65d4635bbd2bb66f8b251819dee9c
910,922,12,unique_exact,922,ea1d88be98871008837bdc4280daa0a8f16ecfd40fcca50a396a14a1b52fdc37
911,923,12,unique_exact,923,0dbb27a4b58e9de519f724b341c6068b9715d2e1da198d6f2da0e34676ef506f
912,924,12,unique_exact,924,0ff84c8a3f360c35b2711ece8a276f14a8d5fa700e0edcbb90b91ab2a540c9d8
913,925,12,unique_exact,925,11bfc66d647663c4831bb03d1033f0438ebfe9ec75e9205283ab0128a4d42dca
914,926,12,unique_exact,926,974358c191d94ba698506671e56c0e96e799b6e000a9989dc370084992e14082
915,927,12,unique_exact,927,1965db5595b5ab66637a8f217b3b05c866d8a355542f50df4dbb356ae920df1a
916,928,12,unique_exact,928,79a69e2032638e8209ee06185338f2085cd4d5394d8c87d94b534a36887ee793
917,929,12,unique_exact,929,e5543ab3b1a96cf1e7861cb63ffe1073b86e0ebb0e8f36596e1a8624432b520b
918,930,12,unique_exact,930,01ffbfabe9dd8763c976b973405b6a1d93bfbaa3b99b65b631f44298e118962a
919,931,12,unique_exact,931,4186570b2722f070eb20940dc4c6833f3458aaa1b4feb4369b691be40ebcb604
920,932,12,unique_exact,932,611d6b623ef7e407683d9b9e06c4938a2ce5440e453d6f7a0e8026f93c9ea21c
921,933,12,unique_exact,933,53141d7125bfa25e9b5dd409a09d75910490b5f3a310bbf52eb0a13d0a13188a
922,934,12,unique_exact,934,41a1823b3cbded6b1806f330b1cff1d0be0500b78e91d3d6089d20841b8e9710
923,935,12,unique_exact,935,ff8a033938faf5229ba9181ab9d1f3956526819d90e6ddb387bb6b9ebdd64174
924,936,12,unique_exact,936,89834264f4e3b656a2b91309262dda075c5f8d27ed3cf29040b44af682938d77
925,937,12,unique_exact,937,883d8a52429e014598fd4c78815bda746c185e3b166ecd940f6963d6041ebe42
926,938,12,unique_exact,938,6d33c2915d5fac107b3dc4b74189039d680621e183a6c429b09eceee977f6328
927,939,12,unique_exact,939,25fa90cd5c01b12615339402fc45e2a0a8ce81cb93983bc6e359f3fa9e8f2df0
928,940,12,unique_exact,940,1427ab86509b4f942326f0315f3290d1907fdfdaa946102f0528b8092d29dc6f
929,941,12,unique_exact,941,e09aa49f4c65c9da5cde717d040c44295558ccdbe4d601974ddc05e194fb5ba8
930,942,12,unique_exact,942,18e8a5684f023466def28f0971ef82ece06b2d03cfdf96932e66e906769fa25c
931,943,12,unique_exact,943,8f4ca3389f1c94015eefb12769b8368c8e0d9d836884f526e946d4ecf320ccfe
932,944,12,unique_exact,944,5f45962d080906da0a35b90da01197fa0b7f324f0061bd17b13f303c7f822a41
933,945,12,unique_exact,945,267a70d81a46046edbb7b560b8890d691d3dd609cef003fd5f28138ff2144343
934,946,12,unique_exact,946,76d1844e4538f4b91ab8ee841a7cb8fe6e0fa722556463036bdfac0c4401ce4c
935,947,12,unique_exact,947,cf393f9e8274c6cebb13f07aaa0beb1ec86b95be8b9e76469b07f3f10c4514cb
936,948,12,unique_exact,948,55a335b60f0632975be4e3df31531f0dcc4034270216cf3d5a6573ba334348eb
937,949,12,unique_exact,949,8e33301856b5678b318292b4e9e3ec960ba6d455c2fb12d83fc0161ac90d9e24
938,950,12,unique_exact,950,e3707010bf0be0fc14ba593d1791844e72578a6f1768a4554f6c0ad3dd05fcfb
939,951,12,unique_exact,951,8d1c3455f320918728d4017f47845fea20d4107d07f7babeb7b50f67ff0f839a
940,952,12,unique_exact,952,3d8c2432b7e82155ea4dbc37bee04ea354a29c77d770b3bf2b9861ed5e37c51d
941,953,12,unique_exact,953,b9966633a37498ca65889cdd40534bc8fcc614fe3f13be5f86d18e7ad1c13093
942,954,12,unique_exact,954,e5139553f6dda28461826201c079a3f7e4064ebda1a3c65bba0d0dc3ee7e7738
943,955,12,unique_exact,955,b9235eea5766fec6438eafd389d1c0f93e5e26e6334590a671c2bdccce1ddbf2
944,956,12,unique_exact,956,39eabf86bef2bcbb866ba83f87804653ace4b38c73fa5060994ce90d89a0a864
945,957,12,unique_exact,957,8836103a22fef57c6092d16aa19636bd2226b72f01ca62b311dfdfc328b1f17b
946,958,12,unique_exact,958,95cad9a7b99107d11f047a00985afd09003c69d58b52f4f86d7c785fa0e2b95e
947,959,12,unique_exact,959,67bbd95e668ab3ecf64cdaad51c24dd981203358d69b53563b232959d220aef3
948,960,12,unique_exact,960,c92482993945ef793ec2301ec4413ba7f84796f270f0c3560fe318a16dbdb0c5
949,961,12,unique_exact,961,254c66a33205346226af62d2e5ea9f075f884591215ffc267658962e94a18b00
950,962,12,unique_exact,962,4a75ad6c97fa3c02896db00cefc872d5103ac2c1c6384d76d54bae55ce83d6cd
951,963,12,unique_exact,963,4d271dd9a0711a2c3af29a3a68ae6ec85f69f7daae1a09078ac11299971c6fd5
952,964,12,unique_exact,964,bd2e118d501a952db806e4ba936ad959559f6581dcaf09f0730ba6ddaeb2678a
953,965,12,unique_exact,965,358e2d454764b364db7a2f94fb958c6a770c79462ce36b5e79a22b29e1b27915
954,966,12,unique_exact,966,9346f6c65b251384d97ff966ade6f3255637da9524f8075c9e275a7b378524e3
955,967,12,unique_exact,967,47363521fd7bcd89ec3caac21c02d4e6b022d33edb097ab751eae80bbadea41f
956,968,12,unique_exact,968,623b2ba2ab3c608c008c697952a06010f18b1eef0f555dbe1a13b0baa53111da
957,969,12,unique_exact,969,369fbe3b99530ed493cb365cfb628bb943d0503c4e408e73a1cfeee0bac36e1a
958,970,12,unique_exact,970,b2593cde46f046f725a4072d1f5378c2ccef1e1cab08f72be055e6410da3c6de
959,971,12,unique_exact,971,0263c7da6c98ccc2ee8627ca65ff6f5b6544d9e5ac4aa0984b94a67d5725a2ff
960,972,12,unique_exact,972,dee70b197dce85a7eb99c843eaa5e67be8a7698db01f9866c2a28bf3e9b6d95f
961,973,12,unique_exact,973,183083850b84d98e6aa181876b2fcbef9dd2b3f369a1b6187d876f37243bb2d3
962,974,12,unique_exact,974,b005a5cfefbf2babaec0d563823bbce190cb9dfbd22ba6ab558369412b048629
963,975,12,unique_exact,975,f0e27a60bdb6e588e24ef3f094e3a16c5d893ef8290ef7ef639c976c6d3817eb
964,976,12,unique_exact,976,0fcebd8f0fa36f2871dd11f9fb45fc16825f97e40aaa0f3100d00df867aebd38
965,977,12,unique_exact,977,5aeb8b1592e5f1f0a41903d797e5ed213f744a6b5ef98b2c4aee648a8833591d
966,978,12,unique_exact,978,134bc28ac5575df0ce8c2412bf26d81d2c01f5f95d8e84defc89f1264e4395b3
967,979,12,unique_exact,979,1ff88a7e0ed2c17ea058e6fed00b72ee22796563075de7f70debb24d6be336de
968,980,12,unique_exact,980,51ae98375e56e0ebf2793dca2334b7622573dc1752cdb1920e19813052684b7c
969,981,12,unique_exact,981,bdb852e24af403ca5b039d8e1c8cafcf20f06d15985d92ce76513dbeba08d97d
970,982,12,unique_exact,982,e24d58cdce682236d8cfecf2e74d4bc83d47d4fb3d2786479c0f65758cdcbbbb
971,983,12,unique_exact,983,895225f5b88610ca94ca99e1e6f7ddf5f56d157f389afc5fefb5c8147e674249
972,984,12,unique_exact,984,bfa03a9276f8fd6a27eb2bbede0e9bf266bed7a4f560a6c8c20f610f5f690052
973,985,12,unique_exact,985,3005f3eadd0c85d75d9111295f2b93c74f2e7f8b66626a66237224771e983a85
974,986,12,unique_exact,986,1e7e11c0d85c6c738be0f437e2e91a6779e907c0ab3b41eb11ce481adfadc73b
975,987,12,unique_exact,987,41011050efa1e09494705e2f9b52f6845941cbd9ba4f9522c3438eb4a67a2ce4
976,988,12,unique_exact,988,12a861f82a820696d674c8eb540b4f738e370caf88feb1934e988067e9fbb744
977,989,12,unique_exact,989,b90ea8412e1f9c4bf8288641b19af314d3fcfd1f072ee6af41cf0f65a44f7a8b
978,990,12,unique_exact,990,ec7023cab1f382b838010bd468772d2eb29756d1ed73974ebba1570a5e0cfe24
979,991,12,unique_exact,991,2f7ad5a4b2efa8397ce13eec41e6f0a7a39ae3ee9ebb2de46f6455515012573d
980,992,12,unique_exact,992,5a60346445b0382a707a2c6051f111be105f33faf85adb900cc2fb7bfc4845cf
981,993,12,unique_exact,993,3974c69d1baf43ed1cb9600156aaf043d11673ed433c4f382c06ef6501102c8f
982,994,12,unique_exact,994,10839c944be5a4e1815f49c3fad934d9068461a9221301714cdfafd63e97a239
983,995,12,unique_exact,995,5c6edb27b0f081efbf42007b85aed51a9b0792b203cec4efe80ffd5215b8345b
984,996,12,unique_exact,996,aa6c6983fcaf47eb4f7697450dbb787ca1da280bb3f823d76e4d980c6e01a04d
985,997,12,unique_exact,997,a4880fa156b9dafce6d979d90fd4388effd4d44d9a7b83d9ad61e54f0aeee1e6
986,998,12,unique_exact,998,c05c5c835b3c7ff21e4ee404c3461a33774903461d5274ee99c90c8820f6c8c7
987,999,12,unique_exact,999,23e6f56c8a6bceea1813278e03750d5e37110992df4488976250cec17a1f0308
988,1000,12,unique_exact,1000,0c3acfe680c46aa84f5325c188a35143b1a4f8a7431036ff83d0beb175ac5a8e
989,1001,12,unique_exact,1001,0e2fbab89ce10f6ff9ca218c79545266e568f9fcf6d7419c904ea6bbd762cd0b
990,1002,12,unique_exact,1002,a6be2ca457ba5a5013e00936ab83b45138c763067f2f01b19d935cbea6f00bc5
991,1003,12,unique_exact,1003,489d2ea4a1055dd80451b7c4472b72df716534fffdc38855b90b79385c407092
992,1004,12,unique_exact,1004,6a27e1c0971c9162487c0211dd9a8aca7139b8410b1f1f4c0d9718d5f5301d0a
993,1005,12,unique_exact,1005,9460f1b3d602fa4a2a9152bae593ed0ef78f6845dbbf980b6b56dc6a8f8f73bb
994,1006,12,unique_exact,1006,0aa239ee6b8122d8c6196e86dd7b9c8df2e7e9bb978adcd6719267fdd7c1fe51
995,1007,12,unique_exact,1007,a15d2fbe3f02d9a549adb4b718754a7712d66fbdc57d660d3333acce58bdaecd
996,1008,12,unique_exact,1008,06189579393f83446eec28c7563dc3fba6753fb73dcad182ed14194c01084e5e
997,1009,12,unique_exact,1009,5668b694c4f856a94a902a26c410a7433200d90850139fd36c68394dcda6fdbb
998,1010,12,unique_exact,1010,2360472b7e8f4d21ddd77735783fa36c85f3d0a0c8ef1f32cda4c18457395f85
999,1011,12,unique_exact,1011,b104152a7af45e1c568baf4dd6bc5eed835fb6d320bbb72029986bed1c243f33
1000,1012,12,unique_exact,1012,b3bdbf8a0c8b449e25f549e5f86c5aedc889a838d90bff177951449145065134
1001,1013,12,unique_exact,1013,49776727f02e94d37c16daf352b4285ff5036498370416b6f868b874d1352aa5
1002,1014,12,unique_exact,1014,4aa6cc43d67c8c8c49072a73faf97c839e177066b59ca4a960058bc48d778a31
1003,1015,12,unique_exact,1015,0de0e916058bf7a6cd52602bcab706a1c05a00585cc48d4b804179764aafff1d
1004,1016,12,unique_exact,1016,bdd1dcd92c0bfccc4c4feef312ace4839eed07e20e1de66120cb55ee82031475
1005,1017,12,unique_exact,1017,1b5a646e4aba204a1d7673f9b2436da7decc8c10a538b2f706bd485547ae3bb2
1006,1018,12,unique_exact,1018,02187eb4f3ee34afec5d7a94f4af8fb8794bee09a36e407091522dab1b791f95
1007,1019,12,unique_exact,1019,7e34431db2e28572de3a140e13de4359537f3bf6cb9d53b75d83e12df0734f83
1008,1020,12,unique_exact,1020,9512a79ef94e782dd181361716aa1996b9c0235353f098585954ca5ee6f33774
1009,1021,12,unique_exact,1021,aa76507cc344d85482556d59778c3e774d5f88f073f6ca939d99b7d030f25521
1010,1022,12,unique_exact,1022,0b9d167d26ca50189c72935425bb4cc49c1ca2d37019a4002b1e5f62cd8f03b0
1011,1023,12,unique_exact,1023,c59b816b662609f6d69a612b7478e30f373eb9641c542142013dc9f115b9df5e
1012,1024,12,unique_exact,1024,ea233a41ed58d22d247bc506aa285927e6da91feb136343f4a4ead0ce7c6e394
1013,1025,12,unique_exact,1025,22037d3520fbaf210c29ae6acf9135a6e2d4fd9ba037f4dbe744a55655d34d53
1014,1026,12,unique_exact,1026,3112c46c78c86946a2359f50302fd76f8bf6f1f79b05b5cf9d2a3bf7af619552
1015,1027,12,unique_exact,1027,40e3f708ec273565ae91e4df962850ce691f3131468a4a8179c6ad820cea89ea
1016,1028,12,unique_exact,1028,db39bf9761111fda1740f13017b4231c1cef1d690bdf3de827292111b7192af0
1017,1029,12,unique_exact,1029,575f1eec3037de3739a38727e0b0727f5a301afa074c3ff27bc1f84887c80794
1018,1030,12,unique_exact,1030,2ead5aa72a19d4990a851ded381f719a08523a78073a7ed31cebd70216ae1d00
1019,1031,12,unique_exact,1031,287a1d53c8356b6be591029b5c5cb58ed7fb11c1ab7a8223a54a1ffbecdb4e4e
1020,1032,12,unique_exact,1032,bf4b20fe8cb233588b01be6ca1c39bc6fa676d26d5a60bfa812eb88866605080
1021,1033,12,unique_exact,1033,7f225909d8375b2faefa51ddf60d288675a0dd9105f6d912f8334ed5a0553748
1022,1034,12,unique_exact,1034,bd6b8cbdb890f97da23eae090f723cf61744e9cbb46cd873cb6bff507f1f2cfb
1023,1035,12,unique_exact,1035,16289d00e3c130569b0dbdfad2074ce0942260eca3b7f5e58eba3f70b3b11898
1024,1036,12,unique_exact,1036,d5b0b374d21011be9c3ff8140640a19ededdf0d24d6967a1cb92da8dc141a269
1025,1037,12,unique_exact,1037,98e701e5202e077e5301ba91d2d69c280fa33e7adc742ff8d0b04d50893ccb05
1026,1038,12,unique_exact,1038,0a9cba89e04a7b01d42f3c9d7ef1518f5a5ff6d62d69b6ebefa8466b792bb4cb
1027,1039,12,unique_exact,1039,a3316c8776d4a969331844411d532dd13a6cb5f7ba3f4bd9a77650bf3f3be44a
1028,1040,12,unique_exact,1040,751ed5b2eca2e05ceee7e8b910a2b1cfc54269cedb3d9d4acb1ff2dbee564e67
1029,1041,12,unique_exact,1041,166e4af76c7837cc565248702cc5c907ad423aa4e42d15ba208ee25f311b5fe9
1030,1042,12,unique_exact,1042,77a357bfc2e8d1e825ef65b905f6cca076a9329c148506a469c2a0b290ba82d2
1031,1043,12,unique_exact,1043,eee3e2faa36d1f222349002b497f9f6987d7ae1bb80be0fa4bbc70e0dbf90bc7
1032,1044,12,unique_exact,1044,362f463212ff736a355ce480e38f202a6bb1b75ead28c5ef0efea0b6f23787c5
1033,1045,12,unique_exact,1045,62c402ff0d680c07ee39c42bb23e0472fd688dddfbf4ea4c3cc8a1146ec26c3f
1034,1046,12,unique_exact,1046,485e332d054078deb6da765d052f70da5f4fa63d9d0612d44e26aada0f60c65d
1035,1047,12,unique_exact,1047,945e0eaf72566b7f363c25b8b86b1e29c17e5de17213a4be7555453f48b5c889
1036,1048,12,unique_exact,1048,7f2580bb3b5d041389d9495784efc4af89e8dfe1ada2369ebe02d88d01cb4222
1037,1049,12,unique_exact,1049,5aec7c7aa5d00a5e7f06a866c7a19893ab3285037f4a161034dc4d6abdcae283
1038,1050,12,unique_exact,1050,f08cad4c4013bc57cdfe729fff3f850fe29178a9cf1e5bb230760093b7b020e5
1039,1051,12,unique_exact,1051,8a2497c65190a2043e0a00455bc4584ddb837bde20eec3e81ce1b991bd99665b
1040,1052,12,unique_exact,1052,93d469de4afb751764020c06573358719b18fe85deec841c6b17d750a3426815
1041,1053,12,unique_exact,1053,16db50e75817ef1fa57727b1e044dd77ca24d3adda8ac5a907b433179329cf8e
1042,1054,12,unique_exact,1054,fd1fb4cd1d4a796830fc54bb4e353cd45d431ae76067766ad586f42064ee702f
1043,1055,12,unique_exact,1055,637bbbe28e02a8c52efc24ca0d3b376d9114150047de9e36cbdc0b4c87405463
1044,1056,12,unique_exact,1056,05c43d20b12a8b902ec636b64254bd44c39d1ba3d6d6ea1502a0cc8b748caafa
1045,1057,12,unique_exact,1057,b1ee9dbd0629dd20bada860163c710f8f55a1c0f4e8338dc433fa2258b1346c4
1046,1058,12,unique_exact,1058,7d7d8233a484fbfcfc27348d691517d38fa7fc20adf1345a69b56a336e5e1636
1047,1059,12,unique_exact,1059,0bd3f6b6ce8d865e9ada6137b3f49da9b9a94b489cfeac223822df763a6b8eff
1048,1060,12,unique_exact,1060,78f278a0e28716c7014748dc8422424db0818b3eb1fa15ede5ada3e206a0c537
1049,1061,12,unique_exact,1061,cae01b30b438809c1dcd0509d472b248866861d24f9440a5639268e9f16069e4
1050,1062,12,unique_exact,1062,b7f9827ccdde88c1631ded90633799166c8fd8f8ead758c317c33898d9eb2f24
1051,1063,12,unique_exact,1063,4a2670df40351bce60151ade76d416f3c78a7cb99130c50c2b9094e385406388
1052,1064,12,unique_exact,1064,c050f3a820bd43b7796c384e0483a1fa9f9cd9fbbe005ac709e50f55b7daff02
1053,1065,12,unique_exact,1065,574f66f428e359a2a2415ed27888f02aada3c1c83f5767029e6e19b056ca8480
1054,1066,12,unique_exact,1066,e3620a0c67ee62405600675a24255d576462188e29cfbe93d2a99ded745e7753
1055,1067,12,unique_exact,1067,d7e146d9902082703bdcb0b8a0f822dd8c7c2f9e55fd50c0aed64e2466e68acb
1056,1068,12,unique_exact,1068,ae6ce0c83cad4770f974798f86486b598514f9031e8d0dea20df905f577eeee5
1057,1069,12,unique_exact,1069,ef2a601041075ceac8563b52d4c0f0e0a9b4c78710a0ab7e39c3c06392c22539
1058,1070,12,unique_exact,1070,561ef3a6ac69487abc30b2954af725829d34579342af33f8790c995937bed059
1059,1071,12,unique_exact,1071,7c4a788e17f837f4ca75a9d46b9570f82a55d71d6fe096a740fcbf7981f76834
1060,1072,12,unique_exact,1072,0802605eeb2b496b11da0c0664e10daeaeb71d0eea7205caa2b4fe496bb035fa
1061,1073,12,unique_exact,1073,63b69f155cfeffa8699912bf9f04f3f4f1e6802618b3307a7bc9fcd58586cf0c
1062,1074,12,unique_exact,1074,f9ab1f1be88e426296627cba5962fc5e1ca1c98f8a2b4c35b5f152a48804b8e9
1063,1075,12,unique_exact,1075,4ce0bface4d24cc2c681d77eeac72195c416e3093a4a19d28976ae3f152ce6e7
1064,1076,12,unique_exact,1076,38c36fb75e868bd2132afe79ecd90dd7e8a2a59ac4a67a715a37bc72eb7ebfeb
1065,1077,12,unique_exact,1077,ebd307e93097e24772a218863d7158e33cb80d69481a5342d9858544bd15e1dc
1066,1078,12,unique_exact,1078,a6f804fb4fe5bb63b70850510241052145982287a7340c2a9e51608ac07e173e
1067,1079,12,unique_exact,1079,a69dbd5dc3ed5c71d44ee2614d6b200c85f94d790f77702340cdaa7cfeed0b1c
1068,1080,12,unique_exact,1080,9190e53a1af1b585a7dcaeb01e6cb81deadcd69535c720d089a88847432ae91e
1069,1081,12,unique_exact,1081,619e5ef6ccc87eb85d116f8056991fd241e598220f5b9d36f8a04c0bc53b8b63
1070,1082,12,unique_exact,1082,34c56fac189762aba47b6987e409fc91fabcbcc12065a5a5b54913e35c0d3981
1071,1083,12,unique_exact,1083,4ff739633f7aa118469fb4bc3f8860e9b388fbc89ad4912a4915bd8814668fce
1072,1084,12,unique_exact,1084,d1d1dfdf3e0487fe665b87fb5f9c906164efd99f4e1857538e8fc2981b4dbdfd
1073,1085,12,unique_exact,1085,376a7bbd06e53820d6fc96b1efe85507e830ed2c795bde24f9e6b56036d2385b
1074,1086,12,unique_exact,1086,2ed469c0f183a1bc4c3b15609454c06b46b8b0408056460bae4e093279216057
1075,1087,12,unique_exact,1087,cd9c61c87a61647d301cddef58411241accc54e7e9c5b177d385290c5d11cc09
1076,1088,12,unique_exact,1088,def5e6e7748a43c4ff784a188a976f234b2178d9f407116c1c577d5737b5936b
1077,1089,12,unique_exact,1089,33c5445433d10bb1ab4c9ebaf45519ad60d61bedad9fff52553a56fd6287703a
1078,1090,12,unique_exact,1090,888b61c9e0227e0e8eb07cc8f360870df5d04c8f584f075287855bcf23ec53d4
1079,1091,12,unique_exact,1091,57c90a051b3292f414b7bb31ff8bf872488dc76a8552ea40227eb5a1a88bf679
1080,1092,12,unique_exact,1092,4d780a6590460b3157c16011de4b337b8bd3a4f94e00dc5868d0384b4cbeee02
1081,1093,12,unique_exact,1093,f7d4221da5733a4ae3927fc84c024b17f47091d9b822176d0bffeb0c753f3520
1082,1094,12,unique_exact,1094,88440525f726672d376e4f33c4b88ab9c82400f44c081c81dc20421f1bc52771
1083,1095,12,unique_exact,1095,93cc47aa925d4dd3ebc27536d2acf58f17b51566c04aa40d3a8044d8c2a18d27
1084,1096,12,unique_exact,1096,c60469e377c8f305d0ae95f43097cc75b6298be9d80b0b1544077cba9707028f
1085,1097,12,unique_exact,1097,a8f9abbd6e2ec4f3962944186b6dd09505d582aa3285d4299247438b48f5f477
1086,1098,12,unique_exact,1098,528744f4757b7db1ab3184ed3d93d2b73ca561fe239e42b173c2129041801d85
1087,1099,12,unique_exact,1099,9639aa0b75a6c27a9a4d873ad95a4696af5c41ac95fbd415de1b78346e2c0a41
1088,1100,12,unique_exact,1100,90b8d8db1f478aa0504482a14872bacdcf367a194fb0bc9fc2fb2fee9bcd6309
1089,1101,12,unique_exact,1101,8952bb2828c52578caac65ad3181116b04265eed6b3fff705b35a2b3a9ecb2b3
1090,1102,12,unique_exact,1102,7f72c9e94b988681ae87c365fd6961df54d5a32ffb0645935bbbd0890e5f3e20
1091,1103,12,unique_exact,1103,d7792d211dbed3afc10a7b87c2d607ce9bf8d9285048a5fce23ef0dfcc9e8741
1092,1104,12,unique_exact,1104,9a2997735204e91c18046de38e89ec55701702dc9d0913fe445807b72249a8c4
1093,1105,12,unique_exact,1105,45c675a75ef894b97bb833fdbdcbe0cd905d58aa42ceea47b2d3ec2ad8bd73e4
1094,1106,12,unique_exact,1106,d3bf43638ae27407c39a512ba17e2e2a4475497a9f66a4a57ca53dcdd7e5a912
1095,1107,12,unique_exact,1107,b286a6665fd7f234bd7fb2088e07f9b0ed3a3e7fb341e782369913e0fd96ed1e
1096,1108,12,unique_exact,1108,092a154d67827120b246410e8b1ea4443ca5d7f86c211ac9439d5dec09a087d7
1097,1109,12,unique_exact,1109,da6d535d777ef71ea562560ca9d782194eafc5472738fb7ad4c9ff9864de88df
1098,1110,12,unique_exact,1110,96be1ec990da75eb9a4e482eb4a6695497b7eb6d8a1d1303204e5af26cc5d331
1099,1111,12,unique_exact,1111,79b9531c0392167a1d59b45513ae1ffee4e9f83e6f8eb0e33cefb33a2f05ae69
1100,1112,12,unique_exact,1112,9e0a02cba2f25f64d1175b03e3286320653a07a417bca875c931606f68043b1d
1101,1113,12,unique_exact,1113,fbed77d48de2098b30fc48f0f825b5e26a497164f15acb3dcd5b385dc6ba0c6c
1102,1114,12,unique_exact,1114,8e831203d7fd2d6ab9ef362cf75ddcba1da2ef14dc7bd436e2361f9f401c8f7e
1103,1115,12,unique_exact,1115,52ad1f677edd9b72814d18e17a7b6d1d2cbd80bfa926a8968bb8a896dd7d3e59
1104,1116,12,unique_exact,1116,14d6c6d85f63738485c418ef226bbe74f1787fd3af014830931365b69594ab0c
1105,1117,12,unique_exact,1117,57c823faf9cb3ec06f56d7ed00ef073da68b0e90b7a2f252702595cbba8823c6
1106,1118,12,unique_exact,1118,4d29e80e985be069c93a24519a80e7aa1d427fe0dc9c2b1f7779b9d463787861
1107,1119,12,unique_exact,1119,1b9df43db6a741fdededf26fb37c7e45db50fb9c138150476204537953b768ae
1108,1120,12,unique_exact,1120,19d195bb4bf2c577be6d5974f947d1e9ad2e5f515943b598a9476ced41b0f0f2
1109,1121,12,unique_exact,1121,a135ada0f1d7732cc251161fd1dacd93b081eac166e5f674314443c3505da051
1110,1122,12,unique_exact,1122,4e79b1bb1c403e8513c121814fa7b6bfeda43f0b8a87495afcc3a92ef67899f4
1111,1123,12,unique_exact,1123,5c1baac7c728c51e0c8d99c0b3612b6db0a5ff2d4aa2725729a7db595b27a3bf
1112,1124,12,unique_exact,1124,d4756cb861c5da2f59a71971a2c0b96a713fd451d7163a1931beaa9168d18172
1113,1125,12,unique_exact,1125,16a76deacd6475ec3444f731e7b13b70ac3adf4d378449e43cec0cb40b4d2df3
1114,1126,12,unique_exact,1126,a190c60c70557a661d82ee19513983aaf629ec6c5a22feb77165c0f4cf36b5ba
1115,1127,12,unique_exact,1127,9acb6f2ef020c96afda2574cfa3804a26faf8a1a8d63c182cb648930cad4d70b
1116,1128,12,unique_exact,1128,62803e3e52e8da08426f8412dcaa2ae31ec2312cc348295c65a65519e0765a6a
1117,1129,12,unique_exact,1129,a93ece3a87758e5b80079521ae9ed0cdd0a2c9865d25393f2cac2636034a492c
1118,1130,12,unique_exact,1130,b28696fc0b0419cfcc5be26c93c371bb871ea09d28f5707606606042621609cb
1119,1131,12,unique_exact,1131,97370bd90bfad7bce04112543b3d902c1511ccdbb5789bb55d6263e3cd6981c2
1120,1132,12,unique_exact,1132,17ce38bd20ec16cf7bc06e2ee8e00ebe4c46e1fe37ad239149325ac1cc1858e1
1121,1133,12,unique_exact,1133,c05050daf190700c80408a2163ef7004b7e90aaa8d4213a17c56cb5130e68296
1122,1134,12,unique_exact,1134,40a8ed3c2dca45bd2d4319d96e8b34623a6934b1ccc02b6a14e0b83059ea5371
1123,1135,12,unique_exact,1135,10af36e247bfdd98ef32de1cb9ad3a5b4f574cbb21fa89a01295975f6ced36b9
1124,1136,12,unique_exact,1136,9a720d78f691a3d805b34d44af2bf3e4c1a7eff03884faf3bf77235c23baae9f
1125,1137,12,unique_exact,1137,8850344229a1ae32e3cdca07611fe4989f78b7f0ebdd72bd7d4086bf4ce71ffe
1126,1138,12,unique_exact,1138,2caa7160c51f04957b44cb2ea77141863c99c8e957c79d24af42bd5a70050457
1127,1139,12,unique_exact,1139,d1a39a93303b86b2f889f0f2ddbc59ba71abfa838e3ae2b8f044e92edccf4d9a
1128,1140,12,unique_exact,1140,d6b99a5dc64bed264153237c9ac4fe969a0e70920b2a677223b2fbef6da11806
1129,1141,12,unique_exact,1141,a45367934dbe067193af7cb882d15e02c56dcf6a56b6313399d3c626800d30fb
1130,1142,12,unique_exact,1142,4016dd3e29cab329edad3926f246723ea13804d85b252ebef3960a5407ceb87f
1131,1143,12,unique_exact,1143,8c173ec200d2bc193472a517a28e4e6373aaac034c81cf2cc3e08f83e065a52b
1132,1144,12,unique_exact,1144,5ecb4611454a4af1728612e422bed9824ed027507d224354070a4615c88ce254
1133,1145,12,unique_exact,1145,7c7d6de5162a4b9f9803e1ce9882db67439b10bcf3f56819f79eadd8ce5cab5b
1134,1146,12,unique_exact,1146,57debdf7c8fdb77831dd3c97e86a257fe1b3f3fc723c24da92d8824cf85a89d1
1135,1147,12,unique_exact,1147,d7e5c15ef027314eb55ccbfe6999b72e75e216f35ba314bc4fec4e772ca3dd72
1136,1148,12,unique_exact,1148,d54daa9552bf34ee91f9f7fd37378a7fb24d41c9173146e77023fdc01331ebb7
1137,1149,12,unique_exact,1149,61f519b5cc30eeab23be47acb5dfc9ff3e8d562cf40d936b64d6bc9c12be8472
1138,1150,12,unique_exact,1150,d5517f4322e5f8a96b30041521c6f48833a094b0d0a75881b54a6b55992de471
1139,1151,12,unique_exact,1151,aff8288e8bb5f9c80426a56b245887e15d3a23e889ece48fdcf9e551c9b32490
1140,1152,12,unique_exact,1152,e10a9c92ba5098c9e16ed1d253062455ff85415f4f1490908d036a9c5b163505
1141,1153,12,unique_exact,1153,8084f6bf9348227feb59bbf5faf8f259b827286bf3b1a74add96b166769b3944
1142,1154,12,unique_exact,1154,903cdbb95cbbbe58a49ccb48501f49ab65b7a5da19c9c885174c6cc3a728adc8
1143,1155,12,unique_exact,1155,2364d78402d1df9d0eec503bd83e0cc39349b16d35ff842d3367e1920b39ff34
1144,1156,12,unique_exact,1156,d564b3f478a5a8e062e9a08bc50c7e97dca82afa2328ef1eea4e331dc814fe25
1145,1157,12,unique_exact,1157,7b68adfa6677dc7ea1e0f2995fdea8df45dfb6805d27cc17e72d701a9cda0476
1146,1158,12,unique_exact,1158,66614cba475223f3cb739954f1a24c25f405dc3ae01665932db0821356747ee9
1147,1159,12,unique_exact,1159,ff04968f9c579b04eff2baf472d1880508b7c3e3dcaaf6eec2641b2abed61560
1148,1160,12,unique_exact,1160,5803e1f4de5cf5c4b021b7d483cde53b0c87b28a2c47c7b30317eccf5bcdbea0
1149,1161,12,unique_exact,1161,1d8b01e813965a68403f9a66bb97942de6563bf343d7ead0da38ea9bf729736b
1150,1162,12,unique_exact,1162,5e329c6549d02adb6c047f6512393d8ddc14d36bf23b6b25e1999c940856b19f
1151,1163,12,unique_exact,1163,50882bb1e3b7ab38a1a6dd7dfb14a9ec78aee027adb34dbe47752e42c06974a8
1152,1164,12,unique_exact,1164,2395d28cca8ec4857507225388762e180dc7c1e0461764f7a90536732216c1cd
1153,1165,12,unique_exact,1165,247216a6064a502ee1faac87fa3d4439d1e5fbf8432b71219030501272d795a3
1154,1166,12,unique_exact,1166,e0cf2f8b7ea87f5d8518820b6672eb388c325836f279a823ba1e3f254bd8607e
1155,1167,12,unique_exact,1167,116451cd1d2f7ac371e7b6e15a8cc3e54c20fe428c8df340b639921d70117f13
1156,1168,12,unique_exact,1168,c72bb16462b5d45dd6328a889bdd303d718170719df1d6c1fe1ba668e879b32c
1157,1169,12,unique_exact,1169,b5483dff5311f9a73a03c029b99fbacf097ff9c5fea24de4cfbe863536a924a2
1158,1170,12,unique_exact,1170,03a17c978a34bfec055a9d36ef5988f615f851053887018d02de4c5548f87199
1159,1171,12,unique_exact,1171,52ef596e5e482bf1835b3fcad1a62a88c1cbdf65a3aeb36340717d34d9b326eb
1160,1172,12,unique_exact,1172,bac15289cd97ff1898bd270ff22718ce0bf20f5d1e31a3e2456aececcb814186
1161,1173,12,unique_exact,1173,601df760aeee52b096f3bcb1864f31679adb2d88b6910546ff1d4afe0b77bcab
1162,1174,12,unique_exact,1174,3b4ee74b815690fa6021b76878beeb63f2e33d784fa658180374e76a7cd4ab49
1163,1175,12,unique_exact,1175,964f9634aa848ff39888bb862c6fb35049873f5173bb9d0db19b235b6cc7ca77
1164,1176,12,unique_exact,1176,7a5f6cff97bd4cd36168bb80c021b6dd05350a2acbcc9d3e5751c012c7a73daf
1165,1177,12,unique_exact,1177,e978ade676e7be64c5a80047c4431bc58212396935bcd0bc854986c9388677d0
1166,1178,12,unique_exact,1178,c94dba9a95dc59dcfb1e630b6d3938ac0089fb82e595bdf7874ef9f2e8780241
1167,1179,12,unique_exact,1179,85d8232bec5506f17a7d9849968873b8ee6e86256d1d112d874ae9284b849943
1168,1180,12,unique_exact,1180,2eaadabbf9da6b87912e639448db5c701c6bcb84a0576aa64ac74bbed23cf77e
1169,1181,12,unique_exact,1181,e1cb1f43cbccf24a6f1ed1ed5de586278fa313850b441c0ef98c6978ddf82c0c
1170,1182,12,unique_exact,1182,aaadd49877729b370fe9fb25f30bf867fa7f026ac93c08ee3f7df9b83e4c9867
1171,1183,12,unique_exact,1183,7696a7e623b753a99e047f29732eafc885baf45e31e8013b2fdaa3bfc897583d
1172,1184,12,unique_exact,1184,a03c6156add677ebed8b23805779a0ddca62b7e0f4051c2f0bf3ab5be048d3c2
1173,1185,12,unique_exact,1185,85ffd5798ae8f8a2f92e6f7eb343df97a69bd2b2d7182b6385da179864bfb8fb
1174,1186,12,unique_exact,1186,cc9f8d9fd375516189ec06186b69dd1d5031a61c284cfb511a9771b447c5d124
1175,1187,12,unique_exact,1187,0eff92d1bd7afd29d1527568f341786b3a38a91b183bfc15f8409409edd81668
1176,1188,12,unique_exact,1188,5aad645fb96026534f5e7006b40f20b5e83b9948e1034e38f20c8420d0a528f1
1177,1189,12,unique_exact,1189,a6ae1e8ee3047abe227dad5897fb91ade10de4f297bcbd93587ad38535b31eee
1178,1190,12,unique_exact,1190,bd3c4987f290e909d49a4e480e53e8483d139216282f6c76ed90fef0ecbdf56c
1179,1191,12,unique_exact,1191,4d74d4a6954c419ac2bd9fe390286d339101718ded3b0eddb881efe65ba46607
1180,1192,12,unique_exact,1192,aae5fc3f5515f38aaeffe7f44388ac2cc694cd6d21d7cad669f6666b261a375b
1181,1193,12,unique_exact,1193,db9a3899e59ea5874ac91061c757183e92bcd9fadeba9b404abbe55494520ed2
1182,1194,12,unique_exact,1194,3c6c8b0c014f3557a190eeab259541d97a0a697072a5a240db88565d64567633
1183,1195,12,unique_exact,1195,f37090637e9adea893f25f3bca2b3629cadb31b49352a36200d6b16130456a89
1184,1196,12,unique_exact,1196,56f03521105e041dbc5eb0477fceb9755e17613c7ab6a133e5020a177aaf0638
1185,1197,12,unique_exact,1197,f6a9b67fdf0fd60d02db934fb8991f6de7ba2ccbdc40359bef8cc37c9985d6af
1186,1198,12,unique_exact,1198,0c3e775f6f4b57ab640dd91d8ca516a9529ee9cd00e2f58030d4e730f9a29597
1187,1199,12,unique_exact,1199,053eb1f7123f07cb6b197ab43ee55d7ba6767c70292d1882cecd1d302a5dabdc
1188,1200,12,unique_exact,1200,a7916745a543cdc9458f497dbb9ebbc91dcb837a831be5ebf1da7c8c141a06b2
1189,1201,12,unique_exact,1201,99382c5acc487003ce0a9f8ebba1191a0799aeadea904c2c35238e3df7495afe
1190,1202,12,unique_exact,1202,ef2d3b24874e1af4e368e6c64a4929e14425f86da6ad4516adf182680e1d8ec6
1191,1203,12,unique_exact,1203,7064e5adf0107ef40a1e794e7e64e0ea51e92a0ef4972ef192a444a99a2b18ed
1192,1204,12,unique_exact,1204,9e4ed23daa30d21e94104d7bf4fe6c50ee0a350e19f45bda888c2cc18ac75ea3
1193,1205,12,unique_exact,1205,a40d6d44487240ed1db6ad4b7e5254d4428e42cc40deb165b6cff12a68784e28
1194,1206,12,unique_exact,1206,f50681cde5dbd9823a8c580365a85c1fe403e0681d00ad8b508a9e0dd1357a7f
1195,1207,12,unique_exact,1207,767072ec21ddc29655c9e5017ba072f5b214bf36596d93730625acf254010506
1196,1208,12,unique_exact,1208,ef3fdc721973d69c8c8f0bd438522b216de9a54af3bb9f49817dcebe61ced644
1197,1209,12,unique_exact,1209,b732655c6ffb073b75ddeffb733f11c0a520da0d3895e7344d56053429f4f751
1198,1210,12,unique_exact,1210,f71b60bda15d8b8d0b6579cbb2144c687fadf065b4975397a5fbdbca9e64ad37
1199,1211,12,unique_exact,1211,aba07028cdb53c58293c286082ac5ec6969b860620b0e76242fe9ef28a5c5e2e
1200,1212,12,unique_exact,1212,9a1436e413490fb8eb6ba74bf856c1fed8b98a922522e0419dcefc0acf758978
1201,1213,12,unique_exact,1213,fd6322c23184279930b4dbd168ea75b7bb0b251f9c54e7709023cd0dc2d2b0cd
1202,1214,12,unique_exact,1214,83ce9c76a1361178a7fc93eb856ca4889f02ddccb13ed3e5bac2b73de816aa67
1203,1215,12,unique_exact,1215,3196cedab5633cbf289c6bd4da11f79d46ce496a94ae8c265636701be307898b
1204,1216,12,unique_exact,1216,65dd620d323b6c666b624f7b378dc9a0393f8119a78affd2296e792e6095f30f
1205,1217,12,unique_exact,1217,2c91e13883187e28d3fbc22de2568d0511795d943a0e5bc65708265a58929fc8
1206,1218,12,unique_exact,1218,0e0d047afe55870fb841928b73d04b7a450392c1de7bbb4a3e5081c7ae327b7e
1207,1219,12,unique_exact,1219,1c49c1d01caf0df61281dd8049252ceb8ffa7e71322b64e3e6bf7e674d571d01
1208,1220,12,unique_exact,1220,79f9219c35217489b514178fef9f6748f365d0ac35ef067b2f64e8370ba87911
1209,1221,12,unique_exact,1221,5f6dce842c7524ca6b18096ea74e25cdc563c7ef13501baf31a1f06d221a33f4
1210,1222,12,unique_exact,1222,3bb70cc74e1ceeb651e9f534fa91e3439b70002ef700da4dc55d7a73c2cb57f3
1211,1223,12,unique_exact,1223,69acbaa2fb2c0b274e1f582bcdcc9cc7ecb53cdd939b32f973fe7e11b5f38bf0
1212,1224,12,unique_exact,1224,f11a42c142a27dc18b66a0f5175d73cb17bad2959ba3c09c5919d166fe321e94
1213,1225,12,unique_exact,1225,4f7f40384dd8d30c720562b1a031e8f9b4b1f9b36f624aeff08055309c8e97e6
1214,1226,12,unique_exact,1226,4758fcdce9e5b7e000fed06b1968abdb2d4ffca658a3e8973c0ead03fdfbdfbf
1215,1227,12,unique_exact,1227,1e0ff3c70313cff3303de1c7933a51d752f69b4f86a4e977b9783b6b69dcb616
1216,1228,12,unique_exact,1228,db94c8429ead2226c9badd4d256bb7cb90d363861cbf5ad3901c4735e382befb
1217,1229,12,unique_exact,1229,64c319b59bd84500e7dc0b927c6dd895a0738a7a97fa17b1562416863f749f4a
1218,1230,12,unique_exact,1230,93990d4c2d91eb90227703240fffebe3f9df438e783bda134948f68f3549bd1e
1219,1231,12,unique_exact,1231,c74cd789c69c2d0fcecfe1c346682f6b1f532fdd066e5da19cbcb2ccfbfd9a7f
1220,1232,12,unique_exact,1232,9527a68100e4abdf027c2cfd38b8c29760c6b773dc344f8a1e9d409ed117dc18
1221,1233,12,unique_exact,1233,b047d6f43dc4e3b0dd3fad1561090310f55919f0743018b5e91fed56025b4c69
1222,1234,12,unique_exact,1234,5e7d2a8489aa628b3a476693ff575e78bcf23429725a2e96f67b543c88a7c500
1223,1235,12,unique_exact,1235,37a6f042f1cefa81c6b0a875b7c0fd46379ccc6d85a994c3cd6b5d9818d9456c
1224,1236,12,unique_exact,1236,f320c7885eabf6f4dff49bc88cf1081e569240786a9628b2a28916dbc6d647ed
1225,1237,12,unique_exact,1237,e6a778fdd38a3e5f5091be8a3d5735eccb2a47e12e610e58e19298e535b59f3b
1226,1238,12,unique_exact,1238,0647e6991336de05d91c9853947d9c42ba4e27e3fbd1e84af96aa577271949f2
1227,1239,12,unique_exact,1239,783db516bdd98a2f0dce260dbb10f2712e887ccf86874708f35c33def3ccd40d
1228,1240,12,unique_exact,1240,8b842747e28fee10e6bb8c9cbf2821648a96afd77e1109f86fab9b204b1c9f10
1229,1241,12,unique_exact,1241,c613e12376236bfe2a1e86363584e857dd922a173ba31ce1828e8132dff16b4f
1230,1242,12,unique_exact,1242,470102e30ff52523a133bdb73b2a71ac00a8bdd114aa3855fd6a104a49d44f93
1231,1243,12,unique_exact,1243,2f7b1c47668287362ae3730665a8dda5c433ccb32b4309ed0ba7ddcc5295ecbf
1232,1244,12,unique_exact,1244,8d5adf18bfb7331a3860233c4eb5ae688e841e84b052fc8d8c997f95acc90491
1233,1245,12,unique_exact,1245,9f0be8c93617eb0e7b0c611e8a019bc3e09a3c1d217a16940b2b73fab4ca9fb9
1234,1246,12,unique_exact,1246,166b9e53705d63a2c6ae4b9f919b6406cd3ec2d9fe18f2467a07d3694935d2b6
1235,1247,12,unique_exact,1247,2405251a902b07ebb006ca4f7ca2728a361e0d692e586511939c97d12698895d
1236,1248,12,unique_exact,1248,5cf5847460b5e89abc4ffb5ebb7881fb61042a6394f83baadb5fcb1cea0eca84
1237,1249,12,unique_exact,1249,c4363c64f687203bbccc0910fc3b361ce452d78403ccac76ed8c9cb930f7edff
1238,1250,12,unique_exact,1250,1a25d3b8e9f733d7f888288732191657475a45b7f3c0f802a2271c44373f6054
1239,1251,12,unique_exact,1251,35c0b7cb1b4a526e5a80f6f21834598a1db9f48ef8a7b208e650fad753705db2
1240,1252,12,unique_exact,1252,d95a020627e7f96b9755361730bbf14a0e913a8e3a5c6f606bad4e03ae524ea7
1241,1253,12,unique_exact,1253,e55f39b39320ec413ff677ea34eb82e4adc63727427b73d7fb69dc49fe53afe6
1242,1254,12,unique_exact,1254,5ce651a9c1732f189218cac1bfad97d65cdaafdc8836d055b016860678ed6d91
1243,1255,12,unique_exact,1255,bdb363f980bc53094948f82166a947d489e0949927802f6537939d7a1fb976ac
1244,1256,12,unique_exact,1256,2add1e15151574302c653ac9ff36221e43a262cfa3eea1683c5b292d5a1cd51c
1245,1257,12,unique_exact,1257,1913537dca85495739e3fe72076ef6af39ef22b9eed8702590d7122ec59aee3d
1246,1258,12,unique_exact,1258,3a625313945a2ab61939064983a100242b52ea3ef648c909709b2379302d6aaf
1247,1259,12,unique_exact,1259,6512524843411167b05205128dd4b061ad3f2bb0dae16fcd833742a2f1f4afe4
1248,1260,12,unique_exact,1260,f7ca41bc3baa737b76f0cf4ece5a2db8a2a2db5829fde8b01019ba1f4d034297
1249,1261,12,unique_exact,1261,94815716652cb6431f02888751398c2735b57c535bf87500c5698221711c8bf9
1250,1262,12,unique_exact,1262,b5f0072fb4069936fad45db369ee27fec9d388ad079980725db18fce134975a3
1251,1263,12,unique_exact,1263,865e349e481509174e0ef78f37f42078479228594991fb7df2d2942e69548793
1252,1264,12,unique_exact,1264,22d8b59337203b2871119f7a943b82988bff9db193b9082b81560b2307471c71
1253,1265,12,unique_exact,1265,25ce7c4e2e406fbdb5b74ba3ddc2594efdb0ccbeaa29ab554315596d283b5957
1254,1266,12,unique_exact,1266,33f4aa02114e785752576f77f06828fe873cb44dbddbc9be61528c6b9ceb0f55
1255,1267,12,unique_exact,1267,85314be2f8613922cf7bbb3fdbb0994e44e0670700b2d0443a394a004c7e7ce4
1256,1268,12,unique_exact,1268,f49501bbcead08096930d86567172c115c489670b6ba3b717cf54bf02a59c928
1257,1269,12,unique_exact,1269,18405fe775439fccecdf3eee5405818fe5da07f7a8801585fc83364d5650dbd4
1258,1270,12,unique_exact,1270,5138f802f34ede8561afbe64d592467eba64ff4dcd7a854380ec2e5173a548b2
1259,1271,12,unique_exact,1271,f51ef3e023408dc84cc27af4f43dc8057760eada1c04120cfa55765daa344fa3
1260,1272,12,unique_exact,1272,eaeaf9bea0cb293517cb401a9a9dd198ceb81e410148620abab8446a893d279b
1261,1273,12,unique_exact,1273,ac39434c10cca183162dacf22aae09d85c8393f8fd4ef5a58e69e47802e94d7c
1262,1274,12,unique_exact,1274,182ef32005821777476b14a2a04caa9b2a0ffb8b894326940918a1602c10d300
1263,1275,12,unique_exact,1275,7a2f202f6d17082557b20541f05de1cbdbec8bc57af7a778a2131d3f1a31e98e
1264,1276,12,unique_exact,1276,cf25f0f9c5e9a5a9b3bf805ba8dd41b6a7284d9acb0efedbd40d85bd2f3043d0
1265,1277,12,unique_exact,1277,bf101b3db2b7b3eb3629a5d767f94a7ce88c38c0e70a1bad91a481447077e0db
1266,1278,12,unique_exact,1278,266f1625f8523a83bea5a688240e6f1d7b7a5ae50917d93ae990967f211d7123
1267,1279,12,unique_exact,1279,c8ad276919dcae5195f9881fde7e2db7bf45e994f84cc65cb5ae65db69ba6900
1268,1280,12,unique_exact,1280,d4302773428161b6e01460cdc357f4198da163fde68e3181256cd0d29ed58ff3
1269,1281,12,unique_exact,1281,2f20605a960b70fc3ce917c61d4b5ff5c541207f75d171a54b6a825a1dc39f3a
1270,1282,12,unique_exact,1282,01fcfe94d7d6fe660a2533161d7deae6403e58e3b07611a746e1ff11e110f53f
1271,1283,12,unique_exact,1283,38a1c00ac64ae0e718018de8c2ca40543b45185007639cae40ae9ee29c69b53f
1272,1284,12,unique_exact,1284,d0eed154e3e8e969ca7ac11c9de7d14d0102fd9fd2eb3715abecdb1b56e304c0
1273,1285,12,unique_exact,1285,e04eaed19714751e8e86dfab416db170cc7bb5029c278b78697b409350fa9323
1274,1286,12,unique_exact,1286,81b007f39d9dfbea1543d24f81ac9c1815e9ea225c5a6547d403810f388e3a69
1275,1287,12,unique_exact,1287,d55bda2879dd9f92137041af130d48daae43daea29aef187c5f38a7144016a7f
1276,1288,12,unique_exact,1288,ccf985cff7ba82c1047f54606ff154980db904943b54ac0b3805340957de915a
1277,1289,12,unique_exact,1289,3c6f26ed839335ccec8171d48f3d6ab2c6e74d013cbefe3bee392cc228147d49
1278,1290,12,unique_exact,1290,d825ba26a6736c76807a62f533d993684d8fe2eacb3b5eb7c5af0871a46b1da0
1279,1291,12,unique_exact,1291,40e571b75e8b009053eda41275d0256cfb7098bb3e3952f68bda961a348e3de0
1280,1292,12,unique_exact,1292,fa65115a4941721ada966d097a2e3adce4105db91d8e7391121274576f3cdbd1
1281,1293,12,unique_exact,1293,33c873486466ab4f5508e71b0779a9d7cf53282d901b5e16fc3621bb09202270
1282,1294,12,unique_exact,1294,14098d81bb40515448795fce5674f6db1bd35016d51da0c1542e1c6b44783abf
1283,1295,12,unique_exact,1295,b6a88154e944c0fed2da21835b4b35ceecc3f5e9e962187bd6020234eecf4161
1284,1296,12,unique_exact,1296,dee0f99c7a12cf07e8ea598e56eb4930307bcf97789814c4373c77f7d7924554
1285,1297,12,unique_exact,1297,9d6596e12c27839fcfa2afc86108b26038e7e154ed29ff2f5c9ab0bf7d4eeb49
1286,1298,12,unique_exact,1298,058580c3946b0ce55f57b17cc4e51b76ad23d8ebcb1a694f67862a4c193dd7ab
1287,1299,12,unique_exact,1299,815959dbd49040792a0f4e53e925c8a929b0ad83c2d01f8252d1e78ec7ced1fc
1288,1300,12,unique_exact,1300,16d25d3f646d8dfb22124e662ebe40a6886e8a5a73f6c80e3f58a46ace548ceb
1289,1301,12,unique_exact,1301,a2e6ee8a3144f56a20db54d19a33406e5679872a007bd4a543d3dcc0f4fb22f6
1290,1302,12,unique_exact,1302,876b88418628b6f376c79820ed70d1fb4275ba33eee5240d9cc3c982217a7fd1
1291,1303,12,unique_exact,1303,0abb80908608b88f8a63046193e4187c103485813d7c7fa839a63ba626edfec6
1292,1304,12,unique_exact,1304,60b5946dc53ea227869e02b99c5c4eeffcda44624579ec068f9bd20c8aa191fa
1293,1305,12,unique_exact,1305,9b5c41da54a6a0d254656b05c19a3bca46be1c70823da1dec1752b935e92f51d
1294,1306,12,unique_exact,1306,8474f7510478a598d06f7efef13330380728abe33705504be22b9a7c2c09a911
1295,1307,12,unique_exact,1307,d3f3e73e7fb60043963a4e8a15e54331736f0fac2cb1002d1f6950a40f4968c5
1296,1308,12,unique_exact,1308,96981d14d31e4f4357a276ead7c52c6884ad97dc01d90e4cc3a85f7599ead5af
1297,1309,12,unique_exact,1309,04f35d93fb1bb661e302fd540b4ab9f78417a839844f489990a913bbe88e746c
1298,1310,12,unique_exact,1310,326137a588b61c9f20ed7a075aeb3274e845992b61eb0259b3e136bc836f2a68
1299,1311,12,unique_exact,1311,cbd06b651e042d4491e91875a6cd1262cb55dc29100f1875faa8d4c4400da53f
1300,1312,12,unique_exact,1312,55c2ba3b50e358b334cd039ed7d64c148a743efab79b22e297a8d8c1cd42470d
1301,1313,12,unique_exact,1313,b460ab5b4c59e0c3bc621fd6bbfdc571c91d8afcb3ed6e1fbaf8772fa55f538d
1302,1314,12,unique_exact,1314,f71d59c61a76520d9dee2cf6301be92361066adbf25f31e49a49afa6e531f84e
1303,1315,12,unique_exact,1315,5a2327fc61b8e56ecf6cb1d127b3d37f07e00c731394271539702b9e02083568
1304,1316,12,unique_exact,1316,94612704e3ecbf262facd502e72e966fdcb45300dc31af2760d50330511d39a9
1305,1317,12,unique_exact,1317,eb3740b3f20180875bac92b54dffce0a2f3b88ab5d127c1c30eee77858e4f60a
1306,1318,12,unique_exact,1318,5fc58396c5ac50b0b8f16714a1afed0b7d1f355a70e1f1c79c34193d28d87f28
1307,1319,12,unique_exact,1319,71494a132091ebc829b6796caa2c6345a6ffd1cae72016011352b93a46b6a8c1
1308,1320,12,unique_exact,1320,4ef7689148f87c7785f7fcfb1f2b97b9df503654bee5f953ff0a8833819f18e6
1309,1321,12,unique_exact,1321,5a1e244dccd83d79069b0f27e9222ca345cd218499a259bc4a991c8422761b2a
1310,1322,12,unique_exact,1322,ee3c8f50102c5621045a716d9ae246c4bf1636f4e0275d1840db8e80b320ff34
1311,1323,12,unique_exact,1323,da4dcad26e3eb5981be13537eb97ee86e5440231a9fd22cdb483e6abedfedf03
1312,1324,12,unique_exact,1324,70634936b6e6eab0ac1f0f476c0b9a69ce897b7926e5c67c155af71ddad213c9
1313,1325,12,unique_exact,1325,332005acebb41e118960c92d48618f880569ecf3a559e00691d23373058cf878
1314,1326,12,unique_exact,1326,3362955baec0d8979414fbc8496dce10a5436c6769818737ccc1de0501cecfb0
1315,1327,12,unique_exact,1327,faab00b92a5d6d832f841ba5a34a6bb7009dc6e876430f54c43b48258c5cfb55
1316,1328,12,unique_exact,1328,fc15ae1b64823a379ec80deda5dfe2e48c8de8bde92c07169e6fd54099a18a58
1317,1329,12,unique_exact,1329,40d46862e493db4d2346c2e67050114ed852a5cc81f81ca1d81282566fe4a34c
1318,1330,12,unique_exact,1330,d58f9914bb4890ded99ebd83eb1e311c06be9e86b6e7233e33278e63d0faae4d
1319,1331,12,unique_exact,1331,b2e68967214223fd6bd0150aa4bbc5d19abba7600e27d5b68aa9aa342f9ac1ee
1320,1332,12,unique_exact,1332,aefb7395c1850e0c4900879eb15c621287eaf2eb95f6568daa21f3ef00682368
1321,1333,12,unique_exact,1333,9ad2d10b44011ef73afe57e9ca38c8c020f0796ce5054d13f7ff9bf7e70c0e09
1322,1334,12,unique_exact,1334,e24cde871e564f89ef242067365fbc0999a2a31a9967c4e0f1585f087dc0e9b8
1323,1335,12,unique_exact,1335,179bca7fd100cf5f3a34f6a267827048401c3de61cbcfb0c73a824b9708ae861
1324,1336,12,unique_exact,1336,12b3011de98b5edcbe337b924d61a9651dcdb7295e80a488f676e10f2110f168
1325,1337,12,unique_exact,1337,8e667184f8cfbb547f7f719650ef31080658e072e77e5d27404756c74430212f
1326,1338,12,unique_exact,1338,73138a3873ce0baf70fd51216be75dd0429ea80a0378ef5e5094545da66a5677
1327,1339,12,unique_exact,1339,fd7dc9f106bab0e7d490a89861f959f50ca16cd3cfc5db9b2402caa86aa9e05c
1328,1340,12,unique_exact,1340,30415f45137a9ae4ec1e65e436bef69d4cad46fc7f9be2c609dcd07995c06f46
1329,1341,12,unique_exact,1341,8691fd91b1324a3f7b8e02ebba00febfda142f0ce8534912b1c1a7e6b7093dd6
1330,1342,12,unique_exact,1342,745eb44ab32c99e8b16e634d1129d86fb1c083cad9204961ca68d3e6e9958624
1331,1343,12,unique_exact,1343,8d3216210b4eb86c1028df8bf133cc6a742a90b8d22e7b20be41543705d11ace
1332,1344,12,unique_exact,1344,9b4a9eddc0a93ffd165468482a2a75e2c8da7fc63c79e9974fc40590e9bc6308
1333,1345,12,unique_exact,1345,efd9f72a425587ea261188723cb47d6ffe2c6853388abf71ca480ecd0cd23176
1334,1346,12,unique_exact,1346,3d75d2b3de8e8a392fc1ef0395f40b5f32558b4abac44b2e48619e4a69e9dd93
1335,1347,12,unique_exact,1347,afc592a1533af81a1a36337755440ed87bf25bc93e2385d676b4bde8150fa2a1
1336,1348,12,unique_exact,1348,0bda3c81a6fcb21ce6d50f558fba21f91a81f01f364831a366daa825b2169621
1337,1349,12,unique_exact,1349,8e1a5e868fe20d7b07a95f538717f56584cb25f3b2cf554d6c2f8bc9bd2867b5
1338,1350,12,unique_exact,1350,5e6e0f6cf4fbd423d4af30199accc614135ca5ee06d85739a335e72f65a8eb43
1339,1351,12,unique_exact,1351,ae37681da567893f3089e32baeec37626f390d978445c95df2c58c6ccd4f655f
1340,1352,12,unique_exact,1352,ba8a146e8742fb72bd9f9ef7c27c43c0390d49185aa4d0b0ab8c6f309e059ef2
1341,1353,12,unique_exact,1353,e9a860daa4576d6413a3d7c5c19b67187109e1e1e2dee4569754182b650d5ea7
1342,1354,12,unique_exact,1354,14cca33ee41fbfd8a39e39324680ff568067c244666b887718d3f40a8a863604
1343,1355,12,unique_exact,1355,93722cde406e17ade657a36bead9ea9083360398a564205723cf84172f8add23
1344,1356,12,unique_exact,1356,24dded9bd5b7747839cfc67ba9ba786b75dc90e43f6e1cde2481a5b36a46834b
1345,1357,12,unique_exact,1357,85fd4b09fda01d83353e953310d158a85742b1b023d060b20e7b548643503ed9
1346,1358,12,unique_exact,1358,5f8ed360a971bb8af4b46a33d3c70c63547fea49da3b4ae962ab432b6d4ff8fe
1347,1359,12,unique_exact,1359,9f78b3354e51525f5b4e9d92fce5b3173c187972efdfd7885353ba09cebde824
1348,1360,12,unique_exact,1360,8c23f358c7adab55a45e10b8e45c90932a1def793814fb9c6e2ff4c3e88cd0d7
1349,1361,12,unique_exact,1361,fdbf9c45c824019272bc3140a5353eff3d2e0c6ade4b3b3ba894bcf9642fbd6e
1350,1362,12,unique_exact,1362,6bdb870f89748b85bea8377be881f0d730fe01f78b3095fcf84af5d4e6162e03
1351,1363,12,unique_exact,1363,f0c64eeefe7d3a0c6887bfac2dd02af66a2a5a123b70867913a0d719e440a286
1352,1364,12,unique_exact,1364,dc33e347a6a048aeb93a0801ba168e92e9a7da4fba77b223d73690adaedc2422
1353,1365,12,unique_exact,1365,07a904a3c9b996ca515ff219c32bf4324392f4e9cbb84bd9d7e097fee7a3edb1
1354,1366,12,unique_exact,1366,5b160bfe6fbd57f26b1c9d4cfbc70102d184972c0ced3b90b6e4ce25b5ea3309
1355,1367,12,unique_exact,1367,4bdb66a3a90ba07365d607b1f66e93d451a2dc8d2f7c8d3a1ae6b1c0591645fa
1356,1368,12,unique_exact,1368,7162b7efbdc70e87adecc363bfbe3baeceb767bc5e8f7a8e852efe73c3bdf842
1357,1369,12,unique_exact,1369,99c0355416e5a19bee8af25899b0ab8e7bac3c894444f25ef7374b8a870206b8
1358,1370,12,unique_exact,1370,8325f86c3feb8e58fb81c6e1a5b1ae661779f658fd3dd4edac286a4b1382ecf4
1359,1371,12,unique_exact,1371,f3a0611aeb9502724988967f7e3e472b63aae373bb961b16d1fa4c6c225d67cc
1360,1372,12,unique_exact,1372,ec64d38c0126b17a41964d937deec79b1f23b93b4bc4f2736715ebe5c2936512
1361,1373,12,unique_exact,1373,4517970219e1851f82067e45cb6dca484ecc6ac1ff40949bde0417937a49c803
1362,1374,12,unique_exact,1374,84731ef391e91427cf64e824761fb54e0923ad692c021c4bf9b87efeffe1cd10
1363,1375,12,unique_exact,1375,6875cfe60216a49b18aedc96b07e0a3c4c931382b5b579ba24dec7d8db7a9cde
1364,1376,12,unique_exact,1376,fcbb28d9b62a636e2d2e86136deaf81d50609225f7fa5b18488a8670172c5485
1365,1377,12,unique_exact,1377,368a210b7271fc312d7cc41deb89451feb00fbac1d43aba1d9c2d5c5eea03dac
1366,1378,12,unique_exact,1378,1ded9bc8ff66ab19d8589289337bfcf550b7a2db2f4b4a254a59894341310b5a
1367,1379,12,unique_exact,1379,adcb40f62a2cf59ca7377b999da4f6478b39bae80bfd8a1b0b9bedce386e430a
1368,1380,12,unique_exact,1380,f00429358f292557bc397e3e0324fa4ff1ddf38c947937034bcc886523e1a30b
1369,1381,12,unique_exact,1381,d26470270431a8b4ae31ac77b11217d31442fabb3eb9f5a32f2ef91a067d6846
1370,1382,12,unique_exact,1382,4840058f959b0e1ab97cb586905ecb2a39caf397615faedf924fcd1a72360245
1371,1383,12,unique_exact,1383,2ef5c756c193c098abd98f6753c10caad7c903efa8f25e9e8c96f97718e70145
1372,1384,12,unique_exact,1384,2f5d515525b3e4e57a10f05cd123d8b5bde4f2247a215e6aa1150d8e9c3dadcb
1373,1385,12,unique_exact,1385,44650b3f3e39025b99705ae0f4767daccec5a4a114c53e6754bf50eb229adb20
1374,1386,12,unique_exact,1386,9d80b734b783322d7c5b5ccfa70b39b42c483089b0ad1e2f3eb846a4b4619469
1375,1387,12,unique_exact,1387,5e7d1a20162bed3fb9c3d0215b4796e7bf983f047de99f37c9052779cde7acfa
1376,1388,12,unique_exact,1388,3ecd58ea8e1d4ab023684296593bea047a141c86a472224f66fcd91f98e3009e
1377,1389,12,unique_exact,1389,29a5789420e11e1b42820940b4e129a37c5e16b1fc4958933fc0f3250c687ff8
1378,1390,12,unique_exact,1390,8aa2b81e5baf62394c8ba2bc60e18de2920e5f6f0b7bec0ba829ece70ad9c9c3
1379,1391,12,unique_exact,1391,3bcec4f8c60cd28e14fdfab9231b313b3b93e669ff810ee32f6cfd0e5649b31f
1380,1392,12,unique_exact,1392,aa96977346dfdea3424845fa9cc9fffb8683f3cda442035d833db2e0937125d8
1381,1393,12,unique_exact,1393,2d97263f3d080a64d075c137743535d156ad074bfec1654e614925fbbddfad9f
1382,1394,12,unique_exact,1394,ddd3cb265089896b549d952d75aae51b163675a275c98d6d22af0dcf1a3c9d0f
1383,1395,12,unique_exact,1395,d2c77d9efe651b0600f8bdd9cfd5985d3461cf05d4d4a7f180d00598e3fac58c
1384,1396,12,unique_exact,1396,0666766d3bff11b283532725e2969d6414fe40cd603f2d287942b5dc0c432296
1385,1397,12,unique_exact,1397,0a2b74fcd6f983f10f1f91151b96162d2bb6da47947d9f9a8fee8b7758c863d7
1386,1398,12,unique_exact,1398,9ffb019bcb0e1a40e6afd9733172d9999031abf3b6ef33d359a3c3eb51278e3a
1387,1399,12,unique_exact,1399,b148a05c615a1a661106d83d6ba90ab6bb7be7eb8cfc980a615ced7fd3aa43d7
1388,1400,12,unique_exact,1400,76383ec12d9f48818c4903b2229087039bf1863005c80ff26d9777822a4410ef
1389,1401,12,unique_exact,1401,3405959c439cf602a226708efffb8bf04a14613bbd7701b6ccd16a3acea2f68e
1390,1402,12,unique_exact,1402,60dc7c7f481c80732f8b8f30b0783c81237fca01889f350e3635f465e2f9300d
1391,1403,12,unique_exact,1403,6a84b6177ce1d1d41c35771dea07daba22dc97e9988887ae70b2c058cbfc3129
1392,1404,12,unique_exact,1404,405f11c903948ad336322f1bf1a33d69ce9d4f1e057523bad4eaa7a1ab30c5e9
1393,1405,12,unique_exact,1405,497dec348b72f723d394f39108ae95780d52c27d40d808adac8de0b9f79d2305
1394,1406,12,unique_exact,1406,a7fe276e1ae2806be95d70a6207b7d9c7ce6cfde62dc5202311f47125d21fbec
1395,1407,12,unique_exact,1407,696fac87c29b535995abe7efbed5dc8c57f43bd68d9d52dc61e33a7e913e07e4
1396,1408,12,unique_exact,1408,f00cbb1d9ff2a1851347079bce21a185be44878b3a3030cfe37f2ec474738a07
1397,1409,12,unique_exact,1409,e77b698d8a9e2317d82922fde54a8b5652ab67ec49ee55245b51580c48fd9fdc
1398,1410,12,unique_exact,1410,8675a0c60b444705b76da045528374cdffc47ed84476d527a5f6fd2203c26a34
1399,1411,12,unique_exact,1411,193310ec67fee8da173a726bf71dc971c887b331528c3bf39a3211d154fe99b7
1400,1412,12,unique_exact,1412,7236a068bc45714a15d880c20212be6d6a32d0324bab57b7f714989c537ac238
1401,1413,12,unique_exact,1413,046ac525764fcc111c3ca8902155c0d747021820fc9fb22704f7ce6bbe639454
1402,1414,12,unique_exact,1414,bf579c9665db8105bdc33f980d18134ed262dff286c5fdc84e67722991caa1f0
1403,1415,12,unique_exact,1415,0a710fff63e6ff37a7fde68c9ad06f11bc2cc9f733d3a6d965e219ccc780b9cf
1404,1416,12,unique_exact,1416,188faa8863a744981eafc809c498730d8bda23a3f96784c2cacc4eba9be04d8e
1405,1417,12,unique_exact,1417,3a9194a0c8a5b4224c82557da7d3dc9ec539b66e9dde45a3bebf5d19952bc197
1406,1418,12,unique_exact,1418,a0e8384c3c3ed20e64c9e5ed03510b9223b5a1239923a2dcb811d03c9409d4c5
1407,1419,12,unique_exact,1419,cb5887c688a0f1ee2e972c05a409e0b6d6a8a5c8ab22054dfd2fb052b3a32c6a
1408,1420,12,unique_exact,1420,30237e649b9e6386bbf5f6f9f1dae2936dc2b46e863dbff21d09d7541bba6943
1409,1421,12,unique_exact,1421,298aef6890868ffe7515e2bb4c2e75e6bf77ac2c6a54ffab0571c3953cd0ea81
1410,1422,12,unique_exact,1422,526f8d958db24d4417c0eef4f9fe730f4cc3f5583dcd8b86253fb4f2e48d7318
1411,1423,12,unique_exact,1423,1a50cf1639b00df834b911d5d26a24f1cd40ef2164b427571ad97d589848df4d
1412,1424,12,unique_exact,1424,cf7b9c0e4f197fde14be3d7085f4058ae2af33404bf1ec1c3f0bc3796be706b3
1413,1425,12,unique_exact,1425,87c512255be2d7b4606d960ec219895c5b358f6e3a0818868721afd8c47c68dd
1414,1426,12,unique_exact,1426,9fda00f6b528d99888d72a5045c520a16e15af9f1093f5353e1429ed50cec009
1415,1427,12,unique_exact,1427,2d6afa4f4b99195bcd47dea83ac5fee24d04a8439e0e3e808f4dbb08394c2304
1416,1428,12,unique_exact,1428,a6b49276ff10912017de50842b028c15f6945f9328fc114b73d2b4b8a1128735
1417,1429,12,unique_exact,1429,908f69f22713e4f750c1376c14af78d1177a2bb2d7f5419d5ec6fc69c063a6d1
1418,1430,12,unique_exact,1430,6b42e7043fc4dc7dd3e96d8919420d3d0bd68a1c469cb00854b415bea2eb3529
1419,1431,12,unique_exact,1431,d54a2cda35c08e403a258f400dae61a7f2aa0dbc96919eb27decced009686f0d
1420,1432,12,unique_exact,1432,3997d68abfa7f4d579eacf035b80e52d4f44280604bd24c7e4d6c67bec6f914d
1421,1433,12,unique_exact,1433,ecade573872dc8bdfb908120ac3ba162762b9430d0d5263a27ffab5c27111f58
1422,1434,12,unique_exact,1434,5437b99a6016afcf0ab3962bc79e85dda6c70935b0ef9e9b14c3d041437105af
1423,1435,12,unique_exact,1435,180d613b51656d9e368f4062dcfbd6db050ec2f39560d1bfb305976fec98231a
1424,1436,12,unique_exact,1436,e40f7cae6136baa9fc5a70dcda783aee174e0a3a79f5673f78bd9e1ce115787c
1425,1437,12,unique_exact,1437,4f0223132cd6d8c0c3214e20bdae7c5b4ed76b21a83bfaf66e133bec2ae06451
1426,1438,12,unique_exact,1438,30546a37701480e6524f1482b0ed8ec49a017e28b35f0274e5e9bcc2f0cafef4
1427,1439,12,unique_exact,1439,8b28045d132472c320e237908d361ab173fef0b02e078aa30a12ced2b271e243
1428,1440,12,unique_exact,1440,b3f11869317d92765e181408555518b4bb4a13faaee283afed3d6d2891bd4907
1429,1441,12,unique_exact,1441,f97b57c883e78f6647221fb0332ccf9e6b884c9a6c99f50d60a7b562a9c177cc
1430,1442,12,unique_exact,1442,10524e98b61e697ae18ae8e5b5646930f9032ff2ed964984391202b350490b37
1431,1443,12,unique_exact,1443,d85735efe88b718406f8de46fb7faea808d8597840c761e8606e73095382f803
1432,1444,12,unique_exact,1444,406e72897cab8e32a7d6ac96e25d03c2f9355a9c0c40259894c2d3d65d527d10
1433,1445,12,unique_exact,1445,ff53ec2fc839487f0c8abe032c28e652be058954a3eb56b4ab8f0ac13fc93aaa
1434,1446,12,unique_exact,1446,c522c2f4c46b4adc038b1513d8ae3ee13f1d9d43a814432f8b0cd01831de7a4b
1435,1447,12,unique_exact,1447,f6c36ca26b48766fe58241969e6bba6cdf9d4b75bc0c8155b020a3020e321cae
1436,1448,12,unique_exact,1448,ddd2e28c95f6ea563881961d5c52dbe42383452509e3bc15fb47110685a841ee
1437,1449,12,unique_exact,1449,40845e8cc26530259593655d69483373d04874b173c7c88666724ca18226b8f3
1438,1450,12,unique_exact,1450,313bbf5cf30a3b0d35c28a0d7203414a9ab9512217d4037e898e401e115e69bb
1439,1451,12,unique_exact,1451,6df1423580fd33821a119c329ce3fbd73687493029704de5e147a6480a73ce4f
1440,1452,12,unique_exact,1452,7796fd04564e8c9f8b6516a2c44cba3e892a052e741f61352f9290017bbb3cd5
1441,1453,12,unique_exact,1453,b9e9a21e960035a98653e1a709c4526bf17b259f6e97cc37c652b4e0e565cd21
1442,1454,12,unique_exact,1454,4ca872ba5b94b6cb4469dadfdaea8fe1697f0752c3e365e876b5f567bf25198c
1443,1455,12,unique_exact,1455,590e4f1856a2c02c2f2983ee1509220d1c6c7efd7b161930f2f75683e9ed7f52
1444,1456,12,unique_exact,1456,83f68bd7d1914f154cae2814c42bb5deed457323dfab50d0504e9c60f14fc11e
1445,1457,12,unique_exact,1457,ae4fb6a871749bc4fbc5fc6b4771a8c3a13790152176adf248abac6de75ae34a
1446,1458,12,unique_exact,1458,0b206abe9b7f2a5d2b9388b0cb6b4e0f4d22e0614ac31fb2280bb2c83f5615ad
1447,1459,12,unique_exact,1459,eb9b42764e0ec39eacb4171d717b28067fa230ecb365a8d72ea5bc009ff0ca92
1448,1460,12,unique_exact,1460,3ad7b699ac76ac2ab454a688ed70d61e4078418788dba98453749caa3659d7eb
1449,1461,12,unique_exact,1461,22a962c1f110c0bf6a55af593e0e88b329836ef953b9bae9a1fbf715a5815783
1450,1462,12,unique_exact,1462,058f24ff7853d6a891b1303055bbc4d2b63fb4f46480b2e26c5164a7d071a536
1451,1463,12,unique_exact,1463,3ac34906d700d74c72423828fb4b17f5309412f1a3d901878cc89e2b1184d919
1452,1464,12,unique_exact,1464,600f1d71c272ca7cc3da7a1fda2d5548118589c4db2245013a84d8eaf8670ae7
1453,1465,12,unique_exact,1465,9ca33011c19c6b1dd9b7a53b0ab64fd08c7ea5139f8d463b9ec7eac8cdde1f90
1454,1466,12,unique_exact,1466,516cd957f8b47d397253ce8450c2daee096622e655dfb0b33bea2c7f860c30a7
1455,1467,12,unique_exact,1467,4f173153b204fb3a705f18919dd1e6b42a30b5404221ac34298ac1bceae4cd2a
1456,1468,12,unique_exact,1468,cb4c9f52662062040ef8e98f586b046e9b99e89e794173d522b76565eae88c3e
1457,1469,12,unique_exact,1469,760b2ed52aa2385bc591329806c0b81956896b54b60d123a31c7d725fd4b7ad7
1458,1470,12,unique_exact,1470,41d61ca9e6acb8b5fa297b74fb15b1d960cec3c6e23a557937f3991ab419bb73
1459,1471,12,unique_exact,1471,a83d0495c0b04a96846acd88fe086243faed4d0182a1c17f31fb7f78bd7c94db
1460,1472,12,unique_exact,1472,533fdd5ff27f890a959104130c880a369fe5805e66468023fd4dd24407e5de95
1461,1473,12,unique_exact,1473,b3cfe7f4e22cd801b0af7e0a5ac9a8dd8e67551d0e58d49caee8cd3c567b5dea
1462,1474,12,unique_exact,1474,0c51cbac7ba7c6fc3fd1795d7e27362a21777f39f351f41e27c6aea3fa217958
1463,1475,12,unique_exact,1475,1ef3bccae5ff24781306254477d7bb5cd54954a385ff3e93fef8567bd06f99cb
1464,1476,12,unique_exact,1476,b3ec273b5245165bfeb983d3789829d5fd49bbc7b9b18035b4faa3e6b3f99e02
1465,1477,12,unique_exact,1477,092b82cb087ea8d679cb76cfb201530e01233bdc3c840af8d8b434ee44afd144
1466,1478,12,unique_exact,1478,54e5370d348f9c912816a8ee50b97afef9e256c42abda0443ae3e8459187dae9
1467,1479,12,unique_exact,1479,98c9beb61a0ff5a9bf47bc4bb48e68d714177249fcb5f9fa81de40f535020c09
1468,1480,12,unique_exact,1480,2365f946dbb262ddc428ad080d366a6f85496efd10876e47ea2f718364160222
1469,1481,12,unique_exact,1481,51916174f11a4c82ccec39a089e4b59fba7926f98e0f6b0488f390c837b52e61
1470,1482,12,unique_exact,1482,d7ec9ccab2cbf3fae78e718e202ad44c4add4f0535631854404880ffc3139775
1471,1483,12,unique_exact,1483,18c0c965122415dafe1b5168e0093622dec8ea4e9e3ed0c3f9b8aad41b43a9b4
1472,1484,12,unique_exact,1484,9377ad4a13fdf29ac7beb20274031afc6482c6aa31868776680138bc55d49623
1473,1485,12,unique_exact,1485,e30570ea49c70ddb6a2b15002db7edd265ec503f74a2de06b378a232ca1abd5e
1474,1486,12,unique_exact,1486,06670fd7d67542f350ee57559c124d4b74573149a269c52378e30451f76eb8f2
1475,1487,12,unique_exact,1487,596776a1d3676731d8185fc938e3ff1361efea559a02430bc3f9576afad4c3d2
1476,1488,12,unique_exact,1488,bce251adcff0180f09d57ef384d3b6a0d34fcbe4f3e21e014433633822aa0413
1477,1489,12,unique_exact,1489,595e2f6217b4f9fb7a4fb3eb4de6530bb471e370c6f994efa91ced5e7133b798
1478,1490,12,unique_exact,1490,1627cd968752c18e834faefaa9ea5310a8951eb5658cbb07bbfdafd71a49713c
1479,1491,12,unique_exact,1491,835d3dfd74ea9a41931c80c0fbc9df87e593979827c8708b4ecf1abf1e3aeb8d
1480,1492,12,unique_exact,1492,df0bc342048431cdd584f0df9837a74346d869db502b1a60ab2084d72b8e3ebf
1481,1493,12,unique_exact,1493,2c21ac1f1c9788f06a8632700f0ca94886936baeb937a7a27b92d1def88b4135
1482,1494,12,unique_exact,1494,f7880c6eae43c7233699b928332253e2abbceb079a64d54dd783a85ca3f800e3
1483,1495,12,unique_exact,1495,bea81c34b3ef5bae2cc36aa38087467c84d6e55ae56e32017e8f273a6ef0fed4
1484,1496,12,unique_exact,1496,709c1db2e8bc472eeea34533f4109840400bd65260a528bac449c620fed0bda4
1485,1497,12,unique_exact,1497,3a4067b6c7ef8f901d5ddede24ab3a7448ec2723968ddde9d905a3513ffb58a8
1486,1498,12,unique_exact,1498,90eb557bd012035e42f6bf82a150f075b05a6aadeef8f95301d0f8be956f7d48
1487,1499,12,unique_exact,1499,ea97c4541f5d40f4bb8348b36bf1078850e47544b6a82ef7878e6b2b0199f36d
1488,1500,12,unique_exact,1500,96c9a386aa1e031691899e00ef02c3172b8284953f943d1ba0979bd790ca6ac6
1489,1501,12,unique_exact,1501,328309c35b33b04062787a66da0c1c9723e6373e6abb552fd60ab9937aa3e7ef
1490,1502,12,unique_exact,1502,0127ba5dd5e5bc2f5581a43ea4ed311fd8713ce966684a23989be4c35e671274
1491,1503,12,unique_exact,1503,69fa85edfdfe5c68f1afb6728d11705bb33314cfc5c7ed52176470949e672d43
1492,1504,12,unique_exact,1504,a7470fd276c06313f55eae3612a2c28b9db212c4ccaf577021e6207def84a9cc
1493,1505,12,unique_exact,1505,980781cfce59dfc0d9f99d008756ad9ec2d3f4ec74ef926f48bc8281d7f27b59
1494,1506,12,unique_exact,1506,f0d3ac0080f2d10ce58de763f847533984dfcb28b614863b8aef784789f05928
1495,1507,12,unique_exact,1507,c50e47279770f6a303cc8157e476a4f41db78eb5962a2cdb6c2b4adf408f12f1
1496,1508,12,unique_exact,1508,c69f35efac155c8bb33204be03ce3722e3618e0f1f570a3f31c34685e2b70b11
1497,1509,12,unique_exact,1509,0c2d55fd9a34ad0bedc3eb511c5f97ac1b4c6054b5109f5f2a9a53d1472c4034
1498,1510,12,unique_exact,1510,99a56c396e52bd3506f7e28690dc7d952e6f5851bfb9d1651c1f73b25652c056
1499,1511,12,unique_exact,1511,b85cdfa85e0514eab35271257ba435a5a2d3c0fe292f7b0deca407da919d1ff8
1500,1512,12,unique_exact,1512,f1f4250cfb6200b2fe1092b6332acbcc990ee011d088202436ddd2da8797e560
1501,1513,12,unique_exact,1513,3de01a5254e405197d3ef7d5ab243c20c78f2698db328c7d1338ae1f4cc748ad
1502,1514,12,unique_exact,1514,20d1ff03743d95383d06f231e34e707e8754f7141278ab2068cb9a06b830b7b5
1503,1515,12,unique_exact,1515,27c2b873fe2157d4ab3cb1a5efc1f3dd819a3a76d5b573936352415dc54a7ad7
1504,1516,12,unique_exact,1516,286b96bef48576560697226317f0140c94fc20c055b29ca4697c9485a86da61e
1505,1517,12,unique_exact,1517,20b4d98e683544000c73c5e289864b5d9d8cf0edaddb38e5656206aca95c947a
1506,1518,12,unique_exact,1518,602e0b2691c8b3ee65609a673902da8cd7ac50d357cfd03d7af30017acfc1bf7
1507,1519,12,unique_exact,1519,60d72b0f6c8a048bedddd362c4b2f49a6518ebefd5c01c17e997085086d2ac16
1508,1520,12,unique_exact,1520,dd5d8b30bee0456ff001f98e1a0a75081bf93034b1e004e24d84dd7dee723ed9
1509,1521,12,unique_exact,1521,f4077fbb85880b4ef23341bcec8983d8b98e03bf9bbfb2aca7df4a732b949c7f
1510,1522,12,unique_exact,1522,137ff081e220b74eaf4b226ba3b586bfb1479a20f3e983b4b8e93fd6c8ce5c20
1511,1523,12,unique_exact,1523,4916eeeb9c3355f7cf93d5ff15c016d577454ebc063af61cf86b6b71f8e12484
1512,1524,12,unique_exact,1524,7f5fea04448d45a6da8b519a11feb8a9f8a6a021f28ac344d0aa9ed45c43c7d7
1513,1525,12,unique_exact,1525,f12fde3554eec5acb9219d7fc7c66d0f8fac91c35bcce7e98f243beec6e36647
1514,1526,12,unique_exact,1526,4672fa7a7b2466697c3b4ca47eb127fb45ac56449f611aa4ada2904ce70d2973
1515,1527,12,unique_exact,1527,8a53fddd2f6473d83f15b99309858233ff1a5116022d0caeab43a3fff4eda711
1516,1528,12,unique_exact,1528,fd530f9844cd98fa42924cd413f44abb6647320667e09cdfe12863fbdcf30461
1517,1529,12,unique_exact,1529,dc8fbd595190f18a254433434ba0da4397f9d955f71446ef91d1e39c3edc2e7f
1518,1530,12,unique_exact,1530,9e5e11c3b77010aab303f83b15e5aed876730edcc3f7e7f16effcc5f315f48ba
1519,1531,12,unique_exact,1531,6ee927ac9fb5c4dee2b3a54d899cd79f8e224294ce7780f2561fc610474313af
1520,1532,12,unique_exact,1532,75758818f475fc4a778f4dae2aa8a2c5b9669a5a488007e7ce114b0f324269f1
1521,1533,12,unique_exact,1533,e3d0a99187947aafa7a0943b91ba5b774642b7f8ee73e27745fbf5cea1a4c29f
1522,1534,12,unique_exact,1534,ec23fe5d6f87c6b9109533d58d69c9ac1338a868625ac8d63aede0db026430ae
1523,1535,12,unique_exact,1535,da500d7ddf1fd5d359d3882d77bfd863221dc225ec5f74199dc29aa11cac3887
1524,1536,12,unique_exact,1536,2c4e7bce1e8650ef6f479787a265d4a6d6b9f002436647ff48bca7d98fccf095
1525,1537,12,unique_exact,1537,3bf04acd46a3fed9513b594d45e83097f752d4e8c2b2ea14ddb07f12d84046c1
1526,1538,12,unique_exact,1538,129ce073c96753576e9f63ac341b19cd4b75f8df11f75cea6cb7bd2d40b4e122
1527,1539,12,unique_exact,1539,28ca1216ca090cc0643a8b527384e65b049425778909485648e69d3770107cee
1528,1540,12,unique_exact,1540,5e6db236f3cf8fa771e45920562debe0eea425b47654f3ad5b7e0a0e739bcaa1
1529,1541,12,unique_exact,1541,23a17821ab704e56fee1f0d8c395160f1a30d13a835161194b147962e13b581a
1530,1542,12,unique_exact,1542,c4c34af18e017ecf197c3847675fa418e23a8693424b61a1df6a31d202ccbd2e
1531,1543,12,unique_exact,1543,69314dd12e236015b74b53534f2b640ee954061daff4c8d3071e3cebb236d0ec
1532,1544,12,unique_exact,1544,8f2b23055e57184f77417789a574518bbece53480b0932a82bc6a12443c42419
1533,1545,12,unique_exact,1545,8415013db59b55d4d406897f6dfa9c79baadfea00bfd7f38e9605d61fe2dde14
1534,1546,12,unique_exact,1546,541f1afcb1bf6a17ae8c9c9ca2fa704c889bdde12387ee169a5a3aef9a376c8c
1535,1547,12,unique_exact,1547,dd214b240e6eb238a7d8f9c135e3723ebae96d63d888d9179ad34b6eb9eaae18
1536,1548,12,unique_exact,1548,9083ab927220c19debceaadf28ff97980d2cd5ae7f6f4985dee519fb319a70ad
1537,1549,12,unique_exact,1549,1a3fa90f0367f434a8de07d71913e7306edaf6ac660fc30560467ff26fea8a79
1538,1550,12,unique_exact,1550,958a51ba023ff288e96d4bbd19c5e4d13f3884a7ddf41b8d601302fd721c50b4
1539,1551,12,unique_exact,1551,3ae16765e69df7778ff3983719660f8fcbbfb2bda1183c8226490bad02c6a5f2
1540,1552,12,unique_exact,1552,0bfdbcd9f8553ab37c53dbbe1e2ba795d768eedb43a37cad7204dbb33d8739c1
1541,1553,12,unique_exact,1553,7b7823a2019e904f5e1e60f31e42ee34e32a2deaa93540a48325a37860e0b01e
1542,1554,12,unique_exact,1554,ca3d3f4ced890d0115f87a8867b51b2922deb7efd9ea2fcaacd3e55c7f914629
1543,1555,12,unique_exact,1555,3e30d291dd7da58a1cbe05b367f2986e06ff37b0a5e32da2660ef38683f223c0
1544,1556,12,unique_exact,1556,095771ad60e988131fb5c3dac5fea58d1be6740d9ee6d15b2c70edc58969ec2b
1545,1557,12,unique_exact,1557,52a6e17c83f6528efcbc603812529c8bedb28377bd506d819e4382f9ae1a15dc
1546,1558,12,unique_exact,1558,66ea742aac99c692d7d50a05e2de4e5ba1774a149598b576e15453c0e46fcbcb
1547,1559,12,unique_exact,1559,136be6636519b1b355b0ff17fa0808955c00b71ba62d5cc5d031a31868d31265
1548,1560,12,unique_exact,1560,2e29aae0e1fb904553c51795b6e8c971479ca651155fd84d230c86965f356f46
1549,1561,12,unique_exact,1561,ae0dce23f61f2d5f9a676eb5aa51d56e6ad3f9d9699ac223c98dccd1355ac655
1550,1562,12,unique_exact,1562,cc356c4bb750c49059ed2a4106df54d47b9532b4cf051bf2f52141b8042b01ae
1551,1563,12,unique_exact,1563,395dcdab75777c2421085b4bbb92c61dac0b3eec0819091d03504daab6d0d379
1552,1564,12,unique_exact,1564,a2dcfb4c4089bd9f898256a657916c1943c3acdf4667e814fe650de396448031
1553,1565,12,unique_exact,1565,84e917f5442b371ce018e7ec1e8904a3865271be49f4efed43a83a57b1b83d5b
1554,1566,12,unique_exact,1566,f35182aac8a50f2df24a90d1124faa20e3fffae68b12967ca04d2c592fe12335
1555,1567,12,unique_exact,1567,c7d8584e19a2acc27876c93c0a147823a14e9e7df747610d765c8f030ca44eff
1556,1568,12,unique_exact,1568,544e8b2fee8b394b55625155a52af8b0c444a514c77e65913240373742d5b0c3
1557,1569,12,unique_exact,1569,6a7ef764d7d86a43125dafb6fc4617ed0a648aaf043756209b44fa7e708e0dd6
1558,1570,12,unique_exact,1570,1f7f741ff3ae66558cfae1b1f1d0f2ed6eab8e27438b189f3f8126079ef4f2e9
1559,1571,12,unique_exact,1571,9ec0027a405f56052069a19bed9966d453b0b99fbbf6de5dc1e485c1a4f9004f
1560,1572,12,unique_exact,1572,30af55ae4dc7a935536ff5da08eb6af5435f07184f4140c1b14a18274d8b72b8
1561,1573,12,unique_exact,1573,ee5d4c02d6ac5374d2ca63414ce73629d293ad6a98c143f50ea587d12db96d59
1562,1574,12,unique_exact,1574,0d726e470889ddb46f7f049bda7bb993d0d3fbc69791fce7ffe9564c3c7f62fb
1563,1575,12,unique_exact,1575,dda9d870bb7991e89c2c1f2aab541e709c7e7010b1e143703f3e34f76f9ec89f
1564,1576,12,unique_exact,1576,e150288970eef9459d7772d8572cd7ecb097dd73d54a7a5196a37b8b6175b24c
1565,1577,12,unique_exact,1577,e053df6a46ecca2fefa3c3f7aacc8db4c740e0ba5011e8a2183ac9b816643972
1566,1578,12,unique_exact,1578,7b9b7e242dd036335e0b0e98012b25f6c6071e6e78512ca7e374ea390dafb59c
1567,1579,12,unique_exact,1579,b1f72db04596a833c1844408e595ce4d3c4b7658840cdb0432b2582e2fc0c316
1568,1580,12,unique_exact,1580,1498b2d3df5ca344ed90546ca7823f101ac1888034ef2962fcebca2349b4cf81
1569,1581,12,unique_exact,1581,9f041138dbac92a543738d83c40c661746faff95dc8f6ef786e9852eee1b85c3
1570,1582,12,unique_exact,1582,94fb084e565f1f6692cce7124a7d3e2cc2f9e52d4fefce520956c77732a9a564
1571,1583,12,unique_exact,1583,721b4bd4a7b70a88476348251ae92c803b21af33074e3408d3f03c3821780a61
1572,1584,12,unique_exact,1584,20b415768ae41794e6078529a2d8b69da58e5c58c8cb42d0494e55284b6500a5
1573,1585,12,unique_exact,1585,ca62310d7cc500b3315e22804c13b245912c00128153a7ce398be71599c66868
1574,1586,12,unique_exact,1586,660bba931ff1cbf64173b11c6e4f9f755cc9df2d4f37e2ebf7765e15b385747e
1575,1587,12,unique_exact,1587,04ba6a323ea9e2263f523c450bcfa4b32e413b32fddc5abb2490a87d8bdf9e1a
1576,1588,12,unique_exact,1588,bcce8f7d840090aefda2649fc721417992f2f52abf327f186d00c1e521a9c230
1577,1589,12,unique_exact,1589,234aa6c62dfe07702e08df468ffce7dd28a5b48ee34c77310812506b6199d412
1578,1590,12,unique_exact,1590,5e07952af255d5a2fefd486df0bc3041c1f51e413d598de8356808fb6abf9b0a
1579,1591,12,unique_exact,1591,1f83fb7530b0e52c265d4fc819b97784bd030d18e4bc6fdc199b8f42c3bce489
1580,1592,12,unique_exact,1592,520b96a0819404ab69e061f0ae3c11bdc3a609e4c540c182004d7cbe9cbc0464
1581,1593,12,unique_exact,1593,8ce817950c0a281ac5da2598035e71e8dd9e64e906113237fa6e90b3bdf6d902
1582,1594,12,unique_exact,1594,17e57e6447913b2d5e368bf3fc5f75f4cabdc444df7c04e3748431866cf94086
1583,1595,12,unique_exact,1595,3493b19e1979be1797f24178b937148864378e946c67f3a19f8beba86179f260
1584,1596,12,unique_exact,1596,bfbe92aa12e5a3760711207b99052439e7d8042fc193c0fcc8bae1d5d06da5cf
1585,1597,12,unique_exact,1597,e6c5aff758f0ad5edb57604607b4c6aa8ee131ae32cca6ab7599b82fbf6a1585
1586,1598,12,unique_exact,1598,ca3892276ee49d92ed3daccaaa0a88ffcb043993658b697a71f9425fe3aa018a
1587,1599,12,unique_exact,1599,1fee071f1c1fc2c71b81646f6cf9df962cc6f63ea713a500a51d8812d1e876eb
1588,1600,12,unique_exact,1600,ce9688c1e56a661e07d2f2c4982bfde2776e4cf569b5016fbda2d2dc8361da64
1589,1601,12,unique_exact,1601,961869e0f4ed0a1a56c15e3eefb4b47624af43ec16a3242b7c627cdd2ee24623
1590,1602,12,unique_exact,1602,9feaebb63522fb37999b8bbd9fb0789376bd2490a578c78f984ef5cf74918f96
1591,1603,12,unique_exact,1603,4b14738b1e97675477cd5f5b630ca0d9e0c7d19a368ddcb7ca4127bb474cab64
1592,1604,12,unique_exact,1604,556c1d78e71418323e959f2f66feb65e1306359182470ca38ee16b12f7f2951d
1593,1605,12,unique_exact,1605,2117d5a7d0f2958df5e06438ec48e0dd1d6d82dcc29fecaa2bc81ec1dbd21084
1594,1606,12,unique_exact,1606,5584797ffa8a7a1920cbaf0865b6728f50864d5faafeaef1710e1e96fbd93906
1595,1607,12,unique_exact,1607,3b35c98cc18990db3d4dd4a0186267480a8786103b8a926619d966a1dbd9e762
1596,1608,12,unique_exact,1608,fbeb413cec39891fb914797fe4ba809f4b5566c023cbe078c29c0ba4c7b31576
1597,1609,12,unique_exact,1609,fd7ddd3282253e54940c365457911e3b0ec774324810c8ef6f22a9b5421f3aa1
1598,1610,12,unique_exact,1610,99b7d3b2250b00b0da0c2724117a9518f83b0e6c09f4edcc5d7f33c8f27805fe
1599,1611,12,unique_exact,1611,f8f2f524c11661b912c2b8b59e244ce8e32b8c33d62ca61af3d295bc1b98dff1
1600,1612,12,unique_exact,1612,575745b9180e539d4a52b4751cbb563d524496265506ffc9e7d1fd401b0c0d6c
1601,1613,12,unique_exact,1613,db145ebd797b995fd218efdf67673dfe0622fa4fcb690e54772a53e658dfd258
1602,1614,12,unique_exact,1614,ea6b3a18dc4fb5c8167994dec84271a070c4b13e6dd5c6eb5e6e914cdb3951f5
1603,1615,12,unique_exact,1615,1568cda4ba6f75e6bc74821c1cc4d581607a5b3f70b6691fccdc7c38e2fdaecd
1604,1616,12,unique_exact,1616,0386657a0cc3dc44324e86ccbe5a39f7ff42e1a73ac3b5272695d3f3e65a0e6e
1605,1617,12,unique_exact,1617,5b6a62afd970a40542aefa7392238a16642e85be829df63643ed908dbf534b43
1606,1618,12,unique_exact,1618,4bce79adae7c88c14f20e31f88d613dc985512ec292073bbbe9ef1770f83fc69
1607,1619,12,unique_exact,1619,4ba0c54c2b0bfeff2b1676c3fee2cdede83424e0400cf59101a1e0cc35088edc
1608,1620,12,unique_exact,1620,b2854a7c5cb25d9d91853325b1110e6d7c9178ac60085695984ebfdbec4dfba1
1609,1621,12,unique_exact,1621,326419586fddb77c375137e0431eb530868ae2407e2ca42ebd2be0d46c51a32c
1610,1622,12,unique_exact,1622,4b92ce941f532c7bc65f26997da842934f84885d866461b60a59c1ab625ef5aa
1611,1623,12,unique_exact,1623,6f9fe5c793719e846fcd237ffef7a1fc8b50d9ff31b5bef724cf1137704067a4
1612,1624,12,unique_exact,1624,acfb5b2fd0cf047cbfb3767c285f13b4f0d89948e30be22799aa85174f1c1832
1613,1625,12,unique_exact,1625,cbe297c9d7004a85490358375ac3ac97ccb66382363d84b8841635a14650a63e
1614,1626,12,unique_exact,1626,ea60eedfb7531a82be388127c20c509ac667820993789ad4beea70c6a89338f4
1615,1627,12,unique_exact,1627,172d0f99b480b118a0e5e7a3edde59a21cf1949d36007b709aa0cd38bf15d006
1616,1628,12,unique_exact,1628,912d45aba609a2ed8d83bd46852e9dd1243f16dc9e650a1e72f8d188c3a70e4c
1617,1629,12,unique_exact,1629,81a51172a8d865789caf12fcc9c4dbc5fea173c6d054efd56fbb24860e7ced1d
1618,1630,12,unique_exact,1630,b895b64986a0f86429fd0a7ee9206549dba892d49f7689d81f58d91047a8dfa7
1619,1631,12,unique_exact,1631,438a026714a08052a8c47eecaacbb714cc7c73e678de1ccb721683b5e73d9e31
1620,1632,12,unique_exact,1632,03fb0a9a9f7ee8ff7b3baacd0ba7085234d904bd4f2a7d3319b205645a80c6db
1621,1633,12,unique_exact,1633,85b82463a17bb34157dbe8310d603a33fd7ed8923716e9c9c0534cf5a66a1250
1622,1634,12,unique_exact,1634,5f09844df63096c65ce563641d1c9f247d5cffb1cadc933d9512378f70b664f9
1623,1635,12,unique_exact,1635,1216db8d489091f85485a641044a33fa4d0b9d174ffaa07fe974022b2a1a3113
1624,1636,12,unique_exact,1636,697aaf56df82df242e6b6ff469347f0409dcd561a984605a0772a5a1d268c81f
1625,1637,12,unique_exact,1637,dea2fc408f32f86b74724efc909610f7a1e2cf66d0f4555a91c98136dd6cb504
1626,1638,12,unique_exact,1638,2e082324c20fbc483d42c8fa8e282d5d1db39166c165ed0c5873aebc40f2ca57
1627,1639,12,unique_exact,1639,24e44985da0e248ffd760ebdad057565fa555aac1b51dfb4d7a799c801898387
1628,1640,12,unique_exact,1640,b151b4555464453b40a5c4691feace3ac35906fc6f161d9d9f40d1e739ec8a54
1629,1641,12,unique_exact,1641,051a6acc96ba3038c727df7677d1b65e06bd5d8d8fd75671d17de84d0a31a6a3
1630,1642,12,unique_exact,1642,156a88f7018e4b7477d51a18cf6f21b4ba3758380aa2f012532515608d90a8d9
1631,1643,12,unique_exact,1643,b73cb272e963985787c7ec4f3bcd5f2b5a5c3f9ae93f528670a8e2a34f469d9b
1632,1644,12,unique_exact,1644,7ee4aee03de94d0dd12a645b9d91881cb9757db3e61c5d365d11f58a955e7188
1633,1645,12,unique_exact,1645,e304f4b534ca9634e98ce6ceae588693177b3d545a9f9b8b651f46f8864afe1b
1634,1646,12,unique_exact,1646,8bb94085f1d677154ba7018457472a08bea5985cba4fc06a504faf98c3875b4b
1635,1647,12,unique_exact,1647,85962a7d18d622ae2a5533ff7608ab725627b5cfccfc50e0681b9bf36f9875d3
1636,1648,12,unique_exact,1648,ef5af55fc3d635347141f87b058edad863999602726ae4f07bcc21e471909048
1637,1649,12,unique_exact,1649,1febdf677dbf046cfede01dccf8738e96f1e4254e3d482913c47c8a531856e72
1638,1650,12,unique_exact,1650,867660e77adec0b67b3c96f8bc87d4d478f945cdb7a1dde297e6ada782446862
1639,1651,12,unique_exact,1651,215c97c54acb933d23d06081814acdca31387ad99c8372b8866a5db44c7793ca
1640,1652,12,unique_exact,1652,047682e4206801fcd7119ed086d7695311cde8d72ab0a0f66d3e58a08563a654
1641,1653,12,unique_exact,1653,2133d93cc73fd13b1819aca4de205effbd9675307bfb2da9e9d76348a3300028
1642,1654,12,unique_exact,1654,9fae695ef046a11d3bed70b194d76f156fd724dbccec0ed7b0c5a28c04bc12c9
1643,1655,12,unique_exact,1655,ab1b162a4d889151260022d51783b3ed04b1497eed9f2d680cc65cb7709b73ac
1644,1656,12,unique_exact,1656,be45ea1b2212b8682c7b17dee86a2c257307cfadc7fa489f3d1ee5cc45830320
1645,1657,12,unique_exact,1657,b538424ab24de6d1ae31a423d7997fbb496a1fec1a4f9084c9484963b575a47b
1646,1658,12,unique_exact,1658,364fc7e631ba74f1a12c63d6dadff925b7ab9831b258e84ad9282ac7fa903dc5
1647,1659,12,unique_exact,1659,29b158d23d1a321f3399b665ea617421d78db66f7fb4f14b56b0751c3c12713d
1648,1660,12,unique_exact,1660,7d14847343699184cb94d988b11c638d27dfcafba2bcebe4f61730e058e3b1ec
1649,1661,12,unique_exact,1661,f07fe83e8d9e8e917d20b207fc140c63fbcd6edf94d84c7148002e83ac24f808
1650,1662,12,unique_exact,1662,02704a87ddc80eba61579c53ecf0f72dbe0f38b7a5791d41f112053dd547d93d
1651,1663,12,unique_exact,1663,6b3a903de2ad8039cb85c1f56e163a475dc4cf29821e5268d80a35cfef592591
1652,1664,12,unique_exact,1664,e3e619af97109dc5874f85a7c2cb0a349846bde9e6ce16c095f19ddc033ca0e0
1653,1665,12,unique_exact,1665,c27b9c65cd61d5e0dc385a011f7402a5ab6bb9a4425d6a0ee197c7b89f12abc7
1654,1666,12,unique_exact,1666,e319d01725195c68d46ff23d01bcf698c1d9d706c642d10d68644df8635a05da
1655,1667,12,unique_exact,1667,a58a804e79186efb4704ea9949138463c7344d89330adbe00ab87ab72e680173
1656,1668,12,unique_exact,1668,c981b57cf80c621315c392916a156dd8592171c56e52cdbf70e67654e5534bbc
1657,1669,12,unique_exact,1669,5cca3098a9e52c417d8ffdafdb655f9f3856d752d8fccb0e48c761600c1571bd
1658,1670,12,unique_exact,1670,03138e6a40dfea157540c88cca7405baa37cfe7c1e3886d46805ceb65eb4169b
1659,1671,12,unique_exact,1671,1f815c6afe45fc4d81c0050dff6f0a2cc147f76a76a8ca848211d3e5fad3d16e
1660,1672,12,unique_exact,1672,1eaa9f1a96f8a0455b07c40b166168e0a1952ad623c8bcd0c769264bbabf079a
1661,1673,12,unique_exact,1673,3797f86455fbbd52b7786916ab599ef8c5f5f266ce38ad6d944c631797f5f0f9
1662,1674,12,unique_exact,1674,c10c26da29acd1cd843760a89559638d70724614fd5ff3840653b8eeaafd524e
1663,1675,12,unique_exact,1675,7961350b013fb9fa7a8a4b37b38060b96dd12caecc2b4e7704a384e213021818
1664,1676,12,unique_exact,1676,99a20cd179e5a2167111ee8d84fe79e6f8a3f45ad0e3cb849d17f59863141b80
1665,1677,12,unique_exact,1677,4f85cc8b7b5a8005924ef6fe88ee36443c97b9462e48594d452b791a0da36a67
1666,1678,12,unique_exact,1678,2b6bbbe16e4f1c9d4bef8e67fd8739f577c3b1f679e47f6829e6fc96ae9cb1b2
1667,1679,12,unique_exact,1679,ddd468a6c7509b4f5c7e396243c893726f68cb7702ea583265ceaf5f7e469532
1668,1680,12,unique_exact,1680,d85702ec3e79e8f88b8e72934339239f53f22b07cb0f7f7228380e69775e7223
1669,1681,12,unique_exact,1681,20b3ba22af46421207a28bb9db38a8f563fe0005090ce2abdbc2e023c5b07e5a
1670,1682,12,unique_exact,1682,1c5e78eababc0cd9f0c1410cc17b8372412841669e9798e35981231ec2d06e31
1671,1683,12,unique_exact,1683,939bd3e76df5bb6d9b2b59d5daf95fee13a9bf8538ac37e91d8953573024d1af
1672,1684,12,unique_exact,1684,a898d2a9e1e5f9704813586211e580744a1387a12927ea0779b8a275c2e1b85f
1673,1685,12,unique_exact,1685,535386b81cd7d68ac1bbb8ea85574dcd7d774458bdeb23179a0d951748003cce
1674,1686,12,unique_exact,1686,7db2702969024ff3cf0b54e564f714e38536c7b8753628e87e861de421d2ebd2
1675,1687,12,unique_exact,1687,2a4a1ae0ec11270ed956c3d9b79561b2c77a4a20ef74f49383442ed2f836cf83
1676,1688,12,unique_exact,1688,7384e585c204a173975f1822847dd36b4edb0f6d72ebc27264aef551ea11136b
1677,1689,12,unique_exact,1689,17ef4d60dbda5b74edad10353f33bd36a0f37e73ece1f75b139bd5bb7e370f4d
1678,1690,12,unique_exact,1690,15a13de1973c9a01f151f9261645e4beaaf2a8dabb68a414b1e5f5b364f0f5ba
1679,1691,12,unique_exact,1691,924a4d11eba43f5a16cdb0342a242726686cef489c3780d06180d40373a21fa4
1680,1692,12,unique_exact,1692,a0f0a4b075c83a30373a873ce68b029eb806a740121038b87e48890b3d4d91d3
1681,1693,12,unique_exact,1693,07fae773202f66a447c1d1f131370da36f26094892a7f59188980dfd96701162
1682,1694,12,unique_exact,1694,dbeea12e27177b7d8c3a43a46413fc6b9219a2078c39527d507b41cb42a3076f
1683,1695,12,unique_exact,1695,74ff0728d9e0af80af990b0c66a7e66750be313e4b40ed7c4d3da1190bb3934f
1684,1696,12,unique_exact,1696,d9648e40e932e753080a095a9bf31872e67832ded7d89b728c4e91d303a62442
1685,1697,12,unique_exact,1697,d754e3e35e0001422b330df1d6c3eb6e0bd653cdd010f05b12827e37c6fea225
1686,1698,12,unique_exact,1698,e6e9e2c8a853a26d5129de3d552fc8d1d2c7e0e906a5069481b221113127f870
1687,1699,12,unique_exact,1699,eab47c5122ddf1570559e5069d7ec199531737580a586b91060fb12c6ea1a0c2
1688,1700,12,unique_exact,1700,e1a02876ce49687ead06327bfdd176df5890271b1e675abe316d8dec5c8257de
1689,1701,12,unique_exact,1701,21b6017a08a7a055d625ef6640092f7de649175e324f243a5e20d3d2a03f1887
1690,1702,12,unique_exact,1702,c45cba759c9698f163b3b7363256cac557ce35972dd127ec0b67c048fbb6eda9
1691,1703,12,unique_exact,1703,ed3634cc97e47798c301ef04c707de51831b1e0bf1734cd947112333b65554dd
1692,1704,12,unique_exact,1704,ef87e9bda81a4167bd4cfc6e6008cb9e4480f9e3e42abd022de888d4f221f2ee
1693,1705,12,unique_exact,1705,396ef7a551459936318946a7517d88360010859f5fcd4a6decf7c1a5e0e4dbd3
1694,1706,12,unique_exact,1706,3c3dd38acc1ef86d0e0921b076aa9b48583a556417de91e736381ccc10bf0528
1695,1707,12,unique_exact,1707,b2c543785748b7abf1f9441333dcabf3a96e4151b0fb7854f2b59f2363d3fe80
1696,1708,12,unique_exact,1708,f7a0dce31f7a0659086e35de037c603222822a3f7604875f927bf4f31c0d59c9
1697,1709,12,unique_exact,1709,9dc3a50aa0137977abd3c8e91d8d1d3d1f792bdc7c00fd47b2a861dc39d073a4
1698,1710,12,unique_exact,1710,42d50a18481a5dfd753f3d9226e45e098098b6b2d776426343bc2f6117e16089
1699,1711,12,unique_exact,1711,6056ce1aa803d0399031fe127af1a0a29a269285290a06047a83fdce00caf076
1700,1712,12,unique_exact,1712,e89430ce5b2b3fbc46c54ea6fab29985874e21d205ce698a1a9c945fdb0583cc
1701,1713,12,unique_exact,1713,87382bb1cbda4008b81a130acf9a4f4f4aec4cf591ee4c15ebf4048fe0a50a78
1702,1714,12,unique_exact,1714,0d8121c62fbbd24ef08d5ee04b5a5e1630f28a1fda15d0bdb42c8a6e38fea9ac
1703,1715,12,unique_exact,1715,c411f4b2e709a13e1bccf20057f5bb74343dde053b4d5c617534a7ca7985c3d5
1704,1716,12,unique_exact,1716,26574ca5724e4a8f7872b63f4d7b26adcaffe5641b9b683cc07bcc6b0545d445
1705,1717,12,unique_exact,1717,7d0242f144d03bf7bcfde5e0c994502064532fce9df8a7bf977fcf7adb6ce9ca
1706,1718,12,unique_exact,1718,923e91bac0c86f7d6e19cac2b1a3335ddb751621eb8471e7969ffe64be1b0312
1707,1719,12,unique_exact,1719,ad478f423bd737dbd996270736fecdd4e2d8d9e1293c09c6e681f28d9629b990
1708,1720,12,unique_exact,1720,e5514d922b5357f82576cca02ed0a9926cf38d4da26bb04081ccd9573f921ae9
1709,1721,12,unique_exact,1721,ca2c86872d9f3242990428b31b18bd9cb7cc5e3fb90e078a99a452dea8adfadf
1710,1722,12,unique_exact,1722,8025a5d6317b518b9a588e3262a6ec67a930b11b0eb18dbb51e98c7016739964
1711,1723,12,unique_exact,1723,2ead33d2a20c7309b705af5835e7ab936f26d51753648c82ef51a2421b719280
1712,1724,12,unique_exact,1724,fe3b17138350ba70846e934ed8b43f40987a258a93ed11a27bdc90849f6fbf4d
1713,1725,12,unique_exact,1725,133d3a25590d601f4a6ce09681918306a85dff9a51a290fa60d39107ab243903
1714,1726,12,unique_exact,1726,f34f08544a39b7f8dc9638dbf750b5d8ad44e1f21f31078b7e437244d8ca82ba
1715,1727,12,unique_exact,1727,e8dcf8d4a0220dfa68d1f874083b936b5444edd01d3ecc591df38dfa6d3af4e6
1716,1728,12,unique_exact,1728,e08691ccffc44921b46f7e1bc77a2d8f325ecc1de7b318fe0f2574fb9baab280
1717,1729,12,unique_exact,1729,36b07ab75b2be63ec4e79302598448e6e2cec89f7f5b0c5d3cef9644ab3f8407
1718,1730,12,unique_exact,1730,8e9d4b75710ee9da8d947aae76328baa22ef0b2cec0a6db46eaedad1512c7c2b
1719,1731,12,unique_exact,1731,79aba40afc5cfea43e9f3ab425a35834ae8fcb5d5322a6c1ce8281f0884db9aa
1720,1732,12,unique_exact,1732,6a846181aa528cbfc838b258530d9760a9b0129df3bb85eced6c064b3e37fce2
1721,1733,12,unique_exact,1733,c854d8e3f3ba9540575fdb7eef3e8444c89801e12c783b47d8ecef5bb9fceb4e
1722,1734,12,unique_exact,1734,325d747c9be493b0b39416f3269a472e7711e63c29b0e76702e466a1d1cad2e7
1723,1735,12,unique_exact,1735,d7e7a027bd4aeba8679af00169ca5fcdf63c0af8918d4e92347e4e84f922c0f0
1724,1736,12,unique_exact,1736,e9caa812ca5a463743d01fdff823f9d1c19d6c116bc3a07c667b0cadca55316a
1725,1737,12,unique_exact,1737,6b9a5de57de3ad268f302d19e8540fb67a4efeefc0a4b49fa01b8883960384f4
1726,1738,12,unique_exact,1738,c7d0baf3a93fdde3b3bfc41863e19bf1313f244aff204d5b8a0210175b184e64
1727,1739,12,unique_exact,1739,de44e6f79fd1c712bd8a5267de6ef3980ec4034681c27750249c3a4234599888
1728,1740,12,unique_exact,1740,d2af5cb96cbacca2434c950c8fc6b6a84f4dd5877cce6887f9b904b88a97e020
1729,1741,12,unique_exact,1741,f1a6357acf3d1f91dd4c93100af495e06be811f5617a268240281d01ba9554a9
1730,1742,12,unique_exact,1742,d02646ecef9203a6143db67be584f4060b26ea5cd551e17df4ff0b3716ed4aea
1731,1743,12,unique_exact,1743,b807cb9a85e571248d403f4764337ffb6ec81752f8e475b5f4c4fb4d7ad295c5
1732,1744,12,unique_exact,1744,21c99e6d814aa5506d4c89de41295a5155dfc5e484d80f308d800aecf6db7708
1733,1745,12,unique_exact,1745,4b118a2efe8ab7a54d3345452e2da2128b3b56743dd44e27bdc5946be44ad7c2
1734,1746,12,unique_exact,1746,c7cacf7004773bec3405a7ff2ed363e3e9a0dcca8ff6318864ec5b07eb72963b
1735,1747,12,unique_exact,1747,eea91936d9a9750f8231cd3894b19e30ed65092a65341e4546df94342d14fe0d
1736,1748,12,unique_exact,1748,c392ff35c908551549a5bd21d95cd5850beace6b10f85778bdacfc3f94058c21
1737,1749,12,unique_exact,1749,4a18532dca94f992efba33f7c83f80e7be83aa468a47cf7a64f947a2c9f795d0
1738,1750,12,unique_exact,1750,4b379e4824f4614b380ba6a092926ea9e38758a0a3483d5dd487ff5c028448ed
1739,1751,12,unique_exact,1751,d3f225912cc7834e600ce7769784322dd2cd3f240ca323a5630fbb3758ab5188
1740,1752,12,unique_exact,1752,c5cb00eef15fe825b23dbe7c8b8079b086814edcacf947af60aac52d2c373ce8
1741,1753,12,unique_exact,1753,dd2ca282811e6116a034306137277902aab0932fbfc5345b16ff27fdf16423aa
1742,1754,12,unique_exact,1754,96b5d73f26e74008bb387174118b8e9458a9305c128324f106618340d30b483b
1743,1755,12,unique_exact,1755,d6f247c1a8ae96d0feafdfbd2f1f616adb6fb16ebed08189ce8264ef56391e83
1744,1756,12,unique_exact,1756,e038fe42861fbbdb73e288683cbac72e165c07895f1c40a7e3112da4d1dc5a48
1745,1757,12,unique_exact,1757,fdfc78f7a706d62dfc05fb33355b0525c7d433ad8d921d443c2b2a8e8fcf22ee
1746,1758,12,unique_exact,1758,44c85e69c4be3c73d2ccc67bb53bdb7211c09ffc62736569c58c9ae143aa2abd
1747,1759,12,unique_exact,1759,d31c1ed6cbc0f9d3811eddb864d3831cc8d095a15ed8e959d58e7d5e9d06cb7b
1748,1760,12,unique_exact,1760,1a4ab9a6d425e474d025c57b71100e4d71fd89895fab3ebea7481613b925e8cc
1749,1761,12,unique_exact,1761,5a8badebfde9d6c28b71a2704e00e6eace7e652cdcc835ff143aa18724dc45bf
1750,1762,12,unique_exact,1762,c183914048ba56e586130630c90edee762d70628c8d5d86f6dcac1231b6b5766
1751,1763,12,unique_exact,1763,dd40325ad5bd1f6136c717c68c29910c2c8f728b5e1ffb7c04a9f2b9a2a6281c
1752,1764,12,unique_exact,1764,8ee0e5c1658c96b9a1667c6b383b4a06235127531ea02647bc2a1ca0fdf7fd00
1753,1765,12,unique_exact,1765,d2e4f5428317cb4dc694fc0182ca5fd3a0f21fdec9788f9cbf2813bb5ca3ff50
1754,1766,12,unique_exact,1766,32532a338ed248c5a842afbb8ae3eaf9c9a5b6282e125de946c6c8d1a006a004
1755,1767,12,unique_exact,1767,76f8f9b94d54302fd94f56e67dea532005d44c05528628af74b5d8dd2d440588
1756,1768,12,unique_exact,1768,e06fd75ae888b082a6d6a560eae4c67d23907fd38e191ed4fa073a81d730bd2a
1757,1769,12,unique_exact,1769,fe69a77cefa72b64f1b46ed2901ff5ac2aeed229fd1189c22de1f260b827d4e8
1758,1770,12,unique_exact,1770,26d973adda4003dec48f98c41c6823790c038130ca2f9fba7d7215e328497ef2
1759,1771,12,unique_exact,1771,14fc813b352f426ca11a0af860b37d1464adee394d795ae5d0efbc8f5bc89aba
1760,1772,12,unique_exact,1772,95e35790a9d0c5fccf8f169ff6342c44bbc9ea34af93ab521dcb822d763c3f4b
1761,1773,12,unique_exact,1773,f1e1d7841fdac14438e5c57b17a3202d74d8d5921c40f9382d01a6093dbecf7c
1762,1774,12,unique_exact,1774,83a7684759daf09b2256dcbe09a900c037f8f24b161f74fb0d38693f44fc6256
1763,1775,12,unique_exact,1775,6ef61dc3d32b5d853a86b53cb5cd8a8e9f0c5c1a778c17706a97af8ba8f8dec9
1764,1776,12,unique_exact,1776,bad29f48a48bdbe107d84b1ae48be79e38a0f4a922e051a11d577c638ea254db
1765,1777,12,unique_exact,1777,135ff1d7da737ff9dd8c3002be4a667b94116f883cdfe875607abe9c95be840d
1766,1778,12,unique_exact,1778,f983defdb3f0e501aa9e90ca9beaa289f30992912298b0d509e1c1f358ab841b
1767,1779,12,unique_exact,1779,16e3aeb7958cc4696768e738a18ae2eddc44ddea89029a46470a499ec55414bd
1768,1780,12,unique_exact,1780,bc3b25eb50cec713b1cbda0b426681b1538ebea1b0c3952fcd4105ea1e23527d
1769,1781,12,unique_exact,1781,6c43302e3c924c9aa55427aa1ee7d7aa0ce215a7b5ae790271ceefd73036cfe2
1770,1782,12,unique_exact,1782,93d3b32575f73f7452d5cd8fad7c7f21785f040fb2688f6b40927ae2f7827ccb
1771,1783,12,unique_exact,1783,c4200a42c1ddb21f1aef2298d90a2dd2ccaeb96b2bbf6a50088bd0e13151b0ef
1772,1784,12,unique_exact,1784,ef8e84a85189954db50b984abf24282664ca43cc8fcb75bba3683dcbbd7822e0
1773,1785,12,unique_exact,1785,373966eb7c59c378c1ed74887030249ee1b72912bb1047cf0ddd55d50acb2238
1774,1786,12,unique_exact,1786,28821f861d56a5c6904793b9b61e5761d43c8c49b4a4346bf8bee000d9c97418
1775,1787,12,unique_exact,1787,7ef435a231cf08c7301d442b05f25fd02495b74fdf2f8775b70457ea96dde050
1776,1788,12,unique_exact,1788,6f84f6e33346086211f56b7db6a301ea11fc352d95c90d002f9c9d48d721fa3d
1777,1789,12,unique_exact,1789,9809ab792990b73299abe9144512820385a92c3ac6f6ba03e74556c0adad9c75
1778,1790,12,unique_exact,1790,72403f5ab38c1f86065f7effbe7f26d4dff0d74f0d8d49f78c4a34e7c2e26ea3
1779,1791,12,unique_exact,1791,2080465543d809de0ae4c6e125551d151a66b22bb875024f99c35cfe62c5f8de
1780,1792,12,unique_exact,1792,ca930c27461d23cb5483f46e8818f583789ea131d6b053c8a09e557d60ff7094
1781,1793,12,unique_exact,1793,fc57c6ebbb4e7aca58152d0f8215c4c4fd3c16a27420f41ab4d1dcb9fde3ff51
1782,1794,12,unique_exact,1794,f4c933ca0746538b774eb2d41e16d03c4ea045fe45d5b786fd33cc79d51fa47c
1783,1795,12,unique_exact,1795,203d1a444d1a4eb5cbae67630106b99d74d5abe84b6e56d03566c75aa4e4b35a
1784,1796,12,unique_exact,1796,de7b542dd3da9cac12d95e7298b61a35e80e6dd58be06239d48289776abf9ebe
1785,1797,12,unique_exact,1797,1444eb2e5f5f93d2407e502d28702bc077540e875f72a757ca5e87a914214b20
1786,1798,12,unique_exact,1798,3b04f58ad28bffe65c1a5b58393fad779b809585fb3096eb6ef42230365e320b
1787,1799,12,unique_exact,1799,58019dbf597b48bb80c492068c32d8437dfbacabe605a9b632ab41b130dd0977
1788,1800,12,unique_exact,1800,649a6c92f07bc4d58b9de559c388ade901489a253e47dbcda27ff027b9837c9e
1789,1801,12,unique_exact,1801,ab3d76bf34f6a31a09a6b4ea9193b2d4c0320ada092c1118a4ffaa9120a5f738
1790,1802,12,unique_exact,1802,8bc6fae54412d337f6bbb87c8737d93d0a0b4c1dd70ee29f4fcacfeed802eb8a
1791,1803,12,unique_exact,1803,29d7ca492d1e52cf328c0e9fd6db989de6c958ac55d241d2281bd71c71da0d5f
1792,1804,12,unique_exact,1804,ab28c1c38040b5e3e55fb2de2972d7dd6978537337d1ba12205628e9012e723d
1793,1805,12,unique_exact,1805,e0cca5ab2b9bb5a7a343ba41a5f56791ae37ecc62bb5071b80d8f95248b5cb3e
1794,1806,12,unique_exact,1806,c6d0d9545fc149a865c4c168e1da8615a84b4113f80ac83b21e9972e36279b37
1795,1807,12,unique_exact,1807,dabce183b383c5d3f8e557cc1e351ded0ca92955fbcade014056dbd97bf67b04
1796,1808,12,unique_exact,1808,fe0f9f8890ffb4dedfc7134c0b180c3a4f5a79411b348bf2b8a71bc805f3a39c
1797,1809,12,unique_exact,1809,27780c4bf44e42004b760e55f5cfd6ee12e93ab8fdf4471c28051af9bbb3e16b
1798,1810,12,unique_exact,1810,02abe529d04da3e0bdf9bdc87f082b8e30fe096eda97caf3d711fab05354d90f
1799,1811,12,unique_exact,1811,0c08788ba2f435efed97ea3807141fc097fb6532e59718b93e983f295d1e054c
1800,1812,12,unique_exact,1812,00ce3b7dc3af0c0b7828d35a90634515586a6c0c8b0c25259e8bd21a90817817
1801,1813,12,unique_exact,1813,a6cf9823bf7946dff0bffde747fbfa8225ab72b60e4dd762b1a1ddfe36734c9a
1802,1814,12,unique_exact,1814,2c38f475e3339c5876eeee9831b2cad88c6bd74b970f36ff24a43db46429fc3c
1803,1815,12,unique_exact,1815,3c00fe13ea3b1264034d2cd8a7b013575ed57eae3741917c4085eae18f91b060
1804,1816,12,unique_exact,1816,2aaa1a83bbbca69e15f2a2362beedafb5bb6a39e5260997d3f083bf705cac9e9
1805,1817,12,unique_exact,1817,0e9a741d49ee1ae8b6cce725783695f1d3d087c85c247ec0769f4758b5172a17
1806,1818,12,unique_exact,1818,d04530cbc4874254309aae7e5f365163cf067776936c21f697f367a9707b4dba
1807,1819,12,unique_exact,1819,e2c2e4ad44295a41d0f731d12b77029a5902ae99756067ff3b9809d28493015b
1808,1820,12,unique_exact,1820,a9793f5931ef2ece4012f4c56a360e2d8106aeb23f2264572c8a5b67ab7f698f
1809,1821,12,unique_exact,1821,8d5ad01be6a7e1e5993dee70119a41d48dd7ce886bb1b48881367ce4125cada1
1810,1822,12,unique_exact,1822,72cfea23a9822be5206c75f19df398199e27ddb8517ee52ec747a501e7fc3488
1811,1823,12,unique_exact,1823,113edbaea6af250e3d6c107e28727d48b3d8dba13c5683e5f849aa0fd77375a6
1812,1824,12,unique_exact,1824,1f3e42f51ebcbbdbdf3552d27f0565d5c18be2afd36d4a9a369a09a8c16a52e8
1813,1825,12,unique_exact,1825,615ec240b257bd6b66610728c3450a0abb27eb31a3adfc63bafe5fe42bce0b6c
1814,1826,12,unique_exact,1826,a58256fde1a475b25defa9438a2334936820aa7a20b0daad27b1b3ec8dd597fc
1815,1827,12,unique_exact,1827,5c4a2f42c83b7877d21fa9380c3044564a9467a73d70754f54d1ab13274b755d
1816,1828,12,unique_exact,1828,37835b5fe79f3e12016e89de7b6b3a7ef1c0b4a92d62d43e1f75f3526c81efb2
1817,1829,12,unique_exact,1829,081b18759cac02cfa377f03aeacef5c94fdcec07198423331ab28d83fb11e308
1818,1830,12,unique_exact,1830,40878f219864832238da72d74df8525ac5bf15c0e5d22d95d6c8ec474f92e8dc
1819,1831,12,unique_exact,1831,485d64333b2294612059f9cd95b2892bcffe0248e1c30075cd6b5da8740db41e
1820,1832,12,unique_exact,1832,89b0b8fc68034acf6b6ad6288d7038174b499a89acfeae100968c38bbd6503bd
1821,1833,12,unique_exact,1833,2b022b6a1360e64f31381e9a67d55f4fc913c9cc10acb90a9d6430e0b28bcb68
1822,1834,12,unique_exact,1834,97bdc2218b7d649bc30f31d2bf1101996a4d20a148e31d4facd48f46b225e4a2
1823,1835,12,unique_exact,1835,b0746d5a075421b48737365f9a4b04a0d8ee4b15ae0141c0b31c3c59aca7c829
1824,1836,12,unique_exact,1836,d536f805355786161edc486ba1795146e578d8330e55297fd7e7dcb30efd5902
1825,1837,12,unique_exact,1837,dbb8c03dcffe753f52c759a93765e38f46070a9a108ef2302d550192e2acd437
1826,1838,12,unique_exact,1838,6698ef25f567b60d097e7ccf6eec9b05b477e41c49523eb92c9208dd7a12f6bf
1827,1839,12,unique_exact,1839,f3fb303023f884046ac00ac35a2a7009e48daa33d32689b2a1fe9bc213ca0ed3
1828,1840,12,unique_exact,1840,6636984b6446a5f70d94f151b782dc1e8e755ab8aaab347c0679e37b1d1f8340
1829,1841,12,unique_exact,1841,c38a0cc00c9f41dbc1c3a05ec0d3a4fb20822709a620f60e7c07b9c0a432007f
1830,1842,12,unique_exact,1842,ac03c9b641deebcf6a18930d91dd84d034e1947f803cb24b6419b414b8f6bb5a
1831,1843,12,unique_exact,1843,561dd1da2442be2fedac19763b7452bb147bdb2ae74e0b234185cf524ebcbc46
1832,1844,12,unique_exact,1844,4cc9211e60dbc8cd9c93d30356e490b337e74819b8de0b9c57513cedb6d75aee
1833,1845,12,unique_exact,1845,e612485ab4b9b462d957f2076f9250cdbaab6becb293e86516c006c8a98c6992
1834,1846,12,unique_exact,1846,c36952c64683fe5980c0ce3ae04a7c7ca0ae05781f6cda2b8900f43827a3bc0d
1835,1847,12,unique_exact,1847,2ae22fbc607a4a66dc1ec4eb6071396833d5cd23ca362a7f3be0fa90a3cb4e0f
1836,1848,12,unique_exact,1848,015c4a5a9da22384e230e53ecd40d77ae23cf73ee710fd9959e5a7e67e51a165
1837,1849,12,unique_exact,1849,4bb87f4424b1bc3f9852d02d2fc465b157115ec02ef22d5d37752e46f7dde883
1838,1850,12,unique_exact,1850,c90c0636c4aa92575d108c76ff3fdf2c8a5e5b1f65ff38532e096be489342990
1839,1851,12,unique_exact,1851,7cd38a39058951791a2d3318f7b919578afa5219ffb89e6df76294039d25a306
1840,1852,12,unique_exact,1852,359070940ae33de3a132b4a1073d8ebe31fc1e070842f841f72f41dc4a8bf51b
1841,1853,12,unique_exact,1853,edbd17bc66df660668c096c14be31c352a6852b2443635a3f53e78fbd5377ede
1842,1854,12,unique_exact,1854,796709364710260039c6a01eb6c8c532b499e7aa121ae86bd18ac317f95a6104
1843,1855,12,unique_exact,1855,1dc4f3259e4f6ccdb0ac509c68ccbaac97635790132c958b0b1f44a6c6abf557
1844,1856,12,unique_exact,1856,0ee570ba4613b794350f245bd91707c6eb3d2781f6379631ca72ccc4e8d992ce
1845,1857,12,unique_exact,1857,b72094b98e01333d524483c178ab3da5c5c6d109b6dcfbc7f83e85789249f4aa
1846,1858,12,unique_exact,1858,e26a4a9b3629fb1e992d2280e55335fbfa7543fd5388c7643541133beea51712
1847,1859,12,unique_exact,1859,3892d948dec8a5129d9e0299804ede2ea9954aed20a3676b0a84f2304482c460
1848,1860,12,unique_exact,1860,1f00ec26d4ae129b9d906812c709a9db4077eda7246f8d42f2fc21b82b423388
1849,1861,12,unique_exact,1861,69f170b0e6b124ff246499c7fd731a500c3b1effc9647f5ed34cf3ed3bef6d4b
1850,1862,12,unique_exact,1862,4273f8d2216683e035862576ebfcec46cf6dd910147c084235f4a4ca0eb5605c
1851,1863,12,unique_exact,1863,dbd5730d12b67b1960803f12e7d55b24641b3e0b055f09130ed575eecde3698f
1852,1864,12,unique_exact,1864,a9fe6395748172e4db1a6ead0c1e4e7f48510a3d8bc3fcfb22e4eb0145c10d25
1853,1865,12,unique_exact,1865,343fc231c6a2629969fa20a6f3b2d43c66be97b852471f7b6a47c172bf552d02
1854,1866,12,unique_exact,1866,6b2f9f7590e7f3dc4112120634226e216519d60986c9031e85b68571b908be1a
1855,1867,12,unique_exact,1867,b71d046000a6789bc1540bb238ace4cfbdcb0be491c24535e09b1a4bf7de093f
1856,1868,12,unique_exact,1868,f78c7d97aa8e4c74c7b80f97c187104a492f3efe7fb24d9d9cc16473dd415c8c
1857,1869,12,unique_exact,1869,c244453d3991c000e1138b261616e55582e3aecf5e191768066c3a8b5ce37e18
1858,1870,12,unique_exact,1870,3690805d0f4cfa2e20bcedb4fa39284966d39d0b8709dfdcdf21963e1594889e
1859,1871,12,unique_exact,1871,db09f8db548f45d7972dec9ba0508a9222ed5ac54e74d5092793cfc47e91d846
1860,1872,12,unique_exact,1872,31c3eb94be0e710577b98b611ff7ab6c5ae972301a8f34d29e6c55e914306422
1861,1873,12,unique_exact,1873,994ee95f603c3b3413b0a2e9e169aa1164cadeb0a7e67cf32e215658f6e2272a
1862,1874,12,unique_exact,1874,ae71b5faaa75e6019f12de06ea2b2a6570f8ce546d14e1a7ecf309841552ab07
1863,1875,12,unique_exact,1875,0f1841c2d46a520ccf017312c5115ff60fa4a3319b64281788419b28359bbb5e
1864,1876,12,unique_exact,1876,3f890158a21772a7eea7c7d298a910fb3e9b0c69fcde3067575391a37cce0315
1865,1877,12,unique_exact,1877,768aaeb378f1b8acb162fe2d203443a41e3becd5031bd5e9a7f3d203a90c8890
1866,1878,12,unique_exact,1878,875ace5391d118d5bc7b5fd3a622247495e2c8ff1ab49a316db2a1d00e806fe5
1867,1879,12,unique_exact,1879,50f989ab3d76d133d6d9e6ffb4ac225cf5924c03be91a148d93064f07219e2e3
1868,1880,12,unique_exact,1880,f01d6e070ea2883bbca5435cd8799753b691d66ed25200ac87788fa529fe7c96
1869,1881,12,unique_exact,1881,b63a1d8838e46f3ef9dfe2522df107f65d5fd540901291a58e91e576346edd08
1870,1882,12,unique_exact,1882,72cf0ead80963e201d056b7ba8997af5d52fd4e22a578744a5e22cd1712c3143
1871,1883,12,unique_exact,1883,9262869679841e6fbeaf6afc9fc1dd685d30fe7ee39b22579cadc8d8bd2ea180
1872,1884,12,unique_exact,1884,b377cef6d390df466d2c66a563252a3ca88b5282054439ecfe9c320033b25c59
1873,1885,12,unique_exact,1885,17b5b9c6cca4696658881406c456fa10f3fd3be3d3cdba70ab066e70a0d3c930
1874,1886,12,unique_exact,1886,68cb992d24ea4cadf1bfd650a46af7de91d08bfc9df57ec00a78e63971916189
1875,1887,12,unique_exact,1887,0a6176138fa3ad8c0320487e733effe0e4977c3128bef584fb08be6e87ed805f
1876,1888,12,unique_exact,1888,168bbefcbbc8d4ff3acd4face2511e9acda4b989768dbae1bf6035df0c614429
1877,1889,12,unique_exact,1889,166193202469474a2d49dd22daea85588816f3b71472d15dffc52aab7dbbbefb
1878,1890,12,unique_exact,1890,8b8285d96768385bee3605ea1b46320968b840093eefd72b14ecf133f7647270
1879,1891,12,unique_exact,1891,95c78c838306aaf3acbdc5b35093ebc505507cfd6523d3330462fa3c67eb22ed
1880,1892,12,unique_exact,1892,437c009436d66efa213a58fc8da7fa98c2d66dd8f44a3dbd5ddffe0c3a41475b
1881,1893,12,unique_exact,1893,1bf10a0ad1150eae006e11860271461dd6b6ee4fc66ffc67d13dd00a4f7273ef
1882,1894,12,unique_exact,1894,4e44693c2df064c8fa69ee55b420325a73dcbdcf862b3fcf5a8697e7269c0ae0
1883,1895,12,unique_exact,1895,acdc6a10b207e29dda2ea943710348bc25df9afd64c4d5f29f45cece59095cb3
1884,1896,12,unique_exact,1896,860080d1ff331c86fd84ec4aede76ee8e6b4baa549dc57d863a3574243e56096
1885,1897,12,unique_exact,1897,157c04b53151bf60788cb4a842422f59a57a9f4046a2f62c536d48fb4b756009
1886,1898,12,unique_exact,1898,f9b87229821cfc6d0c3bb488e529ad6afef08ed35fdfcd57f98cd87c6b7a1785
1887,1899,12,unique_exact,1899,f50a3a59c2b873cdb868acfaae300975f99df5185591660a1c3ae012c1a180ea
1888,1900,12,unique_exact,1900,d9926c1753b87f57c981d60264e0fd05c40f25d588c500df9b0337780e64d61b
1889,1901,12,unique_exact,1901,c6f976511d8930276ddeb2f628e78d307f01f6b0780d06ddcc33a55fecce78ad
1890,1902,12,unique_exact,1902,b586041275353253d89d3bb527ed4ce96de9592b1e146467095c3bba2952710d
1891,1903,12,unique_exact,1903,25e1e13e4aa0384bb0b4123d7dc4189ba3e61f3df23ab0565dfd4dbf5b18f28e
1892,1904,12,unique_exact,1904,8fa8c50bd487a924784e4593d949f7c409630ea37107f30a51777642645d4d76
1893,1905,12,unique_exact,1905,e16e08679f171711ecb0e544ee0aff7e6ba8e7488384af47b8df28104e567e59
1894,1906,12,unique_exact,1906,8e76330a2e9629ee93bebbd68750f4f6582a5a5759d8bc89e99e3fc71e43120f
1895,1907,12,unique_exact,1907,8146c95610bba42783b886a8ff430b7aadb818ddf68c99f7f50b7e9384fb165e
1896,1908,12,unique_exact,1908,e01a7a0df5ad27894dd814d5292ba100623bc7ed261e6646133d814193d02332
1897,1909,12,unique_exact,1909,d4c0cc75b7f0d381dac35bcfb995c98816c0fc985e62e76a0fb1b491e82d7836
1898,1910,12,unique_exact,1910,3715d6fe74077d577e958b017e76d0371fb4028cce3f41b57e0947d3b6bf4be3
1899,1911,12,unique_exact,1911,4d65bd69bdc9ea4d0b429485470d99d1ab040e821aea39dce635cd67a6457ba9
1900,1912,12,unique_exact,1912,3b75ad727f5f8b4bb3edf8a7d251d8d417adf41a423b018bc033db7b674f8a16
1901,1913,12,unique_exact,1913,9718ef4a5227ffa4a6c767a0ca08c5b79ba3f6e2be39dd092f2dd3ad682d98c9
1902,1914,12,unique_exact,1914,ca0ae6adac41768c2c31cd78272250dbebacee0595bf11207713ff904e9569da
1903,1915,12,unique_exact,1915,431bf3e197937db29de3e0e28f5a75c4f93ac0e92c78cb2b54257032525ac7dd
1904,1916,12,unique_exact,1916,941a9e4efa526415823cded8f0bc74b8bcf5e5d2180ae2a3d55601d5a4f917ca
1905,1917,12,unique_exact,1917,b33224aa44eb428e4766070f075cb0398bb073a75e19cf6fc2d214598518127c
1906,1918,12,unique_exact,1918,0924ccbe716e4605605ab82e63080274e01250f4f8ae6e6296351c3254dddcab
1907,1919,12,unique_exact,1919,b7c805a183d19bd1554e6340232e7da26d1c8086169da47f296b16be276cd251
1908,1920,12,unique_exact,1920,2ad3647df3e45223329b17c65acc73d588065b43e63c7d732e103b27402c44c2
1909,1921,12,unique_exact,1921,f9739fe336fa6944c507b2953c0cbce65d5fde7e02ca176eb93e1ef78411e8b2
1910,1922,12,unique_exact,1922,adff0a57e14d1a770a594d02d14b91698d725f736911f0cc709af9381fe4a257
1911,1923,12,unique_exact,1923,7e8939f37df64cdb1a2ab9268bd41beb1994dea2eccadf82c7ca9fc311db0556
1912,1924,12,unique_exact,1924,56daa79824e97c46a1545ab999db77590d96e4dd80783dd0e9852d2eb1da483d
1913,1925,12,unique_exact,1925,7b2a7e036d435a15f7f3b890679f671e19d0117cc351f4b1050239a33845ccef
1914,1926,12,unique_exact,1926,9a2965a39d5a46842bfec80b166953d49e49efdb322d8045f8a5a110d14cad50
1915,1927,12,unique_exact,1927,0941a22a440bdc491985ff9d7a417d36eeebdb77af6325b0d50b298803ca3fd9
1916,1928,12,unique_exact,1928,3dc38f8d5bfeb9ab51e922468fec8c31fd58118621c571dd7731ac6b28b3d62f
1917,1929,12,unique_exact,1929,46c473cdce7ea4dda41dd12ec35da251a645086b99e81a8e59f5f6e7ccca0fa1
1918,1930,12,unique_exact,1930,59f049b0758304cd65737fc9e8b4b90c239a38c3d9ea85a5c1735c86b8561a25
1919,1931,12,unique_exact,1931,bed43f72087bf723b8b988566120141c1cf52b937b762e005bd55dc7d3cec9e7
1920,1932,12,unique_exact,1932,df53fa409b24a0b41a3bd8cf75eeadd211f6727d05261921591fcf49940510a2
1921,1933,12,unique_exact,1933,bf4250c7ee53848778f1a80bd027a547fb4f353cb09bc82b4d37ae64cb983b79
1922,1934,12,unique_exact,1934,b0f05d3621e979767c89400245b1f2f7f652aa6c70ca3bb13ef001507b372839
1923,1935,12,unique_exact,1935,c8a336b6624fa33bc1dc1dac7e525a145ff4c363d2a259efcb8c2d8ba8872890
1924,1936,12,unique_exact,1936,0650b6ae246f94ffb5d27f7d4e234ff610ee4af1c511ba43f0b6cf95a8ec61bf
1925,1937,12,unique_exact,1937,d4b4e7144f93ba845bbd822166a46525ea1e3d6fc1440199865e27bfd1b665f0
1926,1938,12,unique_exact,1938,a1483053a6982764b66f1fe64d66dc7c1dc464cc167e554823c9ebda6d747e62
1927,1939,12,unique_exact,1939,52247031c3c8e182054e0f3b60595631801d32797334ff90b08bac63aa9d5e17
1928,1940,12,unique_exact,1940,a377d684555fe0c6cd88e8ddb612ad26d492ff4d62a6b8dec50d61d0f256c69b
1929,1941,12,unique_exact,1941,ca0c914b6764b5d7d52e1f2b4870e0bf73f5a8046038990c4888e113bc7cf548
1930,1942,12,unique_exact,1942,b89e4ac28108bbb6372fab9bf24fc500806028ee7d13d65d231dfb1321941231
1931,1943,12,unique_exact,1943,a9ef041390c9798e1a0945154ce22d4615df2ec555c57af163022a14d84e2aa6
1932,1944,12,unique_exact,1944,c87a7a7aa07bf46e619131179570688f476633ea35370a2717cf3e009becefcd
1933,1945,12,unique_exact,1945,bdf7b680010c703ae1cdf314cfca67058455281612ba30da8ca81d69068f79b9
1934,1946,12,unique_exact,1946,f30d2c32859b87feff2ddb8fcc4c34e8ea1483bdd1b208f056ed11e4b127d969
1935,1947,12,unique_exact,1947,00d5bf564fb67d446c8592b82b2f134cd7c0185375f62af2bda4b115bba51721
1936,1948,12,unique_exact,1948,308583a96f89fb1e1b2e02053d6afcbcae644039b2b84a16f578a003e3dba801
1937,1949,12,unique_exact,1949,9195ba3368bb6523313e4efedc82823aa2d16dc194d35c4bddd239d8e4c6cf29
1938,1950,12,unique_exact,1950,e3ebc906e89810416a2e310e8ab41c13a80d276277a24d4b50044902f00152fc
1939,1951,12,unique_exact,1951,408fcd6f68dbf19712f4637213207263e708c0f8e8039224a0d3a70b40f4163a
1940,1952,12,unique_exact,1952,80028a631eaf5fd3d729dce454deb56ed893070962b048d2d2205fd72a7ea1ef
1941,1953,12,unique_exact,1953,f75ae3c5dc352e08fe0832a7a1e00dc4075a95caf4490b3a6d88f6ed4e627a01
1942,1954,12,unique_exact,1954,143996e8323faead86e2f80027792dc8295d4081843b0763d6706eb3ba045f63
1943,1955,12,unique_exact,1955,5da08b9b3e8db2e1dd03e91174d90f3fc145c5938530c012a842c5580bf178ab
1944,1956,12,unique_exact,1956,1aab6d9e68125c359eb1d4f22e423068ba470cd21944bc39e2023216368c66a3
1945,1957,12,unique_exact,1957,f816db41a7bd70af9c16762936a4fed358446a3c191528f2b17f02157ab15e73
1946,1958,12,unique_exact,1958,9b28674d6d586a5ea29329e1a2c602539252ddb242f6d5c50a53c2cb59b41a9d
1947,1959,12,unique_exact,1959,1222d2df89cb9a26e23803043568766c4cc7708d2662d371e9b65ff676c032ee
1948,1960,12,unique_exact,1960,c22a2fe84fc69d482c4e0ffd72d0e97f82d4705f92ff6fd96494cf126de95707
1949,1961,12,unique_exact,1961,60b668f75315b6b6c76a4268fca240f4a2a5ea00a2f4f45e6be3d02e5ccb85eb
1950,1962,12,unique_exact,1962,17c93e3b9f838e81b38e4fee108d670c4be09625e2e6d307ad6ea4a7dc44c60a
1951,1963,12,unique_exact,1963,9614fb741d06db732c3c145559e65f7b77bd43c3f90dbc39b20eff764ef45bdc
1952,1964,12,unique_exact,1964,2659ad9d5c32086fcfa4bf13b30d7da2d90a686975fdbbf57e97a9a8e3e17a34
1953,1965,12,unique_exact,1965,09dfb86e97a5aae710b833c8176fb4d09dab8a8a1178eeffd49788fe64dff8f5
1954,1966,12,unique_exact,1966,78b2102d961595a8f2869ff04bb78fde915e67770bfe5f4470caad0d3d6a89c0
1955,1967,12,unique_exact,1967,35e3e7a2374005833785d04259f23602b06794670d0ced54de44fd235c0ec483
1956,1968,12,unique_exact,1968,a962eaf1c06b5f8553a20214842062f430c7ad55c306e238d062affb506c4450
1957,1969,12,unique_exact,1969,3c9c2859c204cdcd2408b7caba04f885aa45282a88a8daba33e512694dd934f7
1958,1970,12,unique_exact,1970,a2071381781afb60da232add22def6ca5d095ad1df5950be1cd54b3f6b68a912
1959,1971,12,unique_exact,1971,1471a1d331b5b76af5883a5fc32db3f1bb92778d7a3fc155384850365c4884ec
1960,1972,12,unique_exact,1972,97d970f9b05afbb2a654ab402f9b51614c1d88428e85e7657f158add19176c54
1961,1973,12,unique_exact,1973,7127105601cd4df724a044bb73df7689ca9b2c58fb8683fa3418611b2f728daf
1962,1974,12,unique_exact,1974,f3c6fea3306e5d0225e4d6d7c75340212bfbfa24c3acf7f1715f60f98fae3954
1963,1975,12,unique_exact,1975,e5809b51b93a271f41ea999b4184679afefc9622b7485c33ff0e27a562238b37
1964,1976,12,unique_exact,1976,508858ff5ae1793ba6760983c7cd5e922c838b6f6d26b5bc7e9ce964ef94d9cc
1965,1977,12,unique_exact,1977,b44dc50b7461f3573ab2efbb087d4fd1de3115b6c40c8e90cd80d6c728c90ff3
1966,1978,12,unique_exact,1978,675ddbfa00c589fdcabc207a09cd083e3922df5db390535c5df1e2787447cc26
1967,1979,12,unique_exact,1979,1a1e5db0c66f030406db41053c35bce3778b36b3d1ffebaa638132b21b987652
1968,1980,12,unique_exact,1980,cec95fbd8000b2806d25d79e430640bf73f9ae1ff42229f155f0ded7ab1edc38
1969,1981,12,unique_exact,1981,3d97359aa96e398c2706ca7bbff0a1486e4bf0b0069a14fb668a0cfb37b0287d
1970,1982,12,unique_exact,1982,39f09d72aafdd03e469097450d162f58ac02b34408dc4726b2587305f35256b5
1971,1983,12,unique_exact,1983,38127a4917524dbc5626140c8359eeb86dc1f31d804b025f474692aa8fb80483
1972,1984,12,unique_exact,1984,5f9c8299148125096e859801a1c5dc648db80c251e898cdc5c4dcdb7a32c193d
1973,1985,12,unique_exact,1985,1702ca95e95dd8511e760987541b70014ba04fd4843c6c837190f03d747c17fc
1974,1986,12,unique_exact,1986,33c7ce9853b478b409fef4fa6565f5c15e19ce1b99a1fe19c939d1361aa65450
1975,1987,12,unique_exact,1987,972496cb0f076d969c01d87e405e46363ba69d715743946dfc42d5abc1850dd6
1976,1988,12,unique_exact,1988,74b1b936811a35b4beb307685a07e65bc22d2c81192a6f97e885f2cfeda09749
1977,1989,12,unique_exact,1989,439bba6e44350d726ff6ad25a4567e00022fe8b529f865f28dfcf0621f58eb3c
1978,1990,12,unique_exact,1990,64b33bf0e80c40dc0eb246e7c7e5e557dcb4fe196880805eae2616029f8df373
1979,1991,12,unique_exact,1991,d322d89053f8a8ffbc2e78d08eb90262ac87a42d2fd47cfb3bbe1cc8b144b3fc
1980,1992,12,unique_exact,1992,dd408b4c264bc8a4d8e9862bf166ea04d5e88919b9230c82993220694e820a7e
1981,1993,12,unique_exact,1993,cd219a7413a29ee121c2ef43802f960fd6f503d4a96557e7342f45ba05171bf4
1982,1994,12,unique_exact,1994,55e596b4e1fb0f722d57d1f50ba73e0f1c12b461b9d8be793e0976ad8649c90e
1983,1995,12,unique_exact,1995,5d61b7781a8fc95660d6cc8dc2a85cabe07e76300d8f22207090ccbd9e1251ae
1984,1996,12,unique_exact,1996,5599531a155c4622ee9aa29fcbdac38553d5d7be1094d9ece654297cd8bf5470
1985,1997,12,unique_exact,1997,57909587668e4a10d8ef1f06291da6971db58fb38dc6332fa111f72c72446b9f
1986,1998,12,unique_exact,1998,e5d8e9a93ec9d546c75e2429e319582a51512e12a2203940b25990a0eafddba9
1987,1999,12,unique_exact,1999,bfa558875a69ad716006ea7f49327ab087a9feba69cf2eb900245ab87b8403f2
1988,2000,12,unique_exact,2000,38c22d51fe2fbc83438f28b002a780a4d525d7b19ad3580c797810a2e1c29197
1989,2001,12,unique_exact,2001,fed9b6f18186e989f521889361a356cfb2525f9cba84e936e377fdba93ad00f0
1990,2002,12,unique_exact,2002,ae78015ee7ab78760129ddb5a30745afb7a0f73911f554036595b7adbc1c88e6
1991,2003,12,unique_exact,2003,e39f6b88797f9f9e05b55b3e6bd382838e23699ed126a331676a686cdbe0bdb2
1992,2004,12,unique_exact,2004,747633153fd66a97c5276e4c05f48bd4306a9d72495b25bc6759eb85cd63a447
1993,2005,12,unique_exact,2005,387898873bf94ba9d896457214bfd35b563edea9ef62f3c0d44a467314502342
1994,2006,12,unique_exact,2006,36c68d93e263b6f7e9998b808c1fe31018510542db6a86401608ac85b4dcdff0
1995,2007,12,unique_exact,2007,e630dc89b9948e20049748f93c906aa8130e78a2018a0f2d9ea1c8a598d76b7b
1996,2008,12,unique_exact,2008,c1b79d3a39e8e41a29ad98800a7b9a7f8dde315fbd260d88b3f3db22b15b157d
1997,2009,12,unique_exact,2009,5a059b6778e00b3a28a5e04344fff26eb00cee2f162e7b7e82d614a9da65f437
1998,2010,12,unique_exact,2010,740f5cd4281bd2fd888311000c49c0cb430d072b846659ae886294c4aad50239
1999,2011,12,unique_exact,2011,d2c61d1919ba2c84ebc9400758159ec938c4b958ee57603a23d28f6eeb275d77
2000,2012,12,unique_exact,2012,863596e72216e6f8cf6df44cdfb48a88061fa238ba1eefe328931433dc57fd84
2001,2013,12,unique_exact,2013,5affe491f110925e9ec7779e0d91bd8cde43809909215a9d43c74d015cd087bc
2002,2014,12,unique_exact,2014,21e841538e1813d3e1cb2d0461fa771550d799fc268f9167b270498fc2202d3e
2003,2015,12,unique_exact,2015,ede425cc91e9f1b9de76ca5ea6676c67d64f476cbf5b30f93c1721fbf270ec96
2004,2016,12,unique_exact,2016,5a132a6050463d2ceb79d61bc0754961a6f2adbbc3f036489b1384c179682aba
2005,2017,12,unique_exact,2017,333b00e9a1a7bdf09d0650b3f9f2b46fdaff1b8ba3c1079317ce2d33c3acdaa7
2006,2018,12,unique_exact,2018,dcfbd92848403605eaf1bf31600afdb57bcc8ba975e8b9e5ae0a7094d53760d0
2007,2019,12,unique_exact,2019,53d83a5064ffea87d0d0622d5949a82f84ec62cc3e54d8778aa3141628bf3108
2008,2020,12,unique_exact,2020,c988825ab8a415cb20b3a5d52be68dc764413548de2bc89841d7588e8fb33a54
2009,2021,12,unique_exact,2021,9d99439ce187ab8b69bc95cbde55cc759cff2bbb2d5bc0e07267375d3a39b900
2010,2022,12,unique_exact,2022,8f38fd125559214cdd51b5d0ba9b1108c8fb3f4db1df40e1b84495aeb99bf327
2011,2023,12,unique_exact,2023,9756b4991a381d3fe97ab99b6e9a29ef0c753e2ae10ef75684ffe99422d23a43
2012,2024,12,unique_exact,2024,87018c5ed5f525f52aab4e8bb14999b863dddd5ba261ab876d1d48024966ed34
2013,2025,12,unique_exact,2025,b2a10c03db202ef843b98d75c30a373927221a5e30f785bac1ce6fbcc3291237
2014,2026,12,unique_exact,2026,fead3659c765a54da352727231b5623acaabf4570265e340827e77497ac631a2
2015,2027,12,unique_exact,2027,b9fe9e52943cf745d943b4307bd7f7565caacec4f9450dd004ad1f3f8a108aa8
2016,2028,12,unique_exact,2028,f22afbbc7933e654d654c918e0eb05a45905edb0d8fa162bd60bcf017ef0d827
2017,2029,12,unique_exact,2029,3efaedf8b24e5a64f3d5614f07c78f27564f69c3b4b195ac192ae410f73c868a
2018,2030,12,unique_exact,2030,e4e629e635223ccbe34bdfb041dba9b2f5a6616c955797c4f5aab763a3b79077
2019,2031,12,unique_exact,2031,e57676c03e4b47118522eae7b3972b3dde2476f4ad8f1608b49a2059e58f18c0
2020,2032,12,unique_exact,2032,65a9896ea1d36c1ab2605b7a494ccbe0be682df294d63924349524bd654550ce
2021,2033,12,unique_exact,2033,bc91c9f3bf12ac7b348a9a6d0836e79d914fd9d74bb7f73b6f23dd03e0c23324
2022,2034,12,unique_exact,2034,f9320eda7fed83fad196e72ac4d2d34dd971d76d3dd039ff8a8a43512525537b
2023,2035,12,unique_exact,2035,e0bfc89f6ce66d2cbbdee89fb6e03eb0c90bf57ac2fda149bfd28329ac8233c8
2024,2036,12,unique_exact,2036,45d61344c70389854d5503e841ef2b05f7f73c4ba0c767c5a01966fb7bedaf42
2025,2037,12,unique_exact,2037,323132453066d4d1757be05dde7f8632c71bacb88bb8d6e8fedb5de8b41911a0
2026,2038,12,unique_exact,2038,f11eca2c480b0149ef2f09794659aa2efe0bd4d028fb95b7b71de52b8e1e139b
2027,2039,12,unique_exact,2039,d91fa468c764216eb825d796a294de91930372754b7253fbe513e826a6b5eb9f
2028,2040,12,unique_exact,2040,7bbc6fc2f11e6187de2ac1835d7a7de2ed6e8ad9cfd757ef4b59cc3979c72272
2029,2041,12,unique_exact,2041,f600c46633c68e8342c6faaedf6b84a1164fa7c71b2b3b76e7943cf41813f477
2030,2042,12,unique_exact,2042,35b1d05ae713dd125fb44493cd7592ff2bb6bb7c0899b1590468cbf27fc31dee
2031,2043,12,unique_exact,2043,efa8e68c80d6fb9cfac980ae275bc79c871684a13ecc64a2f6c36fc661dd2544
2032,2044,12,unique_exact,2044,201a6cc105a4697051655493cc8dcd1f5483fe924610e51a05f7d97f14fba0dd
2033,2045,12,unique_exact,2045,c4d8d60c4153e5f18fb4ba7a6a2324b107ab3fd19b74d2e39ebbd7f07ba093bc
2034,2046,12,unique_exact,2046,b987bb56ff6eb040d7da41f7dbc620685e17aea37a902151a04835886ee78715
2035,2047,12,unique_exact,2047,0c89987f0d947d6bb03df8587caad2499a27d767daaf9fe4bd7e803e6f146463
2036,2048,12,unique_exact,2048,b79bc8c6dbaf18a2642e1947a4e90db3e45d62736451ecc867d898b63ba87044
2037,2049,12,unique_exact,2049,433b3747d2bfaff68d2eb6e990818201c9e3c71432628be9c226bc356eb937a0
2038,2050,12,unique_exact,2050,b9cb52d2e1cec0e87403f739a60dacdc4a7f6e483c965b38b01fa9dd9502c397
2039,2051,12,unique_exact,2051,dffeb7a8a109ac046d72a564bdb560e9a92cd8ce33a7d5cf70a00c92b97d5fc6
2040,2052,12,unique_exact,2052,c82111582aecdbe80f970d8f9e258ec33b00b3a5d51d10fbd5b88083acc868db
2041,2053,12,unique_exact,2053,85c717807353cdc6c20ea14fc3b987d33b7ef2f9669896c985438fc37ed0db56
2042,2054,12,unique_exact,2054,ea1ae637413e4c228c087857d5d2d29e753b6812a3a305d8cb7612afded9c1e5
2043,2055,12,unique_exact,2055,2c1f0faae237a310fed6ce4ec5b63e71f25e39de71eb2e795e9a5ae47bf2d139
2044,2056,12,unique_exact,2056,6871d8da9c8bddfe6b7b0b772fe0c08445792c86a9c4f724667fe299b9d0f4f8
2045,2057,12,unique_exact,2057,daf113387b5368465b9839ac1c956630ca0dc0e9bfa338515c398402d4198216
2046,2058,12,unique_exact,2058,4974d692040b8757c74ea1d104448115384ca8b52eb3125bde926ef1227a01f0
2047,2059,12,unique_exact,2059,d5d11ec31666cf643e070735489d7a88677368f7fff665c0755d38643a3ba07f
2048,2060,12,unique_exact,2060,8d370f78e3a462f9e79fad1fd399719cf5b9307a464e3bef7f0b47c2587f0ec5
2049,2061,12,unique_exact,2061,d039c02bfa75395c221989fb3513f6bd4ed2e947ab2787de7f3ab9b397db8934
2050,2062,12,unique_exact,2062,adc2dc9f8d53180cf032e856b17668f75a5c6961d1a79a7c5d77f6dbfb951ada
2051,2063,12,unique_exact,2063,9953259c1e1567268d96308524f000cbd551d681dfe02db4a231912aaa2aba58
2052,2064,12,unique_exact,2064,85cb3ad8f245584c0a5f5d739e269a56e4b90e6731f98f98483ce81625a67e3e
2053,2065,12,unique_exact,2065,cf7aeb59579404c1b9052822ffcfb797dd9ffab55638e939542a9248de9c8ae0
2054,2066,12,unique_exact,2066,46e3357333d58da0c544cc93f3ad8cbb0cc3fd769aea12079ae746f16657e660
2055,2067,12,unique_exact,2067,d2db2a0ca8fa934aee2df82cd862416ed659c81995a8b3b30e9d258d89c44747
2056,2068,12,unique_exact,2068,a5f7a1f7b90f27fda321324dc86c8b830c634942ad15cd5a57a0d1ee7027c2e6
2057,2069,12,unique_exact,2069,b5fe5eda236336231e8fc54d52967bb75fd11d7698a25e934f4026971ed1fb86
2058,2070,12,unique_exact,2070,b781ffe014fe830d2018c6c46d8654b6ea134ec71a95e5b0e8c5bb7344d9d6f3
2059,2071,12,unique_exact,2071,72dd7a40a9f739b15664d52a7d29156e7613c3450252fbee156e9fa30c97b904
2060,2072,12,unique_exact,2072,1293a8a5b6a96204ebb85bf3694d7e4513146fb0604891c5bcdc27a53b7c76d4
2061,2073,12,unique_exact,2073,fbd724457bc22f065fde583d03abcab4f793c5eaba7c0f53d00720b265e62033
2062,2074,12,unique_exact,2074,409b5f83e3bb7f7d42ab0119ddcf7fdfdddd6a07e2c8fd5502edb5f2130a6bfc
2063,2075,12,unique_exact,2075,5eb163c3cb46ce04d0788033d37e2b88ad314a7cbbaa40ee9bbab63603ba1086
2064,2076,12,unique_exact,2076,f0b6f3c42945a982de466c58a60f24f6b6351a2ca9881cb108654434ac7341d1
2065,2077,12,unique_exact,2077,3a0df634593ce88c46509c9d8d07d2bb9973dbe14221faaba20d024474f1618b
2066,2078,12,unique_exact,2078,d211a0de20f76dd4e9fa9696df150cf1487577a0a4930c5db04573532aa481f6
2067,2079,12,unique_exact,2079,84a435343aee08290858cf52047a63265c29db0bbcb6141d79578d031a11b0b0
2068,2080,12,unique_exact,2080,2465a88fa129d69c9f13f803813b5664984ec581957470fae0e1dc24348db031
2069,2081,12,unique_exact,2081,354e582dad9e0e582fcc988664ebbe7de326d15e17477c63f88d6a7d65007925
2070,2082,12,unique_exact,2082,4e149f50cc2035d5eaa5f9b293a59f9acf7604322e841205f2180b1ed30789b5
2071,2083,12,unique_exact,2083,25c2a38556d25f5d169fd4287a0b56955dd3acec6ca370bb9e036911de916ba3
2072,2084,12,unique_exact,2084,67fb43db74a9d5119602d13613ad37c2a864f4bbc444922a777bdf1372f40338
2073,2085,12,unique_exact,2085,7af02e84d4ba35d5221a887c3335dd39b68ba2eb6b3312fae37b66da1f1fdfe9
2074,2086,12,unique_exact,2086,59a2a438a0c8721a1be60665cec9c3b9d7261b86b1514ec468e049b05ff37ba7
2075,2087,12,unique_exact,2087,50f0493a975a9927c61e534ccce6e02adf0eddcd5b7dde01e39e366feb8c8bec
2076,2088,12,unique_exact,2088,28204e5618f2ae6851bf3ab0a719cef65f4a7ea65904bde21380a057aba8966e
2077,2089,12,unique_exact,2089,4d27a4e4472ca12aac8de11b5963954e0f086e359be3143ad653d1107dc8cfd2
2078,2090,12,unique_exact,2090,7443276391e842ca8a38f4fa0e6fdfb20f5eea56d6dc375946f433e23bb5f066
2079,2091,12,unique_exact,2091,5c9796620339b7d267c145d17a997e6a6f9998243313874c6920b631ae7e9615
2080,2092,12,unique_exact,2092,a55bb81fd11a24d10ac0785f7aefffc94c3af4c62ddbe2637355df72411d2eda
2081,2093,12,unique_exact,2093,fc9fa6b2933f0a872e95976806989341ebb6ebfc7e6392afd9889a0704e8074f
2082,2094,12,unique_exact,2094,6acc2ac4be847354be1179d27629e105d49ea18e50917b3e82db7f0dc89b15d5
2083,2095,12,unique_exact,2095,15341a70c11d27a4b2b187bc341111f86e40a8c0f685070004e7b7cc741e41d5
2084,2096,12,unique_exact,2096,efa10b3fc8d63bf0bd1ae4dfea56332825ac08ba1985903b3f95324729b641e7
2085,2097,12,unique_exact,2097,025a721e87320b9758aef74a69e75d65f5a3c5b40026312c69d6e3cabc840b12
2086,2098,12,unique_exact,2098,0f820d58c5fb20d5e661df51e8648651e98141f1aa9561004e9fa0c149ce6626
2087,2099,12,unique_exact,2099,04219362e604e32f63cb172b858d45d77bdda1bb048a16d58a1363e87a91ccbb
2088,2100,12,unique_exact,2100,93eb3784f0090d9d53ef6e3c3890dfc6c65c58da9a892ffb52d20bdd442be226
2089,2101,12,unique_exact,2101,d2c2acdf7ca6293b0d19054ced0296c284a69570c74f9f74d55ae0e07d26da45
2090,2102,12,unique_exact,2102,762550b89865f7ca4c5356be949b0d10f3e52e21f31ede2a956429ceb9ada907
2091,2103,12,unique_exact,2103,831e90ef73cb128e8926ae8eb169bc6bc074a6dbde411d601975c062241953a2
2092,2104,12,unique_exact,2104,e40eac7575279352afbc7430fd399e0f9e77065d7a4ae324bf6a82ee4a2c0b15
2093,2105,12,unique_exact,2105,1f68aabf69c68d0e687085e1024042765fbee7bf571a7cd12c17032fd610cb1d
2094,2106,12,unique_exact,2106,9de4d53eaac5e7859046cbe22b1bc5fbe46569464684d0cc8ed5f42f1f3d1358
2095,2107,12,unique_exact,2107,4d15dd7e29bf62e761c60920c6ea541596478edf9655557b13558dbe0d8fe1e7
2096,2108,12,unique_exact,2108,48bd02ac251bd0257501ccb33c3b95fd3059f9972b829cf427349cab16c584b1
2097,2109,12,unique_exact,2109,8ef8c1e99d5603672506c75641ea1cf309089885c9f8797650a131a2017812c2
2098,2110,12,unique_exact,2110,e34326e2d2db32b094afed2849bf83aef27c5c0c6cf999d68944d1d8213c65c5
2099,2111,12,unique_exact,2111,acb78a1077eae643bfc922a923b2525c580bfea2fc3c8771925b0e1d17aa053b
2100,2112,12,unique_exact,2112,70e2ac4e82315fd4f1f7036ee3f2a25fac8a0d4530f9d6f129e045390a80aa9c
2101,2113,12,unique_exact,2113,cc3e5afa7bd6fe5139315ab85a45736473c615a1551c923efae20defd1d4f42c
2102,2114,12,unique_exact,2114,2f8fb1d5007ec9aa38c39132eea4034ab201037634da9fed4ce41f0378f66d1e
2103,2115,12,unique_exact,2115,3fd45375c6b11da3a07166d931ac7617148afe65a93d622ec91137105fb4c4f9
2104,2116,12,unique_exact,2116,5ed5d91d6dc502803a2884fab98a0bb6ecc10897991d5b187c4cb3ca62e4b47d
2105,2117,12,unique_exact,2117,e27eb6150c9b50f8c985fad11148d2d5c1478760ec3f9fb9e6b9024f5c70800c
2106,2118,12,unique_exact,2118,62a84fd7afa9519303b8c252b7824e1906ab03f629b1f0f6af8c067b6d0139e0
2107,2119,12,unique_exact,2119,f21e5bb22fdb8a001516bdac434655b859a1e5582eed67767137f2d2d4f08106
2108,2120,12,unique_exact,2120,35b178c2cce8cd315aeab668f78f62494a1c57db43852cf2e0201c0a18cca054
2109,2121,12,unique_exact,2121,8e4527c173537f6e7c3437b33165231c1fae0df149184bbcc29f56a48ea40f4f
2110,2122,12,unique_exact,2122,ee7f01579d2bfee0dcbd1c723fa63458655174cbd6145463bab745bc74824a81
2111,2123,12,unique_exact,2123,c7c4100eac6b010b582e423ec7cca5a77a6a03964be2b6bdc71666ba7aabe25a
2112,2124,12,unique_exact,2124,f1a5b1f7eed1dd573ac0910a999194d0b4a5f216f33c5c38b6a1e26baed47b85
2113,2125,12,unique_exact,2125,4431a2284d94e751694f87dc277d8f55f2088d57ddb393742cdfa0dca55beff5
2114,2126,12,unique_exact,2126,d0a59f584295b196255aaf57a7651ca612306574cc42f866d61d1cd0fde117b8
2115,2127,12,unique_exact,2127,311b98e22e3c8b8b33b02cc379c49f0cf5332a58c21437212564b3e10d2eff6a
2116,2128,12,unique_exact,2128,bd59e6c4d4f6af4c660189b11ee693bed7f1eb175532fb343fc03061bda0fd5a
2117,2129,12,unique_exact,2129,42d28c8b770875eefcd8a7a0aeac46298f17c007e6b4a4e52440bcca802e422d
2118,2130,12,unique_exact,2130,52e1e2b3682459a1d80a7728776fa08b662995b3b082a76286e7d79c26a4b58e
2119,2131,12,unique_exact,2131,12d0118c34919a5e6ad09518465b71daffc199927f9b61dd6520901432b1015b
2120,2132,12,unique_exact,2132,dc789d8278a2bf49c56de1d0701eaf11ba57656c2a06ba537eaa3fff59c5a2ff
2121,2133,12,unique_exact,2133,c216dd7615a6c1682843b9a0ab26a5de1f105be70bb551b60ffbe3997a0b4d81
2122,2134,12,unique_exact,2134,b129a45ec64c101537ce619e6600cca0acfe3f14d0d8a443630d9762e85c606c
2123,2135,12,unique_exact,2135,f36bfa17e6218b6be30b2cfcdcdbed14d5616d50e022f1e876f6e0213a944b57
2124,2136,12,unique_exact,2136,a605e78b978db6975d2f8bd5506bd6d0e9dc7b10bd0fed05d943dfb1f0b7ca35
2125,2137,12,unique_exact,2137,de73319577dc1da42ec970bf80df53d7e1f0623f8c0a8868a6961ff116121fb8
2126,2138,12,unique_exact,2138,8bf7fd3ad694a94a5bcb9ca4a39b4416e3c3a745f80245a4998becff78161580
2127,2139,12,unique_exact,2139,1851086e5f3f83b184fbb2ceedbb6a72711252dd8da9e803d7cf671059b0f90c
2128,2140,12,unique_exact,2140,c45c6481a94f8aface2e207456053496ce6c335cb4bcb0dd8988eb1c390f9a49
2129,2141,12,unique_exact,2141,f3db9004ea414de1309e0179d041b62871e022fd7284dca9842f187f9e3a10b2
2130,2142,12,unique_exact,2142,5e1613edc01df0604e7e34043a925275a015b7513c0b78be7c22d7d151b7cce1
2131,2143,12,unique_exact,2143,fe43c63240b8cee5b50fd9509fbeb2cf5ab47a6c604fd34515288152bebd1f61
2132,2144,12,unique_exact,2144,cf5d3d32a62df77603c325069579a4efcd0adbdf0ead7e3174b82033be936156
2133,2145,12,unique_exact,2145,3346d50eb600192765489032c87b0ffbfbf0011d0f1a29b223c27fb3283e07dd
2134,2146,12,unique_exact,2146,7995d35e920781262f777ce83239a4fb98c2de078ec187dead0ea044cd0bad83
2135,2147,12,unique_exact,2147,29d6a6cd96bbfd3be0f4496ce2ffd8c1a0b30b70a94c121897c459ffdaa38550
2136,2148,12,unique_exact,2148,7de281fdcdd9112433df9a47d189650bc11b4988265867da75554d95e82d610b
2137,2149,12,unique_exact,2149,03014ad2d3d5bb1a9e03bbde56a1a8cfe641aad82ebac5763fa475b963dc8ae6
2138,2150,12,unique_exact,2150,031b47e40c6187ec26f2219b13d404c1d5cc57abf45df1e26aeebf71638d7375
2139,2151,12,unique_exact,2151,0171be6741758358a236673ae262978eea69abe3326957426cac8a724aa6fe68
2140,2152,12,unique_exact,2152,e406ed6478a6bcfa9f87de36555670018ab686ed26baab5245c0172a56eb4612
2141,2153,12,unique_exact,2153,fc3407da007fd4da30d2367f8a2dcb3e9009b0dda1e8fc5b87dac0407ba56855
2142,2154,12,unique_exact,2154,1c701ea0d175d78c9ad1d3084f734714c5b08b890464869fc4249330ed03416a
2143,2155,12,unique_exact,2155,dc508de51944505b1d8f421f63515775df88db1fcc35d98dfdc71ccf486c1502
2144,2156,12,unique_exact,2156,986d8460cb3a2c2c48ed3d9fe287279c66b1f0d921305bd0967f620e159ee8f6
2145,2157,12,unique_exact,2157,b508dccb97bb389a4d7449d91dcfd2a3fa2d746278a595975e1fe06a9f28099c
2146,2158,12,unique_exact,2158,f0786c3c95603f8344dc54f3f45630e337faca6991d37bf8f54f0b00226f8703
2147,2159,12,unique_exact,2159,fdfc90d3678bd5fee19e3113def891427cc021e1c25087e94a22aa2bc399c2d4
2148,2160,12,unique_exact,2160,bef5ebee4285c7998bb2b08dd792b6a46eb9ab110d9f5d8092daf53aa7184367
2149,2161,12,unique_exact,2161,6a30261ae34f89c8f84f363b9b45ab2ac0ba88ee522b054c11ec51b2667907ef
2150,2162,12,unique_exact,2162,eb63e43ce96c384ceeb274df47bf5e57ef847070a73a7408544d828346fbc6af
2151,2163,12,unique_exact,2163,8daf8f710c8859576956121ca117916cac0cb22da05503ad501b3be47655271d
2152,2164,12,unique_exact,2164,970eea6aa1a5dfbe8d92d15bd7366bf750a6a76925a952f689a1a5277e4d20d7
2153,2165,12,unique_exact,2165,0e1636d094e2fc236a67e7fa7c14e5d54689f78887dc016cc06e1dcb63597619
2154,2166,12,unique_exact,2166,15e8e8f2be25ef72b6b58217182cb8075a5ebb7f2838fbffa10f7927b0f3957f
2155,2167,12,unique_exact,2167,816e3306969f8d1e9765c0a464202647849a53983b6c9970278b6bd16f4726f5
2156,2168,12,unique_exact,2168,e660f6f3f8400d15d2c20498f613a9a04529fb9ab9202a34c58e51d554915254
2157,2169,12,unique_exact,2169,378414b91c234f85d6e35e2ea4a96e2c275a6ece70da35b08a0020c815c4ead3
2158,2170,12,unique_exact,2170,f1e269e18754f96ef31f98c9209304755c35fb84ffe7e1d4d45c606ce17efd09
2159,2171,12,unique_exact,2171,fb6cafb090b12f7e2d8078c1f84be61c6dba8727bc60502d0619d438b3b7bbf3
2160,2172,12,unique_exact,2172,04cb3807cdb38171ebc189a5a86d08e56a93270bf2b32cb7e39902d64d761c23
2161,2173,12,unique_exact,2173,26679d9616f4d7e0a0cd04e1ef21c80e0c6f94c3da0d2da0297e4581737126d6
2162,2174,12,unique_exact,2174,c13dfca0f1c9bf8d5b02766330997e45467294c6cc13e18417be594edb0eb18f
2163,2175,12,unique_exact,2175,36cdffd04b423fe53bb6cda3e634745d14c8c6dc9d4141f365768f48191b5480
2164,2176,12,unique_exact,2176,e0b70a6b84d13b52958edd4d8e16aca819f524f86770ae1264c538a59450aabf
2165,2177,12,unique_exact,2177,73f48bbc3bb1f7023ddd351a569029d35b23c3c78ddc06043b57940ecf5ccfcc
2166,2178,12,unique_exact,2178,6d6dc85a7ff4a0aebe82576193f2a5eb3cfcf82623773552e34f4c1d8cec1561
2167,2179,12,unique_exact,2179,4d5591b4fb81e322e6ca19ca6b560b7aa998ccfc86a3e7765734535e5fedbf53
2168,2180,12,unique_exact,2180,62d0637470d84a33a980289fe4559e416a2920847c0e6278758669f631e4402c
2169,2181,12,unique_exact,2181,ba530fa9d84aa60ff40c7cbdd8ea8b19faafd7aecf54d02274d431f809938fce
2170,2182,12,unique_exact,2182,07aedba0f53e8ea1f29f62155f8e01eecddbf66751c73b26c05a58af19d7ff4a
2171,2183,12,unique_exact,2183,738dfa1ec0d16caf95363e08379416e6a6c8c59a0a6c7548c175c34813aff3a1
2172,2184,12,unique_exact,2184,7921b7bb1e51378e059ce4d3e0f1f6ec903b5dca4e2a1e2de52951ff4e94659b
2173,2185,12,unique_exact,2185,9872fc7e3f9a67e764e51638f0ef425c879080702fa2eb37046f7b0c4aaff76b
2174,2186,12,unique_exact,2186,1c9d36405bc9b618bf3a40043af2df5411f68529f81a28044d13563a39ef2ac0
2175,2187,12,unique_exact,2187,c811c0eb2695d7c67a050b7b4d8aa959932c6d6a0199c476733a4f2fdd204876
2176,2188,12,unique_exact,2188,49fdde0ee62151bb32514b305f94f8be904e12b9cf3036b6ade3a9fd366b9027
2177,2189,12,unique_exact,2189,d49daac4d9e9c16dd3a1eb50111a270cd85cdd9a325fbc96f0e6e176e096c40d
2178,2190,12,unique_exact,2190,5933558473a094ff7becadb73a1fbba671085e3b773b2c8e70a5b322f30413bd
2179,2191,12,unique_exact,2191,12579dc1f9c73aa2a7820d3565ff7c099a71d0aae5afa1240d107621a0b3c850
2180,2192,12,unique_exact,2192,d6cd2e8ee23c588dac8ea89027c2f3b21c91a2642e67c0b10326eb9a22fded22
2181,2193,12,unique_exact,2193,a0e25543b09ecd14b40e577f7c086e0609cec29088e5855d951178561885564d
2182,2194,12,unique_exact,2194,663a48816b431810a7b11ae1d1572fbca896b731264091064fc46175ea53d2fa
2183,2195,12,unique_exact,2195,954131d250756350ed3102788737f88777ec2320d3283833348b43b090f57f7e
2184,2196,12,unique_exact,2196,8702ffbbad89f7248a2c1b3aab2ba65c05f2727635e0122ce7fbbc509e326ac8
2185,2197,12,unique_exact,2197,0516def5fccdbe8535341c5355d041911779d18e19b807b3303cf1a4da9e7881
2186,2198,12,unique_exact,2198,0b5817073bedd28f1e04f22b771477c6100148da33fed26e7910e9299aae3b7d
2187,2199,12,unique_exact,2199,812ce05d6bfcc0482143f2aa7691cc0773bf41202fc0a99fb444571dd7efc470
2188,2200,12,unique_exact,2200,41aa49c03f31b99b0d4d1aa7c00efc54070afd6c78983585ee73dba2398caf77
2189,2201,12,unique_exact,2201,b4e351ed25a5fd452af577e1c37c10dfdcb7207c2975b901275daaf3a5fe50bb
2190,2202,12,unique_exact,2202,2fc473a1aea7844b1b30039c6e5eb8a470a1801ea3dce75c57d1065573a533b0
2191,2203,12,unique_exact,2203,02a5c8e4fd56f64291a805424d827c297c3538b8a64b578623219210ca3a7910
2192,2204,12,unique_exact,2204,cba2842c1fdb722d2ee46fbd73d738b67bc2175f9245bb745dd5de2c8cb05d81
2193,2205,12,unique_exact,2205,0ef395c12879239b294cb962cc0ddff2becaaf06d2bddfcb5debcbcb71e89948
2194,2206,12,unique_exact,2206,872ccabc1f3c9b2b9720f3acecd1853eec1a417005b5fcc644816fd9c7201bf1
2195,2207,12,unique_exact,2207,c3c5944a742164c11207f6ac892021dafe63a82a8899d54c87dac5432ee58f17
2196,2208,12,unique_exact,2208,5f36e1bc7c04fcc6247cdc8a6b783b200207e76b822a68cefa18a49bc73ee4a8
2197,2209,12,unique_exact,2209,4d9bfd5f232300580b3fa8c78cb3d9a587711607575f8416a4e757d3ab442f9a
2198,2210,12,unique_exact,2210,f38dcd683480c1726492322c82a4fb1e8b2b3b04e57f3b8099967ac1d7b7f5fe
2199,2211,12,unique_exact,2211,7ce72440140db27c4cc3c2bb1c325474477baf282ca9c595ece9e1c782ec1009
2200,2212,12,unique_exact,2212,9405a7b0842e4263dda43e910bf9932d77abb9fd384ce4dee451a7ac35883d0e
2201,2213,12,unique_exact,2213,b2ebef14f055d1bc002fa3ebc0aa714c2345008bb8288dfbb75ce62f4e4b8bf0
2202,2214,12,unique_exact,2214,8e1f0c6deabb723a94271b5d57dd2520e47b4b7dc12b0668a08a4ae072000b7f
2203,2215,12,unique_exact,2215,6db2c709fe4586e169eba6c7210201eb29064d5777ef26700e42359cee25bd2b
2204,2216,12,unique_exact,2216,6443624bbf076593cce2df5ec0f526a0a954cd88a7787191e196dfebf4c343e1
2205,2217,12,unique_exact,2217,ec38334f723d65fa8387b1eecdcac539ca862b9a0e18ca2ac0370bbad0a236ee
2206,2218,12,unique_exact,2218,d6574e979b07edbadce26985880030f44061f8384a941f8bc2fe0fd2fbe7af85
2207,2219,12,unique_exact,2219,40f369406e0e0c09e0dbc35f9998097cbd0a1fac31f894be204c67cf83a37b5d
2208,2220,12,unique_exact,2220,8f4a92c6aa71a2cd6d1646b71cd6f0dbc7e0c246aea20d1b1be136b594f22ab9
2209,2221,12,unique_exact,2221,49ed33030c2823758f8c413152e3189278decf7c28ddaef2495065807229e9b4
2210,2222,12,unique_exact,2222,7c5c0b911ed7e8f0564ca3645bf5090378635a3bfd017be238043c634cd435d8
2211,2223,12,unique_exact,2223,92b494588b9e1269152f7e557197b7db08d2829ffbd68f5089a0d78b7e1d74ee
2212,2224,12,unique_exact,2224,eae4c3c4d1083925ebdd5bee590df2a3df795e33fe80ac673990a5529c6171cf
2213,2225,12,unique_exact,2225,f461d5ac0c636764f12d6bea721853cebb469bba98f8dc67ae2664979e368313
2214,2226,12,unique_exact,2226,8ba6fc37bed7d3f9ef3b594c031a3eee8b4256391b7a862cc22bbb4ff339b047
2215,2227,12,unique_exact,2227,601a1e30a9fb78896f8aeff16c21af01c30cde5c878faef5d3320551c040fc6f
2216,2228,12,unique_exact,2228,4dd4f40fd6455d548dde850e98ccdb0649a888691ae84920fad4b60c11e5d412
2217,2229,12,unique_exact,2229,904fbad1facc579436bfe82375beba08f4e9bf6fc3321e0e3b25d85951e65e89
2218,2230,12,unique_exact,2230,c903ae2fc26faecfec777d2dcac117605b745d80223767aba7e72f7092ea19b8
2219,2231,12,unique_exact,2231,a4ca373024861c496803ae6f20ae4ce728d80a5164b2cbf83dba2fc9e51715ca
2220,2232,12,unique_exact,2232,97feeb69a9791bcec37bfcdba6a183e70d14fc91dd4266812736cfc0d8c0aa93
2221,2233,12,unique_exact,2233,916332fc8214a3175872693ecd56a6c0d4003f55b237cfa5c35ce33fa222f22b
2222,2234,12,unique_exact,2234,7a85a0ad884867e9a9cc961f9cbcb4d94662be74de159d259fb61e5712a1d67f
2223,2235,12,unique_exact,2235,93080249b177aec59e21d954a8b449d9ff102210b3cd1deb5108e2ac6304fd19
2224,2236,12,unique_exact,2236,fd03af4f73007d7c753609284171246e70c070d8145046bf8a057e5edca71413
2225,2237,12,unique_exact,2237,8cee07f4d91687c6b7ea18a3310b68e6a2a94eec833a035cc84a674a73caf285
2226,2238,12,unique_exact,2238,52eaeb987f045bde1788900dd09c060147a5f6535d97c3c056a01994c42b64bf
2227,2239,12,unique_exact,2239,30aa59014e54761cde87e3cee2a65f065f9a2544ba278a4c05587516bfd3aba6
2228,2240,12,unique_exact,2240,54a54aa8539e11bc67ee090efc4bc7498d2a715fbbd7d295ffa2f7ae84e4c7b0
2229,2241,12,unique_exact,2241,e6468d4755c04c9a75f00cad7b4f78186be5ee0802bc9bfb0a7a1dc89c5bdf6a
2230,2242,12,unique_exact,2242,071d6ecfa87c1ada655a41872b39c5b3cea44aa2eddd97907d315a2b0e81150d
2231,2243,12,unique_exact,2243,5515d09b404f3cd1888d5e3f989dc2fc457832075a6d5be7cba3ebbb37af5136
2232,2244,12,unique_exact,2244,cb91ca59d85edbae12374546b3f6e2d9500cf1808df868c3e2ac87e395434f33
2233,2245,12,unique_exact,2245,21afc82a9475ce6415ee86cd1f077884b88df89e63a19dafb6ce7b6b7b248dab
2234,2246,12,unique_exact,2246,a745819b28fab2224b48741e18587bb690a77260b0f1cfe9d24114ea1d2988b7
2235,2247,12,unique_exact,2247,af66baaf7ef3b9497682c5ea5a1348fa3a9e768b49a6d3f1ad9a3ab7ded097bb
2236,2248,12,unique_exact,2248,63c97757c5d9d805ec804ac129990a9192b34c1bfbcbaec713033489f38a2540
2237,2249,12,unique_exact,2249,e90e5264b200846641ba9f9377c2fb4d107634c74f09892572c48a64a2bb955d
2238,2250,12,unique_exact,2250,213441fcfd3f48a8ec1d0e714d631df52a5aba5b46200ecd1065f9b3dafc5b97
2239,2251,12,unique_exact,2251,22360bd51986744db5630a56af8ece581b1ab64721cd8d3b5135588dc484085e
2240,2252,12,unique_exact,2252,4d90c50182962a8cf70ff331dbb61b54e6b9d8595d52d3d1dc4c49fa4215a5d8
2241,2253,12,unique_exact,2253,d6fff42d9a2e038f528f8f91e728d3ac69ea02e7bde011ce3490faef2d0d6ad8
2242,2254,12,unique_exact,2254,fda442030824745032d9d4187223a4cd78080cab0b678ec4dd0537c5e8c11efa
2243,2255,12,unique_exact,2255,871956f0fe3f8aa8cf8a7a2ae6856ac8225691d6514651dfe414803d537b2cab
2244,2256,12,unique_exact,2256,fe69075a7d736b8d99c6ca3a001ae3fce46de4df378d3d6aa3d91282060754da
2245,2257,12,unique_exact,2257,758bddf0f39c1ac5dff3dea8b44b3fbd8f8962fa28e8cd9d5ee5634d7b7ead4e
2246,2258,12,unique_exact,2258,cb742fc33a8b2fa7aae2cd65ee4403ffddc1b8251f1243a26d05f7d457b44d34
2247,2259,12,unique_exact,2259,4b13fcebaf03ff1f7b03f226ad927f56dfaf02cf30cae276e0413c9bcfb8176e
2248,2260,12,unique_exact,2260,720a89abfe884736367bef2393cc6617eb9d47ac87538c41d966e0b7e1f9385d
2249,2261,12,unique_exact,2261,cb3c9e49f93bff16582168435cfab6600679394389f4cc4a48043f7f9700aa8f
2250,2262,12,unique_exact,2262,f9d27769d57976547aeb7ed9590d315731a7d0f4debb334dcd51e366e24d85d4
2251,2263,12,unique_exact,2263,28ff4a6c9f33d8efc5b276c6f5c1635a87fa65b03f0600c1969de847bdff7685
2252,2264,12,unique_exact,2264,8114dc4f485b42679a8a7f8d33de1b386df5c5fc74c3a02e815d6bbd5bbe735c
2253,2265,12,unique_exact,2265,5c252dd93f6f2e49ae1af17456f2ed77d85cd28a23fcd60ace8de0f7e89aec80
2254,2266,12,unique_exact,2266,e5c6087403073fab84f12d38c6e04324cc8a95f00202b368b9cadb5f7720b567
2255,2267,12,unique_exact,2267,0011c0628d6243d90b57537d606c80f1106f6e17224f39e053bc4076e1206d21
2256,2268,12,unique_exact,2268,b82bb52fcbab42547d1ad9818d92af225b9535c1f5a747cb4ceb7e95ce971b7a
2257,2269,12,unique_exact,2269,66a1937a9405b180d7bed50435324f154d5be3ca5303c4877b0c44fdd95ab408
2258,2270,12,unique_exact,2270,dcf83f9f57e5c89879a3619aa060d0ca19253155452185de2850c085cc97aa2b
2259,2271,12,unique_exact,2271,9413f40ff7d25f79f785c9828cdd19dbb7639a430a3d838c2afdea053bf0ee77
2260,2272,12,unique_exact,2272,aeef926597651ced92e51a2ccb91aa629aa128cab38b81a476bfca168f6d6704
2261,2273,12,unique_exact,2273,f0df0757f28ff1b42841da6b308a52629ed9239b30b2cc2dd18765b65d645871
2262,2274,12,unique_exact,2274,ba9ee44fcabcfbb013f57249f500df0246e5fa317dff27cb1a696b89910c4d60
2263,2275,12,unique_exact,2275,52c9da251fadad1c8c9551b4a58227a5f117d94c1f0f68df9c970ac07f41a555
2264,2276,12,unique_exact,2276,2a00cea76af20b40f42d25777fa930c3a08714dedceb357919e48951e6c7cbea
2265,2277,12,unique_exact,2277,7d727120909cc6398aa7bde467cbcd07c5777b60d47569d4ed043c0d1d7b97b5
2266,2278,12,unique_exact,2278,e17270f03f56ab251646f38363722e682a88d1464335acd87700c63063e4f844
2267,2279,12,unique_exact,2279,e032a60f818dba396a818f62bac8c6698ca6f9110516abf5268554edd00a8788
2268,2280,12,unique_exact,2280,94272ea08d1bd9f8cf7c353c4298b9c35afcb9fe45ee8396018428eec6426aac
2269,2281,12,unique_exact,2281,183a1c5e98fc620020e034fb542164b27b6f48d7b3ca6edc9938c906c64dc0a3
2270,2282,12,unique_exact,2282,b08d22a1bf67c8fe5a1fd847f71d85caac8e7a0a391113c40d27a1babfb0c6e3
2271,2283,12,unique_exact,2283,2b989a83b7c8cffe48d5c079d04a8dec6588899841b3b333ce39b6683261e60d
2272,2284,12,unique_exact,2284,ed8004e18dbc7b3456509aa12fb8c4fd394ce9ddffb3fe1c4c42d0a15344c493
2273,2285,12,unique_exact,2285,01fe0e813e6028edcf1db38bf7736e73ea58aeaa60bee4f92510938234663f31
2274,2286,12,unique_exact,2286,4085472bd07f3a4e205aca054c7b89b3560042e077098a7e2ec5fc9753a9bbc9
2275,2287,12,unique_exact,2287,b660f3b5d4c659427ccdbb3bfa1b8b5bacad55fb31bde401513ad5a45f0bdd9d
2276,2288,12,unique_exact,2288,5ee29447be20d5a4bee8783485f7e907b22d0300f664e921651f417ff925f0c1
2277,2289,12,unique_exact,2289,5886f7a92abab80ffed0b3e6071819aeb03a6540c422aedb85083ccf3acb5931
2278,2290,12,unique_exact,2290,59f8f8ceb060ce670b11ab13edbf289cbe53d00e9a156b9ad07a679cfa929de6
2279,2291,12,unique_exact,2291,2d5a9bf7ef758ba92bb408200aef60a17ef0dd1c859e9796eada3dd7f90101a1
2280,2292,12,unique_exact,2292,957b6837ec2866578d0288c695bc6aff1d5a4955070dfff334ccbb85db801199
2281,2293,12,unique_exact,2293,cfafc023b604bfd8fc65159759d96110474602fa9a2276a761a75da33d83387f
2282,2294,12,unique_exact,2294,132803f7bdc18a3403dcd5d183ac32e30dd6939ca0eebb139961ae00616c8f2a
2283,2295,12,unique_exact,2295,8c8e024be0250563f70608c40cc5672c8d398f369695c9608045ea8f9fde8fbd
2284,2296,12,unique_exact,2296,466d1e3bb029dfd91f818aec8b1d1c5e4e043f472f0c5f6e551fd12eff9b3d67
2285,2297,12,unique_exact,2297,45d22c2f95826f7e236b08afc3e1905bfdb15fda0b30a105db23758a3a0c10ca
2286,2298,12,unique_exact,2298,765e270497f273fb1902419b094e2034953e913faf6ae869f6568d6248217806
2287,2299,12,unique_exact,2299,ace368c5d86f7921fe8c696cca9f71ef7a92a66dce2c2f18dd615222ce4728af
2288,2300,12,unique_exact,2300,f5ab66fd1880b3d1f1f62d0e44c6b53556f8a1993864f3dad625e04dc94e0bf5
2289,2301,12,unique_exact,2301,2e73f3d36813dae5e0383754a761d39dcde8afd4b3e814b7f389b9b28d48ba95
2290,2302,12,unique_exact,2302,e5817e15c6904eee2a99e1b2e3e0829b7e4bf725e754bc375382a6084caaaaff
2291,2303,12,unique_exact,2303,2e66d981beabf626c1bb98eaa1ca0f5a0a5dbb5e5ac0ad1524d14c5398369ab9
2292,2304,12,unique_exact,2304,82abe8cbb81c19e0b3b0faeea7026b4adf17cf3bddf1553e588305b1bd06de3f
2293,2305,12,unique_exact,2305,fed75a64768a411fb695efa6eaa69ff9b76c41251ef53f22c00588fc7176ba45
2294,2306,12,unique_exact,2306,d519edce235efe4710904b67e28a57461eb2af89caa9b8e464059415cb080448
2295,2307,12,unique_exact,2307,ce03f067c8775a7cf7cc4d9143b8154c9e47618512e44b108010f473fab718a0
2296,2308,12,unique_exact,2308,ffd916f734d14f1b4ad4d41b4ad8554bbf5ea10db796fc2655516544e5c1ea7f
2297,2309,12,unique_exact,2309,4fabf335576e9cc0ac29a37170019b25c81ab51ad613f3037b09b2584dffc443
2298,2310,12,unique_exact,2310,874d8b071d99869f70b34cfa6fce0a3be56dbd81d13d537a7e23ce6201117590
2299,2311,12,unique_exact,2311,dc734559069e80a2ee72470a1361447893152ce22b133e74f30178a551097430
2300,2312,12,unique_exact,2312,8e05e278cd7e7690552c976ce7f7c1998459cc3ab5e6f357cf9a558ec4d79148
2301,2313,12,unique_exact,2313,6d91d52ab27408845f904f1205fa5fd20368f0772b9ba8c75f979653a86a387d
2302,2314,12,unique_exact,2314,f809b264be6e6e466ece9bed0bc089aeedb1cef7c5a2b74fcb4aea00b55a47a1
2303,2315,12,unique_exact,2315,3fedb10be1f6f08c5add6693341fa5ce6037ef9a872f705a111069642c3c37d9
2304,2316,12,unique_exact,2316,1a7172537047e6ecb6b0091adfb32ec875f1d59ff3e5949c13ed2e799ddaab0d
2305,2317,12,unique_exact,2317,5b9b448b5d76b9b78fbea3e005eb9b21821c9dfceb29bc117f83fb4bcba57fff
2306,2318,12,unique_exact,2318,2adde5def529abd5f6f91dfc076b226f37fdf1ca4f0c7fa0ba3646d7fdc69316
2307,2319,12,unique_exact,2319,0be8e30c34fcf410f657f51830b4cb0b4983e5dc73cf3b3b3f13ec82340a7123
2308,2320,12,unique_exact,2320,957f1150f2b64c02cd655bd73eab57993cc68d1c016c9225199ff4efef1e664f
2309,2321,12,unique_exact,2321,444601bb6141be79aaa4fcc14f4888d05356ac0f49a9cebf4a3a4e4ea90fa414
2310,2322,12,unique_exact,2322,a2b99d94b4b05aa29e5d46f62dc319fb74c6d5a40e974438745c306a34f26eac
2311,2323,12,unique_exact,2323,beffa8f8ee5209bf49555b77efb59b859ac2024329663aef7581ad966bdf5b4d
2312,2324,12,unique_exact,2324,f84c9cb7252c2d09eacf914b9df1ab41a19ffa94ca2d16ebc7182e65ede3e398
2313,2325,12,unique_exact,2325,98bf7a666dead62cedb6d95b7044fa0429e9618ff10ceae51286f5a115f98557
2314,2326,12,unique_exact,2326,3184bafb31b031552740f0e8fd8297088fa3a39ddc35eee42ed842813f205f2c
2315,2327,12,unique_exact,2327,352cefe55d7298f82d3f053a2c04a5827c3711d2eb4bd6c3459d6c5b8ca3ce48
2316,2328,12,unique_exact,2328,5a7494c96d7da9c4072f34b377f4d3ef1d3dce634a1d6c0312292c00d138a6b2
2317,2329,12,unique_exact,2329,a5485f1ca75b4798c49499637991f668d658ba372fb038082bca80e3671b9228
2318,2330,12,unique_exact,2330,657648b6e9535fe90f8b581c44363e6150d5c2f76488422bd57f757aba5ac748
2319,2331,12,unique_exact,2331,c7fe8304e53676d1f024312a8b57daae75776cf9edabcebeaac6de3c4c72d1de
2320,2332,12,unique_exact,2332,c4ee631c9092ae94297f62cdbd47748fb6d92f31b4e68ad7551fd10a175de55b
2321,2333,12,unique_exact,2333,7a912f6b0db28f486ec558d0be00ea30401455bd5f56bc21730b2a32148a27a0
2322,2334,12,unique_exact,2334,8c7ca4e213089b96850cb12c4154672fe85b63e333b9ce2b6ee83b43e1d478d3
2323,2335,12,unique_exact,2335,2d9babe8d6dc209dacac05367a05bf1ed16a2ab23b28e9a388457ba4289181f6
2324,2336,12,unique_exact,2336,8bcc03db4da8c88807f9f055d8ba0f4bd580f34428573dc472e193aa086371c1
2325,2337,12,unique_exact,2337,5f74694621231a8de96469883e6178bdd2797e9ae19a6ccffeed1d77109ec715
2326,2338,12,unique_exact,2338,8cb08701316c3ae52493c01850c31bd1019d3bfd0e14e28db72d079374ef42bf
2327,2339,12,unique_exact,2339,813b4d2b54f1b9e56ccca58c1a6a1bef13ab8e54a371904e6cd9519ec532b39d
2328,2340,12,unique_exact,2340,81fa9de599716c01453b8d728d01a741b4457f7b89c575d682862749113c3b39
2329,2341,12,unique_exact,2341,befac84afd326830f34c48ac2cb8236ae9e0f0e33d72bcd5760b3400740aaab2
2330,2342,12,unique_exact,2342,530a5bbdf9ade66a0dc35a882f6880c79d6484f9f00f6320d5a564a8e4380d99
2331,2343,12,unique_exact,2343,ba732e4455d29e09f5e7f5c24133a2ff99eb382e402018c3fe1943dd97d96d19
2332,2344,12,unique_exact,2344,eef41b63117b3eac05939714f4f56d89ff50a55e044b35354712b16fd4a8fa0d
2333,2345,12,unique_exact,2345,92d1e43de069879b624d1beec957c67c168a95228e3c7f3d209f8cdc5b512d1c
2334,2346,12,unique_exact,2346,c27745e7bb6fc1f46f23a0ac83a45e57b0f3cc4960be83d6925bfe779298b4f6
2335,2347,12,unique_exact,2347,d8e22562b454d89a0896c38ce21d2e1a93778bfb344f9b5ab273502e01cdbfa8
2336,2348,12,unique_exact,2348,6835cb2e3cc01786c6d430db30962eac57912d7557dab37b9116db628a0df623
2337,2349,12,unique_exact,2349,62daac8471e5aadc2ec0f3086ba02d6c06672c17cae371de7e1ef8ea2d40eca8
2338,2350,12,unique_exact,2350,11d4bccae736901a150216279a1039db86d2aa99a57d78e7db925882f7fbf222
2339,2351,12,unique_exact,2351,738cc457edf6152ce3fe9186ab9df7e089fda0cc5c9af6aafa2e0daaec2d12ef
2340,2352,12,unique_exact,2352,eede0f8708a7e2f6e6f15a403d914d67d24daa09f28ff318db182b60acf7915d
2341,2353,12,unique_exact,2353,590b14b7d87b09f029e2fa3a4bf4f3f5b24ac4151c6ab320b4037992192ba6be
2342,2354,12,unique_exact,2354,2d875d59e97994da10d01ac8e13ffe17620540aa879013370fcf1901afbeec2d
2343,2355,12,unique_exact,2355,8b46892a17cea0fb6dc63e7a7ff45eb9fd5de1d76fe216e4c75508f456bb5532
2344,2356,12,unique_exact,2356,26ca88702403bc35762ce3343cc7761a70522ea8935819f351ee1c53ca043c02
2345,2357,12,unique_exact,2357,c18da2707a2dda3d9d8f54a8ba890b2d0c11eb8ce82535435d8310428d8b16c5
2346,2358,12,unique_exact,2358,316c523021dc638d6865fa2b74f53664430fc0ac06110fa64d3a0b360fab5259
2347,2359,12,unique_exact,2359,4b13b0cf7789bc56ad41a51ec2cabb6d926bbb6247e046ca365792c28f6de142
2348,2360,12,unique_exact,2360,0b1f101ed1362ed7d0455bf96fc2571a80672a672c68f4b3b8ca13d93df0594c
2349,2361,12,unique_exact,2361,30206a79dcbb7779f646f0715855d9282d64810bedf49cb290d977e1fd7a3525
2350,2362,12,unique_exact,2362,6d77bbb8b0952e964e37bb300303ba3b1a45fe7e78befba6457d37a6245c29b6
2351,2363,12,unique_exact,2363,7ce17603f0efe7db138cbca2be3f6679a2046ae3f00d74e2c4d68160b65bde85
2352,2364,12,unique_exact,2364,7d2d731dccf456ba56ae7f3cefe8fe777d40f99926586539804a7676b43afc26
2353,2365,12,unique_exact,2365,2f71cd4cc504acfb12b93ca3291dcc84feebb745726409026e16cd1c3fc39f82
2354,2366,12,unique_exact,2366,52507ed06f1bdc4e1b1071b5c3d2c478d891bca6fdde678da563b82c823371b2
2355,2367,12,unique_exact,2367,9953c74ee1d470ca79bd7383a791d6937b8eec5a5a1ddfc1f2198589e5ac7942
2356,2368,12,unique_exact,2368,a762717f8d42b87d3cb3c3b04e93d43465c43a9116c42e80d55658c2e72a6e1b
2357,2369,12,unique_exact,2369,bbec2d0d854938f70c77b983a9211208e82fd36ca6a836f8624cf416e3b89942
2358,2370,12,unique_exact,2370,66b4da42f6835c0487af47663a387532214ff0643af33ffcc97fe3a286cdf80e
2359,2371,12,unique_exact,2371,2bafe39635e01e49de45e590dee23bd45d5adc0801db65ff092059c638e772e9
2360,2372,12,unique_exact,2372,4c4b640d9b633ada3cb54e62633b3fac6861644652125a4711d23489b80b9d56
2361,2373,12,unique_exact,2373,2d9048c262dcaf475c4a3d534a2dc7ba5d4ca77b05258554b70de3c106469f33
2362,2374,12,unique_exact,2374,d5d18b4ff830a6c8e454353cec939f7f35304efcc992a9f00b254136449b3d37
2363,2375,12,unique_exact,2375,3843205962668d6d032faaa4c05a97f212c13efabe043513466a5cb5cc37e7df
2364,2376,12,unique_exact,2376,90e791b90a462cedec580082c04829b43a3971c06ea56399c597508606dcdc96
2365,2377,12,unique_exact,2377,950d2eb33df33ab5273abfb1e3ebc57036c7f36384926a7159ee4f7e6d7d0a8a
2366,2378,12,unique_exact,2378,41e74cb41817b49e5434c68cc7ec85325b59775ac9d299e4b6d84083afb81a20
2367,2379,12,unique_exact,2379,f531612d9a4ea00d754acdfe292fa220960ad057f3989abbae62aa6f5ea1b0de
2368,2380,12,unique_exact,2380,a13905d9b5bda8cb40b6550fc91f32911bbab74a1440ed0d632069b7cd60a913
2369,2381,12,unique_exact,2381,7f29666b4618fe8660befb5562ca28e96b034c95906757f0ca1f7b8c3ff9dec4
2370,2382,12,unique_exact,2382,09b2a30a0aa37c94c20a6972489b9705e12977f05359fbfd622ef622cbbddc0b
2371,2383,12,unique_exact,2383,7c9b6624eac2aeddcd9f0f8ee6b799587df00c1518022eda62af0ca52006186e
2372,2384,12,unique_exact,2384,a94c2e2909d1f78afc1ed27dbc9135e2646208069ddfb3e272ac3bc8069feb13
2373,2385,12,unique_exact,2385,ac14c92ece377eb123559105da03b762c4edc9583254af263b906be6898d2e46
2374,2386,12,unique_exact,2386,bf12836b88b906ef475b784a040c6f79a5de94c9dafb9572f1ed06f35b9ee6e4
2375,2387,12,unique_exact,2387,69c6cb7e8600fe75d8c37c50fdb00540a6d52f3423d135f92b6e8066db716a64
2376,2388,12,unique_exact,2388,baa18904e5bd08598ef5bea974928ca8e629c890ec3ffbe0ab4dd0a610407581
2377,2389,12,unique_exact,2389,43f5a4ecd67358713e389f85ff68613a7b78b682ddd7a8c6020265da01eb43de
2378,2390,12,unique_exact,2390,026bdb174ecadc0109780c1ca128a6b20787962370577724f4972f7009c7d1dd
2379,2391,12,unique_exact,2391,90bd736d3bbc0d1ce0a4a3be0c482c499ab54b029992c4fe17f53910122430d8
2380,2392,12,unique_exact,2392,3b59d744f74534ec7cb4d811d75929d939294142db64758b97080d12a648f3d1
2381,2393,12,unique_exact,2393,5ddb0d8f125d81acd89f5d2e7778eb9545756caf1e4048baebbec18cb205b450
2382,2394,12,unique_exact,2394,b2e5b452c195dff438f3d1bb400d10fc23c80086a62bc8453274b7028f1c7e9a
2383,2395,12,unique_exact,2395,84921499c60e28a0abd59069104e7b60ae7159cb27707e4b93a0c260657b6461
2384,2396,12,unique_exact,2396,eab41671e302aaf83ec90dafbbc9a0ac382a1e8a1fdaa860acaa7241aa9a2a97
2385,2397,12,unique_exact,2397,1a1e9d963ec240267db45d97199a76a9da2f2319aabe9822cb77b70e5dfd5d85
2386,2398,12,unique_exact,2398,b060fd6c59fcbd863501b8c41a166ce0a7f8798fbc7848f406484db53ade7775
2387,2399,12,unique_exact,2399,532b5ebb73cdce9a475e0955fb3486d23441d42b17d8f853f8c1c10ef4718858
2388,2400,12,unique_exact,2400,a77005be4ee0fe3c398dfa370aa1ec4eec38e88932606756893c3d8315d64e74
2389,2401,12,unique_exact,2401,54128c19dae72fcc7ea9df1173c8c9305e98471f86f83b02afb455bd5f35ec54
2390,2402,12,unique_exact,2402,a121f648de4086b6e8139a67530a6dc6bdb4f1e9b6c54ed2a3675ccde0cde13f
2391,2403,12,unique_exact,2403,570332c6ec47bc03a6e9c414ad5e4c8bbbe19941726a7d5c3878d2d19dc25822
2392,2404,12,unique_exact,2404,74ad1e898809b16d3ebf25277d277a618d21cb81077a6eebc561ed650cf50a70
2393,2405,12,unique_exact,2405,d7baaa359566f48f081aeb99ba9ec4e2c50b88e24f97209db6073c1a794f2483
2394,2406,12,unique_exact,2406,8b1a3f3fb834cf300f0cbae92d9ba04b2191b22c4227f0517220ef25b84f4822
2395,2407,12,unique_exact,2407,d837a4382131e3fedb67a6b624687ebeb1ee14f81a9f332cec0218488664ab5f
2396,2408,12,unique_exact,2408,f474e09febdd254e35ab670de17c2b23814bba35d4e457f3e35b8483bcd78d22
2397,2409,12,unique_exact,2409,95e0bb3a13eeb42f1e3ba5ab256594af4164ad6ad19a6245d769beb99715c336
2398,2410,12,unique_exact,2410,3a0dcabacb5e3b0f166f6912622ac43a61e9b8d2bc9057ae956368a4c794a2b1
2399,2411,12,unique_exact,2411,eee978b49c554aa0249961b7cde8b625a1563bb91ce9842bf50ed2243f80de58
2400,2412,12,unique_exact,2412,aba6337a723eb284111d94dc4804c866e83208e4995ad4e0e505808a9deaeed1
2401,2413,12,unique_exact,2413,ab9634d8ec9346f8a9cc167fda56e9b16afc755e1364854d8363b847304491bd
2402,2414,12,unique_exact,2414,aaf417721fcc47c8f470839eec26f1a13ae53a6d4fa294287035d4918f44d896
2403,2415,12,unique_exact,2415,c57bb13dfe996fcf5af07654916658606ec2fb3687980a39435d8adb16df8834
2404,2416,12,unique_exact,2416,83dcc7471f73c7fa05745832d93c50440f2ca24bacccc9d14021dfa2698ccda1
2405,2417,12,unique_exact,2417,9caf733096d42be2c9094be0f2f7b23953167d9fc26a71a541430bf9d03c70c9
2406,2418,12,unique_exact,2418,834ff3b0b9f9e1117906e98138a7d938f682f3e0391243cfa92e909e9d91d4c6
2407,2419,12,unique_exact,2419,181667bb4c343c179a8806a3e8b5dec647d9aa2848b6f2a884861cd788b6efd2
2408,2420,12,unique_exact,2420,63bdc53e11b87902f9215aa1c80b953fd5fa4d9f22c2aeed6ddf7ba3681a92bf
2409,2421,12,unique_exact,2421,5f8c09ae1c45d86589a8f3e170b25a057e4b7d22495a218024892839a3e3a174
2410,2422,12,unique_exact,2422,a72f5e78204f2747d630c5d8624190d3b4a3683a6ed5f349007c6990b8298c0a
2411,2423,12,unique_exact,2423,64026b58755bc49d8f46fe0eb66558edc5be3b1840334153fd3b9ae5d5f48567
2412,2424,12,unique_exact,2424,feeca5a7274804ec5ae669028569ce51d7fbc1a0db0161c9d45d551ee39be6c3
2413,2425,12,unique_exact,2425,8bb9c4ef877264b2eb0080a55bbef9871495c854c0475481499025f9e302cedd
2414,2426,12,unique_exact,2426,6cc591bc608ab08c782d3bc6577b3ddab0f42ead63f1d6ac56f904f32dab24cb
2415,2427,12,unique_exact,2427,e83a33ff4e450c2eb537706823224e7cc0cee46af3f468de4270c331797b267d
2416,2428,12,unique_exact,2428,ba8f838c1c468321564c678656726c12cd7d86cde628dbb7baa1935be6c2ff90
2417,2429,12,unique_exact,2429,529cc4bab4422b02cf2d4e135511297d216a6c9d2fe7e5931e89b135f8e84f63
2418,2430,12,unique_exact,2430,a075aa2b3bfdee8c3085b141bae6c9d2184898c6ef051ca5c89379eb1321b502
2419,2431,12,unique_exact,2431,a200907173e2c741132635cb031780032e55febc4d2932f0585e8aa21a8a0488
2420,2432,12,unique_exact,2432,e48ec9fd333e34f800fec83a2877d03954ce8808f8e0512a3a0e73e1320e8a81
2421,2433,12,unique_exact,2433,c47b40079759f18ebb3a0c8b87805a8e5f1046d41db7b97cf844b60d87da0f47
2422,2434,12,unique_exact,2434,21d47cd85f0d4250c1693cab5b194053a266e6b8b1e770ca8929ec2644324452
2423,2435,12,unique_exact,2435,ec0b13b406c74e121bd3c1fabea3297891a576ef8f4a1afd7a3f6845df0810dd
2424,2436,12,unique_exact,2436,850299a46d44712c7d5042cc4ce25a89769c24fd50977b0a0b4fc758ae03efd6
2425,2437,12,unique_exact,2437,39a356582527543a62c7efe180484878d8831e325b33da5b327fd86cd6cd1424
2426,2438,12,unique_exact,2438,8faca7199429277076744975eb7782c6b6155037842693c46001394f46df5783
2427,2439,12,unique_exact,2439,5273e8a13d952fcc07b1851fd7abf25da29ad74c8d01f9943870d3e0731cda41
2428,2440,12,unique_exact,2440,87f6879a778dfa17fb901cb603da912880eec13948607955b96d44edf2035962
2429,2441,12,unique_exact,2441,f55f6b008241acb4098515332ff5e84c2e79cc8e7a84326df83531ee6ed51c08
2430,2442,12,unique_exact,2442,0f9ad2bfeff3d582b56faf14d7f17ef55c6001e3243cc95fd4aed1e534ecd359
2431,2443,12,unique_exact,2443,30556021bb797d2799a7659bf7a52edb43dfa5d4734bd676f2bdeba1368153bc
2432,2444,12,unique_exact,2444,b0464665efe541dc593ccd02a2d008233512dc9f1c93a8763f261d11f8729933
2433,2445,12,unique_exact,2445,310afe2acb5956e42caf4d26809a78b7a96b08ec7be6c0c889e8c91117d3ae69
2434,2446,12,unique_exact,2446,ba1a2f7ddd730ac2553f19bb3f38f737b68f277fbe82a2196f2d8043ed30ccb2
2435,2447,12,unique_exact,2447,9f401606cf4a8e15cadfebfd07769524cd2a503b399c0e4d8978b1398e0d2ba8
2436,2448,12,unique_exact,2448,5f03b0d46199b1d60e73e2b21f529d528241512cc6ac1a0a000ed2e4c2a74d1e
2437,2449,12,unique_exact,2449,68e06ea5853e25d06bf3e13fe536ba1350af1e397f23b8c8f3a6f82fc846e5c6
2438,2450,12,unique_exact,2450,ec1374484bff32118e48faa419707b357f4d826c12bb09135979b3bda62a97a2
2439,2451,12,unique_exact,2451,1089491401d9b7c6387314c13bd00e62d98b7c6ad06345d874c901955797a8f5
2440,2452,12,unique_exact,2452,4200918cf3bcb7b954da3c6b0fd004e36fcfc52171176355a524bcd60e4936d8
2441,2453,12,unique_exact,2453,1fe61d8f55ed7decc6c1b0495e6ede4010060fa94a0a99ed49577f8ac7bf9d7d
2442,2454,12,unique_exact,2454,aeb3175ffe4f85913efa85c655e104443616e940bd4ddb1b32798c6c8b40422d
2443,2455,12,unique_exact,2455,09d80e6340cb51ee8927e266ae184ff4e6b279f1abfacb1600ca7a01cb1d9700
2444,2456,12,unique_exact,2456,c8dd94d3cccaa98bc61a5054266a7f7ebd7a03775ef7b8c7ddd7e2d05ac9ea28
2445,2457,12,unique_exact,2457,3fb9467afc95a591bb4d502dff9a01fa1370c0e6a773a9cfb63ab1d420bf6164
2446,2458,12,unique_exact,2458,a21fa77a19fb0fa8dfbba05ed8f6f8e1f1eefd8197237557f44db9b6569a21f4
2447,2459,12,unique_exact,2459,d394d7aaf153102fe97362531c646a82bf9fce8ff507156a3e644ef72aaaafd2
2448,2460,12,unique_exact,2460,ff4c73680b4eb2346351a206e9c32ac14c78b856ad274035410fded54cc6673e
2449,2461,12,unique_exact,2461,bd5dd781483ebeb954a6f5b7a3b7d3fe0586412ac69769fcd4f8b7ef3ff668f3
2450,2462,12,unique_exact,2462,ec14c3153c7cf0c8dd55961c2c53b443345ee069512815ea451049d6600e4fd3
2451,2463,12,unique_exact,2463,1b8dd29cda26095d21818ccbb86c58c0272962414192d01f834230b3cce75dd1
2452,2464,12,unique_exact,2464,145f4efbe8b6aec30abf200c642636ed5053d410f91d6a7fcdeacbdef62ace8a
2453,2465,12,unique_exact,2465,fdd1fa06aaada36651bd34b9464b9f9f2641db9090c4ea95850e9d5f6f7ba870
2454,2466,12,unique_exact,2466,9a7f362537df3871de06a3a6abcc7b7a87aea9bb55e0d25c5cb54fa376323b2c
2455,2467,12,unique_exact,2467,038593b910adb7e22e47e2d9bd44fcb8107759b5aff8f66bfa5bd3b2276fce84
2456,2468,12,unique_exact,2468,4be169fc8ada719bce7f25eb5a463d8fa236714618effee1ac43ca8dea0f0af3
2457,2469,12,unique_exact,2469,62756acf4d99b0ff8da6c751156634696f583296150b8c5556b4f594451db4a9
2458,2470,12,unique_exact,2470,5c24219c95e96a9848f7e68c814f3ac7d6d378bd802eb407ee83aed9a858d3a7
2459,2471,12,unique_exact,2471,d4260ef3ff7a6374f55daabe927a48183c78d3256befcfe3ccd690b51bca2aef
2460,2472,12,unique_exact,2472,ed021e84e320ef66e8711d52fcab495ecd64b2abcf66747a7d1c44d99afc4674
2461,2473,12,unique_exact,2473,5323b6824b2d600db595eb4af4b3b296bfe2818246bd98b86612ea57e77d6109
2462,2474,12,unique_exact,2474,fcc5fa4e5cbac03013909780b88105c5d5adb008cdc5fb618d285ea083561cb9
2463,2475,12,unique_exact,2475,805371dfb0ea7a68fb10b5f16b60dee08c82c53f8e6e724c8bc8cba959ea3691
2464,2476,12,unique_exact,2476,956b76c51cc01d2a26fe29fd9da2679965e61e5b599df5954ad0842cba2b4eb0
2465,2477,12,unique_exact,2477,e435b72026a4a799ab1d648b0dffce8f93de1271cc32c833575e6aff48e921da
2466,2478,12,unique_exact,2478,2dd3f7351d479697e3753b7a6be0a8579dab8e57d2527d051f64ec4ae1ae9626
2467,2479,12,unique_exact,2479,a5e4557b6f9b3185082e441ed943f146db250757bb81ba7ae64d50844f621f9a
2468,2480,12,unique_exact,2480,0a406adbabe94549dc6ee649fce3e343e7600e7a6d5d9d98c0e92d4eeb7f278e
2469,2481,12,unique_exact,2481,9e07e94bfbc0ecdb511a6823f7016cabd6da84e8b93636e0cf07cf74f9c62574
2470,2482,12,unique_exact,2482,08c5dc5f630a3a6b81d33ee1e8c0f9649e5a89598befdbeebe006dc23e34a2c3
2471,2483,12,unique_exact,2483,32189d7ff974c81183aea0f31f029d03676d2370a2e8f520243823d70cc09d18
2472,2484,12,unique_exact,2484,370875126d5bfe376c23fe79df649c15757144aebb748a3ffa72ca4f72c9841c
2473,2485,12,unique_exact,2485,0be6352567f69650cac0761e4d231c098873dc3b8f3de9c20f4c2ea6868adbc0
2474,2486,12,unique_exact,2486,1ad7e636761937302b7f169b0c606a3430e49d9f29f9b3cf3950c12aa2422b5f
2475,2487,12,unique_exact,2487,9464a709c5bd610e6efbcfe58eea3a3d2d7f74ee8916cd0922c4878342c060bc
2476,2488,12,unique_exact,2488,3d61fb5b84b6dcaf6834640e3f168d62db7ca290ed2faefe9a513060fa074f41
2477,2489,12,unique_exact,2489,e6fafde6f83d24ec742e1135df5e3e63f1b11432baa1ffd93882b7c4e84a6212
2478,2490,12,unique_exact,2490,99e7619f06edcee994499a0067b714bf1011200d0d05deb4a4ccb2a66223e0ba
2479,2491,12,unique_exact,2491,3861fa4bc8487a85e6290c0bfa17692078a4a09c83b88b7ff4ccb64667dafd62
2480,2492,12,unique_exact,2492,c276ad281efdff216c3460a272f08abe496e6c6ca94d2c75a50e918f8e9ee21c
2481,2493,12,unique_exact,2493,63fdb431d743adf8c9390efb434a0db81dc247d9d3d9ca9f8a5a98ff934e6c0c
2482,2494,12,unique_exact,2494,467a14f355c4103731e44bd35f14149136b4a535cc9d6ee4e83b01d439982d27
2483,2495,12,unique_exact,2495,2f6304ec94087f2feddfac448df27c52efabb44891d2ddf1847614ece0d0133b
2484,2496,12,unique_exact,2496,fe1fd86673546a629c7c57a42f9df16bdbc6a5b71d5ab84cf553185fafe6752f
2485,2497,12,unique_exact,2497,4ea188247b7df2d0d093de8cade6f0f4717328798301a63e4fd8a85036d9b381
2486,2498,12,unique_exact,2498,325363c79824ce8bf2f68978bb59e7b482fa2189096d0ac4bb02535b8b9b87cc
2487,2499,12,unique_exact,2499,2f87901f6fd9cd736b00fee279f5eefa25d6fb0fe5c0f78da62d93795f652b19
2488,2500,12,unique_exact,2500,2cd695f4fdf2901bee7a35be58f173c1761f7f166ce7919808beaf1a647f7f4c
2489,2501,12,unique_exact,2501,a32ff50e2cb0593f4d8374e951154e90324191195b0adcded093526ac85b8656
2490,2502,12,unique_exact,2502,5f40a715763e081cb31331e8ffaf49351d3e48298893e9d82dddbbfab58a5813
2491,2503,12,unique_exact,2503,a427f7aeb83d9111f3142192e3c417de281ea0a68819ab85933d8695bcce119b
2492,2504,12,unique_exact,2504,c13171c2619235d30a82ed2cdd58576848f8239362d77724fafa0e147c5c78c2
2493,2505,12,unique_exact,2505,d26cd4c1a11b4d691d2591ce8fe93a1e3d23866fc7fde227d452edcd4d51497d
2494,2506,12,unique_exact,2506,98c7ed978b9bbd561dc990b19983951d8a772c15519b5079dee69b3d52abc8f8
2495,2507,12,unique_exact,2507,14f9cc940fc53c23c96d6b212789561a1ebe7e71b59adebdc11660c84042c866
2496,2508,12,unique_exact,2508,61fbf8ded21146ff14c1e86a11c30e6c6ad3662e795ccacf80cdad1d204eca82
2497,2509,12,unique_exact,2509,d1bc6e8eb1a5c41d165cff01a8ec1e2deb1b0537d3da4ceb1d9cca1040cc1a25
2498,2510,12,unique_exact,2510,2b4bdf8a55bbea87c8e6dfdf6162eb7832400ff49e911c05a56344b718f077e5
2499,2511,12,unique_exact,2511,47bf28f86e70901209bcab963b1d6ab3d7aaceb0004e508877bab5879a9dfa19
2500,2512,12,unique_exact,2512,3d5399764d3f884fb5b6cb199571e9a141b75062b32638a13c1a4ffadfab3da3
2501,2513,12,unique_exact,2513,c7a5da050b0c2eb480a38bc91873108553b0c0ca16dd47ef4e7cc47746f41352
2502,2514,12,unique_exact,2514,e1822f3d2559f8aeab211b4e8ce9ed9eb145602728bf04229d59b676fe251349
2503,2515,12,unique_exact,2515,feb6a06201524b44bfcd7b72298e423335e7fa66601b269aedf1fcaecef57bc2
2504,2516,12,unique_exact,2516,d0129e89327f84954b53ad5221d3189dc9309cf918bf944cf95c9d7714739367
2505,2517,12,unique_exact,2517,9ae3f56bc42247f07a5c88db774071abb693a5f0f243db963ad2c20bb1ef44a1
2506,2518,12,unique_exact,2518,6968e7426e93523cb16a957f01c7c2313c4d6f501819881f48769c5dc68ef6a7
2507,2519,12,unique_exact,2519,6f560d855672d8ac7e90d3294df46263297b4df9e5268800fe91fe9564f4b99c
2508,2520,12,unique_exact,2520,3189be64a7bb95dd36b3e42abac3405d4d692713cfd092cd8d6e8c994d8926d5
2509,2521,12,unique_exact,2521,7d7179de8c39996bc06e0e1ecbab496b7655094ddd2a3cca3413b3dffcebc6d3
2510,2522,12,unique_exact,2522,b8bb41a5c4d5bc50d928fe5fbc1a2a668d08d8eced57e58d989b9ec7b35f5c1e
2511,2523,12,unique_exact,2523,d0b82c17b03166641b7dfadab2b1236d585d978078c0f1e441f8ce5b701f7e0b
2512,2524,12,unique_exact,2524,9a05e61e00f7a6201501d494b3cd6a8fa6ddc814be48037cfb6df025a753a700
2513,2525,12,unique_exact,2525,ca89904272d41d4f519f493abaaf6ec203c268a8cd6adda3e2802da752e1b4b5
2514,2526,12,unique_exact,2526,7a5d72bd6d4d7c0e44dcadecda3394ee78c7de9f61bed9c8a3d5b05654483388
2515,2527,12,unique_exact,2527,a8f15b7367431054bf05d779bc178922bd01db619728347b400f88ae9396e8c8
2516,2528,12,unique_exact,2528,90ff3d0f8a6d298715695f8889d503f066c84c4b9f73f623b3eee6dca5642bc3
2517,2529,12,unique_exact,2529,6eb5e199be2c44e5fd284bb5dea20e4b68482d48ae4d27ca6289f3687c7045a1
2518,2530,12,unique_exact,2530,cb1417b5848d198bddceefa1a08b4b50a5db4e7103f694c653609ceed2943510
2519,2531,12,unique_exact,2531,da793fc2d3fbe7191089148e4525b375fd09246b9c63b137f907879884984f12
2520,2532,12,unique_exact,2532,325197c959e29635670e46979f4e7d13512fbd588bc8b7fbd4b04e917da8cc41
2521,2533,12,unique_exact,2533,910329398a9ed306c4de343398be89232e6d5dcc75030f8d6fc4382e08c3f185
2522,2534,12,unique_exact,2534,d5b8b629a28e555e87372dad19fe3e101b25781e58dea59bffc6b459b2001c3b
2523,2535,12,unique_exact,2535,c7fc8510a80fd3fd191ab39927138b3429ced5c1935194d5bc6a6e3b8e2d43fc
2524,2536,12,unique_exact,2536,c2429e1fcd1bffcf817d0db9ee5886e2ee0d367d2af8859d946b69105de2865c
2525,2537,12,unique_exact,2537,a42a55fe2429253aab9501473be84ae4e8b1dd1a054f35ab9f2a7a21218daefc
2526,2538,12,unique_exact,2538,9c570fe598b3c68ea4da1fffb2f4e604d9054d60656d0e4a4eaa7db6b7882461
2527,2539,12,unique_exact,2539,60f699a7ccbff2ba17bf58b24da670b1c6df225c089c8f114c7cbf9ac07332d2
2528,2540,12,unique_exact,2540,a17b623085891dfa18028a3ab5cc8201fca7032a31b54ad1dc005946e65d565d
2529,2541,12,unique_exact,2541,0cdea49c3a08277f8bd9af986b81c1fc4322380478c245ef6d4530c74474c2f0
2530,2542,12,unique_exact,2542,8331cd33a094ea96e07eb9ced28d7f4303c06b88316c7842379eb803b74c50cb
2531,2543,12,unique_exact,2543,05ae9a7331bf236fb3bc2bd8624dd98eb3f56a05ba97b6aec4e30b87c32b66ef
2532,2544,12,unique_exact,2544,8263f9649feda8f218b3579ab8bd8542dc20203f54a764535fd0afdac4627447
2533,2545,12,unique_exact,2545,e0afcbfa37aa01a5cbba74ce6f405321e959b32cba4a7a85b7497399b93e9214
2534,2546,12,unique_exact,2546,86b2f6f628a079880f57cdc7a07362526ada8d581e9b20521a9c704be07a18f1
2535,2547,12,unique_exact,2547,867f0ec85747d87cc68025cc21c06744c324c73d13c232f4f7aff47b89603501
2536,2548,12,unique_exact,2548,07feb53cace5a19efdb2516e1717d8f3c9cb69251856f6d00fb9c6ad450c51a6
2537,2549,12,unique_exact,2549,5786c85c74305429908097a9d853c806383b6f36dd9262246e0faff01857ebc2
2538,2550,12,unique_exact,2550,d59431c55b8b9a02a4ffd08cf33fc4d3f834a23b92de421de8a2ffbd3fb0afd2
2539,2551,12,unique_exact,2551,234eb0aa3463ad04976a98bdd187160042bafe4ed4244ce04377c531ca107344
2540,2552,12,unique_exact,2552,806a549aac7e721a9e9abf1f55c03622f47a45d93e97f9a7b6301d366a47e336
2541,2553,12,unique_exact,2553,f1cca58317391493df7180f536b49b5e24a961807b06bb5cd2b9093a6432a85c
2542,2554,12,unique_exact,2554,b9de3589565e3cb6713fc7c228e67213011f680f5c4f8dbfc03f717a07007f5b
2543,2555,12,unique_exact,2555,fc45c356e1a24c7b11ee8dc2bc734c4009c12f35e52a404a962346521f606279
2544,2556,12,unique_exact,2556,2e5f6c4305bc9e29edba2ef204cb6f5f97641d64a177a900ea5b763ec8a7e8b6
2545,2557,12,unique_exact,2557,66cf59e145c5d1800d9fc2d938438a8c82aab010b499733bc36dce05d3629db2
2546,2558,12,unique_exact,2558,c589fb77fc669097ea37bf67395ea9ce0d299918630c87b4500b43072c912ffc
2547,2559,12,unique_exact,2559,d56773ed93451d714f63349c6bcb46c0501e7c39ddd3dacd60f8701fb31ee9d3
2548,2560,12,unique_exact,2560,d6f1291606e6818a63435637a026c55f621da0cd1ae164aa64bb12671ca73ab8
2549,2561,12,unique_exact,2561,824afc7091efe06aa5f61b14005881959937420a6edf09a7ae62dfb7532d7791
2550,2562,12,unique_exact,2562,1fcdd47983fa9add2019e6a9d933d9a8a093513a8f16ec32619e705b17a729e0
2551,2563,12,unique_exact,2563,9e526830f2e3c6581635b27e5ab985d31210331a4e5927e36eb50c257f6243cd
2552,2564,12,unique_exact,2564,d470d2ae3d9fe49748d50ef83645b66f740a3e86c132610642bb96ab134231eb
2553,2565,12,unique_exact,2565,9e37667a99c64fe9f7ce4c5e138bafbbb3d2878dd719b8c978a94fb8097cc5f9
2554,2566,12,unique_exact,2566,004e71483023dd8f489174ab848f63104ff75551615f2a3b7b45483a36e203f4
2555,2567,12,unique_exact,2567,2b298fecb91141d0b8b5b653d40d916e803427ea78eb30c508042923ef2a0587
2556,2568,12,unique_exact,2568,deec308dbedd38a2e4562d559e2803fc26f7842f1ebde17e2e3149f23fdcc7ee
2557,2569,12,unique_exact,2569,592f5702b354028539a7506bba3f1d60a4b1a3934801f9767287f2eb3f036993
2558,2570,12,unique_exact,2570,1bccd45ef57d99a9faba916c2ad0e55afcacb627d7b86134245aa23b899a8ddc
2559,2571,12,unique_exact,2571,62f9ca13a6dc8052beea1a852770afe989dd8069f263231dec8b272fa6cf1cfa
2560,2572,12,unique_exact,2572,e4274a6798bc7cb3387b08d396f387188385dcc46a3148440db401894172058a
2561,2573,12,unique_exact,2573,5083acadc59381afc617a8bc56f810fd5ac247d3ea3af46889a5a0f6ff73131b
2562,2574,12,unique_exact,2574,92111643ebdc446703d92bbb276123bbfef2a2749a9c47988bd5c88b7e1f3c07
2563,2575,12,unique_exact,2575,8137965ed84bcdc424283cb29144558bebbd491c0df0fb6c31e565fe0f477d6b
2564,2576,12,unique_exact,2576,70874a30da620179d67da08141686a3d861784374e4e54539b3b5fe2bb0cf678
2565,2577,12,unique_exact,2577,c4907ae0b64c42b5928c02e6872b10c9c2e91784a4ec7e39f6454a82df4d40c3
2566,2578,12,unique_exact,2578,7d35caf913ae1186f1eb0fdf0e7a515d25688a55cf29552567cc28bea0635903
2567,2579,12,unique_exact,2579,5e7b3ac5ade0d10912fc3413e7987b7f642642957d261890b21037fb2804246a
2568,2580,12,unique_exact,2580,29867697ebeca29267e4a2c4fd8c6dab27c4146df3f5e5776450575c1b9e7fe4
2569,2581,12,unique_exact,2581,b23c8381aaf0dad575008343fab1ade9f4e64ed6989eac85281870281de59b68
2570,2582,12,unique_exact,2582,d11dc68145aa6904c2ea78464701758e14cda5be24181417169cbd71328dccaa
2571,2583,12,unique_exact,2583,a2912a6ef16032a894f4f60e3fa1b8cacacd38453448c1976f2344c2850de33d
2572,2584,12,unique_exact,2584,ec29bd0b6b4839ca53b51bd5acc84e3184d2b0611ce00e1b58590881afd38da6
2573,2585,12,unique_exact,2585,ab628c61ad7051abc56981d641e973c8acbcfab4880971c5ede9f92a6fc72dd6
2574,2586,12,unique_exact,2586,ea580ce6fe2f8415f37d654b19f8eeabca46bc4e9519c180f6afaca6ae156d48
2575,2587,12,unique_exact,2587,214850bc8238544add29a8f853dafb834515b3f80b71f065fcc73d59b2e3fc7a
2576,2588,12,unique_exact,2588,1060e1f2104444c84fd38ff0fe4ad9b89a825932a0197938d9d27817a9928634
2577,2589,12,unique_exact,2589,439270ce1cd41dae799b6b84b806061685121af1fa2a784e45a01d8e1fa1d4f7
2578,2590,12,unique_exact,2590,cefa82a35ec5095bd112d2127ccda0d18b6432b8d69f5a778dd0e026b7af861e
2579,2591,12,unique_exact,2591,a01f2fd47f72b41b2e15f65f618f41efea4411baf1d2a35eab5202491592bd2d
2580,2592,12,unique_exact,2592,6507cfda6b8a321b4c3a503c5f5349488e2a02ce58c9530e7b2c9a79b0980679
2581,2593,12,unique_exact,2593,935637fb871dba7029ce9ee7421e60fd428971b3ebf24db0ea7d1c0ac8e47492
2582,2594,12,unique_exact,2594,15963d16554492692a50a8ba0f99bbd8d5d02cc00812f4c3c20c4007dfd433b7
2583,2595,12,unique_exact,2595,6958aa3713bc5b0df0d67dd742de12dde6c09c3322f4aba4ca54024115539883
2584,2596,12,unique_exact,2596,caa517a9eac6fbca2a4bf40d75cf97e9bd6fae26989f8d53d31883fa24b0a36f
2585,2597,12,unique_exact,2597,57fe3218c8ad67102a60ab56ff4e53c754dba4e134bf0219ef570907e6cf94e1
2586,2598,12,unique_exact,2598,a40fb277317ec61dc5d3699fd70af84cfc1ee7361f1d89c76c8f92ccbf0df143
2587,2599,12,unique_exact,2599,a953fc79ce1445f85ada0f6d41ffb2f53702a4658e62d11656622cd10dedc200
2588,2600,12,unique_exact,2600,07c65997658b9e0e412d6779d63c188e55c82c2e243acfc18f6548ea64f8b850
2589,2601,12,unique_exact,2601,8a4430777300b6ff1fbabede854c5adfc1083860576dec3e89f56fa3e8b4a461
2590,2602,12,unique_exact,2602,d02be127779d493fe5b6339a3fe92dd40efd9bea43f9afa8a23c0ce341665686
2591,2603,12,unique_exact,2603,851b184406460a2731f6fb685ff8d8c600e9511fc1e8fabec134af6254c063ed
2592,2604,12,unique_exact,2604,6f5ff034d508211124922df00db7afd9b87a5edf69483aae853c709a355451c1
2593,2605,12,unique_exact,2605,3faef8cbaf02eeb8fd745448d10521588d8438c3faccd4c67e1048422d96db9d
2594,2606,12,unique_exact,2606,756c9c150c68c55dadc33f37c9b606dc47735a4ddba049de8338cc7e7e75a1bd
2595,2607,12,unique_exact,2607,32950624e59cdaa82833d80442834cefe6c51a9d93a9e0ee881efc6d85d567d7
2596,2608,12,unique_exact,2608,9da1218a16fc6a0f41f415aadb2a9f78c854b72e07ff2aa728a39503320a7946
2597,2609,12,unique_exact,2609,88d196344b9065e6a8032f57e0e0a205844e75c301aec0f12ce9b48c6f167b00
2598,2610,12,unique_exact,2610,409907a8953e93dc5e94c881d798ad4deb9fcfd584d1c4a5aaee46cbe21fd0e7
2599,2611,12,unique_exact,2611,01c867eb666b289acaed0b8cee3656ed4404c27ba0c4b8559f942f296b9c49ed
2600,2612,12,unique_exact,2612,9f49e0811b189306290c83d5ab7318163325b819111e5b0dcc1ae05d8d816d72
2601,2613,12,unique_exact,2613,d45051b4eff347187216ded409b8da0ed264d011b288d90b7e45645d82523599
2602,2614,12,unique_exact,2614,6739cb2bb8c944050bbd17208574178ff5bd682b466ea61f2c9b706dbd357353
2603,2615,12,unique_exact,2615,86788e6e1197fc43427c9866232b82f99f2e8db24903fd7b4a52fb529ec93415
2604,2616,12,unique_exact,2616,6f843a864ae1034a35592d791d947bf2e047ee7b31007d28283e7ea4b44cde6f
2605,2617,12,unique_exact,2617,69c064956df0d13fdb72a7ad0f1af67e25f12e23a599c4f7f9fb3a0233f5e879
2606,2618,12,unique_exact,2618,54273048cad127ecadc3b9864a79313067f6f55d99eaff4ff02721100b336455
2607,2619,12,unique_exact,2619,8a6d1b5d70ed6863716127c101550163561f98d4300b36947f57fc8563e1da2e
2608,2620,12,unique_exact,2620,86a34c6a916c4d6bf6eb0d942ba74317e9411769ea0e3105baef0447583d6a4b
2609,2621,12,unique_exact,2621,9faf417bce5c5a2c947543bdda0c92195a97c491ee70766a2a68e13d055d2b08
2610,2622,12,unique_exact,2622,176bcf260ba39f7e91acf65f1fddd5e7c26cb6c33d41f282d188ca86b8efed97
2611,2623,12,unique_exact,2623,7e5ed1fde05dd6bed3f1a64f24707fa5045a83a3c58e5f4518a57cc644f21b17
2612,2624,12,unique_exact,2624,09114d837e1d6594fc316fb2b72e2dd9e6007aeaa4c7e5a127dd695efd63128b
2613,2625,12,unique_exact,2625,d70663080278821b2244700745b642c67b09d1654c110230cb2b8bf07c33455f
2614,2626,12,unique_exact,2626,4640cf148ea06af86530a8fb1e6403492fdcf16ba972388789fc3aee5e8f9569
2615,2627,12,unique_exact,2627,2ae16705c311bc3144ed3fdab3e0066d6e4da12c7c92d43100582c011569d713
2616,2628,12,unique_exact,2628,0e8309bc979ed870aaba6ab466403f8b0d6caba6c0a7792fea6381723c8ffb29
2617,2629,12,unique_exact,2629,fdcc5034793f84b1ed8676a5892fadf69c552a58b6448774e09534fcbbecc6af
2618,2630,12,unique_exact,2630,55395543a6223011b33e4ed075b570a8128a94a9a80074cb2c507911606b7d4b
2619,2631,12,unique_exact,2631,71259293696aae2b0c2983d9dd634f6fb993e6b558c0bb6a93c8ea189bd950c3
2620,2632,12,unique_exact,2632,e10404edc09fec35f870a3bd6f7cc61ec8d24fbd057e89a9537709828e206468
2621,2633,12,unique_exact,2633,4c26918663fbf8975c98a2f80d41c38de8928930e828db35cd66059f585c7b30
2622,2634,12,unique_exact,2634,19fa1116a3366e885fe8fcdbc5775568ecc8c5fdc1d6b5e337493fe1a6de608f
2623,2635,12,unique_exact,2635,95928016715e37177708434579fac57826a13bb25ee0da424efbb0f912435003
2624,2636,12,unique_exact,2636,2faedb0bc9153cd35602686e31633efc64e36cbccd2851581e1448e9bcd9210a
2625,2637,12,unique_exact,2637,cd2cf4ef7fe2b2ea547d6d5c17d3be1461a279f6632e40b580c4fd63455da2df
2626,2638,12,unique_exact,2638,b46324789d8821f9f54c2f718cf6136e0613aa7beb3eae11e33731871efc7221
2627,2639,12,unique_exact,2639,90b730ca59404b5d979b035f49e5eaf714dc615bec47ebfa28f2f323969b5511
2628,2640,12,unique_exact,2640,1cf88097d67145bfbdd88f466061d41d24d761b88dc786ddb3ff40e207c4ccfc
2629,2641,12,unique_exact,2641,5841fd9358f433b57e4450a3dfbf939fcab82c9498a9cb7acaed95a9a2072d30
2630,2642,12,unique_exact,2642,507d6cefcc0a0cf6d6c99ee2049d2190b6cb4c885fcb8f1e46674203d7374261
2631,2643,12,unique_exact,2643,4a2e5752ed7a9582dd94eb06181762b9221b323051ff6e9774d424b44192547d
2632,2644,12,unique_exact,2644,6212946ae5c87ad3d40e6e58a13488823386a6d57dc7c9f5eb235b3cd5654dcc
2633,2645,12,unique_exact,2645,2a6b459142561b169803b553e91fa857680d7876c130cb8816fb4074c9c112fa
2634,2646,12,unique_exact,2646,c6a9bc74ebe8d256f9ffbb8b078c2ec37769f3ee20c1ecb3e3db600e91387a1e
2635,2647,12,unique_exact,2647,cadc595b6de0539aedbee0d5bc32ee286bf23b8aaec61873097c412a88d6bf4a
2636,2648,12,unique_exact,2648,cb4215e556f9a1c4a68ddb7831bf46072dce8b0fb3afa2ccf48afef391ebf492
2637,2649,12,unique_exact,2649,dd990bccc82b86ee9d79c1b156b40851f0250a1724da8474306ea62f9eba2146
2638,2650,12,unique_exact,2650,d91f11c98367a0fa1f5a328f61088c68f858437f4f0536a376e5afcd8d0e4205
2639,2651,12,unique_exact,2651,fae66fbfcbe0770758922bba317aa435bb542d7602f7e2ee40133ec7c1a000d2
2640,2652,12,unique_exact,2652,eabdf798e0c1b769f5d8e5601e2623f03dbf25b1765aed8fb815d46f00bc7a05
2641,2653,12,unique_exact,2653,c44d6dfd3e75434f1d616c43122a33118db53ae8dcf340a0525a10cd3e0ffcfd
2642,2654,12,unique_exact,2654,18713a9a720359a0df2117a57635e4c06ec06e4e4391d43276b888bd5bf9f43f
2643,2655,12,unique_exact,2655,6dd20b754b5452c4b88302ce26860bb14c5aeb0267e9b27c3f5275ec292e97a4
2644,2656,12,unique_exact,2656,ed252bc5a97324d2c2aa350b0d566c38a7d58b432b3e0a845b7baac06c241e57
2645,2657,12,unique_exact,2657,3b9d3470d0bb51be9045db848306921043fb2c3994250e737160ee6adeceee2c
2646,2658,12,unique_exact,2658,e4cabf641a7f483c5b592ab66f1b5f12998a4ca6ed22b4c8102ea8d6b00341e8
2647,2659,12,unique_exact,2659,ab500557efba8042f9f958fa1e7958a7b3c767ce4259c34e5c506597857c308d
2648,2660,12,unique_exact,2660,76ad40b5916089e6b8fb405cc7179b60cd0024c90ee887938625019d56db9692
2649,2661,12,unique_exact,2661,fb8b8e08f8a732b592f4f053fa23c63cdee91ad1ce281bd42dc76f396ee8cc1b
2650,2662,12,unique_exact,2662,145936d0c6b943c494197247707d5d928588f431e9cdced7b4f701dfdf7b57ed
2651,2663,12,unique_exact,2663,2a2a74ebee48e3e0962ec99da970bcd272e698de21b86bf93c66609c00099a2b
2652,2664,12,unique_exact,2664,3eef86368068572dd4c8aad6f0543ab4dcf86b76bf90ac4f2ddf3555163c4d2f
2653,2665,12,unique_exact,2665,7c8226aa0c1c947ad614e56f8126b7e89b65e11e9dcd4f7ad6df5b80e8dc40ad
2654,2666,12,unique_exact,2666,5284f0d38224ddb8fa509b2e8fd45314f5c1a65637f401bc15c189c821a736f7
2655,2667,12,unique_exact,2667,e4c3e9e78ba1238252812bbac9c4a79315ab80ffa280a6dc1cc97ed51d481ba7
2656,2668,12,unique_exact,2668,3371fcb90f9dd71d3387d7f1c8a1010f36b6cce70d50ef497e3941ede9d64247
2657,2669,12,unique_exact,2669,e91ad81ce2565e2a70cbd4bd6da3add70eb0cd120da11e25ef7d9d07d79644f0
2658,2670,12,unique_exact,2670,b0ba6f88759a69415580220e3c029402d90c8e8c6b49142aba9288439bbf091c
2659,2671,12,unique_exact,2671,408b20c9fe73d7a0df4d20cbbdfb4c9e509ac886dae5a35d09b0e56a3641de8b
2660,2672,12,unique_exact,2672,94e2dc5a075923f2e7866e06ba43690dec73ef3db01bf7db93c7be0440c8efa2
2661,2673,12,unique_exact,2673,2830824a099cb066652e2e14f31f5ef50a893d4705019910c1e7b30b07bb2042
2662,2674,12,unique_exact,2674,b6d7b3835e014279ea390f768515c50fefdc3ee9ee71003028120824b5261512
2663,2675,12,unique_exact,2675,6d1cd88ed1f5d138ee40310224056149618eb24648847bee4bb03e5c98bd3898
2664,2676,12,unique_exact,2676,b829c448baba4b5898a1b9d55c93c6fe0e2d2111a3a0a94f482365535f0de087
2665,2677,12,unique_exact,2677,d86e7432e2dc4d8fbb12d5a6c08a1525ced628ec04bb5bcd91a1eaf2fddd3acd
2666,2678,12,unique_exact,2678,a52333452a27d8702efb3589c7b7be33519017fa5e3031759f22f289a10ef245
2667,2679,12,unique_exact,2679,47b6eb5d5a4811b3eb44dc8f4b0810ab7c18f761d65205e21490a219d3971229
2668,2680,12,unique_exact,2680,1756277af9227cda2bb97320aba4eaee6dbee4ca5b757f7d15e1ca73ebc61621
2669,2681,12,unique_exact,2681,f9945c17e71c78832ede4b4c12524a27ada312562c19fec174a82164e8f72781
2670,2682,12,unique_exact,2682,a268e8df763dce01699a682991401eccfde83118e59c7849a7e7438051863d27
2671,2683,12,unique_exact,2683,c0afbfc693a55fc6b4271dd6d7fc6f0952bc9514ee53cbbccf95d6980a4114e6
2672,2684,12,unique_exact,2684,087d5b940d05780480a152dbc79fa28f75e8e5bbae5a24d6d108d94faf27abda
2673,2685,12,unique_exact,2685,7e8bf6e0abd1b3b8947e380e403ed3d53a97ebef3f21259dfab0218a451d88b9
2674,2686,12,unique_exact,2686,294a57b845852b7fbca5728fac3ab145b41cfeabb7886b399a2b742734636c02
2675,2687,12,unique_exact,2687,f75e02d4da691b6a91a0598eb01cefd6eba01a12ed325364407795f402a3a4ce
2676,2688,12,unique_exact,2688,74f42f9f1e3fad3913964c12e90746feaec88e1d61110d9f7bec6bee92f65f91
2677,2689,12,unique_exact,2689,ac3e986633d80dc6df16b963c4714b1e093f7c9a3c5fb76c216052ffdc23bc57
2678,2690,12,unique_exact,2690,b23ad985e897ca03f6da825cad9f8c60311f0b1bf36604d12cb2cf97b99bd320
2679,2691,12,unique_exact,2691,e2624da65b60895ace5c8f4f86e32008728d75422c793d3901820f6c81b3c75a
2680,2692,12,unique_exact,2692,ad3d7001215d0aea5d613cd02cf7cd55e0f429789b4ed98cb279db84e3e27473
2681,2693,12,unique_exact,2693,da2ddeee4ce61df5b3693ee3682618f7fdaa50a81246388e16af1da23d1f9a25
2682,2694,12,unique_exact,2694,cc65554bae71c84ae1d8176635c98bb567997c4e7be597de169414695e9b6447
2683,2695,12,unique_exact,2695,5f7e1f8827222aba17370878030d7bfef2b37d96a0973caf635fee7d9cf86ea8
2684,2696,12,unique_exact,2696,f5ccb75f4429be58a93acc593ef161ac7ba2ee848bc4ae5c231a657e72e24204
2685,2697,12,unique_exact,2697,985a9f538a289252ad1efca282ca8aa5f82dbaecfd40db174046bb4730330c46
2686,2698,12,unique_exact,2698,1921d01900e94fe1d9a74f01ec0309a16bb7cd119af078cd79d34b0beabae9ee
2687,2699,12,unique_exact,2699,d6f631d8eddffaf45c36f70e931593bbad475439c02daa7d95e16401881f90b1
2688,2700,12,unique_exact,2700,7a5c55a5688028c2cd754463aadffa4e5ce48edeed6ae0968b6c9ff3b96e14f7
2689,2701,12,unique_exact,2701,43cb302091328041aa53b9a54ef8d7885623f6e684c92756d428dc86d600648a
2690,2702,12,unique_exact,2702,21abef0190d200916ff054ef23068d6256fe218d37cf1793bb535e16a87b56c4
2691,2703,12,unique_exact,2703,cfe8762cd198a3227a68fa5d1f242847254b2711a65d9bf6ea0a4b96ef45801c
2692,2704,12,unique_exact,2704,fab0f076aec5fd06a578d7da4d25afa0a2eb9783342f7be9dd65d89754da9dde
2693,2705,12,unique_exact,2705,ff8cf68a30a2902693c44d60316865303273a840a6971448e6bf44abf99c8aa5
2694,2706,12,unique_exact,2706,803687aa02e21946af1140ddbc8e2bc08328b081c7c629da36cbfa65b05338b1
2695,2707,12,unique_exact,2707,87ae22aa1e7d9ada383b99f9c8ccc8f49d8b06faf205501a5097d836c7c1953a
2696,2708,12,unique_exact,2708,34214acd58a513278c568d07a092da4cd84caf99d2c090d3e319b0ac7d36eea0
2697,2709,12,unique_exact,2709,f2018e7db8f76727892e12051eecc76bd7025526d91b6cf5ecfdedb8d5d13ca7
2698,2710,12,unique_exact,2710,0290e1e2df125e0916ef6265e15d9d84f7b23a388d9188dd3b26ae48501767c8
2699,2711,12,unique_exact,2711,efa9dedef701a2545790b7bfe07f37fae479cf9cff9e8bba31f8be131f45a3f5
2700,2712,12,unique_exact,2712,816394fd0579dfabf13bf884b258c21b63cdf0b64c47018e1c00504db597ff2d
2701,2713,12,unique_exact,2713,6855e502bba8e04f826bd987f9aa8b76fa3ecb41656940fdc3fdad618d93bd3a
2702,2714,12,unique_exact,2714,11b08cca92326d47d75fba1a326ec38a4a8798099704f90078aced3d5e0ed6b1
2703,2715,12,unique_exact,2715,4e089a40ef3655b890fadb90a8331c5e1f11ce166099d848be12b79fe4a151d2
2704,2716,12,unique_exact,2716,1ad32f26c0b663e949d492fb4d331a40e0779c2843b506e00dc0207959d52421
2705,2717,12,unique_exact,2717,3f31ed40b90c5500695c81936105198a44371995f071e10f7f449ae51d7b5e65
2706,2718,12,unique_exact,2718,d821a3012fa102b883a21bf29e704619364a24a5363c3c0ab7d8dc45c4175f89
2707,2719,12,unique_exact,2719,8fb5beb63dda71567ea2efce5437f7051950f4d86fdf2a758697832b8565ae7a
2708,2720,12,unique_exact,2720,551d550443d2fef2e5ed5cf6f1daf7047a9dad71c08c76bafc9b8782a87a4d21
2709,2721,12,unique_exact,2721,6edd5e359369ea899ef97881b1a79eabbda9c9d5b5da02316a25a9f2bcec8622
2710,2722,12,unique_exact,2722,9d5d464cc51e9369d84f800ba7f992e4d0c95edfd6848f651e6907d26d89f40f
2711,2723,12,unique_exact,2723,e4db23b7b78e05d0e74ebc24d772c991f0b42c3d509ca2b406d94ccd6cb375c0
2712,2724,12,unique_exact,2724,a873b3d951e2dad35bfd24ece1af65c3f6285a4555779a4fa72753fd304a70ae
2713,2725,12,unique_exact,2725,21d0e5058f8e5f127e38dd551364a30861f8fa91c863073708b47aef4373729a
2714,2726,12,unique_exact,2726,3b18db9a3c4f89187cee5b1820900b1499ceff4678f0009b355a2a0378801c50
2715,2727,12,unique_exact,2727,922a19eed97b991f8444fb085ca290ce9a64db33ee388d660cfff962282229d2
2716,2728,12,unique_exact,2728,13363aee0452996803759fa7753d9ad9275ffdfc4b06152fef03ad2db1c8cd77
2717,2729,12,unique_exact,2729,534fdb6762cbb95d13e1691ee51cfa48e1a69a98eca05bddd7bfb770cba564ab
2718,2730,12,unique_exact,2730,d8746a7f00ebf7b723d9479cc90c72bf4afd195779ddb467d7a757364848e7ee
2719,2731,12,unique_exact,2731,7564aece18dc8d05fc4b5d3b9800463b133a6faab3c6ff7c6c54d5018308e418
2720,2732,12,unique_exact,2732,22e41910f90df9511ec18c06b80e46745ce97131dc3b3accba9d4149851affa9
2721,2733,12,unique_exact,2733,29e796b35c5216a47b1fcce08c46c07e233c0a4bc5e63081f0737c68230d8dd8
2722,2734,12,unique_exact,2734,9c09864a1a6f00c8f3459a183dcbd829592becac83526f9f5965482e904ca305
2723,2735,12,unique_exact,2735,1454767a04921c0f5999d2d8d9146329c0bff7217ffdb243c9b1d6c436e0f8bb
2724,2736,12,unique_exact,2736,ba23ec61e304f614289e216423d0bef2d977e3925d5c2400c79a9cb95a327445
2725,2737,12,unique_exact,2737,e22de0a9469e871a4ff46cd3eaee042cdb843a23ac69b3aa0a221b56a0a3ce0e
2726,2738,12,unique_exact,2738,a5ff10306c5d78cd8a52a0db89a4fcd1a425adf1430286ab81ba3a5adc3d49fd
2727,2739,12,unique_exact,2739,9fe24085b0ec5b7f2f6a37a5e23bb2367824f0ec15fab9a7f237b2c40ec377b1
2728,2740,12,unique_exact,2740,1cbd4123766d0fae49083ad480a7e26bedd7a37bbca4aebb244cfad37188ee06
2729,2741,12,unique_exact,2741,fef0182df39a9ea4ef05596e9276e58bdb18bd38a68c42ce913fc8b0ac158c37
2730,2742,12,unique_exact,2742,faa71cd15d0309799cbedfc088ebd2b42248c4b8dd4a20d9cf375bc615d322f5
2731,2743,12,unique_exact,2743,23ee00c3f073dc18bebb7b67a3bba0204cfa052da875abc0ad2b69a21d952373
2732,2744,12,unique_exact,2744,d1a7c321302ec1a2d0c3b44ec9d43cbeccd5fd29ef3d4b9e06b0d926ef42a083
2733,2745,12,unique_exact,2745,47b92f20e33b8f5f3601da861fcaa7496c36d1622632bff445ef9b414f82d9c3
2734,2746,12,unique_exact,2746,90333cebc01bc91326a5027c9f1c4878a3a1b86eef235577decc0c32619cdcab
2735,2747,12,unique_exact,2747,cce3417d110cea2aaefe122c230e39a57351481299176a809795dd0f90a518fb
2736,2748,12,unique_exact,2748,e3e93b02fe7f95d985c24b9d62627467f54b1b8b5281190b88acef6e8e1ebbf9
2737,2749,12,unique_exact,2749,3629ea8b1a7906ee645deaf8b057ad4b74db571bc75e4e0120c15246365f9029
2738,2750,12,unique_exact,2750,b6c1f70f775132f7130fca7c955ff77b5083b0f33c6fda07c2611fb094180e99
2739,2751,12,unique_exact,2751,a1f46091c99d4069a1646dcbf88e986df2690ffcb96e5b1d5fbbdc1d67b5649e
2740,2752,12,unique_exact,2752,2812b2ed73cee49bb21e94e5de564e5db29cd91cbbde878a7ac5abcf728ea2e9
2741,2753,12,unique_exact,2753,c9c237b65c4af605ed3ffffecdae2c21e6a4318fc9afb5016f34f17ceae838b9
2742,2754,12,unique_exact,2754,180fc26a9bd8c6bf717a276ca1d44c8ecd3ef343f90a15701f93baefa4e199bf
2743,2755,12,unique_exact,2755,b177bedb135f62e8bf70c63b40ad9e07f52775c79c830cd6d0689c24b2f9bf98
2744,2756,12,unique_exact,2756,7c077d739350efb535519e7c4b1763907904718ec00ea103bb3c471187f8bdd0
2745,2757,12,unique_exact,2757,11b8b0b05aebead2085ded5f04e88c0c5cffa17a4bc18064b2654ece74e5f16e
2746,2758,12,unique_exact,2758,cadb82fba166579d380b3c7ef2295d42d952b766136031bcfa139d22cca18450
2747,2759,12,unique_exact,2759,e58c0245098f3d1a9924b8752a95927400bf4f5c17ec16cdf0924efeccee6406
2748,2760,12,unique_exact,2760,84f003edbf93f7dee70d20e1e72c354023369e49901aca0a223b289ea5958946
2749,2761,12,unique_exact,2761,6d922daa12891a4806a16993bf11e24f4267e849827a5a97f12e6753bb1c13ec
2750,2762,12,unique_exact,2762,8ba15fd73d48ae6d54ba8c798261db4558e472aed7e3efc608ead0b07cd1c337
2751,2763,12,unique_exact,2763,a08af71c391c1cbff04a9aab0a6c030bcc4b22ac00dd67afeb5cb474c04d110a
2752,2764,12,unique_exact,2764,e4f47903351d11b878e6ebea67e646229978e8e93fe24761e781136eb372f289
2753,2765,12,unique_exact,2765,18de542d48f60e0dee9af9b2213583337045af906dc85e4593f62508fc426791
2754,2766,12,unique_exact,2766,2ae358470ac1009be5dd182b5b61f13a811bf3ba1f0f91b86711b7c125c308f3
2755,2767,12,unique_exact,2767,171a029cf24be13d9d0211d2f22a87534c4e6620b0416604dc2c7351baa60335
2756,2768,12,unique_exact,2768,7c5ffddb9f5c5a859f1fc48a175a12e6dacd9a3e359289ed7170ddcb283d54be
2757,2769,12,unique_exact,2769,f4a7e94aa66856b6b8e0e5d4ec6439f76378244590f8bac5754a7568c6de1caa
2758,2770,12,unique_exact,2770,b7d8a89e032d99cf24033bb52ba0ca6710af0d6f7c97986a16bbfcdbb45afd12
2759,2771,12,unique_exact,2771,a7a13fc5fd3e790a7cceba7553d3895d22a0787f546f02158d908e3c87829679
2760,2772,12,unique_exact,2772,298d65bd03dea061dd30d2f24250e389410493b9eed1b8264d8256d1150d30ff
2761,2773,12,unique_exact,2773,d2e52f4a2f9f1bd713c33b88f0ea82e03679ef7b479e94bee2d906da0e9e5117
2762,2774,12,unique_exact,2774,047fcb85141b4a7bb560cfe0398f1679e60e42e0351e1a88e45bef727f244a26
2763,2775,12,unique_exact,2775,5ba446bf75043837aae3b0de952f92b72b9f52db40bacc0da5e45d33edfbbf1d
2764,2776,12,unique_exact,2776,04e05ca7ac3f883d1360aa4b5650af60c8138fc49c56b1938cbd4f8fea51ae5e
2765,2777,12,unique_exact,2777,b0bc8094bad6618bfa52a59883f00c0658e5a984b6d4be366a329ed60c9bf599
2766,2778,12,unique_exact,2778,19bdc6815e40cd90b1b6db9b859884c4f97c4a63b040bf0f4fbee61d7a2cdbe4
2767,2779,12,unique_exact,2779,cfc9e8c60b61edc8f065785b0250876a3b5ca3d8a64207b1e072dcc871c5defa
2768,2780,12,unique_exact,2780,05427a70532d3f4a8fbba5d86ad254ab42eaa560fc732491f7ab424a45799ed8
2769,2781,12,unique_exact,2781,fb5f1922d0497c393f71b639b7386be252b9e6182f4416f748666be6f6205abe
2770,2782,12,unique_exact,2782,f853431e54ae623486307f2c2627f1b4e4287dd0226802d9f5a30bd4bb802301
2771,2783,12,unique_exact,2783,ad1e1f78b1341ff26105c7749cd3a537d8b854a025e3c2b6f6a4ff0ddd007a6f
2772,2784,12,unique_exact,2784,74bec1901c92d4a13b4163f169e9259370623ae6aa9285679b11692fafa5061c
2773,2785,12,unique_exact,2785,150fd9f46080f1722d8a6d394ed10290c47f1e49fa3a6e8a8a9cbb08e4403c53
2774,2786,12,unique_exact,2786,77d47b0af19b78a9491e89469b0179e9864897fdefa2206bad0028afa47198f0
2775,2787,12,unique_exact,2787,597cfc828408c184c44678c9ab48f0b9eb44d9c5a03ddc305692ca8ec9901da4
2776,2788,12,unique_exact,2788,50064657fa989c1b6168538b3c9071b6783faba05eef6d509d730d8082d2d819
2777,2789,12,unique_exact,2789,7d52250593877df1b0c5052514778b721e71da2a4e8228617730d858956aa330
2778,2790,12,unique_exact,2790,f6ab3495f909e96eec0f80c64ce443bc0f501a24868628129de0cfd8ceba0026
2779,2791,12,unique_exact,2791,ec7e7b1ce795e2f4dfa9ebabc568875bb9b22e292b9ed20a58f5791b5aa7a38e
2780,2792,12,unique_exact,2792,ff6f7b68d50067c05163a0407dc89077d697e2add304e678629c4a3b2df6d101
2781,2793,12,unique_exact,2793,13de6c561fd44e8917d1bf6e81628aba28355c682aad7f837860bdd74d4ebdc9
2782,2794,12,unique_exact,2794,6ab9376c366e4f03df687cc659188c0da1ae1ebed2843e77f3f5b49e95069710
2783,2795,12,unique_exact,2795,9fe5908c5780795896e0d1b3fb5137b6e7ca762a3186ed225d452d5dbf10c48a
2784,2796,12,unique_exact,2796,1816468110a0b7814254f324a5ddba57b08663bd030f7f0101069e57710fa886
2785,2797,12,unique_exact,2797,35305de43520596410944506e10fe6ae37db2999c2ef376b575c560f5f2e961d
2786,2798,12,unique_exact,2798,b66152eb759462b828af63a129a7792f1aff4c143bba21c99a6bb821ea93b226
2787,2799,12,unique_exact,2799,d082784aa8c5192ae42f25056689512f038592cfa4cf1775d27f3d768d2bd96e
2788,2800,12,unique_exact,2800,56aff5f2aef164fb0e2e9796e7cac481e774a3bec5d96e346160ebde50e72ac4
2789,2801,12,unique_exact,2801,769f04165e5586801c9cab4cf7c9f0134483b9b388698cef6ca9e8d5ded7fd4c
2790,2802,12,unique_exact,2802,8776dfc7e09b466a6ddeae9787e066effb649d96eb1c8afdd540b52de710c193
2791,2803,12,unique_exact,2803,270198b5a1a7f9cd03dd8c901568ffff95a75928e2c1160f2951efcaaa5ad945
2792,2804,12,unique_exact,2804,2acf46485484b11e6fa39c9591f6411085459178b99701c56d229530da856d3f
2793,2805,12,unique_exact,2805,c331ed6072abbc4fc29bad313f236b824322114a87908c5b45df1815723978b9
2794,2806,12,unique_exact,2806,f216c61f47789228e987999ca244af3ae1b96f52da9cd2f5aec7f8f000a55b56
2795,2807,12,unique_exact,2807,e7ecdd255ea693dfeec40146e2fef1722e3a0e4fdd31dc522de1590e610607c4
2796,2808,12,unique_exact,2808,a60b7659bb000fc1eb6c484494215b1d7ef722074e0607b53f34270dd10329c2
2797,2809,12,unique_exact,2809,05f0b1739770f28cc832c8c7df9d53dde0c1350bbc760718cf555856cc837164
2798,2810,12,unique_exact,2810,76840d17ead26f59b1f30f696781493df4005ad82933a1d7e7f49f75170c66eb
2799,2811,12,unique_exact,2811,735990511b37314b43538a5c456a29212868473274f5f5b809b9244b163a511c
2800,2812,12,unique_exact,2812,877af5abb705f727c854f99458c2af40f96294a625c1fc8e5db1fe06d0f87abb
2801,2813,12,unique_exact,2813,470990d87f7f1b4501323f9347f9ee0bab0175e44e7b3dd49e395bc2e63de66a
2802,2814,12,unique_exact,2814,430b279e18516c4e75dc196fba431836a1af0d69d4e4394ccd3a2b0427b3f543
2803,2815,12,unique_exact,2815,0d84cc8a8c878d5b225fb7fbbeb58a5bec2f7f45a4c09dae27639287d629f03d
2804,2816,12,unique_exact,2816,c3172a15301d2e4afb2fe5cb602c1c6a3e9f0d19ffb6678c5c7b4c4b685942a4
2805,2817,12,unique_exact,2817,6f6dff9c8b0b3784795b0da8d39b97aa726372a21d72471728a070f3a342e53b
2806,2818,12,unique_exact,2818,3e20487ce99649d1926211ead14d662c72429e909587e7600e90f555e8474a81
2807,2819,12,unique_exact,2819,d61615dae38988d5dac46d9843bd58c2c026089e20bf1b2264796c796d14fdfe
2808,2820,12,unique_exact,2820,c193b8c680a0a44f69810fb5518ef8899a8d9faa9224d2d26b290c4170121495
2809,2821,12,unique_exact,2821,ffd42a024e0b5f80175fc36764d498e72dfed2e0b37b464d5c0804d9f959fa5a
2810,2822,12,unique_exact,2822,2f03be089f37aeab410fc1d6dba217d798c9744ac0227e09b05d48351ddba93f
2811,2823,12,unique_exact,2823,0275e9e0c9f58b77114bc363c681d64289eb8118c4f67058cafd662b1113e90c
2812,2824,12,unique_exact,2824,3018d35238988a1169931a481ca2a501a70445af6e456dc550f4897c26e326e2
2813,2825,12,unique_exact,2825,eaf83c9b206c05c432322a6c4c0c57d6407db4426f4bf7dc73f60df7c2fbfab3
2814,2826,12,unique_exact,2826,6f37ae405594470c669100cb2c2ccab68d3d9cb689e920ae6068be62e8a2fb1e
2815,2827,12,unique_exact,2827,006a1e605535fb6066dc86422b6c0270b73f2d81c19181d58c988b44ac4328d2
2816,2828,12,unique_exact,2828,15673612d7999224fbdfd90a9101db4a0d269bccc7523350e959e2742ce23238
2817,2829,12,unique_exact,2829,2c371767d7dc05c184cf82d9afde73f61c2233a98f14a594b695324eb4886af2
2818,2830,12,unique_exact,2830,68acd0ef809269b0acdc54867acef5000ce6bf27fb093fba99390fc8d8a922eb
2819,2831,12,unique_exact,2831,c8ba8e7eb1668467eb454ff76a7882d108856fab50b99ac139c696c45ad11eac
2820,2832,12,unique_exact,2832,e33e9d5d5acd39e79a4577bba9589359fa3f08f3e254eb6bbecd27ecd455ce67
2821,2833,12,unique_exact,2833,27bf251239457f7e4315c9874a79ba740ba737d3941e36839bd84c6ae99df49e
2822,2834,12,unique_exact,2834,379e271310683fa1639da34affdecf80f5706ae214f87ff1530b5422c952ba63
2823,2835,12,unique_exact,2835,d3d70480f7ebad53a4ef3e64acffa1729333c7b85f411b173c592a7ad3b4b97f
2824,2836,12,unique_exact,2836,d6203eee2896c39da8762664073855d9b5b1e1fcf999533570a349bc27ed3054
2825,2837,12,unique_exact,2837,d310f893d615163aec7b55693619828dbcd3b7f73bc3c7145399f7b7f558813f
2826,2838,12,unique_exact,2838,b980127e708aaaf67dcbf81afc1633b8977916bf021756e25cc2fa1c854f6f58
2827,2839,12,unique_exact,2839,9405b734059943e624ccd0dbf7477fc7a7c83664031243242b3291b46976d7dc
2828,2840,12,unique_exact,2840,f77cc1755f1d5300448d1f707dd275e2f759b70fadf3966585e0657d60b822d1
2829,2841,12,unique_exact,2841,dc254b9302fdb3383e1a6057589c99fafdadf7a601998d157041f9545e15ceb5
2830,2842,12,unique_exact,2842,23f249e0534226c579059b03a7e9f41a7ca318283c9ca0683c49932a35fd74a5
2831,2843,12,unique_exact,2843,0d99fc4e5117e9162f74f3b84658303354339e733f177484722432e9d79f5e81
2832,2844,12,unique_exact,2844,548aa06bf4ff47c4afa014de3994ef6becb5e444ef92d5edae7ccb2676796974
2833,2845,12,unique_exact,2845,ff1e0f5a9a84db8f9f4b2dcd7a430a50ab276c10564a375230b7d97e24e11a52
2834,2846,12,unique_exact,2846,1b86b14c50eb4a463a72e5a7c6da8b92c222e9cccc1c20ce6dea695060dd3310
2835,2847,12,unique_exact,2847,573248de9f7dc768ea3aea66e92f6938ceb455611c632c73ee1e688b1b33ecb0
2836,2848,12,unique_exact,2848,17fa26b15155b785bfef3f330ccc2b7d754092443eb3565dcd73c9c78eb1616e
2837,2849,12,unique_exact,2849,c1b14eb505cdd90007fa255d4f28795c4f9cd95eaba4b7fbddf2c5dfe7089590
2838,2850,12,unique_exact,2850,ad7bea5232f18b8892424d994d0d0791bc21f2890cb6b0b43c470cecf6a23694
2839,2851,12,unique_exact,2851,5b38520e0089a148346f735dec48d733681b3dece788884d72f7af9025d0c5c6
2840,2852,12,unique_exact,2852,522ea2642a4de879f16ca871e88c4637c9466d5d0ebbba1da6b645dff742fc1d
2841,2853,12,unique_exact,2853,65dd42975a2570f78d78ac1f2434a4d72e6d6fa11e90b636ec0bca60f4b4ab3c
2842,2854,12,unique_exact,2854,f30d5ee6759dd041bad7772b5e4259cfef969a266c45b19272732fe0c9ab1d4a
2843,2855,12,unique_exact,2855,17b2900d1b73a3ca43e91d17aedf2b3ecad0bd7e79d09d72cf56739498d50305
2844,2856,12,unique_exact,2856,9ad860d77cf7772c89154ebd9c3e6ba27e92da1fc1801fa49349e76898839430
2845,2857,12,unique_exact,2857,a86eeeac6cc0899994e36ce70c26dc809b100d572ece14f1197026db410ede53
2846,2858,12,unique_exact,2858,5c97d70507a84763998c306c88857852dd3870ae2b5c00150f61fc8a4a935d8b
2847,2859,12,unique_exact,2859,4b810806ae91b9123e98ba3323b111e3406842dbf4fb4a0e87c46f0f6576dca3
2848,2860,12,unique_exact,2860,04bac9d70a3fa81f818bc72552b4e01b23e9c764a3fe3dc969323a2394a55342
2849,2861,12,unique_exact,2861,a49b94d70a2040bdba75227c83ce6fd8beb09cbb3866ba3cd35eb3e36b2ac350
2850,2862,12,unique_exact,2862,dd9038434ca174e856c136650be208cbbb6c82104b38954a0c549970f4a7474d
2851,2863,12,unique_exact,2863,3e05f30ec3b483ef975d02a230ff29b08fa01f31043e80ac0039911e4988f221
2852,2864,12,unique_exact,2864,ed32150a9b23ce9e6cc00ebe6eba56b7488f0282c1b8ab1173c8c56281ef7cae
2853,2865,12,unique_exact,2865,8fa28d394ed4d99d6fd8128cb64f3b1fa375a64a233d6c3cde6f1b704ae146f5
2854,2866,12,unique_exact,2866,9d619d952bce85891adfc79c39c43038b55702de40740f30d18da320e750d1ea
2855,2867,12,unique_exact,2867,6806de274d83374ac4da2eee082e74902d2bc969c161d6c564cf6d13a5d50cf0
2856,2868,12,unique_exact,2868,bb9b255ef8c04511a5a99d80d002f93b80ca2fa46eec22fb9e041e0a154395e2
2857,2869,12,unique_exact,2869,1a8912dd0d36bee11f3dfb4999d3d0e68571015401e0c421cccebdd1b2e95ce3
2858,2870,12,unique_exact,2870,7a4bbf75455d646498408743f64ad4ecc113292adccad523f44a759a8267d625
2859,2871,12,unique_exact,2871,6603ca2f819c1bf92a5c4d4976d841573a72ca5a983b8bf057158bb0ca2da220
2860,2872,12,unique_exact,2872,1cd52f9b301300ac306c7f43532e472b4a8c399fd4fd20bc3422cd81fd9fb97c
2861,2873,12,unique_exact,2873,b2570327197ada7512790ba2ef9c9531ba592d8fd3f0d00f5adda0344304e932
2862,2874,12,unique_exact,2874,ce2396308408f3e3bc4662473513904ceaf61c6c9ee59f061accb2cec24ec811
2863,2875,12,unique_exact,2875,3bd0be95837076cb23b21e7d2feea914d40ad51ea201fec2305e0de1d730f5cc
2864,2876,12,unique_exact,2876,0d8a3965f14051e3d01de65c83d42d1473ad18811f629ae5faef4b7911c74cab
2865,2877,12,unique_exact,2877,f20da24da82b8cfebc02339be3a91bcf21b31d335f834115766ffea20a60f518
2866,2878,12,unique_exact,2878,7176df255d15e76a8f1a86b3f44fd571282c4a4727f65bc2139684621da25585
2867,2879,12,unique_exact,2879,827c13db7bceb87b75b0b7d6306caa8860c7ff0430a81f45335334740f70dcc8
2868,2880,12,unique_exact,2880,58fb0e50fb31fa0e4bf44fd057f21fd1207ef5a17d5b07cb783aa274839eb695
2869,2881,12,unique_exact,2881,b92bdc5a7a4ac4e7afc0b2f1f44a4594ac400a572ec3b08239377e741d2da733
2870,2882,12,unique_exact,2882,9c3a37946d958937a53b3da12610af9928abd3b4af0f601819b68df5af0b85cc
2871,2883,12,unique_exact,2883,d0987a778502aedb4c3eed5d4c77d6555cddf784eda4a1772dd7fbde58c2c3f1
2872,2884,12,unique_exact,2884,95fcd9f4ec2b047683cf617127c314ba4ed4f4495be783425da9737b33334278
2873,2885,12,unique_exact,2885,cc83160f3006c70eef47ce4f7d982cb9e4653b1f743ce9a82562950e120a9d55
2874,2886,12,unique_exact,2886,015a846f95a7fd4fc3bfcb3f4b5868d54741f3ebd31fb935cb4a5ec4f274047f
2875,2887,12,unique_exact,2887,6645fffbb75a143c4649e755a6ac516e2758933606ba12f41341385f4acadd63
2876,2888,12,unique_exact,2888,734276c12ccd4b1e1b89ec10664116b2ed0bbaf8767fad0329bb155e9cbd444f
2877,2889,12,unique_exact,2889,5789bda0d160d5bbfe7a0785adbd00778f8196ce38eed36ffdb75c0fa3f9baef
2878,2890,12,unique_exact,2890,f8166f7abede5283df3ecaa6c8aa9f19a39c6e15cef188b214068e394f82736d
2879,2891,12,unique_exact,2891,d3c37815957359c7d69af7dc5c59d6613863b7e192caa2c9331778dd0bc99dfd
2880,2892,12,unique_exact,2892,a5b0975912dfecb1e07e931e33d928c5a02994fb556135f19501417a1955ad64
2881,2893,12,unique_exact,2893,939b06b7ace952be11c4d6fbe3f9c1a56bec3526cfb451f51d84c258a687f300
2882,2894,12,unique_exact,2894,893bcb54809eb3941f509dcc7d2bf70229603a05beba97e22073d401463bcac3
2883,2895,12,unique_exact,2895,dec9683fb6a0100cdc85369e41b7edd1d6f8f494c5f1c5481beb275386d67268
2884,2896,12,unique_exact,2896,a6d53ebf54c79aed631d4026088272878fa9c607167b9a4ad715e571ca27f943
2885,2897,12,unique_exact,2897,2dfcc157981c4e85973d8d26bbb5bebb190bc0ca6a8b24d3c55d8e8aac30afe8
2886,2898,12,unique_exact,2898,646828067c816bd91787b4e1601a8348489d139f33ce34ab2f14bb5d5a29fc75
2887,2899,12,unique_exact,2899,1d6bdb774c5b24a94c45dd87640d2e04b3cc84a724c1e3e17acf0879e98ab5ba
2888,2900,12,unique_exact,2900,2103dd04b478c9da933b370ff23e6cb279c8d5c70a7618e480f81f8e25297c51
2889,2901,12,unique_exact,2901,337b71e478dd882f48cc2a512e65fdc56ae64280bba86fcc75ca632bad53da6c
2890,2902,12,unique_exact,2902,3b73a4374fc8d16cab233f9e13b1d68f5c8fc01588637d51cb9c52080370b948
2891,2903,12,unique_exact,2903,8439e7112ba1047424e925c4dccdedbe4f6b4e4ca0a337e06f17ec5536a4e9de
2892,2904,12,unique_exact,2904,65281f187ccac2098bd657b6e3d93de023c3b888f47210237e01989f2e183e75
2893,2905,12,unique_exact,2905,b994c74da312645a9d16f7ae9b7ab45f168876017e937d08da85e046f60bc203
2894,2906,12,unique_exact,2906,4a0e14c1b5f30ca866bd2df66620bcaafffb5d5af6022e47ce0a622ac3f43dd5
2895,2907,12,unique_exact,2907,c1893e997672f9e4e174373ed5b991a5dbd7901413728a638faca906a9abf7a5
2896,2908,12,unique_exact,2908,0e07498b33c95cf1ecd603d9a8f0a0f497de56245b584e1c016e0060a42ab977
2897,2909,12,unique_exact,2909,99af9f10489d8198850ab1dca53bf339a56f07158e8659c17561433079e82fdd
2898,2910,12,unique_exact,2910,da495a802b829d440a9085a6614b6419bf3fceab791e1081305c578e7db1d378
2899,2911,12,unique_exact,2911,e7e18eaffb6d5eabd18c2596532efb41296b991e2d7da52e9671c1df5ddc39e3
2900,2912,12,unique_exact,2912,de130c8f78524705c1490894f4d8bb3656e2fee367c773c29878ddf4fcaa85a8
2901,2913,12,unique_exact,2913,0e580514eaa2f9b8a3e1fd5ff5433cadf21f2e15c9b0d4d7903c137abc5378e9
2902,2914,12,unique_exact,2914,a7e64a77c85b2946ba2bd3a612965b44ede31f5b38f691e95fd82a9b60cfa76f
2903,2915,12,unique_exact,2915,b948c18f36e2ce5dd05da1b79ab2e8b1e9fdccb67b33098e0d7f405623da5168
2904,2916,12,unique_exact,2916,8fd78e7bec04f6a74d013d084371d51cc8cfd0933116f88742807b980757b65e
2905,2917,12,unique_exact,2917,5e8c3f5b643da99089acec80f593719ab491cd1d956ee0ed2f43db396aa76ba4
2906,2918,12,unique_exact,2918,9f84605fe6c5573e868cf42d0618ba5abbbfff45ab3c175217a22ca1f2c5afae
2907,2919,12,unique_exact,2919,862bc7ecf33f60aaf74506b9f98004446cd8132bc7848b73175ddf98742cb535
2908,2920,12,unique_exact,2920,a6abef608be9f6dd385dccc2b30efbab550e7c0099ee2580c6f4537b409a978e
2909,2921,12,unique_exact,2921,bb7c5a9fed78dd2b64b3ab72f4f4a78176edcea081d6f8ca2b901b27e364a17e
2910,2922,12,unique_exact,2922,e29cd606b80939be61a71eb8caee5d334ca734d936b20995a250a9673b0f4255
2911,2923,12,unique_exact,2923,95dc2917165d803d60dbf2c819a3e8178d4fe324b48a73167a938262c2c4ad66
2912,2924,12,unique_exact,2924,98593c0acf338cd911635b1163b3f64cdb430f32893810ddf597efa288b5c00d
2913,2925,12,unique_exact,2925,2c6c824f57a75cd11996e678c101ebde10d0667a85b2bf1bda626646f27da3ec
2914,2926,12,unique_exact,2926,8a7cd0edcaac6edb50b0c8082701cc17a0caa5ffac409117b9352d0e3f6e1063
2915,2927,12,unique_exact,2927,d5b691f65f78ebc51c5b75ef2ef5f203d57e72925d92bbc1c3bc7dea37265123
2916,2928,12,unique_exact,2928,3470d2aaacb129a9506b06f47169d797e9194d107b372cec504f68baacfa08e3
2917,2929,12,unique_exact,2929,87f4e3b9f857e7f785ee7cf9748de831ab637e19b5d8b450bcda0fad66f7bf23
2918,2930,12,unique_exact,2930,9def869df996cbe19b9c14196074763973f0b5fbb25079a1396125dbd8daacbd
2919,2931,12,unique_exact,2931,82bc0f13360dcb91a3f82d03630032a193ebffa1f978e23adb36b1136b69be7e
2920,2932,12,unique_exact,2932,d42745ad7910730ccdcb41b46ca808bbc79b077ff19f01c323581411b7e91631
2921,2933,12,unique_exact,2933,22f47ab5c52eaefbdf9be26472338df21ba9288973d72acf209622e2f26348da
2922,2934,12,unique_exact,2934,23db7c2bef5fe5eca314ad38dd1ecc96c4216909ecd14afa44f5644838ca08c0
2923,2935,12,unique_exact,2935,7f51642d16ef2ec3878ac4e0b91b884b14265792cc3342e912a5845c40ecb7ae
2924,2936,12,unique_exact,2936,96268b36bdd4166848f7db00f49606df54bc3c4944ebe667a21a53f5739967d7
2925,2937,12,unique_exact,2937,97fbdc500e2c5db7e891e59ede37b8a8da2acabaa4a6001f65f119010788ded9
2926,2938,12,unique_exact,2938,bf48767e5a1dcb190b19cb398dbf451c4e66eba2794a669bb862cbcceaba6d07
2927,2939,12,unique_exact,2939,fbc8d4070a257d25d22725874177eff804b106d2efe0e62679c470a69828ce6f
2928,2940,12,unique_exact,2940,eb7f802157756e1ac65162d124d151e6fcbab8613ac78a25e571b4f246e2e121
2929,2941,12,unique_exact,2941,663375742239189fd912c77a2f15a9c8040652c46eaba15d6113f7500f5cff41
2930,2942,12,unique_exact,2942,f1c3d93f566a5697ada0ff92dccede2d38f8f863cd07319c63bcb3ebc75c6943
2931,2943,12,unique_exact,2943,439600ab64cbf2d9c7804086bfc61f46db1e98f2b1b3ca4fc9311be38fc7a43d
2932,2944,12,unique_exact,2944,e7d47feec1c183e38265409c1a5c15c48a4a37d6379b0ecf1d9f17a06cde8e16
2933,2945,12,unique_exact,2945,704ba986ef4139c3973080846e0c4f5fd53e4c3733e8b1f4b4ad8b64c804bfba
2934,2946,12,unique_exact,2946,4aba9a839c1239856ffe166970b59ee8ad65018c9e064d0d56ef22b55f7aeecf
2935,2947,12,unique_exact,2947,abaecf1b77e4eb7d10cc5323723487c9e0e28a3f5b0d3f667e84daa44a0da321
2936,2948,12,unique_exact,2948,3d2ed562c07a1b57c5881fb54ba942473170339654c4fdd011dd370f74024984
2937,2949,12,unique_exact,2949,03e5b33d0f760add3e8be4cec39139ee3e1bf06d59e4fef24dcd81f5303ae088
2938,2950,12,unique_exact,2950,9ef8b3e10f275d2ecd4021350f0349cdbec53b9b8ad0a214b5557df63b3190b7
2939,2951,12,unique_exact,2951,7b356264ae98c9d9bea54d7c0fda50e0c714303fb37de0353e3b1f34c92f70f8
2940,2952,12,unique_exact,2952,46ac163c01145caab2fa28154c3a4961f398812226f614f6fe6be90c96a9b7af
2941,2953,12,unique_exact,2953,63fb816531fd8ca4e4e6902621914116ba2da57a19b11d905d3ebd0cfdb14f42
2942,2954,12,unique_exact,2954,47c0563fe6b0466a1ae32b49e36019e2a1c52c8a1bc544c4271bdf83ef00ad74
2943,2955,12,unique_exact,2955,4e2f6259b6da7b207fcf9c17686fa2ac00a52f416106ae0bd839d7574d64c692
2944,2956,12,unique_exact,2956,62e329b4acdf297b90213c1d2242a96bb91bc1456aa0c5c65f647578002a104f
2945,2957,12,unique_exact,2957,fe95851c5c6361116a4684cc8fdfa0eeec70a256ba99eb0eb320283e7bbafb07
2946,2958,12,unique_exact,2958,c8186f440ca7701f3f94e82a55dbbf6db4c8d8a58388378ca13b5b7f23d7da04
2947,2959,12,unique_exact,2959,c337b92ad3dd17c91c08f21b7bb10b8a371b6eb2a2b92434e43cbe72a041854c
2948,2960,12,unique_exact,2960,ccc77f58b2b221a91a5c128716c6d4f36866617134941a258eb594aae63eb8b7
2949,2961,12,unique_exact,2961,d9b1229f48e16811d75646e136b8ffbd9cd5e60eb721c20b7294366bf16fe396
2950,2962,12,unique_exact,2962,57a569a8ce10a029486356baaf122ecffdccadb22a0287f104c8e92e2ff3978a
2951,2963,12,unique_exact,2963,d84a32f36128b8dec9c0f673dffefaf7894ee424d83a7db83bcf7599b98491cc
2952,2964,12,unique_exact,2964,23e2444262ecca7960c57d679a4ba4c2e87f592e94faa009576e70d1cd4d3b74
2953,2965,12,unique_exact,2965,27ad07750393c055369c86b7f8d97dc11461dc27fef05cae9327340703322023
2954,2966,12,unique_exact,2966,c7adfbe403e248f31e08cd971e6c2731eb052c2f410cc8b4c9d58532b48cc880
2955,2967,12,unique_exact,2967,5b64e7861ab945bb700cfb416d70ac456726f07c87bfdc1ad3602d89859f2a71
2956,2968,12,unique_exact,2968,df67bd15be5e448ed72cf84d5b844ce580f5b2b2efd633b05b0b06eb48113a6a
2957,2969,12,unique_exact,2969,f57f3ce397fb83834449a68a07c0d615b55884b5f201fffe9bd17bacec48fa63
2958,2970,12,unique_exact,2970,ec6ab3b904fb450871b8a15ee7c4e5d56713a7507bad3c86ce70cf9aa1639784
2959,2971,12,unique_exact,2971,1f84a0dd517f27e99b3050990c23495b43cd205963b2d32ee2182bae5ba35df4
2960,2972,12,unique_exact,2972,ea466eec3a5db956dd5d5a2e9e1e0ca6aeeeefffa568e1b39355743418e5559e
2961,2973,12,unique_exact,2973,08a269ecc549bb30e74a84ac8cb64002a44686c4cd740f243b384ac1995e0009
2962,2974,12,unique_exact,2974,57fae7afffd1819f94b502f84ead5449b4bc00dab88bcfbefbe6aa4cf92fab23
2963,2975,12,unique_exact,2975,d19b545261ad24559cde8bf8bd761c82ebf105c52ffb7f7e2bf0cdce73cf0b98
2964,2976,12,unique_exact,2976,c26ab381367d5cda2a8ef97d42932b7e28ab8bcd5cce540e7dc0a382d6aa9e8b
2965,2977,12,unique_exact,2977,6db72a5851a22ebfd1760ff4798f96f17a6ec0aa0e86e0133a4d258d20d6d628
2966,2978,12,unique_exact,2978,4a728fad7a9c2175df35ec6085c670abf16ab578f91ee725e93ca1e599b40477
2967,2979,12,unique_exact,2979,ee37fcbd00fb7c8d5b5578e56eab1e0710c45526e72ee635cbe629fc0890affd
2968,2980,12,unique_exact,2980,de86ea4184cb81a31608fb7142864cf5678593838e9cb03c24ffba19b80a7a1c
2969,2981,12,unique_exact,2981,9e7d2979b27ea8b5b1102d8f4f15463e6c871af11903efa109eed3808d88e3df
2970,2982,12,unique_exact,2982,3df18a3c4fd71dd87b94635b7206d1353844538c8542e9043ec8ee6d8b67ac7e
2971,2983,12,unique_exact,2983,4d0c0a24fb9c2a2cf6723c642ce03ef03186d28a38eb6808350c7dd5f42698fd
2972,2984,12,unique_exact,2984,2a6c0c957cf06ea9786ac97f3a145b5e96c3bb246867db96c50a823f7a92c28f
2973,2985,12,unique_exact,2985,ee566a00f6e7397ae5d8843fc8bdcc2a2d14f885bf89ebdee52981b1e91fe942
2974,2986,12,unique_exact,2986,f82ac39b3701e8f313ceb9bbcf6574fd496b7a0f288e542d205d2c3455af442c
2975,2987,12,unique_exact,2987,974a63db60360b89c29686032e8b1cf5271dcb83e69fe6b4a9b419ea921d5a88
2976,2988,12,unique_exact,2988,2e9a29966f80b2098a9a99090ca4db560c93bbc2a53a0b77d0fb2e4009759a83
2977,2989,12,unique_exact,2989,3f0afdd0f252096293d24a67d6c33ffa4a43c6b5cf2e734dc1eb54463feaae24
2978,2990,12,unique_exact,2990,fdfbc70b2b6a5a9f929d067fafb8b1369c48d4e616327169c8dfc1bc8bbc1d04
2979,2991,12,unique_exact,2991,7e0aa079a020ea4da552fbfbeb0faa1003f4c5a69a17b56fc12476ed3a8be034
2980,2992,12,unique_exact,2992,ccaf25bf76f039a7e131f6cc5c1ea764562498bb801555aaca287f70615a1581
2981,2993,12,unique_exact,2993,007ca3a18ec2880dbe73de8e0192be10b7a8833735cf631f65712497ceefe145
2982,2994,12,unique_exact,2994,be65217f59969036c2637f57e9749b02cee91302351b13018d54de4e130c7ff6
2983,2995,12,unique_exact,2995,08ccc558ef0a961451d8769f65664e83c42b2d445e4a101a6613856a76a25b56
2984,2996,12,unique_exact,2996,a208dfd6902fbbddb754d26f98c7ede7b80951b393c2880e9ed84805af02c708
2985,2997,12,unique_exact,2997,ce9030b5dc255f13553c8a16269d043b91729a04cbbbd20b07596085c8ca647e
2986,2998,12,unique_exact,2998,f60d5ee939cdbd686cd407b3cabd548429ea5c169af28605384f5978634ee9e8
2987,2999,12,unique_exact,2999,c5b67ad3a0fc859a0f53ad99a98542096f471ec29abfdd854c0dd3f09c6b5b3d
2988,3000,12,unique_exact,3000,e36fde9bec7614101fea1adae1a45ab3657806d504509e15ab37c6cb73d4cb39
2989,3001,12,unique_exact,3001,139a0ba5f461f7f26c43d00cad4c80606302af2225b9832c79c036b3f676e9bb
2990,3002,12,unique_exact,3002,2b009deb6f1408ca3b3eaabfb7bdba4fae9fdc659719981436ec702135a64a1c
2991,3003,12,unique_exact,3003,20438a1e6887fabc55210c2d985977c9ced2c82c400b110cb3818a68f0e45b36
2992,3004,12,unique_exact,3004,0d947d0e9d72c368a512588aed6c1c50c9ad3d9976c98af336e6d87af2b7d199
2993,3005,12,unique_exact,3005,01718814d581d7d2534cd63ece88af91c2a847ea32ba5fbee304a7538da9ed6e
2994,3006,12,unique_exact,3006,1c4688405fa3087fe7deaf185e33eafadd0d4a4a9e601a856f3d290131265899
2995,3007,12,unique_exact,3007,397dfac9f1057d7b9f250451df1f01aa9b4cd67a3ef4c35135edce63f0bd506a
2996,3008,12,unique_exact,3008,7fef9a806e4980e65c91657b9f41f5d9cd23c6222fffd620fdae441240dc9091
2997,3009,12,unique_exact,3009,55d9c9869b3cfac3721a158c0f51dc99dffcf32f83eac0a9b4434d6450c7d142
2998,3010,12,unique_exact,3010,a584181b2ed3d825e1a74202a3846bc66442974c98037127588074a968728ed1
2999,3011,12,unique_exact,3011,c4c19508a62bfec2541844431dd8fff3607a076f9906f07761f536843a72feb5
3000,3012,12,unique_exact,3012,1ef9d09e26d80dbf1b70a47ae19652a2facc7ccda2ed17f90ed821956feafbed
3001,3013,12,unique_exact,3013,6974fb8a90ecb1787fc33350a9e8c6c7e3d04d449fbddc4e2125c5e902f9a470
3002,3014,12,unique_exact,3014,4fee2af7414bad3c785255cf96cabae0d0b20b10400e02dc189bfbf45cbaab4e
3003,3015,12,unique_exact,3015,cf8d4f5e68448335aaa524256440efaf11a303c7ef890e0eb34edabbefa3fd93
3004,3016,12,unique_exact,3016,b927fb499c30528a8e47efeb3e27f4d615296c3727284599f98b45e389c57306
3005,3017,12,unique_exact,3017,650933fc06559309364cce9eb7c0ea216ee59c1b73494eb14ef852a69068c37b
3006,3018,12,unique_exact,3018,e6f57fff1de079c62c731b9c9971fc0fc07c0e5e551c164e606949fd24f9e941
3007,3019,12,unique_exact,3019,f28b6cbf48e536a42f59fb5f76fb44d46ec9802ccc96d457273ae09e0a059853
3008,3020,12,unique_exact,3020,61363f2da0e312a7f020f51d2f89979e701eb4c5b13ba2f1d113b9b9e0b8b29c
3009,3021,12,unique_exact,3021,a10f6186fd1f517cd6614a93512b9a759aa15449b6d63b1e96c2c8037f899f03
3010,3022,12,unique_exact,3022,9751f626022c7a9b19f2ac974b4611fde3f95a78146d9597eb8919586dd7991c
3011,3023,12,unique_exact,3023,3d64928fcb959d5fc75412dfaa2fd37f0dd85b725b55b3e0337831c16e92a2aa
3012,3024,12,unique_exact,3024,74ecdb977b2db7caa1ec4fe1ac74ee17e45b39c42b38c808e713eef7a5a8c662
3013,3025,12,unique_exact,3025,f51f05344084a0336e94faa917718a9275f4048d3cba6ec8400c946e56a1429a
3014,3026,12,unique_exact,3026,5a6cae12a7cac60c74639b1ad851ff08cecb101284bc9eb1dafd7faf0262ebac
3015,3027,12,unique_exact,3027,791d8436fb24bb19d72d4365ddaceee37a2945e60214ea60c355b65884c90ed3
3016,3028,12,unique_exact,3028,9add32b3530ccb8cf57eaa4939665ca93676c011973962eb7efe72cac17e0feb
3017,3029,12,unique_exact,3029,603e23639939ce119f7b0124923d3ce29b4d2db158adac56aae2c2bc91920963
3018,3030,12,unique_exact,3030,f96bfcb20a119e4902f4be0824cfa05dea8a19e2fb6131a577acadd57d18acdb
3019,3031,12,unique_exact,3031,786e836483a994e798c7be07964d6f172fcfe58045f834b0ae88f59eddf24bdb
3020,3032,12,unique_exact,3032,48f2eff87e406acf73995b00b14f76f536f4bdfb12e54c0419977332fa90df13
3021,3033,12,unique_exact,3033,7a595295f04379f970e948ed0cd4e06e3a32d357a4988cd9039ea46dcb0b25df
3022,3034,12,unique_exact,3034,5ffe6c21ab22e65e1dfee46bb47841f481cb54d5b70aa617551291e6fcf8c3ee
3023,3035,12,unique_exact,3035,210557d70cc588e100145d10b13d06b8e0c48b36f30072bf275da15bc1ea385f
3024,3036,12,unique_exact,3036,37660af143494476a7ef8898022941fa8fb8e16c76eedd4ea6e0a7bacc6cfd50
3025,3037,12,unique_exact,3037,1ec4dc479c210c1ae65c0cb159b80ad43abaf2f472f5f212479a5965257cc037
3026,3038,12,unique_exact,3038,bb52ece8108070193b3fea5f4880fcbc26485f81a5ef84b5492750afe7edfcef
3027,3039,12,unique_exact,3039,058af8b1835b86e5ab11075776b98f882e7a3bd12671b1ee229154c5a233ebc8
3028,3040,12,unique_exact,3040,b687bd5c9855c9894911ce58f6e4a3eb5eceff233397fbb15458806ede872101
3029,3041,12,unique_exact,3041,3d2becd6d699fdd2cb3c10c1139f8a7d8b5b5e6e7acef51b583aabf0ba7e29f8
3030,3042,12,unique_exact,3042,88def215f62d11102d8ac38fb4b193e2d799ab6cfdad62770eca617733f4cac1
3031,3043,12,unique_exact,3043,28274c9eb48280e7a463dce821f067569780e2ceb269cf6dd66c1f180342592c
3032,3044,12,unique_exact,3044,3fdc232f950bbe4f4982e99ea3edf295deb7db43a0271a3df3f46127956c18b6
3033,3045,12,unique_exact,3045,9a3315d50624ed385d7a11251cdfe55da7559fd9992839180033b99d1690ea90
3034,3046,12,unique_exact,3046,3da7521a8681e7cf7128ff63642ce57b84211f3f0aa2940e495187577e531a42
3035,3047,12,unique_exact,3047,d6f1b7cf9eb22afcebac48df4a017f9654c7bd22261769a1e26c5d568443abf2
3036,3048,12,unique_exact,3048,d8bd33399dface16581dfe4282d006feb883e5708a960f73ddea3a7f783e72e8
3037,3049,12,unique_exact,3049,285982aa9b2c54095658f923f8cdd5319c42b21d9625e17663ced13144f13b63
3038,3050,12,unique_exact,3050,794324abfaef68833319f664c219b7b4f798a9e6ad172e7d687143508851f2e5
3039,3051,12,unique_exact,3051,33a052f70cd728623b3119de4e7cb854b48914da5897285cba88a3a0a38731c0
3040,3052,12,unique_exact,3052,273b5da341fe030646c90bccf559b9e1cecb80b6558c3e1353f4f3f11c048020
3041,3053,12,unique_exact,3053,8c3bf847ca6db8b1aa7ec48c21b6a92d2533db51f8a9cd1123f401eddb34a3c4
3042,3054,12,unique_exact,3054,102c7da6d7059aeab588a9a982b4eed155368423727382e830b612869afe4352
3043,3055,12,unique_exact,3055,324eb2f25dfeb326f13824ba8c4cba4632dd5d32c3d51585dd3e299ada7ca63f
3044,3056,12,unique_exact,3056,8e2233417d104c90252c2d8ef897b98b15846660f8e2f0c25d1a0e0444cd4461
3045,3057,12,unique_exact,3057,17c1412f45cca697c51b4a3083ce667fcdcd656dee87ea8617bbdb093753a48e
3046,3058,12,unique_exact,3058,30603c71b2641118023369105f2c1fdbbf5b115c6667a3c36b4f12cc9f58c7d1
3047,3059,12,unique_exact,3059,78e2e03fc9c4188fe94c558ae3f8e6acb5b04409875db172df733b526c79f9dd
3048,3060,12,unique_exact,3060,5174c649292c14955f25facd5c6fec4afdd93c60e6755258f56f4f9ce261a16f
3049,3061,12,unique_exact,3061,610b2d68ae03c46ed8581ed20d1870125cb1bb418c6c8e06779b2d4e48f91346
3050,3062,12,unique_exact,3062,51c2fe2d701e0f8a67b8519d09ee198ae7273ff04ebb6fec616da4679e5d562b
3051,3063,12,unique_exact,3063,a59de7b5b57feb8f09fc3c822c0e7af11eb420a1c99c0e74bcaea3a1ea484099
3052,3064,12,unique_exact,3064,ae7d0f837536c0700f2e6a752d8b81e9786b399c11c5650715adf9fd9d07195e
3053,3065,12,unique_exact,3065,87e4ea1e6bc2a8d46ca87d0b9a0031416c89494e58c53a59e590d687d9846338
3054,3066,12,unique_exact,3066,95723defff89206ebedd393f0ea389f1e8803bf7cc32ffc4aa38c57af53a6c8e
3055,3067,12,unique_exact,3067,5995d955fe95b88162977700892b32df2af0245d73a5e3f8fd1945109f24236a
3056,3068,12,unique_exact,3068,7e1611a6f74cfcd0b3325e7505653402dc75ec55b32e8a6eb937d05ba765b67f
3057,3069,12,unique_exact,3069,fb414186cb26acd8214212c4d181e2d50f86c4eea8a3eaab40c9dace9ee6b2b4
3058,3070,12,unique_exact,3070,101ef01a432f109feb11c7c5265e6f58823b42ac92445c3632e578152f6d5df4
3059,3071,12,unique_exact,3071,2e068a4a7111ffd8f0ae44e6de87d1dc39c390eac6543fab323bc4374d37fb28
3060,3072,12,unique_exact,3072,d23dc6d8a9887fcab2faf56c5e6917a6c12a2afe3db1774a51c4cb59bc27eb0d
3061,3073,12,unique_exact,3073,3703f685b040edff8322d50812a1d977a14a22de3633a7c0bf75347b35a68ea0
3062,3074,12,unique_exact,3074,5b76b51bbdbc992be4a326b955109d9fb4e7c85e46dacb9d8a09605106e083c4
3063,3075,12,unique_exact,3075,2b1166605a72f0bb363202442cda42ef66914eadbc76ea0abae02a5614151141
3064,3076,12,unique_exact,3076,a308907bb8eb0a94d17564bd94d91e44fa49eab00660e85271409e1d9ddfce65
3065,3077,12,unique_exact,3077,140d72094ad54c40b9f0ee4f7ddb24d41b23fdcb5838456743b3e52cd9fd15fa
3066,3078,12,unique_exact,3078,d993ff58bf77ae771c4ac18d372666fcadf8cb59f5498254f5bc4992b68f446b
3067,3079,12,unique_exact,3079,d0734c07fa75cde6548b01ced9ad41bef8c943b19bb6f946b31b8904f4314d3c
3068,3080,12,unique_exact,3080,ba40bccf7e150a3ad146963b56c37547a95342668fe94abb14be7da54dc83830
3069,3081,12,unique_exact,3081,fc0109121a64dc867039b76c33d82927a960ab060b6f5869a46d866d9adfa65f
3070,3082,12,unique_exact,3082,d27dbb35236bf64ea13550b004e9267a500f66caccf15c50bc78e2027b2f9f02
3071,3083,12,unique_exact,3083,756b76348f389ebc1f8049080032aea1e1affa8d9aaff3e3588a072ac762348c
3072,3084,12,unique_exact,3084,ce6909cb00fce6048ae13249dc22f80cb23050aaddf17fb0cc29909ce834f4ba
3073,3085,12,unique_exact,3085,c165e58d26e4b945345cb8286c5d06821440999bfffd60f13976690332252bed
3074,3086,12,unique_exact,3086,d824334a1703b245866474c05ec954b05f2006241ad76f770d02a7123fd43d8f
3075,3087,12,unique_exact,3087,701fa30d4b13d41e554b0084e9fbc028ddc2258982b5a9b80e2c9537a26fa9f9
3076,3088,12,unique_exact,3088,d00ea1d805f60da08029cbe72197cb235d5ff983cba23c68d142724443cf4c59
3077,3089,12,unique_exact,3089,81e25718a3b89b45864e2b9d368434820a4c83f1fd38419aa45b9112a2be9ad6
3078,3090,12,unique_exact,3090,cf3a04f81b39bd4ade2127a067aeaede0a86b859a72f1dc426b1ad4348ce0a5a
3079,3091,12,unique_exact,3091,e86a83156348bbdeb6d2ffa3425e764d8e374009c279b4ce009e1ecd19f62f4d
3080,3092,12,unique_exact,3092,66b101bd52682f0299c2038be22c52bf1342bd02defb341f23fa9fa3e23c68cd
3081,3093,12,unique_exact,3093,ee58c03bea5d6cd47f118522e1a8bb1ef251e856e83e711b3389e87712deb340
3082,3094,12,unique_exact,3094,0241eef4e2a27dfa8854432b875063e484bb3f23fd29ae4dd4371ba61e877b28
3083,3095,12,unique_exact,3095,404838a0c614883620c8463d1581a57085ddfa0de797f3849ccf4eba761a5248
3084,3096,12,unique_exact,3096,97dcc8ccd06bdfe10d5d980b9f398ae11269adcd0cc8d20e6799f85612bf56e3
3085,3097,12,unique_exact,3097,753621a6caec6960e611fed12f4baba2f951ca66d8bebafe69a64a70fb91674e
3086,3098,12,unique_exact,3098,ede9f94bb7545d5ffafe07ae7c0629cecc5776e1de7217ab74b52e8ba4c9b080
3087,3099,12,unique_exact,3099,d79058dfba13e45517f264460e373dbb883c2ad62142377f4707c986c38edeb6
3088,3100,12,unique_exact,3100,50d4e2f97832e45ac44313144d6821c57f904383d730d5c806d66ff9196d5f86
3089,3101,12,unique_exact,3101,cfdbd0679f4d457b97836adcea1ecbb63e301c1f80a7919058b79a1f7f64fd34
3090,3102,12,unique_exact,3102,48dbb96296940df7d8892253ecd186c90f8a55522e0331196afa1661f3ff54fe
3091,3103,12,unique_exact,3103,32dee373d55e1b625020777a65cc9cd4f41f7ef8c35db779ed962411bd73b396
3092,3104,12,unique_exact,3104,80638f81767cfcf67b0ad0899bd4b12c97dc44cef7182d2d64697f2066e3171d
3093,3105,12,unique_exact,3105,5026307e90cfc34e54f89d19e72672b061e9994219f1045048b85a35e78379a6
3094,3106,12,unique_exact,3106,d75d625fc82cc77754e8c46b731940063750f107780f9b91d2f132acfffe8d70
3095,3107,12,unique_exact,3107,3666f7604ec655c598927d92a97088f91ff4920be6b0e70d0d2205fc1cc44917
3096,3108,12,unique_exact,3108,57224ea51fe26197b62ef985e6414a615319155091c8d22b7e6e7a34360e0282
3097,3109,12,unique_exact,3109,deb8baf0f4fdc66a9c55cf0e5b66093c0794d2d14ae6bc3899a66639eccca717
3098,3110,12,unique_exact,3110,6fbadbaf4ca21307b89b476fffaa46e5c920aecc1ca99d68cf95b979c873a541
3099,3111,12,unique_exact,3111,a20b3edee4c25f3c056b5c1b9695b5cbdfb82f9cafab7c4675a732de93874057
3100,3112,12,unique_exact,3112,755afe29114ee9ad76451a4ed7bb3d383ab259ab3c5274c3968481428d65164f
3101,3113,12,unique_exact,3113,46d0f6c43b37ac9e1b01a386ef86cf1680e4f826378bac03d285eefeb58aa027
3102,3114,12,unique_exact,3114,a4b7d3bc1af37d39a23a9944f58aa26c3df1ed58b20135aed6fa3f340e999433
3103,3115,12,unique_exact,3115,88f1d766cbe915cc8f757cffad7efcbd667b5bd98d7e303fe6c89f63328fb839
3104,3116,12,unique_exact,3116,5fcf5b0541619a5dd420ebac5f79057715c1e2dd8d8f680c107dc4a03fe5bf88
3105,3117,12,unique_exact,3117,2cb9363cc079c7e3002f20f971a73e13ab3ddbf9d64df62a673ed49d2c413bb4
3106,3118,12,unique_exact,3118,f985efe55e90e2174e62043ff8ceb17587e2f47a69b510d55b1eede8c88f4206
3107,3119,12,unique_exact,3119,fcbbd6a48b1a5e51647d1f29f93c31bed7eb22157c6d791d9b832ae39688874b
3108,3120,12,unique_exact,3120,0d6920e856ab8e6a169d4fed40b0a45223da7f17b81f46c2f4861480104a96f6
3109,3121,12,unique_exact,3121,78c3eda05d57963a0413a2f78ea8b7b7968b1f0c8f6617f7e1f7fd4994d60511
3110,3122,12,unique_exact,3122,2adf755e382b12619b73e336feaec145baba9850af16dec8c631e4a8aa710c17
3111,3123,12,unique_exact,3123,820590c531ef6dc2d43238d4215da260e74d44162c49a2b8259e893244ddbe19
3112,3124,12,unique_exact,3124,2cdd0c9c8c730fb4b852096acdf622e0df4cd7d4eda22413d101c753c675385a
3113,3125,12,unique_exact,3125,e68bf70dffd569045d5a6c0b752f14f0316c752e4d37617c0b812e306f1d7787
3114,3126,12,unique_exact,3126,f262b43dad98d6a4873b0d2860e43bf4a09ddb06fbb64ab28abfa110b1a3c7b5
3115,3127,12,unique_exact,3127,3b85cf2dbc7499d8adb83ef2860d22e9b5a888d38fa662c6eb151aa94d0f777e
3116,3128,12,unique_exact,3128,32db00690e43ba1a6a4781e2ad9e53cbf93a6daa919ebcef471a49e8f7f0245a
3117,3129,12,unique_exact,3129,4b572855070db59a9c3e71e55558f6bd17794b3e6a8383ebcf45385217296ff7
3118,3130,12,unique_exact,3130,5a038efa8995c792723151ddeae0b6681468590c655d8b9ae1915a3440ed26fc
3119,3131,12,unique_exact,3131,61d51e44e16c31dd8df9e2d9be25d500d28ecb21ff69e7084778d5121ecb459e
3120,3132,12,unique_exact,3132,ea8c5e33949eb9a378ab2c97df8ed4178f8a8dbdff995dd9e62c725621c2c67f
3121,3133,12,unique_exact,3133,bf3a2f39364da02dfc0db80876bcf386f0538ab6654e7c8698cdd17245220bbe
3122,3134,12,unique_exact,3134,f019343dc2c9812c04b5ffc9949684113c8ed34736e994c7507dcebdddea3421
3123,3135,12,unique_exact,3135,95d9207e15e6cb231978fa3dfda1e2c1ffcb71edf2709e379d30a0f8dca6c48b
3124,3136,12,unique_exact,3136,ec158d741900535418b01252e9666d7de9a02032b600ba9e1fd65feb30ff0c36
3125,3137,12,unique_exact,3137,1dfb2d792bac4ae07f9439dbb1ecc9ee145ef196ada1cd76cc69e6d1423cda72
3126,3138,12,unique_exact,3138,61f6e0446c078f2dab6a03965d171a7300436697cee97d7f906a526f0798e5bf
3127,3139,12,unique_exact,3139,c885878ca1151f7b9ad08e6b77a78b3fdd6ed4403bf70dc483ce6705b2bda27b
3128,3140,12,unique_exact,3140,593e287e480f3da9fb44c2ac3966d927966c0932d611a9697a6f9293551d5a88
3129,3141,12,unique_exact,3141,b20abbb69d9f84eaf95cc56f73fcaee73ebbd6a7fff7d1511dc86efe2abf6987
3130,3142,12,unique_exact,3142,c61bf87ae2de6aeea9c7135e407a626caed8526878c89e47201fc29edb6544d6
3131,3143,12,unique_exact,3143,0696b30da710bde3a6c5f4258a7df1eae488e44b13a24b8d0ea63b27aac56cbc
3132,3144,12,unique_exact,3144,2e3c0e84d2cf34ece81f1fefc9adfb8a4838353c10bd023bba3ee1d775178c61
3133,3145,12,unique_exact,3145,563d895a6c97f946c69c7845582e82013710dffc8c1bb63899a201d4bfc12b60
3134,3146,12,unique_exact,3146,97a39391f30ccfb13377eccd770388c76ffc48119beceb3e590b6a4d27d1f928
3135,3147,12,unique_exact,3147,a99bd794aa7e39831d564ffb22bbbc8403764185e8f5f989b28e02e00cde0a9b
3136,3148,12,unique_exact,3148,7652b47bc1d0ecc6cf7f2cbdbb880eb28caa4b31714a17d33da2323ff8624f61
3137,3149,12,unique_exact,3149,227f27c0ee213b00b27a091d93d22ec5706cc3acc0003992b0eb678f0d6b6cc5
3138,3150,12,unique_exact,3150,d4eebe47280291a07002d2bae7f7474b904430efec8d7fd9a8fc01d1187544c8
3139,3151,12,unique_exact,3151,e2bf00831e60d7d374a802d1265707b291c2a65a6aa8f345abd0639d8663ba0f
3140,3152,12,unique_exact,3152,ff3288d2f117876ae9f3bcafd3eb63f839a181e37b8be45082a25cbc5772a28f
3141,3153,12,unique_exact,3153,5c51db69995a202937bafc1d923d4f6b81055da2bfa23369ef976fb4dcd9b722
3142,3154,12,unique_exact,3154,6d46743df8905cb6e7cb55aec6f93f1c473616aead406a517ba25ac5b4febfbc
3143,3155,12,unique_exact,3155,59c7a0f821aacf17c93a6a2887435baa311bb2f010469293d3c45fae71976e8a
3144,3156,12,unique_exact,3156,2c6d25cf70ce270697d6bd0edb6b2e15bf614c1b70ed4a13fe7344d1196830ee
3145,3157,12,unique_exact,3157,e370e71ea954f8f8a9268257d35262bc10b63afc907319fedb488a6ae5987a4a
3146,3158,12,unique_exact,3158,2f4144e07096f6d22988b2f89568930effd17e435d4e30402ef783dc6ee83e51
3147,3159,12,unique_exact,3159,648799a3683b468ccfd3e0774f353a98da65310ec520d4cb2055029f37a02f8b
3148,3160,12,unique_exact,3160,0453539a9da925ec1a7568c199537b31866a9195143ccf15ca43fef510a33c71
3149,3161,12,unique_exact,3161,cd03d9409b51c9af734449728bbc2a491655a68b49c7062c144f5b89964a0091
3150,3162,12,unique_exact,3162,b17f458e88c27ecff99daa2ee78d83e21036031fd9ff797e2a70d9c33911adab
3151,3163,12,unique_exact,3163,ec0c238117bdc505b8f0bfbe18f78c128d39d6ca777e7155467f8dce2344e062
3152,3164,12,unique_exact,3164,47418fd6b23ac0cd0a1052dbab2afc6eba094ad2ea13bf9fd9cf6689549ae27c
3153,3165,12,unique_exact,3165,c0ef40da06845cef7d83b597bca24c45ea2db0e1ec12bda3615b5594ac9d3aa5
3154,3166,12,unique_exact,3166,e5f5591cec59a2de48c981d1442fb7fa8d48e318bafad028e935d676bbeb1bcc
3155,3167,12,unique_exact,3167,256827020564351cfca1e7e38cb8aa095d005e74af6807ca591939140742c4d6
3156,3168,12,unique_exact,3168,376d2ae9e0727f172a96dc65fae592750b750adbd5f91f2ccfab975792f2064b
3157,3169,12,unique_exact,3169,ab9c885e951e58578de2895eddf45ead27ce7a973fa4ca213ab46c6e8953576b
3158,3170,12,unique_exact,3170,142a261a669ff32e42dcb6eb81b475b06b62d59d3e977b6984bf06eb83591cd4
3159,3171,12,unique_exact,3171,e38184dc4db07c6789cb869dda586cba3315d018d3e083a97950363bce0860dc
3160,3172,12,unique_exact,3172,3ebe563f41f805fdb0073f7fac5a40dc47e467c845ae8118b9388589b26e7e6d
3161,3173,12,unique_exact,3173,4cafd0534283fbc73b03c0b2217c4f02d88031733f05f70a39aacbb6c033c19f
3162,3174,12,unique_exact,3174,f7920c872ba727af86f0da880ac1389cb78d9e161625c65d362561dac62c050b
3163,3175,12,unique_exact,3175,f9f7e2a84b481bb1f9b5a0724649c13a28da8322b5f24764a0d40f9835525bd9
3164,3176,12,unique_exact,3176,9e6dfe4fd3811745ee0e3b0a6cab68045795d7b20d4ea5e77aa65b2d5ce1e0f4
3165,3177,12,unique_exact,3177,134b2e01b7723c3783ff34d1cbc322ccf4dd4fe0178d516ebb3ae37997e912e6
3166,3178,12,unique_exact,3178,21db6b3289df8259b0e466e248c29542973e1bf9af54070d895b65c4e25120fe
3167,3179,12,unique_exact,3179,63e6acd6166f9ccb27aed0a7c151d0443b9005aee26546be02db3cf8d0753015
3168,3180,12,unique_exact,3180,c7a646cee97b78559ceae62de4aa68a5fa756ef86c47ad82fd27d09ab6fbb31f
3169,3181,12,unique_exact,3181,1300097dea018f3f8c042466e41e3e13e028663638800291a8e720aecf716267
3170,3182,12,unique_exact,3182,52a4460a1d0799747045e9d53a2e13bd2b054c38f5c726d48c7a2aa8c3fffd8c
3171,3183,12,unique_exact,3183,dd1dc51fad86e366663e56b519f9adcd528d6138e7818967ddf7803a751378db
3172,3184,12,unique_exact,3184,8214be34367d64c760eada2179405bc76041f83ed33b10e09b356a6b12bbcc6b
3173,3185,12,unique_exact,3185,72c1e9e6dd473b1d64624dcbbdeeff5fb4eef91f5e787d8d02ab59d748ac5fd0
3174,3186,12,unique_exact,3186,399704f6c287dac8a454279ff94babc76a991dde922b52b69ed3ef11b0189923
3175,3187,12,unique_exact,3187,811006e856a26468748f60833817f9192276883a6770682d73521c67c9a3d7e0
3176,3188,12,unique_exact,3188,8d9f17fe8310b6f3d9bdbfa634e42e157841f30184d1468984467c9d54e697b6
3177,3189,12,unique_exact,3189,0c6804a8e27b5d52cd53e4e85a51cd83bbb9a4f024d2117481e42d47d09661a2
3178,3190,12,unique_exact,3190,a1e4ec139f318140615c33f19ba752cdf3df952564147d47331897c71c80b537
3179,3191,12,unique_exact,3191,7561b28ddeb26436a25906279baf66d6177cbfc627fb214753d250c04859ac22
3180,3192,12,unique_exact,3192,1aa93a813a64d1b40d6c39ccd19a98b92c701cee4e5f64eba992e3145ebb7197
3181,3193,12,unique_exact,3193,ef95b44ebd06d070756a34c9ded0195287cce0ecf54a892b58977fdd60c6c4eb
3182,3194,12,unique_exact,3194,9e657e89c230860af6cfe799eb080578d99b2328ef05b823365c04c571a50f9a
3183,3195,12,unique_exact,3195,c3c9de85941bdf186d0df2587f3685edc2632fd9301c599f2687371b2ab0a75f
3184,3196,12,unique_exact,3196,54dfee9e019192f81d785185732b039c14af16e867799a7c5cda776da62791a0
3185,3197,12,unique_exact,3197,04e97e3b67af79b5ad3bde811a7bb9e8aeb4aae70dd30ec2b37da12c4b07e61d
3186,3198,12,unique_exact,3198,e693babfcf312c94ada61eaec4adab551454dc59c0bba0462ffafdd6af8bd76d
3187,3199,12,unique_exact,3199,829eac6ae189c409e9f0be41ecbf26e56efa0de4d569b3ab5741bcbf5c75f255
3188,3200,12,unique_exact,3200,8a7aa54e6fdc276b1317c39100ebd0998466fdb0d578aa1d7f2b660d916e440a
3189,3201,12,unique_exact,3201,07d2fed2aa53b0bbfebfaaee34947f4f285ec139747cda40896417c8a7597fa3
3190,3202,12,unique_exact,3202,a42de6540daafb319964442af90b51e00e329c030bc80ec41a703d8f340ff031
3191,3203,12,unique_exact,3203,215cac87feb56ce0ecdab21fb6b4250ff224bbe2c8272b1d8addc64f4334cb93
3192,3204,12,unique_exact,3204,7868d28a425d2e530a040b9ba8121c1323bbb67ab55e1c416f952f64385ff9d2
3193,3205,12,unique_exact,3205,0853bf9e24555ecf891e86a6c56b652d4cd13e989e921295a557992cbab2b17a
3194,3206,12,unique_exact,3206,f9f623721b29a542c94380136348d84ffc5569cb53148be989f55b7963a518d7
3195,3207,12,unique_exact,3207,dd757e092e72a4466187ed4298da8fcf348ab0203f5c818b0fb40907f3ac5f7d
3196,3208,12,unique_exact,3208,a0379cfb5a943225c0e277409ba89a0dd10148520b2a401fdaba497875cac834
3197,3209,12,unique_exact,3209,4932be82d8cd48bc3e46dbef9f22f23a33b9e1fa5d85d5cffe768311d79b9a60
3198,3210,12,unique_exact,3210,5845332c4fd955ce0a34e798cf1b26ffdc2aff860b2c803d983ebe6a933dfaac
3199,3211,12,unique_exact,3211,c635c09a1c648d7150f09e522e834e9be17881d2010631fe9ed1e8c6b50bf027
3200,3212,12,unique_exact,3212,13bdec27d1e4574edf822baab00241d5e5d3e37e0778e0bb0a44efd09af4e6ce
3201,3213,12,unique_exact,3213,9a327eb20dce30ec2c94a81dba3d96209acc89c72f64b98c00a43379083c5f2e
3202,3214,12,unique_exact,3214,bcbf592a75abc8514a0aa81cb27f806ec8dfd3ae37931e68ac8cab83adb8cfeb
3203,3215,12,unique_exact,3215,cad142d8a288a5dd173a2154f9a7b0b56e1065143f16d764edab6a6e4b974b70
3204,3216,12,unique_exact,3216,e25637d2b15ee62d9289ad5f928a2ed61951dc8e6f05e0570b49eb96be622538
3205,3217,12,unique_exact,3217,c4008af5a4c392bd1f9ba2641bef58d83484fb3f7bc26f63105088f6b80d95f3
3206,3218,12,unique_exact,3218,34be23c9e0e1b906237520390a9fada848fa220910e7e5bde205d9294ec8e6b1
3207,3219,12,unique_exact,3219,2bcd93ce8d871a056bfea7ebacdcb3501923b1300d0771d3d8b2c10b00940ab0
3208,3220,12,unique_exact,3220,f56451389a53795408d0b0e96813111b831e312a3876af6580a676b5be8551dc
3209,3221,12,unique_exact,3221,97c5eb0ab421f52c3ef9e859771c072a882342bcb72b3d5e421e374ddb483da3
3210,3222,12,unique_exact,3222,30c311f32949a4d0818a0c626198efe17ccb620faf621d3955c1c6e411cad86e
3211,3223,12,unique_exact,3223,6ba309504b3bcd852d728abd9eead30718415399fce573f9dc50fe8a71946af6
3212,3224,12,unique_exact,3224,7ab08ccf828bdc0fc9d3235c1738ff90e4c85e6dad871e5edc67f424fb43be25
3213,3225,12,unique_exact,3225,d1633ca9756393d1e155de3dcdfcd44da56ccfcc9de93a8c77b41db0f7cab8f5
3214,3226,12,unique_exact,3226,165076b515348b53c3bf145986ee99949ae4427a287bb4f622b8aba10359938a
3215,3227,12,unique_exact,3227,b4f916130e002f98f70b478de154e444d4944781cdfbd0860a8773ec9a287ba6
3216,3228,12,unique_exact,3228,4ad2d91de8917d3e2ef9104d265be6e37fe41aca01556cfcecdecca5cec0d835
3217,3229,12,unique_exact,3229,1d4580fe0e4cbdd1ae19130fe7a6515f4a7f9f80246819fe22f61346c5c7f624
3218,3230,12,unique_exact,3230,eacae067f111a164c2b0144b913557691c5e5f5c224c369a0c33863a9b2e5298
3219,3231,12,unique_exact,3231,848b13b8d2e50d80e812d8a37e5ee821a689362c65a3934ff95299780c60534f
3220,3232,12,unique_exact,3232,51fe0e23648a29c9dae9b6f93362296740b678baecdc99b88786a48ccef0fd44
3221,3233,12,unique_exact,3233,870db42a6c6bf79894d46fa7b278ddd7d9422654eacd6edc856b07fabd2ba08a
3222,3234,12,unique_exact,3234,ea4dcd425159df97418f29aa20fc45ec7bdd032b1ab3c913ea0d9da2fc7f935f
3223,3235,12,unique_exact,3235,5c721e4b3b532a732fc03ffb771df8e9868864b347aa6073afd4ac454156607b
3224,3236,12,unique_exact,3236,d0385e9737b8d81ed6aa5ee4cdf2733f636e86e2c2560679f56aca094a1d1ec3
3225,3237,12,unique_exact,3237,2cac5a1c710d56404f19e8ca282b4cc5d2920d9fdcd941a2d6af9cdce8db78bc
3226,3238,12,unique_exact,3238,347669034f7a5c2aea066088e56f4ae6c3de10b72e91ee69759a35fd2b0415d7
3227,3239,12,unique_exact,3239,cff798a955383247f6e1c81cbb547cbc649a4f122c1af0d833a0c3ba0d22f79b
3228,3240,12,unique_exact,3240,bb956044b8af75cdf811b6dc7ce0f6b721e3bfa9d780d9dc729a7ab3d94e3110
3229,3241,12,unique_exact,3241,056ceb6ed6346cbc2ba5d9128889cfa37ef6ede1a3c97904daa4598153bd995c
3230,3242,12,unique_exact,3242,b3dac63bd090e2373b1c8040accdd94afac1d2bad8f1c8f6551d6ad317b86241
3231,3243,12,unique_exact,3243,f627e3c80d15216e4bc01f6682d09ca7af1f5dcd2d970c99ba14a308c2ff7847
3232,3244,12,unique_exact,3244,1e2feadaa37843f5a8a8d994f7c2b5091a708db1bacce5389cef1533157030ce
3233,3245,12,unique_exact,3245,f57aa59eda5fe303745d1f582624303b36953b4c549bbca2254f09efbc2fbd51
3234,3246,12,unique_exact,3246,e3f1ee73b2b37ccd57e31e117466200a3f1d2753bc5a39b101b186d136671f29
3235,3247,12,unique_exact,3247,8d48b55ae723ac3cbbde5ab202d47f2cf42ee0e22decbb0f3cd21ef224589671
3236,3248,12,unique_exact,3248,69f40c8954722ee46e32c69fb888d546cc0786f5e21bc7ffadc8766122ba9444
3237,3249,12,unique_exact,3249,fcf4d385a51191fecd0ded8ae922dada277f6419991a1054e86c4ff37bb80bae
3238,3250,12,unique_exact,3250,37d18543d11c020f2bde875c5252deec6b430cdc6e23dab06ace881e82ac6ccb
3239,3251,12,unique_exact,3251,0c6e7a1b586bd0e186aa11aa0d0a2e8cf770aaf7a6703d6bbf71dbdc8bf4d188
3240,3252,12,unique_exact,3252,14d193a9234c777f993aef349439d34d26efa9a59175aa85d6100606382a4175
3241,3253,12,unique_exact,3253,cefe6a2c54f5a7f34221f1257a81e1b4c525dfa6f67d26ff8ff177f6249c3822
3242,3254,12,unique_exact,3254,5fa8e31056efdca1eff8570e949108218bd239decbf6b97b1e142165eba31d2b
3243,3255,12,unique_exact,3255,3546507842f537d8898bf743745cccb37d6cbd39754d57e51da528801d191acf
3244,3256,12,unique_exact,3256,99ea7a8590039c2a0f862cbf8479218222abbec0fa9fde84f7cb1a7abc4a438c
3245,3257,12,unique_exact,3257,2c7a4049f93a22595c43d3e2cf74583324f6f7d94752b415cfbf43c9e39ae963
3246,3258,12,unique_exact,3258,4c38ccdb9c82f8ea72d6d02434303906d0833947a0d402a5954f77df37b5f680
3247,3259,12,unique_exact,3259,0b164392cfb095e2db5ca28315198d9e9bcc20b5274bb7f6daea31dcba68d08e
3248,3260,12,unique_exact,3260,ca820976ea7f5930a34c3f81632c36cb5c1ce433cb0c3f41a2e673b8cdb97316
3249,3261,12,unique_exact,3261,57a9f95f9607ab80116cc0b8e19423156708e55b8cfbd77622fcd49a9179cc4b
3250,3262,12,unique_exact,3262,21f58f2601f1d878fc15eadb605d36e0bc5e019974f9f9fd53837e7fb5a16329
3251,3263,12,unique_exact,3263,09fe0c270a01ab38cca82796fed75a51da51bd8099edf4bb8bdb832981728af1
3252,3264,12,unique_exact,3264,c5d30b25c533bba64ce589c756c8a12f2819922e0d13ceb70dc99698b1c47ee5
3253,3265,12,unique_exact,3265,781bec6b47b88801a65bc7ca1bf9542d410a9634b52eb9fe4a2a3954771cd580
3254,3266,12,unique_exact,3266,15ae23d6b6b7966c4c0802fa47d1bfb409f8a174bbebb81ceb5266b1b5a06dc6
3255,3267,12,unique_exact,3267,0a2a4698f6872394d0da5f9f54d4842b26b59fadc9b85832da72479b59ddec36
3256,3268,12,unique_exact,3268,24dc22a1ad57eaa0faa435ddf158af6b84df427164c23a6c65d90886fab50322
3257,3269,12,unique_exact,3269,e193d782f789023bd2fb54ba4279a9ae233c6ab3556bd77d0eec2a0f55d6013d
3258,3270,12,unique_exact,3270,4e7337b6c0bcf0f9e311b0055bd9e5c3d27bef8a8f3907c218b48e6bcf78d3c8
3259,3271,12,unique_exact,3271,6adedfe29de1358f25d90276fb24c72fa4c9cb0c99222b6f059ce301297da588
3260,3272,12,unique_exact,3272,a4f5e9931820a25697cfaa29bffd519471c48b5e00c6a92de137c5bc4e0d4474
3261,3273,12,unique_exact,3273,1d8d9a7a125460b4147eac2cca2dfab7419c359312a4fc2a4bd63c97034eef8e
3262,3274,12,unique_exact,3274,7c4f3c8cd84aa62d50e2524f7e8217ddfca113ff0f5a08e189183a2967f762e4
3263,3275,12,unique_exact,3275,1d7b98836eab2ac041a327595d9543e91baa564e6596d24af5486f8323640708
3264,3276,12,unique_exact,3276,e0e272bd72030ad78df21b41dada3f103f882cd803b2edd697d13eb0950b0f28
3265,3277,12,unique_exact,3277,1e4e8de59f49263667a6395e601dc04141126c701edd13e5b3f39e73a057e226
3266,3278,12,unique_exact,3278,30be533ff160f403435c8b60521dd141ae2520e7270df68b3de393e84baaae80
3267,3279,12,unique_exact,3279,f03d77e67a5f9165049110d8e0a027f36b737c371c343b585fb3c9c85e644a9c
3268,3280,12,unique_exact,3280,91e161b0e634ed0267b682bb2e7e995e101862c091fb731818b9ea726c2ab7f0
3269,3281,12,unique_exact,3281,3d3d82c242536225a116b922e269b6653870b8e811602d409a6086332e1b691b
3270,3282,12,unique_exact,3282,e2bb1f39419a7307011d9ea39466afc4ee8d6e141de4bafccf7fe776b6765c7d
3271,3283,12,unique_exact,3283,226e632d57a154970e771cf2d46eba040f9e7e295142813174b785b1a86d99b8
3272,3284,12,unique_exact,3284,b0fb8d4e387762a779c2906797090dd6878656b9fb3f020324f107e4f3a9bf80
3273,3285,12,unique_exact,3285,4d5f025382b25e57d9b5ce30db6c3af2e8a6a2c045798fdf098ae2f83b545e1c
3274,3286,12,unique_exact,3286,25dac24118288df1738694d268883c1c810226ba094a2cdfb776bea91760f75f
3275,3287,12,unique_exact,3287,22870f371589dfa25a0454a42a7caa70778a349d63a7a25cc7ccb83e43dea47f
3276,3288,12,unique_exact,3288,b9d866a679fcb2e73c5fbf4dd2e8c20f238ad8b1e87925ab448bed21b2cd632b
3277,3289,12,unique_exact,3289,27cb464f8072a6cc6c20cf7d5ebae454800c5eadc51b00bcdc0156f7571f91d0
3278,3290,12,unique_exact,3290,e65b2f62dd9452b2f2a287a7eba4baa7bc387b16ad26d3a131ce54b42dcc864f
3279,3291,12,unique_exact,3291,e4f5153b6a91c7c5cff8471b17de50fff0d8b89ff6fb3bc511a662f46c5da756
3280,3292,12,unique_exact,3292,87e838da132da8ccd79141362aad28b86f4d497103465dbe693fbd924e119353
3281,3293,12,unique_exact,3293,b36a6eb68deb513185d57d637dc3469f37a167f37df59df3ec6410da733352be
3282,3294,12,unique_exact,3294,65dfea18bac05b459f62ae46b6de12006e871f5d597753f8db6e29fecfc47a31
3283,3295,12,unique_exact,3295,ca54dc10ebd4b16d7cae753bfd06516b3e08cdab6ffbe873d49c360c8385001a
3284,3296,12,unique_exact,3296,f35368ea404616dff7f7fb9461944e9f2180de40e8f7f7f3b62da1e5eaddf327
3285,3297,12,unique_exact,3297,cc9f005c3654247378921f1ad792e060bebe1ba6e66f2e536644fc161d6e251f
3286,3298,12,unique_exact,3298,036fbf6302b208b46e9b6ef8c12ec6977317f7f4578688266f7f6f8172d5c018
3287,3299,12,unique_exact,3299,4400bf0ea3f062f06ff60e554599135b3610ce9b22deb1bfcb60ad1eb66102f7
3288,3300,12,unique_exact,3300,19e18508481b9a181bbb6d1fe381fbaf13a5bc1b3741d69724a69ea7d0125ee8
3289,3301,12,unique_exact,3301,e24652f90a5404b9eac1bcc51c59ca628a762835cfbab15c47258ac569b5a72c
3290,3302,12,unique_exact,3302,328659aed2ae6efb1849fe9b11c207611a582ac376048b19a824397f2739f38c
3291,3303,12,unique_exact,3303,4dc3b2d4a93cfb7169fa9de52981a10ffe01a964343adea6018e27c81561433b
3292,3304,12,unique_exact,3304,66791d85b66d9800411ca772619941005e260d8f427fa497d2d9d5bec1c6b787
3293,3305,12,unique_exact,3305,f0d5ca3c3e4cbb7fa3db315584f4ad1d402befdc2b2447bf2a4d5f63ecf7a14f
3294,3306,12,unique_exact,3306,ea57b00f193992707c7e6f22020a9c0202feab0ae4a4e0e31df8a05c390d5495
3295,3307,12,unique_exact,3307,5e2a3baa6958a543651f7e0096de6d36836007eca62736a045a459d5ef8b9f92
3296,3308,12,unique_exact,3308,66bec5db691be3820733709b5836b041e16cd2f6b8d1a38cee08672a364d67c9
3297,3309,12,unique_exact,3309,7c84d6400f62023ea010f3efabb4e017214b0828243d85f882ba816bcf9750a8
3298,3310,12,unique_exact,3310,1fde68ec370dcbbc35cc14feb9e49788d6be98ff26dcd8a2ffcadb51456021a9
3299,3311,12,unique_exact,3311,5b36a9d213689570da9c8debe0e70c4c6eae2e45b6db705923d72ffdb049c0ff
3300,3312,12,unique_exact,3312,c7ea7dfffde549fcc19014c7d3a02dccde9f5aaa7a6d5b4355f3f2f33b2b0b8e
3301,3313,12,unique_exact,3313,9e8f90ab91d702562789d5435a53b7c2556a25738bb8120e49c41e20a23d122a
3302,3314,12,unique_exact,3314,439eca6c7781ae3087f791328e1a07c66d38005ab449196bb931fdd75583d17d
3303,3315,12,unique_exact,3315,5637ca7445867eef60ab7e4343f18724cc64a5f56a80d4656a996a164ee4ffc5
3304,3316,12,unique_exact,3316,e06971cfa3758f03851209a75188ebc07927819790cd9c87813056e03200c455
3305,3317,12,unique_exact,3317,5a52cb8e261461c79881373e4cfb01eb347ca10fa28b662085547d38f453530b
3306,3318,12,unique_exact,3318,4a424ec2ee12caec499d7faef354e9f96ffc4d8df118e0694cc7d6111192618b
3307,3319,12,unique_exact,3319,38050380644704457786ba1b4e59b7d82ca82056f7c731969f639d80bbc2992f
3308,3320,12,unique_exact,3320,fedc711a18939bd3c0bef977cfb09720a383349f7e52c7194c0317615f03fb07
3309,3321,12,unique_exact,3321,f4c34b213efd8c1edaa41d13c2fc308590e28e7abf0616d951e339668bb7b648
3310,3322,12,unique_exact,3322,4b531d2fc3a7f9781665940df3071ed1204982b4667ac62988c593020f41ffe1
3311,3323,12,unique_exact,3323,06bd081df039469a5795ad941ca5d242c75ae0d2647b2818da575239cac04723
3312,3324,12,unique_exact,3324,d8edd5b88f147417650985e069a4a165c6ffe7ad2d469315e6717684cebcf96a
3313,3325,12,unique_exact,3325,0080aad720663785c07a5406cb2ce152a91c8e0d91d1e3f56270b81920c28a4d
3314,3326,12,unique_exact,3326,2e05f40989d4cf99ef26468846cbe0f734059b62815217f12ae994e74541b03d
3315,3327,12,unique_exact,3327,03f5a17acf1a51ed3b53b4f5da3f8be529d63cf99c0d38e0735324df2c59466f
3316,3328,12,unique_exact,3328,0d5906aa7dca5e4dc96d3991a7d86cda9388b08fc58043271f57285e1a0175da
3317,3329,12,unique_exact,3329,0b7c6d2ceac1a5fd06d659b7f936bc5cef83c352925077659af9fb246df5b4ad
3318,3330,12,unique_exact,3330,2d535d98b6d5a93c4da5214e1457ba553f973e072ba0d6739939e50829ffe836
3319,3331,12,unique_exact,3331,3568cad6995ad386625a2b809ec991ec4432a644a6e2612ba43ae061f8e6fb77
3320,3332,12,unique_exact,3332,ba1fb4acd5590fa406ad125714981491ba5f0a727cadca8cd62c8203749a1b37
3321,3333,12,unique_exact,3333,b39930a6f0bc23aab4cf8fc77d44a7dfd7150bc5995182141a89cbcde8338166
3322,3334,12,unique_exact,3334,d705cfb5a0d0516959722f989b2deb46e1e99f8efb38915838c5c63b0bbab64a
3323,3335,12,unique_exact,3335,cbbbc0f6ba8315dcf8baab558fee16cf484fe61576c3ec8df88aa9b63ce9c6fd
3324,3336,12,unique_exact,3336,185cb24239a1098efb934fbf60acfa0381b65c93d420f3e5c99e558f011528ae
3325,3337,12,unique_exact,3337,3b69752e399d3fc1853dcc12d26513c6ca9e06f941401c2edf8b9fce18e4b483
3326,3338,12,unique_exact,3338,7998ebbef872eadfba07a0cdbed8c68939373d7f4f7adcfd0ccbc3d983633493
3327,3339,12,unique_exact,3339,1b5c3b342899e333492dd0eb8875dbd268de134b1eadd1e94cb52ec154ba0511
3328,3340,12,unique_exact,3340,04b2db05b4151d01d0219f4f2ce25b95bcd8d234db825de6e63fb683797d306a
3329,3341,12,unique_exact,3341,849ecc19c2f6c58501b368cbbb032ed5c83858b393416ee63416b11a990045fb
3330,3342,12,unique_exact,3342,d3560e37843c1ada9d699c431ff7f1e458f1a2f732ccb82c2c3cf07fa5e53ead
3331,3343,12,unique_exact,3343,56dc1fd45621008698b962c305e4bbf099f2e8b1a3002892190537033864fb31
3332,3344,12,unique_exact,3344,d5fef13945ce8696bf978feb13f4181b5c1f64581624b8f269e71fdc8be245cc
3333,3345,12,unique_exact,3345,8490664d5e9cee361688f3b7859697d71f4e080cf63531a07c77b309f3254493
3334,3346,12,unique_exact,3346,7c94c1bb51e70c7bb7c4a3c512409cd01abfa29f38f0ae33ed81d04bfee31dbe
3335,3347,12,unique_exact,3347,0187fa795d279af534e4d7bb711991a256fe188763832c1cdd1d88153cb8deda
3336,3348,12,unique_exact,3348,d6160141c9914c87b4cad700a135bc014180758c5d6f0e5fb7c270fb9b484093
3337,3349,12,unique_exact,3349,a1fa54a934db97fab92836981f504190c4fa70e6f7c392f867d86aa07ec10658
3338,3350,12,unique_exact,3350,c9f64d25b9af284d7a2b7f1219f59f6fc4188224343134816669d16344d53c3f
3339,3351,12,unique_exact,3351,14f629b78fd1ba704d5b2352a5f8497a0ed65d7a9a018a310cbabcb3d0d55cbc
3340,3352,12,unique_exact,3352,7ed6e1cb22bcdeaa4abcb0ab5d71b05bbffb6b1f0a39c753c3d7e2a300b0a8ac
3341,3353,12,unique_exact,3353,c1a7bca4533fafc4bd3110f7eefb63b981223ac6d1974075c28ce1923fd0440b
3342,3354,12,unique_exact,3354,dd2790d4586b1bcfa39fa475cc23f70046d94acb11fbac1be88fe70caf06e922
3343,3355,12,unique_exact,3355,18c7ba1ac946648b68a4b94417d1ec3e904a866bc91a8006e03265a967bc3941
3344,3356,12,unique_exact,3356,f0d1144fedc3c3fe61b24671c7b816779d05b9b79dc4b2fe19a2af9caf3e3bd2
3345,3357,12,unique_exact,3357,eeb94bd6c22ad86ae5dc2ff33e645f8ab8d524d161a3ece79befb79ead441e57
3346,3358,12,unique_exact,3358,3b464b4a349419079d6fbc9aceda207e3ab33e3785904c263b5a5cfe8e6360e6
3347,3359,12,unique_exact,3359,b49d0a62232fe8faf034d57ea2939ec1d828199f7b1ea405e24007e76ea5fccc
3348,3360,12,unique_exact,3360,2c648ed7bca02d1dcbd5351fda58cbbb567b4c65b8ea52b789ddf02389cef549
3349,3361,12,unique_exact,3361,b16eeea5c2cf47b547256ebf059ea65842473ca05962a6561c5ac697b32e35f8
3350,3362,12,unique_exact,3362,dfddf9aee9f8289d9e3ab640d49c37172a7c04c7c239a64900c193275ba8761e
3351,3363,12,unique_exact,3363,3f11ceaa78e0fc42bbd518f49748fed050cd30d6df34036d842ea630861380d8
3352,3364,12,unique_exact,3364,95e71fa0b865c888ba1aac81abc1ba2b362208edecdd84a0867de02190be787d
3353,3365,12,unique_exact,3365,51b8e6c43c22ad7b2f374c57780da029387f2c77cb966d09b075a2c67212c29b
3354,3366,12,unique_exact,3366,b155beefd589b1b29a3ee0dfecc3bb9a8045969a3d283dc30154a10c97343ea4
3355,3367,12,unique_exact,3367,f9ef1fdc9b1ae1b02ef374e4a0eb6cd31c39732e2694a4c31c27168dd201bea5
3356,3368,12,unique_exact,3368,70ea816bca995ec1a4c815554aab44cfa2be083cd40352ea9c912150fff2d04d
3357,3369,12,unique_exact,3369,de6057cafbad6c12c1a30bb2cb12d84105654eb9a51ccdc0f3b71cbcc56c7b59
3358,3370,12,unique_exact,3370,c1758725714719d0f40d25be6fad6b7549c919733849e250c43ddac49c0f653a
3359,3371,12,unique_exact,3371,5906176109b30160ecd0eb306d9cc2afc87d4f62a768dafa68ebd672d561b1ad
3360,3372,12,unique_exact,3372,59e45a4051fd8216dd66369c33efe08ec68a139603e8d2e29dbd750aeccaae21
3361,3373,12,unique_exact,3373,994db1b38981dff3504582a5eee1e13b93c70df06788d8485f131bf918db4a72
3362,3374,12,unique_exact,3374,ff28b482de8a69d694aa01040ae8716da6a6dc0d566cdc83bf1946409babbd6a
3363,3375,12,unique_exact,3375,72b21ea7d470b6550ebb3eda49e0431b491525d5f7796a313cb30a37b7eaf0e6
3364,3376,12,unique_exact,3376,ac71d153fa27a4c11d66667d21bb044e4f47c5819afe3e08d7353d7a57397ecb
3365,3377,12,unique_exact,3377,2b38c7cb7846d97f305ece34183417cc9be5cedcbcaea24c88705b5c8a0ac2d4
3366,3378,12,unique_exact,3378,1617cc15c06578f0996c09e20c5409fac256749b2e7b0aa10bd8e1e9f2f40115
3367,3379,12,unique_exact,3379,0084f10845b356a84b0d1750f9b13dbbf2bccf48b86f49dc0fffc42e6d374c65
3368,3380,12,unique_exact,3380,edfbcdcfbcec168dc7250cbe9b02635167ab64179a016927dde4503a292770eb
3369,3381,12,unique_exact,3381,a766decc1a12e479402b0bb6e7252a9af678a6948a89f2fd138c4129940f9216
3370,3382,12,unique_exact,3382,ecc1f98b4f7645d477eb654e63bbd680d04cf4cd71bfe1c9a09d0a18aa8235ae
3371,3383,12,unique_exact,3383,5fb19114d5a1bf9f973db368cae22422c8adc1aa72fb87c85360716f6bfa4bdd
3372,3384,12,unique_exact,3384,e9e2381c5128273193f533b98cc0e64471c66306bc4d2003de5821f0c6b07e77
3373,3385,12,unique_exact,3385,79aef4f66d3fa9eef13811ea2433ea2897c93c67c92eb6168856179793998b21
3374,3386,12,unique_exact,3386,e8342700ac486b815bbe65a8ee460a219f27a637a22c81dab2624cb4e315fe08
3375,3387,12,unique_exact,3387,102574b4b73fe38f2e97a7606ac2f1fb892f442a7c5b986a41bf4013f5e3d277
3376,3388,12,unique_exact,3388,876508a2712f22c09d31038006329a3b85a21ab68104d4ad33b2e3db9e9207d4
3377,3389,12,unique_exact,3389,82cd1b44b296111c48a8d61de681b7a40aa866d5b955316be34221e52072977e
3378,3390,12,unique_exact,3390,cd288b49afdeaf5be5105c00010389ad72ccd2f15417f929d37edb96b673864e
3379,3391,12,unique_exact,3391,562d699b99d80b47fc3afd2409d4ea660163ffdecb65d009854d2e254cc4fc19
3380,3392,12,unique_exact,3392,c5bd11bb73ca8f103dde9871fbc2dd3bda4e590d4ed2e00d998fb9cf7e557b65
3381,3393,12,unique_exact,3393,5645811ed69b63959c78d0cec08b34ac9ece24d70218a91f814d5a54e2cd552b
3382,3394,12,unique_exact,3394,fd7b2b893af6a90f87a6bc75ebca01e57c46fe028daad15a2e50c35e79d03a3b
3383,3395,12,unique_exact,3395,2a18d068832958db48d7807490e05872486d185174f5a83b418a924ebda89d7f
3384,3396,12,unique_exact,3396,5b91ab165437d26d2b4213fe808466bf047e4d7d044b285cb11358bde74dd63a
3385,3397,12,unique_exact,3397,1d8144414734bf5297d31e828daa3adfc12caaa0cfcf9b6466da369d6e9fff30
3386,3398,12,unique_exact,3398,2473aa0d66a4d3c262fc7b17c1245d018f2197f60be76cd50866c6f536a1fa96
3387,3399,12,unique_exact,3399,327b92af651a3c7c1f4830e4335039a36168b81cad2f98a30f376fe6b7e6b8a2
3388,3400,12,unique_exact,3400,8e3ec9c69a8dcac4c3d00d6ea7133f30a72a7c30aa2bf3783bb2686ea486a89f
3389,3401,12,unique_exact,3401,023ad38fcf8d8426093e026524e756a80a9e85c62ea6f87197c30eab8ad20f5e
3390,3402,12,unique_exact,3402,082ef7bb8a2bb05510951c5f0f730d89e4099080b70bbfecb058a4c2b9c7537c
3391,3403,12,unique_exact,3403,0703f223467fc23ac37d0d3a3e34a4b08ac721ce02787992720f3d9461bd5730
3392,3404,12,unique_exact,3404,95b449a1a879b8119b4b0754f4b7bc89481a4f2b8181aa3eb0053292bd17281e
3393,3405,12,unique_exact,3405,3d67685d3f2e31d7649c1535e4efa71e12c07e6929590d8ae57c32f6cb1355d3
3394,3406,12,unique_exact,3406,7f0afab6b03e85ecd8f3716b87ae41986594549badcd803f582e44fe6e540565
3395,3407,12,unique_exact,3407,bfcb3f2dfe0e5eca9eb1ca3ef2e30f001f399c992de33b404db3f2d7bdaa6aa5
3396,3408,12,unique_exact,3408,422e351fecf5ec08c78edf6169b7d9f5858e83f224d44a1ca45e381131999593
3397,3409,12,unique_exact,3409,538163626d22a167e700c191eecd33d43a26646c9e6c60164442ff6ab17acee6
3398,3410,12,unique_exact,3410,0bab44d734dfa88d53adc21d464bbd70918209566e4814d5a99afbdfe2946904
3399,3411,12,unique_exact,3411,53cafcf6a2176eabd6c62d83d922e60ea9c4bf711745e09aa1cf5777456f8a42
3400,3412,12,unique_exact,3412,256fb7bf9732c8a59cbb8fcb8be1d7ae02db9f4a8517b128c82e53e81b9f8b69
3401,3413,12,unique_exact,3413,3bb79f71c7c3b59a6df9a900d9b56875a453c17b30309e19a5e725484abb311e
3402,3414,12,unique_exact,3414,f094bce94d7d721a7c0ae9ce6583d6a73e3035b8706980cf1182feaaf9621103
3403,3415,12,unique_exact,3415,bafe6d6c747f6bd16275256d6fdbffa53ba29b000431692fe50fb3d75f6c508d
3404,3416,12,unique_exact,3416,c68479aac0b66c66b29e22a24c726a516b2ed93fea57b6544458fc1f43f9bdc3
3405,3417,12,unique_exact,3417,c7e67139052f85b36fd0778d93c1acf540923fee6ffa8b8fdd3271da8c41b5ce
3406,3418,12,unique_exact,3418,816fa78d078969c6a7607550993d17727b0f5bf29953df76ae96fb5085b491e3
3407,3419,12,unique_exact,3419,9ce00a070ae3b3bd47df385b73008011247b1f313518e0335a5ee6545c05608f
3408,3420,12,unique_exact,3420,482be4d0bb33e96b9ccca1bd0775a092b2afd676ba0fd3b89a7fda8aed5f5830
3409,3421,12,unique_exact,3421,31fdb39b31e9d4717dacfb1940d7d22cd5dddff775708ebf92cd8de87b19637d
3410,3422,12,unique_exact,3422,8732ca52c023b02b8814e6ac668ea2b6d306e1547404c538a80406621914eaff
3411,3423,12,unique_exact,3423,a3f195befbea9462e1d4c13bb1acd38012b4143f767e916a9ab9774cbf49ef49
3412,3424,12,unique_exact,3424,6b8ebcaf679ad9f251da361a28278daf1d573e0d79d624f6eefb4e50b243c0d5
3413,3425,12,unique_exact,3425,20ae18b08514d004f384fc419f5a19a8f62421b056b70cc9ce5f5a911b486582
3414,3426,12,unique_exact,3426,325cd5a873a26e95fbdffd419b2428d2929d21f33cd22fc1f3e65a87b4b2e292
3415,3427,12,unique_exact,3427,f186b3b5b4c3c6eb06c05a6e5ae7f47fab800973610365458424b2b6f832c83c
3416,3428,12,unique_exact,3428,c257ff4eb831ec644729e36daf2ceb6a05dc041741be1c70749ed6a06824f90a
3417,3429,12,unique_exact,3429,788ca8ba92959cadb6e1276ff6370c1d202c29299cd476073e1247b8120ce93d
3418,3430,12,unique_exact,3430,b28e3967c97aa6093890f691de58780ed439d5dcaa593a6100722816fb488510
3419,3431,12,unique_exact,3431,90af3e0bd4be4f6e47a6ffd13a2e594b8164e7df71316996ee7a9c99df7a6069
3420,3432,12,unique_exact,3432,3afd90dd2c83a375846ec021f5dfebcbb1939673f519897942dcee348ebd1f2d
3421,3433,12,unique_exact,3433,bc181ee176e0f1ce130bf40fa023a8a5c5c267ce8f0ec7746172eff78bf1a5eb
3422,3434,12,unique_exact,3434,d9ffef30392c9431901f710c61bdf66d13cef19004f28f3add85d91737242341
3423,3435,12,unique_exact,3435,0b1b443e792aae9bf6179ceaf565273389a5af15261636d3bc289ccb2d87d6d1
3424,3436,12,unique_exact,3436,b861e4659fb6c7b8dbcb4db0390d79e91a94e91caeac45e7e9fdba7d4e21f616
3425,3437,12,unique_exact,3437,1fb945175e405013959d64014eb73636658811435efe97eed61f7b5475551cd0
3426,3438,12,unique_exact,3438,765024a97731435a928d8aa30a9092a9ed94372126dff99326e3b1b191529759
3427,3439,12,unique_exact,3439,eaaa8edba84899d6d7faf269fd1a8ec87dcdea9a14bb147fb3e0332fc5fe10e0
3428,3440,12,unique_exact,3440,5a2f9dc34e526a987cbb35cf44401b742315dfbb030445fab0dc13ea13347c49
3429,3441,12,unique_exact,3441,288212e796b5177f88db1f4a4b29a553ef9d304a6040ef7e0ae1bdae8df657fe
3430,3442,12,unique_exact,3442,80638fd8c49a8021c23e5ff45bf71a4a36bdc5af425a9f01928fda08ff43c3ba
3431,3443,12,unique_exact,3443,fe30ec64ccd64336c7ffa95e0ce75ac5a4139bfbaf79f339f6149a96a79411c9
3432,3444,12,unique_exact,3444,059f9da28a167b5aef40ffc8c1bbb874c0c4af095b3034eb95bc920224bc4024
3433,3445,12,unique_exact,3445,6a7dfa48555b1fad4fcd0e9e01fbb7707b7353383e533a7d43ee22c94d008ea8
3434,3446,12,unique_exact,3446,2e01a3c60a56331c32b50e2f656c562a049f092917db2159bbbb074a0980e739
3435,3447,12,unique_exact,3447,bd83b2a83a949ed0a3099bc9dc93af4d7eadd4a2a87f1f3e5efd5beea279e442
3436,3448,12,unique_exact,3448,3c3c6d72d1b13ae207b944a683924691e40bebfd154cc283a6ba35294969578c
3437,3449,12,unique_exact,3449,d617bbe9751513ddc5c44121854e4b59a992cd869e777f49a6b4eb6450191943
3438,3450,12,unique_exact,3450,e6a9f284f487abb7a9bcfbb9ea06b18cc28da266ad790881203ccbbfb4f4f0a9
3439,3451,12,unique_exact,3451,c0da9c2bf34276136618e0ab00f08484e7612cfc9e44c6ec72689acfd421cad2
3440,3452,12,unique_exact,3452,c447ca87b98954ac1fe9be6f5b99b9ffc49fa97187db99f65f152797fc7a138b
3441,3453,12,unique_exact,3453,6b1021cb423e87e389de1bbb73fef71fb2a3738d835b94ec15a7a55c32822925
3442,3454,12,unique_exact,3454,6b2f6920b8f181b77ab4f9dc76bebfec4b129f91e302c05e46e3f64a15baf478
3443,3455,12,unique_exact,3455,fa69ff501c709cf0d3e7693af4311a950478665f5d040ce1c8797ddeb50ea550
3444,3456,12,unique_exact,3456,b8497af92aaa8ddc038d20a495e6ecdcfff436442180a919a05539763b190767
3445,3457,12,unique_exact,3457,2429dfb9fa94333d2bb6cb975d173adacac874806e350c1ee4ca70827c219c77
3446,3458,12,unique_exact,3458,607db948a90f9b358db3a7957a526b63a1f2acd35ac8d2de855cc5fc6dbc6804
3447,3459,12,unique_exact,3459,5c26f4bd74a5f19ecb8a9b6a95a911d483f16b8164f29ee99772524dd442917e
3448,3460,12,unique_exact,3460,06c75262d557445fe6c17325fc82646dd6c0775efd470cbf6b8c55514ca52ca3
3449,3461,12,unique_exact,3461,4c93c43c0a0e179de66253ea0476a601f4d7dddbc6e0dce57e8ed274b55ba069
3450,3462,12,unique_exact,3462,b63f5edf2ddcd572408ffb4cbd7b985598e36493737aec3f29bbdb7212e3015f
3451,3463,12,unique_exact,3463,06f3d7b0acd53084ef2fa942650ba8c952169f13b7142143d306994c4038291c
3452,3464,12,unique_exact,3464,aebf9bdfa3da89939f8d3f69e4d9572c13dab4a3a93ea9e8ea5a59426fb0705d
3453,3465,12,unique_exact,3465,007bdc4cb07521c783077abd3c9eebaca59192fe652dd8a38540f7a40fa2177d
3454,3466,12,unique_exact,3466,bd7fff75fcfb8cf16eeb3ad0d07c6010510fd55536c83e20a6ab6ab36bd0596e
3455,3467,12,unique_exact,3467,5181b52d554a549bc96e045b3287884db94de6077ed60aecaaa98022cf621113
3456,3468,12,unique_exact,3468,c9a33c790bf171c58d1cb9d9bdfcd37e3d2674785594f10febde04de18c0f6cf
3457,3469,12,unique_exact,3469,76267f8d1a4a439cb38b17c42866952bcc722decd90383793224f3f1c235650b
3458,3470,12,unique_exact,3470,f3a62376b6079ec6d72715f68014d22547a833f52dab38bda974136b1caa9689
3459,3471,12,unique_exact,3471,743edaadcac2205e8251f91140af4dba4c7a80186f2d75d9ecb7d8b3f1580260
3460,3472,12,unique_exact,3472,a2433bfc10286c59eab55b236964a66d21c8e88fd5520b5a099be2a8dd8b7597
3461,3473,12,unique_exact,3473,c15d804f3e304e7411a769cf497f183b0ba95f36daab2e7a6f6bb409f6b7eec1
3462,3474,12,unique_exact,3474,0535b6e04a45d64a1aa396752b3277fddeba01eac90a38234aceb47df9c65a73
3463,3475,12,unique_exact,3475,025f777869610a599b2903f137bc858f005e013981e15a906d0b16b4d81de8de
3464,3476,12,unique_exact,3476,9c4b86aa2a2c665f27172e15b242649f8a7a38e958f49cafecb2b8a7c0eb93fb
3465,3477,12,unique_exact,3477,5e6f5c21bc661f1e458598302a859542dad8f608fe1480f231572f914d23bd9d
3466,3478,12,unique_exact,3478,a7cac34efe9a8c9c474b27a6f1a38e1beb4bb5fbfd9fba19c78a61ccbbdcd485
3467,3479,12,unique_exact,3479,5cc954b218773fc500ee2ba1393bbe1191f84a2784e3e66bcd878b29684e0d1e
3468,3480,12,unique_exact,3480,1a6f76e24fde1689eee8ab69705502c5b8ae80d0ac73fd23a367102b69a87827
3469,3481,12,unique_exact,3481,88a7b286bc0e7ec4ba23d3f5765d17f5d9d5c2755f9b5b61dd916bb8728f9a16
3470,3482,12,unique_exact,3482,db0b60841aca6661da1734a53752014ecdd04cb9c8752a693cf1b8e584739f61
3471,3483,12,unique_exact,3483,9587c5816714e0f7e50361ba9cf87634f84cbde9c4377b5ee084c710658b6332
3472,3484,12,unique_exact,3484,dc22cfadcb46110bd66bd7b6b8baf00583919459081db4b959b7d48789a65d13
3473,3485,12,unique_exact,3485,e74d8b0b3a9a3213f91e1dfb7937e3b1c9d200fb963dd1a314189e6a498aff62
3474,3486,12,unique_exact,3486,4928037e98001346add96464450ffc0bd5085a9472771bd2b9dedf7a8b9dfac4
3475,3487,12,unique_exact,3487,27decdd5d96aa8ad9a0e77c23a1e8cbb3f72180037b332c86478284deacafb54
3476,3488,12,unique_exact,3488,214e6c4198db8bc3d168ccbe349eaf540900791db6a053597f4fb48706b292ad
3477,3489,12,unique_exact,3489,bdf9c201587f44cf12d4db5955cdff021f18760729c04bdfce828bd61104dd19
3478,3490,12,unique_exact,3490,3b79da02577761321f19332f4d7262b5c6ae8dc8e681eaaaae44c59c777fefc7
3479,3491,12,unique_exact,3491,007c58db8d1bf03e3256cf58a6152087b85ef593e80e45d50b4c5d3a68223fa7
3480,3492,12,unique_exact,3492,c71deac1acc1794a21ec5e321f84880fdb34520751d4e5e162087b7a232309e9
3481,3493,12,unique_exact,3493,642fc830b3d78a5bceded61afa6066772ddc94e8ee1d0cba8e2ec1d913c74ea9
3482,3494,12,unique_exact,3494,dcbc6533bc8e113a7d64e9c5c5a7f7e64bf67ae2aaf8992d2082d6bfbb40a2af
3483,3495,12,unique_exact,3495,60d4282d627551c3f5e5e0560c59901d4a567724fbe13562ec5947b732d77e32
3484,3496,12,unique_exact,3496,e5b7159f4e6e6c04b5adb6e83241ad5a3b94999f9863dcda72402604587c99f1
3485,3497,12,unique_exact,3497,5de17362efc809f75faa6e5d3f7161deb71d1b139e7d0194be082b5c22f6bacb
3486,3498,12,unique_exact,3498,0a65cd9db2a434247941e08366f492464325c608a5e6bb76845a35d0d5fdfec7
3487,3499,12,unique_exact,3499,90012584974d24a19d64320ead1de4c87bd744cd49b31e17a9b5f501ed5c7383
3488,3500,12,unique_exact,3500,c3f6852e2b04dd42883ddf78d986eaf9e9bce9981c4dd26250e58d60e81da419
3489,3501,12,unique_exact,3501,50a34e744b8db6e6d5df3808d4f5912ed16e1cd69212cdce53988688dbf67ef5
3490,3502,12,unique_exact,3502,54702eef2d086a335d28ebba2a8dd64f788278ed87b3f23b960cc7240b3736e7
3491,3503,12,unique_exact,3503,a32dcc12715db8009a64e4efe91992e557d8159f3fc3129902bad9c9dba823cc
3492,3504,12,unique_exact,3504,05e61c8844ab1de5331b9e0a5b97c31194da61480e7122dc2bd53646d2915c87
3493,3505,12,unique_exact,3505,e5b4ecb7339a8ff8b3e44c12d13c9ab48e2a0574309a5732ffba610d9f2d1efb
3494,3506,12,unique_exact,3506,095580bb6501fb3172ec7ffe49a9f9563440e7d4ed34d1e21f58070f568590fb
3495,3507,12,unique_exact,3507,eecc40cc6335b0e976488ccb49820b578159cca5b0f019d61977c74a237f7a57
3496,3508,12,unique_exact,3508,ceace3532676d8210b1d8ca8ed5e628dbf289b6255ecad3d6ab1719793cc9d8e
3497,3509,12,unique_exact,3509,ecf21227fa01f74f11c0fc763058db4bef0dccbb383868b9739302e231fa1114
3498,3510,12,unique_exact,3510,5ea575ad282af043be71f878831fcd7905f1f2e234e0f56509f588728c1347f3
3499,3511,12,unique_exact,3511,68701e0b21f733b25367b0accdd254b2affb79b90087cdc2053b0b1dcbb3812a
3500,3512,12,unique_exact,3512,197970eaf6d400ae71a0e62d6cfe7570bb3c02e12374ea7273d606050fac7d61
3501,3513,12,unique_exact,3513,8808cc9ff9badb471142d6a264cab1acf2ed8e8d3fbe49dd71730db74ae8189d
3502,3514,12,unique_exact,3514,7b0598f6211603def58cd13af7d04389c3007b1ab146e27963bb426ee7d16190
3503,3515,12,unique_exact,3515,ff633697e7d4c5e69c5c8a923990cdb084c159210c434232079aafeee9ec8e22
3504,3516,12,unique_exact,3516,e79d74f270c8845ad052e90ad504b4ea2717d7f0d78a0607cbdc0068966917cd
3505,3517,12,unique_exact,3517,df125f0b192205b1a03b0dd8fbe48198dd741339f98c383b0669602e2854e284
3506,3518,12,unique_exact,3518,f105563ef38555777d92b43445554ee8607ca08984495f82d2695eb9b3e14289
3507,3519,12,unique_exact,3519,9b978dd5e89662f92aed7a0ddf6105cc0be3ac1d8f8904465aa2169e2ac099f1
3508,3520,12,unique_exact,3520,59f73b3d6efd9ce0125e19c9caf8b0e618b6b02aabe3c9fa8a0bbe6cd843b466
3509,3521,12,unique_exact,3521,e20e00a0152e74ba581c2334dc6617a728b6f74d3aa769574bc4a748344e9eb0
3510,3522,12,unique_exact,3522,d9e0c0e0adfcd683599c787e68c59e710285aaafeb067213a02947eb7d9c581c
3511,3523,12,unique_exact,3523,beae498d130861630c7edc064eeb2885a22711f0d4bf515bc811b00a8e488241
3512,3524,12,unique_exact,3524,a92a325853eeb42d04dfb10cf28ac4b22d53d053ab8babec933025e86d0f4dd1
3513,3525,12,unique_exact,3525,8c057b0e950a7008e0c23d81541513a05ff1ae5c931d4c40c98c15527b152bfc
3514,3526,12,unique_exact,3526,be8737ed77b6902ae2981f1f0171af1a3bd43610e98cdad371af213249d2fd50
3515,3527,12,unique_exact,3527,65e931c090ede51fb7e5e283c61675e23162bb9b8253479de0c27b8407e60cc9
3516,3528,12,unique_exact,3528,a182a8064bd7e154072ec2272ab9e1dc9d154aa18de3620d6943d8a48bb7ec14
3517,3529,12,unique_exact,3529,f7e04431057a642db6695fb403f3d4bb95e2f0bfc6f82a4224f8c7d24d956109
3518,3530,12,unique_exact,3530,cd2a228a6bc34aa25284243571560579106c0f881cd800291bba1c68e0ac1eee
3519,3531,12,unique_exact,3531,8fd0c13c10308dcfde115afadfd54e73093385941ee3b55fd72671e4c7c6a529
3520,3532,12,unique_exact,3532,5667f731061ba23a9e67260ccbbdb43433bf9b1b662e9fdd98dfb1eae4e155be
3521,3533,12,unique_exact,3533,b3494ad174a454d13b7e434709930700095dad4bed0f699d5a2020cb0d171bda
3522,3534,12,unique_exact,3534,996550c9cb73b64dcf1f958777314b26c68605765fe41bbef3c35bf91fd2444e
3523,3535,12,unique_exact,3535,100ef178fa8f7cf1a0292d140e0ffe63723174f24fdfcf8e6246deeb5b9d8db9
3524,3536,12,unique_exact,3536,e8356cc00cbe22ed4828bc4ebccca01d997ffd07943c64b1d412bd796a95e2d2
3525,3537,12,unique_exact,3537,12f5065d6e6b520c9844705cc32bd398865786380f37a7095c736fb4280a8db3
3526,3538,12,unique_exact,3538,f18c859867b74b1f51f123ee8e749f91a16fbf0bf242b91c896cfd1fbf490ac0
3527,3539,12,unique_exact,3539,32f141757085d230b27893e44508805ffb2ce5857023e1a9c9904b770e16317d
3528,3540,12,unique_exact,3540,1d10e1dc7c4aa75cb4935a9121323b79ccecdb85c7bfcecf48723de548d769a2
3529,3541,12,unique_exact,3541,d9ab4484aa8240d04a8b4aac592aeb676af5b00825e1474ebb01e4c6fb8c2da1
3530,3542,12,unique_exact,3542,1d3ece185dfa0d01dadcbd400e93efd608d49b79f5cc53a3e24466f35014fddd
3531,3543,12,unique_exact,3543,54ea9c02c2bead1ae6e27ebc9da88c0e106dd3fc32494744e35eabc6e5df6db0
3532,3544,12,unique_exact,3544,ff8a70c4341984c4031229fa3f6ec542506f37b21f1ce6fe7989d14d62ead94c
3533,3545,12,unique_exact,3545,a62c341bc3177f857e13668ed976ed2a6ce587cd66bce9a474aaec40da4a9949
3534,3546,12,unique_exact,3546,35679a89554cdfb2fffd577100483080858222b4bf6701bdc058c26d0301eeb8
3535,3547,12,unique_exact,3547,8ea9f14fedc9e667cc276f5d3aff8441fc10805579bdc0b298c1e117154b5498
3536,3548,12,unique_exact,3548,7c6b48c685c32a9fa14a916250e2a5ae3fd9507f932665a0c16fd96a4a485c6b
3537,3549,12,unique_exact,3549,5203fdd4cec70ed838bf8f9285e8754282cb2319c042715ff1026d8b80297873
3538,3550,12,unique_exact,3550,98d6566d7beb60bb6f25df355644e2f3d9f77a95bbad0cf5dbf087baf31ff4b0
3539,3551,12,unique_exact,3551,d9e9b3da2c72105e38387aa5def911b2aafc04136b40112712f036432ea4ba15
3540,3552,12,unique_exact,3552,a9ad86d1121f8e649a51fe368328bba6572b6b2c6d49f024314ff218d2639c49
3541,3553,12,unique_exact,3553,d528dcf9cffe9ead323f3cbbba7428262a656784f6a08158064ac7435d16184e
3542,3554,12,unique_exact,3554,a47bd48de2b6b33b2bbf9cd9dc5326a2d54d3e9d13d3ddf1870406308002809f
3543,3555,12,unique_exact,3555,4c2bf7dc15e7550d3ed5709a7d09c955575d7af4dcfb19dd4e67f2e0fe993b2a
3544,3556,12,unique_exact,3556,610d887454c4b63a06af8255b0edefec636c3648e76f82bcde751d61ac20af8d
3545,3557,12,unique_exact,3557,d505c08d5321bc665b784cdecd619a0a2e6a036806bda2390da8fdd992f54f5c
3546,3558,12,unique_exact,3558,77ddececd3acdb9c5021f63b56e79b1ed4d700be4f55cb6fb779cbdf96520461
3547,3559,12,unique_exact,3559,a7d8e4ba9ae74128e884999878f58c708126dcb2fd6388989b07e7579f08dc1d
3548,3560,12,unique_exact,3560,4804d0932e09892fa07d60c384e0303eb3ee393430ebb4df373ba56c5dc6ecd8
3549,3561,12,unique_exact,3561,d64966bbd3b4234c0e4a12c6f905726f7db015147c5af10411deda83d65fe17b
3550,3562,12,unique_exact,3562,b0af182f0050283e0bef4018ec570033de7b48a7c43732e11e7724758c38cb7e
3551,3563,12,unique_exact,3563,48f9562bd94482939ab0e1f8ae729c30941c23c0cd372dc281cbfcc6d504a74d
3552,3564,12,unique_exact,3564,e037b019b0aa9eb9ac2a50785775359e803f7ae1592a30aa1523ee2247023140
3553,3565,12,unique_exact,3565,bea6a8f1a16830d14d2df80196ac22e4fde5f481c22eabf342a6886022b61721
3554,3566,12,unique_exact,3566,b98c9fc5448f071c3f0c1106058c618a6a5f060a6b915d12325524787c8e7713
3555,3567,12,unique_exact,3567,b683938e1c45d5e681076f21658b539cab05e4a3c8670cb9543aae168e108b57
3556,3568,12,unique_exact,3568,5e9661fab5c6a8f55d4e1ebaeda08dd5be833e76abe053f9b99a36aa5cf77eb1
3557,3569,12,unique_exact,3569,ade4b99f2223d3a02749b609a771daf668bbcbd102bb4f38af9b4a72e73e8340
3558,3570,12,unique_exact,3570,d7d3618c5057fc22055b4aff0626254e2b492c9c39e774102f4289fbc5b1af72
3559,3571,12,unique_exact,3571,285e43d33d39ab637efc7c1455a6b0f98e63fa8aa6438d60c6c5e8b46bcb21eb
3560,3572,12,unique_exact,3572,aaddb15e89b6c845316eac8f5ef3a9939ebce47b688b3b402fe23f074d058a62
3561,3573,12,unique_exact,3573,9b06753e4fcd0033b7faa663597d5f84f452fc689e6607533d77e4ba18d25030
3562,3574,12,unique_exact,3574,1a9d8f16a86aa5073721da0dbb4b4e736bca6c0ff1315c0f5d75d3a4248e6eaf
3563,3575,12,unique_exact,3575,06823d8b5b5f26639fd60bd721483188eded5bd3445c2d2c20250608f3146080
3564,3576,12,unique_exact,3576,14504aa41ead1c8bf4f4467842d02170d0e708eb5271085f80b8fe38b4c40abd
3565,3577,12,unique_exact,3577,dd4233af2740d231a7db3469b1df50cc13ee5d8e05a24c3e6ebb92f695baed8b
3566,3578,12,unique_exact,3578,852f51439bee28643cf535ab7bc51e26bca08bc3a6ab8895463e87fe0777410d
3567,3579,12,unique_exact,3579,78aeb5393ff4e789ce51fccb48b22e91b795bc18bbcd1ac8c70313af7906cbbb
3568,3580,12,unique_exact,3580,c0830df2cdc1567c4c1bf0a92e6fbc0c4a498f025df961ac0f834747c95c0eb5
3569,3581,12,unique_exact,3581,adaee2573e3bf2a6fe0a52be376bbd951ecba4bc05666079cf0ae49a57f2d612
3570,3582,12,unique_exact,3582,b78dacfa23d28115c53c9e8af10eb548f8de0dc0469bf8246574d09f915c80b4
3571,3583,12,unique_exact,3583,b276663bb47ebb45046ec235605c89907655acb7ddda5b62dcea05fc2be58ec6
3572,3584,12,unique_exact,3584,3953d48e1f97d04ab7cbcb3f606daba158e3469312b6ff716469c6715a7ab5ca
3573,3585,12,unique_exact,3585,19ae10144d43fd50e9ab29e64a4b051313a736b4e79b7616831ae3180b318965
3574,3586,12,unique_exact,3586,e31f83123fa8e9359cf7e251c8d047ba73e50159758e8fdf305e9f73d5d4ab8e
3575,3587,12,unique_exact,3587,27ebc367242b6b567a310031521f18f323e6920395d2e0feb8f8013e4061b0f3
3576,3588,12,unique_exact,3588,b59f3b84bb8a9d97e679403e3599a8bb4cb7edce62466689e9fa79187e92e040
3577,3589,12,unique_exact,3589,7c6fdf21e69f3f1e65cb23ddb07f56cc08b3b6892a0cd59b3ffbf429fdc9fb83
3578,3590,12,unique_exact,3590,fd25f32cb348247b50aec72c37779ef4ae265e65f5d5ef36ebac314c71701f58
3579,3591,12,unique_exact,3591,67f22dd070ae7c6acf27336e5089b362fc519be8ef100fa65dbe66352ea0ad46
3580,3592,12,unique_exact,3592,e00869b0043c4b7c9bcfe8338bafeec81eda45a08ea4d68c3d9384400c529553
3581,3593,12,unique_exact,3593,f0da677402c0cdab1b650c9f8920b7c040f04a17fe22aba8a034de8b765872a8
3582,3594,12,unique_exact,3594,9a9d96f48693115232652526350f63e08e7cbc661fccac164268133e3dc673d8
3583,3595,12,unique_exact,3595,22c5676a91d3c8b376ee404ba6b83e94f77ce00c53ab8c44d8b42cf97832dc20
3584,3596,12,unique_exact,3596,ba7e053bb57737b542750d1b4dca6d6bd493e543538575acdd9448a4c1194f03
3585,3597,12,unique_exact,3597,8fb003873dd1c263bed3f6232dfc41cdf042a055d9a3e8c1a0bf62d777d09746
3586,3598,12,unique_exact,3598,d9f799f739a256d6972539dc9cb5637aba9b9769f625910207bb619556b1eaa3
3587,3599,12,unique_exact,3599,0fa667cf3b06eb3a66c3be8071fdce6f6d7b1a58f37315778dc16df8b653a3c1
3588,3600,12,unique_exact,3600,2c970cf96c62189924372df804d6266441c633af125723ebf01e5a8a26da376f
3589,3601,12,unique_exact,3601,1b482fbebdb857622b4f5a01e4ba2028db5fe9685f8467d73e7ec49a71582bd7
3590,3602,12,unique_exact,3602,be4a0d6deda7593fc8423c7e6bc5c6250702b6662526d8ea1e4f7a065f9acfc9
3591,3603,12,unique_exact,3603,8e6b75145ac9074665a486c12a8f67127957dc1228ec0eef8505c4d88aa6fe3b
3592,3604,12,unique_exact,3604,9508bc144fee53d84b3afa4399e311046585e662922c784d8928ebc361e586fb
3593,3605,12,unique_exact,3605,165ece813cbde13805396971e19d67fdeeaf81389ce046f43e054f9270346837
3594,3606,12,unique_exact,3606,0b66041c8b5b815a0db62c37ba8fef1530ab170d3dde6392bb9b7b6f688eeb8e
3595,3607,12,unique_exact,3607,854a27b49e41aa3085cf31e2e8e9fd5084078ca95ac9964fe541551ac070c1aa
3596,3608,12,unique_exact,3608,8f1e4d265ae98b5829407ad72405d2457ddd7275465e650d5bc0ddb560a42cf6
3597,3609,12,unique_exact,3609,0d7663e8c08aada5d2303b8172e6d11ba1e2c6b52b472b01bc88de6c1eb520b4
3598,3610,12,unique_exact,3610,e9c5af87a58a5cca268b266975a2bc27061eb8f61ff8bd963ef5d9897baaab20
3599,3611,12,unique_exact,3611,30f18003a9885f7549d35a9eb5588c244a19587654d3ff0be6f5af27e93e81ee
3600,3612,12,unique_exact,3612,c4f99513eef6bc43de2ede984e25a2c611bd6ef91210ab44300d661be52eda90
3601,3613,12,unique_exact,3613,d74444cd41c34f6d1e9da71a0cb51c26ae87a778dde39a90dcab1ac0c4712e5f
3602,3614,12,unique_exact,3614,ae215ece96d07564214f8bf65f9fdb59c52b18fded71068b551728bd26d6100a
3603,3615,12,unique_exact,3615,db465cdc7fb0a75da0480267307b7c7fa6151e5e13891db2d47d460593c136b1
3604,3616,12,unique_exact,3616,5bd0ba04af0fabc72c1cdf67df407713d669c95eaeb4886b3d035db9b633d9ef
3605,3617,12,unique_exact,3617,2df276b81e0c29cd789550f9dd1e92e467a21e85110298b7c09f43e336e43926
3606,3618,12,unique_exact,3618,779c7e66f7d75e02fd33c7b08161c36f8d438ffb576ec59ce6c6755f7abc3978
3607,3619,12,unique_exact,3619,5baf890faa0a925412911899b7d7b57b2e37b1990252bc0a84614111c1886d32
3608,3620,12,unique_exact,3620,ca676f5b5a844db672fae45a76561f70854baa866d0588ac05e10d7b8fe2dba7
3609,3621,12,unique_exact,3621,2c2bbd1fd65e78addf1abd47be19e634dbcadd84e371feab0cafb2661ad2dab0
3610,3622,12,unique_exact,3622,51fc67a02bc260ea34028c99268798bd97a999e404a6acea29ba0016297e58e3
3611,3623,12,unique_exact,3623,7dbc7ec94f0a08c84acaf25138dc9fe06484dd350c0849464124729a43da2382
3612,3624,12,unique_exact,3624,5868952fd6a9cf087c0c66ad7fd207acbd818b36f01544955a163573a3b5bb1a
3613,3625,12,unique_exact,3625,3be9ed4b5a99767c82021108ffc00285be70265cb94c9975b6600e55e8937be9
3614,3626,12,unique_exact,3626,22981359b156101bcf3596a2020093c7509df1df6fe97ca25a363cba46c6d486
3615,3627,12,unique_exact,3627,afed4276bede91e2032b0742e553a4ec1ae480d11f5b476280997e7a49b5bd0e
3616,3628,12,unique_exact,3628,cb1560bfb5f450dc58b0d1cb6328fd1d6403f1a9d700ce2b44e33b63374f79c7
3617,3629,12,unique_exact,3629,b32296e73f0c37b34c81f6dbe7bb5806b1d0e7919f83d116583fd0531494d7fd
3618,3630,12,unique_exact,3630,d20852bb2c5e173b82110f3cb96e638d46decf1db4bb24a2046b664c8bacdfa4
3619,3631,12,unique_exact,3631,9a286fd7b658f65fd432460a75e6e6b268ed150e42854121489a1a6989afa796
3620,3632,12,unique_exact,3632,f70fbf4461d3ac9d8edd0f05631a6343617aee3e4387db653e69a337e00193a3
3621,3633,12,unique_exact,3633,aa75502240b2b01164ca2a31168c9256d3ae15fbbb29daf5455a6338f85a0b7c
3622,3634,12,unique_exact,3634,9580cad1c34eb8a133182b2f8bd60d072e57d03d9148f3f6f6dce0aeb145a49e
3623,3635,12,unique_exact,3635,9de2be1299c7666b20997d54494d562b76caa10a0b3ff7f0e82a848c8c85588e
3624,3636,12,unique_exact,3636,f47064545bcfe4c5eb0447d377641f8f14fd093c9d119cbca106c7300c9d4184
3625,3637,12,unique_exact,3637,170f9a7f9b3421376a26daa07089d4a66ebb5b625640d5ed762b615d031d25af
3626,3638,12,unique_exact,3638,ec20869390db94b4a8ba6bd1f3ed569322216a759404c3b15c25e9dfadad39cb
3627,3639,12,unique_exact,3639,9f16a85eda7154d883f9ee51453aaae4ba8a4cb4eb4acf61f3c4201c6c1536d8
3628,3640,12,unique_exact,3640,b64167c7c296744251ed01915e427c16e2351290d494d68016a3d126a0801ded
3629,3641,12,unique_exact,3641,17ae37ca82b7d4431590d53945934a196c5b78da489e3d5a2d3a4a62b3f93d84
3630,3642,12,unique_exact,3642,547d592a7e929d0344dcbe5afcce2387e72b9b0033a7282fb6bedda8c07cac6f
3631,3643,12,unique_exact,3643,cfc6366c219866e953aaa676a4f4ca552d2676f0cac9a7d1bea25e4713a46a62
3632,3644,12,unique_exact,3644,d1b9cf76d413d11575a76a32ebe21fb0f01fec849f0d772c74e13e84a7e55e03
3633,3645,12,unique_exact,3645,76ce96e3c261800ae3ba76227d1b3d39f2d670e7fdeaf33d04e4081a83b2935f
3634,3646,12,unique_exact,3646,5254f281d12d33eda5e7206e0cdb645f13a062168a9b90e3381e11013767d467
3635,3647,12,unique_exact,3647,e13c2ee72c1e090a6a3b6c792e3d26df2c1a2bf0959d69ad3590b08d33bffd92
3636,3648,12,unique_exact,3648,66c20b0c2a8f234db18141af4b3fea4e1e205415b1ffd8afeb4cb3887393f295
3637,3649,12,unique_exact,3649,faf165ba1541ca3b5964a5be7f77c9eef80143516857183686965718b12247d6
3638,3650,12,unique_exact,3650,e8a12a2e801d72ace8a90bb5bca152afc9d06c872641300ee4502961a1b5a36e
3639,3651,12,unique_exact,3651,3485c14235c5293957b3ef6e023417e75adf6b73fb49c12bbd64315437e5da80
3640,3652,12,unique_exact,3652,e967287c43da43c41c0ab36e0829258130546c165ce2e6a0d9230bd388ac216b
3641,3653,12,unique_exact,3653,2faefd429f1e18ff2478d00401c9ae610cfc503d9a1e89b61cda228336c6e9a3
3642,3654,12,unique_exact,3654,0433ecc1267c5747cd60b8c670b45e6e27903d5121fcad3937c1eec72052a8d6
3643,3655,12,unique_exact,3655,ae30bc3b398e59dc24b95176bbb5d9c2b5f9538e9c7519e2b880f7555f144d10
3644,3656,12,unique_exact,3656,c6b2d50b12fd9f13f5b3b08dd40ce0cb56270616aacafd40687226a7ff083fdd
3645,3657,12,unique_exact,3657,6e15829244141267639fbe91684ff39f26231d1b6009664f8eb04718151e390d
3646,3658,12,unique_exact,3658,29fd4d6d9b727b655cd5f91f52597d5efd0cd0ad7a34b0f409bc3bd05d9489c1
3647,3659,12,unique_exact,3659,51e48fedd7f4af141d6a5d1143bc6f0d8853047aaa1939d820930166c192d854
3648,3660,12,unique_exact,3660,05ccdccfe4aae028767174f3685a583a9805e24e466faa3fe09cf5e1a8fda01c
3649,3661,12,unique_exact,3661,fffd9f6c77a7e14f98e728d9a6960974c822b44fd250c774543979ca2faa640b
3650,3662,12,unique_exact,3662,e149fcac1a62d108f27a3daffa14db505bd5d87ee4d348c88e77e2e683baa677
3651,3663,12,unique_exact,3663,83b1890ed3172248b2b24bb2f8fd281fb983dddcafe8c7aaeac2e38ca4075dd9
3652,3664,12,unique_exact,3664,8c0460fc10dd3fb61ce11a7e4d73ea42366463c01fff74c7259e863489999438
3653,3665,12,unique_exact,3665,4a790174634d3365859acf8a2826d43cb45a5130ddbd483b43854417485763ff
3654,3666,12,unique_exact,3666,7afc332971fb8d4f2e30ae6ae1d36c3e6a9c4ac77542fe1fb2eccc0a2dd81fb5
3655,3667,12,unique_exact,3667,cdb0abb6601afeb284c589a624f4204c6998205a6826305935f612da95c317ee
3656,3668,12,unique_exact,3668,d2baab80af820e894ad78de365ad1a5165a41d540d2f74233a31f19e6b3b0d7b
3657,3669,12,unique_exact,3669,bc0ac425683b64d749870e3161a1ee09b06ce8219706f2a0fe24f8f0f17a338d
3658,3670,12,unique_exact,3670,23f9ffb8ae1092697ca605ed3598f732e6cd9f4ea0ede8f792276ba2aa480f4c
3659,3671,12,unique_exact,3671,6f9d8f1c40da215b3f1b6dd51d9f6102ac170470f66e16ee9fbb2da018644c3f
3660,3672,12,unique_exact,3672,9881b79bddb3c859052e3b3c797a7128e3d43fd542fe38501545beed5ea668e7
3661,3673,12,unique_exact,3673,1793c66388751d90d41a9ba531c66564f06e38856502bd1a4751160f2d338f4b
3662,3674,12,unique_exact,3674,fc462bffe3d8f407f1fc1a86d2412761220143b0e155366771ac318aea17a54a
3663,3675,12,unique_exact,3675,b0a63b14de0ea86d9086f522b93e6e6960e4a73d8daaec7279b478527765f5cb
3664,3676,12,unique_exact,3676,df33e62faf6bd52682aafe316967c7b820ca7a63e7dbcb89763fcb8eb26ec5ea
3665,3677,12,unique_exact,3677,5409cbaff0ac36f20a408489568f542a948f8f06e395be0227ca0b13e513cf4b
3666,3678,12,unique_exact,3678,56c24952db5fa20a96bd507bcba34260bfa41c3f701b6692c8923d5b5f28a4b8
3667,3679,12,unique_exact,3679,313832161ef695bdb5150935db56860fdc910d05f69de78e34472cb701efe245
3668,3680,12,unique_exact,3680,0d8342e5294af385b76aba1d59cbd23182bed136d1a783a9e2092c7a0074abe9
3669,3681,12,unique_exact,3681,ab953539eaec39d7e5957b8cc6f1b0b2c6dc88e72cc0fcb1527c1174384a9847
3670,3682,12,unique_exact,3682,fc29a472277101f44a6c82d01935b48e8f62029a4f3c3938294403434a9fdf19
3671,3683,12,unique_exact,3683,74bdd22d0d2d93083b904813888ade620143cef0b842c3a7df832c1f11355fde
3672,3684,12,unique_exact,3684,c5968db86992dfb71a71c1426e2dd61dbd77e1cb37887515d6259360b898239d
3673,3685,12,unique_exact,3685,094568fd33ae304837458242ad1f95937772f2e573be2fc182ec20d0431d8e67
3674,3686,12,unique_exact,3686,dc397ce90d8f74def50d07761bb6c111e43c38c32a964282c8ba7802ece3c596
3675,3687,12,unique_exact,3687,e10bcc78fad89c3ed4dd8891b1e0aa1b698059e8dbced79853f585e030613b12
3676,3688,12,unique_exact,3688,19af19f35a7d9e5f8a66341471d64d9f4b0ca3301d98e70d482b5dbd4282a45c
3677,3689,12,unique_exact,3689,42223a9c926f0fd3d3e4100e0fa08baae4b9c98149e8bdb55f8f0b04fda4ce30
3678,3690,12,unique_exact,3690,e7dd09e4e3d9d8efc49379216d0a7b21f8cbb372baedc6523fe2ebe658753491
3679,3691,12,unique_exact,3691,7838cecc27480f45fe2b236e685b2757fb544d9359e615bf87d7a32f3b1f462f
3680,3692,12,unique_exact,3692,48e62fd8f31883e7b0b6949c6b6de58f0b914de0aab20bf520d28e669e37dbbc
3681,3693,12,unique_exact,3693,b8c12213dca098afc19c38e6bfc4bdd040a9109015862a3d2cb7949207681677
3682,3694,12,unique_exact,3694,344d5f034ec6bba27603154ebb3cca0b2cd38f86a878b2f6e906345756ee4525
3683,3695,12,unique_exact,3695,113de32fbc5206539750ac17db0b4180c3a0818f3685ea031c143c97a3fd3925
3684,3696,12,unique_exact,3696,a385fa715d0aed9184418b739c7a3ec04e60c9fd19b32e6ef9ecb9b52dfbf877
3685,3697,12,unique_exact,3697,b7481700c2f5b42b3ac6b38ed229c64dabe6ce1e600aa944cafdd222a8696c4e
3686,3698,12,unique_exact,3698,e8b0a4adc0a6bdc167d3af00c93f5fcd43843562f45f139c7a2647fd0c488d06
3687,3699,12,unique_exact,3699,5310b9eb750bf590f102153bd3151caaca4257b14e9f55a4cc11c52af2d077e2
3688,3700,12,unique_exact,3700,93f0502438630719cb1aefae436d261b0b1c5d2844184afc509517eb9160afa0
3689,3701,12,unique_exact,3701,f45566717c7ef535fe236323e030d8c17b2b988ef84eb3c7d3bd069e7b95718e
3690,3702,12,unique_exact,3702,c907d4e11514c6dd1e93b601f18f45358769789219bd6ad3642115e4d4451554
3691,3703,12,unique_exact,3703,3b2955cffca0617b4a110d1d190a7dc1724fee743a1b662f9266d81aafc5deef
3692,3704,12,unique_exact,3704,a7618a9a19820857278276ec7c9889cdce5452459b4e510a9eb14036a262d3da
3693,3705,12,unique_exact,3705,e1050ba2f7c2fac821bb5b2dc1f22d0c59b8cc8a38526815b5ea1c4a4ed59af5
3694,3706,12,unique_exact,3706,289a5b44ae1d30576b25fc4da9a02de69782801671ad529ec3d56d1a45d4101d
3695,3707,12,unique_exact,3707,bb55188251d0d8eee3248959a7921e293e0e2ecd28da0ca93222df19d2786ae6
3696,3708,12,unique_exact,3708,fd83d225f7fa64f91a889fd3042ba7f0cce3f2c1489023378273d49a0f2a26ad
3697,3709,12,unique_exact,3709,f0f91207046ca3d7e180059edf19c3175f663f119e2cf9fa689eafb3b6286015
3698,3710,12,unique_exact,3710,7c2394e7615c721a9ad3f99254fdaea402003f1aef84e51453de237fee934d36
3699,3711,12,unique_exact,3711,db08082a7b47f931636daa42a08afd8f5b54152f57664393694769f6918f05f3
3700,3712,12,unique_exact,3712,3246ed9cc65dcb9badb467cb16b57fe7a52b7a442feb8d3b7e9f5277e4b6a3ea
3701,3713,12,unique_exact,3713,75af6f7d447a01e4a00d5958fef75dfada9e3da0f4d5b49c74b40332e4c03af1
3702,3714,12,unique_exact,3714,5163b5221e5d319451e385ba6237f22f80a4c4f8e589326ad011d9a5809b7f9d
3703,3715,12,unique_exact,3715,cc6b983120bde1be4816e701341e8dd19e328c68df7f3d6ecd0bf6e952a366b9
3704,3716,12,unique_exact,3716,bc30edd7cc26b0daf018323789379457baaf9ec8902d44d6e04ccedca3bf7264
3705,3717,12,unique_exact,3717,7beba24b8d39768b9298565924046be71b40c20d95b8c122fe0d5f53af0d506b
3706,3718,12,unique_exact,3718,a32b5f297cf1e600be787c7803414b29367ea7f8208937d4bfa49b8553187dbb
3707,3719,12,unique_exact,3719,ac740b9b96e1d5215d6cdca98a0f0e900fb403e7933f2923c58e2f539375dcda
3708,3720,12,unique_exact,3720,342b7710655508cf89e282d7d8cf5749599253c9d251e461f4590d958500c1d4
3709,3721,12,unique_exact,3721,7be889fb9e32d8151892419120c360378875aed7c9b424c2866355d3fd9b7e4c
3710,3722,12,unique_exact,3722,7b4fb13e8fb11a05676648760db671d47ac89ab9bd7f03d7216be4af290fd6e9
3711,3723,12,unique_exact,3723,29c817b6d010ca0495a30289bc2485ae9a21c2cda5ae4b3aef10779e9e73bb6c
3712,3724,12,unique_exact,3724,7b08140d1881fa02d785c743d2faa3116cda10030b542f0e97bc6ccda59e0cf2
3713,3725,12,unique_exact,3725,75678151dddf33b22d73fd2c006141b2e5059418835180532eca2910dc374277
3714,3726,12,unique_exact,3726,f22e7528045f0672a520322d60717e9df8a8ac6ac3e239fa277c5cc2ef254942
3715,3727,12,unique_exact,3727,b4d5ec4ca9affd864fe3d91fb1601b7a5b71b2cc15550b5c43e1a31ac794e96f
3716,3728,12,unique_exact,3728,9df7acf94655e8fa69dba8974bf8cfbee2399d1a079afaa41df073057c271e00
3717,3729,12,unique_exact,3729,7d9c68cd77402386c3111ee3cc9ad6c198a5e09983bbcfed6c1e0f9830de99b0
3718,3730,12,unique_exact,3730,b9b4ea815ece7d36b04c723f4a7fd6719a6abae7781730eae4b8d2aaa63b45ff
3719,3731,12,unique_exact,3731,556772baf67839bc9036a3659dedf09d2104967d2ffbc97f2a634746ac785ab6
3720,3732,12,unique_exact,3732,7c728184310c27def02a8d67bf7b6fe877f0d9b28d5f40fdd7cc9cc6558a2dfa
3721,3733,12,unique_exact,3733,146a5c7a0f5c0d53171f33577eb33db874081183ca355918c49ad95dcbb6ede5
3722,3734,12,unique_exact,3734,75cbb726af8d62c69706c100ace27d1e27a7b22f65417b9772e57540fcb7c474
3723,3735,12,unique_exact,3735,c6459c90cd36b09a55685fabe6177dd2503503f52af182e8a870b09de7e6b15a
3724,3736,12,unique_exact,3736,ae7ad33e6351d94e177fecf60254f23f7550090dbfb5fe741c456462e610a80f
3725,3737,12,unique_exact,3737,fdeca1fa66b0419fa620d1c746de2a382effc27b7acbe69272877d81c50dc9df
3726,3738,12,unique_exact,3738,7dcbc89a65ed7e6e201750a07bb91856cf0c348f94d88fb661de71c59b185574
3727,3739,12,unique_exact,3739,2f5ef7cd41dfe40b8c5a22dd382db2fd3cdfe5a443e397765516439e0756cbd7
3728,3740,12,unique_exact,3740,135273724f1f8ac7d95184788e2275947b25edc19c1fab656de98dcee5e093c9
3729,3741,12,unique_exact,3741,4e09912834a80eb3e56633f7c9907e7d4c7706f3057c95313459e47502497da1
3730,3742,12,unique_exact,3742,a19fcff1d3d158faaa66bb41dd26931d1d0bf68db7c24b4769f1ba196cab9b4a
3731,3743,12,unique_exact,3743,703ec06cba872fb7238b7317801874a83557214cfa986e5666ee6e4ae5c525a4
3732,3744,12,unique_exact,3744,37f2468e0ac61c815141b80ed3db0d70a9fa02ed56f2dca9d5958c1d20d6349e
3733,3745,12,unique_exact,3745,4ce9d1a845983a9b6d542f0b5e2020396c437eb164ebbf69413f336e272ed2c2
3734,3746,12,unique_exact,3746,3283c06484eba787ca6e846f1d5a920671ac2218a5cf6637a947e7a524e2df31
3735,3747,12,unique_exact,3747,b22167665300f789c292b3a8d55d68cef6d4435b3096abfd99fb486f24c5bd1c
3736,3748,12,unique_exact,3748,fd6f0b4fccf8312683efc1f9471cb4ce326b42d753e561c9ad35b2157375d8eb
3737,3749,12,unique_exact,3749,27d97a6c3a4c2e91220dcde4095333f77364ba1693e8328f18a9997856a9dc0e
3738,3750,12,unique_exact,3750,236101c2994a483007281fa122afe479a56197820ff83444dc35d66ea71b2900
3739,3751,12,unique_exact,3751,e7043ed3c62e3605138d8ea44029e1773460df72fbdfa068185f1e42e30008e4
3740,3752,12,unique_exact,3752,fca5c64f48929ff2167afe7a2d3893d39d2bc37fb71720154ab6179f6ec93bf7
3741,3753,12,unique_exact,3753,512a13331ed5edd418bbffdb7744a53f3d8224c2d2be02775cad3d820362e784
3742,3754,12,unique_exact,3754,47751be4dd99b27567b28c6092f47c1a7fd9f74a457bea21bfc610032cc5bab5
3743,3755,12,unique_exact,3755,a15a413602ebc76e60692f98236009888b19671181771f031db8132282aae105
3744,3756,12,unique_exact,3756,8f42d946d69593eef4fe9d57690b891592a99cffa88dc743d594da1c54caa9c8
3745,3757,12,unique_exact,3757,d29e4ce913ad1bc8fcf2fdf38ebe47d58e70c73d0c5d5d052f89ce6d972b2535
3746,3758,12,unique_exact,3758,cae3624a37151f26fcda1cb73d809db2d16db303fadb478b2fb8bedf5351a40e
3747,3759,12,unique_exact,3759,ad6fa0a14f29628e5cb6ead63bead60c07cba65fd95edd933d50f212b03b90ce
3748,3760,12,unique_exact,3760,53642045406d1dbef765bf07a238857ecdac3cc3cad6ef44c37ab8840cf85c6e
3749,3761,12,unique_exact,3761,1409664adc6fbd41451f16c25df81de3b776da98753c2e0abb24ed10498fa9fa
3750,3762,12,unique_exact,3762,cfa1f0024812a5f84e08e929d6dd470f0468c04adab0cc0a0a733ac4c96f45dd
3751,3763,12,unique_exact,3763,22bd282bff6ffd5a2ebeee64699089fe64ced41f4ed51242d93e6cbc6ae84947
3752,3764,12,unique_exact,3764,abe674f6b6b0e6e873e2cd6d36ff7ea03861945dd320c45fe5768e132d35acdb
3753,3765,12,unique_exact,3765,09708d496ec448908de4a6240c672743338acdc7a722a41990379254467bb496
3754,3766,12,unique_exact,3766,e5a685ac3abf5266d9be8c1219c7df9215ff0d70f44aa76da6c194eb04d514fd
3755,3767,12,unique_exact,3767,7846b5f9a5b03adf6e3462000cfd16d3845738c5a4c2f659664e8b88e1ec13ba
3756,3768,12,unique_exact,3768,af1b25ff6256ac47fee4fdb5407d7241b0cc7db796eedc85cfdcf09d56ecc811
3757,3769,12,unique_exact,3769,2ed6e1d19e61f41d97faa78af02310c21563778d47247fc169356f9c65429fdd
3758,3770,12,unique_exact,3770,10c94c36330c10c9a17a2ff879bdce30041ae1a164cafa5738e3f445e1ef6cb4
3759,3771,12,unique_exact,3771,d7d7b536e436cd5dfe7497abc14127cc3c15056a3bf15667a6c05adabec95b26
3760,3772,12,unique_exact,3772,f74d6d5757f2ae866ebb9fe0d4572ba73e6a17089a8e0a08af34d8363540b3e3
3761,3773,12,unique_exact,3773,672af99e5f8b44e2ad7a3c36b89a737e2d55b3012383ba9a70f13ab223f7c3ec
3762,3774,12,unique_exact,3774,15265940b1524b4440f98856e1a0a08bdf06a2bcf4ca0991bf3e8b743327b51a
3763,3775,12,unique_exact,3775,526a92286a7c58f85894c1c7b915ad1e8dacc3c6bea33d159db959a884131e05
3764,3776,12,unique_exact,3776,74eaa2de6f5c4111d1cea94dcca650ab639723de50dcef95d7f0b15fd4b9bdc9
3765,3777,12,unique_exact,3777,19effa89d02b25b7f43c66e9f66c9a920a1a166bdafb13d174ba574692212975
3766,3778,12,unique_exact,3778,d6dd203ea0ad433d1e766fee268a70a10da10765e6282eb5f6e438a544032b66
3767,3779,12,unique_exact,3779,c87c9efca8efc80a2b286dec18e9bf9adf77b0bfc163b775a6db928e1359f252
3768,3780,12,unique_exact,3780,0f933a0b5111d03bd0877e0a4b11524d8371a5d046d09a0e0f8c3a0afc5be1b6
3769,3781,12,unique_exact,3781,a636acc8ecb4b7442c737ba2e51afadc9ffbe6140ec0e6b3681de6cb26f8714e
3770,3782,12,unique_exact,3782,d66c779a6a5ee73506a06570675bedc710ff11cb110141b8e1a8f06b894f3298
3771,3783,12,unique_exact,3783,6fef91767753e2e8e290d4ae327375366091f4f20e26a0520c72c2715967885c
3772,3784,12,unique_exact,3784,631602e40e599ab594945a185eb22532b4d04cd04aba85fd9346f472812d7940
3773,3785,12,unique_exact,3785,f100b9c38f4c61b4f45918980fe03609447360e0491c02e1a2d63c09dc4a53ef
3774,3786,12,unique_exact,3786,82554aa43dcf3c259901b3e0bcdf4a57329b1331221a727e1730d61f4bd74bf7
3775,3787,12,unique_exact,3787,9b71250d3741572bcc6f2de7d41eff51b2cb3e8280af89f60bbd81d24b2e7b39
3776,3788,12,unique_exact,3788,9b66f62d8ebc237e020b379faddd00e054845cac3c9485fcd8f4af8092897d6a
3777,3789,12,unique_exact,3789,4d7d6fe2eb641b33907ada8bad90b288ba72ebbb4496615a15e77f308f9f907f
3778,3790,12,unique_exact,3790,aebb099252ad44a93e48f5852776d2cb87ecc3134b568317a62096efa18be692
3779,3791,12,unique_exact,3791,ad339ecab41723a1ae69765911bfb0ac59d5292d8804b629952c2e23f98c806c
3780,3792,12,unique_exact,3792,f2a48d300d50233972ca0c12ddfc494d24fba01a09ffaf4a7190080b68219a59
3781,3793,12,unique_exact,3793,608073254b4f0033185415cf04da23c053f0f2260e91406533f77f654f3a5fcc
3782,3794,12,unique_exact,3794,26cbd264a920d5d6ac83280dd28464553a17b0e176ac077fe5a5f3a370c43008
3783,3795,12,unique_exact,3795,ae2e698db0bc86ea7eb6cd7e9619ce33a4dbfc37677f81b7ff200c9c53b23dfb
3784,3796,12,unique_exact,3796,efa7b4b6ae2aa74a068f276857ecc4e6a76ba80444193d39842211ceeaba27fd
3785,3797,12,unique_exact,3797,40d35eb9f82d8296e831a77f709d60962a8deeb1acb16a63df516a7e815e7a3c
3786,3798,12,unique_exact,3798,ce8517a3ec295ebf1aef741591ffdc339cf76f456ee04821be9e8bf792bbbc8b
3787,3799,12,unique_exact,3799,2d39eecd0d3adbe593d37c4abc63a9cf5ed943de0b4913c2e39fb2a851d8bdf9
3788,3800,12,unique_exact,3800,07ffe1a25f5d4cd2a2fa18c11c5def56982ce7c8f59341d45f2c657e2978064a
3789,3801,12,unique_exact,3801,55859ff39e8804c4ca35536a767b49b21f562e393b157a74aad99a60b6e9fcb0
3790,3802,12,unique_exact,3802,21c12da62ccef49fd76047cf9e8f9a57a7a7ad9a72bbb368cecd5163ea88f77f
3791,3803,12,unique_exact,3803,d3869e67bda3da374c4ad7f743501b13440f64735a7b10ae6da16acb6d45c6c8
3792,3804,12,unique_exact,3804,452db6f234d8f13ade558f821549a71e488fbaca8013fb7fc7a822e6a987abea
3793,3805,12,unique_exact,3805,93a000ae9768a7f2eccca304df081645156c342dae9a8ba1ba9ff4ebbcbb45a3
3794,3806,12,unique_exact,3806,4b1de238c48db17f8a3999a357f665956b3fd13c6f4e2e6700252176cca0d7ef
3795,3807,12,unique_exact,3807,2c635c7c22940b59b04438c5c44fc4df0e9de2492f94f2135ce9bbd441b4ed11
3796,3808,12,unique_exact,3808,ea2ebc098cabf4b0faea88583358393be7aec842d23b89c5a9ff74c0ac90d09f
3797,3809,12,unique_exact,3809,4ac7a2284b4fe722aab522e380d7f3e707d7ab0db814339ef5ba6aea79c802e4
3798,3810,12,unique_exact,3810,72526d326e43197dde8fbd5a5b20e56f6135bd0bb2cdd1cff9ff85f9aab5ff99
3799,3811,12,unique_exact,3811,dd75682f2b2ba52bdaca5be668f5fd995b84330d360dab841608d981f76d2502
3800,3812,12,unique_exact,3812,a417e5fb252d08bc59b16fc59fe4ed3de17a141c97179649483dbc7b2c4a6f9c
3801,3813,12,unique_exact,3813,6eecb16f0c4f7b3360d1ea3ae312fba5ebf7820a05c0a5098d2ff122690cfd2b
