event_id,gt_id,reason,start,end,length,decision,notes
GT00001,75,previously_reported_case,663,663,1,unreviewed,
GT00002,75,multiple_substantial_regions,650,676,27,unreviewed,
GT00003,75,multiple_substantial_regions,1438,1443,6,unreviewed,
GT00004,75,multiple_substantial_regions,1491,1496,6,unreviewed,
GT00005,75,multiple_substantial_regions,800,804,5,unreviewed,
GT00006,75,multiple_substantial_regions,784,786,3,unreviewed,
GT00007,75,multiple_substantial_regions,163,164,2,unreviewed,
GT00008,75,multiple_substantial_regions,687,688,2,unreviewed,
GT00009,113,multiple_substantial_regions,2302,2303,2,unreviewed,
GT00010,113,multiple_substantial_regions,2306,2307,2,unreviewed,
GT00011,75,multiple_substantial_regions,131,131,1,unreviewed,
GT00012,75,multiple_substantial_regions,166,166,1,unreviewed,
GT00013,113,multiple_substantial_regions,271,271,1,unreviewed,
GT00014,75,multiple_substantial_regions,925,925,1,unreviewed,
GT00015,75,multiple_substantial_regions,1077,1077,1,unreviewed,
GT00016,75,multiple_substantial_regions,1080,1080,1,unreviewed,
GT00017,75,multiple_substantial_regions,1097,1097,1,unreviewed,
GT00018,113,multiple_substantial_regions,1751,1751,1,unreviewed,
GT00019,75,multiple_substantial_regions,1956,1956,1,unreviewed,
GT00020,75,multiple_substantial_regions,1966,1966,1,unreviewed,
GT00021,38,multiple_substantial_regions,2118,2118,1,unreviewed,
GT00022,113,multiple_substantial_regions,2252,2252,1,unreviewed,
GT00023,113,multiple_substantial_regions,2311,2311,1,unreviewed,
GT00024,75,multiple_substantial_regions,2431,2431,1,unreviewed,
GT00025,75,multiple_substantial_regions,2906,2906,1,unreviewed,
GT00026,75,multiple_substantial_regions,3279,3279,1,unreviewed,
GT00027,75,multiple_substantial_regions,3283,3283,1,unreviewed,
GT00028,14,centroid_jump,3414,3417,4,unreviewed,
GT00029,14,area_change,3414,3417,4,unreviewed,
GT00030,75,centroid_jump,921,923,3,unreviewed,
GT00031,38,area_change,428,429,2,unreviewed,
GT00032,14,centroid_jump,922,923,2,unreviewed,
GT00033,75,area_change,1084,1085,2,unreviewed,
GT00034,75,centroid_jump,1956,1957,2,unreviewed,
GT00035,75,centroid_jump,1966,1967,2,unreviewed,
GT00036,14,area_change,2177,2178,2,unreviewed,
GT00037,14,centroid_jump,2386,2387,2,unreviewed,
GT00038,14,centroid_jump,2906,2907,2,unreviewed,
GT00039,75,centroid_jump,2906,2907,2,unreviewed,
GT00040,14,area_change,2988,2989,2,unreviewed,
GT00041,75,area_change,3284,3285,2,unreviewed,
GT00042,75,centroid_jump,650,650,1,unreviewed,
GT00043,75,centroid_jump,677,677,1,unreviewed,
GT00044,14,area_change,922,922,1,unreviewed,
GT00045,14,centroid_jump,925,925,1,unreviewed,
GT00046,14,area_change,925,925,1,unreviewed,
GT00047,75,area_change,927,927,1,unreviewed,
GT00048,75,area_change,1078,1078,1,unreviewed,
GT00049,14,area_change,1082,1082,1,unreviewed,
GT00050,75,area_change,1082,1082,1,unreviewed,
GT00051,113,centroid_jump,1752,1752,1,unreviewed,
GT00052,113,centroid_jump,2030,2030,1,unreviewed,
GT00053,75,centroid_jump,2030,2030,1,unreviewed,
GT00054,75,area_change,2030,2030,1,unreviewed,
GT00055,38,area_change,2096,2096,1,unreviewed,
GT00056,38,area_change,2119,2119,1,unreviewed,
GT00057,113,area_change,2164,2164,1,unreviewed,
GT00058,113,area_change,2174,2174,1,unreviewed,
GT00059,14,centroid_jump,2175,2175,1,unreviewed,
GT00060,14,area_change,2175,2175,1,unreviewed,
GT00061,14,centroid_jump,2177,2177,1,unreviewed,
GT00062,113,area_change,2255,2255,1,unreviewed,
GT00063,113,centroid_jump,2302,2302,1,unreviewed,
GT00064,113,centroid_jump,2304,2304,1,unreviewed,
GT00065,113,centroid_jump,2312,2312,1,unreviewed,
GT00066,14,centroid_jump,2345,2345,1,unreviewed,
GT00067,14,area_change,2345,2345,1,unreviewed,
GT00068,14,centroid_jump,2529,2529,1,unreviewed,
GT00069,14,area_change,2529,2529,1,unreviewed,
GT00070,14,centroid_jump,2531,2531,1,unreviewed,
GT00071,14,area_change,2531,2531,1,unreviewed,
GT00072,14,centroid_jump,2614,2614,1,unreviewed,
GT00073,14,area_change,2614,2614,1,unreviewed,
GT00074,14,centroid_jump,2812,2812,1,unreviewed,
GT00075,14,area_change,2812,2812,1,unreviewed,
GT00076,14,centroid_jump,2909,2909,1,unreviewed,
GT00077,14,area_change,2909,2909,1,unreviewed,
GT00078,38,area_change,2941,2941,1,unreviewed,
GT00079,38,area_change,2943,2943,1,unreviewed,
GT00080,14,centroid_jump,3005,3005,1,unreviewed,
GT00081,14,area_change,3005,3005,1,unreviewed,
GT00082,75,centroid_jump,3082,3082,1,unreviewed,
GT00083,75,centroid_jump,3085,3085,1,unreviewed,
GT00084,75,area_change,3247,3247,1,unreviewed,
GT00085,75,area_change,3310,3310,1,unreviewed,
GT00086,38,centroid_jump,3413,3413,1,unreviewed,
GT00087,38,area_change,3415,3415,1,unreviewed,
GT00088,38,centroid_jump,3415,3415,1,unreviewed,
GT00089,38,area_change,3649,3649,1,unreviewed,
GT00090,38,centroid_jump,3729,3729,1,unreviewed,
GT00091,38,centroid_jump,3732,3732,1,unreviewed,
GT00092,21,unexpected_label,15,3813,3799,unreviewed,
GT00093,28,unexpected_label,15,3813,3799,unreviewed,
GT00094,7,unexpected_label,15,3813,3799,unreviewed,
GT00095,10,unexpected_label,15,3287,3273,unreviewed,
GT00096,29,unexpected_label,674,2099,1426,unreviewed,
GT00097,17,unexpected_label,676,2099,1424,unreviewed,
GT00098,2,unexpected_label,677,2099,1423,unreviewed,
GT00099,31,unexpected_label,677,2099,1423,unreviewed,
GT00100,36,unexpected_label,677,2099,1423,unreviewed,
GT00101,9,unexpected_label,677,2099,1423,unreviewed,
GT00102,106,unexpected_label,925,2187,1263,unreviewed,
GT00103,49,unexpected_label,925,2187,1263,unreviewed,
GT00104,64,unexpected_label,925,2187,1263,unreviewed,
GT00105,85,unexpected_label,925,2187,1263,unreviewed,
GT00106,92,unexpected_label,925,2187,1263,unreviewed,
GT00107,1,unexpected_label,925,2174,1250,unreviewed,
GT00108,11,unexpected_label,925,2174,1250,unreviewed,
GT00109,13,unexpected_label,925,2174,1250,unreviewed,
GT00110,3,unexpected_label,925,2174,1250,unreviewed,
GT00111,4,unexpected_label,925,2174,1250,unreviewed,
GT00112,6,unexpected_label,925,2174,1250,unreviewed,
GT00113,8,unexpected_label,925,2174,1250,unreviewed,
GT00114,106,unexpected_label,2252,3413,1162,unreviewed,
GT00115,49,unexpected_label,2252,3413,1162,unreviewed,
GT00116,64,unexpected_label,2252,3413,1162,unreviewed,
GT00117,85,unexpected_label,2252,3413,1162,unreviewed,
GT00118,92,unexpected_label,2252,3413,1162,unreviewed,
GT00119,19,unexpected_label,1102,2259,1158,unreviewed,
GT00120,33,unexpected_label,1102,2259,1158,unreviewed,
GT00121,42,unexpected_label,1102,2259,1158,unreviewed,
GT00122,5,unexpected_label,1102,2259,1158,unreviewed,
GT00123,56,unexpected_label,1102,2259,1158,unreviewed,
GT00124,61,unexpected_label,1102,2259,1158,unreviewed,
GT00125,70,unexpected_label,1102,2259,1158,unreviewed,
GT00126,49,unexpected_label,15,922,908,unreviewed,
GT00127,1,unexpected_label,15,921,907,unreviewed,
GT00128,106,unexpected_label,15,921,907,unreviewed,
GT00129,11,unexpected_label,15,921,907,unreviewed,
GT00130,13,unexpected_label,15,921,907,unreviewed,
GT00131,3,unexpected_label,15,921,907,unreviewed,
GT00132,4,unexpected_label,15,921,907,unreviewed,
GT00133,6,unexpected_label,15,921,907,unreviewed,
GT00134,64,unexpected_label,15,921,907,unreviewed,
GT00135,8,unexpected_label,15,921,907,unreviewed,
GT00136,85,unexpected_label,15,921,907,unreviewed,
GT00137,92,unexpected_label,15,921,907,unreviewed,
GT00138,17,unexpected_label,2118,2943,826,unreviewed,
GT00139,2,unexpected_label,2118,2943,826,unreviewed,
GT00140,29,unexpected_label,2118,2943,826,unreviewed,
GT00141,31,unexpected_label,2118,2943,826,unreviewed,
GT00142,36,unexpected_label,2118,2943,826,unreviewed,
GT00143,9,unexpected_label,2118,2943,826,unreviewed,
GT00144,33,unexpected_label,262,927,666,unreviewed,
GT00145,70,unexpected_label,262,927,666,unreviewed,
GT00146,19,unexpected_label,2431,3009,579,unreviewed,
GT00147,33,unexpected_label,2431,3009,579,unreviewed,
GT00148,42,unexpected_label,2431,3009,579,unreviewed,
GT00149,5,unexpected_label,2431,3009,579,unreviewed,
GT00150,56,unexpected_label,2431,3009,579,unreviewed,
GT00151,61,unexpected_label,2431,3009,579,unreviewed,
GT00152,70,unexpected_label,2431,3009,579,unreviewed,
GT00153,10,unexpected_label,3299,3813,515,unreviewed,
GT00154,19,unexpected_label,3309,3813,505,unreviewed,
GT00155,33,unexpected_label,3309,3813,505,unreviewed,
GT00156,42,unexpected_label,3309,3813,505,unreviewed,
GT00157,5,unexpected_label,3309,3813,505,unreviewed,
GT00158,56,unexpected_label,3309,3813,505,unreviewed,
GT00159,61,unexpected_label,3309,3813,505,unreviewed,
GT00160,70,unexpected_label,3309,3813,505,unreviewed,
GT00161,19,unexpected_label,460,927,468,unreviewed,
GT00162,42,unexpected_label,460,927,468,unreviewed,
GT00163,5,unexpected_label,460,927,468,unreviewed,
GT00164,56,unexpected_label,460,927,468,unreviewed,
GT00165,61,unexpected_label,460,927,468,unreviewed,
GT00166,1,unexpected_label,3417,3813,397,unreviewed,
GT00167,106,unexpected_label,3417,3813,397,unreviewed,
GT00168,11,unexpected_label,3417,3813,397,unreviewed,
GT00169,13,unexpected_label,3417,3813,397,unreviewed,
GT00170,3,unexpected_label,3417,3813,397,unreviewed,
GT00171,4,unexpected_label,3417,3813,397,unreviewed,
GT00172,49,unexpected_label,3417,3813,397,unreviewed,
GT00173,6,unexpected_label,3417,3813,397,unreviewed,
GT00174,64,unexpected_label,3417,3813,397,unreviewed,
GT00175,8,unexpected_label,3417,3813,397,unreviewed,
GT00176,85,unexpected_label,3417,3813,397,unreviewed,
GT00177,92,unexpected_label,3417,3813,397,unreviewed,
GT00178,29,unexpected_label,15,328,314,unreviewed,
GT00179,17,unexpected_label,15,326,312,unreviewed,
GT00180,2,unexpected_label,15,325,311,unreviewed,
GT00181,31,unexpected_label,15,325,311,unreviewed,
GT00182,36,unexpected_label,15,325,311,unreviewed,
GT00183,9,unexpected_label,15,325,311,unreviewed,
GT00184,17,unexpected_label,2980,3287,308,unreviewed,
GT00185,2,unexpected_label,2980,3287,308,unreviewed,
GT00186,29,unexpected_label,2980,3287,308,unreviewed,
GT00187,31,unexpected_label,2980,3287,308,unreviewed,
GT00188,36,unexpected_label,2980,3287,308,unreviewed,
GT00189,9,unexpected_label,2980,3287,308,unreviewed,
GT00190,1,unexpected_label,3014,3287,274,unreviewed,
GT00191,11,unexpected_label,3014,3287,274,unreviewed,
GT00192,13,unexpected_label,3014,3287,274,unreviewed,
GT00193,3,unexpected_label,3014,3287,274,unreviewed,
GT00194,4,unexpected_label,3014,3287,274,unreviewed,
GT00195,6,unexpected_label,3014,3287,274,unreviewed,
GT00196,8,unexpected_label,3014,3287,274,unreviewed,
GT00197,19,unexpected_label,15,260,246,unreviewed,
GT00198,33,unexpected_label,15,260,246,unreviewed,
GT00199,42,unexpected_label,15,260,246,unreviewed,
GT00200,5,unexpected_label,15,260,246,unreviewed,
GT00201,56,unexpected_label,15,260,246,unreviewed,
GT00202,61,unexpected_label,15,260,246,unreviewed,
GT00203,70,unexpected_label,15,260,246,unreviewed,
GT00204,17,unexpected_label,3412,3649,238,unreviewed,
GT00205,2,unexpected_label,3412,3649,238,unreviewed,
GT00206,29,unexpected_label,3412,3649,238,unreviewed,
GT00207,31,unexpected_label,3412,3649,238,unreviewed,
GT00208,36,unexpected_label,3412,3649,238,unreviewed,
GT00209,9,unexpected_label,3412,3649,238,unreviewed,
GT00210,1,unexpected_label,2614,2811,198,unreviewed,
GT00211,11,unexpected_label,2614,2811,198,unreviewed,
GT00212,13,unexpected_label,2614,2811,198,unreviewed,
GT00213,3,unexpected_label,2614,2811,198,unreviewed,
GT00214,4,unexpected_label,2614,2811,198,unreviewed,
GT00215,6,unexpected_label,2614,2811,198,unreviewed,
GT00216,8,unexpected_label,2614,2811,198,unreviewed,
GT00217,19,unexpected_label,262,457,196,unreviewed,
GT00218,42,unexpected_label,262,457,196,unreviewed,
GT00219,5,unexpected_label,262,457,196,unreviewed,
GT00220,56,unexpected_label,262,457,196,unreviewed,
GT00221,61,unexpected_label,262,457,196,unreviewed,
GT00222,18,unexpected_label,1842,2031,190,unreviewed,
GT00223,25,unexpected_label,1842,2031,190,unreviewed,
GT00224,41,unexpected_label,1842,2029,188,unreviewed,
GT00225,48,unexpected_label,1842,2029,188,unreviewed,
GT00226,60,unexpected_label,1842,2029,188,unreviewed,
GT00227,71,unexpected_label,1842,2029,188,unreviewed,
GT00228,60,unexpected_label,1484,1657,174,unreviewed,
GT00229,18,unexpected_label,1484,1656,173,unreviewed,
GT00230,25,unexpected_label,1484,1656,173,unreviewed,
GT00231,41,unexpected_label,1484,1656,173,unreviewed,
GT00232,48,unexpected_label,1484,1656,173,unreviewed,
GT00233,71,unexpected_label,1484,1656,173,unreviewed,
GT00234,1,unexpected_label,2177,2344,168,unreviewed,
GT00235,11,unexpected_label,2177,2344,168,unreviewed,
GT00236,13,unexpected_label,2177,2344,168,unreviewed,
GT00237,3,unexpected_label,2177,2344,168,unreviewed,
GT00238,4,unexpected_label,2177,2344,168,unreviewed,
GT00239,6,unexpected_label,2177,2344,168,unreviewed,
GT00240,8,unexpected_label,2177,2344,168,unreviewed,
GT00241,19,unexpected_label,942,1093,152,unreviewed,
GT00242,33,unexpected_label,942,1093,152,unreviewed,
GT00243,42,unexpected_label,942,1093,152,unreviewed,
GT00244,5,unexpected_label,942,1093,152,unreviewed,
GT00245,56,unexpected_label,942,1093,152,unreviewed,
GT00246,61,unexpected_label,942,1093,152,unreviewed,
GT00247,70,unexpected_label,942,1093,152,unreviewed,
GT00248,19,unexpected_label,3097,3247,151,unreviewed,
GT00249,33,unexpected_label,3097,3247,151,unreviewed,
GT00250,42,unexpected_label,3097,3247,151,unreviewed,
GT00251,5,unexpected_label,3097,3247,151,unreviewed,
GT00252,56,unexpected_label,3097,3247,151,unreviewed,
GT00253,61,unexpected_label,3097,3247,151,unreviewed,
GT00254,70,unexpected_label,3097,3247,151,unreviewed,
GT00255,1,unexpected_label,3305,3413,109,unreviewed,
GT00256,11,unexpected_label,3305,3413,109,unreviewed,
GT00257,13,unexpected_label,3305,3413,109,unreviewed,
GT00258,3,unexpected_label,3305,3413,109,unreviewed,
GT00259,4,unexpected_label,3305,3413,109,unreviewed,
GT00260,6,unexpected_label,3305,3413,109,unreviewed,
GT00261,8,unexpected_label,3305,3413,109,unreviewed,
GT00262,15,unexpected_label,1488,1587,100,unreviewed,
GT00263,17,unexpected_label,422,514,93,unreviewed,
GT00264,2,unexpected_label,422,514,93,unreviewed,
GT00265,29,unexpected_label,422,514,93,unreviewed,
GT00266,31,unexpected_label,422,514,93,unreviewed,
GT00267,36,unexpected_label,422,514,93,unreviewed,
GT00268,9,unexpected_label,422,514,93,unreviewed,
GT00269,17,unexpected_label,3725,3813,89,unreviewed,
GT00270,2,unexpected_label,3725,3813,89,unreviewed,
GT00271,29,unexpected_label,3725,3813,89,unreviewed,
GT00272,31,unexpected_label,3725,3813,89,unreviewed,
GT00273,36,unexpected_label,3725,3813,89,unreviewed,
GT00274,9,unexpected_label,3725,3813,89,unreviewed,
GT00275,42,unexpected_label,2308,2390,83,unreviewed,
GT00276,19,unexpected_label,2310,2390,81,unreviewed,
GT00277,33,unexpected_label,2310,2390,81,unreviewed,
GT00278,5,unexpected_label,2310,2390,81,unreviewed,
GT00279,56,unexpected_label,2310,2390,81,unreviewed,
GT00280,61,unexpected_label,2310,2390,81,unreviewed,
GT00281,70,unexpected_label,2310,2390,81,unreviewed,
GT00282,39,unexpected_label,269,347,79,unreviewed,
GT00283,88,unexpected_label,269,347,79,unreviewed,
GT00284,1,unexpected_label,2909,2987,79,unreviewed,
GT00285,11,unexpected_label,2909,2987,79,unreviewed,
GT00286,13,unexpected_label,2909,2987,79,unreviewed,
GT00287,3,unexpected_label,2909,2987,79,unreviewed,
GT00288,4,unexpected_label,2909,2987,79,unreviewed,
GT00289,6,unexpected_label,2909,2987,79,unreviewed,
GT00290,8,unexpected_label,2909,2987,79,unreviewed,
GT00291,107,unexpected_label,270,346,77,unreviewed,
GT00292,20,unexpected_label,270,346,77,unreviewed,
GT00293,57,unexpected_label,270,346,77,unreviewed,
GT00294,94,unexpected_label,270,346,77,unreviewed,
GT00295,60,unexpected_label,143,200,58,unreviewed,
GT00296,18,unexpected_label,143,196,54,unreviewed,
GT00297,25,unexpected_label,143,196,54,unreviewed,
GT00298,41,unexpected_label,143,196,54,unreviewed,
GT00299,48,unexpected_label,143,196,54,unreviewed,
GT00300,71,unexpected_label,143,196,54,unreviewed,
GT00301,15,unexpected_label,149,197,49,unreviewed,
GT00302,24,unexpected_label,1537,1583,47,unreviewed,
GT00303,39,unexpected_label,558,602,45,unreviewed,
GT00304,88,unexpected_label,558,602,45,unreviewed,
GT00305,107,unexpected_label,558,601,44,unreviewed,
GT00306,20,unexpected_label,558,601,44,unreviewed,
GT00307,57,unexpected_label,558,601,44,unreviewed,
GT00308,94,unexpected_label,558,601,44,unreviewed,
GT00309,18,unexpected_label,773,816,44,unreviewed,
GT00310,25,unexpected_label,773,816,44,unreviewed,
GT00311,41,unexpected_label,773,816,44,unreviewed,
GT00312,48,unexpected_label,773,816,44,unreviewed,
GT00313,60,unexpected_label,773,816,44,unreviewed,
GT00314,71,unexpected_label,773,816,44,unreviewed,
GT00315,107,unexpected_label,438,479,42,unreviewed,
GT00316,20,unexpected_label,438,479,42,unreviewed,
GT00317,39,unexpected_label,438,479,42,unreviewed,
GT00318,57,unexpected_label,438,479,42,unreviewed,
GT00319,88,unexpected_label,438,479,42,unreviewed,
GT00320,94,unexpected_label,438,479,42,unreviewed,
GT00321,2,unexpected_label,3299,3337,39,unreviewed,
GT00322,17,unexpected_label,3299,3336,38,unreviewed,
GT00323,29,unexpected_label,3299,3336,38,unreviewed,
GT00324,31,unexpected_label,3299,3336,38,unreviewed,
GT00325,36,unexpected_label,3299,3336,38,unreviewed,
GT00326,9,unexpected_label,3299,3336,38,unreviewed,
GT00327,57,unexpected_label,781,815,35,unreviewed,
GT00328,111,unexpected_label,800,832,33,unreviewed,
GT00329,77,unexpected_label,800,832,33,unreviewed,
GT00330,82,unexpected_label,800,832,33,unreviewed,
GT00331,96,unexpected_label,800,832,33,unreviewed,
GT00332,104,unexpected_label,801,831,31,unreviewed,
GT00333,18,unexpected_label,1052,1082,31,unreviewed,
GT00334,25,unexpected_label,1052,1082,31,unreviewed,
GT00335,41,unexpected_label,1052,1082,31,unreviewed,
GT00336,48,unexpected_label,1052,1082,31,unreviewed,
GT00337,71,unexpected_label,1052,1082,31,unreviewed,
GT00338,39,unexpected_label,615,644,30,unreviewed,
GT00339,88,unexpected_label,615,644,30,unreviewed,
GT00340,60,unexpected_label,1052,1081,30,unreviewed,
GT00341,18,unexpected_label,1232,1261,30,unreviewed,
GT00342,25,unexpected_label,1232,1261,30,unreviewed,
GT00343,60,unexpected_label,1232,1261,30,unreviewed,
GT00344,20,unexpected_label,618,646,29,unreviewed,
GT00345,48,unexpected_label,1232,1260,29,unreviewed,
GT00346,107,unexpected_label,618,645,28,unreviewed,
GT00347,57,unexpected_label,618,645,28,unreviewed,
GT00348,94,unexpected_label,618,645,28,unreviewed,
GT00349,41,unexpected_label,1233,1260,28,unreviewed,
GT00350,71,unexpected_label,1233,1260,28,unreviewed,
GT00351,18,unexpected_label,1428,1454,27,unreviewed,
GT00352,25,unexpected_label,1428,1454,27,unreviewed,
GT00353,41,unexpected_label,1428,1454,27,unreviewed,
GT00354,48,unexpected_label,1428,1454,27,unreviewed,
GT00355,60,unexpected_label,1428,1454,27,unreviewed,
GT00356,71,unexpected_label,1428,1454,27,unreviewed,
GT00357,63,unexpected_label,807,832,26,unreviewed,
GT00358,15,unexpected_label,1057,1082,26,unreviewed,
GT00359,47,unexpected_label,2576,2601,26,unreviewed,
GT00360,26,unexpected_label,1533,1556,24,unreviewed,
GT00361,57,unexpected_label,1533,1556,24,unreviewed,
GT00362,59,unexpected_label,1533,1556,24,unreviewed,
GT00363,57,unexpected_label,2028,2051,24,unreviewed,
GT00364,46,unexpected_label,1561,1583,23,unreviewed,
GT00365,15,unexpected_label,1635,1657,23,unreviewed,
GT00366,107,unexpected_label,2030,2051,22,unreviewed,
GT00367,20,unexpected_label,2030,2051,22,unreviewed,
GT00368,39,unexpected_label,2030,2051,22,unreviewed,
GT00369,88,unexpected_label,2030,2051,22,unreviewed,
GT00370,94,unexpected_label,2030,2051,22,unreviewed,
GT00371,15,unexpected_label,1968,1988,21,unreviewed,
GT00372,57,unexpected_label,1973,1993,21,unreviewed,
GT00373,59,unexpected_label,1973,1993,21,unreviewed,
GT00374,17,unexpected_label,630,649,20,unreviewed,
GT00375,15,unexpected_label,1992,2011,20,unreviewed,
GT00376,15,unexpected_label,674,692,19,unreviewed,
GT00377,18,unexpected_label,674,692,19,unreviewed,
GT00378,25,unexpected_label,674,692,19,unreviewed,
GT00379,41,unexpected_label,674,692,19,unreviewed,
GT00380,48,unexpected_label,674,692,19,unreviewed,
GT00381,60,unexpected_label,674,692,19,unreviewed,
GT00382,71,unexpected_label,674,692,19,unreviewed,
GT00383,22,unexpected_label,1532,1550,19,unreviewed,
GT00384,45,unexpected_label,1532,1550,19,unreviewed,
GT00385,15,unexpected_label,1615,1633,19,unreviewed,
GT00386,15,unexpected_label,1944,1962,19,unreviewed,
GT00387,2,unexpected_label,632,649,18,unreviewed,
GT00388,29,unexpected_label,632,649,18,unreviewed,
GT00389,31,unexpected_label,632,649,18,unreviewed,
GT00390,36,unexpected_label,632,649,18,unreviewed,
GT00391,9,unexpected_label,632,649,18,unreviewed,
GT00392,15,unexpected_label,1845,1862,18,unreviewed,
GT00393,1,unexpected_label,2396,2413,18,unreviewed,
GT00394,11,unexpected_label,2396,2413,18,unreviewed,
GT00395,13,unexpected_label,2396,2413,18,unreviewed,
GT00396,3,unexpected_label,2396,2413,18,unreviewed,
GT00397,4,unexpected_label,2396,2413,18,unreviewed,
GT00398,6,unexpected_label,2396,2413,18,unreviewed,
GT00399,8,unexpected_label,2396,2413,18,unreviewed,
GT00400,19,unexpected_label,3078,3095,18,unreviewed,
GT00401,33,unexpected_label,3078,3095,18,unreviewed,
GT00402,42,unexpected_label,3078,3095,18,unreviewed,
GT00403,5,unexpected_label,3078,3095,18,unreviewed,
GT00404,56,unexpected_label,3078,3095,18,unreviewed,
GT00405,61,unexpected_label,3078,3095,18,unreviewed,
GT00406,70,unexpected_label,3078,3095,18,unreviewed,
GT00407,46,unexpected_label,1530,1546,17,unreviewed,
GT00408,15,unexpected_label,1881,1897,17,unreviewed,
GT00409,57,unexpected_label,1955,1971,17,unreviewed,
GT00410,59,unexpected_label,1955,1971,17,unreviewed,
GT00411,25,unexpected_label,618,633,16,unreviewed,
GT00412,32,unexpected_label,618,633,16,unreviewed,
GT00413,67,unexpected_label,618,633,16,unreviewed,
GT00414,111,unexpected_label,771,786,16,unreviewed,
GT00415,77,unexpected_label,771,786,16,unreviewed,
GT00416,82,unexpected_label,771,786,16,unreviewed,
GT00417,96,unexpected_label,771,786,16,unreviewed,
GT00418,39,unexpected_label,900,915,16,unreviewed,
GT00419,88,unexpected_label,900,915,16,unreviewed,
GT00420,24,unexpected_label,1944,1959,16,unreviewed,
GT00421,1,unexpected_label,2989,3004,16,unreviewed,
GT00422,11,unexpected_label,2989,3004,16,unreviewed,
GT00423,13,unexpected_label,2989,3004,16,unreviewed,
GT00424,3,unexpected_label,2989,3004,16,unreviewed,
GT00425,4,unexpected_label,2989,3004,16,unreviewed,
GT00426,6,unexpected_label,2989,3004,16,unreviewed,
GT00427,8,unexpected_label,2989,3004,16,unreviewed,
GT00428,24,unexpected_label,163,177,15,unreviewed,
GT00429,46,unexpected_label,163,177,15,unreviewed,
GT00430,104,unexpected_label,772,786,15,unreviewed,
GT00431,59,unexpected_label,782,796,15,unreviewed,
GT00432,107,unexpected_label,901,915,15,unreviewed,
GT00433,20,unexpected_label,901,915,15,unreviewed,
GT00434,57,unexpected_label,901,915,15,unreviewed,
GT00435,94,unexpected_label,901,915,15,unreviewed,
GT00436,15,unexpected_label,1232,1246,15,unreviewed,
GT00437,46,unexpected_label,1232,1246,15,unreviewed,
GT00438,15,unexpected_label,1597,1611,15,unreviewed,
GT00439,24,unexpected_label,1997,2011,15,unreviewed,
GT00440,46,unexpected_label,1997,2011,15,unreviewed,
GT00441,27,unexpected_label,2004,2018,15,unreviewed,
GT00442,57,unexpected_label,2004,2018,15,unreviewed,
GT00443,59,unexpected_label,2004,2018,15,unreviewed,
GT00444,15,unexpected_label,793,806,14,unreviewed,
GT00445,103,unexpected_label,807,820,14,unreviewed,
GT00446,84,unexpected_label,807,820,14,unreviewed,
GT00447,15,unexpected_label,1248,1261,14,unreviewed,
GT00448,103,unexpected_label,262,274,13,unreviewed,
GT00449,111,unexpected_label,262,274,13,unreviewed,
GT00450,77,unexpected_label,262,274,13,unreviewed,
GT00451,82,unexpected_label,262,274,13,unreviewed,
GT00452,84,unexpected_label,262,274,13,unreviewed,
GT00453,96,unexpected_label,262,274,13,unreviewed,
GT00454,25,unexpected_label,567,579,13,unreviewed,
GT00455,32,unexpected_label,567,579,13,unreviewed,
GT00456,67,unexpected_label,567,579,13,unreviewed,
GT00457,27,unexpected_label,1588,1600,13,unreviewed,
GT00458,57,unexpected_label,1588,1600,13,unreviewed,
GT00459,59,unexpected_label,1588,1600,13,unreviewed,
GT00460,27,unexpected_label,1603,1615,13,unreviewed,
GT00461,57,unexpected_label,1603,1615,13,unreviewed,
GT00462,59,unexpected_label,1603,1615,13,unreviewed,
GT00463,24,unexpected_label,150,161,12,unreviewed,
GT00464,46,unexpected_label,150,161,12,unreviewed,
GT00465,22,unexpected_label,289,300,12,unreviewed,
GT00466,66,unexpected_label,289,300,12,unreviewed,
GT00467,15,unexpected_label,1437,1448,12,unreviewed,
GT00468,46,unexpected_label,1548,1559,12,unreviewed,
GT00469,22,unexpected_label,170,180,11,unreviewed,
GT00470,45,unexpected_label,170,180,11,unreviewed,
GT00471,22,unexpected_label,560,570,11,unreviewed,
GT00472,29,unexpected_label,560,570,11,unreviewed,
GT00473,66,unexpected_label,560,570,11,unreviewed,
GT00474,17,unexpected_label,618,628,11,unreviewed,
GT00475,22,unexpected_label,675,685,11,unreviewed,
GT00476,63,unexpected_label,776,786,11,unreviewed,
GT00477,27,unexpected_label,782,792,11,unreviewed,
GT00478,15,unexpected_label,980,990,11,unreviewed,
GT00479,18,unexpected_label,980,990,11,unreviewed,
GT00480,25,unexpected_label,980,990,11,unreviewed,
GT00481,41,unexpected_label,980,990,11,unreviewed,
GT00482,48,unexpected_label,980,990,11,unreviewed,
GT00483,60,unexpected_label,980,990,11,unreviewed,
GT00484,71,unexpected_label,980,990,11,unreviewed,
GT00485,22,unexpected_label,1621,1631,11,unreviewed,
GT00486,45,unexpected_label,1621,1631,11,unreviewed,
GT00487,46,unexpected_label,1881,1891,11,unreviewed,
GT00488,27,unexpected_label,1902,1912,11,unreviewed,
GT00489,57,unexpected_label,1902,1912,11,unreviewed,
GT00490,59,unexpected_label,1902,1912,11,unreviewed,
GT00491,27,unexpected_label,1973,1983,11,unreviewed,
GT00492,24,unexpected_label,1978,1988,11,unreviewed,
GT00493,26,unexpected_label,1983,1993,11,unreviewed,
GT00494,111,unexpected_label,127,136,10,unreviewed,
GT00495,63,unexpected_label,127,136,10,unreviewed,
GT00496,77,unexpected_label,127,136,10,unreviewed,
GT00497,82,unexpected_label,127,136,10,unreviewed,
GT00498,96,unexpected_label,127,136,10,unreviewed,
GT00499,103,unexpected_label,251,260,10,unreviewed,
GT00500,111,unexpected_label,251,260,10,unreviewed,
GT00501,84,unexpected_label,251,260,10,unreviewed,
GT00502,107,unexpected_label,785,794,10,unreviewed,
GT00503,20,unexpected_label,785,794,10,unreviewed,
GT00504,94,unexpected_label,785,794,10,unreviewed,
GT00505,39,unexpected_label,786,795,10,unreviewed,
GT00506,88,unexpected_label,786,795,10,unreviewed,
GT00507,22,unexpected_label,797,806,10,unreviewed,
GT00508,18,unexpected_label,1084,1093,10,unreviewed,
GT00509,25,unexpected_label,1084,1093,10,unreviewed,
GT00510,48,unexpected_label,1084,1093,10,unreviewed,
GT00511,60,unexpected_label,1084,1093,10,unreviewed,
GT00512,24,unexpected_label,1599,1608,10,unreviewed,
GT00513,46,unexpected_label,1599,1608,10,unreviewed,
GT00514,77,unexpected_label,250,258,9,unreviewed,
GT00515,82,unexpected_label,250,258,9,unreviewed,
GT00516,63,unexpected_label,262,270,9,unreviewed,
GT00517,86,unexpected_label,785,793,9,unreviewed,
GT00518,87,unexpected_label,785,793,9,unreviewed,
GT00519,24,unexpected_label,798,806,9,unreviewed,
GT00520,46,unexpected_label,798,806,9,unreviewed,
GT00521,107,unexpected_label,803,811,9,unreviewed,
GT00522,20,unexpected_label,803,811,9,unreviewed,
GT00523,39,unexpected_label,803,811,9,unreviewed,
GT00524,88,unexpected_label,803,811,9,unreviewed,
GT00525,94,unexpected_label,803,811,9,unreviewed,
GT00526,27,unexpected_label,807,815,9,unreviewed,
GT00527,40,unexpected_label,807,815,9,unreviewed,
GT00528,59,unexpected_label,807,815,9,unreviewed,
GT00529,26,unexpected_label,808,816,9,unreviewed,
GT00530,26,unexpected_label,1491,1499,9,unreviewed,
GT00531,57,unexpected_label,1491,1499,9,unreviewed,
GT00532,59,unexpected_label,1491,1499,9,unreviewed,
GT00533,46,unexpected_label,1509,1517,9,unreviewed,
GT00534,22,unexpected_label,1522,1530,9,unreviewed,
GT00535,45,unexpected_label,1522,1530,9,unreviewed,
GT00536,12,unexpected_label,1547,1555,9,unreviewed,
GT00537,27,unexpected_label,1547,1555,9,unreviewed,
GT00538,43,unexpected_label,1547,1555,9,unreviewed,
GT00539,24,unexpected_label,1635,1643,9,unreviewed,
GT00540,46,unexpected_label,1635,1643,9,unreviewed,
GT00541,15,unexpected_label,1899,1907,9,unreviewed,
GT00542,27,unexpected_label,1916,1924,9,unreviewed,
GT00543,57,unexpected_label,1916,1924,9,unreviewed,
GT00544,59,unexpected_label,1916,1924,9,unreviewed,
GT00545,18,unexpected_label,2037,2045,9,unreviewed,
GT00546,25,unexpected_label,2037,2045,9,unreviewed,
GT00547,32,unexpected_label,2037,2045,9,unreviewed,
GT00548,67,unexpected_label,2037,2045,9,unreviewed,
GT00549,103,unexpected_label,127,134,8,unreviewed,
GT00550,84,unexpected_label,127,134,8,unreviewed,
GT00551,57,unexpected_label,143,150,8,unreviewed,
GT00552,59,unexpected_label,143,150,8,unreviewed,
GT00553,63,unexpected_label,250,257,8,unreviewed,
GT00554,96,unexpected_label,251,258,8,unreviewed,
GT00555,86,unexpected_label,272,279,8,unreviewed,
GT00556,87,unexpected_label,272,279,8,unreviewed,
GT00557,86,unexpected_label,300,307,8,unreviewed,
GT00558,87,unexpected_label,300,307,8,unreviewed,
GT00559,22,unexpected_label,302,309,8,unreviewed,
GT00560,66,unexpected_label,302,309,8,unreviewed,
GT00561,22,unexpected_label,339,346,8,unreviewed,
GT00562,29,unexpected_label,339,346,8,unreviewed,
GT00563,66,unexpected_label,339,346,8,unreviewed,
GT00564,111,unexpected_label,450,457,8,unreviewed,
GT00565,77,unexpected_label,450,457,8,unreviewed,
GT00566,82,unexpected_label,450,457,8,unreviewed,
GT00567,22,unexpected_label,581,588,8,unreviewed,
GT00568,29,unexpected_label,581,588,8,unreviewed,
GT00569,66,unexpected_label,581,588,8,unreviewed,
GT00570,45,unexpected_label,675,682,8,unreviewed,
GT00571,103,unexpected_label,771,778,8,unreviewed,
GT00572,84,unexpected_label,771,778,8,unreviewed,
GT00573,39,unexpected_label,776,783,8,unreviewed,
GT00574,88,unexpected_label,776,783,8,unreviewed,
GT00575,15,unexpected_label,784,791,8,unreviewed,
GT00576,22,unexpected_label,1074,1081,8,unreviewed,
GT00577,45,unexpected_label,1074,1081,8,unreviewed,
GT00578,15,unexpected_label,1428,1435,8,unreviewed,
GT00579,24,unexpected_label,1437,1444,8,unreviewed,
GT00580,46,unexpected_label,1437,1444,8,unreviewed,
GT00581,15,unexpected_label,1864,1871,8,unreviewed,
GT00582,15,unexpected_label,1928,1935,8,unreviewed,
GT00583,46,unexpected_label,1928,1935,8,unreviewed,
GT00584,46,unexpected_label,1944,1951,8,unreviewed,
GT00585,27,unexpected_label,1963,1970,8,unreviewed,
GT00586,27,unexpected_label,1995,2002,8,unreviewed,
GT00587,57,unexpected_label,1995,2002,8,unreviewed,
GT00588,59,unexpected_label,1995,2002,8,unreviewed,
GT00589,22,unexpected_label,2031,2038,8,unreviewed,
GT00590,66,unexpected_label,2031,2038,8,unreviewed,
GT00591,107,unexpected_label,2167,2174,8,unreviewed,
GT00592,20,unexpected_label,2167,2174,8,unreviewed,
GT00593,39,unexpected_label,2167,2174,8,unreviewed,
GT00594,57,unexpected_label,2167,2174,8,unreviewed,
GT00595,88,unexpected_label,2167,2174,8,unreviewed,
GT00596,94,unexpected_label,2167,2174,8,unreviewed,
GT00597,15,unexpected_label,2989,2996,8,unreviewed,
GT00598,108,unexpected_label,3430,3437,8,unreviewed,
GT00599,43,unexpected_label,3430,3437,8,unreviewed,
GT00600,52,unexpected_label,3430,3437,8,unreviewed,
GT00601,57,unexpected_label,3430,3437,8,unreviewed,
GT00602,71,unexpected_label,3430,3437,8,unreviewed,
GT00603,80,unexpected_label,3430,3437,8,unreviewed,
GT00604,94,unexpected_label,3430,3437,8,unreviewed,
GT00605,99,unexpected_label,3430,3437,8,unreviewed,
GT00606,16,unexpected_label,3439,3446,8,unreviewed,
GT00607,20,unexpected_label,3439,3446,8,unreviewed,
GT00608,25,unexpected_label,3439,3446,8,unreviewed,
GT00609,32,unexpected_label,3439,3446,8,unreviewed,
GT00610,34,unexpected_label,3439,3446,8,unreviewed,
GT00611,37,unexpected_label,3439,3446,8,unreviewed,
GT00612,57,unexpected_label,184,190,7,unreviewed,
GT00613,59,unexpected_label,184,190,7,unreviewed,
GT00614,26,unexpected_label,251,257,7,unreviewed,
GT00615,78,unexpected_label,251,257,7,unreviewed,
GT00616,86,unexpected_label,310,316,7,unreviewed,
GT00617,87,unexpected_label,310,316,7,unreviewed,
GT00618,103,unexpected_label,450,456,7,unreviewed,
GT00619,84,unexpected_label,450,456,7,unreviewed,
GT00620,96,unexpected_label,450,456,7,unreviewed,
GT00621,22,unexpected_label,461,467,7,unreviewed,
GT00622,66,unexpected_label,461,467,7,unreviewed,
GT00623,57,unexpected_label,773,779,7,unreviewed,
GT00624,22,unexpected_label,1063,1069,7,unreviewed,
GT00625,45,unexpected_label,1063,1069,7,unreviewed,
GT00626,24,unexpected_label,1065,1071,7,unreviewed,
GT00627,46,unexpected_label,1065,1071,7,unreviewed,
GT00628,41,unexpected_label,1084,1090,7,unreviewed,
GT00629,71,unexpected_label,1084,1090,7,unreviewed,
GT00630,15,unexpected_label,1087,1093,7,unreviewed,
GT00631,57,unexpected_label,1448,1454,7,unreviewed,
GT00632,59,unexpected_label,1448,1454,7,unreviewed,
GT00633,24,unexpected_label,1488,1494,7,unreviewed,
GT00634,46,unexpected_label,1488,1494,7,unreviewed,
GT00635,24,unexpected_label,1513,1519,7,unreviewed,
GT00636,22,unexpected_label,1552,1558,7,unreviewed,
GT00637,45,unexpected_label,1552,1558,7,unreviewed,
GT00638,27,unexpected_label,1639,1645,7,unreviewed,
GT00639,57,unexpected_label,1639,1645,7,unreviewed,
GT00640,59,unexpected_label,1639,1645,7,unreviewed,
GT00641,15,unexpected_label,1873,1879,7,unreviewed,
GT00642,46,unexpected_label,1953,1959,7,unreviewed,
GT00643,26,unexpected_label,1961,1967,7,unreviewed,
GT00644,22,unexpected_label,1971,1977,7,unreviewed,
GT00645,45,unexpected_label,1971,1977,7,unreviewed,
GT00646,22,unexpected_label,2167,2173,7,unreviewed,
GT00647,66,unexpected_label,2167,2173,7,unreviewed,
GT00648,47,unexpected_label,2689,2695,7,unreviewed,
GT00649,18,unexpected_label,2989,2995,7,unreviewed,
GT00650,25,unexpected_label,2989,2995,7,unreviewed,
GT00651,41,unexpected_label,2989,2995,7,unreviewed,
GT00652,48,unexpected_label,2989,2995,7,unreviewed,
GT00653,71,unexpected_label,2989,2995,7,unreviewed,
GT00654,18,unexpected_label,3439,3445,7,unreviewed,
GT00655,15,unexpected_label,3441,3447,7,unreviewed,
GT00656,24,unexpected_label,3441,3447,7,unreviewed,
GT00657,40,unexpected_label,127,132,6,unreviewed,
GT00658,104,unexpected_label,131,136,6,unreviewed,
GT00659,26,unexpected_label,143,148,6,unreviewed,
GT00660,27,unexpected_label,145,150,6,unreviewed,
GT00661,22,unexpected_label,442,447,6,unreviewed,
GT00662,66,unexpected_label,442,447,6,unreviewed,
GT00663,25,unexpected_label,458,463,6,unreviewed,
GT00664,86,unexpected_label,474,479,6,unreviewed,
GT00665,87,unexpected_label,474,479,6,unreviewed,
GT00666,18,unexpected_label,570,575,6,unreviewed,
GT00667,24,unexpected_label,682,687,6,unreviewed,
GT00668,46,unexpected_label,682,687,6,unreviewed,
GT00669,22,unexpected_label,781,786,6,unreviewed,
GT00670,59,unexpected_label,798,803,6,unreviewed,
GT00671,89,unexpected_label,826,831,6,unreviewed,
GT00672,99,unexpected_label,826,831,6,unreviewed,
GT00673,22,unexpected_label,982,987,6,unreviewed,
GT00674,45,unexpected_label,982,987,6,unreviewed,
GT00675,57,unexpected_label,1052,1057,6,unreviewed,
GT00676,59,unexpected_label,1052,1057,6,unreviewed,
GT00677,57,unexpected_label,1084,1089,6,unreviewed,
GT00678,59,unexpected_label,1084,1089,6,unreviewed,
GT00679,107,unexpected_label,1109,1114,6,unreviewed,
GT00680,20,unexpected_label,1109,1114,6,unreviewed,
GT00681,39,unexpected_label,1109,1114,6,unreviewed,
GT00682,57,unexpected_label,1109,1114,6,unreviewed,
GT00683,88,unexpected_label,1109,1114,6,unreviewed,
GT00684,94,unexpected_label,1109,1114,6,unreviewed,
GT00685,22,unexpected_label,1438,1443,6,unreviewed,
GT00686,45,unexpected_label,1438,1443,6,unreviewed,
GT00687,24,unexpected_label,1530,1535,6,unreviewed,
GT00688,22,unexpected_label,1560,1565,6,unreviewed,
GT00689,45,unexpected_label,1560,1565,6,unreviewed,
GT00690,27,unexpected_label,1618,1623,6,unreviewed,
GT00691,57,unexpected_label,1618,1623,6,unreviewed,
GT00692,59,unexpected_label,1618,1623,6,unreviewed,
GT00693,22,unexpected_label,1649,1654,6,unreviewed,
GT00694,45,unexpected_label,1649,1654,6,unreviewed,
GT00695,43,unexpected_label,1747,1752,6,unreviewed,
GT00696,52,unexpected_label,1747,1752,6,unreviewed,
GT00697,57,unexpected_label,1747,1752,6,unreviewed,
GT00698,71,unexpected_label,1747,1752,6,unreviewed,
GT00699,80,unexpected_label,1747,1752,6,unreviewed,
GT00700,94,unexpected_label,1747,1752,6,unreviewed,
GT00701,46,unexpected_label,1983,1988,6,unreviewed,
GT00702,15,unexpected_label,2022,2027,6,unreviewed,
GT00703,24,unexpected_label,2022,2027,6,unreviewed,
GT00704,46,unexpected_label,2022,2027,6,unreviewed,
GT00705,108,unexpected_label,2305,2310,6,unreviewed,
GT00706,43,unexpected_label,2305,2310,6,unreviewed,
GT00707,71,unexpected_label,2305,2310,6,unreviewed,
GT00708,99,unexpected_label,2305,2310,6,unreviewed,
GT00709,60,unexpected_label,2989,2994,6,unreviewed,
GT00710,50,unexpected_label,3430,3435,6,unreviewed,
GT00711,26,unexpected_label,127,131,5,unreviewed,
GT00712,78,unexpected_label,127,131,5,unreviewed,
GT00713,89,unexpected_label,131,135,5,unreviewed,
GT00714,99,unexpected_label,131,135,5,unreviewed,
GT00715,26,unexpected_label,184,188,5,unreviewed,
GT00716,22,unexpected_label,185,189,5,unreviewed,
GT00717,45,unexpected_label,185,189,5,unreviewed,
GT00718,26,unexpected_label,202,206,5,unreviewed,
GT00719,57,unexpected_label,202,206,5,unreviewed,
GT00720,59,unexpected_label,202,206,5,unreviewed,
GT00721,31,unexpected_label,329,333,5,unreviewed,
GT00722,36,unexpected_label,329,333,5,unreviewed,
GT00723,86,unexpected_label,329,333,5,unreviewed,
GT00724,87,unexpected_label,329,333,5,unreviewed,
GT00725,86,unexpected_label,448,452,5,unreviewed,
GT00726,87,unexpected_label,448,452,5,unreviewed,
GT00727,18,unexpected_label,458,462,5,unreviewed,
GT00728,17,unexpected_label,575,579,5,unreviewed,
GT00729,18,unexpected_label,629,633,5,unreviewed,
GT00730,89,unexpected_label,771,775,5,unreviewed,
GT00731,99,unexpected_label,771,775,5,unreviewed,
GT00732,107,unexpected_label,775,779,5,unreviewed,
GT00733,20,unexpected_label,775,779,5,unreviewed,
GT00734,94,unexpected_label,775,779,5,unreviewed,
GT00735,40,unexpected_label,777,781,5,unreviewed,
GT00736,67,unexpected_label,779,783,5,unreviewed,
GT00737,81,unexpected_label,779,783,5,unreviewed,
GT00738,78,unexpected_label,782,786,5,unreviewed,
GT00739,24,unexpected_label,784,788,5,unreviewed,
GT00740,46,unexpected_label,784,788,5,unreviewed,
GT00741,15,unexpected_label,808,812,5,unreviewed,
GT00742,24,unexpected_label,808,812,5,unreviewed,
GT00743,46,unexpected_label,808,812,5,unreviewed,
GT00744,89,unexpected_label,813,817,5,unreviewed,
GT00745,99,unexpected_label,813,817,5,unreviewed,
GT00746,40,unexpected_label,821,825,5,unreviewed,
GT00747,22,unexpected_label,1089,1093,5,unreviewed,
GT00748,45,unexpected_label,1089,1093,5,unreviewed,
GT00749,15,unexpected_label,1095,1099,5,unreviewed,
GT00750,18,unexpected_label,1095,1099,5,unreviewed,
GT00751,19,unexpected_label,1095,1099,5,unreviewed,
GT00752,25,unexpected_label,1095,1099,5,unreviewed,
GT00753,41,unexpected_label,1095,1099,5,unreviewed,
GT00754,42,unexpected_label,1095,1099,5,unreviewed,
GT00755,48,unexpected_label,1095,1099,5,unreviewed,
GT00756,5,unexpected_label,1095,1099,5,unreviewed,
GT00757,56,unexpected_label,1095,1099,5,unreviewed,
GT00758,60,unexpected_label,1095,1099,5,unreviewed,
GT00759,71,unexpected_label,1095,1099,5,unreviewed,
GT00760,22,unexpected_label,1248,1252,5,unreviewed,
GT00761,45,unexpected_label,1248,1252,5,unreviewed,
GT00762,27,unexpected_label,1448,1452,5,unreviewed,
GT00763,15,unexpected_label,1450,1454,5,unreviewed,
GT00764,57,unexpected_label,1511,1515,5,unreviewed,
GT00765,59,unexpected_label,1511,1515,5,unreviewed,
GT00766,57,unexpected_label,1568,1572,5,unreviewed,
GT00767,59,unexpected_label,1568,1572,5,unreviewed,
GT00768,22,unexpected_label,1581,1585,5,unreviewed,
GT00769,45,unexpected_label,1581,1585,5,unreviewed,
GT00770,46,unexpected_label,1616,1620,5,unreviewed,
GT00771,50,unexpected_label,1748,1752,5,unreviewed,
GT00772,15,unexpected_label,1836,1840,5,unreviewed,
GT00773,41,unexpected_label,1836,1840,5,unreviewed,
GT00774,60,unexpected_label,1836,1840,5,unreviewed,
GT00775,71,unexpected_label,1836,1840,5,unreviewed,
GT00776,22,unexpected_label,1852,1856,5,unreviewed,
GT00777,45,unexpected_label,1852,1856,5,unreviewed,
GT00778,27,unexpected_label,1891,1895,5,unreviewed,
GT00779,57,unexpected_label,1891,1895,5,unreviewed,
GT00780,59,unexpected_label,1891,1895,5,unreviewed,
GT00781,57,unexpected_label,1926,1930,5,unreviewed,
GT00782,59,unexpected_label,1926,1930,5,unreviewed,
GT00783,12,unexpected_label,1932,1936,5,unreviewed,
GT00784,43,unexpected_label,1932,1936,5,unreviewed,
GT00785,27,unexpected_label,1939,1943,5,unreviewed,
GT00786,57,unexpected_label,1939,1943,5,unreviewed,
GT00787,59,unexpected_label,1939,1943,5,unreviewed,
GT00788,26,unexpected_label,1955,1959,5,unreviewed,
GT00789,86,unexpected_label,2046,2050,5,unreviewed,
GT00790,87,unexpected_label,2046,2050,5,unreviewed,
GT00791,57,unexpected_label,2983,2987,5,unreviewed,
GT00792,59,unexpected_label,2983,2987,5,unreviewed,
GT00793,60,unexpected_label,2983,2987,5,unreviewed,
GT00794,35,unexpected_label,3431,3435,5,unreviewed,
GT00795,12,unexpected_label,3442,3446,5,unreviewed,
GT00796,22,unexpected_label,165,168,4,unreviewed,
GT00797,45,unexpected_label,165,168,4,unreviewed,
GT00798,24,unexpected_label,181,184,4,unreviewed,
GT00799,46,unexpected_label,181,184,4,unreviewed,
GT00800,18,unexpected_label,198,201,4,unreviewed,
GT00801,25,unexpected_label,198,201,4,unreviewed,
GT00802,48,unexpected_label,198,201,4,unreviewed,
GT00803,15,unexpected_label,200,203,4,unreviewed,
GT00804,24,unexpected_label,200,203,4,unreviewed,
GT00805,46,unexpected_label,200,203,4,unreviewed,
GT00806,40,unexpected_label,263,266,4,unreviewed,
GT00807,26,unexpected_label,267,270,4,unreviewed,
GT00808,78,unexpected_label,267,270,4,unreviewed,
GT00809,25,unexpected_label,271,274,4,unreviewed,
GT00810,32,unexpected_label,271,274,4,unreviewed,
GT00811,67,unexpected_label,271,274,4,unreviewed,
GT00812,89,unexpected_label,271,274,4,unreviewed,
GT00813,99,unexpected_label,271,274,4,unreviewed,
GT00814,22,unexpected_label,276,279,4,unreviewed,
GT00815,66,unexpected_label,276,279,4,unreviewed,
GT00816,22,unexpected_label,284,287,4,unreviewed,
GT00817,66,unexpected_label,284,287,4,unreviewed,
GT00818,18,unexpected_label,291,294,4,unreviewed,
GT00819,25,unexpected_label,291,294,4,unreviewed,
GT00820,32,unexpected_label,291,294,4,unreviewed,
GT00821,67,unexpected_label,291,294,4,unreviewed,
GT00822,22,unexpected_label,315,318,4,unreviewed,
GT00823,66,unexpected_label,315,318,4,unreviewed,
GT00824,86,unexpected_label,318,321,4,unreviewed,
GT00825,87,unexpected_label,318,321,4,unreviewed,
GT00826,22,unexpected_label,325,328,4,unreviewed,
GT00827,66,unexpected_label,325,328,4,unreviewed,
GT00828,25,unexpected_label,446,449,4,unreviewed,
GT00829,32,unexpected_label,446,449,4,unreviewed,
GT00830,67,unexpected_label,446,449,4,unreviewed,
GT00831,31,unexpected_label,559,562,4,unreviewed,
GT00832,36,unexpected_label,559,562,4,unreviewed,
GT00833,86,unexpected_label,559,562,4,unreviewed,
GT00834,87,unexpected_label,559,562,4,unreviewed,
GT00835,17,unexpected_label,588,591,4,unreviewed,
GT00836,25,unexpected_label,588,591,4,unreviewed,
GT00837,32,unexpected_label,588,591,4,unreviewed,
GT00838,67,unexpected_label,588,591,4,unreviewed,
GT00839,22,unexpected_label,598,601,4,unreviewed,
GT00840,29,unexpected_label,598,601,4,unreviewed,
GT00841,66,unexpected_label,598,601,4,unreviewed,
GT00842,18,unexpected_label,624,627,4,unreviewed,
GT00843,22,unexpected_label,634,637,4,unreviewed,
GT00844,66,unexpected_label,634,637,4,unreviewed,
GT00845,15,unexpected_label,643,646,4,unreviewed,
GT00846,18,unexpected_label,643,646,4,unreviewed,
GT00847,24,unexpected_label,643,646,4,unreviewed,
GT00848,25,unexpected_label,643,646,4,unreviewed,
GT00849,41,unexpected_label,643,646,4,unreviewed,
GT00850,46,unexpected_label,643,646,4,unreviewed,
GT00851,48,unexpected_label,643,646,4,unreviewed,
GT00852,60,unexpected_label,643,646,4,unreviewed,
GT00853,66,unexpected_label,643,646,4,unreviewed,
GT00854,71,unexpected_label,643,646,4,unreviewed,
GT00855,15,unexpected_label,773,776,4,unreviewed,
GT00856,26,unexpected_label,782,785,4,unreviewed,
GT00857,22,unexpected_label,788,791,4,unreviewed,
GT00858,107,unexpected_label,796,799,4,unreviewed,
GT00859,20,unexpected_label,796,799,4,unreviewed,
GT00860,94,unexpected_label,796,799,4,unreviewed,
GT00861,39,unexpected_label,797,800,4,unreviewed,
GT00862,88,unexpected_label,797,800,4,unreviewed,
GT00863,67,unexpected_label,807,810,4,unreviewed,
GT00864,78,unexpected_label,809,812,4,unreviewed,
GT00865,86,unexpected_label,901,904,4,unreviewed,
GT00866,87,unexpected_label,901,904,4,unreviewed,
GT00867,25,unexpected_label,905,908,4,unreviewed,
GT00868,32,unexpected_label,905,908,4,unreviewed,
GT00869,67,unexpected_label,905,908,4,unreviewed,
GT00870,24,unexpected_label,987,990,4,unreviewed,
GT00871,46,unexpected_label,987,990,4,unreviewed,
GT00872,24,unexpected_label,1077,1080,4,unreviewed,
GT00873,46,unexpected_label,1077,1080,4,unreviewed,
GT00874,33,unexpected_label,1095,1098,4,unreviewed,
GT00875,61,unexpected_label,1095,1098,4,unreviewed,
GT00876,70,unexpected_label,1095,1098,4,unreviewed,
GT00877,22,unexpected_label,1096,1099,4,unreviewed,
GT00878,45,unexpected_label,1096,1099,4,unreviewed,
GT00879,15,unexpected_label,1102,1105,4,unreviewed,
GT00880,18,unexpected_label,1102,1105,4,unreviewed,
GT00881,25,unexpected_label,1102,1105,4,unreviewed,
GT00882,41,unexpected_label,1102,1105,4,unreviewed,
GT00883,48,unexpected_label,1102,1105,4,unreviewed,
GT00884,60,unexpected_label,1102,1105,4,unreviewed,
GT00885,71,unexpected_label,1102,1105,4,unreviewed,
GT00886,25,unexpected_label,1111,1114,4,unreviewed,
GT00887,32,unexpected_label,1111,1114,4,unreviewed,
GT00888,67,unexpected_label,1111,1114,4,unreviewed,
GT00889,57,unexpected_label,1236,1239,4,unreviewed,
GT00890,59,unexpected_label,1236,1239,4,unreviewed,
GT00891,24,unexpected_label,1253,1256,4,unreviewed,
GT00892,46,unexpected_label,1253,1256,4,unreviewed,
GT00893,22,unexpected_label,1257,1260,4,unreviewed,
GT00894,45,unexpected_label,1257,1260,4,unreviewed,
GT00895,46,unexpected_label,1428,1431,4,unreviewed,
GT00896,22,unexpected_label,1445,1448,4,unreviewed,
GT00897,45,unexpected_label,1445,1448,4,unreviewed,
GT00898,57,unexpected_label,1485,1488,4,unreviewed,
GT00899,59,unexpected_label,1485,1488,4,unreviewed,
GT00900,22,unexpected_label,1494,1497,4,unreviewed,
GT00901,45,unexpected_label,1494,1497,4,unreviewed,
GT00902,24,unexpected_label,1496,1499,4,unreviewed,
GT00903,46,unexpected_label,1496,1499,4,unreviewed,
GT00904,26,unexpected_label,1501,1504,4,unreviewed,
GT00905,57,unexpected_label,1501,1504,4,unreviewed,
GT00906,59,unexpected_label,1501,1504,4,unreviewed,
GT00907,22,unexpected_label,1502,1505,4,unreviewed,
GT00908,45,unexpected_label,1502,1505,4,unreviewed,
GT00909,22,unexpected_label,1507,1510,4,unreviewed,
GT00910,45,unexpected_label,1507,1510,4,unreviewed,
GT00911,26,unexpected_label,1563,1566,4,unreviewed,
GT00912,57,unexpected_label,1563,1566,4,unreviewed,
GT00913,59,unexpected_label,1563,1566,4,unreviewed,
GT00914,26,unexpected_label,1569,1572,4,unreviewed,
GT00915,35,unexpected_label,1749,1752,4,unreviewed,
GT00916,18,unexpected_label,1836,1839,4,unreviewed,
GT00917,25,unexpected_label,1836,1839,4,unreviewed,
GT00918,48,unexpected_label,1836,1839,4,unreviewed,
GT00919,24,unexpected_label,1848,1851,4,unreviewed,
GT00920,46,unexpected_label,1848,1851,4,unreviewed,
GT00921,22,unexpected_label,1864,1867,4,unreviewed,
GT00922,45,unexpected_label,1864,1867,4,unreviewed,
GT00923,22,unexpected_label,1903,1906,4,unreviewed,
GT00924,45,unexpected_label,1903,1906,4,unreviewed,
GT00925,24,unexpected_label,1929,1932,4,unreviewed,
GT00926,27,unexpected_label,1933,1936,4,unreviewed,
GT00927,57,unexpected_label,1933,1936,4,unreviewed,
GT00928,59,unexpected_label,1933,1936,4,unreviewed,
GT00929,15,unexpected_label,1937,1940,4,unreviewed,
GT00930,46,unexpected_label,1937,1940,4,unreviewed,
GT00931,22,unexpected_label,1979,1982,4,unreviewed,
GT00932,45,unexpected_label,1979,1982,4,unreviewed,
GT00933,46,unexpected_label,1992,1995,4,unreviewed,
GT00934,86,unexpected_label,2168,2171,4,unreviewed,
GT00935,87,unexpected_label,2168,2171,4,unreviewed,
GT00936,35,unexpected_label,2305,2308,4,unreviewed,
GT00937,50,unexpected_label,2305,2308,4,unreviewed,
GT00938,87,unexpected_label,2305,2308,4,unreviewed,
GT00939,12,unexpected_label,2904,2907,4,unreviewed,
GT00940,16,unexpected_label,2904,2907,4,unreviewed,
GT00941,35,unexpected_label,2904,2907,4,unreviewed,
GT00942,40,unexpected_label,2904,2907,4,unreviewed,
GT00943,45,unexpected_label,2904,2907,4,unreviewed,
GT00944,47,unexpected_label,2904,2907,4,unreviewed,
GT00945,52,unexpected_label,2904,2907,4,unreviewed,
GT00946,54,unexpected_label,2904,2907,4,unreviewed,
GT00947,59,unexpected_label,2904,2907,4,unreviewed,
GT00948,66,unexpected_label,2904,2907,4,unreviewed,
GT00949,68,unexpected_label,2904,2907,4,unreviewed,
GT00950,73,unexpected_label,2904,2907,4,unreviewed,
GT00951,18,unexpected_label,2984,2987,4,unreviewed,
GT00952,25,unexpected_label,2984,2987,4,unreviewed,
GT00953,41,unexpected_label,2984,2987,4,unreviewed,
GT00954,48,unexpected_label,2984,2987,4,unreviewed,
GT00955,71,unexpected_label,2984,2987,4,unreviewed,
GT00956,26,unexpected_label,3322,3325,4,unreviewed,
GT00957,40,unexpected_label,3322,3325,4,unreviewed,
GT00958,45,unexpected_label,3322,3325,4,unreviewed,
GT00959,47,unexpected_label,3322,3325,4,unreviewed,
GT00960,54,unexpected_label,3322,3325,4,unreviewed,
GT00961,59,unexpected_label,3322,3325,4,unreviewed,
GT00962,63,unexpected_label,3322,3325,4,unreviewed,
GT00963,66,unexpected_label,3322,3325,4,unreviewed,
GT00964,68,unexpected_label,3322,3325,4,unreviewed,
GT00965,73,unexpected_label,3322,3325,4,unreviewed,
GT00966,87,unexpected_label,3431,3434,4,unreviewed,
GT00967,1,unexpected_label,0,2,3,unreviewed,
GT00968,10,unexpected_label,0,2,3,unreviewed,
GT00969,103,unexpected_label,0,2,3,unreviewed,
GT00970,106,unexpected_label,0,2,3,unreviewed,
GT00971,11,unexpected_label,0,2,3,unreviewed,
GT00972,13,unexpected_label,0,2,3,unreviewed,
GT00973,17,unexpected_label,0,2,3,unreviewed,
GT00974,19,unexpected_label,0,2,3,unreviewed,
GT00975,2,unexpected_label,0,2,3,unreviewed,
GT00976,21,unexpected_label,0,2,3,unreviewed,
GT00977,28,unexpected_label,0,2,3,unreviewed,
GT00978,29,unexpected_label,0,2,3,unreviewed,
GT00979,3,unexpected_label,0,2,3,unreviewed,
GT00980,31,unexpected_label,0,2,3,unreviewed,
GT00981,33,unexpected_label,0,2,3,unreviewed,
GT00982,36,unexpected_label,0,2,3,unreviewed,
GT00983,4,unexpected_label,0,2,3,unreviewed,
GT00984,40,unexpected_label,0,2,3,unreviewed,
GT00985,42,unexpected_label,0,2,3,unreviewed,
GT00986,49,unexpected_label,0,2,3,unreviewed,
GT00987,5,unexpected_label,0,2,3,unreviewed,
GT00988,56,unexpected_label,0,2,3,unreviewed,
GT00989,6,unexpected_label,0,2,3,unreviewed,
GT00990,61,unexpected_label,0,2,3,unreviewed,
GT00991,63,unexpected_label,0,2,3,unreviewed,
GT00992,64,unexpected_label,0,2,3,unreviewed,
GT00993,7,unexpected_label,0,2,3,unreviewed,
GT00994,70,unexpected_label,0,2,3,unreviewed,
GT00995,77,unexpected_label,0,2,3,unreviewed,
GT00996,8,unexpected_label,0,2,3,unreviewed,
GT00997,82,unexpected_label,0,2,3,unreviewed,
GT00998,84,unexpected_label,0,2,3,unreviewed,
GT00999,85,unexpected_label,0,2,3,unreviewed,
GT01000,9,unexpected_label,0,2,3,unreviewed,
GT01001,92,unexpected_label,0,2,3,unreviewed,
GT01002,57,unexpected_label,192,194,3,unreviewed,
GT01003,59,unexpected_label,192,194,3,unreviewed,
GT01004,22,unexpected_label,195,197,3,unreviewed,
GT01005,45,unexpected_label,195,197,3,unreviewed,
GT01006,27,unexpected_label,198,200,3,unreviewed,
GT01007,57,unexpected_label,198,200,3,unreviewed,
GT01008,59,unexpected_label,198,200,3,unreviewed,
GT01009,89,unexpected_label,256,258,3,unreviewed,
GT01010,99,unexpected_label,256,258,3,unreviewed,
GT01011,89,unexpected_label,262,264,3,unreviewed,
GT01012,99,unexpected_label,262,264,3,unreviewed,
GT01013,26,unexpected_label,272,274,3,unreviewed,
GT01014,63,unexpected_label,272,274,3,unreviewed,
GT01015,78,unexpected_label,272,274,3,unreviewed,
GT01016,18,unexpected_label,279,281,3,unreviewed,
GT01017,25,unexpected_label,279,281,3,unreviewed,
GT01018,32,unexpected_label,279,281,3,unreviewed,
GT01019,67,unexpected_label,279,281,3,unreviewed,
GT01020,25,unexpected_label,310,312,3,unreviewed,
GT01021,32,unexpected_label,310,312,3,unreviewed,
GT01022,67,unexpected_label,310,312,3,unreviewed,
GT01023,17,unexpected_label,334,336,3,unreviewed,
GT01024,25,unexpected_label,334,336,3,unreviewed,
GT01025,32,unexpected_label,334,336,3,unreviewed,
GT01026,67,unexpected_label,334,336,3,unreviewed,
GT01027,31,unexpected_label,337,339,3,unreviewed,
GT01028,36,unexpected_label,337,339,3,unreviewed,
GT01029,86,unexpected_label,337,339,3,unreviewed,
GT01030,87,unexpected_label,337,339,3,unreviewed,
GT01031,31,unexpected_label,345,347,3,unreviewed,
GT01032,36,unexpected_label,345,347,3,unreviewed,
GT01033,86,unexpected_label,345,347,3,unreviewed,
GT01034,87,unexpected_label,345,347,3,unreviewed,
GT01035,63,unexpected_label,450,452,3,unreviewed,
GT01036,89,unexpected_label,452,454,3,unreviewed,
GT01037,99,unexpected_label,452,454,3,unreviewed,
GT01038,86,unexpected_label,454,456,3,unreviewed,
GT01039,87,unexpected_label,454,456,3,unreviewed,
GT01040,22,unexpected_label,457,459,3,unreviewed,
GT01041,66,unexpected_label,457,459,3,unreviewed,
GT01042,32,unexpected_label,458,460,3,unreviewed,
GT01043,67,unexpected_label,458,460,3,unreviewed,
GT01044,41,unexpected_label,460,462,3,unreviewed,
GT01045,48,unexpected_label,460,462,3,unreviewed,
GT01046,60,unexpected_label,460,462,3,unreviewed,
GT01047,71,unexpected_label,460,462,3,unreviewed,
GT01048,18,unexpected_label,468,470,3,unreviewed,
GT01049,25,unexpected_label,468,470,3,unreviewed,
GT01050,32,unexpected_label,468,470,3,unreviewed,
GT01051,67,unexpected_label,468,470,3,unreviewed,
GT01052,22,unexpected_label,470,472,3,unreviewed,
GT01053,66,unexpected_label,470,472,3,unreviewed,
GT01054,18,unexpected_label,473,475,3,unreviewed,
GT01055,25,unexpected_label,473,475,3,unreviewed,
GT01056,32,unexpected_label,473,475,3,unreviewed,
GT01057,67,unexpected_label,473,475,3,unreviewed,
GT01058,25,unexpected_label,558,560,3,unreviewed,
GT01059,32,unexpected_label,558,560,3,unreviewed,
GT01060,67,unexpected_label,558,560,3,unreviewed,
GT01061,17,unexpected_label,562,564,3,unreviewed,
GT01062,25,unexpected_label,562,564,3,unreviewed,
GT01063,32,unexpected_label,562,564,3,unreviewed,
GT01064,67,unexpected_label,562,564,3,unreviewed,
GT01065,22,unexpected_label,590,592,3,unreviewed,
GT01066,29,unexpected_label,590,592,3,unreviewed,
GT01067,66,unexpected_label,590,592,3,unreviewed,
GT01068,17,unexpected_label,593,595,3,unreviewed,
GT01069,25,unexpected_label,593,595,3,unreviewed,
GT01070,32,unexpected_label,593,595,3,unreviewed,
GT01071,67,unexpected_label,593,595,3,unreviewed,
GT01072,17,unexpected_label,600,602,3,unreviewed,
GT01073,25,unexpected_label,600,602,3,unreviewed,
GT01074,32,unexpected_label,600,602,3,unreviewed,
GT01075,67,unexpected_label,600,602,3,unreviewed,
GT01076,25,unexpected_label,636,638,3,unreviewed,
GT01077,32,unexpected_label,636,638,3,unreviewed,
GT01078,67,unexpected_label,636,638,3,unreviewed,
GT01079,22,unexpected_label,639,641,3,unreviewed,
GT01080,66,unexpected_label,639,641,3,unreviewed,
GT01081,22,unexpected_label,643,645,3,unreviewed,
GT01082,32,unexpected_label,643,645,3,unreviewed,
GT01083,67,unexpected_label,643,645,3,unreviewed,
GT01084,22,unexpected_label,687,689,3,unreviewed,
GT01085,45,unexpected_label,687,689,3,unreviewed,
GT01086,24,unexpected_label,690,692,3,unreviewed,
GT01087,46,unexpected_label,690,692,3,unreviewed,
GT01088,57,unexpected_label,690,692,3,unreviewed,
GT01089,59,unexpected_label,690,692,3,unreviewed,
GT01090,67,unexpected_label,775,777,3,unreviewed,
GT01091,81,unexpected_label,775,777,3,unreviewed,
GT01092,24,unexpected_label,778,780,3,unreviewed,
GT01093,107,unexpected_label,781,783,3,unreviewed,
GT01094,20,unexpected_label,781,783,3,unreviewed,
GT01095,66,unexpected_label,781,783,3,unreviewed,
GT01096,94,unexpected_label,781,783,3,unreviewed,
GT01097,103,unexpected_label,784,786,3,unreviewed,
GT01098,45,unexpected_label,784,786,3,unreviewed,
GT01099,84,unexpected_label,784,786,3,unreviewed,
GT01100,45,unexpected_label,789,791,3,unreviewed,
GT01101,32,unexpected_label,792,794,3,unreviewed,
GT01102,67,unexpected_label,792,794,3,unreviewed,
GT01103,24,unexpected_label,794,796,3,unreviewed,
GT01104,46,unexpected_label,794,796,3,unreviewed,
GT01105,66,unexpected_label,797,799,3,unreviewed,
GT01106,26,unexpected_label,799,801,3,unreviewed,
GT01107,45,unexpected_label,800,802,3,unreviewed,
GT01108,67,unexpected_label,802,804,3,unreviewed,
GT01109,81,unexpected_label,802,804,3,unreviewed,
GT01110,89,unexpected_label,806,808,3,unreviewed,
GT01111,99,unexpected_label,806,808,3,unreviewed,
GT01112,32,unexpected_label,807,809,3,unreviewed,
GT01113,66,unexpected_label,809,811,3,unreviewed,
GT01114,22,unexpected_label,810,812,3,unreviewed,
GT01115,40,unexpected_label,817,819,3,unreviewed,
GT01116,40,unexpected_label,828,830,3,unreviewed,
GT01117,22,unexpected_label,903,905,3,unreviewed,
GT01118,66,unexpected_label,903,905,3,unreviewed,
GT01119,86,unexpected_label,906,908,3,unreviewed,
GT01120,87,unexpected_label,906,908,3,unreviewed,
GT01121,25,unexpected_label,913,915,3,unreviewed,
GT01122,32,unexpected_label,913,915,3,unreviewed,
GT01123,67,unexpected_label,913,915,3,unreviewed,
GT01124,86,unexpected_label,913,915,3,unreviewed,
GT01125,87,unexpected_label,913,915,3,unreviewed,
GT01126,24,unexpected_label,980,982,3,unreviewed,
GT01127,46,unexpected_label,980,982,3,unreviewed,
GT01128,27,unexpected_label,1052,1054,3,unreviewed,
GT01129,27,unexpected_label,1062,1064,3,unreviewed,
GT01130,57,unexpected_label,1062,1064,3,unreviewed,
GT01131,59,unexpected_label,1062,1064,3,unreviewed,
GT01132,27,unexpected_label,1086,1088,3,unreviewed,
GT01133,24,unexpected_label,1088,1090,3,unreviewed,
GT01134,46,unexpected_label,1088,1090,3,unreviewed,
GT01135,57,unexpected_label,1091,1093,3,unreviewed,
GT01136,59,unexpected_label,1091,1093,3,unreviewed,
GT01137,57,unexpected_label,1095,1097,3,unreviewed,
GT01138,59,unexpected_label,1095,1097,3,unreviewed,
GT01139,22,unexpected_label,1103,1105,3,unreviewed,
GT01140,45,unexpected_label,1103,1105,3,unreviewed,
GT01141,24,unexpected_label,1242,1244,3,unreviewed,
GT01142,46,unexpected_label,1249,1251,3,unreviewed,
GT01143,15,unexpected_label,1294,1296,3,unreviewed,
GT01144,26,unexpected_label,1294,1296,3,unreviewed,
GT01145,57,unexpected_label,1294,1296,3,unreviewed,
GT01146,59,unexpected_label,1294,1296,3,unreviewed,
GT01147,60,unexpected_label,1294,1296,3,unreviewed,
GT01148,12,unexpected_label,1399,1401,3,unreviewed,
GT01149,16,unexpected_label,1399,1401,3,unreviewed,
GT01150,30,unexpected_label,1399,1401,3,unreviewed,
GT01151,35,unexpected_label,1399,1401,3,unreviewed,
GT01152,40,unexpected_label,1399,1401,3,unreviewed,
GT01153,45,unexpected_label,1399,1401,3,unreviewed,
GT01154,47,unexpected_label,1399,1401,3,unreviewed,
GT01155,54,unexpected_label,1399,1401,3,unreviewed,
GT01156,59,unexpected_label,1399,1401,3,unreviewed,
GT01157,66,unexpected_label,1399,1401,3,unreviewed,
GT01158,68,unexpected_label,1399,1401,3,unreviewed,
GT01159,73,unexpected_label,1399,1401,3,unreviewed,
GT01160,15,unexpected_label,1484,1486,3,unreviewed,
GT01161,27,unexpected_label,1486,1488,3,unreviewed,
GT01162,24,unexpected_label,1509,1511,3,unreviewed,
GT01163,26,unexpected_label,1513,1515,3,unreviewed,
GT01164,22,unexpected_label,1514,1516,3,unreviewed,
GT01165,45,unexpected_label,1514,1516,3,unreviewed,
GT01166,22,unexpected_label,1518,1520,3,unreviewed,
GT01167,45,unexpected_label,1518,1520,3,unreviewed,
GT01168,26,unexpected_label,1519,1521,3,unreviewed,
GT01169,57,unexpected_label,1519,1521,3,unreviewed,
GT01170,59,unexpected_label,1519,1521,3,unreviewed,
GT01171,12,unexpected_label,1535,1537,3,unreviewed,
GT01172,43,unexpected_label,1535,1537,3,unreviewed,
GT01173,15,unexpected_label,1590,1592,3,unreviewed,
GT01174,22,unexpected_label,1609,1611,3,unreviewed,
GT01175,45,unexpected_label,1609,1611,3,unreviewed,
GT01176,22,unexpected_label,1615,1617,3,unreviewed,
GT01177,45,unexpected_label,1615,1617,3,unreviewed,
GT01178,24,unexpected_label,1618,1620,3,unreviewed,
GT01179,27,unexpected_label,1625,1627,3,unreviewed,
GT01180,57,unexpected_label,1625,1627,3,unreviewed,
GT01181,59,unexpected_label,1625,1627,3,unreviewed,
GT01182,27,unexpected_label,1634,1636,3,unreviewed,
GT01183,57,unexpected_label,1634,1636,3,unreviewed,
GT01184,59,unexpected_label,1634,1636,3,unreviewed,
GT01185,24,unexpected_label,1655,1657,3,unreviewed,
GT01186,46,unexpected_label,1655,1657,3,unreviewed,
GT01187,108,unexpected_label,1747,1749,3,unreviewed,
GT01188,99,unexpected_label,1747,1749,3,unreviewed,
GT01189,24,unexpected_label,1837,1839,3,unreviewed,
GT01190,46,unexpected_label,1837,1839,3,unreviewed,
GT01191,57,unexpected_label,1844,1846,3,unreviewed,
GT01192,59,unexpected_label,1844,1846,3,unreviewed,
GT01193,22,unexpected_label,1845,1847,3,unreviewed,
GT01194,45,unexpected_label,1845,1847,3,unreviewed,
GT01195,24,unexpected_label,1876,1878,3,unreviewed,
GT01196,46,unexpected_label,1876,1878,3,unreviewed,
GT01197,27,unexpected_label,1882,1884,3,unreviewed,
GT01198,57,unexpected_label,1882,1884,3,unreviewed,
GT01199,59,unexpected_label,1882,1884,3,unreviewed,
GT01200,57,unexpected_label,1886,1888,3,unreviewed,
GT01201,59,unexpected_label,1886,1888,3,unreviewed,
GT01202,22,unexpected_label,1892,1894,3,unreviewed,
GT01203,45,unexpected_label,1892,1894,3,unreviewed,
GT01204,22,unexpected_label,1899,1901,3,unreviewed,
GT01205,45,unexpected_label,1899,1901,3,unreviewed,
GT01206,15,unexpected_label,1915,1917,3,unreviewed,
GT01207,22,unexpected_label,1915,1917,3,unreviewed,
GT01208,45,unexpected_label,1915,1917,3,unreviewed,
GT01209,15,unexpected_label,1919,1921,3,unreviewed,
GT01210,15,unexpected_label,1923,1925,3,unreviewed,
GT01211,46,unexpected_label,1923,1925,3,unreviewed,
GT01212,27,unexpected_label,1926,1928,3,unreviewed,
GT01213,26,unexpected_label,1941,1943,3,unreviewed,
GT01214,22,unexpected_label,1952,1954,3,unreviewed,
GT01215,45,unexpected_label,1952,1954,3,unreviewed,
GT01216,24,unexpected_label,1974,1976,3,unreviewed,
GT01217,46,unexpected_label,1978,1980,3,unreviewed,
GT01218,27,unexpected_label,1989,1991,3,unreviewed,
GT01219,24,unexpected_label,1992,1994,3,unreviewed,
GT01220,12,unexpected_label,2016,2018,3,unreviewed,
GT01221,43,unexpected_label,2016,2018,3,unreviewed,
GT01222,15,unexpected_label,2018,2020,3,unreviewed,
GT01223,86,unexpected_label,2040,2042,3,unreviewed,
GT01224,87,unexpected_label,2040,2042,3,unreviewed,
GT01225,107,unexpected_label,2177,2179,3,unreviewed,
GT01226,20,unexpected_label,2177,2179,3,unreviewed,
GT01227,39,unexpected_label,2177,2179,3,unreviewed,
GT01228,57,unexpected_label,2177,2179,3,unreviewed,
GT01229,86,unexpected_label,2177,2179,3,unreviewed,
GT01230,87,unexpected_label,2177,2179,3,unreviewed,
GT01231,88,unexpected_label,2177,2179,3,unreviewed,
GT01232,94,unexpected_label,2177,2179,3,unreviewed,
GT01233,23,unexpected_label,2308,2310,3,unreviewed,
GT01234,52,unexpected_label,2308,2310,3,unreviewed,
GT01235,57,unexpected_label,2308,2310,3,unreviewed,
GT01236,80,unexpected_label,2308,2310,3,unreviewed,
GT01237,94,unexpected_label,2308,2310,3,unreviewed,
GT01238,24,unexpected_label,2521,2523,3,unreviewed,
GT01239,24,unexpected_label,2904,2906,3,unreviewed,
GT01240,43,unexpected_label,2904,2906,3,unreviewed,
GT01241,15,unexpected_label,2983,2985,3,unreviewed,
GT01242,27,unexpected_label,2984,2986,3,unreviewed,
GT01243,26,unexpected_label,2985,2987,3,unreviewed,
GT01244,22,unexpected_label,2989,2991,3,unreviewed,
GT01245,26,unexpected_label,2989,2991,3,unreviewed,
GT01246,45,unexpected_label,2989,2991,3,unreviewed,
GT01247,57,unexpected_label,2989,2991,3,unreviewed,
GT01248,59,unexpected_label,2989,2991,3,unreviewed,
GT01249,12,unexpected_label,3283,3285,3,unreviewed,
GT01250,16,unexpected_label,3283,3285,3,unreviewed,
GT01251,19,unexpected_label,3283,3285,3,unreviewed,
GT01252,33,unexpected_label,3283,3285,3,unreviewed,
GT01253,35,unexpected_label,3283,3285,3,unreviewed,
GT01254,40,unexpected_label,3283,3285,3,unreviewed,
GT01255,42,unexpected_label,3283,3285,3,unreviewed,
GT01256,45,unexpected_label,3283,3285,3,unreviewed,
GT01257,47,unexpected_label,3283,3285,3,unreviewed,
GT01258,5,unexpected_label,3283,3285,3,unreviewed,
GT01259,54,unexpected_label,3283,3285,3,unreviewed,
GT01260,56,unexpected_label,3283,3285,3,unreviewed,
GT01261,59,unexpected_label,3283,3285,3,unreviewed,
GT01262,61,unexpected_label,3283,3285,3,unreviewed,
GT01263,66,unexpected_label,3283,3285,3,unreviewed,
GT01264,68,unexpected_label,3283,3285,3,unreviewed,
GT01265,70,unexpected_label,3283,3285,3,unreviewed,
GT01266,73,unexpected_label,3283,3285,3,unreviewed,
GT01267,58,unexpected_label,3322,3324,3,unreviewed,
GT01268,26,unexpected_label,61,62,2,unreviewed,
GT01269,63,unexpected_label,61,62,2,unreviewed,
GT01270,77,unexpected_label,61,62,2,unreviewed,
GT01271,78,unexpected_label,61,62,2,unreviewed,
GT01272,82,unexpected_label,61,62,2,unreviewed,
GT01273,89,unexpected_label,61,62,2,unreviewed,
GT01274,96,unexpected_label,61,62,2,unreviewed,
GT01275,99,unexpected_label,61,62,2,unreviewed,
GT01276,26,unexpected_label,133,134,2,unreviewed,
GT01277,78,unexpected_label,133,134,2,unreviewed,
GT01278,40,unexpected_label,135,136,2,unreviewed,
GT01279,15,unexpected_label,143,144,2,unreviewed,
GT01280,27,unexpected_label,154,155,2,unreviewed,
GT01281,57,unexpected_label,154,155,2,unreviewed,
GT01282,59,unexpected_label,154,155,2,unreviewed,
GT01283,59,unexpected_label,164,165,2,unreviewed,
GT01284,27,unexpected_label,189,190,2,unreviewed,
GT01285,24,unexpected_label,190,191,2,unreviewed,
GT01286,46,unexpected_label,190,191,2,unreviewed,
GT01287,22,unexpected_label,191,192,2,unreviewed,
GT01288,45,unexpected_label,191,192,2,unreviewed,
GT01289,24,unexpected_label,193,194,2,unreviewed,
GT01290,26,unexpected_label,193,194,2,unreviewed,
GT01291,46,unexpected_label,193,194,2,unreviewed,
GT01292,23,unexpected_label,195,196,2,unreviewed,
GT01293,47,unexpected_label,195,196,2,unreviewed,
GT01294,26,unexpected_label,198,199,2,unreviewed,
GT01295,15,unexpected_label,205,206,2,unreviewed,
GT01296,24,unexpected_label,205,206,2,unreviewed,
GT01297,46,unexpected_label,205,206,2,unreviewed,
GT01298,89,unexpected_label,253,254,2,unreviewed,
GT01299,99,unexpected_label,253,254,2,unreviewed,
GT01300,104,unexpected_label,255,256,2,unreviewed,
GT01301,26,unexpected_label,259,260,2,unreviewed,
GT01302,63,unexpected_label,259,260,2,unreviewed,
GT01303,78,unexpected_label,259,260,2,unreviewed,
GT01304,89,unexpected_label,266,267,2,unreviewed,
GT01305,99,unexpected_label,266,267,2,unreviewed,
GT01306,86,unexpected_label,269,270,2,unreviewed,
GT01307,87,unexpected_label,269,270,2,unreviewed,
GT01308,18,unexpected_label,288,289,2,unreviewed,
GT01309,25,unexpected_label,288,289,2,unreviewed,
GT01310,32,unexpected_label,288,289,2,unreviewed,
GT01311,67,unexpected_label,288,289,2,unreviewed,
GT01312,22,unexpected_label,334,335,2,unreviewed,
GT01313,29,unexpected_label,334,335,2,unreviewed,
GT01314,66,unexpected_label,334,335,2,unreviewed,
GT01315,86,unexpected_label,440,441,2,unreviewed,
GT01316,87,unexpected_label,440,441,2,unreviewed,
GT01317,18,unexpected_label,447,448,2,unreviewed,
GT01318,26,unexpected_label,451,452,2,unreviewed,
GT01319,78,unexpected_label,451,452,2,unreviewed,
GT01320,22,unexpected_label,452,453,2,unreviewed,
GT01321,66,unexpected_label,452,453,2,unreviewed,
GT01322,32,unexpected_label,455,456,2,unreviewed,
GT01323,67,unexpected_label,455,456,2,unreviewed,
GT01324,81,unexpected_label,455,456,2,unreviewed,
GT01325,89,unexpected_label,456,457,2,unreviewed,
GT01326,99,unexpected_label,456,457,2,unreviewed,
GT01327,15,unexpected_label,461,462,2,unreviewed,
GT01328,46,unexpected_label,461,462,2,unreviewed,
GT01329,32,unexpected_label,462,463,2,unreviewed,
GT01330,67,unexpected_label,462,463,2,unreviewed,
GT01331,86,unexpected_label,468,469,2,unreviewed,
GT01332,87,unexpected_label,468,469,2,unreviewed,
GT01333,22,unexpected_label,478,479,2,unreviewed,
GT01334,66,unexpected_label,478,479,2,unreviewed,
GT01335,17,unexpected_label,558,559,2,unreviewed,
GT01336,18,unexpected_label,578,579,2,unreviewed,
GT01337,31,unexpected_label,584,585,2,unreviewed,
GT01338,36,unexpected_label,584,585,2,unreviewed,
GT01339,86,unexpected_label,584,585,2,unreviewed,
GT01340,87,unexpected_label,584,585,2,unreviewed,
GT01341,17,unexpected_label,585,586,2,unreviewed,
GT01342,25,unexpected_label,585,586,2,unreviewed,
GT01343,32,unexpected_label,585,586,2,unreviewed,
GT01344,67,unexpected_label,585,586,2,unreviewed,
GT01345,31,unexpected_label,592,593,2,unreviewed,
GT01346,36,unexpected_label,592,593,2,unreviewed,
GT01347,86,unexpected_label,592,593,2,unreviewed,
GT01348,87,unexpected_label,592,593,2,unreviewed,
GT01349,17,unexpected_label,597,598,2,unreviewed,
GT01350,25,unexpected_label,597,598,2,unreviewed,
GT01351,32,unexpected_label,597,598,2,unreviewed,
GT01352,67,unexpected_label,597,598,2,unreviewed,
GT01353,107,unexpected_label,615,616,2,unreviewed,
GT01354,20,unexpected_label,615,616,2,unreviewed,
GT01355,57,unexpected_label,615,616,2,unreviewed,
GT01356,94,unexpected_label,615,616,2,unreviewed,
GT01357,22,unexpected_label,617,618,2,unreviewed,
GT01358,29,unexpected_label,617,618,2,unreviewed,
GT01359,66,unexpected_label,617,618,2,unreviewed,
GT01360,86,unexpected_label,632,633,2,unreviewed,
GT01361,87,unexpected_label,632,633,2,unreviewed,
GT01362,25,unexpected_label,640,641,2,unreviewed,
GT01363,32,unexpected_label,640,641,2,unreviewed,
GT01364,67,unexpected_label,640,641,2,unreviewed,
GT01365,59,unexpected_label,645,646,2,unreviewed,
GT01366,45,unexpected_label,684,685,2,unreviewed,
GT01367,27,unexpected_label,691,692,2,unreviewed,
GT01368,25,unexpected_label,761,762,2,unreviewed,
GT01369,32,unexpected_label,761,762,2,unreviewed,
GT01370,67,unexpected_label,761,762,2,unreviewed,
GT01371,27,unexpected_label,773,774,2,unreviewed,
GT01372,40,unexpected_label,773,774,2,unreviewed,
GT01373,59,unexpected_label,773,774,2,unreviewed,
GT01374,63,unexpected_label,773,774,2,unreviewed,
GT01375,24,unexpected_label,775,776,2,unreviewed,
GT01376,32,unexpected_label,775,776,2,unreviewed,
GT01377,46,unexpected_label,775,776,2,unreviewed,
GT01378,22,unexpected_label,777,778,2,unreviewed,
GT01379,66,unexpected_label,777,778,2,unreviewed,
GT01380,86,unexpected_label,779,780,2,unreviewed,
GT01381,87,unexpected_label,779,780,2,unreviewed,
GT01382,15,unexpected_label,780,781,2,unreviewed,
GT01383,32,unexpected_label,782,783,2,unreviewed,
GT01384,86,unexpected_label,782,783,2,unreviewed,
GT01385,87,unexpected_label,782,783,2,unreviewed,
GT01386,32,unexpected_label,789,790,2,unreviewed,
GT01387,67,unexpected_label,789,790,2,unreviewed,
GT01388,26,unexpected_label,792,793,2,unreviewed,
GT01389,26,unexpected_label,795,796,2,unreviewed,
GT01390,86,unexpected_label,795,796,2,unreviewed,
GT01391,87,unexpected_label,795,796,2,unreviewed,
GT01392,32,unexpected_label,799,800,2,unreviewed,
GT01393,67,unexpected_label,799,800,2,unreviewed,
GT01394,63,unexpected_label,800,801,2,unreviewed,
GT01395,78,unexpected_label,800,801,2,unreviewed,
GT01396,103,unexpected_label,801,802,2,unreviewed,
GT01397,84,unexpected_label,801,802,2,unreviewed,
GT01398,27,unexpected_label,802,803,2,unreviewed,
GT01399,89,unexpected_label,802,803,2,unreviewed,
GT01400,99,unexpected_label,802,803,2,unreviewed,
GT01401,26,unexpected_label,804,805,2,unreviewed,
GT01402,63,unexpected_label,804,805,2,unreviewed,
GT01403,78,unexpected_label,804,805,2,unreviewed,
GT01404,100,unexpected_label,805,806,2,unreviewed,
GT01405,50,unexpected_label,805,806,2,unreviewed,
GT01406,73,unexpected_label,805,806,2,unreviewed,
GT01407,100,unexpected_label,809,810,2,unreviewed,
GT01408,50,unexpected_label,809,810,2,unreviewed,
GT01409,73,unexpected_label,809,810,2,unreviewed,
GT01410,26,unexpected_label,819,820,2,unreviewed,
GT01411,78,unexpected_label,819,820,2,unreviewed,
GT01412,26,unexpected_label,823,824,2,unreviewed,
GT01413,78,unexpected_label,823,824,2,unreviewed,
GT01414,26,unexpected_label,826,827,2,unreviewed,
GT01415,78,unexpected_label,826,827,2,unreviewed,
GT01416,103,unexpected_label,829,830,2,unreviewed,
GT01417,84,unexpected_label,829,830,2,unreviewed,
GT01418,26,unexpected_label,831,832,2,unreviewed,
GT01419,78,unexpected_label,831,832,2,unreviewed,
GT01420,18,unexpected_label,905,906,2,unreviewed,
GT01421,22,unexpected_label,909,910,2,unreviewed,
GT01422,66,unexpected_label,909,910,2,unreviewed,
GT01423,22,unexpected_label,989,990,2,unreviewed,
GT01424,45,unexpected_label,989,990,2,unreviewed,
GT01425,26,unexpected_label,1052,1053,2,unreviewed,
GT01426,15,unexpected_label,1054,1055,2,unreviewed,
GT01427,24,unexpected_label,1054,1055,2,unreviewed,
GT01428,46,unexpected_label,1054,1055,2,unreviewed,
GT01429,26,unexpected_label,1055,1056,2,unreviewed,
GT01430,27,unexpected_label,1056,1057,2,unreviewed,
GT01431,24,unexpected_label,1058,1059,2,unreviewed,
GT01432,46,unexpected_label,1058,1059,2,unreviewed,
GT01433,22,unexpected_label,1059,1060,2,unreviewed,
GT01434,45,unexpected_label,1059,1060,2,unreviewed,
GT01435,24,unexpected_label,1061,1062,2,unreviewed,
GT01436,46,unexpected_label,1061,1062,2,unreviewed,
GT01437,22,unexpected_label,1071,1072,2,unreviewed,
GT01438,45,unexpected_label,1071,1072,2,unreviewed,
GT01439,27,unexpected_label,1076,1077,2,unreviewed,
GT01440,57,unexpected_label,1076,1077,2,unreviewed,
GT01441,59,unexpected_label,1076,1077,2,unreviewed,
GT01442,15,unexpected_label,1084,1085,2,unreviewed,
GT01443,22,unexpected_label,1084,1085,2,unreviewed,
GT01444,45,unexpected_label,1084,1085,2,unreviewed,
GT01445,26,unexpected_label,1085,1086,2,unreviewed,
GT01446,26,unexpected_label,1091,1092,2,unreviewed,
GT01447,41,unexpected_label,1092,1093,2,unreviewed,
GT01448,46,unexpected_label,1092,1093,2,unreviewed,
GT01449,71,unexpected_label,1092,1093,2,unreviewed,
GT01450,27,unexpected_label,1096,1097,2,unreviewed,
GT01451,24,unexpected_label,1102,1103,2,unreviewed,
GT01452,46,unexpected_label,1102,1103,2,unreviewed,
GT01453,107,unexpected_label,1104,1105,2,unreviewed,
GT01454,20,unexpected_label,1104,1105,2,unreviewed,
GT01455,32,unexpected_label,1104,1105,2,unreviewed,
GT01456,39,unexpected_label,1104,1105,2,unreviewed,
GT01457,57,unexpected_label,1104,1105,2,unreviewed,
GT01458,67,unexpected_label,1104,1105,2,unreviewed,
GT01459,88,unexpected_label,1104,1105,2,unreviewed,
GT01460,94,unexpected_label,1104,1105,2,unreviewed,
GT01461,86,unexpected_label,1109,1110,2,unreviewed,
GT01462,87,unexpected_label,1109,1110,2,unreviewed,
GT01463,18,unexpected_label,1111,1112,2,unreviewed,
GT01464,86,unexpected_label,1112,1113,2,unreviewed,
GT01465,87,unexpected_label,1112,1113,2,unreviewed,
GT01466,27,unexpected_label,1238,1239,2,unreviewed,
GT01467,22,unexpected_label,1245,1246,2,unreviewed,
GT01468,45,unexpected_label,1245,1246,2,unreviewed,
GT01469,26,unexpected_label,1247,1248,2,unreviewed,
GT01470,57,unexpected_label,1247,1248,2,unreviewed,
GT01471,59,unexpected_label,1247,1248,2,unreviewed,
GT01472,46,unexpected_label,1260,1261,2,unreviewed,
GT01473,18,unexpected_label,1294,1295,2,unreviewed,
GT01474,25,unexpected_label,1294,1295,2,unreviewed,
GT01475,41,unexpected_label,1294,1295,2,unreviewed,
GT01476,48,unexpected_label,1294,1295,2,unreviewed,
GT01477,71,unexpected_label,1294,1295,2,unreviewed,
GT01478,12,unexpected_label,1404,1405,2,unreviewed,
GT01479,16,unexpected_label,1404,1405,2,unreviewed,
GT01480,24,unexpected_label,1404,1405,2,unreviewed,
GT01481,35,unexpected_label,1404,1405,2,unreviewed,
GT01482,40,unexpected_label,1404,1405,2,unreviewed,
GT01483,43,unexpected_label,1404,1405,2,unreviewed,
GT01484,45,unexpected_label,1404,1405,2,unreviewed,
GT01485,47,unexpected_label,1404,1405,2,unreviewed,
GT01486,52,unexpected_label,1404,1405,2,unreviewed,
GT01487,54,unexpected_label,1404,1405,2,unreviewed,
GT01488,59,unexpected_label,1404,1405,2,unreviewed,
GT01489,66,unexpected_label,1404,1405,2,unreviewed,
GT01490,68,unexpected_label,1404,1405,2,unreviewed,
GT01491,73,unexpected_label,1404,1405,2,unreviewed,
GT01492,22,unexpected_label,1429,1430,2,unreviewed,
GT01493,45,unexpected_label,1429,1430,2,unreviewed,
GT01494,24,unexpected_label,1430,1431,2,unreviewed,
GT01495,22,unexpected_label,1432,1433,2,unreviewed,
GT01496,45,unexpected_label,1432,1433,2,unreviewed,
GT01497,57,unexpected_label,1433,1434,2,unreviewed,
GT01498,59,unexpected_label,1433,1434,2,unreviewed,
GT01499,24,unexpected_label,1434,1435,2,unreviewed,
GT01500,46,unexpected_label,1434,1435,2,unreviewed,
GT01501,27,unexpected_label,1436,1437,2,unreviewed,
GT01502,57,unexpected_label,1436,1437,2,unreviewed,
GT01503,59,unexpected_label,1436,1437,2,unreviewed,
GT01504,27,unexpected_label,1439,1440,2,unreviewed,
GT01505,57,unexpected_label,1439,1440,2,unreviewed,
GT01506,59,unexpected_label,1439,1440,2,unreviewed,
GT01507,27,unexpected_label,1444,1445,2,unreviewed,
GT01508,57,unexpected_label,1444,1445,2,unreviewed,
GT01509,59,unexpected_label,1444,1445,2,unreviewed,
GT01510,24,unexpected_label,1446,1447,2,unreviewed,
GT01511,46,unexpected_label,1446,1447,2,unreviewed,
GT01512,22,unexpected_label,1450,1451,2,unreviewed,
GT01513,45,unexpected_label,1450,1451,2,unreviewed,
GT01514,24,unexpected_label,1452,1453,2,unreviewed,
GT01515,46,unexpected_label,1452,1453,2,unreviewed,
GT01516,22,unexpected_label,1484,1485,2,unreviewed,
GT01517,45,unexpected_label,1484,1485,2,unreviewed,
GT01518,27,unexpected_label,1495,1496,2,unreviewed,
GT01519,24,unexpected_label,1503,1504,2,unreviewed,
GT01520,27,unexpected_label,1536,1537,2,unreviewed,
GT01521,12,unexpected_label,1539,1540,2,unreviewed,
GT01522,43,unexpected_label,1539,1540,2,unreviewed,
GT01523,47,unexpected_label,1563,1564,2,unreviewed,
GT01524,27,unexpected_label,1568,1569,2,unreviewed,
GT01525,27,unexpected_label,1571,1572,2,unreviewed,
GT01526,26,unexpected_label,1574,1575,2,unreviewed,
GT01527,57,unexpected_label,1574,1575,2,unreviewed,
GT01528,59,unexpected_label,1574,1575,2,unreviewed,
GT01529,27,unexpected_label,1585,1586,2,unreviewed,
GT01530,57,unexpected_label,1585,1586,2,unreviewed,
GT01531,59,unexpected_label,1585,1586,2,unreviewed,
GT01532,24,unexpected_label,1586,1587,2,unreviewed,
GT01533,46,unexpected_label,1586,1587,2,unreviewed,
GT01534,22,unexpected_label,1590,1591,2,unreviewed,
GT01535,45,unexpected_label,1590,1591,2,unreviewed,
GT01536,15,unexpected_label,1594,1595,2,unreviewed,
GT01537,22,unexpected_label,1601,1602,2,unreviewed,
GT01538,45,unexpected_label,1601,1602,2,unreviewed,
GT01539,27,unexpected_label,1631,1632,2,unreviewed,
GT01540,57,unexpected_label,1631,1632,2,unreviewed,
GT01541,59,unexpected_label,1631,1632,2,unreviewed,
GT01542,24,unexpected_label,1632,1633,2,unreviewed,
GT01543,46,unexpected_label,1632,1633,2,unreviewed,
GT01544,22,unexpected_label,1637,1638,2,unreviewed,
GT01545,45,unexpected_label,1637,1638,2,unreviewed,
GT01546,24,unexpected_label,1645,1646,2,unreviewed,
GT01547,46,unexpected_label,1645,1646,2,unreviewed,
GT01548,57,unexpected_label,1653,1654,2,unreviewed,
GT01549,59,unexpected_label,1653,1654,2,unreviewed,
GT01550,24,unexpected_label,1708,1709,2,unreviewed,
GT01551,23,unexpected_label,1750,1751,2,unreviewed,
GT01552,108,unexpected_label,1751,1752,2,unreviewed,
GT01553,87,unexpected_label,1751,1752,2,unreviewed,
GT01554,99,unexpected_label,1751,1752,2,unreviewed,
GT01555,57,unexpected_label,1836,1837,2,unreviewed,
GT01556,59,unexpected_label,1836,1837,2,unreviewed,
GT01557,27,unexpected_label,1839,1840,2,unreviewed,
GT01558,57,unexpected_label,1839,1840,2,unreviewed,
GT01559,59,unexpected_label,1839,1840,2,unreviewed,
GT01560,15,unexpected_label,1842,1843,2,unreviewed,
GT01561,22,unexpected_label,1842,1843,2,unreviewed,
GT01562,45,unexpected_label,1842,1843,2,unreviewed,
GT01563,27,unexpected_label,1850,1851,2,unreviewed,
GT01564,57,unexpected_label,1850,1851,2,unreviewed,
GT01565,59,unexpected_label,1850,1851,2,unreviewed,
GT01566,27,unexpected_label,1856,1857,2,unreviewed,
GT01567,57,unexpected_label,1856,1857,2,unreviewed,
GT01568,59,unexpected_label,1856,1857,2,unreviewed,
GT01569,27,unexpected_label,1860,1861,2,unreviewed,
GT01570,57,unexpected_label,1860,1861,2,unreviewed,
GT01571,59,unexpected_label,1860,1861,2,unreviewed,
GT01572,24,unexpected_label,1861,1862,2,unreviewed,
GT01573,46,unexpected_label,1861,1862,2,unreviewed,
GT01574,27,unexpected_label,1863,1864,2,unreviewed,
GT01575,57,unexpected_label,1863,1864,2,unreviewed,
GT01576,59,unexpected_label,1863,1864,2,unreviewed,
GT01577,27,unexpected_label,1867,1868,2,unreviewed,
GT01578,57,unexpected_label,1867,1868,2,unreviewed,
GT01579,59,unexpected_label,1867,1868,2,unreviewed,
GT01580,22,unexpected_label,1869,1870,2,unreviewed,
GT01581,45,unexpected_label,1869,1870,2,unreviewed,
GT01582,46,unexpected_label,1870,1871,2,unreviewed,
GT01583,27,unexpected_label,1871,1872,2,unreviewed,
GT01584,57,unexpected_label,1871,1872,2,unreviewed,
GT01585,59,unexpected_label,1871,1872,2,unreviewed,
GT01586,24,unexpected_label,1873,1874,2,unreviewed,
GT01587,46,unexpected_label,1873,1874,2,unreviewed,
GT01588,27,unexpected_label,1874,1875,2,unreviewed,
GT01589,57,unexpected_label,1874,1875,2,unreviewed,
GT01590,59,unexpected_label,1874,1875,2,unreviewed,
GT01591,27,unexpected_label,1879,1880,2,unreviewed,
GT01592,57,unexpected_label,1879,1880,2,unreviewed,
GT01593,59,unexpected_label,1879,1880,2,unreviewed,
GT01594,24,unexpected_label,1885,1886,2,unreviewed,
GT01595,27,unexpected_label,1887,1888,2,unreviewed,
GT01596,24,unexpected_label,1889,1890,2,unreviewed,
GT01597,46,unexpected_label,1895,1896,2,unreviewed,
GT01598,27,unexpected_label,1897,1898,2,unreviewed,
GT01599,57,unexpected_label,1897,1898,2,unreviewed,
GT01600,59,unexpected_label,1897,1898,2,unreviewed,
GT01601,46,unexpected_label,1901,1902,2,unreviewed,
GT01602,15,unexpected_label,1910,1911,2,unreviewed,
GT01603,26,unexpected_label,1926,1927,2,unreviewed,
GT01604,26,unexpected_label,1929,1930,2,unreviewed,
GT01605,24,unexpected_label,1937,1938,2,unreviewed,
GT01606,26,unexpected_label,1947,1948,2,unreviewed,
GT01607,57,unexpected_label,1947,1948,2,unreviewed,
GT01608,59,unexpected_label,1947,1948,2,unreviewed,
GT01609,23,unexpected_label,1953,1954,2,unreviewed,
GT01610,47,unexpected_label,1953,1954,2,unreviewed,
GT01611,22,unexpected_label,1968,1969,2,unreviewed,
GT01612,45,unexpected_label,1968,1969,2,unreviewed,
GT01613,12,unexpected_label,2010,2011,2,unreviewed,
GT01614,43,unexpected_label,2010,2011,2,unreviewed,
GT01615,24,unexpected_label,2018,2019,2,unreviewed,
GT01616,46,unexpected_label,2018,2019,2,unreviewed,
GT01617,22,unexpected_label,2019,2020,2,unreviewed,
GT01618,45,unexpected_label,2019,2020,2,unreviewed,
GT01619,27,unexpected_label,2021,2022,2,unreviewed,
GT01620,57,unexpected_label,2021,2022,2,unreviewed,
GT01621,59,unexpected_label,2021,2022,2,unreviewed,
GT01622,27,unexpected_label,2028,2029,2,unreviewed,
GT01623,59,unexpected_label,2028,2029,2,unreviewed,
GT01624,32,unexpected_label,2030,2031,2,unreviewed,
GT01625,67,unexpected_label,2030,2031,2,unreviewed,
GT01626,22,unexpected_label,2046,2047,2,unreviewed,
GT01627,66,unexpected_label,2046,2047,2,unreviewed,
GT01628,18,unexpected_label,2048,2049,2,unreviewed,
GT01629,25,unexpected_label,2048,2049,2,unreviewed,
GT01630,32,unexpected_label,2048,2049,2,unreviewed,
GT01631,67,unexpected_label,2048,2049,2,unreviewed,
GT01632,71,unexpected_label,2126,2127,2,unreviewed,
GT01633,71,unexpected_label,2129,2130,2,unreviewed,
GT01634,18,unexpected_label,2178,2179,2,unreviewed,
GT01635,25,unexpected_label,2178,2179,2,unreviewed,
GT01636,32,unexpected_label,2178,2179,2,unreviewed,
GT01637,67,unexpected_label,2178,2179,2,unreviewed,
GT01638,42,unexpected_label,2297,2298,2,unreviewed,
GT01639,71,unexpected_label,2297,2298,2,unreviewed,
GT01640,52,unexpected_label,2305,2306,2,unreviewed,
GT01641,57,unexpected_label,2305,2306,2,unreviewed,
GT01642,80,unexpected_label,2305,2306,2,unreviewed,
GT01643,94,unexpected_label,2305,2306,2,unreviewed,
GT01644,1,unexpected_label,2529,2530,2,unreviewed,
GT01645,11,unexpected_label,2529,2530,2,unreviewed,
GT01646,12,unexpected_label,2529,2530,2,unreviewed,
GT01647,13,unexpected_label,2529,2530,2,unreviewed,
GT01648,16,unexpected_label,2529,2530,2,unreviewed,
GT01649,20,unexpected_label,2529,2530,2,unreviewed,
GT01650,24,unexpected_label,2529,2530,2,unreviewed,
GT01651,25,unexpected_label,2529,2530,2,unreviewed,
GT01652,3,unexpected_label,2529,2530,2,unreviewed,
GT01653,32,unexpected_label,2529,2530,2,unreviewed,
GT01654,34,unexpected_label,2529,2530,2,unreviewed,
GT01655,37,unexpected_label,2529,2530,2,unreviewed,
GT01656,4,unexpected_label,2529,2530,2,unreviewed,
GT01657,6,unexpected_label,2529,2530,2,unreviewed,
GT01658,8,unexpected_label,2529,2530,2,unreviewed,
GT01659,24,unexpected_label,2585,2586,2,unreviewed,
GT01660,24,unexpected_label,2599,2600,2,unreviewed,
GT01661,30,unexpected_label,2904,2905,2,unreviewed,
GT01662,23,unexpected_label,2906,2907,2,unreviewed,
GT01663,26,unexpected_label,2906,2907,2,unreviewed,
GT01664,58,unexpected_label,2906,2907,2,unreviewed,
GT01665,63,unexpected_label,2906,2907,2,unreviewed,
GT01666,22,unexpected_label,2984,2985,2,unreviewed,
GT01667,45,unexpected_label,2984,2985,2,unreviewed,
GT01668,46,unexpected_label,2991,2992,2,unreviewed,
GT01669,22,unexpected_label,2993,2994,2,unreviewed,
GT01670,45,unexpected_label,2993,2994,2,unreviewed,
GT01671,47,unexpected_label,3001,3002,2,unreviewed,
GT01672,23,unexpected_label,3283,3284,2,unreviewed,
GT01673,52,unexpected_label,3283,3284,2,unreviewed,
GT01674,12,unexpected_label,3322,3323,2,unreviewed,
GT01675,16,unexpected_label,3322,3323,2,unreviewed,
GT01676,35,unexpected_label,3322,3323,2,unreviewed,
GT01677,40,unexpected_label,3327,3328,2,unreviewed,
GT01678,45,unexpected_label,3327,3328,2,unreviewed,
GT01679,47,unexpected_label,3327,3328,2,unreviewed,
GT01680,54,unexpected_label,3327,3328,2,unreviewed,
GT01681,59,unexpected_label,3327,3328,2,unreviewed,
GT01682,66,unexpected_label,3327,3328,2,unreviewed,
GT01683,68,unexpected_label,3327,3328,2,unreviewed,
GT01684,73,unexpected_label,3327,3328,2,unreviewed,
GT01685,23,unexpected_label,3430,3431,2,unreviewed,
GT01686,73,unexpected_label,3434,3435,2,unreviewed,
GT01687,23,unexpected_label,3435,3436,2,unreviewed,
GT01688,24,unexpected_label,3436,3437,2,unreviewed,
GT01689,47,unexpected_label,3462,3463,2,unreviewed,
GT01690,47,unexpected_label,3493,3494,2,unreviewed,
GT01691,111,unexpected_label,0,0,1,unreviewed,
GT01692,96,unexpected_label,0,0,1,unreviewed,
GT01693,89,unexpected_label,1,1,1,unreviewed,
GT01694,99,unexpected_label,1,1,1,unreviewed,
GT01695,111,unexpected_label,2,2,1,unreviewed,
GT01696,26,unexpected_label,2,2,1,unreviewed,
GT01697,78,unexpected_label,2,2,1,unreviewed,
GT01698,96,unexpected_label,2,2,1,unreviewed,
GT01699,103,unexpected_label,61,61,1,unreviewed,
GT01700,104,unexpected_label,61,61,1,unreviewed,
GT01701,111,unexpected_label,61,61,1,unreviewed,
GT01702,84,unexpected_label,61,61,1,unreviewed,
GT01703,24,unexpected_label,107,107,1,unreviewed,
GT01704,103,unexpected_label,136,136,1,unreviewed,
GT01705,84,unexpected_label,136,136,1,unreviewed,
GT01706,24,unexpected_label,143,143,1,unreviewed,
GT01707,46,unexpected_label,143,143,1,unreviewed,
GT01708,22,unexpected_label,144,144,1,unreviewed,
GT01709,45,unexpected_label,144,144,1,unreviewed,
GT01710,22,unexpected_label,149,149,1,unreviewed,
GT01711,45,unexpected_label,149,149,1,unreviewed,
GT01712,22,unexpected_label,151,151,1,unreviewed,
GT01713,45,unexpected_label,151,151,1,unreviewed,
GT01714,22,unexpected_label,156,156,1,unreviewed,
GT01715,45,unexpected_label,156,156,1,unreviewed,
GT01716,22,unexpected_label,160,160,1,unreviewed,
GT01717,45,unexpected_label,160,160,1,unreviewed,
GT01718,22,unexpected_label,162,162,1,unreviewed,
GT01719,45,unexpected_label,162,162,1,unreviewed,
GT01720,27,unexpected_label,164,164,1,unreviewed,
GT01721,57,unexpected_label,164,164,1,unreviewed,
GT01722,12,unexpected_label,165,165,1,unreviewed,
GT01723,16,unexpected_label,165,165,1,unreviewed,
GT01724,35,unexpected_label,165,165,1,unreviewed,
GT01725,40,unexpected_label,165,165,1,unreviewed,
GT01726,47,unexpected_label,165,165,1,unreviewed,
GT01727,54,unexpected_label,165,165,1,unreviewed,
GT01728,66,unexpected_label,165,165,1,unreviewed,
GT01729,68,unexpected_label,165,165,1,unreviewed,
GT01730,73,unexpected_label,165,165,1,unreviewed,
GT01731,27,unexpected_label,172,172,1,unreviewed,
GT01732,57,unexpected_label,172,172,1,unreviewed,
GT01733,59,unexpected_label,172,172,1,unreviewed,
GT01734,27,unexpected_label,174,174,1,unreviewed,
GT01735,57,unexpected_label,174,174,1,unreviewed,
GT01736,59,unexpected_label,174,174,1,unreviewed,
GT01737,27,unexpected_label,176,176,1,unreviewed,
GT01738,57,unexpected_label,176,176,1,unreviewed,
GT01739,59,unexpected_label,176,176,1,unreviewed,
GT01740,27,unexpected_label,180,180,1,unreviewed,
GT01741,57,unexpected_label,180,180,1,unreviewed,
GT01742,59,unexpected_label,180,180,1,unreviewed,
GT01743,22,unexpected_label,182,182,1,unreviewed,
GT01744,45,unexpected_label,182,182,1,unreviewed,
GT01745,27,unexpected_label,186,186,1,unreviewed,
GT01746,27,unexpected_label,192,192,1,unreviewed,
GT01747,26,unexpected_label,196,196,1,unreviewed,
GT01748,57,unexpected_label,196,196,1,unreviewed,
GT01749,59,unexpected_label,196,196,1,unreviewed,
GT01750,41,unexpected_label,201,201,1,unreviewed,
GT01751,71,unexpected_label,201,201,1,unreviewed,
GT01752,60,unexpected_label,202,202,1,unreviewed,
GT01753,18,unexpected_label,204,204,1,unreviewed,
GT01754,25,unexpected_label,204,204,1,unreviewed,
GT01755,27,unexpected_label,204,204,1,unreviewed,
GT01756,48,unexpected_label,204,204,1,unreviewed,
GT01757,60,unexpected_label,204,204,1,unreviewed,
GT01758,18,unexpected_label,208,208,1,unreviewed,
GT01759,25,unexpected_label,208,208,1,unreviewed,
GT01760,26,unexpected_label,208,208,1,unreviewed,
GT01761,27,unexpected_label,208,208,1,unreviewed,
GT01762,48,unexpected_label,208,208,1,unreviewed,
GT01763,57,unexpected_label,208,208,1,unreviewed,
GT01764,59,unexpected_label,208,208,1,unreviewed,
GT01765,47,unexpected_label,230,230,1,unreviewed,
GT01766,24,unexpected_label,242,242,1,unreviewed,
GT01767,24,unexpected_label,244,244,1,unreviewed,
GT01768,40,unexpected_label,250,250,1,unreviewed,
GT01769,89,unexpected_label,251,251,1,unreviewed,
GT01770,99,unexpected_label,251,251,1,unreviewed,
GT01771,40,unexpected_label,252,252,1,unreviewed,
GT01772,40,unexpected_label,255,255,1,unreviewed,
GT01773,104,unexpected_label,260,260,1,unreviewed,
GT01774,77,unexpected_label,260,260,1,unreviewed,
GT01775,82,unexpected_label,260,260,1,unreviewed,
GT01776,89,unexpected_label,260,260,1,unreviewed,
GT01777,96,unexpected_label,260,260,1,unreviewed,
GT01778,99,unexpected_label,260,260,1,unreviewed,
GT01779,26,unexpected_label,262,262,1,unreviewed,
GT01780,78,unexpected_label,262,262,1,unreviewed,
GT01781,26,unexpected_label,265,265,1,unreviewed,
GT01782,78,unexpected_label,265,265,1,unreviewed,
GT01783,89,unexpected_label,269,269,1,unreviewed,
GT01784,99,unexpected_label,269,269,1,unreviewed,
GT01785,22,unexpected_label,270,270,1,unreviewed,
GT01786,66,unexpected_label,270,270,1,unreviewed,
GT01787,18,unexpected_label,271,271,1,unreviewed,
GT01788,22,unexpected_label,272,272,1,unreviewed,
GT01789,66,unexpected_label,272,272,1,unreviewed,
GT01790,15,unexpected_label,273,273,1,unreviewed,
GT01791,18,unexpected_label,273,273,1,unreviewed,
GT01792,41,unexpected_label,273,273,1,unreviewed,
GT01793,46,unexpected_label,273,273,1,unreviewed,
GT01794,48,unexpected_label,273,273,1,unreviewed,
GT01795,71,unexpected_label,273,273,1,unreviewed,
GT01796,18,unexpected_label,277,277,1,unreviewed,
GT01797,25,unexpected_label,277,277,1,unreviewed,
GT01798,32,unexpected_label,277,277,1,unreviewed,
GT01799,67,unexpected_label,277,277,1,unreviewed,
GT01800,22,unexpected_label,282,282,1,unreviewed,
GT01801,43,unexpected_label,282,282,1,unreviewed,
GT01802,50,unexpected_label,282,282,1,unreviewed,
GT01803,66,unexpected_label,282,282,1,unreviewed,
GT01804,73,unexpected_label,282,282,1,unreviewed,
GT01805,86,unexpected_label,282,282,1,unreviewed,
GT01806,87,unexpected_label,282,282,1,unreviewed,
GT01807,18,unexpected_label,283,283,1,unreviewed,
GT01808,25,unexpected_label,283,283,1,unreviewed,
GT01809,32,unexpected_label,283,283,1,unreviewed,
GT01810,67,unexpected_label,283,283,1,unreviewed,
GT01811,86,unexpected_label,285,285,1,unreviewed,
GT01812,87,unexpected_label,285,285,1,unreviewed,
GT01813,18,unexpected_label,286,286,1,unreviewed,
GT01814,25,unexpected_label,286,286,1,unreviewed,
GT01815,32,unexpected_label,286,286,1,unreviewed,
GT01816,67,unexpected_label,286,286,1,unreviewed,
GT01817,86,unexpected_label,287,287,1,unreviewed,
GT01818,87,unexpected_label,287,287,1,unreviewed,
GT01819,47,unexpected_label,290,290,1,unreviewed,
GT01820,86,unexpected_label,290,290,1,unreviewed,
GT01821,87,unexpected_label,290,290,1,unreviewed,
GT01822,18,unexpected_label,296,296,1,unreviewed,
GT01823,25,unexpected_label,296,296,1,unreviewed,
GT01824,32,unexpected_label,296,296,1,unreviewed,
GT01825,67,unexpected_label,296,296,1,unreviewed,
GT01826,18,unexpected_label,299,299,1,unreviewed,
GT01827,25,unexpected_label,299,299,1,unreviewed,
GT01828,32,unexpected_label,299,299,1,unreviewed,
GT01829,67,unexpected_label,299,299,1,unreviewed,
GT01830,18,unexpected_label,301,301,1,unreviewed,
GT01831,25,unexpected_label,301,301,1,unreviewed,
GT01832,32,unexpected_label,301,301,1,unreviewed,
GT01833,67,unexpected_label,301,301,1,unreviewed,
GT01834,25,unexpected_label,304,304,1,unreviewed,
GT01835,32,unexpected_label,304,304,1,unreviewed,
GT01836,67,unexpected_label,304,304,1,unreviewed,
GT01837,12,unexpected_label,310,310,1,unreviewed,
GT01838,30,unexpected_label,310,310,1,unreviewed,
GT01839,69,unexpected_label,310,310,1,unreviewed,
GT01840,22,unexpected_label,313,313,1,unreviewed,
GT01841,66,unexpected_label,313,313,1,unreviewed,
GT01842,12,unexpected_label,317,317,1,unreviewed,
GT01843,25,unexpected_label,317,317,1,unreviewed,
GT01844,30,unexpected_label,317,317,1,unreviewed,
GT01845,32,unexpected_label,317,317,1,unreviewed,
GT01846,67,unexpected_label,317,317,1,unreviewed,
GT01847,69,unexpected_label,317,317,1,unreviewed,
GT01848,25,unexpected_label,322,322,1,unreviewed,
GT01849,32,unexpected_label,322,322,1,unreviewed,
GT01850,67,unexpected_label,322,322,1,unreviewed,
GT01851,86,unexpected_label,323,323,1,unreviewed,
GT01852,87,unexpected_label,323,323,1,unreviewed,
GT01853,25,unexpected_label,324,324,1,unreviewed,
GT01854,32,unexpected_label,324,324,1,unreviewed,
GT01855,67,unexpected_label,324,324,1,unreviewed,
GT01856,86,unexpected_label,325,325,1,unreviewed,
GT01857,87,unexpected_label,325,325,1,unreviewed,
GT01858,25,unexpected_label,326,326,1,unreviewed,
GT01859,32,unexpected_label,326,326,1,unreviewed,
GT01860,67,unexpected_label,326,326,1,unreviewed,
GT01861,31,unexpected_label,327,327,1,unreviewed,
GT01862,36,unexpected_label,327,327,1,unreviewed,
GT01863,86,unexpected_label,327,327,1,unreviewed,
GT01864,87,unexpected_label,327,327,1,unreviewed,
GT01865,22,unexpected_label,330,330,1,unreviewed,
GT01866,29,unexpected_label,330,330,1,unreviewed,
GT01867,66,unexpected_label,330,330,1,unreviewed,
GT01868,17,unexpected_label,340,340,1,unreviewed,
GT01869,25,unexpected_label,340,340,1,unreviewed,
GT01870,32,unexpected_label,340,340,1,unreviewed,
GT01871,67,unexpected_label,340,340,1,unreviewed,
GT01872,31,unexpected_label,341,341,1,unreviewed,
GT01873,36,unexpected_label,341,341,1,unreviewed,
GT01874,86,unexpected_label,341,341,1,unreviewed,
GT01875,87,unexpected_label,341,341,1,unreviewed,
GT01876,31,unexpected_label,343,343,1,unreviewed,
GT01877,36,unexpected_label,343,343,1,unreviewed,
GT01878,86,unexpected_label,343,343,1,unreviewed,
GT01879,87,unexpected_label,343,343,1,unreviewed,
GT01880,17,unexpected_label,347,347,1,unreviewed,
GT01881,25,unexpected_label,347,347,1,unreviewed,
GT01882,32,unexpected_label,347,347,1,unreviewed,
GT01883,67,unexpected_label,347,347,1,unreviewed,
GT01884,9,unexpected_label,397,397,1,unreviewed,
GT01885,9,unexpected_label,400,400,1,unreviewed,
GT01886,9,unexpected_label,408,408,1,unreviewed,
GT01887,86,unexpected_label,438,438,1,unreviewed,
GT01888,87,unexpected_label,438,438,1,unreviewed,
GT01889,22,unexpected_label,439,439,1,unreviewed,
GT01890,66,unexpected_label,439,439,1,unreviewed,
GT01891,18,unexpected_label,440,440,1,unreviewed,
GT01892,25,unexpected_label,440,440,1,unreviewed,
GT01893,32,unexpected_label,440,440,1,unreviewed,
GT01894,67,unexpected_label,440,440,1,unreviewed,
GT01895,18,unexpected_label,442,442,1,unreviewed,
GT01896,25,unexpected_label,442,442,1,unreviewed,
GT01897,32,unexpected_label,442,442,1,unreviewed,
GT01898,67,unexpected_label,442,442,1,unreviewed,
GT01899,43,unexpected_label,447,447,1,unreviewed,
GT01900,50,unexpected_label,447,447,1,unreviewed,
GT01901,73,unexpected_label,447,447,1,unreviewed,
GT01902,40,unexpected_label,450,450,1,unreviewed,
GT01903,35,unexpected_label,452,452,1,unreviewed,
GT01904,40,unexpected_label,452,452,1,unreviewed,
GT01905,68,unexpected_label,452,452,1,unreviewed,
GT01906,15,unexpected_label,455,455,1,unreviewed,
GT01907,18,unexpected_label,455,455,1,unreviewed,
GT01908,22,unexpected_label,455,455,1,unreviewed,
GT01909,25,unexpected_label,455,455,1,unreviewed,
GT01910,26,unexpected_label,455,455,1,unreviewed,
GT01911,41,unexpected_label,455,455,1,unreviewed,
GT01912,45,unexpected_label,455,455,1,unreviewed,
GT01913,48,unexpected_label,455,455,1,unreviewed,
GT01914,63,unexpected_label,455,455,1,unreviewed,
GT01915,71,unexpected_label,455,455,1,unreviewed,
GT01916,78,unexpected_label,455,455,1,unreviewed,
GT01917,27,unexpected_label,456,456,1,unreviewed,
GT01918,59,unexpected_label,456,456,1,unreviewed,
GT01919,40,unexpected_label,457,457,1,unreviewed,
GT01920,63,unexpected_label,457,457,1,unreviewed,
GT01921,75,tiny_target_region,457,457,1,unreviewed,
GT01922,26,unexpected_label,460,460,1,unreviewed,
GT01923,27,unexpected_label,460,460,1,unreviewed,
GT01924,59,unexpected_label,460,460,1,unreviewed,
GT01925,45,unexpected_label,461,461,1,unreviewed,
GT01926,27,unexpected_label,462,462,1,unreviewed,
GT01927,59,unexpected_label,462,462,1,unreviewed,
GT01928,86,unexpected_label,464,464,1,unreviewed,
GT01929,87,unexpected_label,464,464,1,unreviewed,
GT01930,25,unexpected_label,465,465,1,unreviewed,
GT01931,32,unexpected_label,465,465,1,unreviewed,
GT01932,67,unexpected_label,465,465,1,unreviewed,
GT01933,43,unexpected_label,468,468,1,unreviewed,
GT01934,50,unexpected_label,468,468,1,unreviewed,
GT01935,73,unexpected_label,468,468,1,unreviewed,
GT01936,86,unexpected_label,471,471,1,unreviewed,
GT01937,87,unexpected_label,471,471,1,unreviewed,
GT01938,22,unexpected_label,476,476,1,unreviewed,
GT01939,66,unexpected_label,476,476,1,unreviewed,
GT01940,15,unexpected_label,480,480,1,unreviewed,
GT01941,24,unexpected_label,480,480,1,unreviewed,
GT01942,71,unexpected_label,481,481,1,unreviewed,
GT01943,15,unexpected_label,557,557,1,unreviewed,
GT01944,24,unexpected_label,557,557,1,unreviewed,
GT01945,18,unexpected_label,558,558,1,unreviewed,
GT01946,18,unexpected_label,560,560,1,unreviewed,
GT01947,12,unexpected_label,562,562,1,unreviewed,
GT01948,18,unexpected_label,562,562,1,unreviewed,
GT01949,30,unexpected_label,562,562,1,unreviewed,
GT01950,43,unexpected_label,562,562,1,unreviewed,
GT01951,50,unexpected_label,562,562,1,unreviewed,
GT01952,69,unexpected_label,562,562,1,unreviewed,
GT01953,73,unexpected_label,562,562,1,unreviewed,
GT01954,31,unexpected_label,566,566,1,unreviewed,
GT01955,36,unexpected_label,566,566,1,unreviewed,
GT01956,86,unexpected_label,566,566,1,unreviewed,
GT01957,87,unexpected_label,566,566,1,unreviewed,
GT01958,17,unexpected_label,567,567,1,unreviewed,
GT01959,18,unexpected_label,568,568,1,unreviewed,
GT01960,17,unexpected_label,569,569,1,unreviewed,
GT01961,17,unexpected_label,571,571,1,unreviewed,
GT01962,31,unexpected_label,572,572,1,unreviewed,
GT01963,36,unexpected_label,572,572,1,unreviewed,
GT01964,86,unexpected_label,572,572,1,unreviewed,
GT01965,87,unexpected_label,572,572,1,unreviewed,
GT01966,17,unexpected_label,573,573,1,unreviewed,
GT01967,31,unexpected_label,574,574,1,unreviewed,
GT01968,36,unexpected_label,574,574,1,unreviewed,
GT01969,86,unexpected_label,574,574,1,unreviewed,
GT01970,87,unexpected_label,574,574,1,unreviewed,
GT01971,31,unexpected_label,576,576,1,unreviewed,
GT01972,36,unexpected_label,576,576,1,unreviewed,
GT01973,86,unexpected_label,576,576,1,unreviewed,
GT01974,87,unexpected_label,576,576,1,unreviewed,
GT01975,22,unexpected_label,577,577,1,unreviewed,
GT01976,29,unexpected_label,577,577,1,unreviewed,
GT01977,66,unexpected_label,577,577,1,unreviewed,
GT01978,31,unexpected_label,580,580,1,unreviewed,
GT01979,36,unexpected_label,580,580,1,unreviewed,
GT01980,86,unexpected_label,580,580,1,unreviewed,
GT01981,87,unexpected_label,580,580,1,unreviewed,
GT01982,31,unexpected_label,582,582,1,unreviewed,
GT01983,36,unexpected_label,582,582,1,unreviewed,
GT01984,86,unexpected_label,582,582,1,unreviewed,
GT01985,87,unexpected_label,582,582,1,unreviewed,
GT01986,12,unexpected_label,585,585,1,unreviewed,
GT01987,30,unexpected_label,585,585,1,unreviewed,
GT01988,69,unexpected_label,585,585,1,unreviewed,
GT01989,31,unexpected_label,587,587,1,unreviewed,
GT01990,36,unexpected_label,587,587,1,unreviewed,
GT01991,86,unexpected_label,587,587,1,unreviewed,
GT01992,87,unexpected_label,587,587,1,unreviewed,
GT01993,22,unexpected_label,594,594,1,unreviewed,
GT01994,29,unexpected_label,594,594,1,unreviewed,
GT01995,66,unexpected_label,594,594,1,unreviewed,
GT01996,22,unexpected_label,596,596,1,unreviewed,
GT01997,29,unexpected_label,596,596,1,unreviewed,
GT01998,66,unexpected_label,596,596,1,unreviewed,
GT01999,31,unexpected_label,599,599,1,unreviewed,
GT02000,36,unexpected_label,599,599,1,unreviewed,
GT02001,86,unexpected_label,599,599,1,unreviewed,
GT02002,87,unexpected_label,599,599,1,unreviewed,
GT02003,22,unexpected_label,615,615,1,unreviewed,
GT02004,29,unexpected_label,615,615,1,unreviewed,
GT02005,31,unexpected_label,615,615,1,unreviewed,
GT02006,36,unexpected_label,615,615,1,unreviewed,
GT02007,66,unexpected_label,615,615,1,unreviewed,
GT02008,86,unexpected_label,615,615,1,unreviewed,
GT02009,87,unexpected_label,615,615,1,unreviewed,
GT02010,17,unexpected_label,616,616,1,unreviewed,
GT02011,25,unexpected_label,616,616,1,unreviewed,
GT02012,32,unexpected_label,616,616,1,unreviewed,
GT02013,67,unexpected_label,616,616,1,unreviewed,
GT02014,31,unexpected_label,617,617,1,unreviewed,
GT02015,36,unexpected_label,617,617,1,unreviewed,
GT02016,86,unexpected_label,617,617,1,unreviewed,
GT02017,87,unexpected_label,617,617,1,unreviewed,
GT02018,31,unexpected_label,619,619,1,unreviewed,
GT02019,36,unexpected_label,619,619,1,unreviewed,
GT02020,86,unexpected_label,619,619,1,unreviewed,
GT02021,87,unexpected_label,619,619,1,unreviewed,
GT02022,22,unexpected_label,620,620,1,unreviewed,
GT02023,29,unexpected_label,620,620,1,unreviewed,
GT02024,66,unexpected_label,620,620,1,unreviewed,
GT02025,31,unexpected_label,621,621,1,unreviewed,
GT02026,36,unexpected_label,621,621,1,unreviewed,
GT02027,86,unexpected_label,621,621,1,unreviewed,
GT02028,87,unexpected_label,621,621,1,unreviewed,
GT02029,18,unexpected_label,622,622,1,unreviewed,
GT02030,22,unexpected_label,623,623,1,unreviewed,
GT02031,29,unexpected_label,623,623,1,unreviewed,
GT02032,31,unexpected_label,623,623,1,unreviewed,
GT02033,36,unexpected_label,623,623,1,unreviewed,
GT02034,66,unexpected_label,623,623,1,unreviewed,
GT02035,86,unexpected_label,623,623,1,unreviewed,
GT02036,87,unexpected_label,623,623,1,unreviewed,
GT02037,15,unexpected_label,625,625,1,unreviewed,
GT02038,24,unexpected_label,625,625,1,unreviewed,
GT02039,31,unexpected_label,628,628,1,unreviewed,
GT02040,36,unexpected_label,628,628,1,unreviewed,
GT02041,86,unexpected_label,628,628,1,unreviewed,
GT02042,87,unexpected_label,628,628,1,unreviewed,
GT02043,22,unexpected_label,629,629,1,unreviewed,
GT02044,29,unexpected_label,629,629,1,unreviewed,
GT02045,66,unexpected_label,629,629,1,unreviewed,
GT02046,103,unexpected_label,636,636,1,unreviewed,
GT02047,111,unexpected_label,636,636,1,unreviewed,
GT02048,26,unexpected_label,636,636,1,unreviewed,
GT02049,40,unexpected_label,636,636,1,unreviewed,
GT02050,43,unexpected_label,636,636,1,unreviewed,
GT02051,47,unexpected_label,636,636,1,unreviewed,
GT02052,50,unexpected_label,636,636,1,unreviewed,
GT02053,63,unexpected_label,636,636,1,unreviewed,
GT02054,73,unexpected_label,636,636,1,unreviewed,
GT02055,77,unexpected_label,636,636,1,unreviewed,
GT02056,78,unexpected_label,636,636,1,unreviewed,
GT02057,82,unexpected_label,636,636,1,unreviewed,
GT02058,84,unexpected_label,636,636,1,unreviewed,
GT02059,96,unexpected_label,636,636,1,unreviewed,
GT02060,18,unexpected_label,638,638,1,unreviewed,
GT02061,43,unexpected_label,640,640,1,unreviewed,
GT02062,50,unexpected_label,640,640,1,unreviewed,
GT02063,73,unexpected_label,640,640,1,unreviewed,
GT02064,86,unexpected_label,642,642,1,unreviewed,
GT02065,87,unexpected_label,642,642,1,unreviewed,
GT02066,45,unexpected_label,643,643,1,unreviewed,
GT02067,27,unexpected_label,645,645,1,unreviewed,
GT02068,12,unexpected_label,646,646,1,unreviewed,
GT02069,16,unexpected_label,646,646,1,unreviewed,
GT02070,23,unexpected_label,646,646,1,unreviewed,
GT02071,30,unexpected_label,646,646,1,unreviewed,
GT02072,35,unexpected_label,646,646,1,unreviewed,
GT02073,40,unexpected_label,646,646,1,unreviewed,
GT02074,45,unexpected_label,646,646,1,unreviewed,
GT02075,47,unexpected_label,646,646,1,unreviewed,
GT02076,52,unexpected_label,646,646,1,unreviewed,
GT02077,54,unexpected_label,646,646,1,unreviewed,
GT02078,86,unexpected_label,646,646,1,unreviewed,
GT02079,87,unexpected_label,646,646,1,unreviewed,
GT02080,15,unexpected_label,649,649,1,unreviewed,
GT02081,18,unexpected_label,649,649,1,unreviewed,
GT02082,22,unexpected_label,649,649,1,unreviewed,
GT02083,24,unexpected_label,649,649,1,unreviewed,
GT02084,25,unexpected_label,649,649,1,unreviewed,
GT02085,41,unexpected_label,649,649,1,unreviewed,
GT02086,45,unexpected_label,649,649,1,unreviewed,
GT02087,46,unexpected_label,649,649,1,unreviewed,
GT02088,48,unexpected_label,649,649,1,unreviewed,
GT02089,60,unexpected_label,649,649,1,unreviewed,
GT02090,71,unexpected_label,649,649,1,unreviewed,
GT02091,47,unexpected_label,651,651,1,unreviewed,
GT02092,47,unexpected_label,659,659,1,unreviewed,
GT02093,71,unexpected_label,660,660,1,unreviewed,
GT02094,71,unexpected_label,663,663,1,unreviewed,
GT02095,47,unexpected_label,670,670,1,unreviewed,
GT02096,71,unexpected_label,672,672,1,unreviewed,
GT02097,17,unexpected_label,674,674,1,unreviewed,
GT02098,24,unexpected_label,674,674,1,unreviewed,
GT02099,26,unexpected_label,674,674,1,unreviewed,
GT02100,46,unexpected_label,674,674,1,unreviewed,
GT02101,57,unexpected_label,674,674,1,unreviewed,
GT02102,59,unexpected_label,674,674,1,unreviewed,
GT02103,24,unexpected_label,676,676,1,unreviewed,
GT02104,46,unexpected_label,676,676,1,unreviewed,
GT02105,26,unexpected_label,677,677,1,unreviewed,
GT02106,57,unexpected_label,677,677,1,unreviewed,
GT02107,59,unexpected_label,677,677,1,unreviewed,
GT02108,16,unexpected_label,683,683,1,unreviewed,
GT02109,20,unexpected_label,683,683,1,unreviewed,
GT02110,23,unexpected_label,683,683,1,unreviewed,
GT02111,32,unexpected_label,683,683,1,unreviewed,
GT02112,34,unexpected_label,683,683,1,unreviewed,
GT02113,37,unexpected_label,683,683,1,unreviewed,
GT02114,39,unexpected_label,683,683,1,unreviewed,
GT02115,51,unexpected_label,683,683,1,unreviewed,
GT02116,57,unexpected_label,683,683,1,unreviewed,
GT02117,66,unexpected_label,683,683,1,unreviewed,
GT02118,76,unexpected_label,683,683,1,unreviewed,
GT02119,88,unexpected_label,683,683,1,unreviewed,
GT02120,94,unexpected_label,683,683,1,unreviewed,
GT02121,27,unexpected_label,686,686,1,unreviewed,
GT02122,57,unexpected_label,686,686,1,unreviewed,
GT02123,59,unexpected_label,686,686,1,unreviewed,
GT02124,27,unexpected_label,688,688,1,unreviewed,
GT02125,57,unexpected_label,688,688,1,unreviewed,
GT02126,59,unexpected_label,688,688,1,unreviewed,
GT02127,26,unexpected_label,690,690,1,unreviewed,
GT02128,107,unexpected_label,761,761,1,unreviewed,
GT02129,18,unexpected_label,761,761,1,unreviewed,
GT02130,47,unexpected_label,761,761,1,unreviewed,
GT02131,57,unexpected_label,761,761,1,unreviewed,
GT02132,94,unexpected_label,761,761,1,unreviewed,
GT02133,15,unexpected_label,762,762,1,unreviewed,
GT02134,20,unexpected_label,762,762,1,unreviewed,
GT02135,24,unexpected_label,762,762,1,unreviewed,
GT02136,39,unexpected_label,762,762,1,unreviewed,
GT02137,86,unexpected_label,762,762,1,unreviewed,
GT02138,87,unexpected_label,762,762,1,unreviewed,
GT02139,88,unexpected_label,762,762,1,unreviewed,
GT02140,71,unexpected_label,763,763,1,unreviewed,
GT02141,35,unexpected_label,771,771,1,unreviewed,
GT02142,68,unexpected_label,771,771,1,unreviewed,
GT02143,24,unexpected_label,773,773,1,unreviewed,
GT02144,46,unexpected_label,773,773,1,unreviewed,
GT02145,22,unexpected_label,774,774,1,unreviewed,
GT02146,45,unexpected_label,774,774,1,unreviewed,
GT02147,26,unexpected_label,776,776,1,unreviewed,
GT02148,78,unexpected_label,776,776,1,unreviewed,
GT02149,86,unexpected_label,776,776,1,unreviewed,
GT02150,87,unexpected_label,776,776,1,unreviewed,
GT02151,27,unexpected_label,777,777,1,unreviewed,
GT02152,59,unexpected_label,777,777,1,unreviewed,
GT02153,100,unexpected_label,778,778,1,unreviewed,
GT02154,15,unexpected_label,778,778,1,unreviewed,
GT02155,46,unexpected_label,778,778,1,unreviewed,
GT02156,50,unexpected_label,778,778,1,unreviewed,
GT02157,73,unexpected_label,778,778,1,unreviewed,
GT02158,27,unexpected_label,779,779,1,unreviewed,
GT02159,59,unexpected_label,779,779,1,unreviewed,
GT02160,103,unexpected_label,780,780,1,unreviewed,
GT02161,12,unexpected_label,780,780,1,unreviewed,
GT02162,32,unexpected_label,780,780,1,unreviewed,
GT02163,43,unexpected_label,780,780,1,unreviewed,
GT02164,46,unexpected_label,780,780,1,unreviewed,
GT02165,84,unexpected_label,780,780,1,unreviewed,
GT02166,45,unexpected_label,781,781,1,unreviewed,
GT02167,40,unexpected_label,784,784,1,unreviewed,
GT02168,67,unexpected_label,785,785,1,unreviewed,
GT02169,81,unexpected_label,785,785,1,unreviewed,
GT02170,40,unexpected_label,786,786,1,unreviewed,
GT02171,66,unexpected_label,786,786,1,unreviewed,
GT02172,66,unexpected_label,788,788,1,unreviewed,
GT02173,66,unexpected_label,791,791,1,unreviewed,
GT02174,22,unexpected_label,793,793,1,unreviewed,
GT02175,45,unexpected_label,793,793,1,unreviewed,
GT02176,27,unexpected_label,794,794,1,unreviewed,
GT02177,22,unexpected_label,795,795,1,unreviewed,
GT02178,66,unexpected_label,795,795,1,unreviewed,
GT02179,32,unexpected_label,796,796,1,unreviewed,
GT02180,67,unexpected_label,796,796,1,unreviewed,
GT02181,45,unexpected_label,797,797,1,unreviewed,
GT02182,27,unexpected_label,798,798,1,unreviewed,
GT02183,27,unexpected_label,800,800,1,unreviewed,
GT02184,86,unexpected_label,800,800,1,unreviewed,
GT02185,87,unexpected_label,800,800,1,unreviewed,
GT02186,89,unexpected_label,800,800,1,unreviewed,
GT02187,99,unexpected_label,800,800,1,unreviewed,
GT02188,40,unexpected_label,801,801,1,unreviewed,
GT02189,100,unexpected_label,802,802,1,unreviewed,
GT02190,43,unexpected_label,802,802,1,unreviewed,
GT02191,50,unexpected_label,802,802,1,unreviewed,
GT02192,73,unexpected_label,802,802,1,unreviewed,
GT02193,66,unexpected_label,803,803,1,unreviewed,
GT02194,45,unexpected_label,804,804,1,unreviewed,
GT02195,86,unexpected_label,804,804,1,unreviewed,
GT02196,87,unexpected_label,804,804,1,unreviewed,
GT02197,27,unexpected_label,805,805,1,unreviewed,
GT02198,59,unexpected_label,805,805,1,unreviewed,
GT02199,66,unexpected_label,805,805,1,unreviewed,
GT02200,45,unexpected_label,806,806,1,unreviewed,
GT02201,86,unexpected_label,806,806,1,unreviewed,
GT02202,87,unexpected_label,806,806,1,unreviewed,
GT02203,66,unexpected_label,807,807,1,unreviewed,
GT02204,78,unexpected_label,807,807,1,unreviewed,
GT02205,81,unexpected_label,808,808,1,unreviewed,
GT02206,44,unexpected_label,809,809,1,unreviewed,
GT02207,54,unexpected_label,809,809,1,unreviewed,
GT02208,86,unexpected_label,809,809,1,unreviewed,
GT02209,87,unexpected_label,809,809,1,unreviewed,
GT02210,81,unexpected_label,810,810,1,unreviewed,
GT02211,45,unexpected_label,812,812,1,unreviewed,
GT02212,15,unexpected_label,814,814,1,unreviewed,
GT02213,24,unexpected_label,814,814,1,unreviewed,
GT02214,46,unexpected_label,814,814,1,unreviewed,
GT02215,15,unexpected_label,816,816,1,unreviewed,
GT02216,22,unexpected_label,816,816,1,unreviewed,
GT02217,24,unexpected_label,816,816,1,unreviewed,
GT02218,45,unexpected_label,816,816,1,unreviewed,
GT02219,46,unexpected_label,816,816,1,unreviewed,
GT02220,78,unexpected_label,816,816,1,unreviewed,
GT02221,12,unexpected_label,817,817,1,unreviewed,
GT02222,43,unexpected_label,817,817,1,unreviewed,
GT02223,103,unexpected_label,824,824,1,unreviewed,
GT02224,84,unexpected_label,824,824,1,unreviewed,
GT02225,103,unexpected_label,826,826,1,unreviewed,
GT02226,84,unexpected_label,826,826,1,unreviewed,
GT02227,40,unexpected_label,832,832,1,unreviewed,
GT02228,22,unexpected_label,900,900,1,unreviewed,
GT02229,25,unexpected_label,900,900,1,unreviewed,
GT02230,32,unexpected_label,900,900,1,unreviewed,
GT02231,66,unexpected_label,900,900,1,unreviewed,
GT02232,67,unexpected_label,900,900,1,unreviewed,
GT02233,25,unexpected_label,910,910,1,unreviewed,
GT02234,32,unexpected_label,910,910,1,unreviewed,
GT02235,67,unexpected_label,910,910,1,unreviewed,
GT02236,86,unexpected_label,911,911,1,unreviewed,
GT02237,87,unexpected_label,911,911,1,unreviewed,
GT02238,22,unexpected_label,912,912,1,unreviewed,
GT02239,66,unexpected_label,912,912,1,unreviewed,
GT02240,15,unexpected_label,921,921,1,unreviewed,
GT02241,18,unexpected_label,921,921,1,unreviewed,
GT02242,25,unexpected_label,921,921,1,unreviewed,
GT02243,41,unexpected_label,921,921,1,unreviewed,
GT02244,46,unexpected_label,921,921,1,unreviewed,
GT02245,48,unexpected_label,921,921,1,unreviewed,
GT02246,60,unexpected_label,921,921,1,unreviewed,
GT02247,71,unexpected_label,921,921,1,unreviewed,
GT02248,12,unexpected_label,922,922,1,unreviewed,
GT02249,16,unexpected_label,922,922,1,unreviewed,
GT02250,23,unexpected_label,922,922,1,unreviewed,
GT02251,30,unexpected_label,922,922,1,unreviewed,
GT02252,35,unexpected_label,922,922,1,unreviewed,
GT02253,40,unexpected_label,922,922,1,unreviewed,
GT02254,45,unexpected_label,922,922,1,unreviewed,
GT02255,47,unexpected_label,922,922,1,unreviewed,
GT02256,52,unexpected_label,922,922,1,unreviewed,
GT02257,54,unexpected_label,922,922,1,unreviewed,
GT02258,59,unexpected_label,922,922,1,unreviewed,
GT02259,66,unexpected_label,922,922,1,unreviewed,
GT02260,68,unexpected_label,922,922,1,unreviewed,
GT02261,73,unexpected_label,922,922,1,unreviewed,
GT02262,12,unexpected_label,930,930,1,unreviewed,
GT02263,16,unexpected_label,930,930,1,unreviewed,
GT02264,19,unexpected_label,930,930,1,unreviewed,
GT02265,26,unexpected_label,930,930,1,unreviewed,
GT02266,33,unexpected_label,930,930,1,unreviewed,
GT02267,35,unexpected_label,930,930,1,unreviewed,
GT02268,40,unexpected_label,930,930,1,unreviewed,
GT02269,42,unexpected_label,930,930,1,unreviewed,
GT02270,45,unexpected_label,930,930,1,unreviewed,
GT02271,47,unexpected_label,930,930,1,unreviewed,
GT02272,5,unexpected_label,930,930,1,unreviewed,
GT02273,54,unexpected_label,930,930,1,unreviewed,
GT02274,56,unexpected_label,930,930,1,unreviewed,
GT02275,59,unexpected_label,930,930,1,unreviewed,
GT02276,61,unexpected_label,930,930,1,unreviewed,
GT02277,63,unexpected_label,930,930,1,unreviewed,
GT02278,66,unexpected_label,930,930,1,unreviewed,
GT02279,68,unexpected_label,930,930,1,unreviewed,
GT02280,70,unexpected_label,930,930,1,unreviewed,
GT02281,73,unexpected_label,930,930,1,unreviewed,
GT02282,12,unexpected_label,932,932,1,unreviewed,
GT02283,16,unexpected_label,932,932,1,unreviewed,
GT02284,19,unexpected_label,932,932,1,unreviewed,
GT02285,24,unexpected_label,932,932,1,unreviewed,
GT02286,30,unexpected_label,932,932,1,unreviewed,
GT02287,33,unexpected_label,932,932,1,unreviewed,
GT02288,35,unexpected_label,932,932,1,unreviewed,
GT02289,40,unexpected_label,932,932,1,unreviewed,
GT02290,42,unexpected_label,932,932,1,unreviewed,
GT02291,43,unexpected_label,932,932,1,unreviewed,
GT02292,45,unexpected_label,932,932,1,unreviewed,
GT02293,47,unexpected_label,932,932,1,unreviewed,
GT02294,5,unexpected_label,932,932,1,unreviewed,
GT02295,52,unexpected_label,932,932,1,unreviewed,
GT02296,54,unexpected_label,932,932,1,unreviewed,
GT02297,56,unexpected_label,932,932,1,unreviewed,
GT02298,59,unexpected_label,932,932,1,unreviewed,
GT02299,61,unexpected_label,932,932,1,unreviewed,
GT02300,66,unexpected_label,932,932,1,unreviewed,
GT02301,68,unexpected_label,932,932,1,unreviewed,
GT02302,70,unexpected_label,932,932,1,unreviewed,
GT02303,73,unexpected_label,932,932,1,unreviewed,
GT02304,12,unexpected_label,934,934,1,unreviewed,
GT02305,16,unexpected_label,934,934,1,unreviewed,
GT02306,19,unexpected_label,934,934,1,unreviewed,
GT02307,24,unexpected_label,934,934,1,unreviewed,
GT02308,30,unexpected_label,934,934,1,unreviewed,
GT02309,33,unexpected_label,934,934,1,unreviewed,
GT02310,35,unexpected_label,934,934,1,unreviewed,
GT02311,40,unexpected_label,934,934,1,unreviewed,
GT02312,42,unexpected_label,934,934,1,unreviewed,
GT02313,43,unexpected_label,934,934,1,unreviewed,
GT02314,45,unexpected_label,934,934,1,unreviewed,
GT02315,47,unexpected_label,934,934,1,unreviewed,
GT02316,5,unexpected_label,934,934,1,unreviewed,
GT02317,52,unexpected_label,934,934,1,unreviewed,
GT02318,54,unexpected_label,934,934,1,unreviewed,
GT02319,56,unexpected_label,934,934,1,unreviewed,
GT02320,59,unexpected_label,934,934,1,unreviewed,
GT02321,61,unexpected_label,934,934,1,unreviewed,
GT02322,66,unexpected_label,934,934,1,unreviewed,
GT02323,68,unexpected_label,934,934,1,unreviewed,
GT02324,70,unexpected_label,934,934,1,unreviewed,
GT02325,73,unexpected_label,934,934,1,unreviewed,
GT02326,75,tiny_target_region,934,934,1,unreviewed,
GT02327,12,unexpected_label,939,939,1,unreviewed,
GT02328,16,unexpected_label,939,939,1,unreviewed,
GT02329,19,unexpected_label,939,939,1,unreviewed,
GT02330,24,unexpected_label,939,939,1,unreviewed,
GT02331,26,unexpected_label,939,939,1,unreviewed,
GT02332,30,unexpected_label,939,939,1,unreviewed,
GT02333,33,unexpected_label,939,939,1,unreviewed,
GT02334,35,unexpected_label,939,939,1,unreviewed,
GT02335,40,unexpected_label,939,939,1,unreviewed,
GT02336,42,unexpected_label,939,939,1,unreviewed,
GT02337,43,unexpected_label,939,939,1,unreviewed,
GT02338,45,unexpected_label,939,939,1,unreviewed,
GT02339,47,unexpected_label,939,939,1,unreviewed,
GT02340,5,unexpected_label,939,939,1,unreviewed,
GT02341,52,unexpected_label,939,939,1,unreviewed,
GT02342,54,unexpected_label,939,939,1,unreviewed,
GT02343,56,unexpected_label,939,939,1,unreviewed,
GT02344,59,unexpected_label,939,939,1,unreviewed,
GT02345,61,unexpected_label,939,939,1,unreviewed,
GT02346,63,unexpected_label,939,939,1,unreviewed,
GT02347,66,unexpected_label,939,939,1,unreviewed,
GT02348,68,unexpected_label,939,939,1,unreviewed,
GT02349,70,unexpected_label,939,939,1,unreviewed,
GT02350,73,unexpected_label,939,939,1,unreviewed,
GT02351,22,unexpected_label,980,980,1,unreviewed,
GT02352,45,unexpected_label,980,980,1,unreviewed,
GT02353,26,unexpected_label,981,981,1,unreviewed,
GT02354,57,unexpected_label,981,981,1,unreviewed,
GT02355,59,unexpected_label,981,981,1,unreviewed,
GT02356,27,unexpected_label,983,983,1,unreviewed,
GT02357,57,unexpected_label,983,983,1,unreviewed,
GT02358,59,unexpected_label,983,983,1,unreviewed,
GT02359,103,unexpected_label,984,984,1,unreviewed,
GT02360,104,unexpected_label,984,984,1,unreviewed,
GT02361,26,unexpected_label,984,984,1,unreviewed,
GT02362,40,unexpected_label,984,984,1,unreviewed,
GT02363,63,unexpected_label,984,984,1,unreviewed,
GT02364,77,unexpected_label,984,984,1,unreviewed,
GT02365,78,unexpected_label,984,984,1,unreviewed,
GT02366,82,unexpected_label,984,984,1,unreviewed,
GT02367,84,unexpected_label,984,984,1,unreviewed,
GT02368,96,unexpected_label,984,984,1,unreviewed,
GT02369,24,unexpected_label,985,985,1,unreviewed,
GT02370,46,unexpected_label,985,985,1,unreviewed,
GT02371,27,unexpected_label,986,986,1,unreviewed,
GT02372,57,unexpected_label,986,986,1,unreviewed,
GT02373,59,unexpected_label,986,986,1,unreviewed,
GT02374,26,unexpected_label,988,988,1,unreviewed,
GT02375,57,unexpected_label,988,988,1,unreviewed,
GT02376,59,unexpected_label,988,988,1,unreviewed,
GT02377,26,unexpected_label,990,990,1,unreviewed,
GT02378,57,unexpected_label,990,990,1,unreviewed,
GT02379,59,unexpected_label,990,990,1,unreviewed,
GT02380,107,unexpected_label,1052,1052,1,unreviewed,
GT02381,20,unexpected_label,1052,1052,1,unreviewed,
GT02382,22,unexpected_label,1052,1052,1,unreviewed,
GT02383,32,unexpected_label,1052,1052,1,unreviewed,
GT02384,39,unexpected_label,1052,1052,1,unreviewed,
GT02385,66,unexpected_label,1052,1052,1,unreviewed,
GT02386,67,unexpected_label,1052,1052,1,unreviewed,
GT02387,86,unexpected_label,1052,1052,1,unreviewed,
GT02388,87,unexpected_label,1052,1052,1,unreviewed,
GT02389,88,unexpected_label,1052,1052,1,unreviewed,
GT02390,94,unexpected_label,1052,1052,1,unreviewed,
GT02391,22,unexpected_label,1057,1057,1,unreviewed,
GT02392,45,unexpected_label,1057,1057,1,unreviewed,
GT02393,26,unexpected_label,1072,1072,1,unreviewed,
GT02394,57,unexpected_label,1072,1072,1,unreviewed,
GT02395,59,unexpected_label,1072,1072,1,unreviewed,
GT02396,24,unexpected_label,1073,1073,1,unreviewed,
GT02397,46,unexpected_label,1073,1073,1,unreviewed,
GT02398,26,unexpected_label,1074,1074,1,unreviewed,
GT02399,57,unexpected_label,1074,1074,1,unreviewed,
GT02400,59,unexpected_label,1074,1074,1,unreviewed,
GT02401,26,unexpected_label,1077,1077,1,unreviewed,
GT02402,23,unexpected_label,1078,1078,1,unreviewed,
GT02403,47,unexpected_label,1078,1078,1,unreviewed,
GT02404,26,unexpected_label,1080,1080,1,unreviewed,
GT02405,57,unexpected_label,1080,1080,1,unreviewed,
GT02406,59,unexpected_label,1080,1080,1,unreviewed,
GT02407,27,unexpected_label,1082,1082,1,unreviewed,
GT02408,46,unexpected_label,1082,1082,1,unreviewed,
GT02409,57,unexpected_label,1082,1082,1,unreviewed,
GT02410,59,unexpected_label,1082,1082,1,unreviewed,
GT02411,27,unexpected_label,1084,1084,1,unreviewed,
GT02412,46,unexpected_label,1084,1084,1,unreviewed,
GT02413,22,unexpected_label,1087,1087,1,unreviewed,
GT02414,45,unexpected_label,1087,1087,1,unreviewed,
GT02415,26,unexpected_label,1089,1089,1,unreviewed,
GT02416,75,tiny_target_region,1091,1091,1,unreviewed,
GT02417,27,unexpected_label,1093,1093,1,unreviewed,
GT02418,26,unexpected_label,1095,1095,1,unreviewed,
GT02419,46,unexpected_label,1095,1095,1,unreviewed,
GT02420,26,unexpected_label,1097,1097,1,unreviewed,
GT02421,24,unexpected_label,1098,1098,1,unreviewed,
GT02422,37,unexpected_label,1098,1098,1,unreviewed,
GT02423,46,unexpected_label,1098,1098,1,unreviewed,
GT02424,52,unexpected_label,1098,1098,1,unreviewed,
GT02425,26,unexpected_label,1099,1099,1,unreviewed,
GT02426,27,unexpected_label,1099,1099,1,unreviewed,
GT02427,57,unexpected_label,1099,1099,1,unreviewed,
GT02428,59,unexpected_label,1099,1099,1,unreviewed,
GT02429,75,tiny_target_region,1099,1099,1,unreviewed,
GT02430,27,unexpected_label,1102,1102,1,unreviewed,
GT02431,57,unexpected_label,1102,1102,1,unreviewed,
GT02432,59,unexpected_label,1102,1102,1,unreviewed,
GT02433,86,unexpected_label,1104,1104,1,unreviewed,
GT02434,87,unexpected_label,1104,1104,1,unreviewed,
GT02435,18,unexpected_label,1114,1114,1,unreviewed,
GT02436,22,unexpected_label,1114,1114,1,unreviewed,
GT02437,43,unexpected_label,1114,1114,1,unreviewed,
GT02438,50,unexpected_label,1114,1114,1,unreviewed,
GT02439,66,unexpected_label,1114,1114,1,unreviewed,
GT02440,73,unexpected_label,1114,1114,1,unreviewed,
GT02441,71,unexpected_label,1126,1126,1,unreviewed,
GT02442,40,unexpected_label,1202,1202,1,unreviewed,
GT02443,45,unexpected_label,1202,1202,1,unreviewed,
GT02444,47,unexpected_label,1202,1202,1,unreviewed,
GT02445,54,unexpected_label,1202,1202,1,unreviewed,
GT02446,59,unexpected_label,1202,1202,1,unreviewed,
GT02447,66,unexpected_label,1202,1202,1,unreviewed,
GT02448,68,unexpected_label,1202,1202,1,unreviewed,
GT02449,73,unexpected_label,1202,1202,1,unreviewed,
GT02450,22,unexpected_label,1232,1232,1,unreviewed,
GT02451,45,unexpected_label,1232,1232,1,unreviewed,
GT02452,26,unexpected_label,1233,1233,1,unreviewed,
GT02453,57,unexpected_label,1233,1233,1,unreviewed,
GT02454,59,unexpected_label,1233,1233,1,unreviewed,
GT02455,27,unexpected_label,1236,1236,1,unreviewed,
GT02456,24,unexpected_label,1237,1237,1,unreviewed,
GT02457,26,unexpected_label,1237,1237,1,unreviewed,
GT02458,22,unexpected_label,1240,1240,1,unreviewed,
GT02459,45,unexpected_label,1240,1240,1,unreviewed,
GT02460,27,unexpected_label,1241,1241,1,unreviewed,
GT02461,57,unexpected_label,1241,1241,1,unreviewed,
GT02462,59,unexpected_label,1241,1241,1,unreviewed,
GT02463,22,unexpected_label,1243,1243,1,unreviewed,
GT02464,45,unexpected_label,1243,1243,1,unreviewed,
GT02465,26,unexpected_label,1253,1253,1,unreviewed,
GT02466,57,unexpected_label,1253,1253,1,unreviewed,
GT02467,59,unexpected_label,1253,1253,1,unreviewed,
GT02468,26,unexpected_label,1255,1255,1,unreviewed,
GT02469,57,unexpected_label,1255,1255,1,unreviewed,
GT02470,59,unexpected_label,1255,1255,1,unreviewed,
GT02471,27,unexpected_label,1257,1257,1,unreviewed,
GT02472,57,unexpected_label,1257,1257,1,unreviewed,
GT02473,59,unexpected_label,1257,1257,1,unreviewed,
GT02474,24,unexpected_label,1258,1258,1,unreviewed,
GT02475,46,unexpected_label,1258,1258,1,unreviewed,
GT02476,27,unexpected_label,1259,1259,1,unreviewed,
GT02477,57,unexpected_label,1259,1259,1,unreviewed,
GT02478,59,unexpected_label,1259,1259,1,unreviewed,
GT02479,24,unexpected_label,1260,1260,1,unreviewed,
GT02480,24,unexpected_label,1294,1294,1,unreviewed,
GT02481,46,unexpected_label,1294,1294,1,unreviewed,
GT02482,22,unexpected_label,1295,1295,1,unreviewed,
GT02483,45,unexpected_label,1295,1295,1,unreviewed,
GT02484,24,unexpected_label,1296,1296,1,unreviewed,
GT02485,46,unexpected_label,1296,1296,1,unreviewed,
GT02486,24,unexpected_label,1335,1335,1,unreviewed,
GT02487,24,unexpected_label,1343,1343,1,unreviewed,
GT02488,12,unexpected_label,1353,1353,1,unreviewed,
GT02489,16,unexpected_label,1353,1353,1,unreviewed,
GT02490,35,unexpected_label,1353,1353,1,unreviewed,
GT02491,40,unexpected_label,1353,1353,1,unreviewed,
GT02492,45,unexpected_label,1353,1353,1,unreviewed,
GT02493,47,unexpected_label,1353,1353,1,unreviewed,
GT02494,54,unexpected_label,1353,1353,1,unreviewed,
GT02495,59,unexpected_label,1353,1353,1,unreviewed,
GT02496,66,unexpected_label,1353,1353,1,unreviewed,
GT02497,68,unexpected_label,1353,1353,1,unreviewed,
GT02498,73,unexpected_label,1353,1353,1,unreviewed,
GT02499,23,unexpected_label,1388,1388,1,unreviewed,
GT02500,26,unexpected_label,1388,1388,1,unreviewed,
GT02501,40,unexpected_label,1388,1388,1,unreviewed,
GT02502,45,unexpected_label,1388,1388,1,unreviewed,
GT02503,47,unexpected_label,1388,1388,1,unreviewed,
GT02504,52,unexpected_label,1388,1388,1,unreviewed,
GT02505,54,unexpected_label,1388,1388,1,unreviewed,
GT02506,59,unexpected_label,1388,1388,1,unreviewed,
GT02507,63,unexpected_label,1388,1388,1,unreviewed,
GT02508,66,unexpected_label,1388,1388,1,unreviewed,
GT02509,68,unexpected_label,1388,1388,1,unreviewed,
GT02510,73,unexpected_label,1388,1388,1,unreviewed,
GT02511,23,unexpected_label,1399,1399,1,unreviewed,
GT02512,24,unexpected_label,1399,1399,1,unreviewed,
GT02513,26,unexpected_label,1399,1399,1,unreviewed,
GT02514,43,unexpected_label,1399,1399,1,unreviewed,
GT02515,52,unexpected_label,1399,1399,1,unreviewed,
GT02516,63,unexpected_label,1399,1399,1,unreviewed,
GT02517,23,unexpected_label,1401,1401,1,unreviewed,
GT02518,52,unexpected_label,1401,1401,1,unreviewed,
GT02519,23,unexpected_label,1404,1404,1,unreviewed,
GT02520,30,unexpected_label,1404,1404,1,unreviewed,
GT02521,12,unexpected_label,1415,1415,1,unreviewed,
GT02522,16,unexpected_label,1415,1415,1,unreviewed,
GT02523,24,unexpected_label,1415,1415,1,unreviewed,
GT02524,30,unexpected_label,1415,1415,1,unreviewed,
GT02525,35,unexpected_label,1415,1415,1,unreviewed,
GT02526,40,unexpected_label,1415,1415,1,unreviewed,
GT02527,43,unexpected_label,1415,1415,1,unreviewed,
GT02528,45,unexpected_label,1415,1415,1,unreviewed,
GT02529,47,unexpected_label,1415,1415,1,unreviewed,
GT02530,52,unexpected_label,1415,1415,1,unreviewed,
GT02531,54,unexpected_label,1415,1415,1,unreviewed,
GT02532,59,unexpected_label,1415,1415,1,unreviewed,
GT02533,66,unexpected_label,1415,1415,1,unreviewed,
GT02534,68,unexpected_label,1415,1415,1,unreviewed,
GT02535,73,unexpected_label,1415,1415,1,unreviewed,
GT02536,24,unexpected_label,1420,1420,1,unreviewed,
GT02537,26,unexpected_label,1420,1420,1,unreviewed,
GT02538,40,unexpected_label,1420,1420,1,unreviewed,
GT02539,43,unexpected_label,1420,1420,1,unreviewed,
GT02540,45,unexpected_label,1420,1420,1,unreviewed,
GT02541,47,unexpected_label,1420,1420,1,unreviewed,
GT02542,52,unexpected_label,1420,1420,1,unreviewed,
GT02543,54,unexpected_label,1420,1420,1,unreviewed,
GT02544,59,unexpected_label,1420,1420,1,unreviewed,
GT02545,63,unexpected_label,1420,1420,1,unreviewed,
GT02546,66,unexpected_label,1420,1420,1,unreviewed,
GT02547,68,unexpected_label,1420,1420,1,unreviewed,
GT02548,73,unexpected_label,1420,1420,1,unreviewed,
GT02549,24,unexpected_label,1428,1428,1,unreviewed,
GT02550,26,unexpected_label,1428,1428,1,unreviewed,
GT02551,57,unexpected_label,1428,1428,1,unreviewed,
GT02552,59,unexpected_label,1428,1428,1,unreviewed,
GT02553,27,unexpected_label,1431,1431,1,unreviewed,
GT02554,57,unexpected_label,1431,1431,1,unreviewed,
GT02555,59,unexpected_label,1431,1431,1,unreviewed,
GT02556,27,unexpected_label,1433,1433,1,unreviewed,
GT02557,26,unexpected_label,1434,1434,1,unreviewed,
GT02558,26,unexpected_label,1436,1436,1,unreviewed,
GT02559,27,unexpected_label,1442,1442,1,unreviewed,
GT02560,57,unexpected_label,1442,1442,1,unreviewed,
GT02561,59,unexpected_label,1442,1442,1,unreviewed,
GT02562,26,unexpected_label,1453,1453,1,unreviewed,
GT02563,22,unexpected_label,1454,1454,1,unreviewed,
GT02564,27,unexpected_label,1454,1454,1,unreviewed,
GT02565,45,unexpected_label,1454,1454,1,unreviewed,
GT02566,26,unexpected_label,1485,1485,1,unreviewed,
GT02567,24,unexpected_label,1486,1486,1,unreviewed,
GT02568,46,unexpected_label,1486,1486,1,unreviewed,
GT02569,22,unexpected_label,1489,1489,1,unreviewed,
GT02570,45,unexpected_label,1489,1489,1,unreviewed,
GT02571,22,unexpected_label,1491,1491,1,unreviewed,
GT02572,45,unexpected_label,1491,1491,1,unreviewed,
GT02573,27,unexpected_label,1492,1492,1,unreviewed,
GT02574,22,unexpected_label,1500,1500,1,unreviewed,
GT02575,45,unexpected_label,1500,1500,1,unreviewed,
GT02576,24,unexpected_label,1501,1501,1,unreviewed,
GT02577,46,unexpected_label,1501,1501,1,unreviewed,
GT02578,24,unexpected_label,1506,1506,1,unreviewed,
GT02579,26,unexpected_label,1506,1506,1,unreviewed,
GT02580,46,unexpected_label,1506,1506,1,unreviewed,
GT02581,57,unexpected_label,1506,1506,1,unreviewed,
GT02582,59,unexpected_label,1506,1506,1,unreviewed,
GT02583,26,unexpected_label,1508,1508,1,unreviewed,
GT02584,57,unexpected_label,1508,1508,1,unreviewed,
GT02585,59,unexpected_label,1508,1508,1,unreviewed,
GT02586,12,unexpected_label,1511,1511,1,unreviewed,
GT02587,26,unexpected_label,1511,1511,1,unreviewed,
GT02588,43,unexpected_label,1511,1511,1,unreviewed,
GT02589,22,unexpected_label,1512,1512,1,unreviewed,
GT02590,27,unexpected_label,1512,1512,1,unreviewed,
GT02591,45,unexpected_label,1512,1512,1,unreviewed,
GT02592,26,unexpected_label,1517,1517,1,unreviewed,
GT02593,57,unexpected_label,1517,1517,1,unreviewed,
GT02594,59,unexpected_label,1517,1517,1,unreviewed,
GT02595,46,unexpected_label,1519,1519,1,unreviewed,
GT02596,24,unexpected_label,1521,1521,1,unreviewed,
GT02597,46,unexpected_label,1521,1521,1,unreviewed,
GT02598,26,unexpected_label,1523,1523,1,unreviewed,
GT02599,57,unexpected_label,1523,1523,1,unreviewed,
GT02600,59,unexpected_label,1523,1523,1,unreviewed,
GT02601,24,unexpected_label,1526,1526,1,unreviewed,
GT02602,46,unexpected_label,1526,1526,1,unreviewed,
GT02603,24,unexpected_label,1528,1528,1,unreviewed,
GT02604,46,unexpected_label,1528,1528,1,unreviewed,
GT02605,27,unexpected_label,1531,1531,1,unreviewed,
GT02606,57,unexpected_label,1531,1531,1,unreviewed,
GT02607,59,unexpected_label,1531,1531,1,unreviewed,
GT02608,27,unexpected_label,1534,1534,1,unreviewed,
GT02609,47,unexpected_label,1538,1538,1,unreviewed,
GT02610,12,unexpected_label,1542,1542,1,unreviewed,
GT02611,43,unexpected_label,1542,1542,1,unreviewed,
GT02612,47,unexpected_label,1543,1543,1,unreviewed,
GT02613,37,unexpected_label,1550,1550,1,unreviewed,
GT02614,52,unexpected_label,1550,1550,1,unreviewed,
GT02615,47,unexpected_label,1558,1558,1,unreviewed,
GT02616,12,unexpected_label,1559,1559,1,unreviewed,
GT02617,26,unexpected_label,1559,1559,1,unreviewed,
GT02618,27,unexpected_label,1559,1559,1,unreviewed,
GT02619,43,unexpected_label,1559,1559,1,unreviewed,
GT02620,57,unexpected_label,1559,1559,1,unreviewed,
GT02621,59,unexpected_label,1559,1559,1,unreviewed,
GT02622,27,unexpected_label,1565,1565,1,unreviewed,
GT02623,22,unexpected_label,1567,1567,1,unreviewed,
GT02624,45,unexpected_label,1567,1567,1,unreviewed,
GT02625,22,unexpected_label,1569,1569,1,unreviewed,
GT02626,45,unexpected_label,1569,1569,1,unreviewed,
GT02627,22,unexpected_label,1573,1573,1,unreviewed,
GT02628,45,unexpected_label,1573,1573,1,unreviewed,
GT02629,22,unexpected_label,1587,1587,1,unreviewed,
GT02630,45,unexpected_label,1587,1587,1,unreviewed,
GT02631,24,unexpected_label,1592,1592,1,unreviewed,
GT02632,46,unexpected_label,1592,1592,1,unreviewed,
GT02633,22,unexpected_label,1594,1594,1,unreviewed,
GT02634,45,unexpected_label,1594,1594,1,unreviewed,
GT02635,24,unexpected_label,1595,1595,1,unreviewed,
GT02636,46,unexpected_label,1595,1595,1,unreviewed,
GT02637,24,unexpected_label,1597,1597,1,unreviewed,
GT02638,46,unexpected_label,1597,1597,1,unreviewed,
GT02639,22,unexpected_label,1598,1598,1,unreviewed,
GT02640,45,unexpected_label,1598,1598,1,unreviewed,
GT02641,26,unexpected_label,1612,1612,1,unreviewed,
GT02642,15,unexpected_label,1613,1613,1,unreviewed,
GT02643,22,unexpected_label,1613,1613,1,unreviewed,
GT02644,45,unexpected_label,1613,1613,1,unreviewed,
GT02645,27,unexpected_label,1629,1629,1,unreviewed,
GT02646,57,unexpected_label,1629,1629,1,unreviewed,
GT02647,59,unexpected_label,1629,1629,1,unreviewed,
GT02648,22,unexpected_label,1644,1644,1,unreviewed,
GT02649,45,unexpected_label,1644,1644,1,unreviewed,
GT02650,22,unexpected_label,1647,1647,1,unreviewed,
GT02651,45,unexpected_label,1647,1647,1,unreviewed,
GT02652,23,unexpected_label,1648,1648,1,unreviewed,
GT02653,26,unexpected_label,1648,1648,1,unreviewed,
GT02654,46,unexpected_label,1648,1648,1,unreviewed,
GT02655,47,unexpected_label,1648,1648,1,unreviewed,
GT02656,57,unexpected_label,1648,1648,1,unreviewed,
GT02657,59,unexpected_label,1648,1648,1,unreviewed,
GT02658,46,unexpected_label,1650,1650,1,unreviewed,
GT02659,27,unexpected_label,1651,1651,1,unreviewed,
GT02660,57,unexpected_label,1651,1651,1,unreviewed,
GT02661,59,unexpected_label,1651,1651,1,unreviewed,
GT02662,46,unexpected_label,1652,1652,1,unreviewed,
GT02663,26,unexpected_label,1653,1653,1,unreviewed,
GT02664,27,unexpected_label,1654,1654,1,unreviewed,
GT02665,22,unexpected_label,1657,1657,1,unreviewed,
GT02666,45,unexpected_label,1657,1657,1,unreviewed,
GT02667,47,unexpected_label,1696,1696,1,unreviewed,
GT02668,108,unexpected_label,1737,1737,1,unreviewed,
GT02669,23,unexpected_label,1737,1737,1,unreviewed,
GT02670,35,unexpected_label,1737,1737,1,unreviewed,
GT02671,43,unexpected_label,1737,1737,1,unreviewed,
GT02672,50,unexpected_label,1737,1737,1,unreviewed,
GT02673,52,unexpected_label,1737,1737,1,unreviewed,
GT02674,57,unexpected_label,1737,1737,1,unreviewed,
GT02675,71,unexpected_label,1737,1737,1,unreviewed,
GT02676,80,unexpected_label,1737,1737,1,unreviewed,
GT02677,87,unexpected_label,1737,1737,1,unreviewed,
GT02678,94,unexpected_label,1737,1737,1,unreviewed,
GT02679,99,unexpected_label,1737,1737,1,unreviewed,
GT02680,23,unexpected_label,1748,1748,1,unreviewed,
GT02681,45,unexpected_label,1748,1748,1,unreviewed,
GT02682,73,unexpected_label,1748,1748,1,unreviewed,
GT02683,78,unexpected_label,1748,1748,1,unreviewed,
GT02684,87,unexpected_label,1749,1749,1,unreviewed,
GT02685,45,unexpected_label,1750,1750,1,unreviewed,
GT02686,73,unexpected_label,1750,1750,1,unreviewed,
GT02687,78,unexpected_label,1750,1750,1,unreviewed,
GT02688,45,unexpected_label,1752,1752,1,unreviewed,
GT02689,73,unexpected_label,1752,1752,1,unreviewed,
GT02690,78,unexpected_label,1752,1752,1,unreviewed,
GT02691,107,unexpected_label,1762,1762,1,unreviewed,
GT02692,12,unexpected_label,1762,1762,1,unreviewed,
GT02693,22,unexpected_label,1762,1762,1,unreviewed,
GT02694,30,unexpected_label,1762,1762,1,unreviewed,
GT02695,39,unexpected_label,1762,1762,1,unreviewed,
GT02696,57,unexpected_label,1762,1762,1,unreviewed,
GT02697,66,unexpected_label,1762,1762,1,unreviewed,
GT02698,69,unexpected_label,1762,1762,1,unreviewed,
GT02699,86,unexpected_label,1762,1762,1,unreviewed,
GT02700,87,unexpected_label,1762,1762,1,unreviewed,
GT02701,88,unexpected_label,1762,1762,1,unreviewed,
GT02702,94,unexpected_label,1762,1762,1,unreviewed,
GT02703,24,unexpected_label,1765,1765,1,unreviewed,
GT02704,43,unexpected_label,1765,1765,1,unreviewed,
GT02705,45,unexpected_label,1765,1765,1,unreviewed,
GT02706,50,unexpected_label,1765,1765,1,unreviewed,
GT02707,52,unexpected_label,1765,1765,1,unreviewed,
GT02708,71,unexpected_label,1765,1765,1,unreviewed,
GT02709,73,unexpected_label,1765,1765,1,unreviewed,
GT02710,78,unexpected_label,1765,1765,1,unreviewed,
GT02711,80,unexpected_label,1765,1765,1,unreviewed,
GT02712,24,unexpected_label,1805,1805,1,unreviewed,
GT02713,71,unexpected_label,1806,1806,1,unreviewed,
GT02714,71,unexpected_label,1822,1822,1,unreviewed,
GT02715,15,unexpected_label,1834,1834,1,unreviewed,
GT02716,18,unexpected_label,1834,1834,1,unreviewed,
GT02717,22,unexpected_label,1834,1834,1,unreviewed,
GT02718,25,unexpected_label,1834,1834,1,unreviewed,
GT02719,41,unexpected_label,1834,1834,1,unreviewed,
GT02720,45,unexpected_label,1834,1834,1,unreviewed,
GT02721,48,unexpected_label,1834,1834,1,unreviewed,
GT02722,60,unexpected_label,1834,1834,1,unreviewed,
GT02723,71,unexpected_label,1834,1834,1,unreviewed,
GT02724,22,unexpected_label,1836,1836,1,unreviewed,
GT02725,27,unexpected_label,1836,1836,1,unreviewed,
GT02726,45,unexpected_label,1836,1836,1,unreviewed,
GT02727,26,unexpected_label,1837,1837,1,unreviewed,
GT02728,22,unexpected_label,1840,1840,1,unreviewed,
GT02729,23,unexpected_label,1840,1840,1,unreviewed,
GT02730,45,unexpected_label,1840,1840,1,unreviewed,
GT02731,47,unexpected_label,1840,1840,1,unreviewed,
GT02732,27,unexpected_label,1844,1844,1,unreviewed,
GT02733,23,unexpected_label,1845,1845,1,unreviewed,
GT02734,24,unexpected_label,1845,1845,1,unreviewed,
GT02735,26,unexpected_label,1845,1845,1,unreviewed,
GT02736,46,unexpected_label,1845,1845,1,unreviewed,
GT02737,47,unexpected_label,1845,1845,1,unreviewed,
GT02738,27,unexpected_label,1846,1846,1,unreviewed,
GT02739,27,unexpected_label,1848,1848,1,unreviewed,
GT02740,57,unexpected_label,1848,1848,1,unreviewed,
GT02741,59,unexpected_label,1848,1848,1,unreviewed,
GT02742,22,unexpected_label,1849,1849,1,unreviewed,
GT02743,45,unexpected_label,1849,1849,1,unreviewed,
GT02744,24,unexpected_label,1853,1853,1,unreviewed,
GT02745,46,unexpected_label,1853,1853,1,unreviewed,
GT02746,23,unexpected_label,1854,1854,1,unreviewed,
GT02747,27,unexpected_label,1854,1854,1,unreviewed,
GT02748,47,unexpected_label,1854,1854,1,unreviewed,
GT02749,57,unexpected_label,1854,1854,1,unreviewed,
GT02750,59,unexpected_label,1854,1854,1,unreviewed,
GT02751,24,unexpected_label,1857,1857,1,unreviewed,
GT02752,46,unexpected_label,1857,1857,1,unreviewed,
GT02753,22,unexpected_label,1858,1858,1,unreviewed,
GT02754,45,unexpected_label,1858,1858,1,unreviewed,
GT02755,24,unexpected_label,1859,1859,1,unreviewed,
GT02756,46,unexpected_label,1859,1859,1,unreviewed,
GT02757,22,unexpected_label,1860,1860,1,unreviewed,
GT02758,45,unexpected_label,1860,1860,1,unreviewed,
GT02759,46,unexpected_label,1868,1868,1,unreviewed,
GT02760,26,unexpected_label,1872,1872,1,unreviewed,
GT02761,22,unexpected_label,1873,1873,1,unreviewed,
GT02762,45,unexpected_label,1873,1873,1,unreviewed,
GT02763,22,unexpected_label,1875,1875,1,unreviewed,
GT02764,45,unexpected_label,1875,1875,1,unreviewed,
GT02765,27,unexpected_label,1877,1877,1,unreviewed,
GT02766,57,unexpected_label,1877,1877,1,unreviewed,
GT02767,59,unexpected_label,1877,1877,1,unreviewed,
GT02768,22,unexpected_label,1879,1879,1,unreviewed,
GT02769,45,unexpected_label,1879,1879,1,unreviewed,
GT02770,24,unexpected_label,1881,1881,1,unreviewed,
GT02771,22,unexpected_label,1886,1886,1,unreviewed,
GT02772,26,unexpected_label,1886,1886,1,unreviewed,
GT02773,45,unexpected_label,1886,1886,1,unreviewed,
GT02774,24,unexpected_label,1896,1896,1,unreviewed,
GT02775,22,unexpected_label,1897,1897,1,unreviewed,
GT02776,45,unexpected_label,1897,1897,1,unreviewed,
GT02777,24,unexpected_label,1899,1899,1,unreviewed,
GT02778,46,unexpected_label,1899,1899,1,unreviewed,
GT02779,27,unexpected_label,1900,1900,1,unreviewed,
GT02780,57,unexpected_label,1900,1900,1,unreviewed,
GT02781,59,unexpected_label,1900,1900,1,unreviewed,
GT02782,24,unexpected_label,1901,1901,1,unreviewed,
GT02783,24,unexpected_label,1907,1907,1,unreviewed,
GT02784,46,unexpected_label,1907,1907,1,unreviewed,
GT02785,22,unexpected_label,1910,1910,1,unreviewed,
GT02786,45,unexpected_label,1910,1910,1,unreviewed,
GT02787,24,unexpected_label,1911,1911,1,unreviewed,
GT02788,46,unexpected_label,1911,1911,1,unreviewed,
GT02789,15,unexpected_label,1913,1913,1,unreviewed,
GT02790,22,unexpected_label,1913,1913,1,unreviewed,
GT02791,45,unexpected_label,1913,1913,1,unreviewed,
GT02792,46,unexpected_label,1913,1913,1,unreviewed,
GT02793,27,unexpected_label,1914,1914,1,unreviewed,
GT02794,57,unexpected_label,1914,1914,1,unreviewed,
GT02795,59,unexpected_label,1914,1914,1,unreviewed,
GT02796,24,unexpected_label,1915,1915,1,unreviewed,
GT02797,46,unexpected_label,1915,1915,1,unreviewed,
GT02798,46,unexpected_label,1919,1919,1,unreviewed,
GT02799,22,unexpected_label,1920,1920,1,unreviewed,
GT02800,45,unexpected_label,1920,1920,1,unreviewed,
GT02801,24,unexpected_label,1921,1921,1,unreviewed,
GT02802,46,unexpected_label,1921,1921,1,unreviewed,
GT02803,22,unexpected_label,1923,1923,1,unreviewed,
GT02804,45,unexpected_label,1923,1923,1,unreviewed,
GT02805,24,unexpected_label,1925,1925,1,unreviewed,
GT02806,26,unexpected_label,1936,1936,1,unreviewed,
GT02807,12,unexpected_label,1938,1938,1,unreviewed,
GT02808,43,unexpected_label,1938,1938,1,unreviewed,
GT02809,26,unexpected_label,1945,1945,1,unreviewed,
GT02810,57,unexpected_label,1945,1945,1,unreviewed,
GT02811,59,unexpected_label,1945,1945,1,unreviewed,
GT02812,27,unexpected_label,1952,1952,1,unreviewed,
GT02813,57,unexpected_label,1952,1952,1,unreviewed,
GT02814,59,unexpected_label,1952,1952,1,unreviewed,
GT02815,12,unexpected_label,1956,1956,1,unreviewed,
GT02816,16,unexpected_label,1956,1956,1,unreviewed,
GT02817,35,unexpected_label,1956,1956,1,unreviewed,
GT02818,40,unexpected_label,1956,1956,1,unreviewed,
GT02819,45,unexpected_label,1956,1956,1,unreviewed,
GT02820,47,unexpected_label,1956,1956,1,unreviewed,
GT02821,54,unexpected_label,1956,1956,1,unreviewed,
GT02822,63,unexpected_label,1956,1956,1,unreviewed,
GT02823,66,unexpected_label,1956,1956,1,unreviewed,
GT02824,68,unexpected_label,1956,1956,1,unreviewed,
GT02825,73,unexpected_label,1956,1956,1,unreviewed,
GT02826,22,unexpected_label,1960,1960,1,unreviewed,
GT02827,27,unexpected_label,1960,1960,1,unreviewed,
GT02828,45,unexpected_label,1960,1960,1,unreviewed,
GT02829,24,unexpected_label,1961,1961,1,unreviewed,
GT02830,46,unexpected_label,1961,1961,1,unreviewed,
GT02831,12,unexpected_label,1962,1962,1,unreviewed,
GT02832,16,unexpected_label,1962,1962,1,unreviewed,
GT02833,22,unexpected_label,1962,1962,1,unreviewed,
GT02834,35,unexpected_label,1962,1962,1,unreviewed,
GT02835,40,unexpected_label,1962,1962,1,unreviewed,
GT02836,45,unexpected_label,1962,1962,1,unreviewed,
GT02837,47,unexpected_label,1962,1962,1,unreviewed,
GT02838,54,unexpected_label,1962,1962,1,unreviewed,
GT02839,63,unexpected_label,1962,1962,1,unreviewed,
GT02840,66,unexpected_label,1962,1962,1,unreviewed,
GT02841,68,unexpected_label,1962,1962,1,unreviewed,
GT02842,73,unexpected_label,1962,1962,1,unreviewed,
GT02843,24,unexpected_label,1963,1963,1,unreviewed,
GT02844,24,unexpected_label,1965,1965,1,unreviewed,
GT02845,107,unexpected_label,1966,1966,1,unreviewed,
GT02846,12,unexpected_label,1966,1966,1,unreviewed,
GT02847,16,unexpected_label,1966,1966,1,unreviewed,
GT02848,20,unexpected_label,1966,1966,1,unreviewed,
GT02849,22,unexpected_label,1966,1966,1,unreviewed,
GT02850,23,unexpected_label,1966,1966,1,unreviewed,
GT02851,30,unexpected_label,1966,1966,1,unreviewed,
GT02852,35,unexpected_label,1966,1966,1,unreviewed,
GT02853,39,unexpected_label,1966,1966,1,unreviewed,
GT02854,40,unexpected_label,1966,1966,1,unreviewed,
GT02855,45,unexpected_label,1966,1966,1,unreviewed,
GT02856,47,unexpected_label,1966,1966,1,unreviewed,
GT02857,51,unexpected_label,1966,1966,1,unreviewed,
GT02858,52,unexpected_label,1966,1966,1,unreviewed,
GT02859,54,unexpected_label,1966,1966,1,unreviewed,
GT02860,58,unexpected_label,1966,1966,1,unreviewed,
GT02861,63,unexpected_label,1966,1966,1,unreviewed,
GT02862,66,unexpected_label,1966,1966,1,unreviewed,
GT02863,68,unexpected_label,1966,1966,1,unreviewed,
GT02864,69,unexpected_label,1966,1966,1,unreviewed,
GT02865,73,unexpected_label,1966,1966,1,unreviewed,
GT02866,76,unexpected_label,1966,1966,1,unreviewed,
GT02867,88,unexpected_label,1966,1966,1,unreviewed,
GT02868,94,unexpected_label,1966,1966,1,unreviewed,
GT02869,46,unexpected_label,1970,1970,1,unreviewed,
GT02870,24,unexpected_label,1971,1971,1,unreviewed,
GT02871,26,unexpected_label,1971,1971,1,unreviewed,
GT02872,12,unexpected_label,1972,1972,1,unreviewed,
GT02873,43,unexpected_label,1972,1972,1,unreviewed,
GT02874,46,unexpected_label,1972,1972,1,unreviewed,
GT02875,12,unexpected_label,1992,1992,1,unreviewed,
GT02876,43,unexpected_label,1992,1992,1,unreviewed,
GT02877,22,unexpected_label,1996,1996,1,unreviewed,
GT02878,26,unexpected_label,1996,1996,1,unreviewed,
GT02879,45,unexpected_label,1996,1996,1,unreviewed,
GT02880,23,unexpected_label,1997,1997,1,unreviewed,
GT02881,47,unexpected_label,1997,1997,1,unreviewed,
GT02882,22,unexpected_label,2001,2001,1,unreviewed,
GT02883,45,unexpected_label,2001,2001,1,unreviewed,
GT02884,26,unexpected_label,2010,2010,1,unreviewed,
GT02885,15,unexpected_label,2014,2014,1,unreviewed,
GT02886,22,unexpected_label,2014,2014,1,unreviewed,
GT02887,45,unexpected_label,2014,2014,1,unreviewed,
GT02888,108,unexpected_label,2018,2018,1,unreviewed,
GT02889,35,unexpected_label,2018,2018,1,unreviewed,
GT02890,50,unexpected_label,2018,2018,1,unreviewed,
GT02891,52,unexpected_label,2018,2018,1,unreviewed,
GT02892,80,unexpected_label,2018,2018,1,unreviewed,
GT02893,87,unexpected_label,2018,2018,1,unreviewed,
GT02894,94,unexpected_label,2018,2018,1,unreviewed,
GT02895,99,unexpected_label,2018,2018,1,unreviewed,
GT02896,22,unexpected_label,2023,2023,1,unreviewed,
GT02897,45,unexpected_label,2023,2023,1,unreviewed,
GT02898,27,unexpected_label,2024,2024,1,unreviewed,
GT02899,57,unexpected_label,2024,2024,1,unreviewed,
GT02900,59,unexpected_label,2024,2024,1,unreviewed,
GT02901,22,unexpected_label,2025,2025,1,unreviewed,
GT02902,45,unexpected_label,2025,2025,1,unreviewed,
GT02903,27,unexpected_label,2026,2026,1,unreviewed,
GT02904,57,unexpected_label,2026,2026,1,unreviewed,
GT02905,59,unexpected_label,2026,2026,1,unreviewed,
GT02906,15,unexpected_label,2029,2029,1,unreviewed,
GT02907,22,unexpected_label,2029,2029,1,unreviewed,
GT02908,45,unexpected_label,2029,2029,1,unreviewed,
GT02909,86,unexpected_label,2030,2030,1,unreviewed,
GT02910,87,unexpected_label,2030,2030,1,unreviewed,
GT02911,86,unexpected_label,2032,2032,1,unreviewed,
GT02912,87,unexpected_label,2032,2032,1,unreviewed,
GT02913,18,unexpected_label,2033,2033,1,unreviewed,
GT02914,25,unexpected_label,2033,2033,1,unreviewed,
GT02915,32,unexpected_label,2033,2033,1,unreviewed,
GT02916,67,unexpected_label,2033,2033,1,unreviewed,
GT02917,18,unexpected_label,2035,2035,1,unreviewed,
GT02918,25,unexpected_label,2035,2035,1,unreviewed,
GT02919,32,unexpected_label,2035,2035,1,unreviewed,
GT02920,67,unexpected_label,2035,2035,1,unreviewed,
GT02921,15,unexpected_label,2043,2043,1,unreviewed,
GT02922,24,unexpected_label,2043,2043,1,unreviewed,
GT02923,22,unexpected_label,2044,2044,1,unreviewed,
GT02924,66,unexpected_label,2044,2044,1,unreviewed,
GT02925,22,unexpected_label,2050,2050,1,unreviewed,
GT02926,66,unexpected_label,2050,2050,1,unreviewed,
GT02927,18,unexpected_label,2051,2051,1,unreviewed,
GT02928,25,unexpected_label,2051,2051,1,unreviewed,
GT02929,32,unexpected_label,2051,2051,1,unreviewed,
GT02930,67,unexpected_label,2051,2051,1,unreviewed,
GT02931,24,unexpected_label,2084,2084,1,unreviewed,
GT02932,71,unexpected_label,2106,2106,1,unreviewed,
GT02933,24,unexpected_label,2118,2118,1,unreviewed,
GT02934,24,unexpected_label,2124,2124,1,unreviewed,
GT02935,24,unexpected_label,2132,2132,1,unreviewed,
GT02936,103,unexpected_label,2133,2133,1,unreviewed,
GT02937,104,unexpected_label,2133,2133,1,unreviewed,
GT02938,111,unexpected_label,2133,2133,1,unreviewed,
GT02939,26,unexpected_label,2133,2133,1,unreviewed,
GT02940,40,unexpected_label,2133,2133,1,unreviewed,
GT02941,47,unexpected_label,2133,2133,1,unreviewed,
GT02942,63,unexpected_label,2133,2133,1,unreviewed,
GT02943,77,unexpected_label,2133,2133,1,unreviewed,
GT02944,78,unexpected_label,2133,2133,1,unreviewed,
GT02945,82,unexpected_label,2133,2133,1,unreviewed,
GT02946,84,unexpected_label,2133,2133,1,unreviewed,
GT02947,96,unexpected_label,2133,2133,1,unreviewed,
GT02948,47,unexpected_label,2143,2143,1,unreviewed,
GT02949,47,unexpected_label,2146,2146,1,unreviewed,
GT02950,71,unexpected_label,2166,2166,1,unreviewed,
GT02951,18,unexpected_label,2167,2167,1,unreviewed,
GT02952,25,unexpected_label,2167,2167,1,unreviewed,
GT02953,32,unexpected_label,2167,2167,1,unreviewed,
GT02954,67,unexpected_label,2167,2167,1,unreviewed,
GT02955,15,unexpected_label,2168,2168,1,unreviewed,
GT02956,24,unexpected_label,2168,2168,1,unreviewed,
GT02957,25,unexpected_label,2170,2170,1,unreviewed,
GT02958,32,unexpected_label,2170,2170,1,unreviewed,
GT02959,43,unexpected_label,2170,2170,1,unreviewed,
GT02960,50,unexpected_label,2170,2170,1,unreviewed,
GT02961,67,unexpected_label,2170,2170,1,unreviewed,
GT02962,73,unexpected_label,2170,2170,1,unreviewed,
GT02963,18,unexpected_label,2174,2174,1,unreviewed,
GT02964,25,unexpected_label,2174,2174,1,unreviewed,
GT02965,32,unexpected_label,2174,2174,1,unreviewed,
GT02966,67,unexpected_label,2174,2174,1,unreviewed,
GT02967,22,unexpected_label,2177,2177,1,unreviewed,
GT02968,66,unexpected_label,2177,2177,1,unreviewed,
GT02969,22,unexpected_label,2179,2179,1,unreviewed,
GT02970,66,unexpected_label,2179,2179,1,unreviewed,
GT02971,24,unexpected_label,2211,2211,1,unreviewed,
GT02972,42,unexpected_label,2280,2280,1,unreviewed,
GT02973,71,unexpected_label,2280,2280,1,unreviewed,
GT02974,24,unexpected_label,2284,2284,1,unreviewed,
GT02975,23,unexpected_label,2305,2305,1,unreviewed,
GT02976,42,unexpected_label,2305,2305,1,unreviewed,
GT02977,73,unexpected_label,2306,2306,1,unreviewed,
GT02978,24,unexpected_label,2307,2307,1,unreviewed,
GT02979,24,unexpected_label,2309,2309,1,unreviewed,
GT02980,35,unexpected_label,2310,2310,1,unreviewed,
GT02981,45,unexpected_label,2310,2310,1,unreviewed,
GT02982,50,unexpected_label,2310,2310,1,unreviewed,
GT02983,73,unexpected_label,2310,2310,1,unreviewed,
GT02984,78,unexpected_label,2310,2310,1,unreviewed,
GT02985,24,unexpected_label,2438,2438,1,unreviewed,
GT02986,47,unexpected_label,2448,2448,1,unreviewed,
GT02987,24,unexpected_label,2474,2474,1,unreviewed,
GT02988,24,unexpected_label,2526,2526,1,unreviewed,
GT02989,15,unexpected_label,2529,2529,1,unreviewed,
GT02990,18,unexpected_label,2530,2530,1,unreviewed,
GT02991,24,unexpected_label,2532,2532,1,unreviewed,
GT02992,24,unexpected_label,2536,2536,1,unreviewed,
GT02993,24,unexpected_label,2545,2545,1,unreviewed,
GT02994,47,unexpected_label,2561,2561,1,unreviewed,
GT02995,47,unexpected_label,2564,2564,1,unreviewed,
GT02996,47,unexpected_label,2608,2608,1,unreviewed,
GT02997,24,unexpected_label,2773,2773,1,unreviewed,
GT02998,24,unexpected_label,2835,2835,1,unreviewed,
GT02999,24,unexpected_label,2838,2838,1,unreviewed,
GT03000,12,unexpected_label,2896,2896,1,unreviewed,
GT03001,16,unexpected_label,2896,2896,1,unreviewed,
GT03002,23,unexpected_label,2896,2896,1,unreviewed,
GT03003,30,unexpected_label,2896,2896,1,unreviewed,
GT03004,35,unexpected_label,2896,2896,1,unreviewed,
GT03005,40,unexpected_label,2896,2896,1,unreviewed,
GT03006,45,unexpected_label,2896,2896,1,unreviewed,
GT03007,47,unexpected_label,2896,2896,1,unreviewed,
GT03008,52,unexpected_label,2896,2896,1,unreviewed,
GT03009,54,unexpected_label,2896,2896,1,unreviewed,
GT03010,59,unexpected_label,2896,2896,1,unreviewed,
GT03011,66,unexpected_label,2896,2896,1,unreviewed,
GT03012,68,unexpected_label,2896,2896,1,unreviewed,
GT03013,73,unexpected_label,2896,2896,1,unreviewed,
GT03014,26,unexpected_label,2898,2898,1,unreviewed,
GT03015,40,unexpected_label,2898,2898,1,unreviewed,
GT03016,45,unexpected_label,2898,2898,1,unreviewed,
GT03017,47,unexpected_label,2898,2898,1,unreviewed,
GT03018,54,unexpected_label,2898,2898,1,unreviewed,
GT03019,58,unexpected_label,2898,2898,1,unreviewed,
GT03020,59,unexpected_label,2898,2898,1,unreviewed,
GT03021,63,unexpected_label,2898,2898,1,unreviewed,
GT03022,66,unexpected_label,2898,2898,1,unreviewed,
GT03023,68,unexpected_label,2898,2898,1,unreviewed,
GT03024,73,unexpected_label,2898,2898,1,unreviewed,
GT03025,12,unexpected_label,2902,2902,1,unreviewed,
GT03026,16,unexpected_label,2902,2902,1,unreviewed,
GT03027,24,unexpected_label,2902,2902,1,unreviewed,
GT03028,35,unexpected_label,2902,2902,1,unreviewed,
GT03029,40,unexpected_label,2902,2902,1,unreviewed,
GT03030,43,unexpected_label,2902,2902,1,unreviewed,
GT03031,45,unexpected_label,2902,2902,1,unreviewed,
GT03032,47,unexpected_label,2902,2902,1,unreviewed,
GT03033,52,unexpected_label,2902,2902,1,unreviewed,
GT03034,54,unexpected_label,2902,2902,1,unreviewed,
GT03035,59,unexpected_label,2902,2902,1,unreviewed,
GT03036,66,unexpected_label,2902,2902,1,unreviewed,
GT03037,68,unexpected_label,2902,2902,1,unreviewed,
GT03038,73,unexpected_label,2902,2902,1,unreviewed,
GT03039,23,unexpected_label,2904,2904,1,unreviewed,
GT03040,12,unexpected_label,2912,2912,1,unreviewed,
GT03041,16,unexpected_label,2912,2912,1,unreviewed,
GT03042,23,unexpected_label,2912,2912,1,unreviewed,
GT03043,35,unexpected_label,2912,2912,1,unreviewed,
GT03044,40,unexpected_label,2912,2912,1,unreviewed,
GT03045,45,unexpected_label,2912,2912,1,unreviewed,
GT03046,47,unexpected_label,2912,2912,1,unreviewed,
GT03047,52,unexpected_label,2912,2912,1,unreviewed,
GT03048,54,unexpected_label,2912,2912,1,unreviewed,
GT03049,59,unexpected_label,2912,2912,1,unreviewed,
GT03050,66,unexpected_label,2912,2912,1,unreviewed,
GT03051,68,unexpected_label,2912,2912,1,unreviewed,
GT03052,73,unexpected_label,2912,2912,1,unreviewed,
GT03053,12,unexpected_label,2916,2916,1,unreviewed,
GT03054,16,unexpected_label,2916,2916,1,unreviewed,
GT03055,23,unexpected_label,2916,2916,1,unreviewed,
GT03056,30,unexpected_label,2916,2916,1,unreviewed,
GT03057,35,unexpected_label,2916,2916,1,unreviewed,
GT03058,40,unexpected_label,2916,2916,1,unreviewed,
GT03059,45,unexpected_label,2916,2916,1,unreviewed,
GT03060,47,unexpected_label,2916,2916,1,unreviewed,
GT03061,52,unexpected_label,2916,2916,1,unreviewed,
GT03062,54,unexpected_label,2916,2916,1,unreviewed,
GT03063,59,unexpected_label,2916,2916,1,unreviewed,
GT03064,66,unexpected_label,2916,2916,1,unreviewed,
GT03065,68,unexpected_label,2916,2916,1,unreviewed,
GT03066,73,unexpected_label,2916,2916,1,unreviewed,
GT03067,24,unexpected_label,2983,2983,1,unreviewed,
GT03068,26,unexpected_label,2983,2983,1,unreviewed,
GT03069,46,unexpected_label,2983,2983,1,unreviewed,
GT03070,23,unexpected_label,2985,2985,1,unreviewed,
GT03071,47,unexpected_label,2985,2985,1,unreviewed,
GT03072,15,unexpected_label,2987,2987,1,unreviewed,
GT03073,22,unexpected_label,2987,2987,1,unreviewed,
GT03074,45,unexpected_label,2987,2987,1,unreviewed,
GT03075,46,unexpected_label,2989,2989,1,unreviewed,
GT03076,23,unexpected_label,2990,2990,1,unreviewed,
GT03077,27,unexpected_label,2990,2990,1,unreviewed,
GT03078,47,unexpected_label,2990,2990,1,unreviewed,
GT03079,24,unexpected_label,2992,2992,1,unreviewed,
GT03080,27,unexpected_label,2993,2993,1,unreviewed,
GT03081,57,unexpected_label,2993,2993,1,unreviewed,
GT03082,59,unexpected_label,2993,2993,1,unreviewed,
GT03083,27,unexpected_label,2995,2995,1,unreviewed,
GT03084,46,unexpected_label,2995,2995,1,unreviewed,
GT03085,57,unexpected_label,2995,2995,1,unreviewed,
GT03086,59,unexpected_label,2995,2995,1,unreviewed,
GT03087,22,unexpected_label,2996,2996,1,unreviewed,
GT03088,45,unexpected_label,2996,2996,1,unreviewed,
GT03089,12,unexpected_label,3011,3011,1,unreviewed,
GT03090,14,tiny_target_region,3011,3011,1,unreviewed,
GT03091,16,unexpected_label,3011,3011,1,unreviewed,
GT03092,19,unexpected_label,3011,3011,1,unreviewed,
GT03093,24,unexpected_label,3011,3011,1,unreviewed,
GT03094,33,unexpected_label,3011,3011,1,unreviewed,
GT03095,35,unexpected_label,3011,3011,1,unreviewed,
GT03096,40,unexpected_label,3011,3011,1,unreviewed,
GT03097,42,unexpected_label,3011,3011,1,unreviewed,
GT03098,43,unexpected_label,3011,3011,1,unreviewed,
GT03099,45,unexpected_label,3011,3011,1,unreviewed,
GT03100,47,unexpected_label,3011,3011,1,unreviewed,
GT03101,5,unexpected_label,3011,3011,1,unreviewed,
GT03102,52,unexpected_label,3011,3011,1,unreviewed,
GT03103,54,unexpected_label,3011,3011,1,unreviewed,
GT03104,56,unexpected_label,3011,3011,1,unreviewed,
GT03105,59,unexpected_label,3011,3011,1,unreviewed,
GT03106,61,unexpected_label,3011,3011,1,unreviewed,
GT03107,66,unexpected_label,3011,3011,1,unreviewed,
GT03108,68,unexpected_label,3011,3011,1,unreviewed,
GT03109,70,unexpected_label,3011,3011,1,unreviewed,
GT03110,73,unexpected_label,3011,3011,1,unreviewed,
GT03111,75,tiny_target_region,3011,3011,1,unreviewed,
GT03112,24,unexpected_label,3067,3067,1,unreviewed,
GT03113,47,unexpected_label,3080,3080,1,unreviewed,
GT03114,12,unexpected_label,3279,3279,1,unreviewed,
GT03115,16,unexpected_label,3279,3279,1,unreviewed,
GT03116,19,unexpected_label,3279,3279,1,unreviewed,
GT03117,26,unexpected_label,3279,3279,1,unreviewed,
GT03118,30,unexpected_label,3279,3279,1,unreviewed,
GT03119,33,unexpected_label,3279,3279,1,unreviewed,
GT03120,35,unexpected_label,3279,3279,1,unreviewed,
GT03121,40,unexpected_label,3279,3279,1,unreviewed,
GT03122,42,unexpected_label,3279,3279,1,unreviewed,
GT03123,45,unexpected_label,3279,3279,1,unreviewed,
GT03124,47,unexpected_label,3279,3279,1,unreviewed,
GT03125,5,unexpected_label,3279,3279,1,unreviewed,
GT03126,54,unexpected_label,3279,3279,1,unreviewed,
GT03127,56,unexpected_label,3279,3279,1,unreviewed,
GT03128,59,unexpected_label,3279,3279,1,unreviewed,
GT03129,61,unexpected_label,3279,3279,1,unreviewed,
GT03130,63,unexpected_label,3279,3279,1,unreviewed,
GT03131,66,unexpected_label,3279,3279,1,unreviewed,
GT03132,68,unexpected_label,3279,3279,1,unreviewed,
GT03133,70,unexpected_label,3279,3279,1,unreviewed,
GT03134,73,unexpected_label,3279,3279,1,unreviewed,
GT03135,24,unexpected_label,3283,3283,1,unreviewed,
GT03136,43,unexpected_label,3283,3283,1,unreviewed,
GT03137,30,unexpected_label,3284,3284,1,unreviewed,
GT03138,26,unexpected_label,3285,3285,1,unreviewed,
GT03139,58,unexpected_label,3285,3285,1,unreviewed,
GT03140,63,unexpected_label,3285,3285,1,unreviewed,
GT03141,47,unexpected_label,3318,3318,1,unreviewed,
GT03142,24,unexpected_label,3323,3323,1,unreviewed,
GT03143,43,unexpected_label,3323,3323,1,unreviewed,
GT03144,52,unexpected_label,3323,3323,1,unreviewed,
GT03145,12,unexpected_label,3325,3325,1,unreviewed,
GT03146,16,unexpected_label,3325,3325,1,unreviewed,
GT03147,35,unexpected_label,3325,3325,1,unreviewed,
GT03148,26,unexpected_label,3327,3327,1,unreviewed,
GT03149,58,unexpected_label,3327,3327,1,unreviewed,
GT03150,63,unexpected_label,3327,3327,1,unreviewed,
GT03151,12,unexpected_label,3328,3328,1,unreviewed,
GT03152,16,unexpected_label,3328,3328,1,unreviewed,
GT03153,35,unexpected_label,3328,3328,1,unreviewed,
GT03154,104,unexpected_label,3333,3333,1,unreviewed,
GT03155,40,unexpected_label,3333,3333,1,unreviewed,
GT03156,63,unexpected_label,3333,3333,1,unreviewed,
GT03157,77,unexpected_label,3333,3333,1,unreviewed,
GT03158,82,unexpected_label,3333,3333,1,unreviewed,
GT03159,12,unexpected_label,3337,3337,1,unreviewed,
GT03160,16,unexpected_label,3337,3337,1,unreviewed,
GT03161,26,unexpected_label,3337,3337,1,unreviewed,
GT03162,35,unexpected_label,3337,3337,1,unreviewed,
GT03163,40,unexpected_label,3337,3337,1,unreviewed,
GT03164,54,unexpected_label,3337,3337,1,unreviewed,
GT03165,59,unexpected_label,3337,3337,1,unreviewed,
GT03166,63,unexpected_label,3337,3337,1,unreviewed,
GT03167,68,unexpected_label,3337,3337,1,unreviewed,
GT03168,73,unexpected_label,3337,3337,1,unreviewed,
GT03169,47,unexpected_label,3384,3384,1,unreviewed,
GT03170,15,unexpected_label,3413,3413,1,unreviewed,
GT03171,16,unexpected_label,3413,3413,1,unreviewed,
GT03172,20,unexpected_label,3413,3413,1,unreviewed,
GT03173,24,unexpected_label,3413,3413,1,unreviewed,
GT03174,25,unexpected_label,3413,3413,1,unreviewed,
GT03175,32,unexpected_label,3413,3413,1,unreviewed,
GT03176,34,unexpected_label,3413,3413,1,unreviewed,
GT03177,37,unexpected_label,3413,3413,1,unreviewed,
GT03178,1,unexpected_label,3415,3415,1,unreviewed,
GT03179,11,unexpected_label,3415,3415,1,unreviewed,
GT03180,12,unexpected_label,3415,3415,1,unreviewed,
GT03181,13,unexpected_label,3415,3415,1,unreviewed,
GT03182,15,unexpected_label,3415,3415,1,unreviewed,
GT03183,16,unexpected_label,3415,3415,1,unreviewed,
GT03184,20,unexpected_label,3415,3415,1,unreviewed,
GT03185,24,unexpected_label,3415,3415,1,unreviewed,
GT03186,25,unexpected_label,3415,3415,1,unreviewed,
GT03187,3,unexpected_label,3415,3415,1,unreviewed,
GT03188,32,unexpected_label,3415,3415,1,unreviewed,
GT03189,34,unexpected_label,3415,3415,1,unreviewed,
GT03190,37,unexpected_label,3415,3415,1,unreviewed,
GT03191,4,unexpected_label,3415,3415,1,unreviewed,
GT03192,6,unexpected_label,3415,3415,1,unreviewed,
GT03193,8,unexpected_label,3415,3415,1,unreviewed,
GT03194,47,unexpected_label,3424,3424,1,unreviewed,
GT03195,73,unexpected_label,3430,3430,1,unreviewed,
GT03196,23,unexpected_label,3433,3433,1,unreviewed,
GT03197,35,unexpected_label,3437,3437,1,unreviewed,
GT03198,50,unexpected_label,3437,3437,1,unreviewed,
GT03199,73,unexpected_label,3437,3437,1,unreviewed,
GT03200,12,unexpected_label,3439,3439,1,unreviewed,
GT03201,22,unexpected_label,3439,3439,1,unreviewed,
GT03202,71,unexpected_label,3443,3443,1,unreviewed,
GT03203,71,unexpected_label,3472,3472,1,unreviewed,
GT03204,71,unexpected_label,3477,3477,1,unreviewed,
GT03205,47,unexpected_label,3487,3487,1,unreviewed,
GT03206,47,unexpected_label,3501,3501,1,unreviewed,
GT03207,108,unexpected_label,3503,3503,1,unreviewed,
GT03208,23,unexpected_label,3503,3503,1,unreviewed,
GT03209,35,unexpected_label,3503,3503,1,unreviewed,
GT03210,50,unexpected_label,3503,3503,1,unreviewed,
GT03211,71,unexpected_label,3503,3503,1,unreviewed,
GT03212,87,unexpected_label,3503,3503,1,unreviewed,
GT03213,99,unexpected_label,3503,3503,1,unreviewed,
GT03214,47,unexpected_label,3724,3724,1,unreviewed,
GT03215,24,unexpected_label,3757,3757,1,unreviewed,
GT03216,14,small_disconnected_regions,1101,2259,1159,unreviewed,
GT03217,14,small_disconnected_regions,2431,3009,579,unreviewed,
GT03218,14,small_disconnected_regions,3309,3813,505,unreviewed,
GT03219,14,small_disconnected_regions,460,927,468,unreviewed,
GT03220,14,small_disconnected_regions,15,260,246,unreviewed,
GT03221,14,small_disconnected_regions,262,457,196,unreviewed,
GT03222,14,small_disconnected_regions,942,1093,152,unreviewed,
GT03223,14,small_disconnected_regions,3097,3247,151,unreviewed,
GT03224,14,small_disconnected_regions,2307,2390,84,unreviewed,
GT03225,14,small_disconnected_regions,3078,3095,18,unreviewed,
GT03226,75,small_disconnected_regions,2726,2735,10,unreviewed,
GT03227,75,small_disconnected_regions,2593,2601,9,unreviewed,
GT03228,38,small_disconnected_regions,252,257,6,unreviewed,
GT03229,75,small_disconnected_regions,2654,2659,6,unreviewed,
GT03230,38,small_disconnected_regions,2931,2936,6,unreviewed,
GT03231,14,small_disconnected_regions,1095,1099,5,unreviewed,
GT03232,38,small_disconnected_regions,1556,1559,4,unreviewed,
GT03233,113,small_disconnected_regions,1603,1606,4,unreviewed,
GT03234,113,small_disconnected_regions,1747,1750,4,unreviewed,
GT03235,14,small_disconnected_regions,0,2,3,unreviewed,
GT03236,38,small_disconnected_regions,213,215,3,unreviewed,
GT03237,38,small_disconnected_regions,240,242,3,unreviewed,
GT03238,113,small_disconnected_regions,1560,1562,3,unreviewed,
GT03239,113,small_disconnected_regions,1611,1613,3,unreviewed,
GT03240,113,small_disconnected_regions,1804,1806,3,unreviewed,
GT03241,75,small_disconnected_regions,2146,2148,3,unreviewed,
GT03242,113,small_disconnected_regions,2308,2310,3,unreviewed,
GT03243,38,small_disconnected_regions,2308,2310,3,unreviewed,
GT03244,14,small_disconnected_regions,3283,3285,3,unreviewed,
GT03245,113,small_disconnected_regions,3780,3782,3,unreviewed,
GT03246,38,small_disconnected_regions,21,22,2,unreviewed,
GT03247,38,small_disconnected_regions,37,38,2,unreviewed,
GT03248,38,small_disconnected_regions,106,107,2,unreviewed,
GT03249,75,small_disconnected_regions,170,171,2,unreviewed,
GT03250,75,small_disconnected_regions,175,176,2,unreviewed,
GT03251,38,small_disconnected_regions,246,247,2,unreviewed,
GT03252,75,small_disconnected_regions,805,806,2,unreviewed,
GT03253,75,small_disconnected_regions,1078,1079,2,unreviewed,
GT03254,75,small_disconnected_regions,1257,1258,2,unreviewed,
GT03255,75,small_disconnected_regions,1537,1538,2,unreviewed,
GT03256,75,small_disconnected_regions,1564,1565,2,unreviewed,
GT03257,113,small_disconnected_regions,1809,1810,2,unreviewed,
GT03258,38,small_disconnected_regions,2305,2306,2,unreviewed,
GT03259,75,small_disconnected_regions,2904,2905,2,unreviewed,
GT03260,38,small_disconnected_regions,3307,3308,2,unreviewed,
GT03261,75,small_disconnected_regions,3316,3317,2,unreviewed,
GT03262,38,small_disconnected_regions,3327,3328,2,unreviewed,
GT03263,113,small_disconnected_regions,61,61,1,unreviewed,
GT03264,38,small_disconnected_regions,95,95,1,unreviewed,
GT03265,75,small_disconnected_regions,136,136,1,unreviewed,
GT03266,38,small_disconnected_regions,165,165,1,unreviewed,
GT03267,75,small_disconnected_regions,165,165,1,unreviewed,
GT03268,75,small_disconnected_regions,173,173,1,unreviewed,
GT03269,38,small_disconnected_regions,232,232,1,unreviewed,
GT03270,38,small_disconnected_regions,238,238,1,unreviewed,
GT03271,75,small_disconnected_regions,258,258,1,unreviewed,
GT03272,75,small_disconnected_regions,260,260,1,unreviewed,
GT03273,75,small_disconnected_regions,266,266,1,unreviewed,
GT03274,75,small_disconnected_regions,271,271,1,unreviewed,
GT03275,113,small_disconnected_regions,272,272,1,unreviewed,
GT03276,38,small_disconnected_regions,273,273,1,unreviewed,
GT03277,113,small_disconnected_regions,279,279,1,unreviewed,
GT03278,38,small_disconnected_regions,285,285,1,unreviewed,
GT03279,113,small_disconnected_regions,288,288,1,unreviewed,
GT03280,75,small_disconnected_regions,422,422,1,unreviewed,
GT03281,75,small_disconnected_regions,462,462,1,unreviewed,
GT03282,113,small_disconnected_regions,481,481,1,unreviewed,
GT03283,113,small_disconnected_regions,499,499,1,unreviewed,
GT03284,113,small_disconnected_regions,562,562,1,unreviewed,
GT03285,113,small_disconnected_regions,567,567,1,unreviewed,
GT03286,113,small_disconnected_regions,636,636,1,unreviewed,
GT03287,75,small_disconnected_regions,647,647,1,unreviewed,
GT03288,38,small_disconnected_regions,683,683,1,unreviewed,
GT03289,113,small_disconnected_regions,888,888,1,unreviewed,
GT03290,75,small_disconnected_regions,911,911,1,unreviewed,
GT03291,38,small_disconnected_regions,922,922,1,unreviewed,
GT03292,75,small_disconnected_regions,922,922,1,unreviewed,
GT03293,75,small_disconnected_regions,924,924,1,unreviewed,
GT03294,14,small_disconnected_regions,930,930,1,unreviewed,
GT03295,75,small_disconnected_regions,930,930,1,unreviewed,
GT03296,14,small_disconnected_regions,932,932,1,unreviewed,
GT03297,14,small_disconnected_regions,934,934,1,unreviewed,
GT03298,14,small_disconnected_regions,939,939,1,unreviewed,
GT03299,38,small_disconnected_regions,939,939,1,unreviewed,
GT03300,75,small_disconnected_regions,939,939,1,unreviewed,
GT03301,75,small_disconnected_regions,949,949,1,unreviewed,
GT03302,75,small_disconnected_regions,968,968,1,unreviewed,
GT03303,38,small_disconnected_regions,1059,1059,1,unreviewed,
GT03304,75,small_disconnected_regions,1089,1089,1,unreviewed,
GT03305,75,small_disconnected_regions,1092,1092,1,unreviewed,
GT03306,75,small_disconnected_regions,1096,1096,1,unreviewed,
GT03307,75,small_disconnected_regions,1098,1098,1,unreviewed,
GT03308,113,small_disconnected_regions,1114,1114,1,unreviewed,
GT03309,113,small_disconnected_regions,1126,1126,1,unreviewed,
GT03310,113,small_disconnected_regions,1174,1174,1,unreviewed,
GT03311,75,small_disconnected_regions,1202,1202,1,unreviewed,
GT03312,75,small_disconnected_regions,1233,1233,1,unreviewed,
GT03313,75,small_disconnected_regions,1260,1260,1,unreviewed,
GT03314,113,small_disconnected_regions,1263,1263,1,unreviewed,
GT03315,113,small_disconnected_regions,1306,1306,1,unreviewed,
GT03316,113,small_disconnected_regions,1329,1329,1,unreviewed,
GT03317,38,small_disconnected_regions,1335,1335,1,unreviewed,
GT03318,38,small_disconnected_regions,1343,1343,1,unreviewed,
GT03319,38,small_disconnected_regions,1346,1346,1,unreviewed,
GT03320,75,small_disconnected_regions,1353,1353,1,unreviewed,
GT03321,75,small_disconnected_regions,1388,1388,1,unreviewed,
GT03322,75,small_disconnected_regions,1399,1399,1,unreviewed,
GT03323,75,small_disconnected_regions,1401,1401,1,unreviewed,
GT03324,75,small_disconnected_regions,1404,1404,1,unreviewed,
GT03325,75,small_disconnected_regions,1415,1415,1,unreviewed,
GT03326,75,small_disconnected_regions,1420,1420,1,unreviewed,
GT03327,75,small_disconnected_regions,1437,1437,1,unreviewed,
GT03328,75,small_disconnected_regions,1444,1444,1,unreviewed,
GT03329,38,small_disconnected_regions,1474,1474,1,unreviewed,
GT03330,75,small_disconnected_regions,1497,1497,1,unreviewed,
GT03331,113,small_disconnected_regions,1521,1521,1,unreviewed,
GT03332,75,small_disconnected_regions,1544,1544,1,unreviewed,
GT03333,75,small_disconnected_regions,1557,1557,1,unreviewed,
GT03334,38,small_disconnected_regions,1561,1561,1,unreviewed,
GT03335,113,small_disconnected_regions,1565,1565,1,unreviewed,
GT03336,113,small_disconnected_regions,1580,1580,1,unreviewed,
GT03337,113,small_disconnected_regions,1619,1619,1,unreviewed,
GT03338,113,small_disconnected_regions,1644,1644,1,unreviewed,
GT03339,113,small_disconnected_regions,1646,1646,1,unreviewed,
GT03340,113,small_disconnected_regions,1651,1651,1,unreviewed,
GT03341,113,small_disconnected_regions,1737,1737,1,unreviewed,
GT03342,38,small_disconnected_regions,1751,1751,1,unreviewed,
GT03343,113,small_disconnected_regions,1752,1752,1,unreviewed,
GT03344,113,small_disconnected_regions,1796,1796,1,unreviewed,
GT03345,113,small_disconnected_regions,1812,1812,1,unreviewed,
GT03346,113,small_disconnected_regions,1822,1822,1,unreviewed,
GT03347,113,small_disconnected_regions,1824,1824,1,unreviewed,
GT03348,113,small_disconnected_regions,1826,1826,1,unreviewed,
GT03349,113,small_disconnected_regions,1830,1830,1,unreviewed,
GT03350,75,small_disconnected_regions,1842,1842,1,unreviewed,
GT03351,75,small_disconnected_regions,1845,1845,1,unreviewed,
GT03352,38,small_disconnected_regions,1903,1903,1,unreviewed,
GT03353,38,small_disconnected_regions,1909,1909,1,unreviewed,
GT03354,75,small_disconnected_regions,1962,1962,1,unreviewed,
GT03355,38,small_disconnected_regions,1966,1966,1,unreviewed,
GT03356,38,small_disconnected_regions,1974,1974,1,unreviewed,
GT03357,113,small_disconnected_regions,2018,2018,1,unreviewed,
GT03358,38,small_disconnected_regions,2094,2094,1,unreviewed,
GT03359,113,small_disconnected_regions,2121,2121,1,unreviewed,
GT03360,113,small_disconnected_regions,2127,2127,1,unreviewed,
GT03361,38,small_disconnected_regions,2132,2132,1,unreviewed,
GT03362,113,small_disconnected_regions,2133,2133,1,unreviewed,
GT03363,75,small_disconnected_regions,2133,2133,1,unreviewed,
GT03364,75,small_disconnected_regions,2143,2143,1,unreviewed,
GT03365,75,small_disconnected_regions,2163,2163,1,unreviewed,
GT03366,75,small_disconnected_regions,2192,2192,1,unreviewed,
GT03367,75,small_disconnected_regions,2256,2256,1,unreviewed,
GT03368,14,small_disconnected_regions,2284,2284,1,unreviewed,
GT03369,38,small_disconnected_regions,2284,2284,1,unreviewed,
GT03370,113,small_disconnected_regions,2297,2297,1,unreviewed,
GT03371,113,small_disconnected_regions,2305,2305,1,unreviewed,
GT03372,14,small_disconnected_regions,2305,2305,1,unreviewed,
GT03373,38,small_disconnected_regions,2392,2392,1,unreviewed,
GT03374,14,small_disconnected_regions,2401,2401,1,unreviewed,
GT03375,75,small_disconnected_regions,2436,2436,1,unreviewed,
GT03376,75,small_disconnected_regions,2447,2447,1,unreviewed,
GT03377,38,small_disconnected_regions,2486,2486,1,unreviewed,
GT03378,38,small_disconnected_regions,2521,2521,1,unreviewed,
GT03379,38,small_disconnected_regions,2523,2523,1,unreviewed,
GT03380,75,small_disconnected_regions,2561,2561,1,unreviewed,
GT03381,75,small_disconnected_regions,2572,2572,1,unreviewed,
GT03382,75,small_disconnected_regions,2608,2608,1,unreviewed,
GT03383,38,small_disconnected_regions,2715,2715,1,unreviewed,
GT03384,75,small_disconnected_regions,2748,2748,1,unreviewed,
GT03385,38,small_disconnected_regions,2808,2808,1,unreviewed,
GT03386,75,small_disconnected_regions,2898,2898,1,unreviewed,
GT03387,75,small_disconnected_regions,2902,2902,1,unreviewed,
GT03388,75,small_disconnected_regions,2907,2907,1,unreviewed,
GT03389,75,small_disconnected_regions,2912,2912,1,unreviewed,
GT03390,75,small_disconnected_regions,2916,2916,1,unreviewed,
GT03391,75,small_disconnected_regions,3001,3001,1,unreviewed,
GT03392,14,small_disconnected_regions,3011,3011,1,unreviewed,
GT03393,75,small_disconnected_regions,3011,3011,1,unreviewed,
GT03394,14,small_disconnected_regions,3067,3067,1,unreviewed,
GT03395,38,small_disconnected_regions,3076,3076,1,unreviewed,
GT03396,75,small_disconnected_regions,3079,3079,1,unreviewed,
GT03397,75,small_disconnected_regions,3086,3086,1,unreviewed,
GT03398,75,small_disconnected_regions,3093,3093,1,unreviewed,
GT03399,38,small_disconnected_regions,3245,3245,1,unreviewed,
GT03400,38,small_disconnected_regions,3252,3252,1,unreviewed,
GT03401,38,small_disconnected_regions,3256,3256,1,unreviewed,
GT03402,14,small_disconnected_regions,3279,3279,1,unreviewed,
GT03403,38,small_disconnected_regions,3279,3279,1,unreviewed,
GT03404,38,small_disconnected_regions,3283,3283,1,unreviewed,
GT03405,75,small_disconnected_regions,3284,3284,1,unreviewed,
GT03406,38,small_disconnected_regions,3285,3285,1,unreviewed,
GT03407,38,small_disconnected_regions,3322,3322,1,unreviewed,
GT03408,75,small_disconnected_regions,3333,3333,1,unreviewed,
GT03409,75,small_disconnected_regions,3424,3424,1,unreviewed,
GT03410,113,small_disconnected_regions,3439,3439,1,unreviewed,
GT03411,38,small_disconnected_regions,3444,3444,1,unreviewed,
GT03412,75,small_disconnected_regions,3450,3450,1,unreviewed,
GT03413,113,small_disconnected_regions,3485,3485,1,unreviewed,
GT03414,75,small_disconnected_regions,3489,3489,1,unreviewed,
GT03415,75,small_disconnected_regions,3567,3567,1,unreviewed,
GT03416,75,small_disconnected_regions,3661,3661,1,unreviewed,
GT03417,38,small_disconnected_regions,3725,3725,1,unreviewed,
GT03418,75,small_disconnected_regions,3726,3726,1,unreviewed,
GT03419,38,small_disconnected_regions,3774,3774,1,unreviewed,
GT03420,75,small_disconnected_regions,3797,3797,1,unreviewed,
