video_frame,gt_frame,gt_id,area,components,largest_component,touches_edge,centroid_x,centroid_y
0,0,14,5032,1,5032,False,2012.5683624801272,653.3982511923689
0,0,38,25104,1,25104,False,677.942638623327,891.6975780752072
0,0,75,4436,1,4436,False,1553.675834084761,553.1456266907123
0,0,113,2884,2,2860,False,1607.1907073509014,537.1435506241331
1,1,14,5196,1,5196,False,2011.667051578137,655.4299461123942
1,1,38,26036,1,26036,False,678.1177600245813,893.049393147949
1,1,75,4220,2,4172,False,1546.11327014218,554.2838862559241
1,1,113,2508,1,2508,False,1618.9784688995214,535.951355661882
2,2,14,5244,1,5244,False,2012.8035850495805,655.6563691838292
2,2,38,25888,1,25888,False,677.4808405438813,892.8612484548826
2,2,75,4140,1,4140,False,1554.668115942029,553.9415458937198
2,2,113,2628,1,2628,False,1624.603500761035,536.4604261796043
15,3,14,6084,1,6084,False,2011.4506903353058,663.2560815253123
15,3,38,25688,1,25688,False,674.1331360946746,890.0926502647151
15,3,75,3976,2,3940,False,1545.8460764587526,559.6448692152918
15,3,113,2972,1,2972,False,1653.7839838492598,541.5794078061912
16,4,14,6220,2,6204,False,2008.1244372990354,665.4466237942122
16,4,38,24376,1,24376,False,669.9266491631113,886.0907449950771
16,4,75,4064,2,3824,False,1510.1062992125985,560.6692913385826
16,4,113,2920,1,2920,False,1654.4917808219177,541.272602739726
17,5,14,6464,2,6336,False,1987.6769801980197,665.1336633663366
17,5,38,24488,1,24488,False,668.0184580202548,886.3101927474681
17,5,75,4704,3,4604,False,1532.204081632653,555.4897959183673
17,5,113,2976,1,2976,False,1654.752688172043,541.513440860215
18,6,14,6408,2,6396,False,2008.7059925093633,665.7384519350811
18,6,38,24752,1,24752,False,669.7569489334195,887.3842921784099
18,6,75,3972,2,3924,False,1541.4103726082578,558.9813695871097
18,6,113,3088,2,3040,False,1642.7046632124352,542.7150259067357
19,7,14,6348,1,6348,False,2010.744486452426,665.2359798361689
19,7,38,25524,1,25524,False,670.5081491929164,889.5528130387087
19,7,75,4420,1,4420,False,1546.6538461538462,555.2692307692307
19,7,113,3280,1,3280,False,1655.5048780487805,543.6780487804878
20,8,14,6480,2,6136,False,1947.4296296296295,662.3716049382716
20,8,38,25952,1,25952,False,670.4654747225647,890.3452527743526
20,8,75,3476,1,3476,False,1547.8808975834293,557.0523590333717
20,8,113,3280,1,3280,False,1655.8121951219512,543.7463414634146
21,9,14,6024,1,6024,False,2007.8505976095616,667.3884462151394
21,9,38,26220,1,26220,False,671.1578184591915,893.5114416475973
21,9,75,4004,1,4004,False,1546.6178821178821,555.500999000999
21,9,113,3264,1,3264,False,1656.5931372549019,545.2598039215686
22,10,14,5896,1,5896,False,2005.3683853459972,665.7618724559023
22,10,38,26280,1,26280,False,670.8893455098935,893.51400304414
22,10,75,4004,1,4004,False,1546.3661338661339,555.447052947053
22,10,113,3276,1,3276,False,1657.3449328449328,545.7405372405373
23,11,14,5680,1,5680,False,2004.4098591549296,661.1408450704225
23,11,38,26300,1,26300,False,670.6733840304182,893.6516349809885
23,11,75,3996,1,3996,False,1546.1796796796796,555.3608608608608
23,11,113,3364,1,3364,False,1657.7366230677765,546.0719381688466
24,12,14,5480,1,5480,False,2002.7423357664234,660.1481751824817
24,12,38,26328,1,26328,False,670.9673351564874,894.360224855667
24,12,75,4008,1,4008,False,1546.0369261477047,555.2584830339322
24,12,113,3336,1,3336,False,1657.7877697841727,546.257793764988
25,13,14,5340,1,5340,False,2002.7232209737829,659.5876404494383
25,13,38,26364,1,26364,False,670.8811257775754,894.4626763768775
25,13,75,3996,1,3996,False,1546.0655655655655,555.3448448448448
25,13,113,2920,1,2920,False,1657.0945205479452,543.0397260273973
26,14,14,5252,1,5252,False,2004.0491241431835,659.1686976389947
26,14,38,26472,1,26472,False,670.509670595346,894.6749773345422
26,14,75,3980,1,3980,False,1546.1361809045227,555.3984924623115
26,14,113,2932,1,2932,False,1655.3349249658936,544.8929058663028
27,15,14,5216,1,5216,False,2005.7622699386502,659.6426380368098
27,15,38,26248,1,26248,False,672.1589454434624,897.3375495275831
27,15,75,3984,1,3984,False,1546.1425702811246,555.2951807228916
27,15,113,2936,1,2936,False,1651.799727520436,545.2656675749319
28,16,14,5288,1,5288,False,2008.2443267776098,659.0098335854766
28,16,38,26496,1,26496,False,671.2611714975845,897.5244565217391
28,16,75,4008,1,4008,False,1546.0229540918165,555.1047904191616
28,16,113,3000,1,3000,False,1647.796,545.6146666666667
29,17,14,5528,2,5484,False,2003.0224312590449,655.1353111432705
29,17,38,27436,1,27436,False,671.6543956845021,898.124143461146
29,17,75,4212,2,4188,False,1541.9928774928776,555.846628679962
29,17,113,3244,1,3244,False,1644.7983970406906,545.4297163995068
30,18,14,5196,1,5196,False,2014.427636643572,652.658583525789
30,18,38,26760,1,26760,False,670.0844544095665,896.3962630792228
30,18,75,4068,1,4068,False,1545.925762045231,555.0290068829892
30,18,113,3048,1,3048,False,1641.7178477690288,544.1299212598425
31,19,14,4988,1,4988,False,2016.1134723336006,649.547313552526
31,19,38,26828,1,26828,False,669.063888474728,896.4961234531087
31,19,75,4136,1,4136,False,1545.794003868472,555.07833655706
31,19,113,3032,1,3032,False,1639.523746701847,543.1385224274406
32,20,14,4772,1,4772,False,2016.8671416596815,648.08256496228
32,20,38,26952,1,26952,False,668.0983971504897,896.7796081923419
32,20,75,4232,1,4232,False,1545.225897920605,555.1011342155009
32,20,113,3040,1,3040,False,1638.457894736842,543.1078947368421
33,21,14,4748,1,4748,False,2015.8546756529065,648.5202190395956
33,21,38,27348,1,27348,False,666.8504461020916,895.4793769197016
33,21,75,4432,1,4432,False,1543.4711191335741,553.9530685920578
33,21,113,3016,1,3016,False,1637.102122015915,542.6564986737401
34,22,14,4624,1,4624,False,2014.5034602076125,646.9480968858131
34,22,38,27440,2,27432,False,664.9833819241983,895.2586005830904
34,22,75,4304,1,4304,False,1543.224907063197,554.2434944237918
34,22,113,3028,1,3028,False,1636.1354029062088,542.9121532364597
35,23,14,4588,1,4588,False,2011.4102005231036,644.2122929380994
35,23,38,27736,1,27736,False,663.9237092587251,896.9952408422267
35,23,75,4384,1,4384,False,1542.2956204379561,554.1167883211679
35,23,113,3116,1,3116,False,1634.9646983311939,543.1726572528884
36,24,14,4476,1,4476,False,2008.5983020554065,641.1827524575514
36,24,38,27936,1,27936,False,661.8946162657503,899.5483963344788
36,24,75,4328,1,4328,False,1541.938077634011,554.3354898336414
36,24,113,3032,1,3032,False,1635.4050131926122,543.3759894459102
37,25,14,4524,1,4524,False,2006.818302387268,637.9376657824934
37,25,38,28044,1,28044,False,660.7898302667237,901.4821708743403
37,25,75,4336,1,4336,False,1541.3468634686346,554.2841328413284
37,25,113,3012,1,3012,False,1635.3313413014607,543.421646746348
38,26,14,4416,1,4416,False,2005.338768115942,634.5108695652174
38,26,38,26868,1,26868,False,661.616272145303,900.8510495757034
38,26,75,4348,1,4348,False,1541.2746090156393,554.400643974241
38,26,113,3012,1,3012,False,1635.1985391766268,542.1812749003984
39,27,14,4408,1,4408,False,2003.024500907441,633.489110707804
39,27,38,26572,2,26420,False,665.5597621556526,895.6115459882583
39,27,75,4332,1,4332,False,1541.4085872576177,554.5129270544783
39,27,113,3068,1,3068,False,1635.519556714472,542.1949152542373
40,28,14,4336,1,4336,False,2000.9630996309963,633.3007380073801
40,28,38,25596,2,25512,False,669.3760743866229,894.8116111892483
40,28,75,4320,1,4320,False,1541.4518518518519,554.6314814814815
40,28,113,3092,1,3092,False,1635.8712807244501,542.3939197930142
41,29,14,4352,1,4352,False,1997.516544117647,631.4503676470588
41,29,38,24924,1,24924,False,674.2576632964211,891.2921681913016
41,29,75,4416,1,4416,False,1541.8713768115942,556.1050724637681
41,29,113,3236,1,3236,False,1636.0203955500617,543.0834363411619
42,30,14,4124,1,4124,False,1993.3283220174587,628.6338506304559
42,30,38,24036,1,24036,False,679.3543850890331,890.1438675320353
42,30,75,4344,1,4344,False,1541.3839779005525,554.6344383057091
42,30,113,3132,1,3132,False,1635.7234993614304,541.654533844189
43,31,14,4272,1,4272,False,1988.9176029962546,622.8913857677902
43,31,38,23580,1,23580,False,679.7498727735369,885.6742154368109
43,31,75,4664,1,4664,False,1540.8430531732417,554.4811320754717
43,31,113,3432,1,3432,False,1636.2435897435898,542.5466200466201
44,32,14,4180,1,4180,False,1984.790909090909,617.7114832535885
44,32,38,24176,1,24176,False,682.6803441429516,888.5896757114493
44,32,75,4660,1,4660,False,1541.207296137339,554.4536480686695
44,32,113,3448,1,3448,False,1636.1102088167054,543.0800464037123
45,33,14,4084,1,4084,False,1980.797747306562,614.8232125367286
45,33,38,23876,1,23876,False,683.1299212598425,884.2647847210588
45,33,75,4764,1,4764,False,1541.8518052057095,554.0751469353485
45,33,113,3492,1,3492,False,1635.6019473081328,542.8963344788087
46,34,14,4032,1,4032,False,1977.6329365079366,614.1309523809524
46,34,38,24280,1,24280,False,685.6054365733114,885.0927512355848
46,34,75,4816,1,4816,False,1542.1046511627908,554.0598006644518
46,34,113,3476,1,3476,False,1635.1858457997698,542.4470655926352
47,35,14,4032,1,4032,False,1974.188492063492,613.7559523809524
47,35,38,24396,1,24396,False,686.3835874733563,885.6834727004427
47,35,75,4768,1,4768,False,1542.0956375838925,554.0889261744967
47,35,113,3584,1,3584,False,1634.8392857142858,543.046875
48,36,14,3920,1,3920,False,1969.1224489795918,612.2979591836735
48,36,38,24240,1,24240,False,690.257095709571,890.2491749174917
48,36,75,4772,1,4772,False,1542.0138306789606,553.919949706622
48,36,113,3476,1,3476,False,1633.512658227848,542.40333716916
49,37,14,3892,1,3892,False,1963.2687564234327,609.5668036998973
49,37,38,24188,1,24188,False,687.5084339341822,890.7573176781875
49,37,75,4784,1,4784,False,1541.5117056856188,553.6471571906354
49,37,113,3520,1,3520,False,1631.9386363636363,542.4295454545454
50,38,14,3904,1,3904,False,1956.2581967213114,604.0061475409836
50,38,38,24560,1,24560,False,686.3074918566775,893.4478827361563
50,38,75,4728,1,4728,False,1540.9771573604062,553.8333333333334
50,38,113,3492,1,3492,False,1629.9501718213057,542.5297823596793
51,39,14,3884,1,3884,False,1950.370236869207,599.0169927909371
51,39,38,25008,1,25008,False,683.3771593090211,894.8573256557902
51,39,75,4676,1,4676,False,1540.87125748503,554.5615911035072
51,39,113,3496,1,3496,False,1628.5983981693364,541.683066361556
52,40,14,3896,1,3896,False,1945.964065708419,596.6416837782341
52,40,38,25120,1,25120,False,676.0140127388535,889.665923566879
52,40,75,4736,1,4736,False,1539.8868243243244,554.4206081081081
52,40,113,3548,1,3548,False,1627.336527621195,541.1335963923337
53,41,14,3864,1,3864,False,1942.2556935817806,594.0631469979296
53,41,38,26188,1,26188,False,671.2817320910341,883.2426302123109
53,41,75,4780,1,4780,False,1539.4037656903765,554.444769874477
53,41,113,3444,1,3444,False,1625.1248548199767,539.9494773519164
54,42,14,3808,1,3808,False,1938.9117647058824,592.9579831932773
54,42,38,25680,1,25680,False,663.5140186915888,880.418691588785
54,42,75,4740,1,4740,False,1538.8679324894515,554.6940928270042
54,42,113,3476,1,3476,False,1624.373417721519,539.7911392405064
55,43,14,3792,1,3792,False,1936.132911392405,592.8459915611814
55,43,38,26560,1,26560,False,659.5954819277108,882.5243975903614
55,43,75,4716,1,4716,False,1538.7578456318915,554.734096692112
55,43,113,3544,1,3544,False,1623.8950338600453,539.4683972911964
56,44,14,3700,1,3700,False,1933.3756756756757,591.847027027027
56,44,38,26068,1,26068,False,653.665260088998,883.8435629891054
56,44,75,4576,1,4576,False,1538.9702797202797,555.5734265734266
56,44,113,3468,1,3468,False,1623.3396770472896,539.5449826989619
57,45,14,3656,1,3656,False,1930.5131291028447,591.8457330415755
57,45,38,26056,1,26056,False,647.0931839115751,885.6145225667792
57,45,75,4592,1,4592,False,1538.6637630662021,555.8954703832752
57,45,113,3468,1,3468,False,1622.5761245674742,538.7606689734718
58,46,14,3660,1,3660,False,1927.3174863387978,590.4409836065573
58,46,38,25352,1,25352,False,638.4766487851057,885.4053329125908
58,46,75,4624,1,4624,False,1538.453287197232,556.1608996539792
58,46,113,3456,1,3456,False,1621.787037037037,538.6180555555555
59,47,14,3720,1,3720,False,1924.1301075268818,587.1709677419354
59,47,38,25088,1,25088,False,628.8810586734694,881.2930484693877
59,47,75,4624,1,4624,False,1538.5709342560554,556.3910034602076
59,47,113,3408,1,3408,False,1621.2793427230047,538.2887323943662
60,48,14,3612,1,3612,False,1921.5188261351052,584.6018826135105
60,48,38,25444,1,25444,False,623.4624272913064,875.2102656814966
60,48,75,4628,1,4628,False,1538.1923076923076,557.1050129645636
60,48,113,3308,1,3308,False,1621.213422007255,538.183192261185
61,49,14,3388,1,3388,False,1920.780991735537,584.870720188902
61,49,38,24576,1,24576,False,619.947265625,870.6184895833334
61,49,75,4640,1,4640,False,1537.155172413793,557.601724137931
61,49,113,3484,2,3300,False,1618.0912743972444,538.5022962112514
62,50,14,3512,1,3512,False,1917.8917995444192,582.504555808656
62,50,38,23904,1,23904,False,617.5388219544847,868.0923694779117
62,50,75,4804,1,4804,False,1535.3309741881765,557.7805995004163
62,50,113,3140,2,3132,False,1620.968789808917,537.2057324840764
63,51,14,3504,1,3504,False,1916.1689497716895,581.986301369863
63,51,38,22984,1,22984,False,618.0095718760878,866.6294813783502
63,51,75,4932,1,4932,False,1533.6808596918086,559.051500405515
63,51,113,3136,1,3136,False,1621.0969387755101,535.579081632653
64,52,14,3532,1,3532,False,1914.0719139297848,581.9767836919592
64,52,38,22160,1,22160,False,618.7935018050541,864.1880866425993
64,52,75,4876,1,4876,False,1531.99302707137,561.0545529122231
64,52,113,3076,1,3076,False,1620.7080624187256,534.463589076723
65,53,14,3532,1,3532,False,1911.7842582106455,581.8340883352208
65,53,38,21512,1,21512,False,618.7350316102641,859.5078095946449
65,53,75,4932,1,4932,False,1528.727088402271,560.2696674776967
65,53,113,3064,1,3064,False,1620.1161879895562,534.1631853785901
66,54,14,3516,1,3516,False,1909.009670079636,581.5967007963595
66,54,38,21816,1,21816,False,618.453795379538,850.8300330033003
66,54,75,5176,1,5176,False,1525.612828438949,559.3948995363215
66,54,113,2976,1,2976,False,1619.986559139785,533.9005376344086
67,55,14,3596,1,3596,False,1906.9493882091213,580.8381535038932
67,55,38,21876,1,21876,False,620.2857012250869,846.1028524410312
67,55,75,5380,1,5380,False,1520.7453531598512,558.2234200743494
67,55,113,3104,1,3104,False,1619.7603092783504,533.1649484536083
68,56,14,3624,1,3624,False,1905.1225165562914,580.3079470198676
68,56,38,21472,1,21472,False,623.9113263785395,843.8237704918033
68,56,75,5324,1,5324,False,1516.40833959429,558.9027047332833
68,56,113,3068,1,3068,False,1619.6186440677966,533.1727509778357
69,57,14,3612,1,3612,False,1904.043743078627,580.1124031007752
69,57,38,20864,1,20864,False,629.4532208588957,841.8964723926381
69,57,75,5396,1,5396,False,1511.9217939214234,557.5867309117865
69,57,113,2944,1,2944,False,1619.6820652173913,532.6684782608696
70,58,14,3692,1,3692,False,1902.3894907908993,579.0677139761647
70,58,38,19880,1,19880,False,635.6851106639839,837.3338028169014
70,58,75,5424,1,5424,False,1508.8657817109145,555.9631268436578
70,58,113,2872,1,2872,False,1620.0766016713092,530.650417827298
71,59,14,3692,1,3692,False,1901.4772481040086,579.1305525460455
71,59,38,19028,1,19028,False,645.2025436199285,829.4678368719782
71,59,75,5488,1,5488,False,1507.0437317784256,555.3950437317784
71,59,113,2904,1,2904,False,1620.5550964187328,529.9214876033058
72,60,14,3712,1,3712,False,1900.4310344827586,578.7198275862069
72,60,38,17364,1,17364,False,657.8600552868003,818.8381709283575
72,60,75,5608,1,5608,False,1505.6469329529243,554.5499286733238
72,60,113,2888,1,2888,False,1621.325484764543,529.3504155124654
73,61,14,3748,1,3748,False,1899.885272145144,579.0186766275347
73,61,38,17916,1,17916,False,671.6591873185979,797.840031256977
73,61,75,5576,1,5576,False,1504.7525107604017,554.0724533715926
73,61,113,2872,1,2872,False,1622.1768802228412,528.8593314763231
74,62,14,3760,1,3760,False,1899.2808510638297,578.768085106383
74,62,38,16852,1,16852,False,685.9977450747685,787.2661998575836
74,62,75,5632,1,5632,False,1503.7571022727273,554.0269886363636
74,62,113,2944,1,2944,False,1623.4130434782608,530.375
75,63,14,3756,1,3756,False,1898.9558040468582,578.9558040468584
75,63,38,15680,1,15680,False,701.9903061224489,776.0984693877551
75,63,75,5648,1,5648,False,1502.5679886685552,553.7832861189802
75,63,113,2924,1,2924,False,1625.093707250342,531.0854993160054
76,64,14,3744,1,3744,False,1898.5320512820513,578.9337606837607
76,64,38,15152,1,15152,False,719.2661034846885,768.5258711721225
76,64,75,5648,1,5648,False,1499.5453257790368,552.1218130311614
76,64,113,2828,1,2828,False,1627.1534653465346,529.3514851485148
77,65,14,3640,1,3640,False,1898.220879120879,580.0956043956044
77,65,38,15528,1,15528,False,731.3031942297785,754.2125193199382
77,65,75,5776,1,5776,False,1496.2950138504154,549.3379501385042
77,65,113,2920,1,2920,False,1629.694520547945,528.6452054794521
78,66,14,3624,1,3624,False,1898.2637969094924,580.1225165562914
78,66,38,14688,1,14688,False,737.5713507625272,736.4237472766885
78,66,75,5656,1,5656,False,1494.8267326732673,548.9087694483734
78,66,113,2904,1,2904,False,1632.8939393939395,527.7644628099174
79,67,14,3608,1,3608,False,1897.9922394678492,579.839246119734
79,67,38,13940,1,13940,False,741.8182209469154,727.5829268292683
79,67,75,5600,1,5600,False,1492.6328571428571,548.5157142857142
79,67,113,2928,1,2928,False,1635.6939890710382,526.24043715847
80,68,14,3616,1,3616,False,1897.9269911504425,579.9557522123894
80,68,38,13220,1,13220,False,744.1175491679273,721.8851739788199
80,68,75,5628,1,5628,False,1489.4594882729211,547.6300639658849
80,68,113,2940,1,2940,False,1637.6292517006802,525.6401360544218
81,69,14,3620,1,3620,False,1897.792817679558,580.0005524861879
81,69,38,13156,1,13156,False,743.1348434174521,716.3096685922773
81,69,75,5564,1,5564,False,1486.5891445003595,545.9694464414091
81,69,113,2836,2,2832,False,1638.8159379407616,524.6382228490833
82,70,14,3616,1,3616,False,1897.712389380531,579.8960176991151
82,70,38,13852,1,13852,False,739.4864279526422,705.4956684955241
82,70,75,5604,1,5604,False,1483.7248394004282,543.1352605281942
82,70,113,2856,1,2856,False,1639.936974789916,524.889355742297
83,71,14,3620,1,3620,False,1897.585082872928,579.932044198895
83,71,38,14144,1,14144,False,737.9705882352941,695.6928733031674
83,71,75,5492,1,5492,False,1482.4242534595776,542.759286234523
83,71,113,2800,1,2800,False,1640.5942857142857,523.8685714285714
84,72,14,3640,1,3640,False,1897.3175824175823,579.5945054945055
84,72,38,13796,1,13796,False,737.4962307915338,694.8919976804871
84,72,75,5488,1,5488,False,1481.2274052478135,542.8760932944606
84,72,113,2796,1,2796,False,1640.7460658082975,523.7818311874106
85,73,14,3656,1,3656,False,1897.2789934354487,579.5787746170678
85,73,38,12864,1,12864,False,735.695895522388,689.8451492537314
85,73,75,5484,1,5484,False,1479.4657184536834,542.572939460248
85,73,113,2784,1,2784,False,1640.6867816091954,523.7126436781609
86,74,14,3636,1,3636,False,1896.9488448844884,579.6837183718371
86,74,38,12680,2,12544,False,733.1031545741325,690.4034700315458
86,74,75,5536,1,5536,False,1478.2947976878613,543.4378612716763
86,74,113,2784,1,2784,False,1640.6206896551723,523.7902298850574
87,75,14,3656,1,3656,False,1896.7669584245077,579.6181619256017
87,75,38,12624,1,12624,False,730.147021546261,691.2027883396705
87,75,75,5624,1,5624,False,1477.5128022759602,543.99786628734
87,75,113,2820,1,2820,False,1640.3297872340424,523.1581560283688
88,76,14,3656,1,3656,False,1896.6816192560175,579.6269146608315
88,76,38,12384,1,12384,False,728.3947028423772,691.0542635658915
88,76,75,5688,1,5688,False,1476.7081575246132,544.6476793248945
88,76,113,2864,1,2864,False,1640.3575418994412,521.6312849162011
89,77,14,3656,1,3656,False,1896.4190371991247,579.4759299781182
89,77,38,12284,1,12284,False,727.0301204819277,690.396450667535
89,77,75,5736,1,5736,False,1476.6464435146443,544.4274755927476
89,77,113,2968,1,2968,False,1640.2520215633424,519.6239892183288
90,78,14,3664,1,3664,False,1895.7707423580787,579.056768558952
90,78,38,11896,2,11712,False,725.2558843308675,689.0265635507734
90,78,75,5668,1,5668,False,1476.8175723359209,542.8062808750882
90,78,113,2992,1,2992,False,1639.9197860962568,518.8021390374331
91,79,14,3688,1,3688,False,1895.7212581344902,579.2396963123645
91,79,38,11808,1,11808,False,724.1551490514905,688.3069105691056
91,79,75,5844,1,5844,False,1477.6786447638603,539.8032169746749
91,79,113,2944,1,2944,False,1639.5326086956522,518.0190217391304
92,80,14,3696,1,3696,False,1895.6190476190477,579.0238095238095
92,80,38,11708,1,11708,False,722.5819952169456,687.5201571574992
92,80,75,5908,1,5908,False,1479.4925524712255,535.6144211238998
92,80,113,2936,1,2936,False,1639.0722070844686,518.8678474114441
93,81,14,3688,1,3688,False,1895.614967462039,578.9381778741865
93,81,38,11136,1,11136,False,721.2729885057471,687.5926724137931
93,81,75,6204,1,6204,False,1480.7450032237266,533.8333333333334
93,81,113,2960,1,2960,False,1638.7351351351351,519.0216216216216
94,82,14,3704,1,3704,False,1895.6533477321814,579.1177105831533
94,82,38,10800,2,10656,False,720.5437037037037,687.9481481481481
94,82,75,6076,1,6076,False,1482.1010533245556,529.4493087557604
94,82,113,2976,1,2976,False,1638.6209677419354,519.0268817204301
95,83,14,3792,1,3792,False,1895.2721518987341,578.3818565400844
95,83,38,10736,1,10736,False,718.7444113263786,687.7749627421758
95,83,75,5852,1,5852,False,1484.4904306220096,524.8212576896788
95,83,113,2980,1,2980,False,1638.253020134228,519.1657718120805
96,84,14,3840,1,3840,False,1894.7770833333334,578.40625
96,84,38,11372,1,11372,False,718.2727752374252,693.0388673935984
96,84,75,5824,1,5824,False,1488.2101648351647,523.4354395604396
96,84,113,3020,1,3020,False,1638.1423841059602,519.3609271523179
97,85,14,3828,1,3828,False,1894.6003134796238,578.5438871473355
97,85,38,11660,1,11660,False,717.6478559176672,694.861578044597
97,85,75,6004,1,6004,False,1491.460692871419,523.2421718854097
97,85,113,3044,1,3044,False,1638.0952693823915,520.092641261498
98,86,14,3824,1,3824,False,1894.44769874477,578.5376569037657
98,86,38,11700,1,11700,False,716.7523076923077,695.7478632478633
98,86,75,5928,1,5928,False,1493.6349527665318,522.4919028340081
98,86,113,2944,1,2944,False,1637.9619565217392,521.2798913043479
99,87,14,3804,1,3804,False,1893.7407991587802,578.2223974763407
99,87,38,11792,1,11792,False,716.3880597014926,696.3962008141112
99,87,75,5864,1,5864,False,1494.8983628922238,522.2394270122783
99,87,113,2944,1,2944,False,1638.2527173913043,521.3152173913044
100,88,14,3856,1,3856,False,1892.9813278008298,578.5788381742739
100,88,38,11764,1,11764,False,715.469738184291,696.5843250595036
100,88,75,5808,1,5808,False,1496.081267217631,521.2947658402204
100,88,113,2968,1,2968,False,1638.5404312668463,520.6617250673854
101,89,14,3804,1,3804,False,1891.5599369085173,577.4211356466877
101,89,38,10956,1,10956,False,717.1454910551296,702.5109529025192
101,89,75,5800,1,5800,False,1496.835172413793,520.8986206896552
101,89,113,3016,1,3016,False,1638.8368700265253,521.5318302387268
102,90,14,3796,1,3796,False,1890.2744994731297,576.7824025289779
102,90,38,10344,1,10344,False,717.793116782676,708.0050270688322
102,90,75,5728,1,5728,False,1498.5796089385474,520.8086592178771
102,90,113,3080,1,3080,False,1639.0974025974026,522.9467532467532
103,91,14,3808,1,3808,False,1889.5021008403362,576.6638655462185
103,91,38,9604,1,9604,False,717.3646397334444,707.1497292794669
103,91,75,5480,1,5480,False,1499.5788321167884,520.9802919708029
103,91,113,3012,1,3012,False,1639.5092961487385,522.2636122177955
104,92,14,3796,1,3796,False,1889.2291886195997,576.5526870389884
104,92,38,9404,3,9376,False,714.7339430029774,708.9142917907274
104,92,75,5472,1,5472,False,1500.0511695906432,519.8654970760234
104,92,113,2968,1,2968,False,1640.8045822102426,523.5404312668463
105,93,14,3812,1,3812,False,1888.371983210913,575.7318992654774
105,93,38,9372,1,9372,False,712.2430644472898,710.9575330772514
105,93,75,5248,1,5248,False,1501.2134146341464,518.314024390244
105,93,113,2960,1,2960,False,1641.7432432432433,524.918918918919
106,94,14,3768,1,3768,False,1888.17940552017,575.8694267515923
106,94,38,9788,1,9788,False,708.6413976297507,716.45913363302
106,94,75,4928,1,4928,False,1502.7873376623377,517.413961038961
106,94,113,3000,1,3000,False,1642.8706666666667,525.6653333333334
107,95,14,3748,1,3748,False,1887.8959445037353,575.0378868729989
107,95,38,9984,1,9984,False,706.2011217948718,725.2219551282051
107,95,75,4840,1,4840,False,1504.1330578512398,518.4735537190082
107,95,113,3004,1,3004,False,1643.8448735019974,526.6091877496671
108,96,14,3784,1,3784,False,1888.100422832981,575.4450317124736
108,96,38,9284,1,9284,False,704.6456268849633,734.1492890995261
108,96,75,4852,1,4852,False,1505.3672712283594,519.1298433635615
108,96,113,2964,1,2964,False,1645.1585695006747,526.5674763832659
109,97,14,3708,1,3708,False,1886.6316073354908,574.1612729234089
109,97,38,9220,2,8980,False,704.59284164859,734.5043383947939
109,97,75,4656,1,4656,False,1506.7474226804125,517.4896907216495
109,97,113,2980,1,2980,False,1645.9926174496645,527.0395973154363
110,98,14,3744,1,3744,False,1883.4636752136753,573.6901709401709
110,98,38,9272,2,9124,False,707.2739430543572,735.9693701466782
110,98,75,4432,1,4432,False,1507.5938628158844,514.1624548736462
110,98,113,2988,1,2988,False,1646.7570281124497,526.826639892905
111,99,14,3716,1,3716,False,1880.3019375672766,573.483853606028
111,99,38,10812,1,10812,False,714.2380688124306,752.0693673695894
111,99,75,4204,1,4204,False,1509.824452901998,513.6341579448144
111,99,113,2940,1,2940,False,1647.3870748299319,527.5040816326531
112,100,14,3680,1,3680,False,1877.0739130434783,572.6195652173913
112,100,38,11232,1,11232,False,719.7257834757835,755.8482905982906
112,100,75,3956,1,3956,False,1512.6617795753286,512.479777553084
112,100,113,2976,1,2976,False,1647.758064516129,528.1236559139785
113,101,14,3624,1,3624,False,1873.9128035320089,571.7958057395143
113,101,38,9692,1,9692,False,726.265579859678,756.944903012794
113,101,75,3880,1,3880,False,1515.221649484536,512.1329896907216
113,101,113,2956,1,2956,False,1648.0209742895804,528.5974289580514
114,102,14,3668,1,3668,False,1870.7115594329334,569.0212649945474
114,102,38,9852,1,9852,False,735.2470564352416,755.8788063337394
114,102,75,3768,1,3768,False,1517.9628450106156,510.1836518046709
114,102,113,2972,1,2972,False,1648.2388963660835,528.8903095558546
115,103,14,3568,1,3568,False,1867.8071748878924,567.2242152466367
115,103,38,10608,1,10608,False,744.8054298642534,754.0452488687782
115,103,75,3684,1,3684,False,1520.7953311617807,508.942996742671
115,103,113,2968,1,2968,False,1648.2358490566037,529.0040431266847
116,104,14,3608,1,3608,False,1865.790465631929,566.7283813747229
116,104,38,10132,1,10132,False,752.0909988156336,756.3468219502566
116,104,75,3776,1,3776,False,1524.3813559322034,509.15042372881356
116,104,113,2972,1,2972,False,1648.085464333782,529.2510094212652
117,105,14,3544,1,3544,False,1863.538374717833,567.6805869074492
117,105,38,10592,1,10592,False,759.3768882175226,760.476586102719
117,105,75,3952,1,3952,False,1528.2935222672065,510.86032388663966
117,105,113,3032,1,3032,False,1647.7374670184697,529.8324538258576
118,106,14,3648,1,3648,False,1860.6447368421052,567.9934210526316
118,106,38,11212,1,11212,False,765.5617195861577,764.6633963610417
118,106,75,4076,1,4076,False,1535.2831207065751,511.2988223748773
118,106,113,3040,1,3040,False,1647.8184210526315,529.7157894736843
119,107,14,3692,1,3692,False,1857.1608884073673,567.7416034669556
119,107,38,11660,1,11660,False,771.9518010291595,768.9960548885077
119,107,75,3956,1,3956,False,1539.7760364004043,511.55561172901923
119,107,113,3040,1,3040,False,1647.9473684210527,529.3921052631579
120,108,14,3648,1,3648,False,1853.4736842105262,567.3574561403509
120,108,38,11540,1,11540,False,780.0923743500866,771.44280762565
120,108,75,3976,1,3976,False,1543.2967806841045,512.7012072434608
120,108,113,3044,1,3044,False,1647.9296977660972,529.404073587385
121,109,14,3688,2,3668,False,1849.4154013015184,566.3373101952278
121,109,38,11120,2,11116,False,787.594964028777,775.4964028776978
121,109,75,3768,1,3768,False,1545.880042462845,512.9755838641189
121,109,113,3056,1,3056,False,1647.997382198953,529.4476439790576
122,110,14,3632,2,3584,False,1846.5264317180618,566.0484581497798
122,110,38,11292,1,11292,False,794.1833156216791,775.14116188452
122,110,75,3832,1,3832,False,1551.472860125261,514.9780793319416
122,110,113,3068,1,3068,False,1647.9341590612778,530.1870925684485
123,111,14,3916,2,3872,False,1842.105720122574,564.5960163432073
123,111,38,12168,1,12168,False,800.3744247205785,770.82741617357
123,111,75,3788,1,3788,False,1556.3479408658923,515.5369588173179
123,111,113,3068,1,3068,False,1648.1427640156453,530.0932203389831
124,112,14,3820,1,3820,False,1839.2204188481676,563.928272251309
124,112,38,12408,1,12408,False,807.7778852353321,770.7778852353321
124,112,75,3508,1,3508,False,1564.6641961231471,516.0279361459521
124,112,113,3068,1,3068,False,1648.2366362451107,529.9080834419817
125,113,14,3808,1,3808,False,1836.3340336134454,563.2289915966387
125,113,38,12524,1,12524,False,813.7558288086873,775.3610667518365
125,113,75,3612,1,3612,False,1568.5199335548173,518.8078626799557
125,113,113,3040,1,3040,False,1648.4368421052632,529.7236842105264
126,114,14,3748,2,3720,False,1834.2033084311634,562.6003201707578
126,114,38,13364,1,13364,False,822.2455851541455,781.9624363962886
126,114,75,3440,1,3440,False,1575.9674418604652,520.8558139534883
126,114,113,3040,1,3040,False,1648.278947368421,530.0131578947369
127,115,14,3848,1,3848,False,1832.597713097713,563.3503118503119
127,115,38,14272,2,14180,False,830.1900224215246,785.3167040358744
127,115,75,3292,1,3292,False,1584.4611178614823,523.8535844471446
127,115,113,3060,1,3060,False,1648.2150326797387,530.4241830065359
128,116,14,3856,1,3856,False,1830.896265560166,563.0746887966804
128,116,38,13904,1,13904,False,840.0575373993096,791.2508630609897
128,116,75,2904,1,2904,False,1588.965564738292,525.728650137741
128,116,113,3040,1,3040,False,1647.7157894736843,531.9184210526316
129,117,14,3844,1,3844,False,1828.7788761706556,563.5738813735692
129,117,38,12404,2,12348,False,853.8395678813285,802.10141889713
129,117,75,2352,1,2352,False,1595.1156462585034,529.3673469387755
129,117,113,3080,1,3080,False,1647.4922077922079,532.2428571428571
130,118,14,3816,1,3816,False,1826.7327044025158,563.5125786163522
130,118,38,11588,1,11588,False,866.1410079392475,812.0429754918881
130,118,75,1660,1,1660,False,1602.0036144578314,536.3987951807229
130,118,113,3284,1,3284,False,1648.2710109622412,532.9579780755176
131,119,14,3796,2,3716,False,1803.6717597471022,563.1554267650158
131,119,38,13300,1,13300,False,886.5908270676691,808.5577443609022
131,119,75,2300,5,1296,False,1563.5921739130436,554.2078260869565
131,119,113,3168,1,3168,False,1647.328282828283,531.6439393939394
132,120,14,3704,1,3704,False,1822.3185745140388,561.1652267818574
132,120,38,13780,1,13780,False,905.2494920174165,814.1162554426705
132,120,75,2292,3,2264,False,1642.0148342059338,561.3935427574171
132,120,113,2536,1,2536,False,1651.7933753943219,522.4810725552051
133,121,14,3824,2,3820,False,1820.0690376569037,560.7740585774059
133,121,38,14860,1,14860,False,925.4663526244952,828.9683714670256
133,121,75,2008,1,2008,False,1667.0219123505976,567.5677290836653
133,121,113,3420,1,3420,False,1649.2812865497076,529.9105263157895
134,122,14,3780,1,3780,False,1818.7772486772487,559.7359788359788
134,122,38,15844,1,15844,False,957.1897248169654,834.7544811916183
134,122,75,2240,1,2240,False,1673.9857142857143,572.6714285714286
134,122,113,3064,1,3064,False,1648.3433420365536,528.4268929503917
135,123,14,3796,1,3796,False,1817.2291886195997,559.022655426765
135,123,38,16732,1,16732,False,998.5889313889553,832.0935931149893
135,123,75,2472,1,2472,False,1682.7621359223301,574.8462783171522
135,123,113,2876,1,2876,False,1649.682197496523,526.1328233657858
136,124,14,3796,1,3796,False,1816.2892518440465,559.2797681770285
136,124,38,17288,1,17288,False,1038.2908375751967,834.1848681166127
136,124,75,2884,3,2800,False,1666.7024965325936,577.257281553398
136,124,113,3276,1,3276,False,1647.337606837607,530.7832722832723
137,125,14,3780,1,3780,False,1815.2619047619048,558.1761904761905
137,125,38,16952,1,16952,False,1079.3636149126946,835.4428975932043
137,125,75,2956,3,2672,False,1627.904600811908,578.5460081190798
137,125,113,2820,1,2820,False,1650.5028368794326,524.6617021276596
138,126,14,3572,1,3572,False,1814.53359462486,556.934490481523
138,126,38,16448,1,16448,False,1137.943579766537,828.5321011673152
138,126,75,2328,1,2328,False,1721.9020618556701,578.4415807560138
138,126,113,2968,1,2968,False,1648.5646900269542,528.3086253369272
139,127,14,3588,2,3532,False,1813.9983277591973,556.3149386845039
139,127,38,18344,1,18344,False,1175.4952027911033,829.3351504579153
139,127,75,2436,1,2436,False,1729.0320197044334,578.2110016420361
139,127,113,2724,1,2724,False,1649.5161527165933,525.348751835536
140,128,14,3480,2,3404,False,1791.9528735632184,554.7183908045977
140,128,38,18652,1,18652,False,1213.5992923010938,831.8137465151191
140,128,75,2588,1,2588,False,1733.402627511592,577.5695517774343
140,128,113,2440,1,2440,False,1650.044262295082,524.6409836065574
141,129,14,3640,2,3504,False,1775.6934065934065,553.8604395604395
141,129,38,18628,1,18628,False,1256.4153961777968,836.2217092548851
141,129,75,2712,1,2712,False,1736.688790560472,579.2256637168142
141,129,113,2892,1,2892,False,1649.5069156293223,526.17081604426
142,130,14,3492,1,3492,False,1811.0956471935854,553.2720504009163
142,130,38,19188,1,19188,False,1299.29341254951,834.0322076297685
142,130,75,2904,1,2904,False,1740.1969696969697,580.8884297520661
142,130,113,2648,1,2648,False,1650.0921450151056,524.1858006042296
143,131,14,3788,2,3756,False,1800.81045406547,554.4366420274552
143,131,38,19928,1,19928,False,1335.907065435568,825.1415094339623
143,131,75,2976,1,2976,False,1744.3924731182797,582.9301075268817
143,131,113,2800,1,2800,False,1649.577142857143,525.9542857142857
144,132,14,3396,1,3396,False,1807.3386336866902,551.0795053003534
144,132,38,17688,1,17688,False,1363.29421076436,822.8523292627771
144,132,75,3292,1,3292,False,1748.3298906439854,585.2509113001215
144,132,113,2704,1,2704,False,1649.8402366863904,525.0207100591716
145,133,14,3624,1,3624,False,1806.51766004415,554.0584988962472
145,133,38,17340,1,17340,False,1399.452249134948,818.8755478662054
145,133,75,3256,2,3212,False,1738.7653562653563,586.2493857493857
145,133,113,2952,1,2952,False,1648.5352303523034,527.5948509485095
146,134,14,3616,1,3616,False,1805.3849557522124,553.7433628318585
146,134,38,18076,2,18072,False,1427.6555653905732,817.3824961274619
146,134,75,2940,1,2940,False,1754.3503401360545,587.0850340136054
146,134,113,2848,1,2848,False,1648.9831460674156,526.9185393258427
147,135,14,3684,1,3684,False,1804.3957654723126,553.8485342019544
147,135,38,16600,1,16600,False,1449.0156626506025,811.201686746988
147,135,75,2648,1,2648,False,1757.7628398791542,588.4456193353475
147,135,113,2068,1,2068,False,1650.0860735009671,524.9139264990329
148,136,14,3696,1,3696,False,1803.2272727272727,553.9761904761905
148,136,38,17172,2,17148,False,1460.9029815979502,804.2433030514792
148,136,75,2348,1,2348,False,1761.2734241908006,590.4829642248723
148,136,113,2724,1,2724,False,1650.0741556534508,525.0991189427313
149,137,14,3544,1,3544,False,1802.6986455981942,552.7957110609481
149,137,38,15164,2,15160,False,1475.5509100501188,802.2040358744395
149,137,75,2784,1,2784,False,1771.5747126436781,595.6954022988506
149,137,113,2788,1,2788,False,1649.4670014347203,525.5272596843615
150,138,14,4260,1,4260,False,1800.813615023474,560.5131455399061
150,138,38,16204,4,16120,False,1481.536781041718,808.3148605282646
150,138,75,1600,1,1600,False,1766.205,594.675
150,138,113,2724,1,2724,False,1649.5249632892805,525.1784140969163
151,139,14,4316,1,4316,False,1799.6195551436515,560.3387395736793
151,139,38,15572,1,15572,False,1489.1781402517338,807.905086051888
151,139,75,1304,1,1304,False,1767.6165644171779,594.8374233128834
151,139,113,2548,1,2548,False,1649.598901098901,523.8029827315542
152,140,14,4320,2,4316,False,1797.8333333333333,559.0777777777779
152,140,38,15720,2,15672,False,1491.9992366412214,810.2241730279899
152,140,75,1172,1,1172,False,1769.2713310580205,595.6467576791808
152,140,113,2336,1,2336,False,1650.4109589041095,523.7089041095891
153,141,14,4328,2,4320,False,1796.1783733826248,559.2800369685766
153,141,38,15056,2,14924,False,1493.2959617428269,810.8995749202976
153,141,75,1124,1,1124,False,1769.6387900355871,596.4857651245552
153,141,113,2432,1,2432,False,1649.8157894736842,524.3782894736842
154,142,14,4484,1,4484,False,1796.8907225691346,559.0013380909902
154,142,38,14420,1,14420,False,1501.8065187239945,815.0686546463246
154,142,75,992,1,992,False,1769.983870967742,598.5967741935484
154,142,113,3496,1,3496,False,1650.5846681922196,531.0560640732266
155,143,14,4364,1,4364,False,1796.2158570119157,558.525664527956
155,143,38,14628,1,14628,False,1500.5415641235986,815.0638501503965
155,143,75,868,1,868,False,1770.610599078341,600.13133640553
155,143,113,3452,1,3452,False,1651.1419466975667,530.662224797219
156,144,14,4392,1,4392,False,1795.667577413479,558.6584699453551
156,144,38,15252,1,15252,False,1495.7378704432206,813.201285077367
156,144,75,872,1,872,False,1770.0871559633028,599.3807339449542
156,144,113,3388,1,3388,False,1651.5979929161747,530.5519480519481
157,145,14,4496,1,4496,False,1795.5124555160141,559.2935943060498
157,145,38,14984,1,14984,False,1493.3093966898025,817.9057661505606
157,145,75,920,1,920,False,1768.5434782608695,599.3086956521739
157,145,113,3348,1,3348,False,1651.4486260454003,530.7700119474313
158,146,14,4560,1,4560,False,1795.0754385964913,559.5456140350877
158,146,38,15452,1,15452,False,1488.8629303650014,822.7334972819052
158,146,75,1012,1,1012,False,1766.1758893280632,598.3735177865613
158,146,113,3272,1,3272,False,1651.1479217603912,531.7322738386308
159,147,14,4668,1,4668,False,1794.4074550128535,560.3731790916881
159,147,38,16096,1,16096,False,1483.3121272365804,827.4632206759443
159,147,75,1484,1,1484,False,1757.4703504043127,595.8854447439353
159,147,113,3292,1,3292,False,1651.260631834751,531.5157958687728
160,148,14,4704,1,4704,False,1794.251700680272,560.7057823129252
160,148,38,17116,1,17116,False,1475.962958635195,833.3866557606917
160,148,75,1992,1,1992,False,1753.8734939759036,593.1425702811244
160,148,113,3288,1,3288,False,1651.390510948905,531.3807785888077
161,149,14,4776,1,4776,False,1794.176716917923,560.927135678392
161,149,38,17264,1,17264,False,1463.5852641334568,843.0166821130676
161,149,75,2132,1,2132,False,1754.7101313320825,591.5544090056285
161,149,113,3264,1,3264,False,1651.703431372549,531.3088235294117
162,150,14,4972,1,4972,False,1794.7204344328238,562.2843925985519
162,150,38,16968,1,16968,False,1447.2109853842528,848.558462989156
162,150,75,2132,1,2132,False,1755.1003752345216,586.1697936210131
162,150,113,3132,1,3132,False,1650.8856960408684,531.0261813537676
163,151,14,3656,1,3656,False,1794.644420131291,550.3424507658643
163,151,38,19260,1,19260,False,1431.3,848.0023883696781
163,151,75,4240,2,3724,False,1659.533962264151,590.6867924528302
163,151,113,3404,1,3404,False,1651.9195064629848,531.9289071680377
164,152,14,3740,1,3740,False,1795.42192513369,552.8101604278074
164,152,38,21500,1,21500,False,1418.1193488372094,845.1567441860465
164,152,75,3644,2,3224,False,1666.128979143798,590.7634467618002
164,152,113,3404,1,3404,False,1651.9077555816687,532.0769682726204
165,153,14,2916,1,2916,False,1793.934842249657,546.6234567901234
165,153,38,21176,2,20844,False,1397.9737438609748,851.8876086135248
165,153,75,3792,5,3556,False,1742.3122362869199,589.789029535865
165,153,113,3420,1,3420,False,1651.8777777777777,531.9900584795322
166,154,14,3708,1,3708,False,1793.255124056095,551.0393743257821
166,154,38,21832,1,21832,False,1392.1353975815316,862.3666178087211
166,154,75,3452,2,2992,False,1657.4826187717265,592.9750869061413
166,154,113,3356,1,3356,False,1652.089988081049,531.5631704410011
167,155,14,2880,1,2880,False,1794.775,548.2916666666666
167,155,38,22076,1,22076,False,1372.1521108896538,864.7551186809204
167,155,75,3408,5,3024,False,1689.0680751173709,587.6197183098591
167,155,113,3384,1,3384,False,1652.1903073286053,531.7624113475177
168,156,14,3644,1,3644,False,1794.8205268935235,554.0587266739847
168,156,38,20480,1,20480,False,1345.3703125,874.31796875
168,156,75,2052,1,2052,False,1781.4278752436646,593.817738791423
168,156,113,3368,1,3368,False,1652.2814726840854,531.8444180522565
169,157,14,3888,1,3888,False,1795.1625514403293,553.3086419753087
169,157,38,21196,1,21196,False,1316.6864502736366,874.93857331572
169,157,75,2408,2,2084,False,1657.0016611295682,594.0448504983389
169,157,113,3292,1,3292,False,1652.2083839611178,531.5449574726609
170,158,14,2580,2,2556,False,1795.703100775194,550.2364341085271
170,158,38,24180,1,24180,False,1286.0348221670802,859.5898263027295
170,158,75,3192,8,2772,False,1743.7731829573934,585.4749373433584
170,158,113,3132,1,3132,False,1652.3492975734355,530.9674329501916
171,159,14,3156,2,3124,False,1794.6647655259821,550.3960709759189
171,159,38,24804,1,24804,False,1263.724318658281,855.5711175616836
171,159,75,3080,6,2868,False,1753.925974025974,594.8974025974026
171,159,113,3348,1,3348,False,1652.2275985663082,531.484468339307
172,160,14,3520,1,3520,False,1793.3681818181817,549.4
172,160,38,25372,1,25372,False,1243.6701087813337,857.7240264858899
172,160,75,2892,4,2764,False,1749.0145228215767,598.9757952973721
172,160,113,3256,1,3256,False,1652.490171990172,530.9152334152334
173,161,14,3756,2,3500,False,1795.590521831736,552.6277955271565
173,161,38,26632,1,26632,False,1228.8118053469511,862.7006608591169
173,161,75,3184,6,2920,False,1715.8718592964824,594.394472361809
173,161,113,3232,1,3232,False,1652.3737623762377,531.1584158415842
174,162,14,3864,3,3604,False,1730.2991718426501,550.2184265010352
174,162,38,28296,1,28296,False,1207.4912355103195,868.282866836302
174,162,75,2752,7,2620,False,1757.406976744186,598.8546511627908
174,162,113,3184,1,3184,False,1652.4748743718592,530.5904522613065
175,163,14,2948,1,2948,False,1793.645183175034,547.8134328358209
175,163,38,25136,1,25136,False,1183.3532781667727,879.7670273711012
175,163,75,3804,5,3320,False,1714.8953732912723,590.9647739221872
175,163,113,3184,1,3184,False,1652.2587939698492,530.5025125628141
176,164,14,3344,1,3344,False,1794.1937799043062,550.834928229665
176,164,38,27064,1,27064,False,1155.5647354419154,876.671149866982
176,164,75,3136,6,2820,False,1708.3494897959183,593.4489795918367
176,164,113,3148,1,3148,False,1652.0705209656926,530.4415501905972
177,165,14,3740,1,3740,False,1795.6743315508022,553.5866310160428
177,165,38,28536,1,28536,False,1133.5022427810486,871.7887580599944
177,165,75,2640,4,2620,False,1776.7878787878788,594.0848484848485
177,165,113,3072,1,3072,False,1651.9192708333333,529.9765625
178,166,14,4172,1,4172,False,1794.5441035474591,554.787631831256
178,166,38,29328,1,29328,False,1116.3177850518275,863.1170212765958
178,166,75,2352,2,2344,False,1772.357142857143,596.4965986394558
178,166,113,3068,1,3068,False,1651.7803129074316,529.8272490221643
179,167,14,4148,1,4148,False,1793.9676952748312,553.6263259402122
179,167,38,29092,1,29092,False,1102.7488656675375,862.8368623676612
179,167,75,2376,1,2376,False,1776.3148148148148,597.2205387205387
179,167,113,3096,1,3096,False,1651.4896640826873,530.2209302325581
180,168,14,3612,2,3604,False,1794.5863787375415,551.2552602436324
180,168,38,28464,1,28464,False,1090.4463181562676,863.2492973580663
180,168,75,2648,2,2576,False,1755.3368580060423,593.9712990936556
180,168,113,3064,1,3064,False,1651.6227154046996,529.6853785900784
181,169,14,3536,1,3536,False,1795.212669683258,550.6493212669683
181,169,38,28184,1,28184,False,1079.6416406471758,862.1977008231621
181,169,75,2972,1,2972,False,1777.0598923283983,591.528263795424
181,169,113,3076,1,3076,False,1651.795188556567,529.5975292587776
182,170,14,4496,1,4496,False,1792.2989323843417,554.0498220640569
182,170,38,27300,1,27300,False,1068.7162637362637,862.1829304029304
182,170,75,1976,2,1968,False,1775.9372469635628,595.3663967611336
182,170,113,3104,1,3104,False,1651.798969072165,529.430412371134
183,171,14,4128,1,4128,False,1794.639534883721,553.3042635658915
183,171,38,26956,1,26956,False,1055.7687342335657,857.8393678587328
183,171,75,2556,1,2556,False,1772.8787167449138,589.6674491392802
183,171,113,3132,1,3132,False,1651.6085568326948,529.5830140485313
184,172,14,3780,1,3780,False,1795.6089947089947,552.1571428571428
184,172,38,25676,1,25676,False,1041.9304408786415,852.7109362829101
184,172,75,2952,1,2952,False,1772.39972899729,588.6192411924119
184,172,113,3136,1,3136,False,1651.5484693877552,529.6683673469388
185,173,14,4000,1,4000,False,1795.038,553.282
185,173,38,25524,1,25524,False,1028.3564488324714,838.9961604764144
185,173,75,2604,1,2604,False,1771.8978494623657,590.2511520737327
185,173,113,3132,1,3132,False,1651.557471264368,529.3097062579822
186,174,14,4004,2,4000,False,1795.3311688311687,553.9425574425575
186,174,38,25436,1,25436,False,1018.9145305865702,830.720160402579
186,174,75,2616,1,2616,False,1770.6529051987768,589.4755351681957
186,174,113,3140,1,3140,False,1651.503821656051,529.3382165605095
187,175,14,4172,1,4172,False,1794.5556088207095,554.3772770853308
187,175,38,23868,1,23868,False,1005.6396011396012,822.627032009385
187,175,75,2556,2,2544,False,1764.972613458529,591.276212832551
187,175,113,3116,1,3116,False,1651.4961489088575,528.7028241335045
188,176,14,4080,1,4080,False,1795.1627450980393,554.2450980392157
188,176,38,24308,1,24308,False,998.150156327135,822.0214744117163
188,176,75,2632,2,2624,False,1765.0197568389058,589.5425531914894
188,176,113,3108,1,3108,False,1651.488416988417,528.1936936936937
189,177,14,4288,1,4288,False,1795.7313432835822,557.2723880597015
189,177,38,23548,1,23548,False,989.8541702055376,820.5886699507389
189,177,75,2592,2,2584,False,1762.2222222222222,587.3302469135803
189,177,113,3164,1,3164,False,1651.248419721871,528.917193426043
190,178,14,4240,1,4240,False,1795.101886792453,557.2622641509435
190,178,38,22452,1,22452,False,978.0435595938001,816.8135578122216
190,178,75,2828,2,2788,False,1748.6810466760962,586.0700141442716
190,178,113,3148,1,3148,False,1650.7058449809404,528.8303684879288
191,179,14,4544,1,4544,False,1789.6954225352113,556.6144366197183
191,179,38,21172,1,21172,False,967.8334592858492,810.9504061968638
191,179,75,2156,1,2156,False,1757.4499072356216,589.9619666048237
191,179,113,3192,1,3192,False,1650.344611528822,530.718045112782
192,180,14,4232,1,4232,False,1792.0028355387524,555.5453686200378
192,180,38,21176,1,21176,False,957.1845485455233,798.2064601435587
192,180,75,2656,1,2656,False,1753.105421686747,586.683734939759
192,180,113,3196,1,3196,False,1649.9643304130163,530.9055068836045
193,181,14,4280,2,4264,False,1791.3392523364487,555.1934579439252
193,181,38,21212,1,21212,False,949.0408259475769,787.1679238167076
193,181,75,2640,1,2640,False,1750.4515151515152,585.6636363636363
193,181,113,3212,1,3212,False,1649.8374844333748,530.9881693648817
194,182,14,4268,1,4268,False,1791.4109653233365,555.9751640112465
194,182,38,20032,1,20032,False,941.5794728434505,783.3861821086261
194,182,75,2716,1,2716,False,1748.4941089837996,585.5839469808542
194,182,113,3208,1,3208,False,1649.4476309226932,530.6496259351621
195,183,14,3788,2,3712,False,1793.5707497360083,553.0427666314679
195,183,38,19124,1,19124,False,933.8398870529178,779.3366450533362
195,183,75,2592,1,2592,False,1747.030864197531,586.5956790123457
195,183,113,3260,1,3260,False,1649.614110429448,530.2128834355829
196,184,14,3828,4,3712,False,1793.3422152560083,553.4174503657263
196,184,38,18340,1,18340,False,925.6685932388223,776.571973827699
196,184,75,2536,1,2536,False,1746.0331230283912,586.2634069400631
196,184,113,3284,1,3284,False,1649.467113276492,529.5840438489647
197,185,14,3792,2,3700,False,1793.5232067510549,553.3881856540083
197,185,38,17584,1,17584,False,913.318016378526,771.2893539581438
197,185,75,2432,1,2432,False,1745.9901315789473,586.6743421052631
197,185,113,3268,1,3268,False,1649.5134638922889,528.624847001224
198,186,14,3756,2,3680,False,1793.3519701810437,553.1538871139511
198,186,38,16448,1,16448,False,901.4936770428016,761.4790856031128
198,186,75,2392,1,2392,False,1745.8210702341137,587.8478260869565
198,186,113,3292,1,3292,False,1649.5668286755772,527.6032806804375
199,187,14,3752,3,3672,False,1793.2334754797441,553.1609808102345
199,187,38,15924,1,15924,False,889.8489073097212,747.8468977643809
199,187,75,2344,1,2344,False,1745.7252559726962,588.5102389078498
199,187,113,3260,1,3260,False,1649.4300613496932,527.1944785276073
200,188,14,3756,2,3684,False,1793.1602768903088,553.2050053248137
200,188,38,15672,1,15672,False,881.4019908116386,745.4698825931598
200,188,75,2284,1,2284,False,1745.3686514886165,588.6050788091069
200,188,113,3252,1,3252,False,1649.3290282902828,527.2872078720787
201,189,14,3728,2,3668,False,1793.3390557939915,553.1115879828326
201,189,38,15200,1,15200,False,872.0431578947369,742.5205263157894
201,189,75,2152,1,2152,False,1744.689591078067,588.9200743494424
201,189,113,3216,1,3216,False,1649.176616915423,527.0845771144278
202,190,14,3708,2,3664,False,1793.324163969795,552.5431499460626
202,190,38,14952,1,14952,False,862.6530230069556,740.556179775281
202,190,75,2096,1,2096,False,1744.2748091603053,589.0610687022901
202,190,113,3248,1,3248,False,1649.1477832512314,526.884236453202
203,191,14,3720,3,3644,False,1793.2376344086022,552.6870967741935
203,191,38,14732,1,14732,False,853.0886505566115,738.7856367092045
203,191,75,2060,1,2060,False,1743.3815533980583,589.7776699029126
203,191,113,3280,1,3280,False,1649.1024390243902,526.8756097560976
204,192,14,3716,3,3616,False,1793.126480086114,553.262109795479
204,192,38,14772,1,14772,False,844.0185486054698,730.0607906850798
204,192,75,2040,1,2040,False,1741.9823529411765,590.2647058823529
204,192,113,3272,1,3272,False,1649.0696821515892,526.9889975550122
205,193,14,3736,2,3660,False,1792.9496788008564,553.6648822269807
205,193,38,14720,1,14720,False,837.2423913043478,719.8858695652174
205,193,75,2004,1,2004,False,1740.3323353293413,590.8033932135728
205,193,113,3276,1,3276,False,1649.0494505494505,526.8443223443223
206,194,14,3752,2,3676,False,1792.7622601279318,553.5127931769722
206,194,38,14088,1,14088,False,831.3109028960818,715.3818852924475
206,194,75,1888,1,1888,False,1739.5296610169491,591.2754237288135
206,194,113,3272,1,3272,False,1648.820293398533,526.9474327628362
207,195,14,3780,2,3692,False,1792.5338624338624,553.7910052910053
207,195,38,13700,1,13700,False,827.2567883211678,713.027299270073
207,195,75,1840,1,1840,False,1738.0739130434783,591.5130434782609
207,195,113,3272,1,3272,False,1648.8838630806847,526.9180929095354
208,196,14,3884,3,3704,False,1792.2219361483008,555.3877445932029
208,196,38,13488,1,13488,False,824.5521945432978,711.8315539739027
208,196,75,1788,1,1788,False,1737.1085011185683,592.2941834451901
208,196,113,3296,1,3296,False,1648.8228155339805,527.2014563106796
209,197,14,3960,1,3960,False,1794.110101010101,550.9121212121212
209,197,38,12312,1,12312,False,822.0022742040286,711.7157244964262
209,197,75,1808,1,1808,False,1732.712389380531,589.2477876106195
209,197,113,2852,1,2852,False,1645.3639551192146,520.819775596073
210,198,14,3784,1,3784,False,1794.3731501057082,553.2737843551797
210,198,38,12520,1,12520,False,818.5600638977636,704.5773162939297
210,198,75,1684,1,1684,False,1731.4928741092638,586.9608076009501
210,198,113,2664,1,2664,False,1644.304804804805,522.2567567567568
211,199,14,3832,1,3832,False,1793.0448851774531,552.0365344467641
211,199,38,12704,1,12704,False,813.705289672544,695.4426952141058
211,199,75,1832,1,1832,False,1731.3689956331878,587.2729257641921
211,199,113,2688,1,2688,False,1645.0982142857142,520.952380952381
212,200,14,3832,1,3832,False,1793.0302713987473,552.0010438413361
212,200,38,12672,1,12672,False,808.2872474747475,689.5612373737374
212,200,75,1832,1,1832,False,1730.9847161572052,587.1331877729258
212,200,113,2672,1,2672,False,1644.9610778443114,521.1586826347306
213,201,14,3828,1,3828,False,1792.9994775339603,552.0632183908046
213,201,38,12416,1,12416,False,803.6275773195877,689.333118556701
213,201,75,1836,1,1836,False,1730.8703703703704,587.0795206971677
213,201,113,2664,1,2664,False,1644.9534534534534,520.9894894894895
214,202,14,3808,1,3808,False,1792.8403361344538,551.9222689075631
214,202,38,12408,1,12408,False,798.506447453256,689.6656995486783
214,202,75,1832,1,1832,False,1730.2467248908297,587.0414847161572
214,202,113,2684,1,2684,False,1645.0126676602085,520.4493293591654
215,203,14,3800,1,3800,False,1792.7673684210527,551.9610526315789
215,203,38,12300,1,12300,False,792.9403252032521,690.630081300813
215,203,75,1836,1,1836,False,1729.8289760348584,587.0751633986928
215,203,113,2688,1,2688,False,1645.0238095238096,520.3720238095239
216,204,14,3808,1,3808,False,1792.7310924369747,551.8193277310925
216,204,38,12160,1,12160,False,784.9328947368421,690.1690789473685
216,204,75,1876,1,1876,False,1729.6130063965884,587.8304904051173
216,204,113,2700,1,2700,False,1645.0096296296297,520.097037037037
217,205,14,3800,1,3800,False,1792.5905263157895,551.8052631578947
217,205,38,11864,1,11864,False,774.9929197572488,686.9045853000674
217,205,75,1836,1,1836,False,1728.8616557734206,588.3649237472766
217,205,113,2704,1,2704,False,1645.0,520.0591715976332
218,206,14,3792,1,3792,False,1792.2067510548522,551.584388185654
218,206,38,11804,1,11804,False,767.6528295493054,681.4332429684853
218,206,75,1944,1,1944,False,1727.1090534979423,587.5411522633744
218,206,113,2700,1,2700,False,1645.0096296296297,520.1237037037037
219,207,14,3796,1,3796,False,1792.1691253951528,551.722339304531
219,207,38,11836,1,11836,False,762.6250422440014,675.7145995268672
219,207,75,2028,1,2028,False,1725.2061143984222,586.776134122288
219,207,113,2696,1,2696,False,1645.0103857566767,520.0608308605341
220,208,14,3800,1,3800,False,1792.0873684210526,551.6473684210526
220,208,38,11568,1,11568,False,758.7890733056709,673.3035961272476
220,208,75,2040,1,2040,False,1724.7470588235294,587.2450980392157
220,208,113,2716,1,2716,False,1644.89764359352,520.1848306332843
221,209,14,3780,1,3780,False,1792.2862433862433,551.9497354497355
221,209,38,11560,2,11540,False,755.3179930795848,671.7020761245674
221,209,75,2084,1,2084,False,1724.799424184261,587.7399232245681
221,209,113,2756,1,2756,False,1644.778664731495,520.5348330914369
222,210,14,3772,1,3772,False,1792.3409331919406,552.1627783669142
222,210,38,11332,1,11332,False,752.7139075185316,671.1727850335334
222,210,75,2040,1,2040,False,1723.856862745098,587.5470588235294
222,210,113,2748,1,2748,False,1644.811499272198,520.5815138282387
223,211,14,3804,1,3804,False,1792.3611987381703,551.965825446898
223,211,38,11080,1,11080,False,750.6292418772563,671.1714801444043
223,211,75,1984,1,1984,False,1722.4475806451612,587.0362903225806
223,211,113,2756,1,2756,False,1644.7699564586358,520.6567489114659
224,212,14,3816,1,3816,False,1792.2861635220127,551.7557651991614
224,212,38,10944,1,10944,False,747.6140350877193,669.7002923976609
224,212,75,1904,1,1904,False,1720.8319327731092,586.6134453781513
224,212,113,2760,1,2760,False,1644.8420289855073,520.4652173913043
225,213,14,3796,1,3796,False,1792.3061116965227,551.8171759747103
225,213,38,10576,1,10576,False,745.483358547655,667.7178517397882
225,213,75,1896,1,1896,False,1719.3523206751054,587.0274261603375
225,213,113,2768,1,2768,False,1644.8150289017342,520.6184971098265
226,214,14,3808,1,3808,False,1792.2626050420167,551.7289915966387
226,214,38,10460,2,10444,False,743.9783938814531,667.2258126195029
226,214,75,1872,1,1872,False,1717.58547008547,587.2094017094017
226,214,113,2800,1,2800,False,1644.7257142857143,521.2657142857142
227,215,14,3784,1,3784,False,1792.1490486257928,551.7706131078224
227,215,38,10416,2,10404,False,742.562980030722,666.7672811059908
227,215,75,1884,1,1884,False,1716.5297239915074,587.4171974522293
227,215,113,2804,1,2804,False,1644.7482168330955,521.3502139800286
228,216,14,3780,1,3780,False,1792.0386243386242,551.6132275132275
228,216,38,10272,1,10272,False,741.0093457943925,666.5428348909658
228,216,75,1808,1,1808,False,1714.0309734513273,586.5176991150443
228,216,113,2784,1,2784,False,1644.787356321839,521.028735632184
229,217,14,3784,1,3784,False,1792.1088794926004,551.6289640591966
229,217,38,10200,1,10200,False,739.101568627451,665.2239215686275
229,217,75,1940,1,1940,False,1711.1556701030927,582.998969072165
229,217,113,2760,1,2760,False,1644.786956521739,521.6130434782609
230,218,14,3788,1,3788,False,1792.0776135163674,551.6235480464625
230,218,38,10096,2,10072,False,737.9532488114105,664.0554675118859
230,218,75,2004,1,2004,False,1709.3303393213573,579.3303393213573
230,218,113,2768,1,2768,False,1644.6445086705203,521.7861271676301
231,219,14,3792,1,3792,False,1792.1286919831223,551.57805907173
231,219,38,10124,2,10020,False,737.1787830896877,663.8630975898855
231,219,75,2096,1,2096,False,1709.2251908396947,578.7938931297709
231,219,113,2868,1,2868,False,1644.5557880055787,522.1373779637378
232,220,14,3800,1,3800,False,1792.1505263157894,551.5231578947369
232,220,38,10220,1,10220,False,737.1160469667319,663.5019569471624
232,220,75,2068,1,2068,False,1708.7862669245649,578.6818181818181
232,220,113,2892,1,2892,False,1644.466804979253,522.5525587828492
233,221,14,3800,1,3800,False,1792.358947368421,551.5147368421052
233,221,38,10264,1,10264,False,736.3737334372564,663.5810600155885
233,221,75,2096,1,2096,False,1708.0610687022902,578.1297709923664
233,221,113,2900,1,2900,False,1644.5413793103448,522.7427586206896
234,222,14,3776,1,3776,False,1792.6313559322034,551.6122881355932
234,222,38,10248,1,10248,False,735.10031225605,663.6811085089773
234,222,75,2076,1,2076,False,1708.184007707129,578.5462427745665
234,222,113,2900,1,2900,False,1644.5855172413794,522.6379310344828
235,223,14,3748,1,3748,False,1792.491462113127,551.6440768409818
235,223,38,10320,1,10320,False,734.0868217054264,664.3186046511628
235,223,75,2068,1,2068,False,1706.9835589941972,578.2059961315281
235,223,113,2896,1,2896,False,1644.5911602209944,522.560773480663
236,224,14,3720,1,3720,False,1792.6118279569891,552.3193548387097
236,224,38,10224,1,10224,False,732.9170579029734,666.5485133020344
236,224,75,2076,1,2076,False,1707.0934489402698,578.8468208092486
236,224,113,2904,1,2904,False,1644.6019283746557,522.8498622589532
237,225,14,3696,1,3696,False,1792.4632034632034,551.91341991342
237,225,38,9756,1,9756,False,732.4737597375973,669.5389503895038
237,225,75,2068,1,2068,False,1706.360735009671,579.1963249516441
237,225,113,2884,1,2884,False,1644.7108183079056,522.5748959778086
238,226,14,3700,1,3700,False,1792.4718918918918,551.8708108108108
238,226,38,9600,1,9600,False,731.4858333333333,669.9108333333334
238,226,75,2040,1,2040,False,1705.1274509803923,578.8137254901961
238,226,113,2904,1,2904,False,1644.6570247933885,522.7865013774104
239,227,14,3700,1,3700,False,1792.4091891891892,551.7735135135135
239,227,38,9520,1,9520,False,728.6672268907563,668.0697478991597
239,227,75,2040,1,2040,False,1703.7235294117647,578.6411764705882
239,227,113,2872,1,2872,False,1644.817548746518,522.3105849582173
240,228,14,3716,1,3716,False,1792.3880516684608,551.5785791173305
240,228,38,9308,1,9308,False,725.6723248818221,668.8979372582725
240,228,75,2072,1,2072,False,1701.6505791505792,578.530888030888
240,228,113,2872,1,2872,False,1644.817548746518,522.3105849582173
241,229,14,3768,1,3768,False,1791.9968152866243,551.1390658174098
241,229,38,9472,1,9472,False,722.487331081081,670.5447635135135
241,229,75,1944,1,1944,False,1700.8909465020577,580.4794238683128
241,229,113,2868,1,2868,False,1644.92119944212,522.2322175732218
242,230,14,3768,1,3768,False,1791.9861995753715,551.468152866242
242,230,38,9500,1,9500,False,718.5597894736842,672.0823157894737
242,230,75,1940,1,1940,False,1700.3350515463917,581.0402061855671
242,230,113,2876,1,2876,False,1644.9867872044506,522.2273991655077
243,231,14,3792,1,3792,False,1791.7130801687763,551.3016877637131
243,231,38,9692,2,9680,False,714.3836153528683,675.7728023111845
243,231,75,2032,1,2032,False,1700.4330708661416,581.3818897637796
243,231,113,2868,1,2868,False,1645.010460251046,522.0648535564853
244,232,14,3752,1,3752,False,1791.589552238806,551.1673773987206
244,232,38,9728,1,9728,False,707.8059210526316,681.3486842105264
244,232,75,1992,1,1992,False,1698.7811244979919,581.0220883534137
244,232,113,2884,1,2884,False,1645.1074895977808,521.7787794729543
245,233,14,3660,1,3660,False,1791.2147540983606,551.1579234972678
245,233,38,9156,2,9112,False,697.2706422018349,685.5266491917868
245,233,75,1996,1,1996,False,1696.6803607214429,580.8006012024048
245,233,113,2892,1,2892,False,1644.9647302904564,521.5788381742739
246,234,14,3672,1,3672,False,1790.4760348583877,551.5348583877995
246,234,38,9376,1,9376,False,689.7619453924915,689.2696245733788
246,234,75,2028,1,2028,False,1694.673570019724,580.4329388560158
246,234,113,2900,1,2900,False,1645.1510344827586,521.2613793103449
247,235,14,3592,1,3592,False,1789.5623608017818,551.7138084632517
247,235,38,9876,1,9876,False,681.6859052247873,686.5016200891049
247,235,75,2024,1,2024,False,1691.9822134387352,579.8833992094861
247,235,113,2880,1,2880,False,1645.3444444444444,521.075
248,236,14,3520,1,3520,False,1788.7227272727273,551.6363636363636
248,236,38,9796,1,9796,False,676.8299305839118,689.103511637403
248,236,75,2076,1,2076,False,1689.9682080924856,579.2013487475915
248,236,113,2876,1,2876,False,1645.5570236439498,521.0813630041724
249,237,14,3504,1,3504,False,1786.7648401826484,550.6826484018264
249,237,38,10408,2,10368,False,675.6837048424288,693.1456571867794
249,237,75,2176,1,2176,False,1686.7941176470588,578.7830882352941
249,237,113,2868,1,2868,False,1645.6771269177127,520.8096234309623
250,238,14,3444,1,3444,False,1784.1631823461091,550.2189314750291
250,238,38,11120,1,11120,False,674.2726618705036,697.9244604316547
250,238,75,2132,1,2132,False,1684.361163227017,578.4362101313321
250,238,113,2972,2,2968,False,1645.813593539704,522.4515477792733
251,239,14,3400,1,3400,False,1780.9282352941177,549.6882352941177
251,239,38,11680,1,11680,False,671.554794520548,702.5184931506849
251,239,75,2124,1,2124,False,1682.258945386064,577.5809792843692
251,239,113,3104,1,3104,False,1645.8762886597938,524.7319587628866
252,240,14,3448,1,3448,False,1776.2308584686775,549.2888631090487
252,240,38,12236,1,12236,False,669.4512912716574,707.0877737822818
252,240,75,2104,1,2104,False,1682.3669201520913,578.1653992395437
252,240,113,3096,1,3096,False,1645.9754521963823,524.5878552971576
253,241,14,3548,1,3548,False,1769.0930101465615,545.999436302142
253,241,38,12256,1,12256,False,665.9771540469974,708.871409921671
253,241,75,2080,1,2080,False,1681.0615384615385,578.1884615384615
253,241,113,3036,1,3036,False,1645.770092226614,523.49604743083
254,242,14,3356,1,3356,False,1762.8861740166865,545.0315852205006
254,242,38,12276,2,12268,False,663.4755620723362,710.3090583251874
254,242,75,1952,1,1952,False,1677.049180327869,576.8975409836065
254,242,113,2944,1,2944,False,1645.5380434782608,522.0679347826087
255,243,14,3292,1,3292,False,1756.8353584447145,542.1500607533414
255,243,38,12240,2,12224,False,661.9790849673202,710.648366013072
255,243,75,1792,1,1792,False,1673.482142857143,576.7723214285714
255,243,113,2888,1,2888,False,1645.4196675900278,521.6218836565097
256,244,14,3244,1,3244,False,1751.7552404438964,539.9081381011098
256,244,38,12144,2,12120,False,661.4756258234519,710.3761528326746
256,244,75,1468,1,1468,False,1670.1185286103541,576.5817438692098
256,244,113,2912,1,2912,False,1645.4395604395604,521.782967032967
257,245,14,3280,1,3280,False,1747.0243902439024,539.4780487804878
257,245,38,12000,2,11972,False,661.6933333333334,709.678
257,245,75,1012,1,1012,False,1665.4169960474308,576.3735177865613
257,245,113,2956,1,2956,False,1645.5148849797024,522.6407307171854
258,246,14,3288,1,3288,False,1742.558394160584,538.7335766423357
258,246,38,11872,2,11852,False,661.61051212938,709.0788409703504
258,246,75,500,1,500,False,1668.772,580.82
258,246,113,3220,1,3220,False,1645.8714285714286,526.9
259,247,14,3228,1,3228,False,1739.3798017348204,540.3240396530359
259,247,38,11528,1,11528,False,660.3480222068008,710.1079111727967
259,247,75,464,1,464,False,1673.0,580.7758620689655
259,247,113,3472,1,3472,False,1645.3410138248848,529.479262672811
260,248,14,3432,1,3432,False,1733.8939393939395,540.6864801864801
260,248,38,12180,2,12148,False,657.8707717569787,707.9811165845649
260,248,75,1200,7,1080,False,1670.0133333333333,563.2533333333333
260,248,113,4188,1,4188,False,1644.7273161413564,530.6776504297994
261,249,14,3332,1,3332,False,1728.814525810324,539.9477791116446
261,249,38,12032,2,11972,False,656.2121010638298,708.9182180851063
261,249,75,0,0,0,False,,
261,249,113,4180,1,4180,False,1643.4454545454546,530.7832535885168
262,250,14,3308,1,3308,False,1723.3149939540508,539.0489721886336
262,250,38,11820,1,11820,False,654.4932318104907,706.8472081218274
262,250,75,1048,1,1048,False,1615.5534351145038,529.3396946564885
262,250,113,3120,1,3120,False,1645.3102564102564,520.5769230769231
263,251,14,3264,1,3264,False,1719.186274509804,538.3308823529412
263,251,38,11904,1,11904,False,653.1135752688172,707.6008064516129
263,251,75,1528,1,1528,False,1611.6047120418848,530.630890052356
263,251,113,3044,1,3044,False,1644.7444152431012,521.2227332457293
264,252,14,3144,1,3144,False,1715.7849872773536,537.1437659033079
264,252,38,11996,1,11996,False,652.4186395465155,708.1372124041347
264,252,75,1800,1,1800,False,1605.4377777777777,528.0155555555556
264,252,113,3124,1,3124,False,1642.141485275288,522.6434058898848
265,253,14,3188,1,3188,False,1711.7321204516938,537.7120451693852
265,253,38,11936,1,11936,False,652.1052278820375,708.2828418230563
265,253,75,2220,1,2220,False,1598.6333333333334,521.4009009009009
265,253,113,3040,1,3040,False,1639.707894736842,522.478947368421
266,254,14,3260,1,3260,False,1707.182208588957,537.8055214723927
266,254,38,12024,1,12024,False,652.188622754491,709.2272122421823
266,254,75,2680,2,2660,False,1593.476119402985,515.5537313432836
266,254,113,3156,1,3156,False,1637.7674271229405,525.0196451204056
267,255,14,3100,1,3100,False,1701.5348387096774,537.1890322580646
267,255,38,12044,1,12044,False,652.156592494188,709.6477914314181
267,255,75,2776,1,2776,False,1586.301152737752,509.10518731988475
267,255,113,3164,1,3164,False,1637.2787610619469,523.8653603034134
268,256,14,3248,1,3248,False,1693.5,536.1527093596059
268,256,38,11980,1,11980,False,651.2545909849749,709.8622704507512
268,256,75,2712,1,2712,False,1581.5766961651918,508.21091445427726
268,256,113,3092,1,3092,False,1636.1610608020699,522.6707632600259
269,257,14,3336,1,3336,False,1683.9124700239809,535.646282973621
269,257,38,11980,1,11980,False,650.9701168614357,710.3677796327212
269,257,75,2836,1,2836,False,1577.7214386459802,510.796191819464
269,257,113,3024,1,3024,False,1635.4920634920634,521.4656084656085
270,258,14,3380,1,3380,False,1673.8917159763314,534.3627218934911
270,258,38,12016,1,12016,False,650.0592543275633,710.6098535286285
270,258,75,2856,1,2856,False,1573.609243697479,510.4719887955182
270,258,113,2704,1,2704,False,1632.6686390532545,517.1597633136095
271,259,14,3392,1,3392,False,1666.6509433962265,534.4834905660377
271,259,38,12152,2,12140,False,650.037853851218,711.821922317314
271,259,75,3100,1,3100,False,1569.4316129032259,507.8341935483871
271,259,113,2380,1,2380,False,1630.0495798319328,512.590756302521
272,260,14,3300,1,3300,False,1660.9872727272727,534.3545454545455
272,260,38,11544,2,11512,False,649.435550935551,714.4071379071379
272,260,75,3108,2,3084,False,1566.0032175032175,502.15250965250965
272,260,113,2024,2,1860,False,1627.6146245059288,505.49604743083006
273,261,14,3396,1,3396,False,1656.2620730270908,534.8510011778563
273,261,38,10764,2,10748,False,649.1183574879227,718.4011519881085
273,261,75,3360,3,3320,False,1560.9833333333333,498.6095238095238
273,261,113,1744,1,1744,False,1624.7247706422017,498.1926605504587
274,262,14,3348,1,3348,False,1652.5955794504182,535.0806451612904
274,262,38,10500,1,10500,False,647.6207619047619,716.4154285714286
274,262,75,3192,1,3192,False,1556.1015037593984,500.37719298245617
274,262,113,1640,1,1640,False,1624.0756097560975,495.0365853658537
275,263,14,3260,1,3260,False,1648.3993865030675,535.5355828220859
275,263,38,10012,1,10012,False,645.4628445864962,716.3114262884538
275,263,75,3204,1,3204,False,1550.7446941323346,500.49500624219723
275,263,113,1500,1,1500,False,1622.9533333333334,493.01733333333334
276,264,14,3000,1,3000,False,1645.1986666666667,536.7346666666666
276,264,38,9992,2,9968,False,643.7610088070456,717.2397918334668
276,264,75,3164,1,3164,False,1547.948798988622,502.2016434892541
276,264,113,1472,2,1464,False,1622.5923913043478,493.10869565217394
277,265,14,3040,1,3040,False,1640.9342105263158,536.078947368421
277,265,38,10052,2,10044,False,642.4140469558297,718.650417827298
277,265,75,3140,1,3140,False,1543.187898089172,502.6426751592357
277,265,113,1340,2,1336,False,1621.2164179104477,491.944776119403
278,266,14,2936,1,2936,False,1638.350136239782,536.2629427792915
278,266,38,10380,1,10380,False,641.7516377649325,722.2734104046243
278,266,75,2968,1,2968,False,1537.3247978436657,501.09838274932616
278,266,113,1348,1,1348,False,1620.387240356083,491.3308605341246
279,267,14,3036,1,3036,False,1635.6225296442688,535.9650856389986
279,267,38,10692,1,10692,False,641.9642723531613,725.299850355406
279,267,75,2872,3,2856,False,1529.1462395543176,497.6866295264624
279,267,113,1332,3,1284,False,1620.6861861861862,492.94444444444446
280,268,14,3208,1,3208,False,1633.938902743142,536.1783042394015
280,268,38,10952,1,10952,False,642.8338203067933,727.1515704894083
280,268,75,2940,2,2904,False,1522.8537414965986,495.7925170068027
280,268,113,1196,2,1184,False,1620.1655518394648,488.82775919732444
281,269,14,3224,1,3224,False,1632.3411910669975,536.5248138957817
281,269,38,11096,1,11096,False,643.4430425378515,728.472602739726
281,269,75,2892,2,2868,False,1516.176348547718,492.86791147994467
281,269,113,1168,1,1168,False,1620.0958904109589,487.24657534246575
282,270,14,3376,1,3376,False,1631.6042654028436,537.3341232227489
282,270,38,11104,1,11104,False,643.9012968299712,728.9409221902017
282,270,75,2852,1,2852,False,1510.8169705469845,493.24894810659185
282,270,113,1168,1,1168,False,1619.335616438356,487.52054794520546
283,271,14,3460,1,3460,False,1630.5393063583815,537.7369942196532
283,271,38,11200,1,11200,False,644.4428571428572,729.3385714285714
283,271,75,2820,1,2820,False,1505.5893617021277,493.33404255319147
283,271,113,1124,1,1124,False,1618.2864768683273,486.5996441281139
284,272,14,3448,1,3448,False,1629.300464037123,540.0174013921114
284,272,38,11304,1,11304,False,644.6210191082803,729.7009907997169
284,272,75,2892,1,2892,False,1502.378284923928,495.0006915629322
284,272,113,1164,1,1164,False,1617.5721649484535,486.43127147766324
285,273,14,3548,1,3548,False,1627.7108229988726,539.3816234498308
285,273,38,11800,1,11800,False,643.9447457627118,727.2138983050847
285,273,75,2920,1,2920,False,1498.5684931506848,495.6808219178082
285,273,113,1192,1,1192,False,1615.989932885906,487.5134228187919
286,274,14,3516,1,3516,False,1626.1313993174062,540.4613196814562
286,274,38,11936,1,11936,False,643.970509383378,725.7855227882037
286,274,75,2796,1,2796,False,1493.8333333333333,495.56437768240346
286,274,113,1288,1,1288,False,1614.8478260869565,489.25155279503105
287,275,14,3472,1,3472,False,1625.1612903225807,538.8870967741935
287,275,38,11652,1,11652,False,643.5216271884655,724.7540336422932
287,275,75,2856,2,2816,False,1489.4915966386554,492.57563025210084
287,275,113,1288,1,1288,False,1613.9037267080746,489.5248447204969
288,276,14,3588,1,3588,False,1623.0730211817167,538.9726867335563
288,276,38,12096,1,12096,False,645.5694444444445,726.7519841269841
288,276,75,2764,2,2744,False,1485.67510853835,490.12083936324166
288,276,113,1248,1,1248,False,1613.1153846153845,487.4166666666667
289,277,14,3460,1,3460,False,1621.8988439306358,536.9323699421965
289,277,38,12280,1,12280,False,646.4785016286645,727.9345276872964
289,277,75,2776,1,2776,False,1482.0561959654178,488.37896253602304
289,277,113,1240,1,1240,False,1611.5064516129032,486.69354838709677
290,278,14,3500,1,3500,False,1620.730857142857,537.6062857142857
290,278,38,12732,1,12732,False,649.8528118127552,731.3859566446748
290,278,75,2752,1,2752,False,1479.0087209302326,488.8081395348837
290,278,113,1312,1,1312,False,1610.7682926829268,487.1463414634146
291,279,14,3496,1,3496,False,1619.0514874141877,537.4954233409611
291,279,38,12816,2,12796,False,653.6023720349563,735.3114856429463
291,279,75,2764,1,2764,False,1476.0716353111434,489.07597684515196
291,279,113,1308,1,1308,False,1610.1880733944954,485.7110091743119
292,280,14,3576,1,3576,False,1617.8758389261745,538.2829977628635
292,280,38,10696,1,10696,False,659.6952131637995,748.7999252056844
292,280,75,2764,1,2764,False,1472.6273516642548,489.3683068017366
292,280,113,1380,1,1380,False,1609.6710144927536,485.3231884057971
293,281,14,3560,1,3560,False,1617.0370786516853,537.738202247191
293,281,38,9420,1,9420,False,666.2138004246284,759.8299363057325
293,281,75,2760,1,2760,False,1470.091304347826,489.61884057971014
293,281,113,1432,1,1432,False,1608.4441340782123,485.6731843575419
294,282,14,3540,1,3540,False,1616.120338983051,538.2062146892655
294,282,38,9252,2,9228,False,669.4840034587116,765.6405101599654
294,282,75,2756,1,2756,False,1468.2822931785197,490.48258345428155
294,282,113,1420,1,1420,False,1606.9788732394366,486.9056338028169
295,283,14,3476,1,3476,False,1614.8222094361336,538.8084004602991
295,283,38,9128,1,9128,False,673.3019281332165,771.9741454864154
295,283,75,2740,1,2740,False,1467.063503649635,489.8839416058394
295,283,113,1436,1,1436,False,1606.767409470752,486.9512534818941
296,284,14,3556,1,3556,False,1613.7778402699662,539.3751406074241
296,284,38,7548,1,7548,False,681.4570747217806,785.8312135665077
296,284,75,2756,1,2756,False,1465.5856313497823,490.0500725689405
296,284,113,1344,1,1344,False,1606.220238095238,486.6904761904762
297,285,14,3580,1,3580,False,1613.5256983240224,539.2016759776536
297,285,38,6656,1,6656,False,690.7103365384615,791.1995192307693
297,285,75,2764,1,2764,False,1464.3929088277857,490.6852387843705
297,285,113,1340,1,1340,False,1605.9985074626866,486.8223880597015
298,286,14,3644,1,3644,False,1613.163007683864,539.9072447859495
298,286,38,7388,1,7388,False,703.4334055224689,782.2910124526259
298,286,75,2748,1,2748,False,1464.0458515283842,491.37336244541484
298,286,113,1360,1,1360,False,1605.4411764705883,486.9294117647059
299,287,14,3592,1,3592,False,1613.3841870824053,540.2795100222717
299,287,38,7408,1,7408,False,715.0745140388769,776.9254859611231
299,287,75,2760,1,2760,False,1463.659420289855,491.60434782608695
299,287,113,1356,1,1356,False,1605.2905604719765,487.70353982300884
300,288,14,3604,1,3604,False,1613.4256381798002,541.3923418423973
300,288,38,7156,1,7156,False,725.045556176635,775.6827836780324
300,288,75,2748,1,2748,False,1463.443231441048,491.4868995633188
300,288,113,1372,1,1372,False,1605.094752186589,488.0860058309038
301,289,14,3424,1,3424,False,1613.7616822429907,540.9859813084112
301,289,38,7684,1,7684,False,734.8071317022384,776.2136907860489
301,289,75,2756,1,2756,False,1462.9267053701017,491.7743105950653
301,289,113,1376,1,1376,False,1605.1744186046512,487.9186046511628
302,290,14,3640,1,3640,False,1613.642857142857,538.9483516483516
302,290,38,8304,1,8304,False,746.1840077071291,776.2119460500963
302,290,75,2784,1,2784,False,1461.7959770114942,493.3189655172414
302,290,113,1152,1,1152,False,1604.798611111111,485.11805555555554
303,291,14,3592,1,3592,False,1614.270601336303,538.5066815144767
303,291,38,8768,1,8768,False,755.3394160583941,773.0492700729927
303,291,75,2764,1,2764,False,1461.5795947901593,494.33502170767
303,291,113,1152,1,1152,False,1604.8055555555557,485.3611111111111
304,292,14,3856,1,3856,False,1614.0746887966804,535.9460580912863
304,292,38,9340,1,9340,False,762.13426124197,766.0092077087794
304,292,75,2712,1,2712,False,1460.2758112094396,495.0693215339233
304,292,113,936,3,924,False,1604.448717948718,482.2435897435897
305,293,14,3576,1,3576,False,1615.5805369127518,537.1465324384787
305,293,38,9812,1,9812,False,768.8016714227476,760.7609050142682
305,293,75,2676,1,2676,False,1459.0321375186845,494.69431988041856
305,293,113,1232,1,1232,False,1604.3311688311687,486.38961038961037
306,294,14,3580,1,3580,False,1616.3972067039106,537.708938547486
306,294,38,10172,1,10172,False,776.1893432953204,760.0328352339757
306,294,75,2644,1,2644,False,1458.2942511346446,494.68456883509833
306,294,113,1292,1,1292,False,1604.6052631578948,487.5278637770898
307,295,14,3592,1,3592,False,1617.0790645879733,537.5712694877506
307,295,38,10584,1,10584,False,782.9572940287226,762.1402116402116
307,295,75,2632,1,2632,False,1457.159574468085,495.25683890577506
307,295,113,1316,1,1316,False,1604.724924012158,487.6367781155015
308,296,14,3652,1,3652,False,1617.606243154436,537.6128148959474
308,296,38,11264,1,11264,False,790.6605113636364,765.7819602272727
308,296,75,2652,1,2652,False,1455.9027149321266,496.1651583710407
308,296,113,1328,1,1328,False,1604.5481927710844,487.43975903614455
309,297,14,3632,1,3632,False,1618.6299559471365,537.409691629956
309,297,38,11384,1,11384,False,796.2041461700633,767.9841883345046
309,297,75,2680,1,2680,False,1454.902985074627,497.344776119403
309,297,113,1372,1,1372,False,1604.4883381924199,488.8265306122449
310,298,14,3464,1,3464,False,1619.5369515011548,538.6778290993071
310,298,38,12024,1,12024,False,800.520625415835,769.0662009314703
310,298,75,2760,1,2760,False,1453.4855072463768,498.0217391304348
310,298,113,1560,1,1560,False,1604.351282051282,491.1820512820513
311,299,14,3484,1,3484,False,1619.5723306544203,538.605625717566
311,299,38,12660,1,12660,False,804.8406003159557,773.3707740916271
311,299,75,2816,1,2816,False,1451.5511363636363,499.0113636363636
311,299,113,1572,1,1572,False,1604.2760814249364,491.2175572519084
312,300,14,3512,1,3512,False,1619.8120728929384,538.8599088838268
312,300,38,12276,1,12276,False,807.9578038449006,779.8281199087651
312,300,75,2812,1,2812,False,1448.545519203414,500.4687055476529
312,300,113,1616,1,1616,False,1604.0594059405942,491.6237623762376
313,301,14,3644,1,3644,False,1620.0740944017564,538.4714599341384
313,301,38,11320,1,11320,False,811.1968197879859,792.9812720848057
313,301,75,2608,1,2608,False,1443.8957055214723,503.8803680981595
313,301,113,1600,1,1600,False,1603.785,491.385
314,302,14,3700,1,3700,False,1620.66,538.7897297297297
314,302,38,9632,1,9632,False,819.218438538206,813.9451827242525
314,302,75,2556,1,2556,False,1439.7143974960877,506.0586854460094
314,302,113,1656,1,1656,False,1603.4565217391305,492.4661835748792
315,303,14,3776,1,3776,False,1621.5572033898304,538.7987288135594
315,303,38,10072,1,10072,False,826.6834789515489,838.0536139793487
315,303,75,2540,1,2540,False,1436.0464566929134,507.78188976377953
315,303,113,1716,1,1716,False,1602.8776223776224,493.3904428904429
316,304,14,3832,1,3832,False,1621.8799582463466,538.7275574112734
316,304,38,9656,1,9656,False,840.5513670256835,854.0476387738194
316,304,75,2644,1,2644,False,1433.4924357034795,508.3124054462935
316,304,113,1720,1,1720,False,1602.5883720930233,493.4767441860465
317,305,14,3892,1,3892,False,1622.282117163412,538.5205549845838
317,305,38,7640,1,7640,False,841.4518324607329,848.209947643979
317,305,75,2720,1,2720,False,1431.7617647058823,508.1205882352941
317,305,113,1744,1,1744,False,1601.8256880733945,493.95871559633025
318,306,14,3900,1,3900,False,1622.746153846154,538.834358974359
318,306,38,10608,1,10608,False,838.944947209653,786.6206636500755
318,306,75,2816,1,2816,False,1430.434659090909,509.03977272727275
318,306,113,1800,1,1800,False,1601.2511111111112,494.58444444444444
319,307,14,3960,1,3960,False,1623.3848484848486,539.0050505050505
319,307,38,12348,1,12348,False,837.458211856171,691.2696793002915
319,307,75,2876,1,2876,False,1429.3233657858136,510.50834492350486
319,307,113,1884,1,1884,False,1600.147558386412,494.6825902335456
320,308,14,3956,1,3956,False,1623.8265925176947,539.9438827098079
320,308,38,13704,5,13320,False,848.2787507297139,592.4976649153532
320,308,75,2972,1,2972,False,1428.8606998654104,511.26985195154776
320,308,113,1996,1,1996,False,1599.1533066132265,497.1492985971944
321,309,14,3992,1,3992,False,1623.6322645290581,539.9669338677355
321,309,38,19896,1,19896,False,843.3037796542019,489.37092882991556
321,309,75,3000,1,3000,False,1428.996,511.4146666666667
321,309,113,1984,1,1984,False,1599.141129032258,496.9596774193548
322,310,14,4052,1,4052,False,1622.9560710760118,540.14461994077
322,310,38,31468,2,31428,False,851.0605694673955,411.4772467268336
322,310,75,3044,1,3044,False,1429.0440210249672,512.2634691195796
322,310,113,1828,1,1828,False,1600.1892778993436,496.81509846827134
323,311,14,3992,1,3992,False,1623.8527054108217,539.37374749499
323,311,38,27084,1,27084,False,854.8373209274848,263.29131590607
323,311,75,2980,1,2980,False,1429.0046979865772,511.69463087248323
323,311,113,1940,1,1940,False,1599.7123711340207,496.6938144329897
324,312,14,3824,1,3824,False,1624.6903765690377,539.223849372385
324,312,38,25412,1,25412,False,862.317094286164,162.71722021092398
324,312,75,2984,1,2984,False,1429.0361930294905,512.0469168900804
324,312,113,1992,1,1992,False,1600.3353413654618,497.7168674698795
325,313,14,3748,1,3748,False,1625.1702241195303,539.0976520811099
325,313,38,17380,3,17352,False,860.8360184119678,106.25005753739931
325,313,75,2992,1,2992,False,1429.3636363636363,512.0561497326203
325,313,113,2044,1,2044,False,1601.0518590998042,499.20450097847356
326,314,14,3656,1,3656,False,1624.187089715536,539.6356673960613
326,314,38,0,0,0,False,,
326,314,75,3016,1,3016,False,1429.444297082228,512.9535809018568
326,314,113,1972,1,1972,False,1602.60953346856,500.99898580121703
327,315,14,3768,1,3768,False,1624.7038216560509,540.6507430997876
327,315,38,0,0,0,False,,
327,315,75,2928,1,2928,False,1430.5765027322404,512.2459016393443
327,315,113,1936,1,1936,False,1603.280991735537,500.27272727272725
328,316,14,3680,1,3680,False,1625.1782608695653,541.3456521739131
328,316,38,0,0,0,False,,
328,316,75,3032,1,3032,False,1431.6292875989445,512.230870712401
328,316,113,1940,1,1940,False,1603.617525773196,500.8175257731959
329,317,14,3684,1,3684,False,1624.5521172638437,541.7486427795874
329,317,38,0,0,0,False,,
329,317,75,2968,1,2968,False,1430.5592991913747,512.5727762803234
329,317,113,1892,1,1892,False,1604.5422832980973,500.0095137420719
330,318,14,3592,1,3592,False,1625.1592427616927,542.0033407572383
330,318,38,0,0,0,False,,
330,318,75,2992,1,2992,False,1430.403743315508,512.7139037433155
330,318,113,1988,1,1988,False,1605.2766599597585,500.8460764587525
331,319,14,3608,1,3608,False,1624.9257206208426,541.9323725055432
331,319,38,0,0,0,False,,
331,319,75,2968,1,2968,False,1430.222371967655,512.5512129380054
331,319,113,1984,1,1984,False,1605.5604838709678,500.66129032258067
332,320,14,3608,1,3608,False,1625.138580931264,541.8835920177384
332,320,38,0,0,0,False,,
332,320,75,2972,1,2972,False,1429.8593539703902,512.5242261103634
332,320,113,1980,1,1980,False,1605.558585858586,500.5808080808081
333,321,14,3640,1,3640,False,1625.1967032967034,542.5395604395604
333,321,38,0,0,0,False,,
333,321,75,2972,1,2972,False,1429.1218034993271,512.2900403768506
333,321,113,2048,1,2048,False,1606.234375,500.16796875
334,322,14,3696,1,3696,False,1626.3290043290044,543.6406926406927
334,322,38,0,0,0,False,,
334,322,75,2952,1,2952,False,1428.8035230352305,512.1233062330623
334,322,113,2088,1,2088,False,1606.6992337164752,501.0977011494253
335,323,14,3756,1,3756,False,1628.248668796592,544.4850905218317
335,323,38,0,0,0,False,,
335,323,75,2964,1,2964,False,1428.2219973009446,512.0654520917678
335,323,113,2160,1,2160,False,1606.8703703703704,501.77777777777777
336,324,14,3796,1,3796,False,1628.2829293993677,544.7465753424658
336,324,38,0,0,0,False,,
336,324,75,3004,1,3004,False,1428.0073235685752,510.50798934753664
336,324,113,2196,1,2196,False,1607.1739526411657,501.93897996357015
337,325,14,3952,1,3952,False,1630.6133603238866,543.15991902834
337,325,38,0,0,0,False,,
337,325,75,3208,1,3208,False,1428.3628428927682,508.44513715710724
337,325,113,2144,1,2144,False,1607.0074626865671,501.92164179104475
338,326,14,4152,1,4152,False,1631.767822736031,543.9662813102119
338,326,38,0,0,0,False,,
338,326,75,3220,1,3220,False,1427.6801242236024,507.2950310559006
338,326,113,2136,1,2136,False,1607.0580524344568,502.1741573033708
339,327,14,4032,1,4032,False,1634.2757936507937,543.5873015873016
339,327,38,0,0,0,False,,
339,327,75,3196,1,3196,False,1427.8216520650813,507.4561952440551
339,327,113,2208,1,2208,False,1607.605072463768,502.463768115942
340,328,14,4004,1,4004,False,1635.8406593406594,543.0074925074925
340,328,38,0,0,0,False,,
340,328,75,3316,1,3316,False,1426.7219541616405,506.2418576598311
340,328,113,2228,1,2228,False,1607.3294434470376,503.2468581687612
341,329,14,3992,1,3992,False,1638.0551102204408,543.1092184368738
341,329,38,0,0,0,False,,
341,329,75,3304,1,3304,False,1426.4443099273608,506.2675544794189
341,329,113,2252,1,2252,False,1607.3703374777974,503.3525754884547
342,330,14,3976,1,3976,False,1639.7454728370221,542.6710261569416
342,330,38,0,0,0,False,,
342,330,75,3296,1,3296,False,1426.1553398058252,506.36893203883494
342,330,113,2284,1,2284,False,1607.1549912434325,503.68388791593696
343,331,14,3940,1,3940,False,1641.7426395939087,543.3426395939086
343,331,38,0,0,0,False,,
343,331,75,3280,1,3280,False,1425.8243902439024,506.3731707317073
343,331,113,2324,1,2324,False,1606.868330464716,504.07314974182447
344,332,14,3956,1,3956,False,1642.4009100101111,542.8276036400405
344,332,38,0,0,0,False,,
344,332,75,3296,1,3296,False,1425.3398058252428,506.56796116504853
344,332,113,2292,1,2292,False,1606.4650959860385,503.63438045375216
345,333,14,3996,1,3996,False,1642.7342342342342,542.5120120120121
345,333,38,0,0,0,False,,
345,333,75,3372,1,3372,False,1424.758600237248,506.8629893238434
345,333,113,2316,1,2316,False,1605.2910189982729,503.89896373056996
346,334,14,3944,1,3944,False,1642.921906693712,542.2525354969574
346,334,38,0,0,0,False,,
346,334,75,3360,1,3360,False,1423.6380952380953,506.84285714285716
346,334,113,2324,1,2324,False,1604.644578313253,504.1592082616179
347,335,14,3956,1,3956,False,1642.6193124368049,544.067239635996
347,335,38,0,0,0,False,,
347,335,75,3336,1,3336,False,1422.428057553957,506.7086330935252
347,335,113,2344,1,2344,False,1603.9709897610921,504.2849829351536
348,336,14,3812,1,3812,False,1642.661594963274,545.2827911857293
348,336,38,0,0,0,False,,
348,336,75,3384,1,3384,False,1421.27304964539,506.8451536643026
348,336,113,2360,1,2360,False,1603.4016949152542,504.2593220338983
349,337,14,3700,1,3700,False,1642.8091891891893,547.38
349,337,38,0,0,0,False,,
349,337,75,3520,1,3520,False,1420.2772727272727,507.5
349,337,113,2368,1,2368,False,1602.9763513513512,504.2871621621622
350,338,14,3792,1,3792,False,1642.6898734177216,547.6308016877637
350,338,38,0,0,0,False,,
350,338,75,3604,1,3604,False,1418.975027746948,507.996115427303
350,338,113,2388,1,2388,False,1602.2252931323283,504.4530988274707
351,339,14,3880,1,3880,False,1642.3247422680413,548.658762886598
351,339,38,0,0,0,False,,
351,339,75,3632,1,3632,False,1418.535242290749,508.4867841409692
351,339,113,2436,1,2436,False,1601.4720853858785,504.9072249589491
352,340,14,3900,1,3900,False,1642.4241025641027,548.608717948718
352,340,38,0,0,0,False,,
352,340,75,3644,1,3644,False,1416.5285400658618,509.03347969264547
352,340,113,2428,1,2428,False,1601.2578253706754,505.00741350906094
353,341,14,3888,1,3888,False,1642.446502057613,548.5802469135803
353,341,38,0,0,0,False,,
353,341,75,3580,1,3580,False,1414.9245810055866,510.30782122905026
353,341,113,2448,1,2448,False,1600.7287581699347,504.4019607843137
354,342,14,3884,1,3884,False,1642.5144181256437,548.6256436663234
354,342,38,0,0,0,False,,
354,342,75,3628,1,3628,False,1413.2386990077177,510.94101433296584
354,342,113,2452,1,2452,False,1600.157422512235,504.54241435562807
355,343,14,3944,1,3944,False,1642.4878296146044,549.2200811359027
355,343,38,0,0,0,False,,
355,343,75,3660,1,3660,False,1411.6825136612022,511.3306010928962
355,343,113,2444,1,2444,False,1599.8878887070377,503.9140752864157
356,344,14,3764,1,3764,False,1642.9973432518598,549.9048884165782
356,344,38,0,0,0,False,,
356,344,75,3728,1,3728,False,1410.9570815450643,511.84120171673817
356,344,113,2516,1,2516,False,1599.6510333863275,504.4268680445151
357,345,14,3776,1,3776,False,1646.6080508474577,553.4936440677966
357,345,38,0,0,0,False,,
357,345,75,3844,1,3844,False,1410.427159209157,512.3772112382934
357,345,113,2524,1,2524,False,1599.9167987321712,504.702852614897
358,346,14,3296,1,3296,False,1647.1359223300972,560.2936893203884
358,346,38,0,0,0,False,,
358,346,75,3956,1,3956,False,1410.237108190091,513.9924165824065
358,346,113,2568,1,2568,False,1599.9267912772586,505.3130841121495
359,347,14,3420,1,3420,False,1646.0508771929824,563.6157894736842
359,347,38,0,0,0,False,,
359,347,75,3916,1,3916,False,1410.1159346271706,517.7114402451481
359,347,113,2584,1,2584,False,1600.4318885448915,505.5216718266254
360,348,14,3168,1,3168,False,1647.5075757575758,565.060606060606
360,348,38,0,0,0,False,,
360,348,75,4092,1,4092,False,1410.4530791788857,520.3455522971652
360,348,113,2636,1,2636,False,1600.7549317147193,506.6578148710167
361,349,14,3252,1,3252,False,1651.3733087330872,563.9317343173432
361,349,38,0,0,0,False,,
361,349,75,4084,1,4084,False,1410.9975514201763,521.4657198824682
361,349,113,2672,1,2672,False,1601.368263473054,506.98802395209583
362,350,14,3624,1,3624,False,1645.3300220750552,562.9724061810155
362,350,38,0,0,0,False,,
362,350,75,4460,1,4460,False,1415.1582959641255,524.119730941704
362,350,113,2760,1,2760,False,1601.1376811594203,507.77536231884056
363,351,14,3760,1,3760,False,1648.3787234042554,559.6744680851064
363,351,38,0,0,0,False,,
363,351,75,4448,1,4448,False,1416.928057553957,524.9064748201439
363,351,113,2740,1,2740,False,1602.1408759124088,507.9978102189781
364,352,14,3636,1,3636,False,1653.6925192519252,556.3679867986799
364,352,38,0,0,0,False,,
364,352,75,4452,1,4452,False,1418.3382749326145,524.9366576819407
364,352,113,2772,1,2772,False,1602.592352092352,508.97907647907647
365,353,14,3692,1,3692,False,1654.5498374864571,555.9084507042254
365,353,38,0,0,0,False,,
365,353,75,4500,1,4500,False,1419.3053333333332,523.3586666666666
365,353,113,2712,1,2712,False,1603.6533923303834,508.3141592920354
366,354,14,3532,1,3532,False,1656.5158550396377,555.4490373725935
366,354,38,0,0,0,False,,
366,354,75,4468,1,4468,False,1420.104297224709,521.6996418979409
366,354,113,2652,1,2652,False,1604.6417797888387,507.89366515837105
367,355,14,3532,1,3532,False,1657.2542468856172,556.10362400906
367,355,38,0,0,0,False,,
367,355,75,4128,1,4128,False,1417.8236434108528,519.468992248062
367,355,113,2472,1,2472,False,1605.2216828478965,507.457928802589
368,356,14,3620,1,3620,False,1657.1254143646408,557.0370165745857
368,356,38,0,0,0,False,,
368,356,75,4132,1,4132,False,1417.8455953533398,519.4583736689254
368,356,113,2424,1,2424,False,1605.4174917491748,506.92244224422444
369,357,14,3604,1,3604,False,1658.5754716981132,557.5321864594895
369,357,38,0,0,0,False,,
369,357,75,4124,1,4124,False,1417.927740058196,519.4912706110572
369,357,113,2344,1,2344,False,1604.2986348122868,509.2815699658703
370,358,14,3780,1,3780,False,1658.726455026455,557.9264550264551
370,358,38,0,0,0,False,,
370,358,75,4144,1,4144,False,1418.100386100386,519.7162162162163
370,358,113,2280,1,2280,False,1603.998245614035,508.9982456140351
371,359,14,3720,1,3720,False,1657.4763440860215,558.336559139785
371,359,38,0,0,0,False,,
371,359,75,4164,1,4164,False,1418.2118155619596,519.7853025936599
371,359,113,2300,1,2300,False,1603.3208695652174,508.9486956521739
372,360,14,3688,1,3688,False,1657.137744034707,557.9859002169197
372,360,38,0,0,0,False,,
372,360,75,4168,1,4168,False,1418.2792706333973,519.820537428023
372,360,113,2340,1,2340,False,1602.8589743589744,508.7974358974359
373,361,14,3708,1,3708,False,1656.5906148867314,557.962783171521
373,361,38,0,0,0,False,,
373,361,75,4056,1,4056,False,1419.0818540433925,521.0936883629191
373,361,113,2368,1,2368,False,1602.5202702702702,508.4594594594595
374,362,14,3688,1,3688,False,1656.8101952277657,557.6258134490239
374,362,38,0,0,0,False,,
374,362,75,4076,1,4076,False,1419.49116781158,521.6148184494602
374,362,113,2352,1,2352,False,1602.061224489796,507.01360544217687
375,363,14,3660,1,3660,False,1657.1360655737706,557.1819672131147
375,363,38,0,0,0,False,,
375,363,75,4108,1,4108,False,1420.659688412853,521.8885102239533
375,363,113,2364,1,2364,False,1600.8824027072758,506.3849407783418
376,364,14,3628,1,3628,False,1657.5209481808158,556.784454244763
376,364,38,0,0,0,False,,
376,364,75,4048,1,4048,False,1421.5849802371542,522.1739130434783
376,364,113,2280,1,2280,False,1600.0964912280701,506.2719298245614
377,365,14,3652,1,3652,False,1656.1889375684557,557.2907995618839
377,365,38,0,0,0,False,,
377,365,75,4056,1,4056,False,1423.9497041420118,524.6242603550296
377,365,113,2340,1,2340,False,1599.925641025641,506.92393162393165
378,366,14,3700,1,3700,False,1655.7864864864864,557.3843243243243
378,366,38,0,0,0,False,,
378,366,75,3872,1,3872,False,1424.3946280991736,525.797520661157
378,366,113,2332,1,2332,False,1599.1518010291595,507.4639794168096
379,367,14,3716,1,3716,False,1655.1071044133478,557.5764262648008
379,367,38,0,0,0,False,,
379,367,75,3576,1,3576,False,1424.003355704698,526.9586129753915
379,367,113,2312,1,2312,False,1598.6107266435986,507.2128027681661
380,368,14,3752,1,3752,False,1655.3891257995735,557.5170575692964
380,368,38,0,0,0,False,,
380,368,75,3440,1,3440,False,1425.132558139535,527.7790697674419
380,368,113,2332,1,2332,False,1597.9854202401373,507.49485420240137
381,369,14,3740,1,3740,False,1655.3770053475937,557.4304812834224
381,369,38,0,0,0,False,,
381,369,75,3144,1,3144,False,1427.9173027989823,525.4083969465648
381,369,113,2360,1,2360,False,1597.9169491525424,507.75762711864405
382,370,14,3776,1,3776,False,1654.9661016949153,557.5995762711865
382,370,38,0,0,0,False,,
382,370,75,3136,1,3136,False,1432.5969387755101,524.359693877551
382,370,113,2356,1,2356,False,1597.997453310696,507.85823429541597
383,371,14,3752,1,3752,False,1655.190831556503,557.4360341151386
383,371,38,0,0,0,False,,
383,371,75,2948,1,2948,False,1437.7075983717775,521.802578018996
383,371,113,2412,1,2412,False,1597.6475953565505,508.09867330016584
384,372,14,3724,1,3724,False,1656.2142857142858,556.8974221267455
384,372,38,0,0,0,False,,
384,372,75,2632,1,2632,False,1444.712765957447,522.773556231003
384,372,113,2404,1,2404,False,1596.9392678868553,508.11397670549087
385,373,14,3828,1,3828,False,1657.0078369905957,555.5282131661442
385,373,38,0,0,0,False,,
385,373,75,2696,1,2696,False,1450.227002967359,520.2418397626112
385,373,113,2456,1,2456,False,1596.4641693811075,507.68892508143324
386,374,14,3796,1,3796,False,1657.218651211802,554.731822971549
386,374,38,0,0,0,False,,
386,374,75,2604,1,2604,False,1455.8333333333333,518.13133640553
386,374,113,2388,1,2388,False,1595.8366834170854,507.86348408710217
387,375,14,3828,1,3828,False,1657.0224660397075,554.3620689655172
387,375,38,0,0,0,False,,
387,375,75,2668,1,2668,False,1461.588455772114,514.3890554722639
387,375,113,2444,1,2444,False,1595.2692307692307,508.06137479541735
388,376,14,3824,1,3824,False,1656.7050209205022,554.6610878661088
388,376,38,0,0,0,False,,
388,376,75,2772,1,2772,False,1466.393217893218,509.1176046176046
388,376,113,2436,1,2436,False,1594.8908045977012,508.0402298850575
389,377,14,3820,1,3820,False,1656.5104712041884,555.0298429319372
389,377,38,0,0,0,False,,
389,377,75,2940,1,2940,False,1469.852380952381,507.3299319727891
389,377,113,2428,1,2428,False,1594.5527182866556,508.0617792421746
390,378,14,3828,1,3828,False,1656.4477533960292,555.2084639498432
390,378,38,0,0,0,False,,
390,378,75,2936,1,2936,False,1472.2901907356948,506.649863760218
390,378,113,2488,1,2488,False,1593.686495176849,506.6768488745981
391,379,14,3820,1,3820,False,1656.665445026178,555.1157068062827
391,379,38,0,0,0,False,,
391,379,75,2792,1,2792,False,1475.233524355301,506.0702005730659
391,379,113,2460,1,2460,False,1593.1504065040651,505.0853658536585
392,380,14,3848,1,3848,False,1656.6413721413721,555.0779625779626
392,380,38,0,0,0,False,,
392,380,75,2804,1,2804,False,1477.5271041369472,505.6583452211127
392,380,113,2428,1,2428,False,1592.5230642504118,505.07331136738054
393,381,14,3860,1,3860,False,1656.3466321243523,555.2316062176166
393,381,38,0,0,0,False,,
393,381,75,2832,1,2832,False,1479.2175141242938,506.1779661016949
393,381,113,2372,1,2372,False,1591.9671163575042,505.0328836424958
394,382,14,3856,1,3856,False,1656.319502074689,555.3921161825726
394,382,38,0,0,0,False,,
394,382,75,2756,1,2756,False,1481.0747460087082,505.4840348330914
394,382,113,2436,1,2436,False,1590.6576354679803,505.747947454844
395,383,14,3876,1,3876,False,1656.3782249742003,555.4907120743034
395,383,38,0,0,0,False,,
395,383,75,2844,1,2844,False,1481.585794655415,505.38607594936707
395,383,113,2444,1,2444,False,1589.4427168576105,505.74713584288054
396,384,14,3872,1,3872,False,1656.1404958677685,555.7190082644628
396,384,38,0,0,0,False,,
396,384,75,3080,1,3080,False,1482.0428571428572,501.24545454545455
396,384,113,2400,1,2400,False,1587.52,506.3566666666667
397,385,14,3900,1,3900,False,1656.0733333333333,555.9871794871794
397,385,38,0,0,0,False,,
397,385,75,3284,1,3284,False,1482.007917174178,498.73873325213157
397,385,113,2424,1,2424,False,1585.1963696369637,506.3910891089109
398,386,14,3896,1,3896,False,1656.3049281314168,556.0420944558522
398,386,38,0,0,0,False,,
398,386,75,3416,1,3416,False,1480.9988290398126,497.8208430913349
398,386,113,2436,1,2436,False,1583.1830870279146,506.5032840722496
399,387,14,3864,1,3864,False,1656.284679089027,556.2474120082816
399,387,38,0,0,0,False,,
399,387,75,3416,1,3416,False,1480.1135831381732,498.2072599531616
399,387,113,2440,1,2440,False,1581.3983606557376,506.30655737704916
400,388,14,3892,1,3892,False,1656.3643371017472,556.1628982528263
400,388,38,0,0,0,False,,
400,388,75,3388,1,3388,False,1479.392561983471,498.14108618654075
400,388,113,2424,1,2424,False,1579.7739273927393,506.26897689768975
401,389,14,3856,1,3856,False,1656.3029045643154,556.298755186722
401,389,38,0,0,0,False,,
401,389,75,3352,1,3352,False,1479.0250596658711,498.32100238663486
401,389,113,2456,1,2456,False,1578.555374592834,506.1644951140065
402,390,14,3900,1,3900,False,1656.0692307692307,556.5102564102564
402,390,38,0,0,0,False,,
402,390,75,3324,1,3324,False,1478.4542719614922,497.8140794223827
402,390,113,2412,1,2412,False,1576.9908789386402,506.26119402985074
403,391,14,3892,1,3892,False,1656.090955806783,556.4856115107914
403,391,38,0,0,0,False,,
403,391,75,3316,1,3316,False,1478.3335343787696,497.9475271411339
403,391,113,2400,1,2400,False,1575.9833333333333,506.16333333333336
404,392,14,3868,1,3868,False,1656.5496380558427,556.1111685625647
404,392,38,0,0,0,False,,
404,392,75,3308,1,3308,False,1478.3452237001209,498.01632406287786
404,392,113,2444,1,2444,False,1575.2757774140753,506.1170212765957
405,393,14,3852,1,3852,False,1656.4501557632398,556.2383177570093
405,393,38,0,0,0,False,,
405,393,75,3288,2,3284,False,1478.176399026764,498.176399026764
405,393,113,2460,1,2460,False,1574.8772357723578,506.2073170731707
406,394,14,3868,1,3868,False,1656.1380558428127,556.4793174767321
406,394,38,0,0,0,False,,
406,394,75,3272,1,3272,False,1477.8911980440098,498.299511002445
406,394,113,2440,1,2440,False,1574.2245901639344,506.23770491803276
407,395,14,3884,1,3884,False,1656.0283213182286,556.5144181256437
407,395,38,0,0,0,False,,
407,395,75,3256,2,3248,False,1477.4484029484029,498.60565110565113
407,395,113,2444,1,2444,False,1573.7340425531916,506.53600654664484
408,396,14,3852,1,3852,False,1656.157320872274,556.4127725856698
408,396,38,0,0,0,False,,
408,396,75,3276,1,3276,False,1477.1520146520147,498.06043956043953
408,396,113,2420,1,2420,False,1574.3479338842976,506.3446280991736
409,397,14,3872,1,3872,False,1655.9607438016528,556.4814049586777
409,397,38,0,0,0,False,,
409,397,75,3268,1,3268,False,1477.158506731946,497.6236230110159
409,397,113,2424,1,2424,False,1575.2095709570958,506.95214521452147
410,398,14,4124,1,4124,False,1654.350630455868,556.6493695441319
410,398,38,0,0,0,False,,
410,398,75,3544,1,3544,False,1476.1884875846501,497.14108352144467
410,398,113,2696,1,2696,False,1575.7908011869436,509.1053412462908
411,399,14,4112,1,4112,False,1654.441634241245,556.5603112840467
411,399,38,0,0,0,False,,
411,399,75,3556,1,3556,False,1475.2716535433071,496.65298087739035
411,399,113,2652,1,2652,False,1576.5120663650075,509.2571644042232
412,400,14,4108,1,4108,False,1654.4571567672833,556.5584225900682
412,400,38,0,0,0,False,,
412,400,75,3520,1,3520,False,1474.9727272727273,497.03636363636366
412,400,113,2556,1,2556,False,1577.3794992175274,509.07589984350545
413,401,14,4116,1,4116,False,1654.5544217687075,556.3367346938776
413,401,38,0,0,0,False,,
413,401,75,3588,2,3572,False,1471.8221850613154,498.1588628762542
413,401,113,2556,1,2556,False,1577.9866979655712,508.3184663536776
414,402,14,4100,1,4100,False,1654.5956097560975,556.2717073170732
414,402,38,0,0,0,False,,
414,402,75,3528,2,3496,False,1468.7176870748299,499.1621315192744
414,402,113,2544,1,2544,False,1578.9025157232704,508.45283018867923
415,403,14,4108,1,4108,False,1654.62852969815,556.3987341772151
415,403,38,0,0,0,False,,
415,403,75,3780,2,3600,False,1444.1486772486774,502.4026455026455
415,403,113,2536,1,2536,False,1579.0457413249212,508.4621451104101
416,404,14,4068,1,4068,False,1654.987708947886,556.2777777777778
416,404,38,0,0,0,False,,
416,404,75,3476,1,3476,False,1474.4424626006905,499.28250863060987
416,404,113,2552,1,2552,False,1579.101880877743,508.4435736677116
417,405,14,4088,1,4088,False,1654.9422700587083,556.3943248532289
417,405,38,0,0,0,False,,
417,405,75,3584,1,3584,False,1473.9263392857142,498.22098214285717
417,405,113,2532,1,2532,False,1579.2614533965245,508.23775671406
418,406,14,4096,1,4096,False,1655.01953125,556.453125
418,406,38,0,0,0,False,,
418,406,75,3568,1,3568,False,1474.1143497757848,498.84304932735427
418,406,113,2524,1,2524,False,1579.5459587955627,508.7472266244057
419,407,14,4072,1,4072,False,1654.959724950884,556.6119842829077
419,407,38,0,0,0,False,,
419,407,75,3656,1,3656,False,1473.5218818380745,498.0382932166302
419,407,113,2464,1,2464,False,1579.9577922077922,508.65584415584414
420,408,14,3988,1,3988,False,1654.514042126379,557.513039117352
420,408,38,0,0,0,False,,
420,408,75,3820,1,3820,False,1472.7450261780104,497.2455497382199
420,408,113,2488,1,2488,False,1579.831189710611,508.9244372990354
421,409,14,3904,1,3904,False,1656.9815573770493,556.8299180327868
421,409,38,0,0,0,False,,
421,409,75,3512,1,3512,False,1472.8211845102505,496.3291571753986
421,409,113,2464,1,2464,False,1579.9577922077922,508.68831168831167
422,410,14,3888,1,3888,False,1657.1049382716049,556.8847736625514
422,410,38,3488,1,3488,False,1869.0802752293578,141.8922018348624
422,410,75,3328,1,3328,False,1472.5096153846155,497.5889423076923
422,410,113,2448,1,2448,False,1580.1078431372548,508.640522875817
423,411,14,3944,1,3944,False,1655.0395537525355,557.4188640973631
423,411,38,2096,1,2096,False,1863.8167938931297,213.16030534351145
423,411,75,3692,1,3692,False,1468.9723726977247,497.73726977248106
423,411,113,2516,1,2516,False,1580.197933227345,509.0341812400636
424,412,14,3924,1,3924,False,1654.5611620795107,557.460244648318
424,412,38,5048,1,5048,False,1849.7107765451665,238.73454833597464
424,412,75,3600,1,3600,False,1468.4133333333334,499.08666666666664
424,412,113,2492,1,2492,False,1580.4197431781702,508.6829855537721
425,413,14,3904,1,3904,False,1654.266393442623,557.4733606557377
425,413,38,3584,1,3584,False,1857.4955357142858,268.04910714285717
425,413,75,3704,2,3652,False,1457.8520518358532,501.3725701943844
425,413,113,2520,1,2520,False,1580.6936507936507,509.15396825396823
426,414,14,3884,1,3884,False,1654.1930998970133,557.0499485066941
426,414,38,3104,1,3104,False,1851.3530927835052,301.70103092783506
426,414,75,3492,1,3492,False,1460.7222222222222,498.8848797250859
426,414,113,2532,1,2532,False,1581.0813586097947,510.6611374407583
427,415,14,3924,1,3924,False,1653.808868501529,556.8343527013252
427,415,38,5568,2,5544,False,1858.8433908045977,317.1824712643678
427,415,75,3348,3,3240,False,1434.3709677419354,499.98387096774195
427,415,113,2572,1,2572,False,1581.653965785381,509.7317262830482
428,416,14,3952,1,3952,False,1653.663967611336,555.3886639676114
428,416,38,1512,1,1512,False,1857.1507936507937,361.64285714285717
428,416,75,3092,1,3092,False,1448.6267787839586,496.47671410090555
428,416,113,2508,1,2508,False,1581.590909090909,511.4377990430622
429,417,14,3600,1,3600,False,1650.831111111111,558.4222222222222
429,417,38,4800,1,4800,False,1868.0483333333334,373.32
429,417,75,2832,1,2832,False,1445.9096045197741,496.09887005649716
429,417,113,2560,1,2560,False,1581.946875,512.725
430,418,14,4024,1,4024,False,1652.841948310139,555.2872763419483
430,418,38,4136,2,4120,False,1866.1034816247582,372.70696324951643
430,418,75,2592,2,2576,False,1439.351851851852,495.6141975308642
430,418,113,2632,1,2632,False,1581.551671732523,513.6550151975684
431,419,14,3960,1,3960,False,1653.3949494949495,554.8898989898989
431,419,38,2824,1,2824,False,1873.729461756374,407.0665722379603
431,419,75,2576,2,2548,False,1435.5372670807453,498.74844720496895
431,419,113,2724,1,2724,False,1581.2283406754773,515.4192364170337
432,420,14,3972,1,3972,False,1653.9622356495468,554.4073514602215
432,420,38,4192,1,4192,False,1881.4045801526718,416.05152671755724
432,420,75,2396,1,2396,False,1441.2913188647747,498.74707846410683
432,420,113,2812,1,2812,False,1582.775960170697,516.5967283072546
433,421,14,3980,1,3980,False,1652.9422110552764,555.1030150753769
433,421,38,4544,1,4544,False,1873.244718309859,407.7535211267606
433,421,75,2184,1,2184,False,1443.2252747252746,499.45604395604397
433,421,113,2756,1,2756,False,1586.122641509434,516.6683599419448
434,422,14,3908,1,3908,False,1653.6668372569088,555.1653019447288
434,422,38,2616,1,2616,False,1891.4510703363915,444.73241590214064
434,422,75,2176,1,2176,False,1443.3235294117646,501.89338235294116
434,422,113,2656,1,2656,False,1590.3222891566265,516.5722891566265
435,423,14,4372,1,4372,False,1650.6225983531565,555.5192131747484
435,423,38,3188,1,3188,False,1890.2214554579673,444.5326223337516
435,423,75,2608,1,2608,False,1443.920245398773,502.5950920245399
435,423,113,3284,1,3284,False,1590.1102314250913,523.1626065773447
436,424,14,4384,1,4384,False,1650.3357664233577,555.6386861313869
436,424,38,3656,1,3656,False,1893.222100656455,449.82166301969363
436,424,75,2992,1,2992,False,1443.0561497326203,506.2165775401069
436,424,113,3488,1,3488,False,1593.5435779816514,524.4197247706422
437,425,14,4328,1,4328,False,1650.4981515711645,555.5794824399261
437,425,38,2888,1,2888,False,1918.314404432133,474.55540166204986
437,425,75,3276,1,3276,False,1442.534188034188,509.05921855921855
437,425,113,3464,1,3464,False,1596.2667436489608,525.9780600461894
438,426,14,4336,1,4336,False,1650.3339483394834,555.7158671586716
438,426,38,2664,1,2664,False,1918.7942942942943,472.0825825825826
438,426,75,3512,1,3512,False,1443.130979498861,511.9396355353075
438,426,113,3628,1,3628,False,1599.9950385887541,528.9564498346197
439,427,14,4312,1,4312,False,1650.564935064935,555.6892393320965
439,427,38,3192,1,3192,False,1939.12656641604,491.0964912280702
439,427,75,3676,1,3676,False,1444.619695321001,514.4107725788901
439,427,113,3672,1,3672,False,1604.0860566448803,530.0686274509804
440,428,14,4296,1,4296,False,1650.7290502793296,555.6638733705773
440,428,38,2248,1,2248,False,1946.211743772242,497.4928825622776
440,428,75,3732,1,3732,False,1449.147374062165,515.8612004287246
440,428,113,3608,1,3608,False,1606.0543237250554,530.8880266075388
441,429,14,4284,1,4284,False,1650.8641456582634,555.6914098972923
441,429,38,2624,1,2624,False,1953.5518292682927,499.7743902439024
441,429,75,3664,1,3664,False,1457.0524017467249,517.3318777292576
441,429,113,3504,1,3504,False,1609.675799086758,531.6986301369863
442,430,14,4208,1,4208,False,1651.0608365019011,555.5893536121673
442,430,38,2140,1,2140,False,1978.2233644859814,521.4158878504672
442,430,75,3468,1,3468,False,1466.7237600922722,516.9544405997693
442,430,113,3212,1,3212,False,1613.912204234122,530.791407222914
443,431,14,4152,1,4152,False,1651.4865125240847,555.5231213872833
443,431,38,2260,1,2260,False,1973.3743362831858,523.0699115044248
443,431,75,3484,1,3484,False,1477.946613088404,516.7433983926521
443,431,113,2964,1,2964,False,1619.4770580296897,526.4514170040486
444,432,14,4180,1,4180,False,1651.5047846889952,555.3765550239234
444,432,38,1476,2,1456,False,1991.388888888889,541.6653116531165
444,432,75,3308,1,3308,False,1492.9619105199517,516.8192261185006
444,432,113,2780,1,2780,False,1626.848201438849,523.1388489208633
445,433,14,4148,1,4148,False,1651.6976856316296,555.3659594985535
445,433,38,876,2,812,False,2003.5958904109589,548.4817351598173
445,433,75,3332,1,3332,False,1509.1530612244899,516.0366146458583
445,433,113,2792,1,2792,False,1633.0329512893982,522.4169054441261
446,434,14,4128,1,4128,False,1651.4651162790697,555.5639534883721
446,434,38,1540,2,1528,False,1992.0844155844156,551.0298701298701
446,434,75,3500,1,3500,False,1524.1571428571428,515.2222857142857
446,434,113,2588,1,2588,False,1637.8817619783617,521.1151468315302
447,435,14,4252,1,4252,False,1651.6175917215428,554.5903104421449
447,435,38,1216,1,1216,False,2007.7894736842106,561.0263157894736
447,435,75,3280,1,3280,False,1538.0682926829268,515.2365853658537
447,435,113,2312,2,2304,False,1639.773356401384,519.6003460207612
448,436,14,4348,1,4348,False,1651.7290708371665,554.0289788408463
448,436,38,1772,1,1772,False,2010.928893905192,564.2336343115124
448,436,75,2968,1,2968,False,1548.2169811320755,516.7803234501348
448,436,113,2540,1,2540,False,1635.6370078740158,521.2527559055118
449,437,14,4424,1,4424,False,1650.8435804701628,553.7658227848101
449,437,38,1892,1,1892,False,2013.4302325581396,564.2970401691332
449,437,75,2904,1,2904,False,1561.0564738292012,517.7093663911845
449,437,113,2444,1,2444,False,1636.7978723404256,520.8109656301145
450,438,14,4396,1,4396,False,1650.7784349408553,552.9167424931757
450,438,38,1676,1,1676,False,2019.7028639618138,568.3949880668258
450,438,75,2800,1,2800,False,1571.06,520.0457142857143
450,438,113,2508,1,2508,False,1636.6371610845295,522.8381180223286
451,439,14,4424,1,4424,False,1650.0623869801084,552.1962025316456
451,439,38,1348,1,1348,False,2027.526706231454,570.9272997032641
451,439,75,2788,1,2788,False,1577.5989956958392,522.9763271162124
451,439,113,2280,1,2280,False,1638.4719298245614,522.0508771929825
452,440,14,4544,1,4544,False,1650.0792253521126,550.4419014084507
452,440,38,1200,1,1200,False,2035.12,575.06
452,440,75,2732,2,2728,False,1585.2174231332358,526.1808199121523
452,440,113,1992,1,1992,False,1638.206827309237,521.1224899598394
453,441,14,4216,1,4216,False,1651.0464895635673,551.7960151802656
453,441,38,912,1,912,False,2041.7894736842106,575.780701754386
453,441,75,2396,1,2396,False,1592.7938230383972,528.329716193656
453,441,113,2064,1,2064,False,1642.2751937984497,521.1046511627907
454,442,14,4196,1,4196,False,1650.9499523355578,551.7735938989514
454,442,38,876,1,876,False,2047.349315068493,577.4589041095891
454,442,75,2160,1,2160,False,1598.7111111111112,530.7111111111111
454,442,113,1920,1,1920,False,1643.975,519.1708333333333
455,443,14,4272,1,4272,False,1650.7265917602997,552.62734082397
455,443,38,940,1,940,False,2051.436170212766,579.8957446808511
455,443,75,1724,1,1724,False,1605.4280742459396,535.2331786542924
455,443,113,1892,1,1892,False,1644.9651162790697,517.252642706131
456,444,14,4204,1,4204,False,1650.3877259752617,553.2687916270219
456,444,38,948,1,948,False,2055.8755274261603,581.1075949367089
456,444,75,728,1,728,False,1610.0274725274726,542.7087912087912
456,444,113,2016,1,2016,False,1644.861111111111,517.936507936508
457,445,14,4204,1,4204,False,1651.8149381541389,553.2117031398668
457,445,38,1032,1,1032,False,2059.7248062015506,580.8255813953489
457,445,75,40,1,40,False,1604.5,555.5
457,445,113,2276,1,2276,False,1641.8145869947275,521.9165202108964
458,446,14,4404,1,4404,False,1651.1920980926432,555.6553133514986
458,446,38,988,1,988,False,2063.2935222672063,580.9696356275304
458,446,75,0,0,0,False,,
458,446,113,2108,1,2108,False,1645.813092979127,514.8339658444023
459,447,14,4368,1,4368,False,1652.047619047619,554.7197802197802
459,447,38,1028,1,1028,False,2064.6789883268484,582.0408560311284
459,447,75,0,0,0,False,,
459,447,113,2148,1,2148,False,1644.7346368715084,513.7327746741155
460,448,14,4336,1,4336,False,1651.7214022140222,553.3265682656827
460,448,38,1052,1,1052,False,2066.1653992395436,583.541825095057
460,448,75,948,1,948,False,1698.6012658227849,584.6097046413502
460,448,113,2148,1,2148,False,1642.2690875232774,512.8277467411546
461,449,14,4348,1,4348,False,1652.4208831646733,552.4484820607175
461,449,38,1100,1,1100,False,2067.838181818182,583.9181818181818
461,449,75,1104,3,1096,False,1704.5,587.5072463768116
461,449,113,2344,1,2344,False,1640.165529010239,511.59556313993176
462,450,14,4444,1,4444,False,1653.0202520252026,553.1228622862286
462,450,38,1092,1,1092,False,2068.360805860806,584.7857142857143
462,450,75,1424,1,1424,False,1709.4101123595506,590.5449438202247
462,450,113,2412,1,2412,False,1638.8615257048093,510.85820895522386
463,451,14,4424,1,4424,False,1654.0660036166366,554.4584086799276
463,451,38,1112,1,1112,False,2069.061151079137,586.6726618705036
463,451,75,1124,1,1124,False,1728.7348754448399,594.855871886121
463,451,113,2536,1,2536,False,1638.3927444794954,513.0299684542587
464,452,14,4676,1,4676,False,1655.707869974337,555.7557741659538
464,452,38,1112,1,1112,False,2069.665467625899,588.7877697841726
464,452,75,1192,1,1192,False,1734.251677852349,596.493288590604
464,452,113,2564,1,2564,False,1637.9789391575664,513.5296411856474
465,453,14,4792,1,4792,False,1657.982470784641,555.7253756260434
465,453,38,1140,1,1140,False,2071.0894736842106,590.8789473684211
465,453,75,1348,1,1348,False,1743.0697329376856,599.3842729970327
465,453,113,2572,1,2572,False,1637.1314152410575,513.8281493001555
466,454,14,4584,1,4584,False,1662.6396160558463,555.1788830715532
466,454,38,1196,1,1196,False,2072.8478260869565,592.2993311036789
466,454,75,1412,1,1412,False,1750.941926345609,601.0495750708216
466,454,113,2632,1,2632,False,1636.5911854103344,514.0288753799392
467,455,14,4520,1,4520,False,1666.029203539823,554.5495575221239
467,455,38,1104,1,1104,False,2072.876811594203,595.2971014492754
467,455,75,1596,1,1596,False,1755.6528822055138,600.9962406015038
467,455,113,2680,1,2680,False,1635.8462686567163,515.1746268656716
468,456,14,4604,1,4604,False,1669.0960034752388,554.6407471763683
468,456,38,1108,1,1108,False,2072.5072202166066,597.2003610108303
468,456,75,1612,1,1612,False,1763.4280397022333,599.9789081885856
468,456,113,2704,1,2704,False,1634.585798816568,514.4349112426036
469,457,14,4488,1,4488,False,1671.2201426024956,554.6764705882352
469,457,38,1112,1,1112,False,2072.679856115108,597.615107913669
469,457,75,1388,1,1388,False,1770.6037463976945,601.2031700288185
469,457,113,2768,1,2768,False,1633.8092485549132,514.0462427745665
470,458,14,4476,1,4476,False,1671.4687220732797,555.2381590705987
470,458,38,1176,1,1176,False,2073.9761904761904,597.0034013605442
470,458,75,1564,1,1564,False,1774.4744245524296,601.1393861892583
470,458,113,2840,1,2840,False,1633.607042253521,513.9816901408451
471,459,14,4760,1,4760,False,1671.6798319327731,555.3470588235294
471,459,38,1232,1,1232,False,2074.4415584415583,597.3701298701299
471,459,75,1636,1,1636,False,1777.9180929095355,599.2872860635697
471,459,113,2856,1,2856,False,1633.2843137254902,513.6456582633053
472,460,14,4604,1,4604,False,1676.381841876629,554.468722849696
472,460,38,1168,1,1168,False,2075.0205479452056,600.1780821917808
472,460,75,1300,1,1300,False,1786.8446153846153,604.1430769230769
472,460,113,2856,1,2856,False,1633.217086834734,514.3851540616247
473,461,14,4524,1,4524,False,1677.6706454465075,555.0641025641025
473,461,38,1112,1,1112,False,2075.2841726618703,601.4712230215828
473,461,75,1284,1,1284,False,1791.0482866043615,604.4688473520249
473,461,113,2824,1,2824,False,1633.0212464589235,514.3356940509915
474,462,14,4388,1,4388,False,1681.1271649954422,555.5191431175934
474,462,38,1176,1,1176,False,2075.7108843537417,602.5340136054422
474,462,75,1248,1,1248,False,1794.8653846153845,605.0192307692307
474,462,113,2696,1,2696,False,1631.9718100890207,511.6632047477745
475,463,14,4532,1,4532,False,1684.6112091791704,555.6368049426302
475,463,38,1196,1,1196,False,2076.225752508361,602.5133779264214
475,463,75,1184,1,1184,False,1797.2364864864865,606.2702702702703
475,463,113,2880,1,2880,False,1631.025,513.3833333333333
476,464,14,4248,1,4248,False,1688.0668549905838,554.7203389830509
476,464,38,1264,1,1264,False,2076.6012658227846,603.0632911392405
476,464,75,1152,1,1152,False,1802.986111111111,609.7638888888889
476,464,113,2720,1,2720,False,1630.1147058823528,512.5088235294118
477,465,14,4304,1,4304,False,1690.0576208178438,554.089219330855
477,465,38,1240,1,1240,False,2075.777419354839,604.4935483870968
477,465,75,1184,1,1184,False,1806.7094594594594,611.3445945945946
477,465,113,2848,1,2848,False,1629.0702247191011,513.4494382022472
478,466,14,4348,1,4348,False,1690.7465501379945,554.1890524379024
478,466,38,1096,1,1096,False,2074.20802919708,605.9598540145986
478,466,75,1080,1,1080,False,1813.4185185185186,611.5148148148148
478,466,113,2748,1,2748,False,1626.0167394468704,512.0458515283843
479,467,14,4424,1,4424,False,1691.2233273056058,554.2160940325497
479,467,38,1140,1,1140,False,2072.4438596491227,607.6859649122807
479,467,75,840,1,840,False,1814.4714285714285,612.2333333333333
479,467,113,2828,1,2828,False,1622.6386138613861,511.81824611032533
480,468,14,4304,1,4304,False,1693.810408921933,554.042750929368
480,468,38,1208,1,1208,False,2069.4867549668875,607.0695364238411
480,468,75,1276,1,1276,False,1813.2210031347963,609.4404388714734
480,468,113,2880,1,2880,False,1618.8805555555555,510.75
481,469,14,3716,1,3716,False,1695.8175457481163,553.7443487621098
481,469,38,1256,1,1256,False,2067.2006369426754,605.6847133757962
481,469,75,1060,1,1060,False,1817.9490566037737,613.677358490566
481,469,113,2540,2,2536,False,1615.9803149606298,510.959842519685
482,470,14,3696,1,3696,False,1696.4285714285713,553.6731601731602
482,470,38,1284,1,1284,False,2066.4065420560746,606.4003115264798
482,470,75,1036,2,1028,False,1819.0791505791506,614.2220077220077
482,470,113,2548,2,2524,False,1612.4717425431709,509.21899529042383
483,471,14,3640,1,3640,False,1697.078021978022,553.689010989011
483,471,38,1280,1,1280,False,2066.41875,609.2
483,471,75,1192,2,1184,False,1823.1040268456377,615.1040268456376
483,471,113,2520,1,2520,False,1609.7412698412697,508.34444444444443
484,472,14,3664,1,3664,False,1696.9934497816594,553.9257641921397
484,472,38,1220,1,1220,False,2066.781967213115,611.2672131147541
484,472,75,1296,1,1296,False,1828.4567901234568,617.2037037037037
484,472,113,2564,1,2564,False,1607.5171606864274,507.695007800312
485,473,14,3640,1,3640,False,1697.2076923076922,553.8978021978022
485,473,38,1184,1,1184,False,2067.5810810810813,612.3581081081081
485,473,75,1332,1,1332,False,1833.8873873873874,619.7012012012012
485,473,113,2576,1,2576,False,1605.94099378882,507.70186335403724
486,474,14,3652,1,3652,False,1697.2163198247536,553.947973713034
486,474,38,1264,1,1264,False,2068.96835443038,612.7341772151899
486,474,75,1300,1,1300,False,1840.4138461538462,622.58
486,474,113,2556,1,2556,False,1603.783255086072,507.4765258215962
487,475,14,3636,1,3636,False,1697.404290429043,553.8597359735974
487,475,38,1284,1,1284,False,2069.8956386292834,615.0358255451713
487,475,75,1596,1,1596,False,1845.718045112782,623.4172932330827
487,475,113,2548,1,2548,False,1601.4199372056514,507.0086342229199
488,476,14,3656,1,3656,False,1697.355579868709,553.7910284463895
488,476,38,1092,1,1092,False,2070.3901098901097,620.6538461538462
488,476,75,1816,1,1816,False,1854.125550660793,625.3149779735683
488,476,113,2476,1,2476,False,1598.3352180936995,506.79402261712437
489,477,14,3648,1,3648,False,1697.3399122807018,553.9868421052631
489,477,38,1084,1,1084,False,2070.8763837638376,622.2047970479705
489,477,75,2004,1,2004,False,1858.492015968064,626.3602794411178
489,477,113,2404,1,2404,False,1594.9093178036605,506.6198003327787
490,478,14,3660,1,3660,False,1697.3743169398906,554.0825136612021
490,478,38,1112,1,1112,False,2071.4208633093526,625.0035971223022
490,478,75,2036,1,2036,False,1864.409626719057,627.6827111984283
490,478,113,2328,1,2328,False,1589.946735395189,505.4518900343643
491,479,14,3936,1,3936,False,1697.2479674796748,553.3353658536586
491,479,38,1032,1,1032,False,2071.7403100775196,629.6085271317829
491,479,75,2128,1,2128,False,1871.548872180451,628.3195488721805
491,479,113,2496,1,2496,False,1586.3621794871794,504.67628205128204
492,480,14,3712,1,3712,False,1697.3383620689656,553.8577586206897
492,480,38,1040,1,1040,False,2071.5538461538463,635.6923076923077
492,480,75,2196,1,2196,False,1878.379781420765,629.1338797814208
492,480,113,2264,1,2264,False,1581.3551236749117,502.47173144876325
493,481,14,3756,1,3756,False,1697.2944621938232,553.9952076677316
493,481,38,996,1,996,False,2071.873493975904,641.3192771084338
493,481,75,2228,1,2228,False,1883.613105924596,630.6867145421903
493,481,113,2240,1,2240,False,1576.9785714285715,501.1535714285714
494,482,14,3744,1,3744,False,1696.9700854700855,554.2222222222222
494,482,38,928,1,928,False,2071.646551724138,646.8275862068965
494,482,75,2172,1,2172,False,1887.037753222836,632.768876611418
494,482,113,2228,1,2228,False,1574.169658886894,500.61131059245963
495,483,14,3736,1,3736,False,1696.8468950749464,554.3843683083512
495,483,38,948,1,948,False,2070.440928270042,650.0189873417721
495,483,75,2076,1,2076,False,1889.9682080924856,634.0606936416185
495,483,113,2188,1,2188,False,1571.428702010969,500.01371115173674
496,484,14,3732,1,3732,False,1696.7593783494106,554.3799571275456
496,484,38,912,1,912,False,2069.7280701754385,650.6842105263158
496,484,75,2132,1,2132,False,1891.4756097560976,634.5
496,484,113,2204,1,2204,False,1569.029945553539,499.8030852994555
497,485,14,3720,1,3720,False,1696.7494623655914,554.547311827957
497,485,38,972,1,972,False,2068.261316872428,638.9855967078189
497,485,75,2136,1,2136,False,1893.556179775281,635.8970037453183
497,485,113,2144,1,2144,False,1566.5820895522388,498.95522388059703
498,486,14,3720,1,3720,False,1696.715053763441,554.7258064516129
498,486,38,968,1,968,False,2067.623966942149,611.0371900826447
498,486,75,1952,1,1952,False,1898.3565573770493,636.8688524590164
498,486,113,2140,1,2140,False,1564.6420560747663,498.9710280373832
499,487,14,3728,1,3728,False,1696.7188841201717,554.81330472103
499,487,38,700,1,700,False,2062.7057142857143,589.8942857142857
499,487,75,1924,1,1924,False,1903.8970893970893,637.3316008316008
499,487,113,2132,1,2132,False,1561.3630393996248,499.15666041275796
500,488,14,3728,1,3728,False,1696.8562231759656,554.7188841201717
500,488,38,1316,1,1316,False,2053.0410334346507,546.4209726443769
500,488,75,2284,1,2284,False,1907.4036777583187,637.746935201401
500,488,113,2140,1,2140,False,1558.0439252336448,498.9710280373832
501,489,14,3816,1,3816,False,1697.4643605870021,553.2631027253668
501,489,38,1388,1,1388,False,2051.49711815562,540.4884726224784
501,489,75,2840,1,2840,False,1913.5281690140846,636.7507042253521
501,489,113,2148,1,2148,False,1555.5837988826815,498.4441340782123
502,490,14,3848,1,3848,False,1697.3503118503118,553.7099792099792
502,490,38,1448,1,1448,False,2038.6049723756905,505.4171270718232
502,490,75,3028,1,3028,False,1911.6281373844122,636.053500660502
502,490,113,2140,1,2140,False,1552.2757009345794,496.0551401869159
503,491,14,3720,1,3720,False,1697.1967741935484,555.0096774193548
503,491,38,1132,1,1132,False,2026.8604240282687,484.3303886925795
503,491,75,2524,1,2524,False,1906.782091917591,634.1133122028526
503,491,113,2008,1,2008,False,1549.1374501992032,495.18924302788844
504,492,14,3900,1,3900,False,1697.5051282051281,553.5871794871795
504,492,38,2716,1,2716,False,2019.3365243004419,452.9477172312224
504,492,75,3180,1,3180,False,1906.0899371069183,630.4874213836478
504,492,113,2164,1,2164,False,1547.2763401109057,493.0988909426987
505,493,14,3924,1,3924,False,1697.9454638124364,553.401121304791
505,493,38,1820,1,1820,False,1997.6824175824177,429.0362637362637
505,493,75,3312,1,3312,False,1905.2971014492753,628.328502415459
505,493,113,2144,1,2144,False,1544.455223880597,493.5261194029851
506,494,14,3896,1,3896,False,1697.9373716632444,553.8921971252566
506,494,38,2828,1,2828,False,1981.6117397454032,397.529702970297
506,494,75,3200,1,3200,False,1904.385,628.2525
506,494,113,2360,1,2360,False,1541.777966101695,495.23559322033896
507,495,14,3864,1,3864,False,1698.106625258799,553.8726708074535
507,495,38,2472,1,2472,False,1961.1148867313916,361.22168284789643
507,495,75,2472,1,2472,False,1904.1472491909385,627.7880258899677
507,495,113,2196,1,2196,False,1539.9681238615665,494.6821493624772
508,496,14,3884,1,3884,False,1698.3125643666324,554.0489186405767
508,496,38,2776,1,2776,False,1942.1484149855908,335.200288184438
508,496,75,2592,1,2592,False,1905.0740740740741,628.6635802469136
508,496,113,2300,1,2300,False,1537.693043478261,496.59043478260867
509,497,14,3864,1,3864,False,1698.444099378882,553.4875776397515
509,497,38,2388,1,2388,False,1923.2973199329983,293.143216080402
509,497,75,2412,1,2412,False,1904.025704809287,629.2927031509121
509,497,113,2176,1,2176,False,1535.6139705882354,494.69117647058823
510,498,14,3776,1,3776,False,1699.0677966101696,553.5889830508474
510,498,38,2656,1,2656,False,1893.8975903614457,254.8524096385542
510,498,75,2468,1,2468,False,1901.8322528363046,629.7479740680714
510,498,113,2104,1,2104,False,1534.8574144486693,494.05893536121675
511,499,14,3704,1,3704,False,1699.182505399568,553.8844492440604
511,499,38,3212,1,3212,False,1870.1438356164383,212.5672478206725
511,499,75,2308,1,2308,False,1898.9124783362217,630.5727902946273
511,499,113,2020,1,2020,False,1533.79900990099,493.19702970297027
512,500,14,3660,1,3660,False,1699.275956284153,555.6825136612022
512,500,38,4576,1,4576,False,1832.1818181818182,167.51573426573427
512,500,75,2128,1,2128,False,1896.8796992481202,631.0187969924812
512,500,113,1976,1,1976,False,1532.5404858299596,492.56477732793525
513,501,14,3724,1,3724,False,1699.2132116004298,556.233619763695
513,501,38,2772,1,2772,False,1797.533189033189,114.77705627705627
513,501,75,1956,1,1956,False,1895.739263803681,631.3629856850715
513,501,113,1968,1,1968,False,1532.1544715447155,492.4268292682927
514,502,14,3760,1,3760,False,1699.5148936170212,556.5808510638298
514,502,38,3712,1,3712,False,1755.7413793103449,60.51077586206897
514,502,75,1936,1,1936,False,1894.7148760330579,631.7809917355372
514,502,113,1944,1,1944,False,1532.1008230452676,491.87860082304525
515,503,14,3712,1,3712,False,1699.6012931034484,556.7737068965517
515,503,38,0,0,0,False,,
515,503,75,1904,1,1904,False,1893.6680672268908,631.2983193277311
515,503,113,1920,1,1920,False,1531.9791666666667,492.98333333333335
516,504,14,3652,1,3652,False,1699.932639649507,556.5700985761226
516,504,38,0,0,0,False,,
516,504,75,1936,1,1936,False,1891.6363636363637,631.0619834710744
516,504,113,1988,1,1988,False,1532.3269617706237,494.33903420523137
517,505,14,3620,1,3620,False,1700.1795580110497,556.7121546961326
517,505,38,0,0,0,False,,
517,505,75,1692,1,1692,False,1888.4338061465721,630.7695035460993
517,505,113,2000,1,2000,False,1533.188,494.488
518,506,14,3668,1,3668,False,1700.8642311886588,555.9263904034897
518,506,38,0,0,0,False,,
518,506,75,1656,1,1656,False,1885.7028985507247,629.8140096618357
518,506,113,2032,1,2032,False,1534.208661417323,495.20866141732284
519,507,14,3580,1,3580,False,1700.3279329608938,556.7256983240223
519,507,38,0,0,0,False,,
519,507,75,1964,1,1964,False,1885.4042769857433,628.5285132382892
519,507,113,2020,1,2020,False,1534.9435643564357,495.8821782178218
520,508,14,3800,1,3800,False,1699.4515789473685,553.6852631578947
520,508,38,0,0,0,False,,
520,508,75,2672,2,2660,False,1882.868263473054,623.2095808383234
520,508,113,2192,1,2192,False,1535.85401459854,496.2153284671533
521,509,14,3860,1,3860,False,1698.1953367875647,553.1341968911917
521,509,38,0,0,0,False,,
521,509,75,3460,1,3460,False,1892.271098265896,610.9578034682081
521,509,113,2236,1,2236,False,1536.371198568873,496.45348837209303
522,510,14,3784,1,3784,False,1697.2505285412262,553.0475687103594
522,510,38,0,0,0,False,,
522,510,75,3560,2,3532,False,1892.9516853932585,600.2033707865169
522,510,113,2272,1,2272,False,1537.2852112676057,496.77464788732397
523,511,14,3676,1,3676,False,1697.3509249183896,553.7861806311208
523,511,38,0,0,0,False,,
523,511,75,3688,4,3668,False,1894.918655097614,592.9642082429501
523,511,113,2272,1,2272,False,1537.9049295774648,497.09507042253523
524,512,14,3652,2,3604,False,1685.7771084337348,554.1560788608981
524,512,38,0,0,0,False,,
524,512,75,4556,1,4556,False,1899.0074626865671,596.4438103599649
524,512,113,2272,1,2272,False,1538.6549295774648,496.556338028169
525,513,14,3876,1,3876,False,1696.1697626418988,555.577399380805
525,513,38,0,0,0,False,,
525,513,75,4332,2,4324,False,1901.438134810711,596.0771006463527
525,513,113,2516,1,2516,False,1540.31240063593,496.1947535771065
526,514,14,3944,2,3896,False,1684.8123732251522,556.7555780933063
526,514,38,0,0,0,False,,
526,514,75,4016,1,4016,False,1904.1713147410358,592.0637450199204
526,514,113,2396,1,2396,False,1540.763772954925,497.0208681135225
527,515,14,4144,2,3920,False,1648.6872586872587,558.2528957528957
527,515,38,0,0,0,False,,
527,515,75,4372,2,4324,False,1893.5301921317475,592.8092406221409
527,515,113,2488,1,2488,False,1541.670418006431,497.40675241157555
528,516,14,4052,2,4008,False,1685.9432379072064,558.1386969397828
528,516,38,0,0,0,False,,
528,516,75,4192,1,4192,False,1904.0858778625955,589.0057251908397
528,516,113,2464,1,2464,False,1542.4707792207791,496.74675324675326
529,517,14,4032,2,4004,False,1688.3075396825398,557.9880952380952
529,517,38,0,0,0,False,,
529,517,75,4276,1,4276,False,1903.4466791393827,589.5982226379795
529,517,113,2408,1,2408,False,1542.93853820598,496.69269102990035
530,518,14,4120,2,4104,False,1690.5077669902912,558.5019417475728
530,518,38,0,0,0,False,,
530,518,75,4224,1,4224,False,1903.623106060606,591.7916666666666
530,518,113,2380,1,2380,False,1543.4546218487394,496.2075630252101
531,519,14,4148,2,4124,False,1687.9946962391514,558.4344262295082
531,519,38,0,0,0,False,,
531,519,75,4268,3,4256,False,1900.9592314901593,592.7249297094658
531,519,113,2376,1,2376,False,1543.7626262626263,496.40909090909093
532,520,14,4164,2,4128,False,1685.3434197886647,560.0312199807877
532,520,38,0,0,0,False,,
532,520,75,4368,1,4368,False,1897.521978021978,591.2234432234433
532,520,113,2412,1,2412,False,1543.6243781094527,496.6160862354892
533,521,14,4216,2,4160,False,1680.5531309297912,560.555028462998
533,521,38,0,0,0,False,,
533,521,75,4612,2,4608,False,1894.7601908065915,592.0698178664354
533,521,113,2388,1,2388,False,1544.2721943048575,495.9673366834171
534,522,14,4216,2,4200,False,1687.7941176470588,560.9193548387096
534,522,38,0,0,0,False,,
534,522,75,4356,1,4356,False,1890.8269054178145,589.1391184573002
534,522,113,2408,1,2408,False,1544.044850498339,496.5232558139535
535,523,14,4288,2,4232,False,1678.660447761194,561.4272388059702
535,523,38,0,0,0,False,,
535,523,75,4456,1,4456,False,1887.9362657091563,587.8967684021544
535,523,113,2416,1,2416,False,1543.4701986754967,496.6092715231788
536,524,14,4248,2,4160,False,1669.2815442561205,561.8973634651601
536,524,38,0,0,0,False,,
536,524,75,4532,1,4532,False,1883.7462488967344,587.6632833186231
536,524,113,2436,1,2436,False,1542.9302134646962,496.1814449917898
537,525,14,4204,2,4192,False,1680.871075166508,561.2364414843007
537,525,38,0,0,0,False,,
537,525,75,4968,1,4968,False,1880.8123993558777,588.1409017713365
537,525,113,2528,1,2528,False,1542.7816455696202,495.9240506329114
538,526,14,4244,2,4236,False,1677.6837888784166,562.9901036757776
538,526,38,0,0,0,False,,
538,526,75,4488,1,4488,False,1880.5142602495544,591.3146167557933
538,526,113,2412,1,2412,False,1541.153399668325,497.19983416252074
539,527,14,4404,2,4388,False,1670.1712079927338,563.0504087193461
539,527,38,0,0,0,False,,
539,527,75,4612,1,4612,False,1872.7862098872506,589.6049436253253
539,527,113,2408,1,2408,False,1540.5099667774086,497.78239202657807
540,528,14,4452,2,4396,False,1655.4451931716083,561.7345013477089
540,528,38,0,0,0,False,,
540,528,75,4708,1,4708,False,1868.9146134239593,588.3351741716227
540,528,113,2440,1,2440,False,1540.1032786885246,497.30655737704916
541,529,14,4372,2,4272,False,1641.0983531564502,561.2557182067703
541,529,38,0,0,0,False,,
541,529,75,5924,3,5908,False,1857.839635381499,582.8092505064146
541,529,113,2416,1,2416,False,1539.6026490066224,496.6026490066225
542,530,14,4116,2,4028,False,1638.4067055393587,561.3707482993198
542,530,38,0,0,0,False,,
542,530,75,6296,2,6284,False,1850.4517153748411,580.4161372299874
542,530,113,2420,1,2420,False,1539.306611570248,496.7082644628099
543,531,14,4360,2,4228,False,1626.569724770642,561.3954128440367
543,531,38,0,0,0,False,,
543,531,75,5864,2,5756,False,1828.0784447476126,583.5559345156889
543,531,113,2400,1,2400,False,1538.75,497.16
544,532,14,4292,1,4292,False,1648.1756756756756,560.9156570363467
544,532,38,0,0,0,False,,
544,532,75,5540,1,5540,False,1843.0285198555957,585.6610108303249
544,532,113,2380,1,2380,False,1538.7218487394957,497.1823529411765
545,533,14,4260,1,4260,False,1644.4305164319248,560.8342723004695
545,533,38,0,0,0,False,,
545,533,75,5772,1,5772,False,1836.565142065142,583.4646569646569
545,533,113,2424,1,2424,False,1538.5825082508252,497.1798679867987
546,534,14,4220,1,4220,False,1640.1284360189572,561.0592417061612
546,534,38,0,0,0,False,,
546,534,75,5840,1,5840,False,1828.6657534246576,581.0506849315068
546,534,113,2416,1,2416,False,1538.453642384106,497.13907284768214
547,535,14,4400,1,4400,False,1636.7727272727273,562.569090909091
547,535,38,0,0,0,False,,
547,535,75,6248,1,6248,False,1820.1081946222791,580.1683738796415
547,535,113,2396,1,2396,False,1538.2562604340567,497.254590984975
548,536,14,4564,1,4564,False,1632.0144609991237,563.7094653812445
548,536,38,0,0,0,False,,
548,536,75,5924,1,5924,False,1816.3946657663741,582.215057393653
548,536,113,2308,1,2308,False,1537.9870017331023,498.1256499133449
549,537,14,4500,1,4500,False,1626.628,564.2777777777778
549,537,38,0,0,0,False,,
549,537,75,6308,1,6308,False,1808.2552314521242,580.8627140139505
549,537,113,2288,1,2288,False,1537.5524475524476,498.36713286713285
550,538,14,4344,1,4344,False,1621.6694290976059,564.0082872928177
550,538,38,0,0,0,False,,
550,538,75,6300,1,6300,False,1802.1990476190476,583.5298412698413
550,538,113,2404,1,2404,False,1537.5515806988353,497.69800332778703
551,539,14,4248,1,4248,False,1616.6581920903955,564.5131826741996
551,539,38,0,0,0,False,,
551,539,75,6400,1,6400,False,1796.68,584.9675
551,539,113,2416,1,2416,False,1537.4039735099338,497.5794701986755
552,540,14,4092,1,4092,False,1611.9799608993158,563.7258064516129
552,540,38,0,0,0,False,,
552,540,75,6460,1,6460,False,1793.0919504643962,585.761919504644
552,540,113,2432,1,2432,False,1537.0986842105262,497.95394736842104
553,541,14,4144,1,4144,False,1605.7142857142858,563.3281853281853
553,541,38,0,0,0,False,,
553,541,75,6032,1,6032,False,1789.3819628647216,586.8315649867374
553,541,113,2280,1,2280,False,1537.2228070175438,497.7631578947368
554,542,14,4076,1,4076,False,1601.5029440628066,563.0024533856722
554,542,38,0,0,0,False,,
554,542,75,5528,1,5528,False,1783.090448625181,588.0180897250361
554,542,113,2284,1,2284,False,1537.2600700525395,497.7889667250438
555,543,14,4456,1,4456,False,1597.1552962298026,562.9973070017953
555,543,38,0,0,0,False,,
555,543,75,5344,1,5344,False,1776.1916167664672,586.8398203592815
555,543,113,2456,1,2456,False,1537.0960912052117,498.14820846905536
556,544,14,4524,1,4524,False,1590.8996463306808,563.6458885941645
556,544,38,0,0,0,False,,
556,544,75,5116,1,5116,False,1767.2083659108678,585.8635652853792
556,544,113,2476,1,2476,False,1537.0912762520195,498.1768982229402
557,545,14,4548,1,4548,False,1583.0576077396659,562.6759014951627
557,545,38,0,0,0,False,,
557,545,75,5076,1,5076,False,1759.850669818755,581.269109535067
557,545,113,2488,1,2488,False,1537.692926045016,497.81832797427654
558,546,14,4832,1,4832,False,1574.478476821192,561.7665562913908
558,546,38,0,0,0,False,,
558,546,75,5252,1,5252,False,1754.52284843869,577.482482863671
558,546,113,2376,1,2376,False,1537.1060606060605,497.9646464646465
559,547,14,4872,1,4872,False,1567.2372742200328,560.1847290640394
559,547,38,0,0,0,False,,
559,547,75,5616,1,5616,False,1748.7250712250711,572.1965811965812
559,547,113,2068,1,2068,False,1535.9158607350096,495.81528046421664
560,548,14,4304,1,4304,False,1562.782527881041,560.2434944237918
560,548,38,0,0,0,False,,
560,548,75,6108,1,6108,False,1742.8195808775376,570.6440733464309
560,548,113,1764,1,1764,False,1536.0827664399094,494.1235827664399
561,549,14,4124,1,4124,False,1558.8957322987392,563.6891367604268
561,549,38,0,0,0,False,,
561,549,75,5840,1,5840,False,1738.4246575342465,570.3821917808219
561,549,113,1988,1,1988,False,1538.407444668008,495.3209255533199
562,550,14,5256,3,5244,False,1551.5791476407915,559.7100456621005
562,550,38,0,0,0,False,,
562,550,75,6336,1,6336,False,1729.364898989899,564.7234848484849
562,550,113,1832,2,1800,False,1541.622270742358,490.55676855895194
563,551,14,5156,1,5156,False,1550.333979829325,560.7265321955003
563,551,38,0,0,0,False,,
563,551,75,4712,1,4712,False,1733.9601018675721,569.9125636672326
563,551,113,1856,2,1840,False,1541.280172413793,490.3836206896552
564,552,14,5076,1,5076,False,1548.0571315996847,561.7293144208038
564,552,38,0,0,0,False,,
564,552,75,4976,1,4976,False,1729.453376205788,565.9871382636655
564,552,113,1864,1,1864,False,1541.5944206008583,491.58583690987126
565,553,14,5336,1,5336,False,1545.6694152923537,561.972263868066
565,553,38,0,0,0,False,,
565,553,75,4320,1,4320,False,1722.5740740740741,567.6370370370371
565,553,113,1796,1,1796,False,1543.012249443207,488.8652561247216
566,554,14,5336,1,5336,False,1542.404047976012,562.5674662668665
566,554,38,0,0,0,False,,
566,554,75,4296,1,4296,False,1718.7085661080075,567.2821229050279
566,554,113,1696,1,1696,False,1545.1084905660377,487.8066037735849
567,555,14,5124,1,5124,False,1540.9996096799375,562.0191256830601
567,555,38,0,0,0,False,,
567,555,75,4340,1,4340,False,1713.4603686635944,567.0972350230414
567,555,113,1664,1,1664,False,1546.0961538461538,488.6442307692308
568,556,14,5128,1,5128,False,1539.1957878315134,561.280031201248
568,556,38,0,0,0,False,,
568,556,75,4528,1,4528,False,1711.404593639576,567.5088339222615
568,556,113,1396,1,1396,False,1548.7636103151863,488.37392550143267
569,557,14,4432,1,4432,False,1537.5180505415162,562.1137184115523
569,557,38,0,0,0,False,,
569,557,75,4260,2,4256,False,1707.517840375587,569.3150234741785
569,557,113,1528,1,1528,False,1546.7460732984293,489.9083769633508
570,558,14,5032,1,5032,False,1536.7337042925278,561.0500794912559
570,558,38,0,0,0,False,,
570,558,75,5080,1,5080,False,1706.2574803149607,567.0968503937008
570,558,113,1388,1,1388,False,1549.721902017291,489.3472622478386
571,559,14,4904,1,4904,False,1535.0660685154976,560.8066884176183
571,559,38,0,0,0,False,,
571,559,75,5556,1,5556,False,1702.7447804175665,567.4964002879769
571,559,113,1436,1,1436,False,1549.8036211699164,489.3077994428969
572,560,14,4572,1,4572,False,1533.502624671916,562.165791776028
572,560,38,0,0,0,False,,
572,560,75,5512,1,5512,False,1701.3287373004355,567.8497822931785
572,560,113,1548,1,1548,False,1548.531007751938,491.5956072351421
573,561,14,4620,1,4620,False,1532.0896103896105,562.0116883116883
573,561,38,0,0,0,False,,
573,561,75,5592,1,5592,False,1701.6301859799714,567.2596566523605
573,561,113,1636,1,1636,False,1548.3679706601467,492.39731051344745
574,562,14,4680,1,4680,False,1531.465811965812,562.3393162393162
574,562,38,0,0,0,False,,
574,562,75,5360,1,5360,False,1700.4119402985075,568.3850746268656
574,562,113,1720,1,1720,False,1548.4209302325582,492.3139534883721
575,563,14,4764,1,4764,False,1529.9794290512175,562.243073047859
575,563,38,0,0,0,False,,
575,563,75,5540,1,5540,False,1700.6906137184114,570.9202166064982
575,563,113,1604,1,1604,False,1548.1658354114713,491.5374064837905
576,564,14,4672,1,4672,False,1527.7277397260275,562.3116438356165
576,564,38,0,0,0,False,,
576,564,75,5316,1,5316,False,1702.573739653875,570.1568848758465
576,564,113,1512,1,1512,False,1547.478835978836,492.4047619047619
577,565,14,4648,1,4648,False,1525.4380378657488,563.1626506024096
577,565,38,0,0,0,False,,
577,565,75,5072,1,5072,False,1701.6876971608833,570.5946372239748
577,565,113,1536,1,1536,False,1546.6614583333333,492.8802083333333
578,566,14,4728,1,4728,False,1521.4340101522844,563.0194585448393
578,566,38,0,0,0,False,,
578,566,75,4840,1,4840,False,1700.4702479338844,571.9446280991735
578,566,113,1500,1,1500,False,1545.812,493.396
579,567,14,4760,1,4760,False,1517.4478991596638,563.518487394958
579,567,38,0,0,0,False,,
579,567,75,4640,1,4640,False,1697.739655172414,574.0120689655172
579,567,113,1732,1,1732,False,1544.0842956120093,494.18129330254044
580,568,14,4736,1,4736,False,1513.1841216216217,563.5371621621622
580,568,38,0,0,0,False,,
580,568,75,4588,1,4588,False,1698.4389712292939,573.8356582388841
580,568,113,1924,1,1924,False,1542.3503118503118,496.21309771309774
581,569,14,4740,1,4740,False,1509.070464135021,563.786075949367
581,569,38,0,0,0,False,,
581,569,75,5136,1,5136,False,1697.8193146417445,575.6947040498443
581,569,113,2052,1,2052,False,1540.2153996101365,497.80214424951265
582,570,14,4640,1,4640,False,1505.1172413793104,565.1086206896551
582,570,38,0,0,0,False,,
582,570,75,5424,1,5424,False,1695.2581120943953,576.7064896755162
582,570,113,2132,1,2132,False,1539.1979362101313,498.18855534709195
583,571,14,4712,1,4712,False,1502.8293718166383,564.600169779287
583,571,38,0,0,0,False,,
583,571,75,5456,1,5456,False,1693.316715542522,577.7771260997067
583,571,113,2912,1,2912,False,1539.2884615384614,504.9697802197802
584,572,14,4692,1,4692,False,1501.0609548167092,564.5102301790281
584,572,38,0,0,0,False,,
584,572,75,5832,1,5832,False,1691.8703703703704,578.1625514403293
584,572,113,2896,1,2896,False,1539.2983425414366,504.6795580110497
585,573,14,4732,1,4732,False,1500.5101437024514,564.8820794590025
585,573,38,0,0,0,False,,
585,573,75,6196,1,6196,False,1689.844092963202,574.8860555196901
585,573,113,2996,4,2968,False,1540.19826435247,504.41188251001336
586,574,14,4768,1,4768,False,1499.6140939597315,567.5687919463087
586,574,38,0,0,0,False,,
586,574,75,6536,1,6536,False,1688.9700122399022,576.0312117503059
586,574,113,2084,1,2084,False,1540.9568138195777,498.63435700575815
587,575,14,4732,1,4732,False,1499.9437869822484,568.0807269653424
587,575,38,0,0,0,False,,
587,575,75,6404,1,6404,False,1687.8966271080574,576.8372891942536
587,575,113,2404,1,2404,False,1541.7146422628953,501.2154742096506
588,576,14,4796,1,4796,False,1499.8861551292744,568.7351959966638
588,576,38,0,0,0,False,,
588,576,75,6516,1,6516,False,1686.8216697360344,577.0193370165746
588,576,113,2524,1,2524,False,1542.8423137876387,502.9405705229794
589,577,14,4836,1,4836,False,1499.7059553349875,569.3899917287014
589,577,38,0,0,0,False,,
589,577,75,6588,1,6588,False,1685.7604735883424,577.3318154219794
589,577,113,2424,1,2424,False,1544.0709570957097,503.0115511551155
590,578,14,4828,1,4828,False,1499.3649544324771,569.5903065451532
590,578,38,0,0,0,False,,
590,578,75,6600,1,6600,False,1684.1618181818183,577.4987878787879
590,578,113,2340,1,2340,False,1544.8794871794871,503.0811965811966
591,579,14,4804,1,4804,False,1499.1378018318069,569.7223147377185
591,579,38,0,0,0,False,,
591,579,75,6584,1,6584,False,1683.679829890644,577.3262454434994
591,579,113,2472,1,2472,False,1545.995145631068,504.8915857605178
592,580,14,4796,1,4796,False,1498.8319432860717,569.2489574645538
592,580,38,0,0,0,False,,
592,580,75,6580,1,6580,False,1683.377811550152,577.280547112462
592,580,113,2508,1,2508,False,1547.310207336523,505.1060606060606
593,581,14,4740,1,4740,False,1498.332911392405,568.9573839662447
593,581,38,0,0,0,False,,
593,581,75,6472,1,6472,False,1682.658220024722,577.3207663782448
593,581,113,2508,1,2508,False,1548.6052631578948,505.6132376395534
594,582,14,4856,1,4856,False,1498.0996705107084,566.6301482701812
594,582,38,0,0,0,False,,
594,582,75,6320,1,6320,False,1682.013924050633,578.2544303797469
594,582,113,2600,1,2600,False,1549.8692307692309,506.08153846153846
595,583,14,4912,1,4912,False,1498.3973941368079,566.0
595,583,38,0,0,0,False,,
595,583,75,6132,1,6132,False,1682.1294846705805,579.3832354859752
595,583,113,2532,1,2532,False,1550.7717219589258,505.6406003159558
596,584,14,4984,1,4984,False,1498.201444622793,566.5930979133226
596,584,38,0,0,0,False,,
596,584,75,6288,1,6288,False,1685.2442748091603,579.4961832061068
596,584,113,2520,1,2520,False,1551.0111111111112,505.4301587301587
597,585,14,5120,1,5120,False,1497.453125,567.4359375
597,585,38,0,0,0,False,,
597,585,75,6428,1,6428,False,1687.877722464219,579.6188550093342
597,585,113,2552,1,2552,False,1550.8667711598746,505.36206896551727
598,586,14,4968,1,4968,False,1497.440418679549,566.5161030595813
598,586,38,0,0,0,False,,
598,586,75,6104,1,6104,False,1686.8853211009175,579.6310615989515
598,586,113,2528,1,2528,False,1550.1962025316457,506.23417721518985
599,587,14,4916,1,4916,False,1496.885679414158,566.7115541090317
599,587,38,0,0,0,False,,
599,587,75,6044,1,6044,False,1687.013567174057,579.6065519523495
599,587,113,2400,1,2400,False,1549.0866666666666,507.97333333333336
600,588,14,4948,1,4948,False,1496.1071139854487,567.3649959579628
600,588,38,0,0,0,False,,
600,588,75,6056,1,6056,False,1687.3084544253634,579.4907529722589
600,588,113,2356,1,2356,False,1548.1434634974532,508.6867572156197
601,589,14,5272,1,5272,False,1493.0644916540211,571.3421851289833
601,589,38,0,0,0,False,,
601,589,75,6016,1,6016,False,1687.4414893617022,579.5811170212766
601,589,113,2380,1,2380,False,1547.59243697479,509.0680672268908
602,590,14,5208,1,5208,False,1491.8348694316437,571.8763440860215
602,590,38,0,0,0,False,,
602,590,75,5952,1,5952,False,1687.994623655914,579.4139784946236
602,590,113,2360,1,2360,False,1547.1949152542372,509.3576271186441
603,591,14,5240,1,5240,False,1490.8419847328244,571.7488549618321
603,591,38,0,0,0,False,,
603,591,75,5804,1,5804,False,1687.9679531357685,580.0217091660924
603,591,113,2392,1,2392,False,1546.8210702341137,509.3294314381271
604,592,14,5252,1,5252,False,1490.3583396801218,571.7581873571972
604,592,38,0,0,0,False,,
604,592,75,5752,1,5752,False,1689.5792767732962,581.0368567454798
604,592,113,2400,1,2400,False,1546.59,509.2733333333333
605,593,14,5276,1,5276,False,1489.8737680060651,572.224033358605
605,593,38,0,0,0,False,,
605,593,75,5900,1,5900,False,1690.4593220338984,580.2450847457627
605,593,113,2404,1,2404,False,1546.3868552412646,509.14891846921796
606,594,14,5336,1,5336,False,1489.228635682159,572.9227886056972
606,594,38,0,0,0,False,,
606,594,75,5944,1,5944,False,1692.599596231494,579.6965006729475
606,594,113,2396,1,2396,False,1546.1894824707847,508.720367278798
607,595,14,5328,1,5328,False,1488.7507507507507,573.1171171171171
607,595,38,0,0,0,False,,
607,595,75,5644,1,5644,False,1693.796952515946,578.0379163713678
607,595,113,2380,1,2380,False,1545.8714285714286,508.73865546218485
608,596,14,5336,1,5336,False,1488.6964017991004,573.2931034482758
608,596,38,0,0,0,False,,
608,596,75,5452,1,5452,False,1695.1867204695525,577.8294203961849
608,596,113,2372,1,2372,False,1545.8254637436762,507.4949409780776
609,597,14,5332,1,5332,False,1488.6800450112528,573.3312078019505
609,597,38,0,0,0,False,,
609,597,75,5400,1,5400,False,1695.9844444444445,577.814074074074
609,597,113,2340,1,2340,False,1545.2350427350427,508.34615384615387
610,598,14,5316,1,5316,False,1488.5632054176072,573.571482317532
610,598,38,0,0,0,False,,
610,598,75,5272,1,5272,False,1696.1130500758725,577.6927162367223
610,598,113,2276,1,2276,False,1544.7847100175748,508.1309314586995
611,599,14,5300,1,5300,False,1488.7233962264152,574.1181132075471
611,599,38,0,0,0,False,,
611,599,75,5332,1,5332,False,1694.9516129032259,578.5135033758439
611,599,113,2288,1,2288,False,1544.8776223776224,507.986013986014
612,600,14,5300,1,5300,False,1489.185283018868,574.3656603773585
612,600,38,0,0,0,False,,
612,600,75,5348,1,5348,False,1692.2471952131639,579.0100972326103
612,600,113,2272,1,2272,False,1544.725352112676,507.96830985915494
613,601,14,5280,1,5280,False,1489.5757575757575,574.119696969697
613,601,38,0,0,0,False,,
613,601,75,5400,1,5400,False,1686.822962962963,578.9474074074074
613,601,113,2288,1,2288,False,1544.7797202797203,508.3181818181818
614,602,14,5160,1,5160,False,1490.3666666666666,573.0426356589147
614,602,38,0,0,0,False,,
614,602,75,5420,1,5420,False,1679.8047970479704,577.5287822878229
614,602,113,2328,1,2328,False,1544.9158075601374,508.1082474226804
615,603,14,5208,1,5208,False,1491.5276497695852,571.9285714285714
615,603,38,0,0,0,False,,
615,603,75,5356,1,5356,False,1670.5253920836444,576.8136669156087
615,603,113,2324,1,2324,False,1544.868330464716,508.3726333907057
616,604,14,5204,1,5204,False,1492.455418908532,572.2171406610299
616,604,38,0,0,0,False,,
616,604,75,5208,1,5208,False,1662.990015360983,579.4308755760369
616,604,113,2336,1,2336,False,1544.958904109589,508.54794520547944
617,605,14,5048,1,5048,False,1494.1973058637084,572.6267828843106
617,605,38,0,0,0,False,,
617,605,75,5708,2,5696,False,1655.4110021023125,578.8461807988788
617,605,113,2348,1,2348,False,1545.256388415673,508.9395229982964
618,606,14,5004,1,5004,False,1496.455235811351,574.1450839328537
618,606,38,0,0,0,False,,
618,606,75,5960,1,5960,False,1650.0060402684564,577.5993288590604
618,606,113,2332,1,2332,False,1545.5943396226414,509.06260720411666
619,607,14,4920,1,4920,False,1499.3813008130082,575.0593495934959
619,607,38,0,0,0,False,,
619,607,75,6336,1,6336,False,1646.1439393939395,576.1338383838383
619,607,113,2364,1,2364,False,1545.8976311336717,510.42554991539765
620,608,14,5044,1,5044,False,1502.5967486122124,574.3921490880253
620,608,38,0,0,0,False,,
620,608,75,6368,1,6368,False,1644.572864321608,575.3894472361809
620,608,113,2144,1,2144,False,1548.3768656716418,508.54477611940297
621,609,14,5188,1,5188,False,1505.144564379337,573.1322282189668
621,609,38,0,0,0,False,,
621,609,75,6348,1,6348,False,1642.395400126024,574.4962192816636
621,609,113,1980,2,1976,False,1550.2858585858585,508.31414141414143
622,610,14,4968,1,4968,False,1505.9830917874397,573.7238325281803
622,610,38,0,0,0,False,,
622,610,75,6400,1,6400,False,1641.02125,574.02625
622,610,113,2060,2,2052,False,1549.866990291262,510.8495145631068
623,611,14,5020,1,5020,False,1507.4019920318726,573.4179282868525
623,611,38,0,0,0,False,,
623,611,75,6476,1,6476,False,1640.2134033353923,574.240580605312
623,611,113,2016,2,2004,False,1550.1825396825398,510.1507936507937
624,612,14,4956,1,4956,False,1508.4273607748185,573.8349475383374
624,612,38,0,0,0,False,,
624,612,75,6552,1,6552,False,1639.0457875457876,574.7857142857143
624,612,113,2044,1,2044,False,1549.8972602739725,511.08708414872797
625,613,14,4984,1,4984,False,1509.779293739968,573.3507223113965
625,613,38,0,0,0,False,,
625,613,75,6664,1,6664,False,1638.5408163265306,576.1830732292917
625,613,113,1944,1,1944,False,1549.9074074074074,509.2901234567901
626,614,14,5044,1,5044,False,1510.3651863600317,573.4056304520223
626,614,38,0,0,0,False,,
626,614,75,6552,1,6552,False,1637.3266178266178,579.515873015873
626,614,113,1964,1,1964,False,1549.2902240325866,509.2739307535642
627,615,14,5052,1,5052,False,1511.1128266033254,573.4548693586698
627,615,38,0,0,0,False,,
627,615,75,6728,1,6728,False,1636.0992865636147,582.1480380499405
627,615,113,1932,1,1932,False,1548.2474120082816,508.8850931677019
628,616,14,4908,1,4908,False,1512.178891605542,573.3622656886715
628,616,38,0,0,0,False,,
628,616,75,6728,1,6728,False,1635.0719381688466,583.9387633769322
628,616,113,1872,1,1872,False,1546.2649572649573,509.7307692307692
629,617,14,4900,1,4900,False,1512.7171428571428,573.1432653061224
629,617,38,0,0,0,False,,
629,617,75,6612,1,6612,False,1632.9718693284935,585.7885662431942
629,617,113,1788,1,1788,False,1543.837807606264,509.8199105145414
630,618,14,4984,1,4984,False,1514.3459069020867,571.7744783306581
630,618,38,0,0,0,False,,
630,618,75,6464,1,6464,False,1631.4257425742574,586.9059405940594
630,618,113,1672,1,1672,False,1542.7583732057417,506.8349282296651
631,619,14,4856,1,4856,False,1512.684514003295,576.495057660626
631,619,38,0,0,0,False,,
631,619,75,6388,1,6388,False,1628.1105197244833,587.3115216030056
631,619,113,2020,1,2020,False,1540.4445544554455,510.04455445544556
632,620,14,4572,1,4572,False,1510.8202099737532,580.6522309711286
632,620,38,6032,1,6032,False,2053.0557029177717,132.4522546419098
632,620,75,6904,1,6904,False,1621.382966396292,583.8986095017382
632,620,113,2076,1,2076,False,1537.8718689788054,509.3477842003854
633,621,14,4664,1,4664,False,1509.4554030874785,583.5377358490566
633,621,38,8692,2,8668,False,2054.357340082835,219.93212149102624
633,621,75,7204,1,7204,False,1616.6543586896169,580.4466962798446
633,621,113,2168,1,2168,False,1536.370848708487,509.6070110701107
634,622,14,4644,1,4644,False,1506.3242894056848,589.8402239448751
634,622,38,12048,1,12048,False,2064.926294820717,249.65405046480743
634,622,75,7288,1,7288,False,1612.2376509330406,579.5285400658616
634,622,113,2568,1,2568,False,1534.3878504672898,515.7928348909658
635,623,14,4660,1,4660,False,1504.415879828326,593.7326180257511
635,623,38,6072,1,6072,False,2083.5026350461135,339.9993412384717
635,623,75,6900,1,6900,False,1608.3052173913043,579.5539130434782
635,623,113,2796,1,2796,False,1532.5343347639484,519.0035765379113
636,624,14,4672,1,4672,False,1503.5496575342465,596.5325342465753
636,624,38,13380,1,13380,False,2063.018385650224,368.24529147982065
636,624,75,6852,1,6852,False,1601.997956800934,580.2653239929947
636,624,113,3080,2,3052,False,1531.5311688311688,520.9519480519481
637,625,14,4660,2,4652,False,1503.1145922746782,596.8536480686695
637,625,38,7128,1,7128,False,2056.063411896745,424.4977553310887
637,625,75,6116,1,6116,False,1599.8747547416613,580.5771746239373
637,625,113,2740,1,2740,False,1529.9131386861313,516.9467153284671
638,626,14,4704,1,4704,False,1504.9659863945578,600.2091836734694
638,626,38,8972,1,8972,False,2041.5004458314756,464.86825679893
638,626,75,5676,1,5676,False,1597.1131078224103,583.239957716702
638,626,113,3048,1,3048,False,1529.221784776903,520.5341207349081
639,627,14,4872,1,4872,False,1507.0172413793102,605.1305418719212
639,627,38,13584,1,13584,False,2032.485276796231,508.3504122497055
639,627,75,5272,1,5272,False,1597.0341426403643,590.9172989377845
639,627,113,2852,1,2852,False,1528.3765778401123,517.9053295932679
640,628,14,5348,1,5348,False,1512.1768885564697,608.0153328347045
640,628,38,6000,1,6000,False,2021.4413333333334,531.5866666666667
640,628,75,4360,1,4360,False,1602.1733944954128,599.7403669724771
640,628,113,2616,1,2616,False,1527.0902140672783,515.1391437308869
641,629,14,5384,1,5384,False,1518.5668647845469,611.1523031203566
641,629,38,13168,1,13168,False,2014.253948967193,552.6664641555285
641,629,75,4500,1,4500,False,1603.8368888888888,603.0457777777777
641,629,113,2668,1,2668,False,1525.660419790105,516.5
642,630,14,5212,1,5212,False,1526.266692248657,612.2789716039908
642,630,38,7288,1,7288,False,2007.784302963776,587.4253567508233
642,630,75,5344,1,5344,False,1608.9446107784431,606.2679640718563
642,630,113,2688,1,2688,False,1525.029761904762,519.0892857142857
643,631,14,5364,1,5364,False,1531.637956748695,614.1047725577927
643,631,38,10328,1,10328,False,1997.24748257165,603.3776142525174
643,631,75,6140,1,6140,False,1613.5918566775244,606.886970684039
643,631,113,2484,2,2480,False,1523.5209339774558,517.8429951690821
644,632,14,5580,1,5580,False,1534.6275985663083,616.7136200716845
644,632,38,14064,1,14064,False,1995.1075085324233,637.8594994311718
644,632,75,6488,1,6488,False,1626.0807644882861,606.1485819975339
644,632,113,2380,1,2380,False,1522.083193277311,517.5016806722689
645,633,14,5744,1,5744,False,1537.093314763231,620.0236768802229
645,633,38,8432,1,8432,False,1996.7846299810246,638.9468690702088
645,633,75,6516,1,6516,False,1636.1918354818906,600.4950890116636
645,633,113,2324,1,2324,False,1520.4655765920827,517.3502581755594
646,634,14,5904,1,5904,False,1539.2154471544716,624.2113821138212
646,634,38,9612,1,9612,False,1995.9972950478568,632.7713275072825
646,634,75,6528,2,6516,False,1641.8958333333333,597.0674019607843
646,634,113,2332,1,2332,False,1519.302744425386,517.2753001715266
647,635,14,5768,1,5768,False,1541.0533980582525,628.5471567267683
647,635,38,5864,1,5864,False,2022.7469304229196,641.0334242837654
647,635,75,5180,1,5180,False,1654.1942084942084,598.4876447876447
647,635,113,2276,1,2276,False,1517.6318101933216,517.2978910369069
648,636,14,5876,1,5876,False,1542.9765146358068,628.0398230088496
648,636,38,4652,1,4652,False,2037.8551160791058,646.5567497850387
648,636,75,6248,1,6248,False,1651.3745198463507,597.1722151088348
648,636,113,2292,1,2292,False,1516.4301919720767,517.0375218150087
649,637,14,6056,1,6056,False,1544.9002642007927,628.1221928665786
649,637,38,5116,1,5116,False,2042.9347146207974,651.4069585613761
649,637,75,6316,1,6316,False,1650.9762507916403,596.6127295756808
649,637,113,2224,1,2224,False,1515.6402877697842,515.7589928057554
650,638,14,5996,1,5996,False,1546.1037358238825,629.0937291527686
650,638,38,0,0,0,False,,
650,638,75,10396,2,6468,False,1808.8562908811082,620.4361292804925
650,638,113,2140,1,2140,False,1514.3355140186916,515.5317757009345
651,639,14,6132,1,6132,False,1548.0655577299412,630.6409001956947
651,639,38,0,0,0,False,,
651,639,75,10168,3,6424,False,1811.280487804878,621.7564909520063
651,639,113,2128,1,2128,False,1513.6503759398497,515.3684210526316
652,640,14,6280,1,6280,False,1550.1140127388535,632.9152866242039
652,640,38,0,0,0,False,,
652,640,75,9828,2,6272,False,1817.0974765974765,624.1304436304437
652,640,113,2228,1,2228,False,1512.1265709156194,516.2917414721724
653,641,14,6460,1,6460,False,1552.519814241486,636.4603715170279
653,641,38,0,0,0,False,,
653,641,75,10052,2,6524,False,1822.6838440111421,627.8617190608834
653,641,113,2192,1,2192,False,1511.0839416058395,515.7919708029198
654,642,14,6500,1,6500,False,1555.3972307692309,638.1246153846154
654,642,38,0,0,0,False,,
654,642,75,10316,2,6924,False,1825.9462970143466,633.9098487785964
654,642,113,2184,1,2184,False,1509.6721611721612,515.7747252747253
655,643,14,6692,1,6692,False,1557.2973699940228,638.6434548714883
655,643,38,0,0,0,False,,
655,643,75,11312,2,7196,False,1854.6958981612447,643.6371994342292
655,643,113,2296,1,2296,False,1507.4477351916375,517.1620209059233
656,644,14,6788,1,6788,False,1559.5889805539186,638.4705362404243
656,644,38,0,0,0,False,,
656,644,75,11296,2,7588,False,1853.9567988668555,648.3279036827196
656,644,113,2136,1,2136,False,1504.698501872659,516.9831460674158
657,645,14,6932,1,6932,False,1561.2686093479515,639.16589728794
657,645,38,0,0,0,False,,
657,645,75,11644,2,7704,False,1873.5711095843353,657.1630024046719
657,645,113,2172,1,2172,False,1501.5644567219153,517.7891344383057
658,646,14,6972,1,6972,False,1562.5963855421687,639.9825014343087
658,646,38,0,0,0,False,,
658,646,75,13296,2,8584,False,1889.5228640192538,662.7611311672683
658,646,113,2212,1,2212,False,1498.2938517179023,516.6121157323689
659,647,14,6980,1,6980,False,1562.8094555873924,640.3704871060172
659,647,38,0,0,0,False,,
659,647,75,13468,2,8744,False,1894.2742797742799,671.2989307989308
659,647,113,2196,1,2196,False,1495.203096539162,516.17941712204
660,648,14,7056,1,7056,False,1563.1383219954648,640.4659863945578
660,648,38,0,0,0,False,,
660,648,75,13672,2,8936,False,1894.302808660035,679.5906963136337
660,648,113,2212,1,2212,False,1492.9303797468353,516.6699819168174
661,649,14,7088,1,7088,False,1563.3397291196388,640.7923250564334
661,649,38,0,0,0,False,,
661,649,75,13520,2,8448,False,1905.0615384615385,688.3207100591716
661,649,113,2204,2,2196,False,1491.2186932849368,515.970054446461
662,650,14,7096,1,7096,False,1563.498872604284,640.9870349492672
662,650,38,0,0,0,False,,
662,650,75,13716,2,7932,False,1922.6528142315544,697.2594050743658
662,650,113,2288,1,2288,False,1490.0,516.6888111888112
663,651,14,7112,1,7112,False,1563.5641169853768,641.1130483689539
663,651,38,0,0,0,False,,
663,651,75,14928,2,9180,False,1906.6414790996785,699.6077170418007
663,651,113,2276,1,2276,False,1489.1854130052725,516.5
664,652,14,7120,1,7120,False,1563.6101123595506,641.1719101123596
664,652,38,0,0,0,False,,
664,652,75,15196,2,9072,False,1906.7800737036061,706.8379836799157
664,652,113,2308,1,2308,False,1488.2816291161178,516.9783362218371
665,653,14,7156,1,7156,False,1563.8303521520402,641.4681386249301
665,653,38,0,0,0,False,,
665,653,75,15824,2,8464,False,1918.932254802831,715.536400404449
665,653,113,2364,2,2360,False,1487.9754653130287,516.950084602369
666,654,14,7240,1,7240,False,1564.4546961325966,641.8436464088397
666,654,38,0,0,0,False,,
666,654,75,14848,2,8048,False,1901.8038793103449,720.3001077586207
666,654,113,2384,1,2384,False,1487.043624161074,517.7046979865772
667,655,14,7228,1,7228,False,1564.9726065301604,642.4169894853349
667,655,38,0,0,0,False,,
667,655,75,14660,2,8052,False,1883.0380627557981,726.431787175989
667,655,113,2360,1,2360,False,1486.035593220339,518.0593220338983
668,656,14,7196,1,7196,False,1565.6128404669262,642.1598110061145
668,656,38,0,0,0,False,,
668,656,75,15104,2,7676,False,1883.490995762712,736.7907838983051
668,656,113,2256,1,2256,False,1484.6028368794325,519.8439716312057
669,657,14,7304,1,7304,False,1566.4934282584884,642.4726177437021
669,657,38,0,0,0,False,,
669,657,75,15176,2,7660,False,1868.4667896678966,745.8837638376384
669,657,113,2184,1,2184,False,1483.6062271062272,519.5293040293041
670,658,14,7268,1,7268,False,1567.3453494771602,643.237479361585
670,658,38,0,0,0,False,,
670,658,75,15008,2,7744,False,1838.2643923240937,757.3049040511727
670,658,113,2220,1,2220,False,1482.2477477477478,519.6063063063064
671,659,14,7296,1,7296,False,1567.452850877193,643.7543859649123
671,659,38,0,0,0,False,,
671,659,75,13832,2,7672,False,1807.8528050896473,761.4676113360324
671,659,113,2288,1,2288,False,1481.2202797202797,520.7412587412588
672,660,14,7380,1,7380,False,1566.920596205962,644.1888888888889
672,660,38,0,0,0,False,,
672,660,75,17312,2,9096,False,1798.5272643253236,782.4103512014788
672,660,113,2336,3,2308,False,1480.2739726027398,521.5410958904109
673,661,14,7472,1,7472,False,1565.7740899357602,645.4561027837259
673,661,38,0,0,0,False,,
673,661,75,20364,3,11872,False,1782.7981732469063,809.2860931054803
673,661,113,2244,1,2244,False,1479.1310160427809,519.7299465240642
674,662,14,7536,1,7536,False,1563.6740976645435,646.0541401273886
674,662,38,0,0,0,False,,
674,662,75,20212,2,11748,False,1752.8004155946962,822.560953888779
674,662,113,2248,1,2248,False,1477.9377224199288,520.5249110320285
675,663,14,7532,1,7532,False,1560.2854487519915,646.2440254912374
675,663,38,0,0,0,False,,
675,663,75,19244,2,10660,False,1710.6105799210143,824.7249012679276
675,663,113,2308,1,2308,False,1477.0649913344887,521.0303292894281
676,664,14,7524,1,7524,False,1555.7004253056884,647.6004784688995
676,664,38,0,0,0,False,,
676,664,75,19688,2,10924,False,1673.4634295002031,842.6840715156441
676,664,113,2304,1,2304,False,1476.0625,520.9270833333334
677,665,14,7788,2,7708,False,1543.6083718541345,647.4008731381613
677,665,38,20412,2,20392,False,1651.672251616696,1024.351851851852
677,665,75,8884,1,8884,False,1637.3995947771275,666.0416479063485
677,665,113,2608,2,2372,False,1418.0,526.8742331288344
678,666,14,7472,1,7472,False,1545.5160599571734,649.134903640257
678,666,38,17936,2,17896,False,1585.2096342551295,1034.1333630686886
678,666,75,8780,2,8740,False,1629.2890660592254,666.1382687927107
678,666,113,2964,2,2704,False,1417.8009446693657,527.7091767881242
679,667,14,7680,1,7680,False,1541.2052083333333,646.9385416666667
679,667,38,34916,1,34916,False,1481.9902050635812,1014.5089357314698
679,667,75,9268,1,9268,False,1631.4486404833838,667.6074665515753
679,667,113,3532,2,3144,False,1402.001698754247,531.6415628539071
680,668,14,7872,1,7872,False,1537.0782520325204,646.4664634146342
680,668,38,36092,1,36092,False,1388.5822342901474,1027.8871217998449
680,668,75,8992,1,8992,False,1626.4137010676156,667.3647686832741
680,668,113,3328,1,3328,False,1467.735576923077,525.3317307692307
681,669,14,7788,2,7724,False,1527.7398561890088,645.0814072932717
681,669,38,37124,1,37124,False,1280.8243185001616,1034.4448335308696
681,669,75,8336,1,8336,False,1618.4856046065258,665.6257197696737
681,669,113,3400,1,3400,False,1465.5964705882352,525.2411764705882
682,670,14,7548,1,7548,False,1530.6250662427133,645.8386327503974
682,670,38,39456,2,39452,False,1163.3069748580697,1047.6224655312246
682,670,75,6832,1,6832,False,1605.5093676814988,659.1697892271662
682,670,113,3360,1,3360,False,1463.8785714285714,525.1714285714286
683,671,14,7240,2,7104,False,1512.5055248618785,641.389502762431
683,671,38,44328,2,44064,False,1059.4399025446671,1049.9688684353005
683,671,75,7256,1,7256,False,1592.6786108048511,657.8285556780595
683,671,113,3400,2,3388,False,1460.5023529411765,524.3658823529413
684,672,14,7800,1,7800,False,1527.3964102564103,646.8928205128205
684,672,38,34256,1,34256,False,947.8362914525923,1033.3608127043437
684,672,75,5016,1,5016,False,1584.938596491228,645.8397129186603
684,672,113,3364,1,3364,False,1462.102853745541,524.756837098692
685,673,14,7784,1,7784,False,1527.308838643371,647.8977389516958
685,673,38,36828,1,36828,False,873.2413924188118,1025.5796133376778
685,673,75,4156,1,4156,False,1578.3267564966313,640.657844080847
685,673,113,3312,1,3312,False,1461.6425120772947,524.3405797101449
686,674,14,8196,2,8104,False,1519.6488530990728,650.674719375305
686,674,38,39232,1,39232,False,797.6247960848287,1004.9133360522023
686,674,75,2884,1,2884,False,1569.5069348127602,630.8938973647712
686,674,113,3280,1,3280,False,1461.4878048780488,524.3951219512195
687,675,14,8644,1,8644,False,1527.2200370198982,653.1024988431282
687,675,38,37836,1,37836,False,729.9365154878951,987.5728406808331
687,675,75,2252,2,1604,False,1535.7007104795737,635.0790408525755
687,675,113,3264,1,3264,False,1461.2279411764705,524.4093137254902
688,676,14,8316,1,8316,False,1527.6755651755652,655.8746993746994
688,676,38,39992,1,39992,False,669.1995399079816,977.4691938387678
688,676,75,4052,2,3008,False,1490.7645607107602,641.2403751233959
688,676,113,3140,1,3140,False,1461.0936305732484,523.2057324840764
689,677,14,8764,2,8748,False,1527.0604746691008,653.5844363304427
689,677,38,35416,1,35416,False,628.6036819516603,958.4204879150666
689,677,75,5168,1,5168,False,1465.3204334365325,651.8962848297214
689,677,113,3148,1,3148,False,1460.0120711562897,521.4326556543838
690,678,14,8760,2,8696,False,1523.4205479452055,653.7904109589041
690,678,38,31924,1,31924,False,596.6152737752161,932.5716702167648
690,678,75,7296,1,7296,False,1454.8717105263158,641.8607456140351
690,678,113,3044,1,3044,False,1459.4671484888304,520.8495400788436
691,679,14,8932,2,8828,False,1519.8640841916704,653.962606359158
691,679,38,29328,1,29328,False,575.157937806874,910.7441352973268
691,679,75,8972,1,8972,False,1440.7478823004903,637.9257690592956
691,679,113,3072,1,3072,False,1459.625,521.7604166666666
692,680,14,8960,1,8960,False,1527.474107142857,654.8571428571429
692,680,38,29700,1,29700,False,557.0950168350168,892.4294276094276
692,680,75,10504,1,10504,False,1420.474866717441,635.6279512566641
692,680,113,3028,1,3028,False,1459.3797886393659,521.2080581241744
693,681,14,8808,2,8800,False,1526.553587647593,654.6307901907356
693,681,38,26884,1,26884,False,541.1103258443684,881.7048802261568
693,681,75,10024,1,10024,False,1401.5885873902635,637.1520351157222
693,681,113,3284,2,3080,False,1421.355054811206,525.5255785627284
694,682,14,8768,2,8732,False,1524.6806569343066,655.0784671532847
694,682,38,21020,1,21020,False,523.3140818268316,875.4613701236917
694,682,75,10124,1,10124,False,1382.0796128012644,637.3787040695378
694,682,113,3360,2,3120,False,1415.5738095238096,526.745238095238
695,683,14,8732,2,8708,False,1525.5590929912964,655.216445258818
695,683,38,23992,1,23992,False,500.0305101700567,850.3526175391797
695,683,75,10868,1,10868,False,1361.9471843945528,642.2548767022452
695,683,113,3268,2,3060,False,1419.968788249694,526.0593635250918
696,684,14,8744,1,8744,False,1527.3023787740165,655.567703568161
696,684,38,24020,1,24020,False,482.4730224812656,839.6666944213156
696,684,75,10840,1,10840,False,1349.0785977859778,644.5915129151291
696,684,113,3052,1,3052,False,1459.2208387942333,522.2929226736566
697,685,14,8848,2,8760,False,1520.3951175406871,654.6925858951174
697,685,38,19044,2,19028,False,466.92638101239237,829.482986767486
697,685,75,10228,1,10228,False,1337.8109112240907,641.2540086038326
697,685,113,3104,2,3088,False,1456.0618556701031,523.180412371134
698,686,14,8900,2,8780,False,1517.9067415730337,654.6959550561797
698,686,38,18820,1,18820,False,456.6806588735388,821.3867162592986
698,686,75,11016,1,11016,False,1327.2066085693536,645.0679012345679
698,686,113,3112,2,3108,False,1458.2557840616967,523.6002570694087
699,687,14,8868,2,8824,False,1523.542850699143,655.2622913847541
699,687,38,19680,1,19680,False,442.20284552845527,813.3308943089431
699,687,75,9496,1,9496,False,1311.7266217354675,640.5732940185342
699,687,113,3056,2,3052,False,1458.0916230366493,523.1675392670157
700,688,14,8840,1,8840,False,1526.7669683257918,655.437556561086
700,688,38,18496,1,18496,False,432.0501730103806,810.0177335640138
700,688,75,10940,1,10940,False,1296.1095063985374,637.4864716636198
700,688,113,3016,1,3016,False,1458.7175066312998,522.7997347480106
701,689,14,8660,1,8660,False,1527.3203233256352,657.4025404157044
701,689,38,18412,1,18412,False,426.4426461003693,813.1026504453617
701,689,75,11876,1,11876,False,1286.7795554058605,639.3561805321657
701,689,113,3064,1,3064,False,1458.7167101827677,523.4033942558747
702,690,14,8772,2,8696,False,1521.529639762882,657.437528499772
702,690,38,18708,1,18708,False,418.468355783622,813.3988667949541
702,690,75,10376,1,10376,False,1292.0366229760987,636.2178103315343
702,690,113,3040,1,3040,False,1458.5815789473684,523.7921052631579
703,691,14,8668,1,8668,False,1527.2992616520535,658.1963544070143
703,691,38,17852,2,17832,False,404.3350885054896,817.2053551422808
703,691,75,10080,1,10080,False,1293.573015873016,633.7206349206349
703,691,113,3080,1,3080,False,1458.3077922077923,523.4818181818182
704,692,14,8708,2,8656,False,1523.087965089573,658.0470831419384
704,692,38,19056,1,19056,False,383.9198152812762,805.1578505457599
704,692,75,10104,1,10104,False,1296.9346793349168,632.5570071258908
704,692,113,3048,2,3036,False,1455.8727034120734,524.2952755905512
705,693,14,8744,2,8716,False,1524.8741994510522,658.2996340347667
705,693,38,20096,1,20096,False,376.39649681528664,802.8363853503184
705,693,75,10392,1,10392,False,1298.2066974595843,633.2290223248652
705,693,113,3068,1,3068,False,1458.2262059973925,524.4478487614081
706,694,14,8772,2,8768,False,1526.5218878248977,658.4297765617875
706,694,38,17428,1,17428,False,357.40245581822353,803.6507918292403
706,694,75,10296,1,10296,False,1298.8737373737374,633.0827505827506
706,694,113,3068,1,3068,False,1458.215775749674,524.6095176010431
707,695,14,8780,2,8764,False,1525.5697038724375,658.3259681093394
707,695,38,17976,1,17976,False,352.6001335113485,808.2053849577214
707,695,75,10392,1,10392,False,1296.544649730562,634.7124711316397
707,695,113,3080,1,3080,False,1458.112987012987,524.7753246753247
708,696,14,8780,2,8756,False,1524.9282460136674,658.1993166287016
708,696,38,17688,1,17688,False,343.2521483491633,814.0626413387607
708,696,75,10516,1,10516,False,1296.3425256751616,635.2523773297831
708,696,113,3088,2,3080,False,1456.541450777202,524.9559585492228
709,697,14,8704,1,8704,False,1527.0900735294117,658.1994485294117
709,697,38,16016,1,16016,False,330.1933066933067,826.014985014985
709,697,75,10260,1,10260,False,1294.4009746588695,635.5035087719298
709,697,113,3132,2,3116,False,1454.9955300127715,525.2892720306513
710,698,14,8712,1,8712,False,1527.113406795225,658.2575757575758
710,698,38,15200,1,15200,False,322.7163157894737,844.7989473684211
710,698,75,10784,1,10784,False,1288.5415430267062,636.4562314540059
710,698,113,3112,1,3112,False,1458.1349614395888,524.9678663239074
711,699,14,8792,2,8764,False,1524.6810737033668,658.2588717015468
711,699,38,16664,1,16664,False,319.46351416226594,852.1711473835813
711,699,75,11100,1,11100,False,1283.952972972973,640.2145945945946
711,699,113,3156,3,3144,False,1456.434093789607,525.2351077313053
712,700,14,8756,1,8756,False,1526.8298309730471,658.5009136592051
712,700,38,16640,1,16640,False,310.1783653846154,854.2971153846154
712,700,75,11008,1,11008,False,1278.1816860465117,644.8422965116279
712,700,113,3152,2,3144,False,1457.9263959390862,525.0076142131979
713,701,14,8740,1,8740,False,1526.653775743707,658.4633867276888
713,701,38,17028,1,17028,False,305.83615221987316,863.6242659149636
713,701,75,10932,1,10932,False,1271.7864983534578,649.5859860958653
713,701,113,3152,2,3144,False,1457.8604060913706,525.1852791878172
714,702,14,8676,1,8676,False,1526.558091286307,659.3012909174735
714,702,38,18792,1,18792,False,299.537037037037,870.7166879523202
714,702,75,11548,1,11548,False,1264.347592656737,654.8110495323865
714,702,113,3140,2,3132,False,1457.7127388535032,524.9866242038216
715,703,14,8520,1,8520,False,1526.9291079812206,659.925352112676
715,703,38,18888,1,18888,False,292.6160525201186,868.1154171961033
715,703,75,11384,1,11384,False,1260.1212227687984,658.9371047083627
715,703,113,3124,2,3116,False,1457.6267605633802,525.0044814340589
716,704,14,8492,1,8492,False,1526.8344324069712,659.6625058878944
716,704,38,19552,1,19552,False,281.6157937806874,867.1456628477905
716,704,75,11156,1,11156,False,1255.897633560416,659.6703119397633
716,704,113,3100,2,3096,False,1457.7929032258064,525.2045161290323
717,705,14,8492,1,8492,False,1527.0539331135185,659.6154027319831
717,705,38,20056,1,20056,False,279.61806940566413,869.896090945353
717,705,75,10744,1,10744,False,1252.4947877885331,662.969843633656
717,705,113,3108,1,3108,False,1458.1138996138995,526.5875160875161
718,706,14,8504,1,8504,False,1527.2478833490122,659.6806208842897
718,706,38,19472,1,19472,False,270.60846343467546,872.1220213640098
718,706,75,10316,1,10316,False,1248.7543621558743,663.7594028693292
718,706,113,3088,1,3088,False,1457.9455958549222,527.6917098445596
719,707,14,8532,1,8532,False,1527.4273323956868,659.7676980778247
719,707,38,18304,1,18304,False,251.90603146853147,861.6088286713286
719,707,75,10328,1,10328,False,1243.791247095275,665.7122385747483
719,707,113,3092,2,3088,False,1456.8518758085381,527.1856403622252
720,708,14,8536,2,8532,False,1527.1701030927834,659.6724461105904
720,708,38,17720,1,17720,False,237.30857787810385,845.7334085778781
720,708,75,10028,1,10028,False,1239.9702832070204,665.6711208615876
720,708,113,2928,2,2920,False,1455.344262295082,525.9508196721312
721,709,14,8556,1,8556,False,1527.59396914446,659.3714352501169
721,709,38,15872,1,15872,False,229.13054435483872,843.3694556451613
721,709,75,9696,1,9696,False,1236.6237623762377,666.4183168316831
721,709,113,2964,2,2956,False,1455.288124156545,526.15991902834
722,710,14,8548,2,8516,False,1525.1298549368273,659.1738418343472
722,710,38,14928,1,14928,False,219.93408360128618,850.1436227224009
722,710,75,10140,1,10140,False,1233.941420118343,668.2025641025641
722,710,113,2928,3,2896,False,1450.1256830601094,526.346994535519
723,711,14,8564,1,8564,False,1527.676085941149,659.1837926202709
723,711,38,16160,1,16160,False,208.13118811881188,834.8158415841584
723,711,75,9800,1,9800,False,1231.146530612245,664.9808163265307
723,711,113,3024,2,3020,False,1455.8703703703704,527.0555555555555
724,712,14,8592,2,8580,False,1526.7765363128492,659.1340782122905
724,712,38,16228,2,16224,False,197.65849149617944,824.5266206556569
724,712,75,9700,1,9700,False,1227.4905154639175,661.1936082474227
724,712,113,3248,2,3240,False,1454.8620689655172,530.2290640394089
725,713,14,8596,1,8596,False,1527.8020009306654,659.2901349464868
725,713,38,16160,1,16160,False,195.4970297029703,821.9653465346535
725,713,75,9388,1,9388,False,1224.1403919897741,660.1293140178952
725,713,113,3148,2,3144,False,1455.4555273189326,528.8481575603557
726,714,14,8640,2,8620,False,1526.2777777777778,659.312962962963
726,714,38,14852,1,14852,False,189.57244815513062,815.257339078912
726,714,75,9288,1,9288,False,1222.8850129198966,659.7282515073213
726,714,113,3268,2,3260,False,1454.8231334149327,530.2160342717258
727,715,14,8680,2,8664,False,1526.6612903225807,659.4271889400922
727,715,38,15748,1,15748,False,183.34683769367538,808.4685039370079
727,715,75,9188,1,9188,False,1221.5787984327383,660.7011319111886
727,715,113,3240,2,3232,False,1454.6604938271605,529.4407407407408
728,716,14,8736,1,8736,False,1528.0375457875457,659.8516483516484
728,716,38,16580,1,16580,False,181.39360675512665,800.1400482509047
728,716,75,9000,1,9000,False,1220.4724444444444,660.7568888888889
728,716,113,3160,1,3160,False,1455.8898734177214,528.8215189873417
729,717,14,8696,1,8696,False,1528.085096596136,659.8735050597976
729,717,38,16328,1,16328,False,181.91009309162175,794.8194512493876
729,717,75,8904,1,8904,False,1219.851302785265,661.4487870619946
729,717,113,3216,1,3216,False,1456.0248756218905,529.8308457711443
730,718,14,8456,1,8456,False,1527.476348155156,658.3826868495743
730,718,38,15964,1,15964,False,182.51954397394138,790.0529942370333
730,718,75,8776,1,8776,False,1219.5200546946216,662.4598906107566
730,718,113,3228,1,3228,False,1456.1109045848823,529.7837670384139
731,719,14,8704,1,8704,False,1528.219669117647,660.0091911764706
731,719,38,15928,1,15928,False,185.19362129583124,790.4286790557509
731,719,75,8940,1,8940,False,1217.8458612975392,664.7944071588366
731,719,113,3224,2,3220,False,1455.1550868486352,529.9416873449131
732,720,14,8688,1,8688,False,1528.1160220994475,659.9502762430939
732,720,38,15932,1,15932,False,186.76663319106203,790.1078332914889
732,720,75,9328,1,9328,False,1215.9408233276158,667.7109777015437
732,720,113,3224,1,3224,False,1455.9441687344913,529.9193548387096
733,721,14,8756,1,8756,False,1528.6909547738694,661.7891731384194
733,721,38,15832,1,15832,False,183.96892369883778,782.7536634663971
733,721,75,9536,1,9536,False,1212.976510067114,669.5436241610738
733,721,113,3240,1,3240,False,1455.7296296296297,529.3814814814815
734,722,14,8812,1,8812,False,1528.5490240581025,660.9729913753972
734,722,38,15084,1,15084,False,182.24913815963936,775.2759215062317
734,722,75,9568,1,9568,False,1212.8469899665552,669.9222408026756
734,722,113,3252,1,3252,False,1455.9022140221402,529.8948339483395
735,723,14,8428,1,8428,False,1527.4928808732795,658.1032273374466
735,723,38,15060,1,15060,False,183.12788844621514,774.1409030544489
735,723,75,9400,1,9400,False,1211.2625531914894,669.2523404255319
735,723,113,3220,1,3220,False,1455.9608695652173,529.9062111801243
736,724,14,8868,1,8868,False,1528.840099233198,661.3317546233649
736,724,38,14676,1,14676,False,182.15821749795586,772.5888525483783
736,724,75,9716,1,9716,False,1208.8515850144092,666.2892136681762
736,724,113,3220,1,3220,False,1455.9981366459626,529.8391304347826
737,725,14,8912,1,8912,False,1529.027827648115,661.3698384201077
737,725,38,15260,1,15260,False,180.85439056356486,767.1191349934469
737,725,75,10040,1,10040,False,1206.295219123506,666.7996015936255
737,725,113,3204,1,3204,False,1456.1978776529338,530.4101123595506
738,726,14,8820,1,8820,False,1528.9952380952382,661.2238095238096
738,726,38,15588,1,15588,False,179.424813959456,766.7412111880934
738,726,75,10336,1,10336,False,1203.5650154798761,668.2198142414861
738,726,113,3180,1,3180,False,1456.5553459119496,530.0547169811321
739,727,14,8900,1,8900,False,1529.14,661.3449438202247
739,727,38,15832,1,15832,False,179.76376958059626,767.0962607377463
739,727,75,10472,1,10472,False,1201.168449197861,668.4488158899924
739,727,113,3236,1,3236,False,1456.8040791100123,530.9128553770087
740,728,14,8892,1,8892,False,1529.1909581646423,661.9322986954566
740,728,38,15804,1,15804,False,180.72374082510757,768.2752467729689
740,728,75,10640,1,10640,False,1194.3451127819549,668.6353383458646
740,728,113,3224,1,3224,False,1456.8821339950373,530.9540942928039
741,729,14,9120,1,9120,False,1528.6675438596492,659.2035087719298
741,729,38,15832,1,15832,False,181.38479029813035,768.6829206670035
741,729,75,10776,1,10776,False,1188.1250927988121,669.0894580549369
741,729,113,3264,1,3264,False,1457.012254901961,531.0392156862745
742,730,14,8692,1,8692,False,1527.735158766682,658.2266451909802
742,730,38,14304,1,14304,False,182.41834451901565,770.675615212528
742,730,75,11076,1,11076,False,1180.2551462621884,672.5209461899602
742,730,113,3212,1,3212,False,1457.1351183063512,530.6245330012454
743,731,14,8832,1,8832,False,1528.6820652173913,659.3179347826087
743,731,38,14856,1,14856,False,182.37452880990844,771.0363489499192
743,731,75,11760,1,11760,False,1175.134693877551,676.7761904761904
743,731,113,3224,1,3224,False,1457.1724565756824,530.5521091811414
744,732,14,8996,1,8996,False,1528.3203646064917,659.6231658514896
744,732,38,14820,1,14820,False,180.36018893387313,772.1626180836707
744,732,75,11940,1,11940,False,1170.4082077051926,680.6306532663317
744,732,113,3272,1,3272,False,1457.1919315403422,530.9523227383863
745,733,14,9212,1,9212,False,1529.144376899696,661.3536691272253
745,733,38,15804,1,15804,False,182.22260187294356,775.7072892938496
745,733,75,11580,1,11580,False,1164.9386873920553,686.2374784110535
745,733,113,3300,1,3300,False,1457.1666666666667,531.1109090909091
746,734,14,9176,1,9176,False,1528.8443766346993,660.832170880558
746,734,38,15132,1,15132,False,181.1740681998414,782.2758392809939
746,734,75,12272,1,12272,False,1160.286179921773,693.5286831812256
746,734,113,3264,1,3264,False,1457.1519607843138,530.8676470588235
747,735,14,9148,1,9148,False,1528.3487101005685,659.6316134674246
747,735,38,14404,1,14404,False,176.17509025270758,783.4525131907803
747,735,75,12908,1,12908,False,1154.9889990703439,699.412922218779
747,735,113,3296,1,3296,False,1457.2160194174758,531.1262135922331
748,736,14,9356,1,9356,False,1527.6731509191961,661.2644292432664
748,736,38,13904,1,13904,False,171.72784810126583,783.9948216340622
748,736,75,13504,1,13504,False,1151.3832938388625,702.7168246445498
748,736,113,3148,1,3148,False,1457.06416772554,530.6855146124524
749,737,14,9416,1,9416,False,1528.1525063721326,663.375955819881
749,737,38,13552,1,13552,False,169.03778040141677,789.3004722550177
749,737,75,13728,1,13728,False,1150.6812354312353,702.9423076923077
749,737,113,3228,1,3228,False,1457.2732342007434,531.2781908302354
750,738,14,9560,1,9560,False,1527.8414225941422,664.6648535564854
750,738,38,14060,1,14060,False,165.66756756756757,793.1566145092461
750,738,75,13692,1,13692,False,1152.5461583406368,702.5397312299153
750,738,113,3272,1,3272,False,1457.4804400977996,531.4559902200489
751,739,14,9580,1,9580,False,1526.3847599164926,665.7617954070981
751,739,38,11836,1,11836,False,160.81361946603582,809.407063197026
751,739,75,13208,1,13208,False,1155.2238037552997,702.9887946698971
751,739,113,3236,1,3236,False,1457.4443757725587,530.8733003708281
752,740,14,9660,1,9660,False,1523.387784679089,665.7149068322981
752,740,38,10744,1,10744,False,157.90282948622487,827.4888309754282
752,740,75,13216,1,13216,False,1157.9449152542372,703.1325665859564
752,740,113,3196,1,3196,False,1457.2909887359199,530.5525657071339
753,741,14,9820,1,9820,False,1521.0637474541752,665.99816700611
753,741,38,9940,1,9940,False,160.6255533199195,847.6219315895372
753,741,75,13456,1,13456,False,1162.3917954815695,702.5362663495838
753,741,113,3180,1,3180,False,1457.2572327044024,529.8308176100629
754,742,14,9864,1,9864,False,1518.5243309002433,665.5251419302514
754,742,38,8984,1,8984,False,173.28539626001782,865.2239536954586
754,742,75,13896,1,13896,False,1166.905872193437,704.9582613701784
754,742,113,3136,1,3136,False,1457.2474489795918,529.1836734693877
755,743,14,10024,1,10024,False,1516.6867517956903,665.6636073423783
755,743,38,10408,1,10408,False,190.3424289008455,876.5730207532667
755,743,75,14260,1,14260,False,1173.7774193548387,706.3457223001402
755,743,113,3124,1,3124,False,1457.2708066581306,529.1248399487836
756,744,14,10128,1,10128,False,1514.6042654028436,664.1848341232228
756,744,38,13692,1,13692,False,212.2370727432077,883.0737657026001
756,744,75,14556,1,14556,False,1180.8253641110196,707.0759824127507
756,744,113,3132,1,3132,False,1456.9725415070243,528.0989782886335
757,745,14,10092,1,10092,False,1512.4643281807373,662.6244550138724
757,745,38,16596,1,16596,False,234.25656784767415,891.9490238611713
757,745,75,14220,1,14220,False,1191.6246132208157,703.3708860759493
757,745,113,3120,1,3120,False,1456.9358974358975,528.3897435897436
758,746,14,10204,1,10204,False,1510.8967071736574,662.7563700509604
758,746,38,17008,1,17008,False,268.41110065851365,912.8720602069615
758,746,75,12608,1,12608,False,1202.697969543147,696.765228426396
758,746,113,3132,1,3132,False,1456.92656449553,528.3007662835249
759,747,14,10364,1,10364,False,1509.4486684677731,664.3047086067155
759,747,38,16256,1,16256,False,312.4247047244094,941.7096456692914
759,747,75,12520,1,12520,False,1205.129392971246,695.3345047923323
759,747,113,3132,1,3132,False,1456.934227330779,528.2088122605364
760,748,14,10644,1,10644,False,1506.8983464862833,667.1215708380308
760,748,38,21624,1,21624,False,348.2343692193859,965.9347021827599
760,748,75,12732,2,12636,False,1213.7698711907005,690.0702167766258
760,748,113,3140,1,3140,False,1456.8337579617835,528.3114649681529
761,749,14,10744,1,10744,False,1503.2006701414743,668.4992553983619
761,749,38,22864,1,22864,False,381.57662701189645,975.2862141357592
761,749,75,12396,1,12396,False,1229.0479186834464,683.9120684091642
761,749,113,3120,1,3120,False,1456.8076923076924,528.0358974358975
762,750,14,10856,1,10856,False,1501.3680913780397,666.9089904200442
762,750,38,22900,1,22900,False,419.3751091703057,994.2725764192139
762,750,75,11868,1,11868,False,1244.4507920458375,682.2249747219414
762,750,113,3100,1,3100,False,1457.0264516129032,528.02
763,751,14,10724,1,10724,False,1501.1467735919432,664.3925773964938
763,751,38,24844,1,24844,False,435.67211399130576,1017.8482530993399
763,751,75,10524,1,10524,False,1251.980805777271,680.4384264538198
763,751,113,3092,1,3092,False,1456.9398447606727,527.8686934023286
764,752,14,10156,1,10156,False,1501.5342654588421,662.4755809373769
764,752,38,23816,1,23816,False,442.8473295263688,1030.4647295935506
764,752,75,10288,1,10288,False,1265.6096423017107,676.2970451010887
764,752,113,3088,1,3088,False,1457.7849740932643,530.8575129533679
765,753,14,10232,1,10232,False,1502.1677091477718,661.596168881939
765,753,38,21536,1,21536,False,441.5698365527489,1024.4123328380385
765,753,75,8480,1,8480,False,1278.3924528301886,656.172641509434
765,753,113,3012,1,3012,False,1457.3605577689243,529.703187250996
766,754,14,10032,1,10032,False,1505.5470494417864,661.0255183413078
766,754,38,25572,1,25572,False,448.8844830283122,1019.3840919755983
766,754,75,8760,1,8760,False,1299.9584474885844,637.6031963470319
766,754,113,3048,1,3048,False,1457.47375328084,530.1929133858267
767,755,14,9252,1,9252,False,1511.515131863381,660.9608733246865
767,755,38,32696,2,32608,False,464.4420112551994,1023.1322485931
767,755,75,9484,1,9484,False,1331.5982707718263,618.9175453395192
767,755,113,3096,1,3096,False,1457.357881136951,530.531007751938
768,756,14,9244,1,9244,False,1515.629381220251,661.0607961921246
768,756,38,34640,1,34640,False,466.7325635103926,1030.7122401847575
768,756,75,8832,1,8832,False,1353.8876811594203,610.508152173913
768,756,113,3116,1,3116,False,1457.4216944801026,530.7926829268292
769,757,14,9320,1,9320,False,1519.4828326180257,658.5815450643777
769,757,38,36808,1,36808,False,465.0731362747229,1045.8160182569006
769,757,75,8936,1,8936,False,1372.8867502238138,602.442703670546
769,757,113,3092,1,3092,False,1457.5608020698578,530.9579560155239
770,758,14,9520,1,9520,False,1522.2142857142858,654.844537815126
770,758,38,39400,1,39400,False,452.7458883248731,1070.0130964467005
770,758,75,9304,1,9304,False,1383.859415305245,602.7932072227
770,758,113,3112,1,3112,False,1457.3714652956298,530.8264781491002
771,759,14,9160,1,9160,False,1522.453711790393,651.0065502183406
771,759,38,38116,1,38116,False,417.4195088676671,1105.4898205478014
771,759,75,8404,1,8404,False,1398.0335554497858,604.0459305092813
771,759,113,3232,1,3232,False,1456.6064356435643,532.769801980198
772,760,14,9360,1,9360,False,1523.2222222222222,651.131623931624
772,760,38,42644,1,42644,False,374.8622549479411,1133.2794765969422
772,760,75,9136,1,9136,False,1409.053415061296,603.8984238178634
772,760,113,2416,1,2416,False,1459.0860927152319,523.5496688741722
773,761,14,9380,1,9380,False,1521.619829424307,649.5490405117271
773,761,38,48356,1,48356,False,349.89234014393253,1157.457895607577
773,761,75,9120,1,9120,False,1421.5605263157895,596.4078947368421
773,761,113,1984,1,1984,False,1459.766129032258,517.4354838709677
774,762,14,9680,1,9680,False,1517.8710743801653,648.6818181818181
774,762,38,49744,1,49744,False,337.90607912512064,1183.6106465101318
774,762,75,9184,1,9184,False,1424.8580139372823,593.1289198606272
774,762,113,1832,1,1832,False,1460.0152838427948,514.9410480349345
775,763,14,9892,1,9892,False,1514.5946219167004,647.231904569349
775,763,38,52932,1,52932,False,308.3505252021462,1210.0001889216353
775,763,75,8428,1,8428,False,1425.718794494542,588.28073089701
775,763,113,2028,1,2028,False,1460.7800788954635,516.7603550295858
776,764,14,10264,1,10264,False,1510.8187840997662,644.4469992205768
776,764,38,59440,1,59440,False,290.53741588156123,1241.4087483176313
776,764,75,7508,1,7508,False,1426.0950985615343,585.1126798082046
776,764,113,2000,1,2000,False,1457.392,516.824
777,765,14,10168,1,10168,False,1510.1420141620772,643.1215578284815
777,765,38,59232,1,59232,False,266.78552133981634,1249.6777417612102
777,765,75,6724,1,6724,False,1428.7379535990483,579.1472337894111
777,765,113,1996,1,1996,False,1456.3517034068136,515.1012024048097
778,766,14,10360,1,10360,False,1507.9548262548262,643.0490347490347
778,766,38,57464,1,57464,False,237.01942085479604,1257.187595712098
778,766,75,6460,1,6460,False,1430.1904024767803,578.4133126934985
778,766,113,2012,1,2012,False,1456.2773359840953,514.5159045725646
779,767,14,10300,1,10300,False,1508.2677669902912,641.3885436893204
779,767,38,56920,1,56920,False,220.05699226985243,1267.132607167955
779,767,75,5516,2,5472,False,1436.9989122552577,577.2759245830313
779,767,113,2228,1,2228,False,1455.4946140035906,513.7567324955116
780,768,14,11024,1,11024,False,1507.0283018867924,641.9397677793904
780,768,38,59040,1,59040,False,191.21666666666667,1264.6172086720867
780,768,75,4588,1,4588,False,1439.8095030514385,577.1364428945074
780,768,113,2464,1,2464,False,1456.0097402597403,516.8214285714286
781,769,14,10996,1,10996,False,1506.7000727537286,642.337031647872
781,769,38,60988,1,60988,True,164.48662031875122,1244.970125270545
781,769,75,3796,1,3796,False,1446.2513171759747,580.0005268703899
781,769,113,2684,1,2684,False,1455.3912071535021,518.967958271237
782,770,14,11488,1,11488,False,1507.493036211699,639.9686629526462
782,770,38,54292,1,54292,True,154.41158918441022,1239.791829367126
782,770,75,3288,1,3288,False,1450.1861313868612,580.1934306569343
782,770,113,2720,2,2716,False,1455.3970588235295,519.5911764705883
783,771,14,11664,1,11664,False,1507.7599451303156,639.1796982167352
783,771,38,48428,1,48428,False,144.52692657140497,1236.5971338894853
783,771,75,2544,1,2544,False,1455.625786163522,581.7735849056604
783,771,113,2836,2,2832,False,1455.515514809591,521.1149506346968
784,772,14,10924,1,10924,False,1506.8039179787625,642.8075796411571
784,772,38,46256,1,46256,False,143.62435143548944,1236.6575579384296
784,772,75,2840,2,1892,False,1488.4943661971831,583.6380281690141
784,772,113,3064,1,3064,False,1455.3798955613577,521.3694516971279
785,773,14,10984,1,10984,False,1507.398761835397,642.4410050983248
785,773,38,44560,1,44560,False,151.98761220825853,1234.954578096948
785,773,75,3408,3,1780,False,1505.0680751173709,588.0446009389672
785,773,113,2976,1,2976,False,1455.3844086021506,520.1854838709677
786,774,14,11384,1,11384,False,1506.367884750527,640.4901616303584
786,774,38,42624,3,42508,False,162.1420795795796,1226.6627252252251
786,774,75,2972,3,2000,False,1519.0975773889636,593.592866756393
786,774,113,3008,1,3008,False,1455.5585106382978,523.7526595744681
787,775,14,11244,1,11244,False,1505.538776236215,642.7034863038065
787,775,38,44528,1,44528,False,163.99658641753504,1203.3532159540064
787,775,75,2620,1,2620,False,1539.3213740458016,594.4236641221374
787,775,113,3388,1,3388,False,1457.0383707201888,526.400826446281
788,776,14,10792,1,10792,False,1507.4547813194959,644.9418087472202
788,776,38,40812,1,40812,False,178.908507301774,1181.8198078996375
788,776,75,2652,1,2652,False,1540.3552036199094,596.7684766214178
788,776,113,3808,1,3808,False,1458.8781512605042,530.468487394958
789,777,14,10900,1,10900,False,1508.6915596330275,645.6089908256881
789,777,38,41156,1,41156,False,196.6384002332588,1159.436339780348
789,777,75,2520,1,2520,False,1542.6238095238095,599.1793650793651
789,777,113,3500,1,3500,False,1457.4005714285715,527.1765714285714
790,778,14,10704,1,10704,False,1509.2159940209267,646.618086696562
790,778,38,36420,1,36420,False,232.54700713893465,1134.4652937946184
790,778,75,2996,1,2996,False,1539.1809078771696,594.0086782376502
790,778,113,3432,1,3432,False,1457.597902097902,528.7517482517483
791,779,14,10552,1,10552,False,1510.3703563305535,648.2285822592874
791,779,38,32092,1,32092,False,242.92253521126761,1103.1493830238066
791,779,75,2776,1,2776,False,1544.1340057636887,603.7708933717579
791,779,113,3448,1,3448,False,1458.961716937355,529.9825986078886
792,780,14,10972,1,10972,False,1511.369121399927,647.3399562522785
792,780,38,27016,1,27016,False,265.3694107195736,1083.9474385549304
792,780,75,2640,1,2640,False,1548.5575757575757,606.2060606060606
792,780,113,2952,1,2952,False,1456.0636856368565,523.1178861788618
793,781,14,10956,1,10956,False,1513.3075940124133,648.7095655348668
793,781,38,27760,1,27760,False,274.3974063400576,1064.6593659942364
793,781,75,2852,1,2852,False,1549.5575035063114,604.0427769985974
793,781,113,3112,1,3112,False,1456.3380462724936,526.219794344473
794,782,14,10856,1,10856,False,1514.8655121591746,649.9745762711865
794,782,38,28688,1,28688,False,280.1218627997769,1045.7216954824316
794,782,75,3444,1,3444,False,1544.5929152148665,596.8693379790941
794,782,113,3256,1,3256,False,1456.7727272727273,526.8267813267813
795,783,14,10376,1,10376,False,1517.5100231303006,645.239398612182
795,783,38,29716,1,29716,False,279.1216179835779,1022.3438551622022
795,783,75,2704,1,2704,False,1552.7633136094676,604.9733727810651
795,783,113,3360,1,3360,False,1457.607142857143,529.254761904762
796,784,14,10496,1,10496,False,1516.5876524390244,645.5556402439024
796,784,38,25264,1,25264,False,284.4360354654845,1013.9100696643445
796,784,75,2908,1,2908,False,1553.89477303989,604.1203576341128
796,784,113,3184,1,3184,False,1457.0075376884422,529.0100502512563
797,785,14,10516,1,10516,False,1514.4885888170406,648.6414986686954
797,785,38,23436,1,23436,False,287.96338965693803,993.5182625021334
797,785,75,3324,1,3324,False,1553.063176895307,605.5036101083033
797,785,113,3228,1,3228,False,1456.514869888476,527.2087980173482
798,786,14,10952,1,10952,False,1511.6409788166545,648.4079620160701
798,786,38,23276,1,23276,False,281.3338202440282,966.9065990720055
798,786,75,2928,1,2928,False,1550.9125683060108,607.8879781420765
798,786,113,3196,1,3196,False,1456.5075093867333,527.7540675844806
799,787,14,10956,2,10952,False,1508.024644030668,647.4273457466229
799,787,38,25332,1,25332,False,270.17219327333015,940.8060161061109
799,787,75,2736,1,2736,False,1548.5438596491229,610.3801169590644
799,787,113,3092,1,3092,False,1456.4172056921086,528.0627425614489
800,788,14,9992,1,9992,False,1510.3638911128903,651.0812650120096
800,788,38,22356,1,22356,False,269.5946502057613,933.8748434424763
800,788,75,4296,3,2752,False,1514.9599627560522,614.0027932960894
800,788,113,3264,1,3264,False,1456.0882352941176,527.5171568627451
801,789,14,10480,3,10436,False,1507.298473282443,650.1045801526717
801,789,38,20852,1,20852,False,264.41713025129485,924.4773642816036
801,789,75,4272,2,2544,False,1508.9794007490636,610.1629213483146
801,789,113,3080,1,3080,False,1456.3025974025975,528.3597402597403
802,790,14,10544,1,10544,False,1508.1570561456754,651.3634294385432
802,790,38,20996,1,20996,False,264.02371880358163,926.7853876928939
802,790,75,5064,3,2856,False,1494.5932069510268,604.0703001579778
802,790,113,2996,1,2996,False,1455.5093457943926,522.911214953271
803,791,14,11060,1,11060,False,1507.3390596745028,648.5896925858951
803,791,38,19040,1,19040,False,248.43067226890756,914.6193277310924
803,791,75,4448,2,2644,False,1488.6348920863309,604.1744604316547
803,791,113,2940,1,2940,False,1455.8551020408163,522.9108843537415
804,792,14,11416,1,11416,False,1507.271548703574,646.8097407147862
804,792,38,20120,1,20120,False,235.09602385685884,895.7842942345925
804,792,75,4080,2,2808,False,1476.756862745098,601.8156862745099
804,792,113,2904,1,2904,False,1455.6570247933885,523.1143250688705
805,793,14,11208,1,11208,False,1511.560670949322,648.4207708779443
805,793,38,19964,1,19964,False,229.78871969545182,888.3613504307754
805,793,75,4300,2,3812,False,1462.713953488372,594.9148837209302
805,793,113,2960,1,2960,False,1455.7405405405405,523.1405405405405
806,794,14,10852,1,10852,False,1511.4694065610026,649.4841503870255
806,794,38,17520,1,17520,False,226.01689497716896,887.5812785388127
806,794,75,4728,3,4260,False,1457.8739424703892,593.6252115059222
806,794,113,3004,1,3004,False,1455.690412782956,522.667776298269
807,795,14,10736,1,10736,False,1512.00521609538,649.2503725782415
807,795,38,17280,1,17280,False,223.07916666666668,886.2134259259259
807,795,75,4392,1,4392,False,1448.2577413479053,590.4216757741348
807,795,113,2860,1,2860,False,1455.5125874125874,523.4874125874126
808,796,14,10696,1,10696,False,1512.011593118923,649.0579655946148
808,796,38,17220,1,17220,False,220.40383275261323,882.9315911730546
808,796,75,4668,1,4668,False,1446.4194515852614,589.4974293059126
808,796,113,2876,1,2876,False,1455.4568845618915,523.6543810848401
809,797,14,10740,2,10724,False,1511.8810055865922,648.4590316573557
809,797,38,17404,1,17404,False,214.53953114226616,877.2161572052402
809,797,75,4984,1,4984,False,1445.0794542536116,589.7086677367577
809,797,113,2888,1,2888,False,1455.6301939058171,523.8518005540167
810,798,14,10716,2,10712,False,1512.4357969391565,648.3857782754759
810,798,38,18616,1,18616,False,205.799957026214,862.395573700043
810,798,75,5284,1,5284,False,1444.7997728993187,588.9390613171839
810,798,113,2980,1,2980,False,1456.3120805369128,524.8731543624161
811,799,14,10488,1,10488,False,1514.4900839054158,648.6998474446987
811,799,38,17304,3,17284,False,198.0381414701803,849.7385575589459
811,799,75,5628,1,5628,False,1447.5533049040512,589.8688699360341
811,799,113,3148,1,3148,False,1457.4479034307496,526.9116899618806
812,800,14,10364,1,10364,False,1518.7562717097646,650.9639135468931
812,800,38,16848,1,16848,False,193.9681861348528,841.6177587844254
812,800,75,5988,1,5988,False,1447.9535738142952,591.8239812959251
812,800,113,3108,1,3108,False,1455.8745173745174,526.5283140283141
813,801,14,10208,1,10208,False,1524.6771159874609,649.314263322884
813,801,38,15940,1,15940,False,190.43977415307404,835.418444165621
813,801,75,6428,1,6428,False,1447.1397013067829,594.0942750466708
813,801,113,3308,1,3308,False,1454.717654171705,528.3476420798065
814,802,14,10352,1,10352,False,1530.6870170015457,648.1993817619783
814,802,38,17516,1,17516,False,185.10653117150034,821.6317652432062
814,802,75,6760,1,6760,False,1448.573372781065,595.5414201183432
814,802,113,3244,1,3244,False,1454.5468557336621,528.7244143033292
815,803,14,10648,1,10648,False,1535.9147257700977,649.4699474079639
815,803,38,18764,1,18764,False,180.14357279897678,810.3026007247921
815,803,75,7004,1,7004,False,1449.2287264420331,596.5171330668189
815,803,113,3424,1,3424,False,1454.3084112149534,528.25
816,804,14,10464,1,10464,False,1540.5336391437309,648.3784403669724
816,804,38,18640,1,18640,False,179.00772532188842,807.4403433476394
816,804,75,7144,1,7144,False,1448.8852183650615,596.6030235162374
816,804,113,3456,1,3456,False,1453.835648148148,528.3472222222222
817,805,14,10196,1,10196,False,1544.9880345233425,648.5054923499412
817,805,38,18824,1,18824,False,178.92923926901827,807.1489587760306
817,805,75,7328,1,7328,False,1447.0840611353713,596.4978165938865
817,805,113,3408,1,3408,False,1454.25117370892,527.706572769953
818,806,14,10372,1,10372,False,1549.664674122638,648.8848823756267
818,806,38,19020,1,19020,False,179.4703470031546,807.7694006309148
818,806,75,7028,1,7028,False,1445.749857712009,595.8534433693796
818,806,113,3492,1,3492,False,1454.479381443299,528.6626575028637
819,807,14,10076,1,10076,False,1553.8132195315602,647.6226677252878
819,807,38,19076,1,19076,False,180.614908785909,808.4446424827008
819,807,75,7644,1,7644,False,1443.7956567242281,595.2001569858712
819,807,113,3140,1,3140,False,1455.9445859872612,526.5535031847133
820,808,14,10044,1,10044,False,1558.8305455993627,644.9691358024692
820,808,38,19120,1,19120,False,181.65564853556486,809.8242677824268
820,808,75,7800,2,7792,False,1443.197435897436,596.3328205128205
820,808,113,2936,1,2936,False,1454.6607629427792,523.5708446866485
821,809,14,10048,1,10048,False,1563.3781847133757,642.9203821656051
821,809,38,17976,1,17976,False,184.49109924343568,813.1346239430352
821,809,75,8004,1,8004,False,1443.8343328335832,596.5629685157421
821,809,113,2916,1,2916,False,1457.3395061728395,523.9705075445817
822,810,14,9912,1,9912,False,1567.643664245359,642.1876513317192
822,810,38,18140,1,18140,False,180.9762954796031,810.4797133406836
822,810,75,8280,1,8280,False,1443.2816425120773,594.9821256038647
822,810,113,2904,1,2904,False,1457.6239669421489,523.9545454545455
823,811,14,9596,1,9596,False,1571.3420175072947,642.059816590246
823,811,38,17276,1,17276,False,187.1709886547812,819.4205834683954
823,811,75,8400,1,8400,False,1442.9580952380952,594.244761904762
823,811,113,2888,1,2888,False,1457.55540166205,523.8047091412742
824,812,14,9576,1,9576,False,1575.2852965747702,642.6336675020885
824,812,38,18720,1,18720,False,183.74273504273503,821.1153846153846
824,812,75,8400,1,8400,False,1441.3114285714287,594.9733333333334
824,812,113,2932,1,2932,False,1457.337653478854,524.4072305593452
825,813,14,9516,1,9516,False,1579.6862126944095,643.8577133249264
825,813,38,18928,1,18928,False,182.47125950972105,827.1238377007608
825,813,75,7916,1,7916,False,1439.2913087417887,595.4277412834765
825,813,113,3164,1,3164,False,1456.8312262958282,526.1965865992414
826,814,14,9724,1,9724,False,1585.4551624845742,640.4095022624434
826,814,38,18300,1,18300,False,179.44863387978143,837.7782513661202
826,814,75,7640,1,7640,False,1435.893717277487,594.5638743455497
826,814,113,3320,1,3320,False,1456.801204819277,527.9481927710843
827,815,14,9700,1,9700,False,1590.2435051546393,637.4616494845361
827,815,38,16416,1,16416,False,175.1379142300195,847.9044834307992
827,815,75,7872,1,7872,False,1432.594512195122,593.8770325203252
827,815,113,3408,1,3408,False,1456.7018779342723,528.4507042253521
828,816,14,9484,1,9484,False,1593.88506959089,634.5084352593842
828,816,38,16548,1,16548,False,173.77870437515108,854.382040125695
828,816,75,8244,1,8244,False,1429.3229015041243,590.9425036390102
828,816,113,3228,1,3228,False,1457.2162329615862,527.5111524163568
829,817,14,9280,1,9280,False,1595.7112068965516,632.8379310344827
829,817,38,13340,1,13340,False,170.59595202398802,871.9812593703149
829,817,75,8084,1,8084,False,1425.708312716477,588.4049975259773
829,817,113,3316,1,3316,False,1457.0572979493365,528.3576598311219
830,818,14,9084,1,9084,False,1597.1754733597534,631.8139586085425
830,818,38,11964,1,11964,False,166.15496489468404,881.9149114008693
830,818,75,7860,1,7860,False,1422.395165394402,589.103562340967
830,818,113,3604,1,3604,False,1456.4800221975584,528.546614872364
831,819,14,8868,1,8868,False,1597.6529093369418,630.4422643211548
831,819,38,11208,1,11208,False,170.42933618843682,898.6163454675232
831,819,75,7476,1,7476,False,1419.587212413055,589.8408239700375
831,819,113,3736,1,3736,False,1456.8768736616703,526.771948608137
832,820,14,8780,1,8780,False,1597.1031890660593,630.2676537585421
832,820,38,11804,1,11804,False,174.51152151812946,912.0106743476788
832,820,75,7164,1,7164,False,1417.2560022333892,590.889726409827
832,820,113,3644,1,3644,False,1457.367178924259,526.4890230515916
833,821,14,8792,1,8792,False,1595.738398544131,630.7329390354868
833,821,38,11448,1,11448,False,189.01921733053808,928.0883997204752
833,821,75,7020,1,7020,False,1415.5108262108263,590.9980056980057
833,821,113,3476,1,3476,False,1457.23417721519,525.1421173762946
834,822,14,8736,1,8736,False,1594.60989010989,629.9615384615385
834,822,38,11936,1,11936,False,201.40616621983915,948.1414209115281
834,822,75,6892,1,6892,False,1414.5046430644225,588.6845618107951
834,822,113,3396,1,3396,False,1457.3786808009422,524.5800942285041
835,823,14,8628,1,8628,False,1593.8583681038479,629.2658785350023
835,823,38,12768,1,12768,False,212.69611528822054,969.140977443609
835,823,75,6780,1,6780,False,1413.179646017699,585.6669616519174
835,823,113,3372,1,3372,False,1457.3422301304863,524.1915776986951
836,824,14,8584,1,8584,False,1593.00605778192,628.410531220876
836,824,38,18460,1,18460,False,228.3448537378115,979.991224268689
836,824,75,6700,1,6700,False,1412.042686567164,585.7083582089552
836,824,113,3396,1,3396,False,1457.2773851590107,524.537691401649
837,825,14,8636,1,8636,False,1592.353635942566,627.6005094951366
837,825,38,17816,1,17816,False,243.86865738661876,1020.1573866187697
837,825,75,6748,1,6748,False,1410.9908120924717,586.8746295198578
837,825,113,3388,1,3388,False,1457.4374262101535,524.6605667060212
838,826,14,8664,1,8664,False,1591.7289935364727,626.6865189289013
838,826,38,18500,1,18500,False,247.07037837837836,1045.9542702702702
838,826,75,6704,1,6704,False,1410.9164677804297,588.1825775656324
838,826,113,3412,1,3412,False,1457.3815943728018,524.9032825322391
839,827,14,8796,1,8796,False,1590.775579809004,624.987494315598
839,827,38,23616,1,23616,False,249.51558265582656,1068.6626016260163
839,827,75,6720,1,6720,False,1410.4416666666666,589.3380952380952
839,827,113,3404,1,3404,False,1457.355464159812,524.735017626322
840,828,14,8792,1,8792,False,1590.6555959963603,625.5127388535032
840,828,38,27076,1,27076,False,248.18355739400207,1095.2156153050673
840,828,75,6592,1,6592,False,1409.3543689320388,588.5497572815534
840,828,113,3396,1,3396,False,1457.3951707891638,524.9310954063604
841,829,14,8764,1,8764,False,1590.5839799178457,625.3954815152898
841,829,38,28880,1,28880,False,249.3102493074792,1129.0224376731303
841,829,75,6736,1,6736,False,1410.0035629453682,589.2304038004751
841,829,113,3376,1,3376,False,1457.367298578199,524.7109004739336
842,830,14,8684,1,8684,False,1590.510133578996,625.3539843390142
842,830,38,33836,1,33836,False,258.46217046932264,1151.8167041021397
842,830,75,6780,1,6780,False,1410.0138643067846,589.7849557522123
842,830,113,3348,1,3348,False,1457.3124253285544,524.5501792114695
843,831,14,8752,1,8752,False,1589.9396709323582,625.4140767824497
843,831,38,35248,1,35248,False,260.4287335451657,1187.7889241942805
843,831,75,6772,1,6772,False,1409.7746603662138,590.4610159480212
843,831,113,3388,1,3388,False,1457.3429752066115,524.9061393152302
844,832,14,8756,1,8756,False,1589.7571950662402,625.2537688442211
844,832,38,43272,1,43272,False,237.75235718247365,1202.9982436679609
844,832,75,6788,1,6788,False,1408.1205067766648,589.7386564525633
844,832,113,3380,1,3380,False,1457.285798816568,524.7059171597633
845,833,14,8748,1,8748,False,1589.513260173754,625.2462277091906
845,833,38,48336,1,48336,False,229.87057265806024,1215.0963257199603
845,833,75,6860,1,6860,False,1407.3396501457726,587.9087463556851
845,833,113,3400,1,3400,False,1457.2411764705882,524.7282352941177
846,834,14,8740,1,8740,False,1589.237757437071,625.1398169336385
846,834,38,50200,1,50200,False,221.55752988047809,1233.9978486055777
846,834,75,7244,1,7244,False,1405.0135284373275,584.236057426836
846,834,113,3392,1,3392,False,1457.242924528302,524.5919811320755
847,835,14,8736,1,8736,False,1589.1858974358975,625.1483516483516
847,835,38,51260,1,51260,False,215.68829496683574,1247.9918454935623
847,835,75,7252,1,7252,False,1404.854109211252,583.4464975179261
847,835,113,3408,1,3408,False,1457.2089201877934,524.8239436619718
848,836,14,8708,1,8708,False,1588.9529168580616,625.3332567753789
848,836,38,54148,1,54148,False,206.82237571101425,1265.8568737534165
848,836,75,7160,1,7160,False,1404.1078212290504,583.522346368715
848,836,113,3408,1,3408,False,1457.2112676056338,524.906103286385
849,837,14,8724,1,8724,False,1588.6907381934893,624.9135717560752
849,837,38,57372,1,57372,False,196.09938646029423,1277.498814752841
849,837,75,7240,1,7240,False,1404.2171270718231,583.4712707182321
849,837,113,3412,1,3412,False,1457.280773739742,525.090855803048
850,838,14,8752,1,8752,False,1588.5393053016453,624.9076782449725
850,838,38,63608,1,63608,True,181.2434284995598,1274.1960130801158
850,838,75,7368,1,7368,False,1404.3023887079262,584.0559174809989
850,838,113,3408,1,3408,False,1457.2136150234742,524.9600938967136
851,839,14,8760,1,8760,False,1588.368493150685,624.810502283105
851,839,38,63944,1,63944,True,173.9797948204679,1283.0006881020893
851,839,75,7368,1,7368,False,1403.744299674267,584.143865363735
851,839,113,3420,1,3420,False,1457.2859649122806,525.1315789473684
852,840,14,8744,1,8744,False,1588.1139066788655,624.2557182067703
852,840,38,66364,1,66364,True,166.93674281236815,1289.8128804773673
852,840,75,7420,1,7420,False,1403.6536388140162,584.0741239892184
852,840,113,3420,1,3420,False,1457.2555555555555,525.1292397660819
853,841,14,8724,1,8724,False,1587.7077028885833,624.0680880330124
853,841,38,68260,1,68260,True,163.5469381775564,1297.3141810723703
853,841,75,7384,1,7384,False,1403.6473456121344,583.5920910075839
853,841,113,3420,1,3420,False,1457.2391812865496,525.0099415204678
854,842,14,8692,1,8692,False,1587.3872526461114,623.9578923147722
854,842,38,69092,1,69092,True,162.10354310195103,1303.8950095524808
854,842,75,7480,1,7480,False,1403.7235294117647,584.2818181818182
854,842,113,3416,1,3416,False,1457.2142857142858,524.9566744730679
855,843,14,8820,1,8820,False,1586.868253968254,623.3526077097506
855,843,38,67824,1,67824,True,154.0974286388299,1308.7714083510261
855,843,75,7380,1,7380,False,1403.2663956639567,583.2544715447154
855,843,113,3420,1,3420,False,1457.3070175438597,525.1198830409356
856,844,14,8788,1,8788,False,1586.1668183887118,623.1736458807464
856,844,38,64900,1,64900,True,149.24453004622495,1317.1370416024654
856,844,75,7524,1,7524,False,1403.7397660818713,583.6993620414673
856,844,113,3436,1,3436,False,1457.419674039581,525.4173457508731
857,845,14,8820,1,8820,False,1585.8469387755101,622.0038548752834
857,845,38,60840,1,60840,True,139.7698224852071,1316.6397764628534
857,845,75,7520,1,7520,False,1403.6404255319148,584.9904255319149
857,845,113,3448,1,3448,False,1457.407192575406,525.4559164733179
858,846,14,8772,1,8772,False,1585.8187414500685,621.9865481076151
858,846,38,58592,1,58592,True,137.2998361551065,1322.0554341889679
858,846,75,7180,1,7180,False,1402.0130919220055,584.0810584958217
858,846,113,3416,1,3416,False,1457.364168618267,525.1370023419204
859,847,14,8696,1,8696,False,1586.005059797608,621.8311867525299
859,847,38,58032,1,58032,True,127.51350978770334,1320.13082437276
859,847,75,7504,1,7504,False,1404.0394456289978,588.1972281449894
859,847,113,3456,1,3456,False,1457.4444444444443,525.550925925926
860,848,14,8628,1,8628,False,1586.0605006954104,621.1629578117756
860,848,38,58772,1,58772,True,124.13737834342885,1320.9608997481794
860,848,75,7408,1,7408,False,1403.233261339093,591.2473002159827
860,848,113,3556,1,3556,False,1457.4133858267717,525.447131608549
861,849,14,8568,1,8568,False,1585.6615312791782,620.2917833800187
861,849,38,56832,1,56832,True,124.16751126126127,1326.2719594594594
861,849,75,7212,1,7212,False,1403.1943982251803,595.7224070992789
861,849,113,3480,1,3480,False,1457.3942528735631,526.116091954023
862,850,14,8288,1,8288,False,1586.0,619.3590733590734
862,850,38,54592,1,54592,True,124.85287221570925,1326.7388628370456
862,850,75,7184,1,7184,False,1400.446547884187,597.7327394209354
862,850,113,3436,1,3436,False,1457.3987194412107,526.0715948777648
863,851,14,8452,1,8452,False,1585.3916232844297,618.3485565546616
863,851,38,55396,2,55280,True,123.28879341468698,1322.4744385876236
863,851,75,7524,1,7524,False,1395.7355130249866,602.3841041998937
863,851,113,3472,1,3472,False,1457.430875576037,526.0622119815669
864,852,14,8452,1,8452,False,1585.3916232844297,618.3485565546616
864,852,38,55396,2,55280,True,123.28879341468698,1322.4744385876236
864,852,75,7524,1,7524,False,1395.7355130249866,602.3841041998937
864,852,113,3472,1,3472,False,1457.430875576037,526.0622119815669
865,853,14,8228,1,8228,False,1585.5549343704424,618.0838599902771
865,853,38,54444,2,54416,True,121.73003453089413,1323.131988832562
865,853,75,7328,1,7328,False,1392.282751091703,604.6768558951965
865,853,113,3468,1,3468,False,1457.4111880046137,526.0686274509804
866,854,14,8324,1,8324,False,1586.531715521384,618.8382988947621
866,854,38,54580,1,54580,True,121.85404910223525,1323.1399413704653
866,854,75,7484,1,7484,False,1388.9094067343667,608.7394441475147
866,854,113,3492,1,3492,False,1457.3545246277206,526.3671248568156
867,855,14,8196,1,8196,False,1586.349682772084,614.433626159102
867,855,38,54096,1,54096,True,123.3670511682934,1320.4093463472345
867,855,75,7532,1,7532,False,1382.5031864046734,612.8505045140732
867,855,113,3484,1,3484,False,1457.4299655568311,526.3461538461538
868,856,14,7836,1,7836,False,1587.8241449719244,610.9645227156713
868,856,38,54416,3,54320,True,126.82549250220524,1315.4291384886799
868,856,75,7312,1,7312,False,1374.691466083151,621.4474835886215
868,856,113,3588,1,3588,False,1457.64381270903,527.0039018952062
869,857,14,7776,1,7776,False,1588.2253086419753,611.2191358024692
869,857,38,55572,2,55532,True,128.79583243359963,1319.0952638019146
869,857,75,7036,1,7036,False,1366.3101193860148,626.5250142126208
869,857,113,3468,1,3468,False,1457.5149942329874,526.3292964244521
870,858,14,7732,1,7732,False,1589.1642524573201,617.4798241076047
870,858,38,53112,1,53112,True,139.42754932971832,1324.6979213737009
870,858,75,7092,1,7092,False,1360.2089678511,629.2275803722504
870,858,113,3496,1,3496,False,1457.5068649885584,526.6670480549199
871,859,14,7324,1,7324,False,1589.8315128345166,620.8473511742218
871,859,38,52156,1,52156,True,138.67792775519595,1326.0070174093105
871,859,75,6936,1,6936,False,1356.0051903114186,635.0317185697809
871,859,113,3520,1,3520,False,1457.490909090909,527.1931818181819
872,860,14,7604,1,7604,False,1590.469489742241,621.2332982640715
872,860,38,51472,1,51472,True,135.70733602735467,1327.0051290021759
872,860,75,6828,1,6828,False,1355.0834797891036,645.130345635618
872,860,113,3416,1,3416,False,1457.3969555035128,525.46018735363
873,861,14,7608,1,7608,False,1591.5273396424816,620.6713985278654
873,861,38,51332,1,51332,True,132.7269149848048,1320.8363204239072
873,861,75,6856,1,6856,False,1355.8068844807467,651.3296382730455
873,861,113,3424,1,3424,False,1457.3831775700935,525.4556074766355
874,862,14,7608,1,7608,False,1592.1035751840168,620.1540483701367
874,862,38,52072,1,52072,True,136.38185589184206,1322.3505146719926
874,862,75,6852,1,6852,False,1357.4889083479277,658.3108581436077
874,862,113,3428,1,3428,False,1457.3728121353558,525.4824970828471
875,863,14,7560,1,7560,False,1592.1507936507937,619.9539682539682
875,863,38,54892,1,54892,True,135.25449974495373,1322.590067769438
875,863,75,6952,1,6952,False,1359.0327963176064,671.1294591484465
875,863,113,3416,1,3416,False,1457.3618266978922,525.5210772833724
876,864,14,7536,1,7536,False,1592.248407643312,620.0265392781316
876,864,38,54384,1,54384,True,145.56016475433952,1342.1994704324802
876,864,75,7128,1,7128,False,1363.1442199775533,681.8569023569023
876,864,113,3408,1,3408,False,1457.3732394366198,525.518779342723
877,865,14,7560,1,7560,False,1592.910582010582,620.7645502645503
877,865,38,58508,1,58508,True,139.34884118411156,1341.9728925958843
877,865,75,7080,1,7080,False,1367.913559322034,688.3406779661017
877,865,113,3408,2,3392,False,1457.469483568075,525.7605633802816
878,866,14,7556,1,7556,False,1591.623345685548,620.5518793012176
878,866,38,62828,1,62828,True,144.74702362004203,1343.5848666199784
878,866,75,8264,1,8264,False,1372.908518877057,699.4941916747338
878,866,113,3412,1,3412,False,1457.3769050410317,525.5644783118406
879,867,14,7504,1,7504,False,1590.1055437100213,620.362473347548
879,867,38,65208,1,65208,True,156.1420071156913,1350.9859526438474
879,867,75,9420,1,9420,False,1381.3025477707006,708.6740976645435
879,867,113,3416,1,3416,False,1457.3782201405152,525.516393442623
880,868,14,7420,1,7420,False,1587.9167115902965,620.0202156334232
880,868,38,64540,1,64540,True,164.34790827393863,1358.7330337775022
880,868,75,10124,1,10124,False,1392.3222046621888,718.7718293164756
880,868,113,3416,1,3416,False,1457.4086651053865,525.6124121779859
881,869,14,7340,1,7340,False,1585.4373297002726,619.5561307901908
881,869,38,69640,1,69640,True,166.3089603676048,1356.3212521539344
881,869,75,11544,1,11544,False,1403.4286209286208,731.0225225225225
881,869,113,3416,1,3416,False,1457.4086651053865,525.7060889929743
882,870,14,7288,1,7288,False,1583.156421514819,619.2519209659714
882,870,38,68996,1,68996,True,168.45350455098847,1348.2403907472897
882,870,75,12696,1,12696,False,1412.9568367989918,734.322936357908
882,870,113,3416,1,3416,False,1457.4086651053865,525.7060889929743
883,871,14,7224,1,7224,False,1580.9119601328903,618.2519379844962
883,871,38,64824,1,64824,True,171.252931013205,1342.7251018141428
883,871,75,13092,1,13092,False,1424.1358081271005,737.8559425603422
883,871,113,3424,1,3424,False,1457.306074766355,525.4579439252336
884,872,14,7172,1,7172,False,1579.0666480758505,617.8731176798661
884,872,38,52516,1,52516,False,176.4546043110671,1331.8970599436361
884,872,75,13796,1,13796,False,1434.5898811249638,745.0404465062337
884,872,113,3428,1,3428,False,1457.3004667444575,525.4824970828471
885,873,14,7192,1,7192,False,1576.7536151279198,617.0939933259177
885,873,38,45568,1,45568,False,169.31197331460675,1308.9727879213483
885,873,75,14116,1,14116,False,1443.7060073675261,754.0505809011051
885,873,113,3436,1,3436,False,1457.31490104773,525.5779976717113
886,874,14,6876,1,6876,False,1575.8554392088424,619.3121000581733
886,874,38,45784,1,45784,False,171.635593220339,1272.4208457102918
886,874,75,14984,1,14984,False,1449.1332087560063,759.0995728777363
886,874,113,3424,1,3424,False,1457.3528037383178,525.6939252336449
887,875,14,7028,1,7028,False,1573.3833238474672,618.1812749003984
887,875,38,46688,1,46688,False,188.33122001370802,1249.5385538039752
887,875,75,14928,1,14928,False,1454.352625937835,763.4646302250804
887,875,113,3428,1,3428,False,1457.384480746791,525.7135355892649
888,876,14,6992,1,6992,False,1571.9565217391305,617.9221967963387
888,876,38,40460,1,40460,False,211.43781512605042,1192.3384577360355
888,876,75,15888,1,15888,False,1459.8353474320243,767.4184290030212
888,876,113,3480,1,3480,False,1456.9919540229885,525.1022988505747
889,877,14,6904,1,6904,False,1571.1442641946699,619.1697566628042
889,877,38,42364,1,42364,False,232.17802851477668,1173.1981399301294
889,877,75,16352,1,16352,False,1465.8982387475537,773.481409001957
889,877,113,3388,1,3388,False,1457.2178276269185,525.8412042502952
890,878,14,6964,1,6964,False,1569.8555427914991,619.1191843767949
890,878,38,31072,1,31072,False,252.85659114315138,1116.1189495365602
890,878,75,16280,1,16280,False,1470.732923832924,779.470515970516
890,878,113,3396,1,3396,False,1457.2043580683157,525.9157832744405
891,879,14,7020,1,7020,False,1567.9142450142451,619.4641025641025
891,879,38,28240,1,28240,False,280.0730878186969,1068.2762039660056
891,879,75,16632,1,16632,False,1472.7481962481963,785.2195767195767
891,879,113,3416,1,3416,False,1457.1932084309133,525.9894613583139
892,880,14,7112,1,7112,False,1565.4966254218223,618.0748031496063
892,880,38,26688,1,26688,False,293.33812949640287,1046.976618705036
892,880,75,17404,1,17404,False,1477.3453229142726,787.1908756607677
892,880,113,3400,1,3400,False,1457.4105882352942,525.6670588235294
893,881,14,7296,1,7296,False,1561.531798245614,615.672149122807
893,881,38,24448,1,24448,False,299.83376963350787,1012.8115183246073
893,881,75,18096,1,18096,False,1479.287798408488,792.0035366931919
893,881,113,3380,1,3380,False,1457.633727810651,525.9579881656805
894,882,14,7256,1,7256,False,1558.6510474090408,615.0964718853363
894,882,38,27428,1,27428,False,294.2103689660201,973.5812308589763
894,882,75,17908,1,17908,False,1480.4329908420818,797.6731069912888
894,882,113,3420,1,3420,False,1457.5877192982457,525.7116959064327
895,883,14,7360,1,7360,False,1554.158695652174,613.9652173913043
895,883,38,24188,1,24188,False,295.2015048784521,953.3175955019018
895,883,75,18300,1,18300,False,1482.3050273224044,806.508306010929
895,883,113,3456,1,3456,False,1457.6712962962963,525.9837962962963
896,884,14,7324,1,7324,False,1551.9516657564172,616.1155106499181
896,884,38,22248,1,22248,False,292.2159295217548,937.046925566343
896,884,75,18492,1,18492,False,1483.9172615184946,816.2257192299372
896,884,113,3460,1,3460,False,1457.5312138728323,525.8248554913295
897,885,14,7512,1,7512,False,1548.031416400426,617.8439829605963
897,885,38,25568,1,25568,False,285.8241551939925,921.1082603254067
897,885,75,19340,1,19340,False,1491.6251292657705,825.522543950362
897,885,113,3460,1,3460,False,1457.4734104046242,525.7254335260116
898,886,14,7584,1,7584,False,1543.1434599156119,620.1466244725739
898,886,38,24904,1,24904,False,282.13829103758434,913.5613556055253
898,886,75,21284,1,21284,False,1493.8662845329825,841.3115015974441
898,886,113,3456,1,3456,False,1457.4050925925926,525.7060185185185
899,887,14,7624,1,7624,False,1535.8599160545646,619.9596012591816
899,887,38,23760,1,23760,False,277.6636363636364,904.5680134680134
899,887,75,20660,1,20660,False,1489.3259438528557,854.6479186834463
899,887,113,3392,1,3392,False,1456.7735849056603,524.8042452830189
900,888,14,7904,1,7904,False,1528.3663967611335,616.1983805668016
900,888,38,21900,1,21900,False,271.4895890410959,904.551506849315
900,888,75,18080,1,18080,False,1489.228761061947,860.346017699115
900,888,113,3340,1,3340,False,1456.617365269461,524.4017964071857
901,889,14,7792,1,7792,False,1523.5503080082135,615.812114989733
901,889,38,23096,1,23096,False,255.13075857291307,894.185833044683
901,889,75,16952,1,16952,False,1486.5773949976403,862.5193487494101
901,889,113,2976,1,2976,False,1454.0456989247311,521.4220430107526
902,890,14,7720,1,7720,False,1519.3352331606218,615.6347150259068
902,890,38,22840,1,22840,False,232.92276707530647,872.4670753064798
902,890,75,18128,1,18128,False,1481.7714033539276,871.2034421888791
902,890,113,2900,1,2900,False,1453.6724137931035,520.7979310344828
903,891,14,7608,1,7608,False,1515.9521556256573,614.9206098843323
903,891,38,22724,1,22724,False,220.94252772399224,859.9472804083788
903,891,75,19336,1,19336,False,1473.8752585850227,887.4151841125362
903,891,113,2944,1,2944,False,1453.6902173913043,521.1222826086956
904,892,14,7556,1,7556,False,1513.016675489677,615.1934886183166
904,892,38,23132,1,23132,False,208.46956596922013,845.8570810997752
904,892,75,20484,1,20484,False,1460.682776801406,900.2746533880102
904,892,113,2904,1,2904,False,1453.8856749311294,522.0977961432507
905,893,14,7548,1,7548,False,1508.5498145204028,614.3219395866455
905,893,38,25444,1,25444,False,186.1956453387832,822.5984121993397
905,893,75,23916,1,23916,False,1440.9348553269779,912.1283659474828
905,893,113,2772,1,2772,False,1453.536075036075,522.6760461760462
906,894,14,7828,1,7828,False,1503.2225344915687,613.7233009708738
906,894,38,21928,1,21928,False,163.01696461145568,802.3073695731484
906,894,75,27076,1,27076,False,1423.0764514699365,924.3510858324715
906,894,113,2844,1,2844,False,1453.6223628691982,522.0105485232068
907,895,14,7612,1,7612,False,1499.0549132947976,613.0338938518129
907,895,38,19884,1,19884,False,145.2636290484812,779.5026151679742
907,895,75,27744,1,27744,False,1401.663783160323,937.9172433679354
907,895,113,2696,1,2696,False,1452.8442136498516,520.7166172106824
908,896,14,7548,1,7548,False,1491.8089560148383,612.880498145204
908,896,38,18884,1,18884,False,135.7793899597543,762.6660665113324
908,896,75,32352,1,32352,False,1367.5751730959446,952.5974282888229
908,896,113,2324,1,2324,False,1451.198795180723,517.0335628227194
909,897,14,7612,1,7612,False,1483.595112979506,611.471098265896
909,897,38,16152,1,16152,False,128.62382367508667,757.1493313521545
909,897,75,41148,1,41148,False,1338.5145815106446,972.4041508700301
909,897,113,1852,1,1852,False,1451.6015118790497,509.1522678185745
910,898,14,7300,1,7300,False,1474.9120547945206,615.9421917808219
910,898,38,14628,1,14628,False,130.79805851791085,764.4031993437244
910,898,75,47876,1,47876,False,1325.0796641323418,983.4654941933328
910,898,113,2644,1,2644,False,1458.624054462935,521.0234493192133
911,899,14,7160,1,7160,False,1465.9435754189944,613.3290502793296
911,899,38,14976,2,14972,False,134.21741452991455,782.3114316239316
911,899,75,46324,2,45888,False,1289.6515413176755,1033.057464813056
911,899,113,3108,1,3108,False,1458.510296010296,525.5604890604891
912,900,14,7172,1,7172,False,1457.3287785833797,611.8842721695482
912,900,38,13448,1,13448,False,144.35663295657346,839.2906008328376
912,900,75,57644,1,57644,False,1271.6761848587885,1052.9670043716606
912,900,113,3064,1,3064,False,1457.9386422976502,525.9751958224543
913,901,14,7084,1,7084,False,1450.7134387351778,612.3238283455674
913,901,38,17096,1,17096,False,160.03158633598503,862.7171268132896
913,901,75,55592,1,55592,False,1246.3920708015542,1077.6906749172542
913,901,113,3072,1,3072,False,1458.234375,524.7864583333334
914,902,14,7156,1,7156,False,1443.7699832308551,612.5402459474567
914,902,38,19280,1,19280,False,177.29460580912863,901.4834024896265
914,902,75,43724,1,43724,False,1193.351340225048,1168.880751989754
914,902,113,3100,1,3100,False,1458.2651612903226,525.2354838709678
915,903,14,7320,1,7320,False,1436.3109289617487,613.6814207650273
915,903,38,20840,1,20840,False,185.4650671785029,911.6243761996161
915,903,75,47960,1,47960,False,1186.1460383653043,1191.0811509591326
915,903,113,3232,1,3232,False,1457.631188118812,526.4158415841584
916,904,14,7212,1,7212,False,1427.5238491403218,615.9087631724902
916,904,38,18432,1,18432,False,196.91970486111111,933.2083333333334
916,904,75,58348,1,58348,False,1183.0975183382463,1192.2789812847057
916,904,113,3344,1,3344,False,1457.4234449760766,526.555023923445
917,905,14,6952,1,6952,False,1420.529919447641,618.4367088607595
917,905,38,18136,1,18136,False,204.11755624172915,964.2401852668726
917,905,75,50000,2,49996,False,1221.69424,1239.05536
917,905,113,3272,1,3272,False,1457.294621026895,527.8325183374083
918,906,14,7064,1,7064,False,1413.5192525481314,619.1942242355606
918,906,38,21440,1,21440,False,217.50746268656715,984.6466417910448
918,906,75,46172,1,46172,False,1209.7235987178376,1258.0455254266656
918,906,113,3232,1,3232,False,1457.3762376237623,527.5544554455446
919,907,14,6928,1,6928,False,1406.9457274826789,618.0069284064665
919,907,38,27312,1,27312,False,241.76947861745754,1010.8377270064441
919,907,75,32600,1,32600,False,1259.7871165644171,1198.5161963190185
919,907,113,3280,1,3280,False,1457.3170731707316,528.0024390243902
920,908,14,6568,1,6568,False,1401.4926918392205,617.4500609013398
920,908,38,28836,1,28836,False,254.0591621584131,1053.6771396865029
920,908,75,65288,1,65288,False,1318.2896091165298,1067.3479353020464
920,908,113,3428,2,3424,False,1456.885064177363,527.3611435239206
921,909,14,5536,1,5536,False,1390.170520231214,612.585260115607
921,909,38,29756,1,29756,False,266.9207554778868,1092.7763812340368
921,909,75,111568,2,111468,False,1347.2473827620822,916.7172665997418
921,909,113,3412,1,3412,False,1457.004103165299,527.2174677608441
922,910,14,0,0,0,False,,
922,910,38,30796,2,30768,False,289.4775295492921,1130.4742823743343
922,910,75,188164,9,186448,False,1365.7180013179993,761.8828362492294
922,910,113,0,0,0,False,,
923,911,14,0,0,0,False,,
923,911,38,26748,1,26748,False,305.83094063107524,1159.0862120532377
923,911,75,265752,1,265752,False,1467.0229838345524,402.92319154700624
923,911,113,0,0,0,False,,
924,912,14,0,0,0,False,,
924,912,38,32260,1,32260,False,312.4504029758215,1184.141413515189
924,912,75,242704,1,242704,False,1515.76425604852,306.63755026699187
924,912,113,0,0,0,False,,
925,913,14,5364,1,5364,False,1374.589485458613,637.3903803131991
925,913,38,42052,1,42052,False,335.2997717112147,1206.5570721963284
925,913,75,123116,2,107208,True,1522.9436141525066,170.49668605217843
925,913,113,2388,2,2380,False,1453.2772194304857,530.6507537688442
926,914,14,5468,1,5468,False,1375.0018288222384,639.5694952450622
926,914,38,47932,1,47932,False,349.33084369523493,1261.7390887090044
926,914,75,60148,1,60148,False,1627.7896189399482,144.90726208685243
926,914,113,3656,1,3656,False,1457.1455142231948,525.5131291028447
927,915,14,5340,1,5340,False,1375.8513108614231,640.0640449438202
927,915,38,51932,1,51932,False,342.2193252715089,1297.6813910498345
927,915,75,13772,1,13772,False,1686.2409236131282,104.21652628521637
927,915,113,3132,1,3132,False,1457.2586206896551,527.8077905491699
928,916,14,5372,1,5372,False,1376.0383469843634,638.361504095309
928,916,38,56632,1,56632,False,326.78365588359935,1331.149809295098
928,916,75,0,0,0,False,,
928,916,113,3140,1,3140,False,1457.404458598726,527.3458598726114
929,917,14,5356,1,5356,False,1376.0011202389844,637.8547423450336
929,917,38,65612,1,65612,False,326.2639456197037,1361.6184539413523
929,917,75,0,0,0,False,,
929,917,113,3140,1,3140,False,1457.3968152866241,527.2872611464968
930,918,14,5456,1,5456,False,1374.8914956011731,637.7023460410558
930,918,38,76588,1,76588,True,332.29808847339007,1376.4886144043453
930,918,75,1248,2,1180,False,542.7692307692307,1365.6153846153845
930,918,113,3264,1,3264,False,1457.3651960784314,526.7524509803922
931,919,14,5436,1,5436,False,1373.8863134657836,636.0746872700515
931,919,38,86248,1,86248,True,336.2764585845469,1391.3703274278823
931,919,75,0,0,0,False,,
931,919,113,3112,1,3112,False,1457.3946015424165,527.5411311053984
932,920,14,5668,1,5668,False,1372.6298517995765,632.7032462949894
932,920,38,71828,3,71796,True,324.73366932115607,1417.2335300996826
932,920,75,328,2,316,False,489.4512195121951,1499.670731707317
932,920,113,3268,1,3268,False,1457.3690330477357,526.5195838433292
933,921,14,5684,1,5684,False,1371.6386347642506,628.4943701618579
933,921,38,77040,1,77040,True,305.11993769470405,1432.5465212876427
933,921,75,0,0,0,False,,
933,921,113,3236,1,3236,False,1457.1254635352286,526.5098887515451
934,922,14,5840,1,5840,False,1370.7835616438356,626.1808219178082
934,922,38,81128,1,81128,True,282.69495118824574,1429.2713243269895
934,922,75,36,1,36,False,570.2777777777778,1481.8333333333333
934,922,113,3240,1,3240,False,1457.0604938271606,526.574074074074
935,923,14,5756,1,5756,False,1370.0469075747046,625.0684503127171
935,923,38,73472,1,73472,True,257.1653963414634,1430.2390026132405
935,923,75,0,0,0,False,,
935,923,113,3240,1,3240,False,1456.862962962963,526.3222222222222
936,924,14,5748,1,5748,False,1369.705288796103,624.83959638135
936,924,38,74112,1,74112,True,203.3570811744387,1416.4634067357513
936,924,75,0,0,0,False,,
936,924,113,3236,1,3236,False,1456.836217552534,526.1835599505563
937,925,14,5736,1,5736,False,1369.6311018131103,624.8640167364017
937,925,38,66060,1,66060,True,168.57338782924614,1412.3436572812595
937,925,75,0,0,0,False,,
937,925,113,3236,1,3236,False,1456.8213844252164,526.1786155747836
938,926,14,5772,1,5772,False,1369.661469161469,624.7702702702703
938,926,38,85208,1,85208,True,149.93413763965825,1356.9171439301474
938,926,75,0,0,0,False,,
938,926,113,3232,1,3232,False,1456.769801980198,526.3985148514852
939,927,14,5800,1,5800,False,1370.5551724137931,625.1317241379311
939,927,38,79200,4,78060,True,126.47404040404041,1279.4867676767676
939,927,75,12976,8,12296,True,182.8125770653514,1111.2016029593094
939,927,113,3276,1,3276,False,1456.8052503052504,526.0702075702076
940,928,14,5764,1,5764,False,1371.377168632894,625.1398334489937
940,928,38,44784,1,44784,True,94.83851375491247,1333.4446230796714
940,928,75,0,0,0,False,,
940,928,113,3284,1,3284,False,1456.962850182704,526.1224116930573
941,929,14,5728,1,5728,False,1372.06843575419,624.8547486033519
941,929,38,38884,2,38836,True,62.7059458903405,1356.336848060899
941,929,75,0,0,0,False,,
941,929,113,3284,1,3284,False,1457.2137637028015,526.0249695493301
942,930,14,5576,1,5576,False,1372.815638450502,624.8945480631277
942,930,38,36596,1,36596,True,83.88047874084599,1330.5939993441907
942,930,75,49112,2,49092,False,424.1005864147255,85.18056686756802
942,930,113,3132,1,3132,False,1457.35312899106,526.4157088122605
943,931,14,5508,1,5508,False,1373.0446623093683,624.9938271604939
943,931,38,39860,1,39860,True,92.35770195684897,1361.427044656297
943,931,75,28088,2,28048,False,448.31116491028195,107.16562232982056
943,931,113,3160,1,3160,False,1457.439240506329,526.9708860759494
944,932,14,5592,1,5592,False,1372.9034334763949,624.293991416309
944,932,38,46180,1,46180,True,120.57674317886531,1383.6066262451277
944,932,75,23440,1,23440,False,425.63003412969283,254.0122866894198
944,932,113,3188,1,3188,False,1457.5238393977415,527.1499372647428
945,933,14,5576,1,5576,False,1372.3149210903873,624.1183644189383
945,933,38,47256,1,47256,True,118.38115794819706,1377.6687828000677
945,933,75,45976,1,45976,False,437.39785975291454,304.8365234035149
945,933,113,3092,1,3092,False,1457.6927554980596,526.3085381630013
946,934,14,5608,1,5608,False,1371.595577746077,623.6840228245363
946,934,38,56876,1,56876,True,122.31461424854068,1360.8443280118152
946,934,75,47580,1,47580,False,413.63728457335014,272.75254308533
946,934,113,3000,1,3000,False,1457.6653333333334,525.4013333333334
947,935,14,5660,1,5660,False,1370.7077738515902,623.6321554770318
947,935,38,57904,1,57904,True,127.6396794694667,1361.8590770931196
947,935,75,42940,1,42940,False,432.2851886353051,383.9367955286446
947,935,113,2988,1,2988,False,1457.9725568942436,526.264390896921
948,936,14,5796,1,5796,False,1369.1970324361628,621.5697032436162
948,936,38,63684,1,63684,True,134.96856353244144,1360.565071289492
948,936,75,26128,1,26128,False,478.2250459277404,441.1582976117575
948,936,113,2884,1,2884,False,1458.6553398058252,528.1754507628294
949,937,14,5900,1,5900,False,1366.611186440678,619.9277966101695
949,937,38,67012,1,67012,True,142.0027756222766,1356.034531128753
949,937,75,29648,1,29648,False,470.2803561791689,455.19778737182946
949,937,113,2928,1,2928,False,1458.7131147540983,528.5601092896175
950,938,14,5940,1,5940,False,1364.404377104377,619.1074074074074
950,938,38,68088,1,68088,True,155.35313124192223,1359.5102220655622
950,938,75,33300,2,33272,False,461.5243843843844,479.15705705705705
950,938,113,2956,1,2956,False,1458.6623815967523,529.0196211096076
951,939,14,6064,1,6064,False,1363.4221635883905,619.4656992084433
951,939,38,71852,1,71852,True,166.26440460947504,1359.1216110894616
951,939,75,26032,1,26032,False,549.3632452366319,553.5571604179471
951,939,113,2968,1,2968,False,1458.632075471698,529.2762803234501
952,940,14,6200,1,6200,False,1363.5851612903225,621.2496774193548
952,940,38,70568,1,70568,True,165.3118127196463,1356.291293504138
952,940,75,25812,1,25812,False,539.9306524097319,574.7829691616303
952,940,113,3004,1,3004,False,1458.3135818908122,529.482689747004
953,941,14,6272,1,6272,False,1363.9885204081634,622.1977040816327
953,941,38,72948,1,72948,True,167.25012337555518,1353.1421012227888
953,941,75,24000,1,24000,False,525.1543333333333,607.1056666666667
953,941,113,3008,1,3008,False,1458.063829787234,529.6489361702128
954,942,14,6256,1,6256,False,1364.190537084399,622.3657289002557
954,942,38,71816,1,71816,True,167.99760499053136,1358.9901414726523
954,942,75,29968,1,29968,False,591.7007474639615,625.4260544580886
954,942,113,2992,1,2992,False,1457.6818181818182,529.403743315508
955,943,14,6264,1,6264,False,1364.4220945083014,622.0389527458493
955,943,38,73692,1,73692,True,169.93212288986592,1363.475845410628
955,943,75,17336,1,17336,False,589.2771112136594,639.8202584217813
955,943,113,3040,1,3040,False,1457.3368421052633,529.8710526315789
956,944,14,6428,1,6428,False,1364.7688238954574,620.721530802738
956,944,38,72260,1,72260,True,158.71477996125103,1349.9731248270136
956,944,75,20788,1,20788,False,595.5894746969406,613.9743121031364
956,944,113,3056,1,3056,False,1457.196335078534,530.1884816753927
957,945,14,6484,1,6484,False,1365.362430598396,619.8682911782851
957,945,38,72576,1,72576,True,164.4098324514991,1345.89737654321
957,945,75,19056,1,19056,False,617.5180520570949,604.7611251049539
957,945,113,3060,1,3060,False,1456.897385620915,530.2934640522876
958,946,14,6592,1,6592,False,1365.743932038835,619.9563106796116
958,946,38,69340,1,69340,True,159.65708104989903,1338.8825785982117
958,946,75,16672,1,16672,False,638.2024952015355,609.2231285988483
958,946,113,3176,1,3176,False,1456.5503778337531,530.124685138539
959,947,14,6328,1,6328,False,1366.1561314791404,620.066371681416
959,947,38,68152,1,68152,True,160.7912313651837,1329.577239112572
959,947,75,14464,1,14464,False,653.1349557522124,617.8672566371681
959,947,113,3028,1,3028,False,1456.1274768824308,530.386393659181
960,948,14,6184,1,6184,False,1366.1959896507115,622.1235446313066
960,948,38,67132,1,67132,True,155.3756479771197,1283.4135434666032
960,948,75,12784,1,12784,False,668.6157697121401,621.6877346683355
960,948,113,2984,1,2984,False,1455.3364611260054,530.5080428954424
961,949,14,6120,1,6120,False,1366.8202614379086,624.4660130718954
961,949,38,61820,1,61820,False,165.01543189906178,1269.7130702038176
961,949,75,9168,1,9168,False,694.0017452006981,624.3891797556719
961,949,113,3112,1,3112,False,1454.6156812339332,530.7493573264782
962,950,14,6052,1,6052,False,1367.7412425644416,626.6520158625248
962,950,38,54552,1,54552,False,176.75120985481743,1250.040695116586
962,950,75,10196,1,10196,False,702.3744605727736,626.4960768928992
962,950,113,3140,1,3140,False,1453.868152866242,529.8375796178344
963,951,14,6160,1,6160,False,1367.7974025974027,627.8740259740259
963,951,38,50952,1,50952,False,187.76205055738734,1223.025985241011
963,951,75,9868,1,9868,False,712.3962302391569,630.0306039724362
963,951,113,3076,1,3076,False,1453.459687906372,530.3985695708712
964,952,14,6152,1,6152,False,1367.129388816645,627.5871261378413
964,952,38,44488,1,44488,False,205.85569142240604,1190.0022477971588
964,952,75,8684,1,8684,False,731.5262551819438,638.2181022570244
964,952,113,3064,1,3064,False,1453.4216710182768,529.8812010443864
965,953,14,6032,1,6032,False,1366.1671087533157,627.659151193634
965,953,38,39544,1,39544,False,226.9379931215861,1152.7004855351001
965,953,75,9024,1,9024,False,768.6728723404256,632.7606382978723
965,953,113,3084,1,3084,False,1453.3741893644617,530.2509727626459
966,954,14,5956,1,5956,False,1365.0144392209536,628.4382135661518
966,954,38,34696,1,34696,False,249.46587502882176,1108.246368457459
966,954,75,9136,1,9136,False,801.7434325744308,626.8187390542907
966,954,113,2992,1,2992,False,1453.3930481283423,530.4171122994652
967,955,14,6096,1,6096,False,1363.5590551181103,627.7572178477691
967,955,38,30560,1,30560,False,279.4520942408377,1064.4633507853403
967,955,75,9080,1,9080,False,833.2286343612335,622.8709251101321
967,955,113,3100,1,3100,False,1453.4135483870969,530.2574193548387
968,956,14,6112,1,6112,False,1362.196335078534,626.8416230366493
968,956,38,25480,1,25480,False,327.0397174254317,1020.1948194662481
968,956,75,8076,1,8076,False,876.3831104507182,610.7734026745914
968,956,113,3148,1,3148,False,1453.615628970775,530.784625158831
969,957,14,6008,1,6008,False,1361.1964047936085,626.2749667110519
969,957,38,31092,1,31092,False,363.8402804579956,984.0440627814229
969,957,75,10208,2,10200,False,908.7633228840125,604.2782131661442
969,957,113,3164,1,3164,False,1454.161188369153,531.1750948166878
970,958,14,6040,1,6040,False,1360.8721854304636,626.3887417218543
970,958,38,24620,1,24620,False,429.8826157595451,938.0132412672624
970,958,75,10264,1,10264,False,938.8881527669524,602.280202650039
970,958,113,3148,1,3148,False,1454.812579415502,533.0336721728081
971,959,14,5980,1,5980,False,1360.4076923076923,626.5227424749164
971,959,38,28408,1,28408,False,475.6140523796114,935.6495353421572
971,959,75,8848,1,8848,False,985.2613019891501,591.6835443037975
971,959,113,3120,1,3120,False,1456.3,532.9384615384615
972,960,14,5988,1,5988,False,1360.3650634602539,626.6536406145625
972,960,38,26112,1,26112,False,491.92953431372547,913.3354779411765
972,960,75,8648,1,8648,False,1025.72664199815,586.9098057354302
972,960,113,3124,1,3124,False,1457.9750320102432,534.3335467349552
973,961,14,5992,1,5992,False,1360.3010680907878,626.5947930574099
973,961,38,23552,1,23552,False,510.3777173913044,897.0339673913044
973,961,75,9124,1,9124,False,1058.692021043402,582.0072336694433
973,961,113,3160,1,3160,False,1460.353164556962,535.6392405063291
974,962,14,6040,1,6040,False,1360.6854304635763,626.3503311258278
974,962,38,27396,1,27396,False,511.48437728135497,872.0678201197255
974,962,75,9256,1,9256,False,1098.7999135695766,580.2986171132238
974,962,113,3164,1,3164,False,1464.4140328697852,537.8122629582807
975,963,14,5988,1,5988,False,1361.1773547094188,626.2568470273881
975,963,38,24732,1,24732,False,487.537037037037,863.4726669901343
975,963,75,8564,1,8564,False,1138.358944418496,579.676085941149
975,963,113,3224,1,3224,False,1470.4776674937966,540.0831265508685
976,964,14,6244,1,6244,False,1362.3295964125562,624.8446508648302
976,964,38,26716,1,26716,False,456.66709088186855,845.2438239257374
976,964,75,8064,1,8064,False,1176.4970238095239,575.4027777777778
976,964,113,3092,1,3092,False,1478.3680465717982,541.4961190168176
977,965,14,6304,1,6304,False,1363.1763959390862,623.8071065989848
977,965,38,25748,1,25748,False,430.60222153176943,834.5183315208948
977,965,75,8136,1,8136,False,1208.4233038348082,572.1027531956736
977,965,113,3116,1,3116,False,1487.5783055198974,546.7130937098844
978,966,14,6292,1,6292,False,1363.8642720915448,623.3874761602034
978,966,38,24344,1,24344,False,406.9673020046007,835.0553729871837
978,966,75,8512,1,8512,False,1234.4765037593984,569.8721804511279
978,966,113,3388,1,3388,False,1495.5838252656436,550.8825265643447
979,967,14,6352,1,6352,False,1364.4571788413098,622.9093198992443
979,967,38,23068,1,23068,False,387.2314028090862,845.4002947806486
979,967,75,8684,1,8684,False,1259.3014739751268,571.5566559189314
979,967,113,3536,1,3536,False,1504.8031674208146,554.4660633484162
980,968,14,6176,1,6176,False,1365.0634715025906,623.1256476683938
980,968,38,23268,1,23268,False,360.40854392298434,851.5844077703283
980,968,75,7800,1,7800,False,1286.8887179487178,572.9461538461538
980,968,113,3584,1,3584,False,1513.044642857143,559.5647321428571
981,969,14,6172,1,6172,False,1366.0126377187298,622.6957226182761
981,969,38,22952,1,22952,False,335.0291042174974,859.6976298361799
981,969,75,6592,1,6592,False,1301.3033980582525,567.4478155339806
981,969,113,3672,1,3672,False,1524.983660130719,562.9291938997821
982,970,14,6332,1,6332,False,1365.9883133291219,621.9933670246368
982,970,38,22804,1,22804,False,315.48438870373616,866.1032275039466
982,970,75,6424,1,6424,False,1320.4315068493152,559.5535491905355
982,970,113,3652,1,3652,False,1536.7409638554218,568.8329682365827
983,971,14,6148,1,6148,False,1365.9925178919973,622.8305139882889
983,971,38,22908,1,22908,False,298.0554391478959,875.9314649903964
983,971,75,5896,1,5896,False,1344.5189959294437,559.5569877883311
983,971,113,3596,1,3596,False,1552.039488320356,575.71468298109
984,972,14,6292,1,6292,False,1365.5959949141768,621.9481881754609
984,972,38,24280,1,24280,False,270.5079077429983,875.3494233937397
984,972,75,6188,1,6188,False,1365.6544925662572,559.2886231415644
984,972,113,3676,3,3656,False,1565.8645266594124,578.6828073993471
985,973,14,5896,1,5896,False,1364.6506105834465,623.8364993215739
985,973,38,22488,1,22488,False,249.85467805051584,869.8105656350053
985,973,75,7432,1,7432,False,1386.895048439182,559.3471474703982
985,973,113,3892,1,3892,False,1582.8144912641314,580.6500513874614
986,974,14,6060,1,6060,False,1364.2491749174917,623.3052805280528
986,974,38,21204,1,21204,False,237.22401433691758,862.3668175815884
986,974,75,6408,1,6408,False,1401.5187265917602,572.3089887640449
986,974,113,3860,2,3784,False,1584.0689119170984,586.5041450777202
987,975,14,6424,2,6416,False,1363.8337484433375,621.4377334993774
987,975,38,20780,2,20724,False,227.11520692974014,858.2543792107796
987,975,75,6444,2,6428,False,1417.7662942271882,575.2076350093109
987,975,113,4028,2,3992,False,1606.1285998013902,591.6221449851042
988,976,14,6500,1,6500,False,1364.8950769230769,622.2255384615385
988,976,38,18372,2,18240,False,208.40289571086436,854.561833224472
988,976,75,6772,1,6772,False,1422.9890726520969,581.140283520378
988,976,113,4180,1,4180,False,1624.9153110047846,592.9574162679426
989,977,14,7076,1,7076,False,1366.1314301865461,618.9364047484454
989,977,38,19388,2,19344,False,188.79131421497834,848.0506498865277
989,977,75,6620,1,6620,False,1431.0752265861026,586.07583081571
989,977,113,3588,1,3588,False,1638.660535117057,595.7129319955407
990,978,14,6452,2,6396,False,1358.5905145691258,622.4380037197768
990,978,38,21284,1,21284,False,176.98862995677504,832.5943431685773
990,978,75,7672,2,7648,False,1437.2205422314912,593.1141814389989
990,978,113,3736,2,3632,False,1625.6327623126338,601.1702355460385
991,979,14,6296,2,6280,False,1360.6778907242694,623.3043202033036
991,979,38,22648,1,22648,False,166.21282232426705,794.708760155422
991,979,75,7088,1,7088,False,1448.1602708803612,594.0948081264108
991,979,113,4132,2,4116,False,1654.879477250726,607.9191674733785
992,980,14,6316,1,6316,False,1360.5227992400253,622.8394553514883
992,980,38,24332,2,24296,False,151.70006575702777,754.1034851224724
992,980,75,7560,1,7560,False,1456.4005291005292,597.4502645502646
992,980,113,4180,1,4180,False,1667.0473684210526,614.1765550239235
993,981,14,6472,1,6472,False,1358.9276885043264,621.1786155747836
993,981,38,24444,1,24444,False,139.77638684339715,737.1712485681558
993,981,75,7096,1,7096,False,1458.8010146561444,602.7299887260428
993,981,113,4096,1,4096,False,1679.560546875,617.423828125
994,982,14,6528,1,6528,False,1355.6519607843138,620.8872549019608
994,982,38,22868,1,22868,False,129.32630750393562,736.2211824383418
994,982,75,6604,1,6604,False,1459.6314354936403,606.2286493034525
994,982,113,4580,1,4580,False,1689.956768558952,621.8152838427948
995,983,14,6844,1,6844,False,1348.9734073641146,620.4567504383401
995,983,38,20404,1,20404,False,136.17574985297,733.6284061948637
995,983,75,6528,1,6528,False,1460.3688725490197,607.9436274509804
995,983,113,4140,1,4140,False,1700.604347826087,627.195652173913
996,984,14,6524,1,6524,False,1342.2927651747393,621.1707541385653
996,984,38,18744,1,18744,False,138.34891165172854,751.7530943235168
996,984,75,7108,1,7108,False,1460.9682048396173,611.5039392234103
996,984,113,4048,1,4048,False,1711.3399209486165,633.3181818181819
997,985,14,6888,1,6888,False,1336.349012775842,620.4396051103369
997,985,38,18768,1,18768,False,152.79667519181586,787.3908780903665
997,985,75,6912,1,6912,False,1462.2662037037037,614.34375
997,985,113,4220,1,4220,False,1720.805213270142,638.270616113744
998,986,14,7308,1,7308,False,1331.812534209086,621.2301587301587
998,986,38,21004,1,21004,False,154.29775280898878,801.3695486573986
998,986,75,7128,1,7128,False,1466.8872053872053,618.1767676767677
998,986,113,3952,1,3952,False,1727.7955465587045,641.1093117408907
999,987,14,7420,1,7420,False,1327.6234501347708,623.1857142857143
999,987,38,20444,1,20444,False,158.31099589121501,808.5931324594013
999,987,75,7212,1,7212,False,1468.7373821408762,621.5049916805325
999,987,113,4340,1,4340,False,1733.6170506912442,645.4032258064516
1000,988,14,7588,1,7588,False,1324.181602530311,623.9475487612019
1000,988,38,20212,1,20212,False,164.13823471205225,817.3679992083911
1000,988,75,7224,1,7224,False,1471.8111849390918,622.4878183831672
1000,988,113,4228,1,4228,False,1738.9635761589404,652.5056764427626
1001,989,14,7688,1,7688,False,1321.2377731529657,625.8475546305931
1001,989,38,19588,1,19588,False,164.6931794976516,823.2277925260363
1001,989,75,7804,1,7804,False,1475.0884161968222,624.4302921578677
1001,989,113,4364,1,4364,False,1744.0233730522457,660.2085242896426
1002,990,14,8024,1,8024,False,1316.548853439681,625.8399800598205
1002,990,38,18776,1,18776,False,165.8591819343843,833.2383894333192
1002,990,75,8312,1,8312,False,1477.7945139557266,626.8339749759384
1002,990,113,4472,1,4472,False,1749.0509838998212,668.2245080500894
1003,991,14,8768,1,8768,False,1312.0748175182482,628.8220802919708
1003,991,38,18868,1,18868,False,164.39781640873437,839.2589569641722
1003,991,75,8716,1,8716,False,1479.7078935291418,628.0750344194585
1003,991,113,4708,1,4708,False,1754.019116397621,673.9970263381479
1004,992,14,8524,1,8524,False,1306.9636320976067,629.9012200844674
1004,992,38,18312,1,18312,False,166.79226736566187,850.4724770642201
1004,992,75,8728,1,8728,False,1479.7447296058663,629.6439046746104
1004,992,113,4744,1,4744,False,1760.2740303541316,676.8827993254638
1005,993,14,8500,1,8500,False,1302.2609411764706,632.2298823529412
1005,993,38,17864,1,17864,False,174.08262427227945,870.1439767129423
1005,993,75,8816,1,8816,False,1478.070780399274,630.8847549909256
1005,993,113,4764,1,4764,False,1765.910579345088,687.7779177162049
1006,994,14,8508,1,8508,False,1296.5742830277386,632.8347437705688
1006,994,38,17656,1,17656,False,181.86656094245583,888.1239238785682
1006,994,75,9148,1,9148,False,1475.594009619589,631.6718408395278
1006,994,113,5076,1,5076,False,1769.9862096138693,700.9806934594169
1007,995,14,8732,1,8732,False,1291.2869903802107,632.6841502519469
1007,995,38,17008,1,17008,False,188.68109125117593,910.698024459078
1007,995,75,9500,1,9500,False,1473.321894736842,633.4827368421053
1007,995,113,5248,1,5248,False,1771.7911585365853,706.905487804878
1008,996,14,8640,1,8640,False,1287.6564814814815,633.6287037037036
1008,996,38,17740,1,17740,False,196.8052987598647,935.5484780157835
1008,996,75,10076,1,10076,False,1471.7576419213974,634.6508535132989
1008,996,113,5680,1,5680,False,1772.449295774648,711.6084507042253
1009,997,14,8728,1,8728,False,1283.82080659945,633.7841429880843
1009,997,38,19060,1,19060,False,207.52287513116474,965.9258132214061
1009,997,75,10328,1,10328,False,1471.0933384972889,634.93299767622
1009,997,113,5700,1,5700,False,1769.561052631579,723.1680701754386
1010,998,14,8780,1,8780,False,1281.5742596810933,634.3232346241458
1010,998,38,20956,1,20956,False,223.5486734109563,1004.1804733727811
1010,998,75,10584,1,10584,False,1471.4130763416479,637.3321995464853
1010,998,113,6452,1,6452,False,1766.2024178549286,735.5216986980781
1011,999,14,8972,1,8972,False,1280.133526526973,634.3707088720464
1011,999,38,25500,1,25500,False,233.76870588235295,1037.1142745098039
1011,999,75,10796,1,10796,False,1469.3247499073732,638.0961467210078
1011,999,113,6416,1,6416,False,1761.7992518703243,746.7418952618453
1012,1000,14,9236,1,9236,False,1278.647249891728,634.4540926808143
1012,1000,38,30640,1,30640,False,241.9738903394256,1079.2065274151437
1012,1000,75,10992,1,10992,False,1466.8457059679768,639.1877729257642
1012,1000,113,6844,1,6844,False,1757.3907071887784,753.791642314436
1013,1001,14,9300,1,9300,False,1278.2049462365592,635.0952688172043
1013,1001,38,34356,1,34356,False,232.34142507858888,1111.9811968797299
1013,1001,75,11008,1,11008,False,1464.9978197674418,640.7543604651163
1013,1001,113,7076,1,7076,False,1750.203787450537,765.9234030525721
1014,1002,14,8984,1,8984,False,1278.327248441674,636.1464826357969
1014,1002,38,36624,1,36624,False,229.13280908693753,1151.0463084316295
1014,1002,75,11036,1,11036,False,1462.1636462486408,641.157484595868
1014,1002,113,8088,1,8088,False,1740.450544015826,774.0004945598417
1015,1003,14,8972,1,8972,False,1277.717119928667,636.0283102987071
1015,1003,38,44060,1,44060,False,244.18188833408988,1176.537221970041
1015,1003,75,10892,1,10892,False,1457.0545354388541,642.9847594564818
1015,1003,113,8688,1,8688,False,1728.805709023941,777.5285451197053
1016,1004,14,8988,1,8988,False,1277.1105919003114,635.1835781041389
1016,1004,38,49776,1,49776,False,244.93474766955964,1210.3325297332049
1016,1004,75,10652,1,10652,False,1453.1646639128803,642.8221930153961
1016,1004,113,9492,1,9492,False,1718.6053518752633,785.2197640117994
1017,1005,14,9052,1,9052,False,1275.806230667256,634.5857269111799
1017,1005,38,57792,1,57792,False,239.63718161683278,1230.529623477298
1017,1005,75,10564,1,10564,False,1446.9195380537676,642.5673987126089
1017,1005,113,9360,1,9360,False,1702.6324786324785,790.9564102564102
1018,1006,14,9044,1,9044,False,1275.4181777974347,634.4593100398054
1018,1006,38,61848,1,61848,False,222.42251972577932,1238.3943215625404
1018,1006,75,10344,1,10344,False,1440.1682134570765,643.175947409126
1018,1006,113,9776,1,9776,False,1681.3559738134206,798.9533551554828
1019,1007,14,8960,1,8960,False,1274.9107142857142,634.6107142857143
1019,1007,38,61608,1,61608,False,202.51740033761848,1254.3202830801195
1019,1007,75,10904,1,10904,False,1430.6401320616287,639.3385913426266
1019,1007,113,10748,1,10748,False,1658.7724227763306,803.0597320431708
1020,1008,14,8932,1,8932,False,1274.3566950291088,634.9012539184953
1020,1008,38,63380,1,63380,True,179.69608709372042,1262.404828021458
1020,1008,75,11120,1,11120,False,1424.4258992805755,638.3582733812949
1020,1008,113,11288,1,11288,False,1640.5652019844083,807.1924167257264
1021,1009,14,8768,1,8768,False,1273.427919708029,634.6961678832117
1021,1009,38,60392,1,60392,True,151.87077758643528,1258.5806729368128
1021,1009,75,11064,1,11064,False,1420.9244396240058,635.7747650036154
1021,1009,113,12596,1,12596,False,1624.2573832962846,811.6590981263894
1022,1010,14,8540,1,8540,False,1272.0409836065573,634.1833723653396
1022,1010,38,55296,1,55296,True,133.08087384259258,1251.9021990740741
1022,1010,75,10712,1,10712,False,1416.1019417475727,632.8666915608663
1022,1010,113,13340,1,13340,False,1605.2328335832085,819.0307346326837
1023,1011,14,8728,1,8728,False,1269.2470210815766,634.076535288726
1023,1011,38,45636,1,45636,True,120.86532562012447,1253.4636252081689
1023,1011,75,10272,1,10272,False,1412.2063862928348,630.7733644859813
1023,1011,113,14220,1,14220,False,1583.62517580872,831.1272855133615
1024,1012,14,8588,1,8588,False,1266.8698183511876,633.5880298090359
1024,1012,38,37148,2,37144,True,104.96064391084312,1253.0274038979219
1024,1012,75,9544,1,9544,False,1408.800922045264,628.6123218776195
1024,1012,113,15600,1,15600,False,1556.428717948718,835.2210256410257
1025,1013,14,8544,1,8544,False,1264.8548689138577,632.6563670411985
1025,1013,38,39440,2,39200,True,99.07707910750507,1250.39107505071
1025,1013,75,8892,1,8892,False,1405.840530814215,629.8792172739542
1025,1013,113,15992,1,15992,False,1534.1343171585793,841.2163581790895
1026,1014,14,8552,1,8552,False,1262.8171188026192,631.8582787652011
1026,1014,38,47512,1,47512,True,107.18361677050008,1254.3688331368917
1026,1014,75,8788,1,8788,False,1405.3429676832043,629.4048702776513
1026,1014,113,16292,1,16292,False,1509.5763564939848,844.2868892708077
1027,1015,14,8536,1,8536,False,1261.8120899718838,631.7661668228678
1027,1015,38,60280,1,60280,True,104.33105507631055,1226.663503649635
1027,1015,75,8716,1,8716,False,1404.0300596603947,627.4371271225333
1027,1015,113,15616,1,15616,False,1479.857069672131,849.7310450819672
1028,1016,14,8712,1,8712,False,1261.3870523415978,631.5826446280992
1028,1016,38,48520,1,48520,True,102.2239901071723,1315.2558120362737
1028,1016,75,8804,1,8804,False,1401.8012267151296,627.5431621990004
1028,1016,113,16020,1,16020,False,1443.350936329588,849.2970037453183
1029,1017,14,8672,1,8672,False,1261.0083025830259,631.4391143911439
1029,1017,38,72284,1,72284,True,113.75836976370981,1347.6095124785568
1029,1017,75,8412,1,8412,False,1396.4096528768425,629.1733238231099
1029,1017,113,17268,1,17268,False,1406.8238359972204,849.1221913365763
1030,1018,14,8648,1,8648,False,1260.5064754856614,631.150323774283
1030,1018,38,71652,1,71652,True,138.12049907888127,1353.5307597833976
1030,1018,75,8324,1,8324,False,1391.5648726573763,631.3438250840942
1030,1018,113,17704,1,17704,False,1378.7426570266607,854.4001355625848
1031,1019,14,8644,1,8644,False,1260.2223507635354,631.1709856547894
1031,1019,38,62320,1,62320,True,144.3622593068036,1365.1991014120667
1031,1019,75,8144,1,8144,False,1388.933202357564,631.9636542239685
1031,1019,113,18404,1,18404,False,1348.1544229515323,858.8003694848945
1032,1020,14,8652,1,8652,False,1260.2716134997688,631.2138233934351
1032,1020,38,61648,1,61648,True,146.0354269400467,1360.6762263171554
1032,1020,75,8036,1,8036,False,1387.287456445993,630.8882528621205
1032,1020,113,19376,1,19376,False,1319.059867877787,864.8236994219653
1033,1021,14,8724,1,8724,False,1260.0534158642824,630.9016506189821
1033,1021,38,56536,1,56536,True,141.1906749681619,1339.9051223998867
1033,1021,75,8048,1,8048,False,1386.4393638170975,632.1411530815109
1033,1021,113,20044,1,20044,False,1288.6029734583915,867.5456994611853
1034,1022,14,8692,1,8692,False,1259.8888633225954,630.7116889093419
1034,1022,38,53200,1,53200,True,145.00526315789475,1331.1855639097744
1034,1022,75,8176,1,8176,False,1386.20156555773,633.56457925636
1034,1022,113,21452,1,21452,False,1262.3952079060227,863.9917024053701
1035,1023,14,8688,1,8688,False,1259.7007366482505,630.5018416206261
1035,1023,38,56916,1,56916,True,148.39725209080046,1314.0034085318716
1035,1023,75,8160,1,8160,False,1386.0794117647058,633.5196078431372
1035,1023,113,21276,1,21276,False,1239.2035156984396,862.7263583380335
1036,1024,14,8680,1,8680,False,1259.7571428571428,630.5239631336406
1036,1024,38,58940,1,58940,True,147.73949779436714,1303.2792331184255
1036,1024,75,8272,1,8272,False,1385.9613152804643,634.1576402321083
1036,1024,113,20980,1,20980,False,1216.9796949475692,862.8481410867493
1037,1025,14,8676,1,8676,False,1259.7217611802673,630.4621945597049
1037,1025,38,64076,1,64076,True,141.04647605967912,1289.10365815594
1037,1025,75,8436,1,8436,False,1384.699146514936,635.187529634898
1037,1025,113,20380,1,20380,False,1187.511579980373,860.5824337585868
1038,1026,14,8740,1,8740,False,1259.6093821510296,630.3004576659039
1038,1026,38,66272,1,66272,True,138.59005311443747,1281.8509174311926
1038,1026,75,8384,1,8384,False,1383.9809160305344,635.1889312977099
1038,1026,113,19808,1,19808,False,1154.4806138933764,852.4450726978998
1039,1027,14,8872,1,8872,False,1259.0293056807934,628.8733092876465
1039,1027,38,63096,1,63096,True,135.29180930645367,1274.8882338024598
1039,1027,75,8512,1,8512,False,1382.968984962406,635.9013157894736
1039,1027,113,20124,1,20124,False,1118.2551182667462,842.088948519181
1040,1028,14,8956,1,8956,False,1258.9850379633765,628.1578829834748
1040,1028,38,62664,1,62664,True,137.4254436358994,1268.6935401506448
1040,1028,75,8460,1,8460,False,1382.4252955082743,636.0460992907801
1040,1028,113,20448,1,20448,False,1090.7198748043818,840.5133020344288
1041,1029,14,8944,1,8944,False,1258.520572450805,627.9248658318426
1041,1029,38,61340,1,61340,True,137.83641995435278,1263.1853602869253
1041,1029,75,8664,1,8664,False,1381.7723915050785,636.528624192059
1041,1029,113,19916,1,19916,False,1060.3766820646715,838.1043382205262
1042,1030,14,8984,1,8984,False,1258.7190560997328,628.1366874443455
1042,1030,38,61364,1,61364,True,140.12844664624208,1261.6892314712209
1042,1030,75,8980,1,8980,False,1381.7614699331848,635.5770601336303
1042,1030,113,19292,1,19292,False,1028.8844080447855,837.5234294007879
1043,1031,14,8940,1,8940,False,1258.4955257270694,628.0239373601789
1043,1031,38,60260,1,60260,True,139.96379024228344,1261.0557251908397
1043,1031,75,9072,1,9072,False,1381.2134038800705,634.9911816578483
1043,1031,113,19584,1,19584,False,1001.2455065359477,842.8517156862745
1044,1032,14,8876,1,8876,False,1258.0187021180711,627.5058584948175
1044,1032,38,57008,1,57008,True,138.5025259612686,1255.0105248386192
1044,1032,75,8920,1,8920,False,1380.9762331838565,634.0372197309417
1044,1032,113,20212,1,20212,False,971.2417375816347,841.6292301603008
1045,1033,14,8916,1,8916,False,1257.462763571108,627.2178106774338
1045,1033,38,59676,1,59676,True,141.23986192104027,1246.3769354514377
1045,1033,75,9052,1,9052,False,1380.36301369863,634.1986301369863
1045,1033,113,20088,1,20088,False,944.1766228594186,836.3916766228594
1046,1034,14,8900,1,8900,False,1256.8559550561797,626.8092134831461
1046,1034,38,61284,1,61284,True,146.57036094249722,1242.8288297108543
1046,1034,75,8972,1,8972,False,1379.2507802050825,633.9248773963442
1046,1034,113,19648,1,19648,False,924.6559446254072,834.3505700325733
1047,1035,14,8952,1,8952,False,1256.6742627345845,627.0478105451296
1047,1035,38,57060,1,57060,True,164.52439537329127,1258.1046267087277
1047,1035,75,9132,1,9132,False,1378.757555847569,634.4754708716601
1047,1035,113,19200,1,19200,False,904.3433333333334,831.8458333333333
1048,1036,14,8960,1,8960,False,1256.5723214285715,627.1428571428571
1048,1036,38,59740,1,59740,True,170.22574489454303,1259.1884499497824
1048,1036,75,8944,1,8944,False,1378.2298747763864,633.7898032200358
1048,1036,113,18932,1,18932,False,888.6225438411155,832.6487428692161
1049,1037,14,8960,1,8960,False,1256.1125,626.96875
1049,1037,38,58624,1,58624,True,159.69500545851528,1247.3668122270742
1049,1037,75,8420,1,8420,False,1375.9204275534441,633.5109263657957
1049,1037,113,18552,1,18552,False,875.2162570073308,826.9079344545063
1050,1038,14,8920,1,8920,False,1255.7286995515694,626.6775784753363
1050,1038,38,62668,1,62668,True,146.71497414948618,1234.1934958830664
1050,1038,75,8080,1,8080,False,1371.980198019802,633.0564356435643
1050,1038,113,18248,1,18248,False,866.7634809294169,823.6950898728628
1051,1039,14,8980,1,8980,False,1255.4247216035635,626.8714922048998
1051,1039,38,59180,1,59180,True,144.79455897262588,1239.5625211220006
1051,1039,75,7888,1,7888,False,1365.89046653144,632.9797160243407
1051,1039,113,18160,1,18160,False,860.9211453744493,822.4947136563877
1052,1040,14,9092,5,8992,False,1250.272987241531,627.883194016718
1052,1040,38,61036,1,61036,True,144.180450881447,1240.3289534045482
1052,1040,75,8048,1,8048,False,1361.0159045725645,632.1163021868788
1052,1040,113,18180,1,18180,False,855.5107810781078,822.4137513751375
1053,1041,14,8912,1,8912,False,1254.78276481149,626.254039497307
1053,1041,38,63016,1,63016,True,146.04018027167703,1246.3251872540307
1053,1041,75,7916,1,7916,False,1356.3170793329964,631.0922182920667
1053,1041,113,18008,1,18008,False,851.0904042647712,823.9478009773434
1054,1042,14,8716,1,8716,False,1254.051170261588,626.0392381826526
1054,1042,38,58224,2,58216,True,151.12901896125308,1264.9317120087937
1054,1042,75,7580,1,7580,False,1351.524802110818,631.2831134564644
1054,1042,113,18432,1,18432,False,845.5859375,820.28515625
1055,1043,14,8608,1,8608,False,1254.0065055762082,626.8076208178438
1055,1043,38,54668,1,54668,True,156.99271968976367,1278.5921928733446
1055,1043,75,7324,1,7324,False,1345.5748225013654,631.1826870562534
1055,1043,113,18768,1,18768,False,841.3294970161978,817.3098891730606
1056,1044,14,8480,1,8480,False,1254.1028301886793,627.1962264150943
1056,1044,38,52460,1,52460,True,147.17678231033167,1278.2794891345786
1056,1044,75,7076,1,7076,False,1338.6729790842285,629.2721876766535
1056,1044,113,18804,1,18804,False,836.8845990214847,815.147947245267
1057,1045,14,8340,1,8340,False,1253.3479616306954,625.9167865707434
1057,1045,38,49808,1,49808,True,141.98827497590747,1284.412463861227
1057,1045,75,6952,1,6952,False,1328.5920598388952,625.1674338319908
1057,1045,113,18580,1,18580,False,832.2881593110872,814.7553283100108
1058,1046,14,8328,1,8328,False,1253.2934678194044,625.4452449567723
1058,1046,38,48024,1,48024,True,135.07238047642846,1290.3687323005165
1058,1046,75,6596,1,6596,False,1320.9948453608247,621.4326864766525
1058,1046,113,18492,1,18492,False,827.8203547479991,814.2045208738914
1059,1047,14,8532,1,8532,False,1253.5323488045008,625.79676511955
1059,1047,38,46216,2,45392,True,120.19724770642202,1283.09909987883
1059,1047,75,5640,1,5640,False,1314.5553191489362,617.5297872340426
1059,1047,113,18304,1,18304,False,823.9619755244755,813.7932692307693
1060,1048,14,8260,1,8260,False,1251.0346246973365,625.2428571428571
1060,1048,38,39572,1,39572,True,95.10972404730617,1277.8595471545536
1060,1048,75,4580,1,4580,False,1302.7829694323143,611.1375545851529
1060,1048,113,18432,1,18432,False,820.4353298611111,813.8255208333334
1061,1049,14,8056,1,8056,False,1248.2924528301887,626.7989076464747
1061,1049,38,36304,1,36304,True,83.75694138386955,1264.8920229175849
1061,1049,75,4004,1,4004,False,1291.3471528471528,607.522977022977
1061,1049,113,18328,1,18328,False,816.8291139240506,813.5021824530772
1062,1050,14,7752,1,7752,False,1244.156346749226,630.7703818369453
1062,1050,38,33040,1,33040,True,68.95351089588378,1231.4707021791767
1062,1050,75,3428,1,3428,False,1282.1382730455075,608.4626604434072
1062,1050,113,18344,1,18344,False,813.2287396423899,813.3460532054078
1063,1051,14,7808,1,7808,False,1238.813524590164,633.9323770491803
1063,1051,38,27148,1,27148,True,65.80573154560189,1243.6575069986739
1063,1051,75,3272,1,3272,False,1275.2848410757947,609.1503667481662
1063,1051,113,18492,1,18492,False,808.8075924724205,812.0565650010816
1064,1052,14,8360,1,8360,False,1232.5956937799042,636.5612440191387
1064,1052,38,23928,1,23928,True,59.37930458040789,1260.7855232363759
1064,1052,75,3108,1,3108,False,1266.9144144144145,608.484555984556
1064,1052,113,18520,1,18520,False,805.6252699784018,811.4352051835854
1065,1053,14,8104,1,8104,False,1224.6036525172753,638.6836130306021
1065,1053,38,50144,1,50144,True,79.25063816209317,1250.7305360561584
1065,1053,75,3468,1,3468,False,1256.3546712802768,608.2277970011534
1065,1053,113,18624,1,18624,False,803.8389175257732,811.0064432989691
1066,1054,14,8252,1,8252,False,1217.564469219583,638.4001454192922
1066,1054,38,42200,1,42200,True,74.58379146919431,1307.1629383886257
1066,1054,75,3748,1,3748,False,1248.8799359658485,609.2556029882604
1066,1054,113,18512,1,18512,False,802.2044079515989,809.8180639585134
1067,1055,14,8272,1,8272,False,1213.303675048356,641.119922630561
1067,1055,38,40880,1,40880,True,87.13757338551859,1356.7369863013698
1067,1055,75,3972,1,3972,False,1241.0135951661632,610.4657603222558
1067,1055,113,18448,1,18448,False,801.7289679098005,809.9562012142237
1068,1056,14,8552,1,8552,False,1208.9031805425632,644.1089803554725
1068,1056,38,49480,1,49480,True,107.43532740501213,1393.8662085691187
1068,1056,75,3960,1,3960,False,1234.3767676767677,612.4212121212121
1068,1056,113,18264,1,18264,False,801.5608848007008,809.7172579938677
1069,1057,14,8628,1,8628,False,1202.6140472879,644.625173852573
1069,1057,38,56088,1,56088,True,118.8638567964627,1395.4612038225646
1069,1057,75,3816,1,3816,False,1230.4412997903564,612.7955974842768
1069,1057,113,18084,1,18084,False,801.425901349259,808.8030303030303
1070,1058,14,8820,1,8820,False,1196.1698412698413,646.9462585034014
1070,1058,38,58564,1,58564,True,127.57014548186599,1403.2343760672086
1070,1058,75,4188,1,4188,False,1224.305157593123,612.2784145176695
1070,1058,113,17868,1,17868,False,802.0379449294828,807.4563465413029
1071,1059,14,8728,1,8728,False,1186.1131989000917,651.0719523373052
1071,1059,38,59060,1,59060,True,134.4925499492042,1407.1388079918727
1071,1059,75,5496,1,5496,False,1214.2117903930132,614.7328966521106
1071,1059,113,17864,1,17864,False,803.3826690550828,804.3168383340798
1072,1060,14,9372,1,9372,False,1176.0945369184806,656.3062313273581
1072,1060,38,58940,1,58940,True,129.21489650492026,1403.003291482864
1072,1060,75,6024,1,6024,False,1207.4893758300134,615.2357237715803
1072,1060,113,17636,1,17636,False,804.3131095486505,801.8005216602404
1073,1061,14,9224,1,9224,False,1166.0871639202082,656.7367736339983
1073,1061,38,60084,1,60084,True,127.92786765195393,1402.438752413288
1073,1061,75,6352,1,6352,False,1203.603274559194,615.6297229219143
1073,1061,113,17800,1,17800,False,804.9948314606742,801.0168539325842
1074,1062,14,10272,1,10272,False,1158.1604361370717,654.9711838006231
1074,1062,38,57752,1,57752,True,124.21893614073971,1398.362861892229
1074,1062,75,6036,1,6036,False,1202.3581842279655,613.6769383697813
1074,1062,113,17220,1,17220,False,805.1945412311265,799.1048780487805
1075,1063,14,12600,1,12600,False,1153.395238095238,649.5095238095238
1075,1063,38,58880,1,58880,True,125.96440217391304,1387.6726902173914
1075,1063,75,4684,1,4684,False,1207.0499573014517,610.0200683176772
1075,1063,113,17096,1,17096,False,806.0250350959288,800.1209639681797
1076,1064,14,15908,1,15908,False,1149.2885340709076,638.942041740005
1076,1064,38,59860,1,59860,True,129.9497828265954,1379.39047778149
1076,1064,75,3988,1,3988,False,1209.1740220661986,605.4087261785356
1076,1064,113,17104,1,17104,False,806.6468662301216,794.878858746492
1077,1065,14,19444,2,19440,False,1157.380065830076,637.7902694918741
1077,1065,38,58992,1,58992,True,129.30702468131273,1375.6627339300244
1077,1065,75,3724,4,3100,False,1190.3839957035445,584.8651987110634
1077,1065,113,17036,1,17036,False,808.24829772247,792.3905846442827
1078,1066,14,23688,1,23688,False,1154.8272543059777,629.3807835190814
1078,1066,38,60216,1,60216,True,122.21143882024711,1356.5692174837252
1078,1066,75,1228,2,1104,False,1211.6661237785017,593.3403908794787
1078,1066,113,16736,1,16736,False,810.8642447418738,789.6462715105163
1079,1067,14,24080,1,24080,False,1151.0554817275747,617.3528239202658
1079,1067,38,57296,1,57296,True,112.72032951689472,1316.8473889974866
1079,1067,75,1272,2,1248,False,1215.927672955975,645.3805031446541
1079,1067,113,16404,1,16404,False,812.924286759327,787.9255059741527
1080,1068,14,26752,2,26748,False,1145.8343301435407,610.2981459330144
1080,1068,38,58936,1,58936,True,118.90301343830596,1302.7188136283426
1080,1068,75,2120,2,1716,False,1224.1490566037735,627.6698113207547
1080,1068,113,16372,1,16372,False,815.8232347911068,787.3692890300513
1081,1069,14,26848,1,26848,False,1145.0324791418354,612.8018474374255
1081,1069,38,57008,1,57008,True,122.77968004490597,1279.3043783328656
1081,1069,75,1884,1,1884,False,1221.9734607218684,629.8545647558386
1081,1069,113,16304,1,16304,False,820.8940137389598,786.8518155053974
1082,1070,14,8840,1,8840,False,1104.6882352941177,658.347963800905
1082,1070,38,60408,1,60408,True,134.79108727320886,1261.3073102900278
1082,1070,75,6644,1,6644,False,1196.1616496086694,608.4975918121613
1082,1070,113,16804,1,16804,False,827.8592001904309,787.6920971197334
1083,1071,14,8936,1,8936,False,1110.27260519248,662.0738585496866
1083,1071,38,59480,1,59480,True,140.41297915265636,1246.050907868191
1083,1071,75,6840,1,6840,False,1189.2076023391812,600.5198830409357
1083,1071,113,15944,2,15908,False,835.3444555945811,783.0669844455595
1084,1072,14,21240,2,21236,False,1141.1286252354048,641.6080979284369
1084,1072,38,58960,1,58960,True,141.95671641791046,1235.6137042062414
1084,1072,75,1944,1,1944,False,1171.0185185185185,569.6028806584362
1084,1072,113,15612,1,15612,False,841.0252369971817,780.6301562900333
1085,1073,14,10044,1,10044,False,1106.0643170051771,654.1296296296297
1085,1073,38,60004,1,60004,True,142.67892140523966,1224.4645356976202
1085,1073,75,6996,1,6996,False,1181.3038879359633,599.4102344196684
1085,1073,113,16028,1,16028,False,846.0472922385825,780.8773396556027
1086,1074,14,12348,2,12328,False,1119.4310009718174,642.7261094914156
1086,1074,38,59028,1,59028,True,143.53638951006303,1224.016026292607
1086,1074,75,5896,1,5896,False,1185.0929443690638,591.7388059701492
1086,1074,113,15224,1,15224,False,851.2167630057803,780.3922753547031
1087,1075,14,8896,1,8896,False,1100.6339928057555,631.3893884892086
1087,1075,38,60036,1,60036,True,147.20677593443935,1232.2977213671797
1087,1075,75,9464,1,9464,False,1174.467032967033,609.5101437024514
1087,1075,113,14952,1,14952,False,858.0184590690209,785.1383092562868
1088,1076,14,8756,1,8756,False,1117.7517131110096,617.189812699863
1088,1076,38,60180,1,60180,True,145.19564639415088,1234.2463609172482
1088,1076,75,6644,1,6644,False,1179.4753160746538,595.0827814569536
1088,1076,113,14744,1,14744,False,865.4495387954422,786.9877916440586
1089,1077,14,8756,1,8756,False,1122.9924623115578,612.3912745545912
1089,1077,38,60412,1,60412,True,143.23799907303186,1243.3047407799775
1089,1077,75,8816,2,8748,False,1176.4882032667877,577.6542649727767
1089,1077,113,14604,1,14604,False,873.3583949602848,793.7418515475213
1090,1078,14,10012,1,10012,False,1119.2487015581303,589.4572512984419
1090,1078,38,60668,1,60668,True,134.9011340410101,1241.7097316542493
1090,1078,75,6756,1,6756,False,1179.9292480757845,587.6438721136767
1090,1078,113,14756,1,14756,False,884.1015180265655,796.6897533206832
1091,1079,14,12296,1,12296,False,1145.8858165256995,570.9567338972023
1091,1079,38,62276,1,62276,True,128.97825807694778,1237.6272400282612
1091,1079,75,52,1,52,False,1190.9615384615386,571.5769230769231
1091,1079,113,13852,1,13852,False,891.2190297429973,798.2424198671672
1092,1080,14,16876,1,16876,False,1147.312514813937,542.8351505095994
1092,1080,38,60228,1,60228,True,111.49555024241216,1183.0799296008502
1092,1080,75,3180,6,2984,False,1201.4886792452828,603.9062893081762
1092,1080,113,14028,1,14028,False,897.5932420872541,800.2040205303679
1093,1081,14,14076,2,14072,False,1150.3573458368855,521.5963341858483
1093,1081,38,58760,1,58760,True,96.99407760381212,1067.1593601089176
1093,1081,75,5444,1,5444,False,1157.9562821454813,599.8445995591477
1093,1081,113,13924,1,13924,False,903.0923585176673,801.6646078713013
1094,1082,14,23124,1,23124,False,1161.9516519633282,537.6108804705068
1094,1082,38,25324,1,25324,True,56.403016900963515,1070.1357605433582
1094,1082,75,0,0,0,False,,
1094,1082,113,14224,1,14224,False,908.4640044994376,804.8993250843645
1095,1083,14,12524,1,12524,False,1152.7797828169914,528.2374640689875
1095,1083,38,14356,1,14356,True,47.003204235163,1016.1873780997493
1095,1083,75,6292,1,6292,False,1163.762555626192,600.7097902097902
1095,1083,113,14916,1,14916,False,909.7276749798874,808.7209707696434
1096,1084,14,17304,1,17304,False,1157.1773000462322,521.798659269533
1096,1084,38,21272,1,21272,True,62.37401278676194,963.2581797668296
1096,1084,75,5700,2,5668,False,1168.7933333333333,603.538596491228
1096,1084,113,14932,3,14820,False,916.1372890436646,812.2315831770694
1097,1085,14,9964,1,9964,False,1127.4185066238458,530.2045363307908
1097,1085,38,25740,1,25740,True,61.78578088578089,947.7385392385393
1097,1085,75,7508,2,6476,False,1157.1755460841769,591.0764517847629
1097,1085,113,14140,1,14140,False,921.4923620933522,815.0057991513437
1098,1086,14,14780,1,14780,False,1122.9757780784844,550.354397834912
1098,1086,38,33416,1,33416,True,76.18613837682547,973.093727555662
1098,1086,75,4992,3,4724,False,1188.8974358974358,584.9182692307693
1098,1086,113,12008,1,12008,False,929.5179880079946,813.8351099267155
1099,1087,14,18644,1,18644,False,1114.2167989701782,563.1929843381249
1099,1087,38,30704,1,30704,True,82.81344450234496,1025.5244919228765
1099,1087,75,72,2,60,False,1221.9444444444443,593.6111111111111
1099,1087,113,13740,1,13740,False,933.4508005822416,815.832751091703
1100,1088,14,18964,1,18964,False,1108.4730014764818,563.3361105252056
1100,1088,38,29384,1,29384,True,86.80547236591342,1149.0529539885652
1100,1088,75,0,0,0,False,,
1100,1088,113,13988,1,13988,False,935.8279954246497,818.5606233914784
1101,1089,14,17192,1,17192,False,1097.4218241042345,592.0425779432294
1101,1089,38,34008,1,34008,True,113.13726182074807,1209.1603152199482
1101,1089,75,0,0,0,False,,
1101,1089,113,13368,1,13368,False,941.8812088569719,818.8046080191502
1102,1090,14,16108,1,16108,False,1056.9936677427365,611.7282095852993
1102,1090,38,48712,1,48712,True,135.65076367219575,1277.5804729840697
1102,1090,75,5700,1,5700,False,1151.2817543859649,591.1484210526315
1102,1090,113,14396,1,14396,False,940.8250903028619,825.6931091969992
1103,1091,14,26016,2,25940,False,1073.5522755227553,645.0270602706028
1103,1091,38,55792,1,55792,True,145.87381703470032,1287.7168052767422
1103,1091,75,3556,1,3556,False,1140.5719910011248,579.8093363329584
1103,1091,113,14836,1,14836,False,944.3684281477488,837.6647344297654
1104,1092,14,17624,1,17624,False,1031.109169314571,675.2321833862915
1104,1092,38,58136,1,58136,True,147.33982386129077,1288.9498417503785
1104,1092,75,8572,1,8572,False,1109.3436770881942,603.9260382641157
1104,1092,113,15156,1,15156,False,942.7148324096067,846.1495117445236
1105,1093,14,16324,1,16324,False,1020.8945111492282,691.638936535163
1105,1093,38,59144,1,59144,True,146.64324360881915,1283.880224536724
1105,1093,75,10352,1,10352,False,1099.5602782071098,606.2913446676971
1105,1093,113,14512,1,14512,False,945.3269018743109,851.5082690187431
1106,1094,14,16724,1,16724,False,1007.6891891891892,686.6645539344654
1106,1094,38,59672,1,59672,True,144.79601823300712,1284.5462528489074
1106,1094,75,8656,1,8656,False,1095.9195933456563,600.3465804066543
1106,1094,113,14312,1,14312,False,944.4882615986585,860.8342649524874
1107,1095,14,15204,1,15204,False,982.7099447513813,685.1098395159169
1107,1095,38,56720,3,56604,True,151.1540197461213,1296.9500705218618
1107,1095,75,8892,1,8892,False,1087.879217273954,598.3164642375169
1107,1095,113,14632,1,14632,False,946.0937670858392,866.0593220338983
1108,1096,14,17248,1,17248,False,977.8627087198515,692.7226345083488
1108,1096,38,59612,1,59612,True,162.89777226061867,1301.4534992954439
1108,1096,75,8888,1,8888,False,1083.1408640864086,598.9698469846985
1108,1096,113,14672,1,14672,False,948.422028353326,871.9443838604144
1109,1097,14,17336,1,17336,False,962.0371481310567,694.8156437471158
1109,1097,38,58536,1,58536,True,167.97902145688124,1305.0204318709855
1109,1097,75,9292,1,9292,False,1079.286913473956,599.6829530779165
1109,1097,113,15228,1,15228,False,951.5527974783294,875.944707118466
1110,1098,14,15732,1,15732,False,934.8595219933893,696.0260615306382
1110,1098,38,58696,1,58696,True,156.68372631865884,1292.3255417745672
1110,1098,75,9132,1,9132,False,1076.4132720105124,601.1237406920718
1110,1098,113,15576,1,15576,False,955.7187981510016,877.0808936825886
1111,1099,14,17200,1,17200,False,920.0781395348837,699.1716279069767
1111,1099,38,67716,1,67716,True,146.6424774056353,1270.6837084293225
1111,1099,75,9148,1,9148,False,1073.1445124617403,602.7125054656756
1111,1099,113,16392,1,16392,False,962.3960468521229,881.4277696437287
1112,1100,14,18524,1,18524,False,902.5656445692075,697.7938890088534
1112,1100,38,64288,1,64288,True,144.4029367844699,1264.2574664011947
1112,1100,75,9092,1,9092,False,1068.6566212054554,604.9496260448747
1112,1100,113,15680,1,15680,False,968.6433673469388,884.1714285714286
1113,1101,14,17904,1,17904,False,886.5902591599643,704.4003574620197
1113,1101,38,58748,1,58748,True,138.95564104309935,1253.9577517532512
1113,1101,75,8916,1,8916,False,1065.5731269627636,604.7907133243607
1113,1101,113,16696,1,16696,False,978.7697652132247,893.0443219932918
1114,1102,14,16524,1,16524,False,863.8018639554588,705.4465020576132
1114,1102,38,61068,1,61068,True,138.893266522565,1239.577225388092
1114,1102,75,8592,1,8592,False,1060.866852886406,605.5130353817505
1114,1102,113,18192,2,17792,False,987.2414248021108,888.6912928759895
1115,1103,14,16028,1,16028,False,846.7974794110307,705.5905914649363
1115,1103,38,49936,1,49936,False,148.8433194488946,1232.35917975008
1115,1103,75,8192,1,8192,False,1057.2197265625,606.662109375
1115,1103,113,17848,1,17848,False,997.7111160914388,901.1024204392648
1116,1104,14,15604,1,15604,False,830.2293001794412,705.702255831838
1116,1104,38,47292,1,47292,False,155.79577941300855,1218.6857396599848
1116,1104,75,8020,1,8020,False,1053.6411471321696,607.3379052369078
1116,1104,113,18428,2,18424,False,1003.4242457130454,907.1290427610159
1117,1105,14,15448,1,15448,False,807.266960124288,700.3964267219058
1117,1105,38,43156,1,43156,False,160.39971267031237,1198.9067105385113
1117,1105,75,7772,1,7772,False,1051.3893463715904,608.0223880597015
1117,1105,113,19032,1,19032,False,1007.641235813367,911.5449768810424
1118,1106,14,14700,1,14700,False,788.3492517006803,697.0970068027211
1118,1106,38,41572,1,41572,False,171.44005580679303,1166.612960646589
1118,1106,75,7908,1,7908,False,1048.5171977744058,607.1231664137582
1118,1106,113,19524,1,19524,False,1012.0451751690227,915.579696783446
1119,1107,14,14692,1,14692,False,775.1964334331609,698.0355295398856
1119,1107,38,35540,1,35540,False,198.753460889139,1126.7662915025323
1119,1107,75,7860,1,7860,False,1046.9712468193384,606.8521628498728
1119,1107,113,20076,1,20076,False,1016.5498107192668,918.6597927874078
1120,1108,14,13760,1,13760,False,761.1232558139535,699.0639534883721
1120,1108,38,31724,1,31724,False,227.65798764342455,1096.532026226201
1120,1108,75,7752,1,7752,False,1046.3968008255933,605.6300309597523
1120,1108,113,20448,1,20448,False,1021.3055555555555,923.8192488262911
1121,1109,14,12912,1,12912,False,747.2379182156134,696.3345724907064
1121,1109,38,25836,1,25836,False,251.02794550239975,1056.5904164731382
1121,1109,75,8128,1,8128,False,1045.251968503937,604.1486220472441
1121,1109,113,20388,1,20388,False,1027.9961742201294,932.0824995095154
1122,1110,14,14152,1,14152,False,737.1133408705483,699.1907857546637
1122,1110,38,23420,1,23420,False,275.0403928266439,1013.96780529462
1122,1110,75,8444,1,8444,False,1044.63737565135,605.3024632875414
1122,1110,113,20184,1,20184,False,1036.5277447483154,941.1638921918351
1123,1111,14,13700,1,13700,False,730.9753284671533,696.0848175182482
1123,1111,38,22148,1,22148,False,294.3699656853892,992.4692974534946
1123,1111,75,8504,1,8504,False,1045.0484477892755,606.4877704609595
1123,1111,113,21216,1,21216,False,1046.8706636500754,947.9883107088989
1124,1112,14,12888,1,12888,False,727.6216635630043,693.6229050279329
1124,1112,38,22856,1,22856,False,301.9249212460623,973.9361218060903
1124,1112,75,8508,1,8508,False,1045.7355430183356,606.8018335684062
1124,1112,113,22012,1,22012,False,1057.4863710703253,955.3057423223696
1125,1113,14,12932,1,12932,False,727.8120940303124,694.0558304979895
1125,1113,38,27008,1,27008,False,302.81664691943126,947.4955568720379
1125,1113,75,8480,1,8480,False,1045.8349056603774,607.2669811320754
1125,1113,113,21920,1,21920,False,1064.5879562043795,962.6697080291971
1126,1114,14,13364,1,13364,False,731.4554025740796,691.8576773421131
1126,1114,38,25100,1,25100,False,304.6558565737052,946.2354581673306
1126,1114,75,8552,1,8552,False,1046.6496725912068,607.4391955098223
1126,1114,113,21956,1,21956,False,1072.7022226270724,968.7831116779013
1127,1115,14,13324,1,13324,False,736.022065445812,688.7996097268087
1127,1115,38,22424,1,22424,False,306.8000356760614,929.1792722083482
1127,1115,75,8624,1,8624,False,1047.2077922077922,607.3256029684601
1127,1115,113,21712,2,21484,False,1080.0033161385409,972.6694915254237
1128,1116,14,13108,1,13108,False,739.9269148611535,681.9751296917913
1128,1116,38,23300,1,23300,False,298.5030901287554,914.7262660944206
1128,1116,75,8680,1,8680,False,1047.6410138248848,607.1377880184332
1128,1116,113,22256,1,22256,False,1087.8123652048885,977.079079798706
1129,1117,14,13644,2,13612,False,745.0212547639989,673.1531808853708
1129,1117,38,23228,1,23228,False,281.8831582572757,890.540640606165
1129,1117,75,8768,1,8768,False,1048.4361313868612,607.2490875912408
1129,1117,113,23436,1,23436,False,1099.1140979689367,980.3641406383342
1130,1118,14,13708,1,13708,False,749.0433323606653,668.400787861103
1130,1118,38,20092,1,20092,False,267.77294445550467,878.0440971530958
1130,1118,75,8904,1,8904,False,1049.0363881401618,607.148697214735
1130,1118,113,22628,1,22628,False,1111.6461905603676,988.4727770903305
1131,1119,14,12948,1,12948,False,751.9927401915354,665.8012048192771
1131,1119,38,19324,1,19324,False,262.09511488304696,874.4308631753261
1131,1119,75,9028,1,9028,False,1049.548294195835,606.8535666814355
1131,1119,113,22772,1,22772,False,1127.1825926576498,996.5467240470754
1132,1120,14,12700,1,12700,False,753.5135433070866,663.6451968503937
1132,1120,38,20324,1,20324,False,252.7227907892147,871.9808108640032
1132,1120,75,9032,1,9032,False,1050.1058458813109,606.9818423383525
1132,1120,113,23520,1,23520,False,1142.6646258503401,1004.0867346938776
1133,1121,14,12104,1,12104,False,755.7161269001983,662.5799735624587
1133,1121,38,20652,1,20652,False,232.7262250629479,864.8951191167926
1133,1121,75,8556,1,8556,False,1052.2840112201964,608.5710612435718
1133,1121,113,24084,1,24084,False,1156.5352100979903,1006.5189337319382
1134,1122,14,11996,1,11996,False,757.9971657219073,661.0161720573525
1134,1122,38,19080,1,19080,False,215.72222222222223,848.5976939203355
1134,1122,75,8428,1,8428,False,1053.674181300427,610.1203132415757
1134,1122,113,24012,1,24012,False,1164.5796268532401,1011.723388305847
1135,1123,14,12120,1,12120,False,760.027392739274,656.8201320132014
1135,1123,38,19032,1,19032,False,208.1162253047499,842.4466162253048
1135,1123,75,8596,1,8596,False,1054.7661703117728,611.3971614704514
1135,1123,113,25300,1,25300,False,1172.377628458498,1016.9651383399209
1136,1124,14,12224,1,12224,False,762.5137434554974,653.2899214659686
1136,1124,38,18916,1,18916,False,203.14537957284838,838.2931909494607
1136,1124,75,8780,1,8780,False,1055.0922551252847,611.902277904328
1136,1124,113,25516,1,25516,False,1179.433375137169,1022.0416209437216
1137,1125,14,12088,1,12088,False,764.4774983454665,650.283587028458
1137,1125,38,19264,1,19264,False,192.73504983388705,830.6225083056478
1137,1125,75,8856,1,8856,False,1054.7538392050587,612.5307136404697
1137,1125,113,25044,1,25044,False,1185.0408081776075,1025.7017249640633
1138,1126,14,11996,1,11996,False,766.2219073024341,648.8194398132711
1138,1126,38,18632,1,18632,False,188.68334048948046,828.1934306569343
1138,1126,75,9048,1,9048,False,1054.9129089301503,613.6034482758621
1138,1126,113,25276,1,25276,False,1193.4783193543283,1027.8995885424908
1139,1127,14,11436,1,11436,False,767.3422525358517,650.2712486883526
1139,1127,38,18792,1,18792,False,187.5387398893146,825.8473818646232
1139,1127,75,9088,1,9088,False,1055.3098591549297,613.8882042253521
1139,1127,113,26152,1,26152,False,1199.7884674212298,1030.581676353625
1140,1128,14,11644,1,11644,False,767.667983510821,648.4031260735143
1140,1128,38,19812,1,19812,False,182.75681405208965,816.9530587522713
1140,1128,75,9240,1,9240,False,1055.0445887445887,612.1917748917749
1140,1128,113,27680,1,27680,False,1211.5410404624276,1033.7528901734104
1141,1129,14,11468,1,11468,False,768.1149284966864,647.6698639693059
1141,1129,38,19784,1,19784,False,181.21815608572584,813.1421350586332
1141,1129,75,9476,1,9476,False,1054.0930772477839,610.5953989024905
1141,1129,113,27828,1,27828,False,1219.1640793445451,1038.9743423889608
1142,1130,14,11348,1,11348,False,768.4478322171308,647.0026436376454
1142,1130,38,19564,1,19564,False,182.06491515027602,812.3527908403189
1142,1130,75,9552,1,9552,False,1054.391959798995,610.4597989949749
1142,1130,113,27712,1,27712,False,1223.3123556581986,1045.5072170900694
1143,1131,14,11100,1,11100,False,768.7861261261261,648.3637837837838
1143,1131,38,19408,1,19408,False,181.70939818631493,806.1352019785655
1143,1131,75,9516,1,9516,False,1054.4302227826818,610.4571248423707
1143,1131,113,28048,1,28048,False,1229.7444381061039,1049.3579577866515
1144,1132,14,11064,1,11064,False,768.6670281995662,646.5744757772958
1144,1132,38,20700,1,20700,False,174.27352657004832,795.2795169082126
1144,1132,75,9560,1,9560,False,1054.3928870292887,610.5861924686193
1144,1132,113,28884,1,28884,False,1236.5180030466695,1052.4470987397867
1145,1133,14,11428,1,11428,False,769.4226461323066,643.6032551627582
1145,1133,38,20264,1,20264,False,172.55882352941177,790.5742202921437
1145,1133,75,9476,1,9476,False,1054.536302237231,610.2222456732799
1145,1133,113,29128,1,29128,False,1242.9638835484757,1055.556852513046
1146,1134,14,11256,1,11256,False,770.0586353944562,644.5867093105899
1146,1134,38,21056,1,21056,False,173.1952887537994,787.3077507598784
1146,1134,75,9620,1,9620,False,1053.745738045738,608.3070686070686
1146,1134,113,28380,2,28348,False,1248.7125440451023,1058.3043692741367
1147,1135,14,10964,1,10964,False,770.6065304633346,645.3055454213791
1147,1135,38,20860,1,20860,False,169.86912751677852,782.4766059443912
1147,1135,75,9792,1,9792,False,1053.4084967320262,606.7990196078431
1147,1135,113,27272,1,27272,False,1254.410237606336,1062.9385450278673
1148,1136,14,11328,2,11324,False,770.9470338983051,642.608757062147
1148,1136,38,19380,1,19380,False,166.55283797729618,782.8095975232198
1148,1136,75,9836,1,9836,False,1053.1620577470517,606.5178934526231
1148,1136,113,27968,1,27968,False,1262.8435354691076,1064.2425629290617
1149,1137,14,11304,1,11304,False,771.5813871196037,642.9996461429582
1149,1137,38,19376,1,19376,False,163.20520231213874,778.6862097440132
1149,1137,75,9836,1,9836,False,1052.982309882066,606.398332655551
1149,1137,113,27420,1,27420,False,1268.5061269146609,1068.5846097738877
1150,1138,14,11100,1,11100,False,771.8463063063064,644.4863063063063
1150,1138,38,18284,1,18284,False,159.4827171297309,783.4831546707504
1150,1138,75,9792,1,9792,False,1052.3521241830065,606.4591503267974
1150,1138,113,27928,1,27928,False,1274.51947865941,1073.8775422515039
1151,1139,14,11216,2,11196,False,772.5413694721826,643.9037089871612
1151,1139,38,15908,1,15908,False,158.52263012320844,793.612396278602
1151,1139,75,9844,1,9844,False,1051.5841121495328,606.4504266558309
1151,1139,113,27540,1,27540,False,1280.6010893246187,1076.6905591866375
1152,1140,14,11152,1,11152,False,773.4447632711622,644.3522238163558
1152,1140,38,18128,1,18128,False,165.65622241835834,793.1593115622242
1152,1140,75,9820,1,9820,False,1051.3431771894093,606.4747454175152
1152,1140,113,27380,1,27380,False,1287.600073046019,1077.628414901388
1153,1141,14,11048,1,11048,False,774.295076031861,645.3254887762491
1153,1141,38,19072,2,19032,False,170.84563758389262,789.8355704697987
1153,1141,75,9796,1,9796,False,1051.0324622294813,606.6102490812576
1153,1141,113,27696,1,27696,False,1296.6689774696706,1081.3168688619296
1154,1142,14,10944,1,10944,False,775.1315789473684,645.1732456140351
1154,1142,38,20932,1,20932,False,173.98480794955094,785.739059812727
1154,1142,75,9768,1,9768,False,1050.7612612612613,606.8464373464374
1154,1142,113,27776,1,27776,False,1305.1189516129032,1084.3150921658987
1155,1143,14,10832,1,10832,False,775.7363367799114,644.7245199409158
1155,1143,38,20164,1,20164,False,171.72277325927396,785.7275342194009
1155,1143,75,9848,1,9848,False,1050.3269699431357,607.2270511779042
1155,1143,113,27604,1,27604,False,1314.5597014925372,1085.1619330531807
1156,1144,14,11032,2,11008,False,776.263596809282,641.9960116026106
1156,1144,38,20496,1,20496,False,174.18462138953942,788.1654957064793
1156,1144,75,9928,1,9928,False,1049.8827558420628,606.9182111200645
1156,1144,113,28148,1,28148,False,1325.3929941736535,1089.341551797641
1157,1145,14,10836,1,10836,False,776.9400147655962,644.1160944998154
1157,1145,38,18580,1,18580,False,179.0356297093649,799.2052744886976
1157,1145,75,9896,1,9896,False,1049.3350848827808,607.6552142279709
1157,1145,113,28072,1,28072,False,1331.4518381305215,1094.6672841265317
1158,1146,14,10680,1,10680,False,776.9209737827715,642.1269662921349
1158,1146,38,17492,2,17392,False,187.21529842213585,804.7739538074549
1158,1146,75,9868,1,9868,False,1047.777665180381,608.1870693149574
1158,1146,113,29132,1,29132,False,1337.7283399697926,1098.2890978992173
1159,1147,14,10808,1,10808,False,777.5917838638046,640.9063656550703
1159,1147,38,17660,1,17660,False,189.02231030577576,809.0472253680634
1159,1147,75,10000,1,10000,False,1045.4528,609.1616
1159,1147,113,29336,1,29336,False,1340.981319880011,1103.0707662939733
1160,1148,14,10552,1,10552,False,777.9586808188021,635.6849886277483
1160,1148,38,19188,1,19188,False,194.10475297060663,810.6851156973108
1160,1148,75,10440,1,10440,False,1040.4088122605365,610.0218390804598
1160,1148,113,30716,1,30716,False,1343.5735772887094,1105.0425185571037
1161,1149,14,10292,1,10292,False,777.8299650213759,633.6434123591139
1161,1149,38,20020,1,20020,False,196.55114885114884,812.5675324675325
1161,1149,75,10716,1,10716,False,1036.5627099664055,611.1890630832401
1161,1149,113,30812,1,30812,False,1347.7878099441775,1108.4376866156042
1162,1150,14,10132,1,10132,False,777.8067508882748,632.2876036320569
1162,1150,38,19112,1,19112,False,201.41795730431141,820.3346588530766
1162,1150,75,10644,1,10644,False,1032.5368282600525,612.3075911311537
1162,1150,113,30936,1,30936,False,1352.2095940005172,1111.8020429273338
1163,1151,14,9900,1,9900,False,777.709696969697,632.2939393939394
1163,1151,38,17780,1,17780,False,211.63880764904388,829.1461192350956
1163,1151,75,10888,1,10888,False,1028.1429096252755,613.6366642174871
1163,1151,113,31856,1,31856,False,1356.7518834756404,1116.8382722250126
1164,1152,14,9848,1,9848,False,776.9272948822096,631.7485783915516
1164,1152,38,17700,1,17700,False,208.66587570621468,829.6290395480225
1164,1152,75,10996,1,10996,False,1024.8965078210258,614.4818115678429
1164,1152,113,31884,2,31880,False,1366.3597415631664,1123.023899134362
1165,1153,14,9784,1,9784,False,775.7117743254292,630.6161079313164
1165,1153,38,16932,1,16932,False,209.53236475313017,824.7504134183794
1165,1153,75,11096,1,11096,False,1020.8626532083633,615.6038211968277
1165,1153,113,31472,1,31472,False,1372.1098118962889,1130.8706151499746
1166,1154,14,9736,1,9736,False,774.2559572719803,630.1351684470009
1166,1154,38,20568,1,20568,False,194.96168805912097,809.9959159859976
1166,1154,75,10964,1,10964,False,1019.6448376504925,616.7750820868296
1166,1154,113,30832,1,30832,False,1381.4161909704203,1135.6141670991178
1167,1155,14,9588,1,9588,False,772.2029620358782,627.9034209428452
1167,1155,38,21032,1,21032,False,191.29726131608976,807.1531000380372
1167,1155,75,10836,1,10836,False,1020.2017349575489,616.7052417866371
1167,1155,113,30676,1,30676,False,1388.4911331333942,1141.1944842873909
1168,1156,14,9276,1,9276,False,768.5827943078913,624.667313497197
1168,1156,38,20356,1,20356,False,186.84898801336215,807.993024169778
1168,1156,75,10940,1,10940,False,1023.6005484460695,616.5277879341864
1168,1156,113,30800,1,30800,False,1395.9623376623376,1146.3987012987013
1169,1157,14,8960,1,8960,False,766.0928571428572,620.3321428571429
1169,1157,38,21496,1,21496,False,183.9525493114998,808.872906587272
1169,1157,75,11112,1,11112,False,1024.109071274298,616.5979121670266
1169,1157,113,30384,1,30384,False,1402.7309110057924,1151.4715639810427
1170,1158,14,8344,1,8344,False,764.121284755513,614.4463087248322
1170,1158,38,20956,1,20956,False,179.53760259591525,817.0539225042947
1170,1158,75,10708,1,10708,False,1026.1242062009712,617.3726186029137
1170,1158,113,30524,1,30524,False,1410.4119381470318,1153.645066177434
1171,1159,14,8220,1,8220,False,763.358394160584,613.339902676399
1171,1159,38,19316,1,19316,False,171.81248705736178,829.6546904120936
1171,1159,75,10760,1,10760,False,1027.7907063197026,617.5602230483271
1171,1159,113,31056,1,31056,False,1414.945646573931,1157.5118495620814
1172,1160,14,8196,1,8196,False,763.064177647633,612.8279648609077
1172,1160,38,17400,1,17400,False,175.52666666666667,848.083908045977
1172,1160,75,10572,1,10572,False,1031.936246689368,619.551835035944
1172,1160,113,31308,1,31308,False,1421.2517567394916,1160.0344320940335
1173,1161,14,8100,1,8100,False,763.4066666666666,612.3824691358025
1173,1161,38,16584,1,16584,False,174.2747226242161,857.9027978774723
1173,1161,75,10840,1,10840,False,1032.9214022140222,619.4682656826568
1173,1161,113,30948,1,30948,False,1426.0807160398087,1162.7786609797079
1174,1162,14,7892,1,7892,False,764.7240243284339,611.4011657374557
1174,1162,38,13256,1,13256,False,173.478273989137,876.7190706095353
1174,1162,75,10688,1,10688,False,1036.3420658682635,620.3854790419161
1174,1162,113,31812,2,30744,False,1434.17056456683,1177.6002137558155
1175,1163,14,8064,1,8064,False,767.4424603174604,607.6458333333334
1175,1163,38,11680,1,11680,False,174.67602739726027,895.3150684931506
1175,1163,75,10744,1,10744,False,1037.7457185405808,620.4106478034251
1175,1163,113,30976,1,30976,False,1443.5188533057851,1174.7719524793388
1176,1164,14,8048,1,8048,False,770.9990059642147,605.655069582505
1176,1164,38,12352,1,12352,False,189.23834196891193,906.2182642487047
1176,1164,75,10612,1,10612,False,1039.2026008292498,620.9749340369393
1176,1164,113,31720,1,31720,False,1451.7474148802019,1179.6820933165195
1177,1165,14,7760,1,7760,False,774.9164948453608,601.9577319587629
1177,1165,38,13492,1,13492,False,214.82137563000296,916.1157723095167
1177,1165,75,10772,1,10772,False,1042.685666542889,624.0603416264389
1177,1165,113,33536,1,33536,False,1460.456106870229,1186.757395038168
1178,1166,14,7772,1,7772,False,778.7007205352547,594.212815234174
1178,1166,38,16260,1,16260,False,251.1760147601476,920.9472324723247
1178,1166,75,10344,1,10344,False,1044.577339520495,625.0382830626451
1178,1166,113,34672,1,34672,False,1466.7752653437933,1192.8728657129673
1179,1167,14,7496,1,7496,False,781.7315901814301,592.9578441835646
1179,1167,38,17628,1,17628,False,285.21477195371,927.7289539369185
1179,1167,75,10920,1,10920,False,1049.5505494505494,624.9168498168498
1179,1167,113,36800,1,36800,False,1478.44,1201.8754347826086
1180,1168,14,7384,1,7384,False,783.8196099674973,590.8445287107259
1180,1168,38,19720,1,19720,False,333.842799188641,927.8813387423935
1180,1168,75,11672,1,11672,False,1057.9482522275532,621.7330363262508
1180,1168,113,38700,1,38700,False,1492.4479069767442,1208.0059431524548
1181,1169,14,7268,1,7268,False,785.5831040176115,589.8979086406164
1181,1169,38,20888,1,20888,False,386.5555342780544,919.5218307162007
1181,1169,75,11400,1,11400,False,1062.98,617.1505263157894
1181,1169,113,40304,1,40304,False,1508.6294164350934,1214.2481143310838
1182,1170,14,7200,1,7200,False,787.3822222222223,589.2477777777777
1182,1170,38,19104,1,19104,False,458.0678391959799,898.8002512562814
1182,1170,75,10656,1,10656,False,1066.7259759759759,618.144894894895
1182,1170,113,40908,1,40908,False,1522.2975946025226,1219.1954140999314
1183,1171,14,7248,1,7248,False,790.2030905077263,589.0827814569536
1183,1171,38,20536,1,20536,False,534.834242306194,852.8529411764706
1183,1171,75,10492,1,10492,False,1075.915935951201,615.9593976362943
1183,1171,113,40812,1,40812,False,1530.1791139860825,1228.0926688228951
1184,1172,14,6796,1,6796,False,794.2869334902884,589.6300765155975
1184,1172,38,19244,1,19244,False,604.114633132405,829.3260236956974
1184,1172,75,10124,1,10124,False,1095.0049387593835,612.925128407744
1184,1172,113,42492,1,42492,False,1540.4150898992752,1239.8459474724655
1185,1173,14,6732,1,6732,False,798.8244206773619,586.8636363636364
1185,1173,38,11972,1,11972,False,693.249081189442,795.0786835950552
1185,1173,75,6960,1,6960,False,1118.403448275862,613.5770114942529
1185,1173,113,42096,1,42096,False,1556.945267958951,1255.6090839984797
1186,1174,14,6476,1,6476,False,805.0138974675725,581.5846201358863
1186,1174,38,11180,1,11180,False,771.4774597495527,767.7221824686941
1186,1174,75,6704,1,6704,False,1148.0286396181384,605.2112171837708
1186,1174,113,44612,1,44612,False,1577.7163543441227,1264.8425087420426
1187,1175,14,5984,1,5984,False,812.2112299465241,577.8382352941177
1187,1175,38,14200,1,14200,False,856.7219718309859,733.3681690140845
1187,1175,75,8008,1,8008,False,1171.3001998001998,589.2752247752247
1187,1175,113,47240,1,47240,False,1596.9394580863675,1270.5817950889077
1188,1176,14,5444,2,5432,False,821.7373254959589,575.6947097722264
1188,1176,38,14372,1,14372,False,906.7939048149179,692.0747286390203
1188,1176,75,7584,1,7584,False,1195.4588607594937,585.5
1188,1176,113,49372,1,49372,False,1607.9448675362553,1277.596816009074
1189,1177,14,5452,1,5452,False,829.2101980924432,575.1060161408658
1189,1177,38,19632,1,19632,False,966.8822330888346,679.4327628361858
1189,1177,75,7556,1,7556,False,1224.997617787189,577.9356802541027
1189,1177,113,50088,1,50088,False,1617.7648139274877,1282.8119310014374
1190,1178,14,5632,1,5632,False,844.7840909090909,569.8522727272727
1190,1178,38,24500,1,24500,False,1031.717306122449,665.6833469387755
1190,1178,75,6784,1,6784,False,1255.801886792453,570.8195754716982
1190,1178,113,50724,1,50724,False,1624.6739610440818,1287.616158031701
1191,1179,14,6240,1,6240,False,862.2269230769231,566.8205128205128
1191,1179,38,17460,1,17460,False,1118.2182130584192,692.2786941580756
1191,1179,75,6524,1,6524,False,1279.517780502759,568.7219497240957
1191,1179,113,50444,1,50444,False,1633.7579494092458,1290.436721909444
1192,1180,14,5964,1,5964,False,877.6522468142186,564.7508383635144
1192,1180,38,18932,1,18932,False,1135.873336150433,676.7036763152335
1192,1180,75,7756,1,7756,False,1299.7418772563176,569.2550283651367
1192,1180,113,51552,1,51552,False,1640.3398510242087,1289.957324643079
1193,1181,14,5720,1,5720,False,886.5923076923077,564.1741258741258
1193,1181,38,13424,1,13424,False,1153.4231227651967,640.4624553039332
1193,1181,75,8512,1,8512,False,1325.3806390977443,575.125
1193,1181,113,52128,1,52128,False,1644.5492633517495,1291.4610190300798
1194,1182,14,6328,1,6328,False,902.3141592920354,558.0929203539823
1194,1182,38,11768,1,11768,False,1199.838545207342,634.5040788579198
1194,1182,75,8096,1,8096,False,1340.2183794466403,578.5424901185771
1194,1182,113,51728,1,51728,False,1652.1724404577792,1291.2477575007733
1195,1183,14,6144,1,6144,False,913.1731770833334,555.0403645833334
1195,1183,38,9260,1,9260,False,1222.2365010799135,657.6498920086393
1195,1183,75,7856,1,7856,False,1348.6405295315683,580.6568228105906
1195,1183,113,50952,1,50952,False,1658.6651750667295,1290.9049301303187
1196,1184,14,5956,1,5956,False,927.0372733378106,551.1245802552048
1196,1184,38,9548,1,9548,False,1229.6763720150816,659.870758273984
1196,1184,75,7828,1,7828,False,1348.4417475728155,582.6512519161982
1196,1184,113,50936,1,50936,False,1661.8043819695304,1291.129652897754
1197,1185,14,5804,1,5804,False,942.0120606478291,547.8259820813232
1197,1185,38,8124,1,8124,False,1250.8879862136878,667.4512555391433
1197,1185,75,7816,1,7816,False,1347.9974411463663,584.4007164790174
1197,1185,113,50468,1,50468,False,1665.2126892288184,1290.8073630815566
1198,1186,14,5844,1,5844,False,953.0311430527037,547.7484599589322
1198,1186,38,9100,1,9100,False,1254.5747252747253,682.5087912087912
1198,1186,75,7652,1,7652,False,1345.8497124934659,587.4200209095661
1198,1186,113,50800,1,50800,False,1664.9941732283464,1291.008031496063
1199,1187,14,5460,1,5460,False,962.6025641025641,544.9556776556776
1199,1187,38,10132,1,10132,False,1249.775957362811,697.5319778918279
1199,1187,75,7052,1,7052,False,1343.2884288145208,593.027509926262
1199,1187,113,50876,1,50876,False,1664.970634483843,1291.3417328406322
1200,1188,14,5248,2,5244,False,971.5533536585366,544.8551829268292
1200,1188,38,12448,1,12448,False,1232.3901028277635,710.8560411311054
1200,1188,75,6992,1,6992,False,1339.9118993135012,600.2379862700229
1200,1188,113,50800,2,50788,False,1664.6822047244095,1291.9855118110236
1201,1189,14,5180,1,5180,False,981.842084942085,545.3555984555985
1201,1189,38,11792,1,11792,False,1205.4348710990503,729.0318860244233
1201,1189,75,7064,2,7028,False,1330.644960362401,602.6370328425821
1201,1189,113,50284,1,50284,False,1667.79265770424,1292.9540609338956
1202,1190,14,5596,1,5596,False,995.2919942816297,544.7787705503931
1202,1190,38,11748,1,11748,False,1183.416581545795,739.2231869254341
1202,1190,75,7056,2,6320,False,1302.5963718820863,617.343537414966
1202,1190,113,50392,1,50392,False,1666.997380536593,1296.7117796475632
1203,1191,14,5660,1,5660,False,1011.9275618374559,541.1756183745583
1203,1191,38,13096,1,13096,False,1145.9337202199144,758.6606597434331
1203,1191,75,7232,1,7232,False,1314.271017699115,606.2610619469026
1203,1191,113,50724,1,50724,False,1667.8744972793943,1299.7273480009462
1204,1192,14,5460,1,5460,False,1030.6831501831502,538.1615384615385
1204,1192,38,16320,2,16308,False,1106.2593137254903,776.6936274509804
1204,1192,75,7144,1,7144,False,1312.3253079507278,604.4574468085107
1204,1192,113,52648,1,52648,False,1664.1079623157575,1305.267360583498
1205,1193,14,5384,1,5384,False,1045.7734026745914,538.5059435364042
1205,1193,38,17264,1,17264,False,1049.91890639481,784.7020389249304
1205,1193,75,8204,1,8204,False,1311.340565577767,606.4473427596295
1205,1193,113,52684,1,52684,False,1669.6262622428062,1313.0372409080555
1206,1194,14,5172,1,5172,False,1063.0336426914153,535.1589327146172
1206,1194,38,18916,1,18916,False,991.8571579615141,798.3346373440473
1206,1194,75,8532,1,8532,False,1312.0977496483827,602.3649789029536
1206,1194,113,51488,1,51488,False,1679.8046923555003,1325.3677750155375
1207,1195,14,5076,1,5076,False,1081.2312844759654,531.5070921985815
1207,1195,38,24064,1,24064,False,941.8068484042553,828.1954787234042
1207,1195,75,8872,1,8872,False,1313.3259693417492,597.5577096483319
1207,1195,113,53152,1,53152,False,1698.6976219145092,1327.140728476821
1208,1196,14,4912,1,4912,False,1098.9201954397395,529.4234527687296
1208,1196,38,26452,1,26452,False,879.9855587479208,845.336534099501
1208,1196,75,9148,1,9148,False,1312.9031482291211,597.7505465675557
1208,1196,113,54308,1,54308,False,1723.4775355380423,1327.2960521470134
1209,1197,14,4480,1,4480,False,1114.9392857142857,529.2607142857142
1209,1197,38,27132,1,27132,False,818.6350434910806,855.6328320802005
1209,1197,75,10004,1,10004,False,1315.1285485805677,602.5807676929228
1209,1197,113,55700,1,55700,False,1744.316157989228,1326.5614721723518
1210,1198,14,4568,1,4568,False,1129.7521891418564,529.7591943957968
1210,1198,38,26748,1,26748,False,755.7418124719605,872.7506355615374
1210,1198,75,9160,1,9160,False,1317.4379912663755,603.7122270742358
1210,1198,113,55488,1,55488,False,1760.487600922722,1328.2458189158017
1211,1199,14,4304,1,4304,False,1143.4609665427508,530.1895910780669
1211,1199,38,29616,1,29616,False,698.6796326310102,892.7106969205835
1211,1199,75,8936,1,8936,False,1322.4212175470009,604.3594449418084
1211,1199,113,55412,1,55412,False,1775.823034721721,1328.5765177217932
1212,1200,14,4232,1,4232,False,1163.3998109640831,526.6909262759924
1212,1200,38,33412,1,33412,False,649.6313300610559,919.2324314617503
1212,1200,75,9092,1,9092,False,1328.1867575890892,604.2386713594369
1212,1200,113,55276,1,55276,False,1793.2912294666762,1325.6709964541574
1213,1201,14,4324,1,4324,False,1182.958834412581,525.4047178538391
1213,1201,38,29532,1,29532,False,596.0115806582689,931.3896112691318
1213,1201,75,9096,1,9096,False,1332.9934036939314,603.268689533861
1213,1201,113,56292,1,56292,False,1816.0432388261208,1315.5100191856748
1214,1202,14,4112,1,4112,False,1199.363813229572,525.852140077821
1214,1202,38,37244,1,37244,False,552.8290731392976,946.5300719578993
1214,1202,75,9316,1,9316,False,1339.6876341777586,603.6859167024475
1214,1202,113,55552,1,55552,False,1838.203341013825,1303.2877304147466
1215,1203,14,4060,1,4060,False,1216.084236453202,524.7857142857143
1215,1203,38,39648,1,39648,False,509.7917675544794,950.4665052461662
1215,1203,75,9720,1,9720,False,1343.9395061728394,604.7074074074075
1215,1203,113,54676,1,54676,False,1861.690138269076,1284.61295632453
1216,1204,14,3900,1,3900,False,1231.408717948718,523.3923076923077
1216,1204,38,36556,1,36556,False,459.614126272021,945.7541853594486
1216,1204,75,10040,1,10040,False,1350.882470119522,605.7701195219123
1216,1204,113,54304,1,54304,False,1879.1477607542722,1270.7203889216264
1217,1205,14,3588,1,3588,False,1251.4186176142698,519.9202898550725
1217,1205,38,34364,1,34364,False,417.82766849028053,940.9832964730532
1217,1205,75,9348,1,9348,False,1355.7665810868634,602.2466837826273
1217,1205,113,50032,1,50032,False,1896.664694595459,1252.4630636392708
1218,1206,14,3592,1,3592,False,1265.139198218263,519.9053452115813
1218,1206,38,32868,1,32868,False,381.53492758914444,937.4524157235
1218,1206,75,9572,1,9572,False,1361.2246134559132,602.3487254492269
1218,1206,113,48084,1,48084,False,1904.3765493719325,1244.1785625155976
1219,1207,14,3576,1,3576,False,1277.231543624161,519.3814317673379
1219,1207,38,35220,1,35220,False,355.9005678591709,941.5003407155026
1219,1207,75,9836,1,9836,False,1368.4788531923546,603.0546970313136
1219,1207,113,45048,1,45048,False,1911.4881015805363,1231.377464038359
1220,1208,14,3772,1,3772,False,1291.7937433722163,520.0588547189819
1220,1208,38,36948,1,36948,False,333.3775576485872,943.2238280827108
1220,1208,75,9812,1,9812,False,1379.6096616388097,602.6924174480229
1220,1208,113,43500,1,43500,False,1915.1026666666667,1215.4940229885058
1221,1209,14,3908,1,3908,False,1307.6914022517913,519.7548618219038
1221,1209,38,34936,1,34936,False,309.7539500801466,938.4562628806962
1221,1209,75,9104,1,9104,False,1390.2697715289983,604.115992970123
1221,1209,113,43556,1,43556,False,1918.227247681146,1192.5712645789329
1222,1210,14,3864,1,3864,False,1322.1915113871635,520.5372670807453
1222,1210,38,32936,1,32936,False,296.9534855477289,938.3017974253097
1222,1210,75,9024,1,9024,False,1398.2304964539007,606.1329787234042
1222,1210,113,42104,1,42104,False,1923.0821774653239,1165.962093862816
1223,1211,14,3832,1,3832,False,1335.7713987473903,519.598121085595
1223,1211,38,31804,1,31804,False,289.36404225883535,931.6090428876871
1223,1211,75,8812,1,8812,False,1404.6861098502043,605.7555605991829
1223,1211,113,42024,1,42024,False,1925.6446792309157,1153.708642680373
1224,1212,14,3708,1,3708,False,1347.1968716289105,518.8603020496224
1224,1212,38,31504,1,31504,False,279.35347892331134,916.3181818181819
1224,1212,75,9092,1,9092,False,1411.9386273647162,605.2470303563572
1224,1212,113,39220,1,39220,False,1928.572819989801,1138.4251402345742
1225,1213,14,3696,1,3696,False,1361.4155844155844,517.2142857142857
1225,1213,38,29004,1,29004,False,268.8103020273066,897.6587367259689
1225,1213,75,9288,1,9288,False,1420.026270456503,607.9435831180017
1225,1213,113,37340,1,37340,False,1928.4802892340654,1127.7848419925012
1226,1214,14,3500,1,3500,False,1374.6188571428572,516.452
1226,1214,38,23880,1,23880,False,260.9204355108878,882.4869346733668
1226,1214,75,9000,1,9000,False,1425.444888888889,608.3568888888889
1226,1214,113,34932,1,34932,False,1927.2660597732738,1113.7030230161456
1227,1215,14,3324,1,3324,False,1385.5589651022865,516.326714801444
1227,1215,38,22332,1,22332,False,254.2735984237865,869.9472505821243
1227,1215,75,8364,1,8364,False,1426.3077474892395,605.1580583452893
1227,1215,113,34276,1,34276,False,1925.7881316372973,1101.03705216478
1228,1216,14,3324,1,3324,False,1395.1570397111914,517.2460890493381
1228,1216,38,25812,1,25812,False,247.7549201921587,860.5251046025105
1228,1216,75,8868,1,8868,False,1432.0579612088409,602.3619756427605
1228,1216,113,33104,1,33104,False,1924.6655389076848,1084.1336394393427
1229,1217,14,3500,1,3500,False,1406.4108571428571,516.9525714285714
1229,1217,38,24284,1,24284,False,234.60278372591006,841.9758688848625
1229,1217,75,8568,1,8568,False,1437.2226890756303,599.4822595704949
1229,1217,113,30944,1,30944,False,1924.7306101344363,1060.7417269906928
1230,1218,14,3384,1,3384,False,1417.8262411347519,518.677304964539
1230,1218,38,18276,1,18276,False,225.45600787918582,818.5927992996279
1230,1218,75,8212,1,8212,False,1438.7747199220653,598.025572333171
1230,1218,113,30136,1,30136,False,1923.2162198035571,1043.673082028139
1231,1219,14,3768,1,3768,False,1427.3301486199575,518.8927813163482
1231,1219,38,15944,1,15944,False,227.08253888610136,810.9490717511289
1231,1219,75,8388,1,8388,False,1437.3173581306628,595.9706723891273
1231,1219,113,28904,1,28904,False,1920.10005535566,1030.5083033490175
1232,1220,14,3840,1,3840,False,1437.59375,517.7541666666667
1232,1220,38,18156,1,18156,False,225.5152015862525,811.809980171844
1232,1220,75,9240,2,9232,False,1437.131168831169,595.5813852813853
1232,1220,113,27520,1,27520,False,1915.9802325581395,1021.3587209302326
1233,1221,14,3680,1,3680,False,1446.9891304347825,516.8173913043478
1233,1221,38,18200,1,18200,False,218.3945054945055,805.3263736263737
1233,1221,75,9416,1,9416,False,1438.1677994902293,589.3861512319456
1233,1221,113,25868,1,25868,False,1910.7724601824648,1009.0566723364775
1234,1222,14,3624,1,3624,False,1455.471302428256,516.1865342163355
1234,1222,38,16920,1,16920,False,211.27588652482268,797.145390070922
1234,1222,75,9472,1,9472,False,1441.3099662162163,587.3344594594595
1234,1222,113,25608,1,25608,False,1903.7461730709153,997.7168072477351
1235,1223,14,3716,1,3716,False,1462.4763186221744,516.7411194833154
1235,1223,38,16260,1,16260,False,206.4562115621156,788.6047970479705
1235,1223,75,10256,1,10256,False,1441.4485179407177,590.4703588143526
1235,1223,113,25388,1,25388,False,1897.6867023790767,980.5973688356704
1236,1224,14,3452,1,3452,False,1471.6332560834298,516.8360370799536
1236,1224,38,17596,1,17596,False,197.44021368492838,775.9662423278018
1236,1224,75,10192,1,10192,False,1442.14442700157,590.5596546310832
1236,1224,113,25088,1,25088,False,1892.641581632653,965.3459821428571
1237,1225,14,3460,1,3460,False,1480.3242774566475,518.2849710982659
1237,1225,38,17860,1,17860,False,187.3703247480403,765.4737961926091
1237,1225,75,10096,1,10096,False,1444.4643423137877,589.8549920760697
1237,1225,113,24684,1,24684,False,1888.804974882515,956.3408685788365
1238,1226,14,3440,1,3440,False,1489.6465116279069,517.5930232558139
1238,1226,38,15980,1,15980,False,179.53128911138924,753.8326658322903
1238,1226,75,10204,1,10204,False,1444.7430419443356,588.7877303018424
1238,1226,113,24036,1,24036,False,1884.3498918289233,948.5842070227991
1239,1227,14,3420,1,3420,False,1497.4497076023392,515.8216374269006
1239,1227,38,17560,1,17560,False,175.0744874715262,733.3984054669704
1239,1227,75,10328,1,10328,False,1445.8307513555383,587.4527498063517
1239,1227,113,22824,1,22824,False,1879.1470382053978,941.7576235541535
1240,1228,14,3392,1,3392,False,1506.8985849056603,513.058962264151
1240,1228,38,17852,1,17852,False,167.43569347972215,720.8410262155501
1240,1228,75,10512,1,10512,False,1447.2534246575342,585.955098934551
1240,1228,113,21832,1,21832,False,1872.4600586295346,934.1148772444119
1241,1229,14,3460,1,3460,False,1510.4236994219652,514.5184971098266
1241,1229,38,16872,1,16872,False,175.23779042200096,709.8949739212898
1241,1229,75,10164,1,10164,False,1447.2642660369934,586.9517906336088
1241,1229,113,21400,1,21400,False,1866.0745794392524,925.9822429906542
1242,1230,14,3564,1,3564,False,1514.0892255892256,515.4405162738497
1242,1230,38,17364,1,17364,False,175.70663441603318,720.3792904860632
1242,1230,75,9444,1,9444,False,1446.7803896653961,585.4479034307496
1242,1230,113,21180,1,21180,False,1860.2167138810198,911.6422096317281
1243,1231,14,3472,1,3472,False,1518.6175115207373,516.573732718894
1243,1231,38,16488,1,16488,False,171.89204269771955,736.6018922852984
1243,1231,75,9444,1,9444,False,1445.8807708598051,585.4902583650995
1243,1231,113,20756,1,20756,False,1855.1829832337637,898.697725958759
1244,1232,14,3520,1,3520,False,1523.4386363636363,517.6045454545455
1244,1232,38,16072,1,16072,False,179.3885017421603,753.0754106520657
1244,1232,75,9048,1,9048,False,1442.0110521662245,586.683908045977
1244,1232,113,20584,1,20584,False,1850.780994947532,890.3390983287991
1245,1233,14,3724,1,3724,False,1526.3238453276047,519.9285714285714
1245,1233,38,15996,1,15996,False,178.49599899974993,758.7015503875969
1245,1233,75,8740,1,8740,False,1439.213043478261,586.4972540045767
1245,1233,113,19920,1,19920,False,1845.6590361445783,884.2116465863454
1246,1234,14,3816,1,3816,False,1531.8123689727463,520.7641509433962
1246,1234,38,17324,1,17324,False,184.80016162549066,765.3570768875549
1246,1234,75,8632,2,8628,False,1435.6714550509732,585.7001853568117
1246,1234,113,19568,1,19568,False,1840.5768601798854,880.5858544562551
1247,1235,14,3724,1,3724,False,1537.859828141783,520.9189044038668
1247,1235,38,17364,1,17364,False,187.2790831605621,770.1452430315595
1247,1235,75,8252,1,8252,False,1431.6507513330102,580.6240911294232
1247,1235,113,19184,1,19184,False,1836.23352793995,877.6330275229358
1248,1236,14,3708,1,3708,False,1543.0091693635384,520.8257820927723
1248,1236,38,16520,1,16520,False,191.80266343825667,780.4496368038741
1248,1236,75,8364,1,8364,False,1430.239837398374,579.1044954567193
1248,1236,113,18940,1,18940,False,1830.5468848996832,875.843611404435
1249,1237,14,3788,1,3788,False,1549.991024287223,519.9192185850053
1249,1237,38,14556,1,14556,False,198.31203627370158,789.250755702116
1249,1237,75,8392,2,8388,False,1431.5409914204004,576.6849380362249
1249,1237,113,18684,1,18684,False,1823.2261828302292,869.1743737957611
1250,1238,14,3600,1,3600,False,1556.168888888889,518.8777777777777
1250,1238,38,14900,1,14900,False,196.355033557047,787.1281879194631
1250,1238,75,8996,1,8996,False,1435.4124055135617,575.6542907959093
1250,1238,113,18644,1,18644,False,1814.703818922978,862.7523063720232
1251,1239,14,3552,1,3552,False,1560.9256756756756,518.8761261261261
1251,1239,38,14712,1,14712,False,197.74415443175639,786.7539423599783
1251,1239,75,9228,1,9228,False,1438.2841352405721,573.9390983961855
1251,1239,113,18548,1,18548,False,1807.0512184602114,852.8118395514341
1252,1240,14,3556,1,3556,False,1564.484251968504,519.2761529808774
1252,1240,38,15396,1,15396,False,194.65224733697065,777.1318524292024
1252,1240,75,9060,1,9060,False,1437.7883002207504,572.9256070640176
1252,1240,113,18324,1,18324,False,1800.0708360619951,844.2236411263916
1253,1241,14,3516,1,3516,False,1567.9470989761091,520.4908987485779
1253,1241,38,17204,1,17204,False,186.63717740060451,761.8996744943037
1253,1241,75,9252,1,9252,False,1440.2025507998271,572.7732382187635
1253,1241,113,18140,1,18140,False,1795.4486218302095,840.5939360529218
1254,1242,14,3524,1,3524,False,1570.5340522133938,521.7826333711691
1254,1242,38,16944,1,16944,False,185.92823418319168,760.5467422096317
1254,1242,75,8704,1,8704,False,1438.985294117647,570.5367647058823
1254,1242,113,17740,1,17740,False,1790.8918827508455,836.5496054114994
1255,1243,14,3496,1,3496,False,1573.3810068649886,522.2185354691076
1255,1243,38,15916,1,15916,False,185.6088213118874,757.8500879617994
1255,1243,75,8656,1,8656,False,1440.2439926062846,568.8022181146026
1255,1243,113,17432,2,17420,False,1786.8295089490591,833.3636989444699
1256,1244,14,3412,1,3412,False,1575.7028135990622,522.2749120750293
1256,1244,38,15564,1,15564,False,185.80866101259318,757.0155487021332
1256,1244,75,9116,1,9116,False,1439.6864853005704,571.135366388767
1256,1244,113,16944,1,16944,False,1783.570821529745,831.0080264400377
1257,1245,14,3452,1,3452,False,1577.5753186558518,522.7224797219003
1257,1245,38,15884,1,15884,False,186.21342231176027,757.420674892974
1257,1245,75,9128,1,9128,False,1439.6419807186678,570.6717791411043
1257,1245,113,16948,1,16948,False,1779.9042954920935,829.9585791833845
1258,1246,14,3412,1,3412,False,1579.5269636576788,523.5457209847597
1258,1246,38,16080,1,16080,False,186.70099502487562,759.0547263681592
1258,1246,75,9084,1,9084,False,1441.7364597093792,569.2503302509907
1258,1246,113,16372,2,16340,False,1774.9730026875152,825.908746640606
1259,1247,14,3424,1,3424,False,1580.8971962616822,523.8714953271028
1259,1247,38,15352,1,15352,False,185.5635747785305,758.5057321521626
1259,1247,75,9112,1,9112,False,1442.8380158033362,568.5570676031607
1259,1247,113,17100,1,17100,False,1767.9690058479532,819.1292397660819
1260,1248,14,3468,1,3468,False,1582.08708189158,523.8771626297578
1260,1248,38,14948,1,14948,False,184.3929622691999,756.6723307465882
1260,1248,75,9200,1,9200,False,1442.5278260869566,568.5486956521739
1260,1248,113,16912,2,16896,False,1762.085619678335,812.670766319773
1261,1249,14,3496,1,3496,False,1582.1178489702518,524.2803203661327
1261,1249,38,14968,1,14968,False,183.64537680384822,753.266969535008
1261,1249,75,9020,2,9012,False,1439.3762749445677,569.3736141906874
1261,1249,113,16592,2,16580,False,1756.8269045323048,803.6089681774349
1262,1250,14,3472,2,3468,False,1583.942396313364,524.052995391705
1262,1250,38,15388,1,15388,False,181.92396672732,746.7552638419547
1262,1250,75,8212,1,8212,False,1434.0801266439357,564.7123721383341
1262,1250,113,16360,2,16132,False,1751.219315403423,800.5782396088019
1263,1251,14,3464,1,3464,False,1584.7609699769052,524.6316397228637
1263,1251,38,15440,1,15440,False,182.6699481865285,745.419689119171
1263,1251,75,7148,1,7148,False,1431.1558477895915,558.5100727476217
1263,1251,113,15956,2,15496,False,1746.8289044873402,799.5193030834796
1264,1252,14,3452,1,3452,False,1585.8186558516802,524.0921205098493
1264,1252,38,15564,1,15564,False,184.44191724492418,742.1885119506553
1264,1252,75,7592,2,7588,False,1430.9193888303478,556.5263435194942
1264,1252,113,15868,1,15868,False,1743.1458280816737,798.5393244265188
1265,1253,14,3440,1,3440,False,1586.6046511627908,524.3139534883721
1265,1253,38,15484,1,15484,False,183.93528803926634,738.3367346938776
1265,1253,75,7952,1,7952,False,1431.11569416499,554.7897384305835
1265,1253,113,15596,2,15256,False,1739.2991792767377,796.6908181585022
1266,1254,14,3504,1,3504,False,1586.7191780821918,525.0091324200913
1266,1254,38,15916,1,15916,False,181.86466448856496,734.0114350339281
1266,1254,75,7856,1,7856,False,1428.8961303462322,554.0234215885947
1266,1254,113,15476,2,15144,False,1734.4348668906694,795.9603256655466
1267,1255,14,3520,1,3520,False,1586.9386363636363,525.1568181818182
1267,1255,38,15740,1,15740,False,177.73405336721729,729.2883100381194
1267,1255,75,7928,1,7928,False,1424.9056508577194,552.4303733602421
1267,1255,113,14920,1,14920,False,1728.1445040214478,792.760053619303
1268,1256,14,3536,1,3536,False,1587.497737556561,525.316742081448
1268,1256,38,15488,1,15488,False,177.11776859504133,724.9390495867768
1268,1256,75,8308,1,8308,False,1425.5938854116514,551.0055368319692
1268,1256,113,15252,2,15192,False,1720.0646472593758,791.0208497246263
1269,1257,14,3504,1,3504,False,1588.0890410958905,525.1643835616438
1269,1257,38,15992,1,15992,False,178.72661330665332,725.4619809904952
1269,1257,75,7984,1,7984,False,1426.8697394789579,550.436873747495
1269,1257,113,15040,2,14852,False,1710.4202127659576,788.8473404255319
1270,1258,14,3480,1,3480,False,1588.6149425287356,525.2402298850575
1270,1258,38,14380,1,14380,False,178.16397774687064,735.7356050069541
1270,1258,75,8348,1,8348,False,1428.5929563967418,552.6389554384284
1270,1258,113,15500,4,15124,False,1701.6034838709677,786.7405161290322
1271,1259,14,3488,1,3488,False,1589.0298165137615,525.3394495412844
1271,1259,38,13968,1,13968,False,177.90148911798397,740.9833906071019
1271,1259,75,8076,1,8076,False,1431.4549281822685,552.3098068350669
1271,1259,113,14844,2,14644,False,1690.9710320668285,780.799110751819
1272,1260,14,3520,1,3520,False,1589.4818181818182,525.2431818181818
1272,1260,38,13896,1,13896,False,178.7216465169833,739.7533103051238
1272,1260,75,8100,1,8100,False,1434.431851851852,552.0990123456791
1272,1260,113,14632,1,14632,False,1681.912247129579,778.3480043739748
1273,1261,14,3744,1,3744,False,1588.9871794871794,528.2371794871794
1273,1261,38,13996,1,13996,False,185.98728208059447,738.4005430122892
1273,1261,75,8040,1,8040,False,1436.3467661691543,551.4870646766169
1273,1261,113,14496,2,14460,False,1675.3890728476822,779.0860927152318
1274,1262,14,3748,1,3748,False,1588.986659551761,528.3911419423692
1274,1262,38,13696,1,13696,False,185.90595794392524,735.6442757009346
1274,1262,75,7592,1,7592,False,1438.3851422550053,547.8677555321391
1274,1262,113,14156,2,14136,False,1668.522040124329,777.320570782707
1275,1263,14,3740,1,3740,False,1589.3513368983956,528.4550802139038
1275,1263,38,13612,1,13612,False,187.93285336467824,742.189097854834
1275,1263,75,7332,1,7332,False,1439.714402618658,546.778232405892
1275,1263,113,14648,1,14648,False,1659.3296013107592,778.49235390497
1276,1264,14,3716,1,3716,False,1589.6862217438106,528.4268030139935
1276,1264,38,13300,1,13300,False,187.96225563909775,740.4807518796993
1276,1264,75,7148,1,7148,False,1441.6046446558478,545.5654728595412
1276,1264,113,13660,2,13648,False,1650.9058565153734,775.3538799414348
1277,1265,14,3752,1,3752,False,1589.7366737739871,528.7217484008529
1277,1265,38,13068,1,13068,False,188.09840832568105,741.4984695439241
1277,1265,75,7072,1,7072,False,1442.252262443439,545.5022624434389
1277,1265,113,13040,1,13040,False,1639.316564417178,777.7435582822086
1278,1266,14,3848,1,3848,False,1589.7536382536382,529.6621621621622
1278,1266,38,12976,1,12976,False,189.9260172626387,747.3914919852034
1278,1266,75,7228,1,7228,False,1442.2078029883785,545.8082457111234
1278,1266,113,13188,1,13188,False,1625.128450106157,776.8942978465271
1279,1267,14,3824,1,3824,False,1589.897489539749,529.3096234309623
1279,1267,38,13156,1,13156,False,188.86181210094253,744.9086348434174
1279,1267,75,7372,1,7372,False,1442.2927292457948,546.0941399891482
1279,1267,113,12684,1,12684,False,1609.7860296436456,782.4703563544623
1280,1268,14,3808,1,3808,False,1590.0084033613446,529.3046218487395
1280,1268,38,13392,1,13392,False,189.90322580645162,739.8142174432497
1280,1268,75,7244,1,7244,False,1442.4690778575373,545.4696300386527
1280,1268,113,12720,1,12720,False,1594.4157232704401,784.6301886792453
1281,1269,14,3796,1,3796,False,1590.09114857745,528.9699683877766
1281,1269,38,13620,1,13620,False,190.77312775330395,736.7472834067547
1281,1269,75,7184,1,7184,False,1443.5824053452116,543.5256124721603
1281,1269,113,12540,1,12540,False,1578.2984051036683,784.9395534290271
1282,1270,14,3796,1,3796,False,1590.1986301369864,528.9741833508957
1282,1270,38,14080,1,14080,False,189.8278409090909,725.1806818181818
1282,1270,75,7840,1,7840,False,1445.8173469387755,544.234693877551
1282,1270,113,12816,1,12816,False,1564.925717852684,786.3714107365793
1283,1271,14,3864,1,3864,False,1590.2101449275362,529.4358178053831
1283,1271,38,13608,1,13608,False,185.8480305702528,711.9027042915932
1283,1271,75,6924,1,6924,False,1451.4867128827268,539.812536106297
1283,1271,113,13000,1,13000,False,1552.66,789.2876923076923
1284,1272,14,3864,1,3864,False,1590.1356107660456,529.4668737060041
1284,1272,38,13016,1,13016,False,184.06238475722188,703.3076213890596
1284,1272,75,6364,1,6364,False,1458.7212445003142,541.0744814582024
1284,1272,113,13116,1,13116,False,1539.1093321134492,796.0901189387008
1285,1273,14,3860,1,3860,False,1590.1663212435233,529.5424870466321
1285,1273,38,11940,1,11940,False,178.68157453936348,694.0356783919598
1285,1273,75,5384,1,5384,False,1464.2964338781576,542.0839524517088
1285,1273,113,13864,1,13864,False,1526.2207155222159,803.6742642815926
1286,1274,14,3864,1,3864,False,1590.131469979296,529.5766045548654
1286,1274,38,11540,1,11540,False,176.8792027729636,694.6469670710572
1286,1274,75,4732,1,4732,False,1470.834742180896,540.3123415046492
1286,1274,113,13496,1,13496,False,1511.4217545939537,814.169828097214
1287,1275,14,3828,1,3828,False,1590.1280041797284,529.5512016718914
1287,1275,38,11624,1,11624,False,176.90467997247075,703.134549208534
1287,1275,75,4160,1,4160,False,1474.498076923077,541.775
1287,1275,113,13864,1,13864,False,1493.9258511252165,821.4255626081939
1288,1276,14,3812,1,3812,False,1589.4380902413432,531.110703043022
1288,1276,38,12628,1,12628,False,183.12527716186253,705.8899271460247
1288,1276,75,4256,1,4256,False,1475.6221804511279,542.327067669173
1288,1276,113,13968,1,13968,False,1475.1649484536083,826.4495990836197
1289,1277,14,3916,1,3916,False,1589.4948927477017,532.9800817160368
1289,1277,38,11896,1,11896,False,187.29623402824478,713.219569603228
1289,1277,75,4948,1,4948,False,1476.9300727566695,543.5476960388036
1289,1277,113,14476,1,14476,False,1457.268720641061,830.6519756838906
1290,1278,14,3892,1,3892,False,1590.5575539568345,533.1187050359712
1290,1278,38,12176,1,12176,False,194.42772667542707,723.1287779237845
1290,1278,75,5000,1,5000,False,1479.2216,537.3208
1290,1278,113,14216,1,14216,False,1437.8691615081598,835.9265616207091
1291,1279,14,3876,1,3876,False,1592.1511867905056,532.6114551083591
1291,1279,38,12796,1,12796,False,195.30900281337918,724.9295092216317
1291,1279,75,5728,1,5728,False,1478.1871508379888,537.268156424581
1291,1279,113,13388,1,13388,False,1414.135494472662,846.4259037944428
1292,1280,14,3840,1,3840,False,1595.6458333333333,530.9854166666667
1292,1280,38,12692,3,12628,False,196.64056098329655,727.17507091081
1292,1280,75,5900,1,5900,False,1481.6213559322034,535.2918644067796
1292,1280,113,14040,1,14040,False,1388.6965811965813,855.6521367521367
1293,1281,14,3840,1,3840,False,1598.64375,531.1270833333333
1293,1281,38,13188,1,13188,False,197.267364270549,726.7250530785562
1293,1281,75,6184,1,6184,False,1484.9333764553687,533.9333764553687
1293,1281,113,14648,1,14648,False,1367.2504096122339,864.3563626433643
1294,1282,14,3900,2,3876,False,1601.845641025641,532.7564102564103
1294,1282,38,12464,1,12464,False,200.81835686777922,730.8562259306804
1294,1282,75,6384,1,6384,False,1486.8182957393483,534.795739348371
1294,1282,113,15212,1,15212,False,1349.9151985274782,873.3929792269261
1295,1283,14,3912,1,3912,False,1604.7515337423313,536.0828220858896
1295,1283,38,11572,1,11572,False,206.36104389906671,740.7371240926374
1295,1283,75,6556,1,6556,False,1487.4029896278219,534.7196461256864
1295,1283,113,15880,1,15880,False,1330.8869017632242,884.1010075566751
1296,1284,14,3904,1,3904,False,1611.0860655737704,536.4323770491803
1296,1284,38,11980,1,11980,False,208.44457429048413,743.2699499165276
1296,1284,75,7104,1,7104,False,1489.730855855856,534.9132882882883
1296,1284,113,15316,1,15316,False,1312.6890833115697,898.2513711151737
1297,1285,14,3816,1,3816,False,1617.9905660377358,535.437106918239
1297,1285,38,11664,1,11664,False,207.52400548696846,741.0233196159122
1297,1285,75,7156,1,7156,False,1490.6442146450531,533.8828954723309
1297,1285,113,16024,1,16024,False,1293.9922616075887,916.273339990015
1298,1286,14,4028,1,4028,False,1622.027308838133,537.3977159880834
1298,1286,38,12080,1,12080,False,208.80860927152318,735.8490066225165
1298,1286,75,7060,1,7060,False,1491.1379603399434,532.6756373937677
1298,1286,113,17700,1,17700,False,1273.0473446327683,927.4048587570621
1299,1287,14,3748,1,3748,False,1627.4669156883672,536.9866595517609
1299,1287,38,11952,1,11952,False,209.90227576974564,733.8360107095046
1299,1287,75,6952,1,6952,False,1491.5172612197928,533.361910241657
1299,1287,113,18300,1,18300,False,1252.9834972677595,939.1701639344262
1300,1288,14,3692,2,3688,False,1632.6820151679306,537.2497291440953
1300,1288,38,11948,1,11948,False,208.9539671911617,727.6971878138601
1300,1288,75,6928,1,6928,False,1492.080831408776,534.8383371824481
1300,1288,113,18984,1,18984,False,1232.9285714285713,956.3276443320691
1301,1289,14,3284,2,3276,False,1639.805724725944,534.7143727161997
1301,1289,38,13116,1,13116,False,204.49512046355596,719.4978652028058
1301,1289,75,7024,1,7024,False,1491.989749430524,535.2414578587699
1301,1289,113,18964,1,18964,False,1208.7484707867538,969.453807213668
1302,1290,14,3240,2,3228,False,1645.9493827160493,535.2086419753086
1302,1290,38,13504,1,13504,False,204.86789099526067,720.8868483412323
1302,1290,75,7040,1,7040,False,1492.2647727272727,536.0454545454545
1302,1290,113,18124,1,18124,False,1184.9895166629883,990.7352681527257
1303,1291,14,3356,1,3356,False,1653.2342073897496,538.4570917759237
1303,1291,38,13500,1,13500,False,204.6499259259259,720.081037037037
1303,1291,75,7236,1,7236,False,1492.6160862354893,537.0373134328358
1303,1291,113,19620,1,19620,False,1159.0410805300714,1011.620489296636
1304,1292,14,3412,1,3412,False,1659.3089097303634,538.8798358733881
1304,1292,38,13592,1,13592,False,204.302825191289,721.9072984108299
1304,1292,75,7196,1,7196,False,1492.724569205114,537.3904947192885
1304,1292,113,21588,2,21552,False,1138.288030387252,1029.9682230869
1305,1293,14,3452,1,3452,False,1665.6448435689456,539.2439165701043
1305,1293,38,13408,1,13408,False,201.58770883054893,721.6103818615752
1305,1293,75,7128,1,7128,False,1493.4539842873176,538.7558922558923
1305,1293,113,23300,1,23300,False,1122.9236909871245,1046.3842918454936
1306,1294,14,3320,1,3320,False,1671.1144578313254,538.3674698795181
1306,1294,38,12984,1,12984,False,199.26648182378312,718.718730745533
1306,1294,75,7064,1,7064,False,1493.041336353341,539.271234428086
1306,1294,113,25152,2,24744,False,1103.3918575063612,1074.8705470737912
1307,1295,14,2788,2,2760,False,1677.1398852223817,536.9045911047345
1307,1295,38,13268,1,13268,False,195.5153753391619,714.7068133855894
1307,1295,75,6232,1,6232,False,1493.3973042362002,539.5962772785623
1307,1295,113,27932,1,27932,False,1085.296219389947,1106.0199770872118
1308,1296,14,2652,1,2652,False,1680.7956259426849,537.0188536953243
1308,1296,38,13248,1,13248,False,192.96376811594203,714.221618357488
1308,1296,75,6300,1,6300,False,1494.2307936507937,541.8180952380952
1308,1296,113,29800,1,29800,False,1062.9220134228187,1139.2948993288592
1309,1297,14,2956,1,2956,False,1679.3633288227334,540.0615696887686
1309,1297,38,13296,1,13296,False,190.2809867629362,711.9277978339351
1309,1297,75,6388,1,6388,False,1496.6352536005008,543.4380087664371
1309,1297,113,30728,1,30728,False,1037.252928924759,1163.788206196303
1310,1298,14,3000,1,3000,False,1682.4573333333333,539.972
1310,1298,38,12332,1,12332,False,188.67580278949075,717.7526759649692
1310,1298,75,5552,1,5552,False,1502.801152737752,543.7896253602305
1310,1298,113,31912,1,31912,False,1021.7108297819002,1182.0973928302833
1311,1299,14,3212,1,3212,False,1683.3318804483188,542.579701120797
1311,1299,38,11764,1,11764,False,188.32250935056103,728.6754505270317
1311,1299,75,5456,1,5456,False,1508.1099706744867,546.2360703812317
1311,1299,113,32768,1,32768,False,996.292236328125,1204.883544921875
1312,1300,14,3292,1,3292,False,1685.5571081409478,543.3432563791008
1312,1300,38,12304,1,12304,False,186.9967490247074,730.129388816645
1312,1300,75,5408,1,5408,False,1511.1198224852071,547.9585798816568
1312,1300,113,34752,1,34752,False,966.5048342541437,1237.2279005524863
1313,1301,14,3236,1,3236,False,1690.2849196538937,542.4752781211372
1313,1301,38,12724,1,12724,False,187.12181703866707,734.5924237661113
1313,1301,75,5428,1,5428,False,1514.023949889462,549.0232129697863
1313,1301,113,38884,1,38884,False,933.9286596029215,1258.0778212118096
1314,1302,14,3184,1,3184,False,1692.8819095477386,542.9497487437186
1314,1302,38,13312,1,13312,False,187.00060096153845,737.1598557692307
1314,1302,75,5488,1,5488,False,1515.4620991253644,550.567055393586
1314,1302,113,40572,1,40572,False,922.4489302967564,1267.8851917578625
1315,1303,14,3168,1,3168,False,1696.7525252525252,542.3181818181819
1315,1303,38,13428,1,13428,False,185.26675603217157,737.3316949657432
1315,1303,75,5592,1,5592,False,1517.0665236051502,552.3068669527897
1315,1303,113,42640,1,42640,False,912.3060037523452,1277.8330206378987
1316,1304,14,3100,2,3092,False,1699.7567741935484,543.8187096774194
1316,1304,38,12728,1,12728,False,186.10842237586422,738.4013199245758
1316,1304,75,5400,1,5400,False,1518.4125925925925,554.5903703703704
1316,1304,113,44272,1,44272,False,900.9546440187929,1288.0964943982653
1317,1305,14,2988,1,2988,False,1701.7797858099063,545.0943775100402
1317,1305,38,13216,1,13216,False,185.54237288135593,733.0290556900726
1317,1305,75,5880,1,5880,False,1522.4972789115645,557.8455782312925
1317,1305,113,45916,1,45916,False,893.9536109417197,1296.419853645788
1318,1306,14,3144,1,3144,False,1704.7442748091603,545.6959287531806
1318,1306,38,13216,1,13216,False,182.66707021791768,732.0314769975787
1318,1306,75,6116,1,6116,False,1525.0964682799215,558.9787442773054
1318,1306,113,47520,1,47520,False,882.6851851851852,1305.3801346801347
1319,1307,14,3080,1,3080,False,1707.0792207792208,547.5285714285715
1319,1307,38,12936,1,12936,False,183.0633889919604,731.965058750773
1319,1307,75,6216,1,6216,False,1527.0353925353925,559.0611325611326
1319,1307,113,48712,1,48712,False,868.1682542289374,1313.029643619642
1320,1308,14,2948,1,2948,False,1711.28697421981,549.8215739484397
1320,1308,38,12736,1,12736,False,183.68090452261308,731.8561557788945
1320,1308,75,6216,1,6216,False,1529.2335907335907,560.8642213642214
1320,1308,113,50772,1,50772,False,854.5195383282124,1315.5426219175924
1321,1309,14,2832,1,2832,False,1713.9774011299435,550.7090395480226
1321,1309,38,12984,1,12984,False,185.0569932224276,736.3133086876155
1321,1309,75,6264,1,6264,False,1531.360791826309,562.1449553001277
1321,1309,113,53592,1,53592,False,840.1271085236602,1319.5309001343485
1322,1310,14,2720,1,2720,False,1718.1529411764707,549.314705882353
1322,1310,38,12440,1,12440,False,187.89421221864953,747.1353697749196
1322,1310,75,6048,1,6048,False,1534.0661375661375,563.3333333333334
1322,1310,113,55824,1,55824,False,834.2006305531671,1325.237317282889
1323,1311,14,2840,1,2840,False,1720.6464788732394,550.5647887323944
1323,1311,38,12900,1,12900,False,189.16356589147287,746.802015503876
1323,1311,75,6436,1,6436,False,1538.925108763207,570.322249844624
1323,1311,113,56648,1,56648,False,826.4364496540037,1329.5901002683238
1324,1312,14,2912,1,2912,False,1722.9368131868132,551.4038461538462
1324,1312,38,13232,1,13232,False,188.28899637243046,747.8022974607013
1324,1312,75,6376,1,6376,False,1541.9040150564617,572.5125470514429
1324,1312,113,57352,1,57352,False,819.7417352489887,1333.5228762728414
1325,1313,14,2904,1,2904,False,1724.6955922865013,552.034435261708
1325,1313,38,12732,1,12732,False,190.01429469054352,751.0133521834747
1325,1313,75,6352,1,6352,False,1544.7090680100755,573.5037783375315
1325,1313,113,58664,1,58664,False,816.7300559116323,1337.0858448111278
1326,1314,14,2852,2,2840,False,1726.547685834502,552.8506311360449
1326,1314,38,10876,1,10876,False,195.54155939683707,761.1568591393894
1326,1314,75,5972,1,5972,False,1546.2039517749497,570.6393168117884
1326,1314,113,60036,1,60036,False,809.0492704377374,1338.1295555999734
1327,1315,14,2892,2,2872,False,1728.109958506224,554.1597510373444
1327,1315,38,10904,1,10904,False,195.38041085840058,759.3385913426266
1327,1315,75,6112,1,6112,False,1547.7251308900525,570.270942408377
1327,1315,113,61004,1,61004,False,799.4166612025441,1333.1887417218543
1328,1316,14,2960,2,2932,False,1729.627027027027,555.1108108108108
1328,1316,38,11020,1,11020,False,193.32976406533575,748.2676950998185
1328,1316,75,6136,1,6136,False,1548.893741851369,571.648631029987
1328,1316,113,61080,2,60976,False,790.1246234446627,1329.190897184021
1329,1317,14,3024,2,2988,False,1730.962962962963,557.0132275132275
1329,1317,38,12660,1,12660,False,185.87567140600316,735.7341232227488
1329,1317,75,6160,1,6160,False,1549.0220779220779,573.248051948052
1329,1317,113,59976,2,59544,False,777.9156329198346,1324.5665599573163
1330,1318,14,3012,2,2980,False,1732.3353253652058,558.4256308100929
1330,1318,38,12948,1,12948,False,186.5463392029657,737.098702502317
1330,1318,75,5988,1,5988,False,1549.5901803607214,574.4144956579827
1330,1318,113,57764,3,57740,False,766.3540267294509,1319.11754726127
1331,1319,14,3036,1,3036,False,1733.7305665349143,560.3129117259552
1331,1319,38,13212,1,13212,False,186.67135937026944,739.4312745988495
1331,1319,75,5916,1,5916,False,1548.9935767410414,575.4033130493576
1331,1319,113,56420,1,56420,False,751.2224388514711,1313.0939737681674
1332,1320,14,2988,1,2988,False,1735.7342704149933,561.6700133868809
1332,1320,38,12832,1,12832,False,185.51745635910225,743.606608478803
1332,1320,75,5848,1,5848,False,1549.408344733242,576.5683994528043
1332,1320,113,57192,1,57192,False,728.7217093299762,1296.8940411246328
1333,1321,14,2956,1,2956,False,1738.2726657645467,560.5676589986468
1333,1321,38,12052,1,12052,False,185.4943577829406,750.890972452705
1333,1321,75,6000,1,6000,False,1548.9373333333333,578.06
1333,1321,113,57712,1,57712,False,713.9184918214582,1285.8364291655116
1334,1322,14,2904,1,2904,False,1740.6818181818182,560.4449035812672
1334,1322,38,12672,1,12672,False,185.14078282828282,748.4097222222222
1334,1322,75,5780,1,5780,False,1549.30830449827,578.6314878892733
1334,1322,113,57776,1,57776,False,702.8123788424259,1278.5668789808917
1335,1323,14,2904,1,2904,False,1742.9214876033059,561.2988980716253
1335,1323,38,12096,1,12096,False,184.69907407407408,742.7645502645503
1335,1323,75,6124,1,6124,False,1548.2008491182235,581.8507511430438
1335,1323,113,56628,2,56408,False,690.6720703538886,1274.9964328600693
1336,1324,14,2976,1,2976,False,1745.2876344086021,563.9381720430108
1336,1324,38,11068,1,11068,False,188.47831586555836,747.5227683411637
1336,1324,75,5960,1,5960,False,1547.5818791946308,583.7885906040268
1336,1324,113,55948,2,55644,False,679.9893829984986,1272.4742618145422
1337,1325,14,3080,1,3080,False,1748.4116883116883,566.4168831168831
1337,1325,38,9992,1,9992,False,189.49519615692554,745.5864691753403
1337,1325,75,5788,1,5788,False,1545.1385625431928,585.10400829302
1337,1325,113,55380,2,55080,False,669.6784759841098,1271.4453232213796
1338,1326,14,3104,1,3104,False,1752.8865979381444,569.0154639175257
1338,1326,38,9740,1,9740,False,188.0195071868583,738.2872689938398
1338,1326,75,5976,1,5976,False,1541.313922356091,585.781124497992
1338,1326,113,54356,2,54200,False,657.9021635146074,1269.7998748988152
1339,1327,14,3120,1,3120,False,1758.428205128205,571.0589743589744
1339,1327,38,9824,1,9824,False,191.06351791530943,726.9991856677525
1339,1327,75,6484,1,6484,False,1538.308760024676,587.0885256014806
1339,1327,113,53332,1,53332,False,640.3865971649291,1261.0479636990924
1340,1328,14,3164,1,3164,False,1763.6125158027812,572.0423514538559
1340,1328,38,9244,1,9244,False,196.3866291648637,718.4437472955431
1340,1328,75,6844,1,6844,False,1538.3609000584454,588.4555815312683
1340,1328,113,53364,1,53364,False,622.9392474327262,1247.9929915298703
1341,1329,14,3196,1,3196,False,1767.4436795994993,573.3235294117648
1341,1329,38,8540,1,8540,False,198.9,718.0540983606558
1341,1329,75,7068,1,7068,False,1539.133842671194,590.3019241652519
1341,1329,113,54232,1,54232,False,610.0978757928898,1238.4378964449033
1342,1330,14,3276,1,3276,False,1770.5586080586081,575.4792429792429
1342,1330,38,9408,1,9408,False,204.09013605442178,718.6062925170068
1342,1330,75,7136,1,7136,False,1539.8991031390135,592.9170403587444
1342,1330,113,52972,2,52876,False,599.3348561504191,1231.621196103602
1343,1331,14,3296,1,3296,False,1772.5655339805826,577.3495145631068
1343,1331,38,9912,1,9912,False,215.1723163841808,714.3385794995964
1343,1331,75,7304,1,7304,False,1539.4134720700986,596.0345016429354
1343,1331,113,52200,2,52112,False,591.4822222222223,1227.4459003831419
1344,1332,14,3372,1,3372,False,1774.7419928825623,578.8843416370107
1344,1332,38,10748,1,10748,False,226.7813546706364,710.6756605880164
1344,1332,75,7584,1,7584,False,1537.918776371308,597.9419831223629
1344,1332,113,50872,2,50800,False,585.7379304922158,1223.1735335744615
1345,1333,14,3360,2,3332,False,1775.4666666666667,579.8333333333334
1345,1333,38,10180,1,10180,False,237.40766208251475,712.8944990176817
1345,1333,75,7756,1,7756,False,1534.3380608561115,598.8506962351728
1345,1333,113,49364,2,49260,False,578.9468033384652,1217.7490073737947
1346,1334,14,3360,1,3360,False,1776.3119047619048,580.1071428571429
1346,1334,38,10384,1,10384,False,246.1864406779661,713.8451463790446
1346,1334,75,7880,1,7880,False,1531.3832487309644,599.8279187817259
1346,1334,113,48080,1,48080,False,573.7091514143095,1212.5595673876871
1347,1335,14,3384,1,3384,False,1776.8640661938534,581.0011820330969
1347,1335,38,9256,1,9256,False,261.6936041486603,714.3435609334485
1347,1335,75,8036,1,8036,False,1528.3377302140368,604.6463414634146
1347,1335,113,47328,1,47328,False,564.2716362407032,1198.6612576064908
1348,1336,14,3372,1,3372,False,1777.2758007117438,580.4596678529063
1348,1336,38,8148,2,8132,False,281.0488463426608,708.8141875306824
1348,1336,75,8144,1,8144,False,1528.712180746562,608.1699410609037
1348,1336,113,46572,1,46572,False,554.8423516275874,1182.599974233445
1349,1337,14,3476,1,3476,False,1777.8187571921749,580.6104718066744
1349,1337,38,9048,1,9048,False,301.841290893015,705.1454465075154
1349,1337,75,8220,1,8220,False,1532.1642335766423,611.547201946472
1349,1337,113,46408,2,46288,False,548.8201172211689,1171.882175486985
1350,1338,14,3416,1,3416,False,1778.3946135831382,579.5374707259953
1350,1338,38,9100,1,9100,False,319.74659340659343,704.0032967032967
1350,1338,75,8784,1,8784,False,1539.594717668488,614.6757741347906
1350,1338,113,45172,2,45000,False,542.5680067298326,1163.7478526520854
1351,1339,14,3436,1,3436,False,1778.6210710128055,580.325378346915
1351,1339,38,9180,1,9180,False,342.60806100217866,698.1967320261438
1351,1339,75,8740,1,8740,False,1549.2926773455379,614.1045766590389
1351,1339,113,44404,2,44168,False,538.6428700117107,1159.661336816503
1352,1340,14,3492,1,3492,False,1778.8917525773195,581.6729667812142
1352,1340,38,9280,1,9280,False,371.0293103448276,695.3948275862069
1352,1340,75,8988,1,8988,False,1557.2334223408989,614.8035157988429
1352,1340,113,43848,2,43612,False,535.0232621784346,1157.4330414158003
1353,1341,14,3576,1,3576,False,1779.3881431767338,582.8221476510067
1353,1341,38,9628,1,9628,False,396.36456169505607,698.9503531366847
1353,1341,75,8696,2,8660,False,1558.418123275069,615.8679852805888
1353,1341,113,43388,2,43152,False,531.7156356596294,1156.4240342951969
1354,1342,14,3768,1,3768,False,1780.1496815286623,586.1687898089172
1354,1342,38,8664,1,8664,False,416.6865189289012,699.4759926131118
1354,1342,75,8856,1,8856,False,1570.0916892502257,617.5099367660343
1354,1342,113,41968,2,41768,False,527.7560045749142,1155.2466641250476
1355,1343,14,3820,1,3820,False,1781.0905759162304,586.7115183246074
1355,1343,38,9132,1,9132,False,432.24770039421816,700.4605781865965
1355,1343,75,8496,1,8496,False,1576.2325800376648,617.5621468926554
1355,1343,113,41068,2,40868,False,523.0429044511542,1153.393347618584
1356,1344,14,3888,1,3888,False,1782.2139917695474,586.3600823045267
1356,1344,38,9572,1,9572,False,442.6897200167154,704.4707480150439
1356,1344,75,8172,1,8172,False,1582.4970631424376,616.008565834557
1356,1344,113,41036,2,40820,False,520.6117067940345,1155.3363388244468
1357,1345,14,4016,1,4016,False,1782.480079681275,586.296812749004
1357,1345,38,9568,1,9568,False,458.1354515050167,704.6772575250836
1357,1345,75,8076,1,8076,False,1586.3107974244676,616.3424962852897
1357,1345,113,41408,1,41408,False,515.6920401854715,1155.7787867078825
1358,1346,14,4048,1,4048,False,1782.9762845849802,586.3537549407115
1358,1346,38,9764,1,9764,False,470.16571077427284,705.5380991396969
1358,1346,75,8460,1,8460,False,1588.3609929078013,616.6446808510639
1358,1346,113,41828,1,41828,False,511.15468107487806,1153.773596633834
1359,1347,14,4144,1,4144,False,1783.5675675675675,586.6293436293437
1359,1347,38,10136,1,10136,False,487.3011049723757,708.8851617995265
1359,1347,75,8436,1,8436,False,1592.1908487434803,617.2567567567568
1359,1347,113,42144,1,42144,False,507.3287775246773,1150.7953682611997
1360,1348,14,4160,1,4160,False,1784.1173076923078,586.7192307692308
1360,1348,38,10472,1,10472,False,501.988922841864,713.6902215431627
1360,1348,75,8272,1,8272,False,1598.592843326886,617.5473887814313
1360,1348,113,42004,1,42004,False,507.1393676792686,1150.8546328921054
1361,1349,14,4268,1,4268,False,1784.7680412371135,587.0716963448922
1361,1349,38,9936,1,9936,False,513.9677938808373,721.8470209339774
1361,1349,75,8676,1,8676,False,1607.6553711387737,619.145458736745
1361,1349,113,42248,1,42248,False,507.60982768415073,1151.103862904753
1362,1350,14,4224,1,4224,False,1785.159090909091,586.842803030303
1362,1350,38,9192,1,9192,False,522.9020887728459,732.5304612706701
1362,1350,75,8768,1,8768,False,1612.1295620437957,618.8512773722628
1362,1350,113,42288,1,42288,False,508.251608021188,1151.0370790768065
1363,1351,14,4252,1,4252,False,1785.7869238005644,587.0475070555033
1363,1351,38,9692,1,9692,False,526.6345439537763,743.8107717705324
1363,1351,75,9140,1,9140,False,1615.6947483588622,619.0522975929978
1363,1351,113,42172,1,42172,False,509.6017736887034,1151.2887697998672
1364,1352,14,4248,1,4248,False,1786.5941619585687,586.8992467043314
1364,1352,38,9464,1,9464,False,533.2455621301775,746.4222316145393
1364,1352,75,8808,1,8808,False,1618.6880108991825,619.1475930971844
1364,1352,113,42572,1,42572,False,514.7025744620878,1159.2646340317579
1365,1353,14,4268,1,4268,False,1787.2085285848173,586.9011246485474
1365,1353,38,10816,1,10816,False,536.6434911242603,748.6383136094674
1365,1353,75,8816,1,8816,False,1618.97277676951,621.4119782214156
1365,1353,113,41284,1,41284,False,521.1852049220037,1172.5348803410523
1366,1354,14,4172,1,4172,False,1788.7703739213807,588.0378715244487
1366,1354,38,12372,1,12372,False,544.5969932104753,750.2154865826059
1366,1354,75,8848,1,8848,False,1619.877938517179,621.0877034358047
1366,1354,113,41068,1,41068,False,524.3655887795851,1180.1719587026396
1367,1355,14,4180,1,4180,False,1789.78995215311,588.5899521531101
1367,1355,38,12748,1,12748,False,547.3158142453718,762.1448070285535
1367,1355,75,8464,1,8464,False,1620.4158790170131,622.0453686200378
1367,1355,113,42444,1,42444,False,528.9893035529168,1184.9629158420507
1368,1356,14,4248,1,4248,False,1791.093220338983,588.9934086629002
1368,1356,38,14096,1,14096,False,549.2383654937571,769.2491486946651
1368,1356,75,8564,1,8564,False,1621.9955628211117,621.4976646426903
1368,1356,113,41240,1,41240,False,534.5446168768186,1184.562269641125
1369,1357,14,4204,1,4204,False,1791.4305423406279,588.279257849667
1369,1357,38,14848,1,14848,False,550.1002155172414,776.7817887931035
1369,1357,75,7852,1,7852,False,1625.0624044829342,621.1276107997962
1369,1357,113,43032,1,43032,False,543.2371258598253,1184.3362149098346
1370,1358,14,4184,1,4184,False,1791.8116634799235,588.1367112810708
1370,1358,38,14556,1,14556,False,546.4587798845837,792.6390491893377
1370,1358,75,7912,1,7912,False,1626.2027300303337,621.2199191102123
1370,1358,113,42784,1,42784,False,552.1578160059836,1178.1434181002244
1371,1359,14,4236,1,4236,False,1792.207271010387,589.1968838526913
1371,1359,38,14356,1,14356,False,541.0789913624965,809.5593480078016
1371,1359,75,7880,1,7880,False,1627.7629441624365,620.5030456852792
1371,1359,113,40672,1,40672,False,564.1237214791503,1168.4372541306059
1372,1360,14,4312,1,4312,False,1792.435064935065,589.4962894248608
1372,1360,38,15828,1,15828,False,536.8922163254991,821.0746777862016
1372,1360,75,7996,1,7996,False,1628.845172586293,620.9132066033017
1372,1360,113,38972,1,38972,False,581.5286359437545,1167.6074617674228
1373,1361,14,4340,1,4340,False,1792.7857142857142,590.2603686635945
1373,1361,38,17068,1,17068,False,533.6455355050387,830.3950082024842
1373,1361,75,7760,1,7760,False,1630.2649484536082,621.0061855670103
1373,1361,113,36304,1,36304,False,609.0039665050683,1157.7917584839136
1374,1362,14,4348,1,4348,False,1792.1522539098437,590.369365225391
1374,1362,38,17116,1,17116,False,533.5474409908858,837.4890161252629
1374,1362,75,7912,1,7912,False,1631.062184024267,621.5525783619818
1374,1362,113,37200,1,37200,False,646.5139784946236,1135.8716129032257
1375,1363,14,4308,1,4308,False,1791.5269266480966,590.2140204271124
1375,1363,38,18256,1,18256,False,534.4412795793164,845.9500438212094
1375,1363,75,7988,1,7988,False,1632.3067100650976,621.1700050075112
1375,1363,113,33216,1,33216,False,679.6146435452794,1133.228323699422
1376,1364,14,4352,1,4352,False,1791.1029411764705,590.2591911764706
1376,1364,38,20144,1,20144,False,525.3411437648928,847.0639396346306
1376,1364,75,8088,1,8088,False,1633.132047477745,621.7017804154302
1376,1364,113,30720,1,30720,False,723.9744791666667,1112.0390625
1377,1365,14,4380,1,4380,False,1790.817808219178,590.3337899543379
1377,1365,38,20668,1,20668,False,516.290207083414,848.8452680472227
1377,1365,75,8136,1,8136,False,1634.0722713864307,621.5599803343166
1377,1365,113,31144,1,31144,False,782.1298484459286,1088.458900590804
1378,1366,14,4376,1,4376,False,1790.6791590493601,590.3702010968922
1378,1366,38,22788,1,22788,False,500.82578550114096,851.4387396875549
1378,1366,75,8072,1,8072,False,1634.7101090188305,621.1164519326065
1378,1366,113,30612,1,30612,False,841.3349666797334,1078.826407944597
1379,1367,14,4428,1,4428,False,1790.4837398373984,590.6138211382114
1379,1367,38,23892,1,23892,False,487.70341536916123,856.3188514984095
1379,1367,75,8072,1,8072,False,1635.888503468781,620.9479682854311
1379,1367,113,32128,1,32128,False,890.5077191235059,1057.6299800796812
1380,1368,14,4440,1,4440,False,1790.507207207207,590.6261261261261
1380,1368,38,25792,1,25792,False,477.35856079404465,858.0716501240695
1380,1368,75,7816,1,7816,False,1636.9145342886386,620.5450358239509
1380,1368,113,28972,1,28972,False,933.858553085738,1036.0280960927792
1381,1369,14,4444,1,4444,False,1790.370387038704,590.501800180018
1381,1369,38,26220,1,26220,False,470.9381388253242,863.1407322654462
1381,1369,75,7788,1,7788,False,1637.4583975346686,620.7917308680021
1381,1369,113,28828,1,28828,False,980.4167476064937,1013.7532260302484
1382,1370,14,4436,1,4436,False,1790.5036068530208,590.6352569882778
1382,1370,38,27796,1,27796,False,464.87041300906606,867.507914807886
1382,1370,75,7932,1,7932,False,1638.0481593545135,620.9215834594049
1382,1370,113,29956,1,29956,False,1017.6582320737081,996.3758178662038
1383,1371,14,4432,1,4432,False,1790.5090252707582,590.5812274368232
1383,1371,38,27388,1,27388,False,453.19928435811306,876.7187819482986
1383,1371,75,7864,1,7864,False,1638.941505595117,620.4226856561546
1383,1371,113,28472,1,28472,False,1049.2780275358248,977.7329305984828
1384,1372,14,4400,1,4400,False,1790.7254545454546,590.4854545454546
1384,1372,38,28004,1,28004,False,438.50828453078134,880.1174832166834
1384,1372,75,7892,1,7892,False,1640.3955904713634,620.3205778003041
1384,1372,113,26324,1,26324,False,1076.8649901230815,961.9350402674365
1385,1373,14,4376,1,4376,False,1790.863802559415,590.7815356489945
1385,1373,38,29980,1,29980,False,432.1021347565043,885.9276184122748
1385,1373,75,7784,1,7784,False,1641.6408016443988,620.177286742035
1385,1373,113,26300,1,26300,False,1110.7013688212928,939.6741444866921
1386,1374,14,4364,1,4364,False,1790.9986251145738,591.0811182401467
1386,1374,38,29496,1,29496,False,418.2824789802007,887.9518578790345
1386,1374,75,7868,1,7868,False,1641.9407727503813,620.5528723945094
1386,1374,113,26680,1,26680,False,1132.8883058470765,931.299700149925
1387,1375,14,4404,1,4404,False,1791.1212534059946,590.7506811989101
1387,1375,38,26052,1,26052,False,398.83041609089514,884.1689697528021
1387,1375,75,7896,1,7896,False,1642.3622087132726,620.4280648429584
1387,1375,113,24352,1,24352,False,1153.5206964520369,917.7092641261498
1388,1376,14,4420,1,4420,False,1791.4158371040724,590.6773755656109
1388,1376,38,23220,1,23220,False,386.7198105081826,880.177519379845
1388,1376,75,7904,2,7684,False,1604.4028340080972,626.7054655870445
1388,1376,113,22972,1,22972,False,1166.5686052585756,907.5649486331185
1389,1377,14,4396,1,4396,False,1791.511828935396,590.5837124658781
1389,1377,38,20248,1,20248,False,356.420584749111,875.314302647175
1389,1377,75,7720,1,7720,False,1643.3248704663213,620.1155440414508
1389,1377,113,21756,1,21756,False,1178.5831035116748,891.8506159220445
1390,1378,14,4432,1,4432,False,1791.5667870036102,590.8050541516245
1390,1378,38,16412,1,16412,False,335.5402144772118,875.2189861077261
1390,1378,75,7776,1,7776,False,1642.696502057613,619.832304526749
1390,1378,113,20828,1,20828,False,1187.579316304974,875.0784520837334
1391,1379,14,4448,1,4448,False,1791.5809352517986,590.8525179856115
1391,1379,38,18620,1,18620,False,323.8787325456498,873.8679914070891
1391,1379,75,7340,1,7340,False,1640.2820163487738,616.8945504087194
1391,1379,113,20532,1,20532,False,1194.0873758036237,860.8421001363724
1392,1380,14,4448,1,4448,False,1791.5989208633093,590.8705035971223
1392,1380,38,18984,2,18932,False,314.47935103244833,873.2492625368732
1392,1380,75,6708,1,6708,False,1638.406976744186,612.8637447823494
1392,1380,113,20132,1,20132,False,1200.2734949334392,848.839757599841
1393,1381,14,4452,1,4452,False,1791.454177897574,590.8522012578617
1393,1381,38,17508,1,17508,False,291.1515878455563,857.6153758281928
1393,1381,75,6732,1,6732,False,1634.3086749851457,609.8571004159239
1393,1381,113,19444,1,19444,False,1204.6337173421107,839.8927175478296
1394,1382,14,4472,1,4472,False,1791.5143112701253,590.8792486583184
1394,1382,38,15572,1,15572,False,289.73657847418445,858.6798099152325
1394,1382,75,7620,1,7620,False,1629.7346456692912,607.349343832021
1394,1382,113,18540,1,18540,False,1208.0913700107874,832.2600862998921
1395,1383,14,4488,1,4488,False,1791.457219251337,590.9402852049911
1395,1383,38,14208,1,14208,False,280.9695945945946,855.8474099099099
1395,1383,75,8376,1,8376,False,1624.4541547277936,606.9498567335244
1395,1383,113,18080,1,18080,False,1211.3650442477876,825.0738938053097
1396,1384,14,4464,1,4464,False,1791.6075268817203,590.6236559139785
1396,1384,38,15224,1,15224,False,272.3428796636889,838.4474513925381
1396,1384,75,6644,1,6644,False,1622.078567128236,599.8534015653221
1396,1384,113,17904,1,17904,False,1215.183199285076,815.6613047363718
1397,1385,14,4480,1,4480,False,1791.6625,590.8625
1397,1385,38,16252,1,16252,False,260.68656165395026,821.408688161457
1397,1385,75,7284,1,7284,False,1624.2484898407467,601.6861614497528
1397,1385,113,17196,1,17196,False,1219.267155152361,798.7493603163526
1398,1386,14,4472,1,4472,False,1791.7665474060823,590.8703041144902
1398,1386,38,16308,1,16308,False,260.1428746627422,819.285381407898
1398,1386,75,6380,1,6380,False,1626.3382445141067,598.2191222570533
1398,1386,113,17140,1,17140,False,1221.7270711785297,789.065227537923
1399,1387,14,4464,1,4464,False,1791.7401433691757,590.9032258064516
1399,1387,38,15120,1,15120,False,255.24973544973545,811.6216931216932
1399,1387,75,7744,6,7280,False,1541.2448347107438,613.7902892561983
1399,1387,113,16764,1,16764,False,1223.4825817227393,782.1468623240277
1400,1388,14,4464,1,4464,False,1791.7401433691757,590.9032258064516
1400,1388,38,14396,1,14396,False,248.1071130869686,809.7931369824952
1400,1388,75,7264,3,7236,False,1623.2202643171806,602.2929515418502
1400,1388,113,16572,1,16572,False,1223.8951243060585,779.7671976828385
1401,1389,14,4468,1,4468,False,1791.7676812891675,590.9261414503134
1401,1389,38,14956,1,14956,False,250.5449317999465,815.6051083177321
1401,1389,75,6940,3,6616,False,1565.0590778097983,606.6510086455331
1401,1389,113,16284,1,16284,False,1222.5727094080078,775.5587079341685
1402,1390,14,4476,1,4476,False,1791.6974977658624,590.7520107238606
1402,1390,38,16968,1,16968,False,231.524516737388,802.0516265912305
1402,1390,75,6484,1,6484,False,1632.6739666872302,596.5456508328192
1402,1390,113,16196,1,16196,False,1220.282168436651,775.3298345270437
1403,1391,14,4460,1,4460,False,1791.5582959641256,590.5663677130045
1403,1391,38,16160,1,16160,False,226.13217821782177,795.2262376237624
1403,1391,75,6076,1,6076,False,1631.035878867676,596.9121132323897
1403,1391,113,15264,1,15264,False,1216.104821802935,770.0843815513626
1404,1392,14,4488,1,4488,False,1791.7032085561498,590.4429590017826
1404,1392,38,15536,1,15536,False,220.42121524201855,792.6920700308959
1404,1392,75,4892,3,4620,False,1556.5212591986917,605.9538021259199
1404,1392,113,15292,1,15292,False,1210.779884907141,763.1387653675124
1405,1393,14,4492,1,4492,False,1791.7341941228851,590.1580587711487
1405,1393,38,16872,1,16872,False,221.65315315315314,792.1415362731152
1405,1393,75,4096,2,4076,False,1628.939453125,594.330078125
1405,1393,113,15568,1,15568,False,1204.8972250770812,753.8144912641316
1406,1394,14,4448,1,4448,False,1792.111510791367,590.273381294964
1406,1394,38,16548,1,16548,False,218.7741116751269,790.321609862219
1406,1394,75,4516,1,4516,False,1637.4317980513729,592.7196634189548
1406,1394,113,15568,1,15568,False,1201.1402877697842,749.6382322713258
1407,1395,14,4440,1,4440,False,1792.355855855856,590.3990990990991
1407,1395,38,16832,1,16832,False,215.88830798479088,790.5223384030418
1407,1395,75,5256,1,5256,False,1639.1347031963471,591.582191780822
1407,1395,113,15348,1,15348,False,1198.3462340370081,746.4588219963513
1408,1396,14,4444,1,4444,False,1792.552205220522,590.6170117011701
1408,1396,38,17036,1,17036,False,214.2539328480864,790.4380136182202
1408,1396,75,5948,1,5948,False,1640.5336247478144,588.8026227303295
1408,1396,113,15712,1,15712,False,1196.3182281059062,747.1939918533604
1409,1397,14,4428,1,4428,False,1792.749322493225,590.7330623306233
1409,1397,38,17744,1,17744,False,204.6492335437331,783.4797114517584
1409,1397,75,5100,1,5100,False,1645.9666666666667,579.7925490196078
1409,1397,113,15280,1,15280,False,1194.4821989528796,745.0424083769633
1410,1398,14,4420,1,4420,False,1793.189592760181,591.1570135746606
1410,1398,38,16324,1,16324,False,202.14812545944622,783.7805684881157
1410,1398,75,5128,1,5128,False,1650.1817472698908,577.8010920436817
1410,1398,113,14300,1,14300,False,1192.933006993007,739.6781818181818
1411,1399,14,4416,1,4416,False,1793.3007246376812,591.1376811594203
1411,1399,38,16556,1,16556,False,198.6227349601353,779.4717323024885
1411,1399,75,4364,1,4364,False,1646.6521539871678,575.5852428964253
1411,1399,113,14484,1,14484,False,1190.239298536316,737.8476940071803
1412,1400,14,4428,1,4428,False,1793.3093947606142,591.1160794941283
1412,1400,38,16912,1,16912,False,197.06054872280038,778.464995269631
1412,1400,75,6312,1,6312,False,1650.606463878327,582.1286438529785
1412,1400,113,14296,1,14296,False,1188.629826524902,736.5923335198657
1413,1401,14,4364,1,4364,False,1793.3872593950505,591.8033913840513
1413,1401,38,17168,1,17168,False,195.05219012115563,776.9902143522834
1413,1401,75,5788,1,5788,False,1655.8821700069109,577.6955770559779
1413,1401,113,13992,1,13992,False,1185.2581475128645,728.7641509433962
1414,1402,14,4332,1,4332,False,1793.427054478301,592.6957525392428
1414,1402,38,16164,1,16164,False,194.58265280871072,778.1243504083147
1414,1402,75,6248,1,6248,False,1656.7599231754161,577.3783610755441
1414,1402,113,12476,1,12476,False,1180.5198781660788,715.7106444373196
1415,1403,14,4232,1,4232,False,1793.3676748582232,592.3525519848771
1415,1403,38,16688,1,16688,False,189.99520613614573,772.2852348993289
1415,1403,75,6436,2,6284,False,1620.2762585456805,578.7050963331262
1415,1403,113,13128,1,13128,False,1182.8229737964655,717.7169408897014
1416,1404,14,4244,1,4244,False,1792.724316682375,592.0532516493873
1416,1404,38,16228,1,16228,False,188.29541533152576,769.6821543012078
1416,1404,75,6296,1,6296,False,1656.6118170266836,575.1060991105463
1416,1404,113,13272,1,13272,False,1181.5114526823388,715.9026522001205
1417,1405,14,4300,1,4300,False,1792.0367441860465,592.4255813953488
1417,1405,38,16036,1,16036,False,187.67086555250685,768.7229982539286
1417,1405,75,6196,1,6196,False,1655.6607488702389,574.5077469335055
1417,1405,113,13104,1,13104,False,1179.9859584859585,713.3192918192918
1418,1406,14,4272,1,4272,False,1790.694756554307,593.3539325842696
1418,1406,38,15032,1,15032,False,187.56865353911655,770.1913251729643
1418,1406,75,5912,1,5912,False,1653.755751014885,574.4418132611637
1418,1406,113,12800,1,12800,False,1178.94,712.435625
1419,1407,14,4248,1,4248,False,1790.7015065913372,593.761770244821
1419,1407,38,15120,1,15120,False,186.98042328042328,769.7555555555556
1419,1407,75,5904,1,5904,False,1654.4119241192411,574.3170731707318
1419,1407,113,12872,1,12872,False,1179.2147296457426,713.0655686761964
1420,1408,14,4284,1,4284,False,1784.4906629318393,594.2833800186742
1420,1408,38,13784,1,13784,False,187.08850841555426,775.6224608241439
1420,1408,75,5892,2,5660,False,1589.836048879837,576.3873048200951
1420,1408,113,13016,2,12940,False,1176.8454210202826,713.6346035648432
1421,1409,14,4268,1,4268,False,1779.5346766635425,593.6752577319587
1421,1409,38,14640,1,14640,False,185.92021857923498,774.8273224043716
1421,1409,75,5348,1,5348,False,1646.4341810022438,567.85976065819
1421,1409,113,12804,1,12804,False,1174.5068728522338,711.7708528584817
1422,1410,14,4244,1,4244,False,1773.3991517436382,593.4406220546654
1422,1410,38,13792,1,13792,False,185.01044083526682,777.6925754060325
1422,1410,75,5496,1,5496,False,1646.2321688500729,568.5465793304221
1422,1410,113,12964,1,12964,False,1171.3546744831842,711.8514347423635
1423,1411,14,4428,1,4428,False,1766.7131887985547,591.1070460704607
1423,1411,38,13460,1,13460,False,188.8001485884101,781.2031203566122
1423,1411,75,5576,1,5576,False,1643.913199426112,566.745337159254
1423,1411,113,13228,1,13228,False,1169.1912609615965,711.4416389476867
1424,1412,14,4604,1,4604,False,1761.2888792354474,590.9291920069505
1424,1412,38,15044,1,15044,False,188.5015953203935,778.2186918372773
1424,1412,75,5584,1,5584,False,1642.8123209169055,566.230659025788
1424,1412,113,12680,1,12680,False,1165.1738170347003,707.5365930599369
1425,1413,14,4616,1,4616,False,1757.9176776429808,593.0545927209705
1425,1413,38,14764,1,14764,False,184.70211324844215,769.8123814684367
1425,1413,75,6100,1,6100,False,1643.9413114754097,563.627868852459
1425,1413,113,12896,1,12896,False,1163.0980148883375,708.4224565756824
1426,1414,14,4652,1,4652,False,1754.1440240756665,593.6900257953569
1426,1414,38,16072,1,16072,False,184.1241911398706,768.5557491289198
1426,1414,75,5920,1,5920,False,1639.0202702702702,565.1391891891892
1426,1414,113,13024,1,13024,False,1160.1130221130222,706.423832923833
1427,1415,14,4520,1,4520,False,1750.4486725663717,593.6044247787611
1427,1415,38,16108,1,16108,False,183.2797367767569,768.0828159920536
1427,1415,75,6204,1,6204,False,1639.509671179884,564.8326885880077
1427,1415,113,13536,1,13536,False,1157.5921985815603,709.0650118203309
1428,1416,14,5680,1,5680,False,1739.2915492957748,587.2183098591549
1428,1416,38,15036,1,15036,False,182.2637669592977,767.1453844107475
1428,1416,75,6012,1,6012,False,1634.0582168995343,564.5718562874251
1428,1416,113,12668,1,12668,False,1156.1450899905274,705.3847489737923
1429,1417,14,5384,1,5384,False,1734.3647845468054,592.2696879643388
1429,1417,38,13808,1,13808,False,193.65758980301274,777.8580533024334
1429,1417,75,6444,1,6444,False,1637.0996275605214,562.1697703289882
1429,1417,113,12744,1,12744,False,1154.2350910232267,705.4121155053358
1430,1418,14,5556,1,5556,False,1726.520158387329,594.7577393808496
1430,1418,38,13112,1,13112,False,191.54758999389873,779.0631482611349
1430,1418,75,5784,1,5784,False,1630.4432918395573,564.9149377593361
1430,1418,113,12648,1,12648,False,1152.432953826692,704.4228336495888
1431,1419,14,5100,1,5100,False,1720.8811764705883,596.5376470588235
1431,1419,38,13160,1,13160,False,193.7772036474164,777.548632218845
1431,1419,75,5464,1,5464,False,1627.672767203514,565.5541727672036
1431,1419,113,12816,1,12816,False,1151.0449438202247,703.8882646691635
1432,1420,14,4884,1,4884,False,1716.3837018837019,598.3738738738739
1432,1420,38,13420,1,13420,False,195.7769001490313,777.8633383010432
1432,1420,75,5464,1,5464,False,1628.1383601756954,563.8704245973646
1432,1420,113,12500,1,12500,False,1150.24592,702.93136
1433,1421,14,4936,1,4936,False,1710.7917341977309,597.1596434359806
1433,1421,38,12776,1,12776,False,206.63212273011897,785.0867251095805
1433,1421,75,5728,1,5728,False,1628.7346368715084,559.8854748603352
1433,1421,113,12916,2,12720,False,1149.1255806751317,704.5557448126355
1434,1422,14,4980,1,4980,False,1704.6397590361446,598.5722891566265
1434,1422,38,11572,1,11572,False,209.83425509851367,787.636536467335
1434,1422,75,5712,1,5712,False,1627.950980392157,558.2899159663865
1434,1422,113,13372,1,13372,False,1147.4003888722705,706.3049655997607
1435,1423,14,4844,1,4844,False,1699.1886870355079,599.2943848059455
1435,1423,38,13064,1,13064,False,209.48836497244335,777.5355174525413
1435,1423,75,5716,1,5716,False,1627.6308607417775,557.5706787963611
1435,1423,113,12812,2,12800,False,1145.4222603808928,703.0819544177334
1436,1424,14,5016,1,5016,False,1688.9051036682615,596.9832535885167
1436,1424,38,15896,1,15896,False,210.31278309008556,772.1914947156517
1436,1424,75,5032,1,5032,False,1623.6828298887121,557.1279809220986
1436,1424,113,13456,1,13456,False,1143.6973840665873,706.0844233055885
1437,1425,14,6584,1,6584,False,1675.4040097205345,586.0832320777643
1437,1425,38,13624,1,13624,False,221.24867880211391,785.4724016441573
1437,1425,75,3600,2,3464,False,1612.5266666666666,560.2822222222222
1437,1425,113,12324,1,12324,False,1141.9021421616358,699.2257383966245
1438,1426,14,5492,1,5492,False,1663.9246176256372,592.4490167516387
1438,1426,38,14544,1,14544,False,225.0924092409241,785.7959295929593
1438,1426,75,4632,2,2616,False,1634.2150259067357,553.5742659758204
1438,1426,113,12372,1,12372,False,1139.95101842871,698.3215324927255
1439,1427,14,5156,1,5156,False,1652.8847944142747,594.1602017067494
1439,1427,38,15504,1,15504,False,228.7017543859649,785.8168214654282
1439,1427,75,5256,2,3064,False,1639.4086757990867,553.3371385083714
1439,1427,113,12440,1,12440,False,1138.304501607717,697.6440514469454
1440,1428,14,5680,1,5680,False,1642.2915492957748,588.1422535211268
1440,1428,38,16560,1,16560,False,228.44154589371982,785.671497584541
1440,1428,75,4072,2,3020,False,1650.2072691552062,553.0461689587427
1440,1428,113,12092,1,12092,False,1136.2724115117433,695.5129010916309
1441,1429,14,4980,1,4980,False,1638.0004016064256,591.3144578313253
1441,1429,38,15372,1,15372,False,233.8848555815769,791.8104345563362
1441,1429,75,4528,2,3552,False,1650.363957597173,551.3586572438163
1441,1429,113,12244,1,12244,False,1135.9955896765762,696.765926167919
1442,1430,14,4908,1,4908,False,1631.6638141809292,591.5122249388753
1442,1430,38,16124,1,16124,False,231.30377077648225,796.1110146365667
1442,1430,75,4616,2,3840,False,1653.6230502599653,551.2764298093588
1442,1430,113,12244,1,12244,False,1134.6757595557008,695.4879124469128
1443,1431,14,5160,1,5160,False,1624.206976744186,591.5945736434109
1443,1431,38,17204,1,17204,False,230.66600790513834,800.9519879097884
1443,1431,75,4448,2,3924,False,1657.5431654676258,552.0323741007194
1443,1431,113,12144,1,12144,False,1134.6297760210803,695.8642951251647
1444,1432,14,5180,1,5180,False,1616.5216216216215,591.7895752895753
1444,1432,38,16988,1,16988,False,229.71732987991524,807.7719566753002
1444,1432,75,4836,2,4608,False,1658.619106699752,551.6844499586435
1444,1432,113,11948,2,11944,False,1134.4082691663878,694.8153665885504
1445,1433,14,5400,1,5400,False,1608.911851851852,588.2851851851852
1445,1433,38,16436,1,16436,False,227.7728157702604,818.2761012411779
1445,1433,75,5088,1,5088,False,1659.5786163522012,552.0849056603773
1445,1433,113,12080,1,12080,False,1134.6112582781457,696.1377483443708
1446,1434,14,5536,1,5536,False,1601.9624277456646,585.2124277456647
1446,1434,38,15420,1,15420,False,228.12127107652398,828.3038910505836
1446,1434,75,5336,1,5336,False,1659.4295352323838,553.0757121439281
1446,1434,113,12072,1,12072,False,1134.723326706428,695.824055666004
1447,1435,14,5224,1,5224,False,1597.1707503828484,586.1952526799388
1447,1435,38,15320,1,15320,False,228.37624020887728,835.9563968668407
1447,1435,75,5876,1,5876,False,1658.4469026548672,553.9744724302246
1447,1435,113,11932,1,11932,False,1133.6485082132083,694.744049614482
1448,1436,14,5288,1,5288,False,1593.0279878971255,586.2382753403933
1448,1436,38,14080,1,14080,False,231.7931818181818,847.3289772727272
1448,1436,75,6044,1,6044,False,1658.78987425546,554.4814692256783
1448,1436,113,11896,1,11896,False,1133.4219905850707,694.5833893745797
1449,1437,14,5504,1,5504,False,1589.2412790697674,586.3895348837209
1449,1437,38,12564,1,12564,False,240.9603629417383,864.6273479783508
1449,1437,75,6156,1,6156,False,1658.7716049382716,554.6910331384015
1449,1437,113,11872,1,11872,False,1133.0566037735848,694.4299191374663
1450,1438,14,5512,1,5512,False,1585.2256894049347,586.3505079825835
1450,1438,38,12708,1,12708,False,250.22175007869058,878.1178785017312
1450,1438,75,6328,1,6328,False,1658.8008849557523,555.0537294563843
1450,1438,113,11836,1,11836,False,1132.656809733018,694.2289624873268
1451,1439,14,6288,1,6288,False,1577.7404580152672,585.2430025445293
1451,1439,38,14276,1,14276,False,258.9029139815074,892.8973101709162
1451,1439,75,6660,1,6660,False,1657.527027027027,554.1984984984985
1451,1439,113,11844,1,11844,False,1132.2028031070583,694.0393448159406
1452,1440,14,7044,1,7044,False,1569.0928449744463,583.5448608745031
1452,1440,38,15112,1,15112,False,270.12996294335625,898.8710958178931
1452,1440,75,6904,1,6904,False,1657.140787949015,553.2601390498262
1452,1440,113,11824,1,11824,False,1132.0372124492558,692.7821380243572
1453,1441,14,6740,1,6740,False,1559.0590504451038,584.4454005934718
1453,1441,38,14728,1,14728,False,283.07142857142856,917.9128191200434
1453,1441,75,6940,1,6940,False,1656.0988472622478,553.8740634005763
1453,1441,113,11808,1,11808,False,1131.7154471544716,692.9878048780488
1454,1442,14,7216,1,7216,False,1549.290465631929,583.3026607538802
1454,1442,38,16380,1,16380,False,292.94200244200243,933.2526251526251
1454,1442,75,7100,1,7100,False,1655.1230985915493,553.9670422535211
1454,1442,113,11612,1,11612,False,1131.1916982431967,690.9478126076473
1455,1443,14,6736,1,6736,False,1539.5237529691212,581.8206650831354
1455,1443,38,19048,1,19048,False,301.2337253254935,944.0119697606048
1455,1443,75,6888,1,6888,False,1655.8124274099885,554.1910569105692
1455,1443,113,11428,1,11428,False,1130.822016100805,689.5962548127407
1456,1444,14,6548,1,6548,False,1534.650274893097,582.4437996334759
1456,1444,38,19724,1,19724,False,314.19904684648145,950.7194281078889
1456,1444,75,6880,1,6880,False,1655.1802325581396,553.9174418604651
1456,1444,113,11288,1,11288,False,1130.9535790219702,690.115875265769
1457,1445,14,7044,1,7044,False,1528.6737649063032,583.3949460533788
1457,1445,38,20440,1,20440,False,324.8279843444227,950.9344422700588
1457,1445,75,6896,1,6896,False,1655.5174013921114,553.3712296983758
1457,1445,113,11640,1,11640,False,1130.4147766323024,693.5776632302405
1458,1446,14,6960,1,6960,False,1521.748275862069,584.7402298850575
1458,1446,38,19600,1,19600,False,344.25102040816324,952.0220408163266
1458,1446,75,6944,1,6944,False,1655.8006912442397,554.0472350230415
1458,1446,113,11696,1,11696,False,1130.4870041039671,696.6641586867305
1459,1447,14,7332,1,7332,False,1517.8278777959629,586.0711947626842
1459,1447,38,17660,1,17660,False,367.28731596828993,950.0211778029445
1459,1447,75,6800,1,6800,False,1656.365882352941,554.7764705882353
1459,1447,113,11704,1,11704,False,1129.316131237184,698.607997265892
1460,1448,14,6964,1,6964,False,1510.4494543365881,585.6935669155657
1460,1448,38,18168,1,18168,False,379.3749449581682,950.0499779832672
1460,1448,75,6664,1,6664,False,1656.310324129652,554.9249699879952
1460,1448,113,11612,1,11612,False,1126.770065449535,698.7032380296246
1461,1449,14,6996,1,6996,False,1506.9699828473413,586.3627787307032
1461,1449,38,17620,1,17620,False,390.88728717366627,952.2657207718502
1461,1449,75,6424,1,6424,False,1654.3916562889165,555.4663760896638
1461,1449,113,11476,1,11476,False,1122.6763680724991,698.4512025095852
1462,1450,14,7144,1,7144,False,1503.6870100783874,586.2021276595744
1462,1450,38,20624,1,20624,False,402.01939487975176,948.5019394879752
1462,1450,75,6004,1,6004,False,1653.0862758161227,555.863091272485
1462,1450,113,11456,1,11456,False,1117.2688547486034,698.3030726256983
1463,1451,14,7216,1,7216,False,1500.7827050997782,586.4379157427938
1463,1451,38,20472,1,20472,False,409.42614302461897,954.574638530676
1463,1451,75,5128,1,5128,False,1654.063182527301,556.4563182527301
1463,1451,113,11224,1,11224,False,1111.0381325730577,697.7330719885958
1464,1452,14,7184,1,7184,False,1498.7104677060133,586.6826280623608
1464,1452,38,22432,1,22432,False,417.4325962910128,958.0602710413694
1464,1452,75,4496,1,4496,False,1655.2918149466193,555.9804270462633
1464,1452,113,11072,1,11072,False,1102.5462427745665,692.956647398844
1465,1453,14,7116,1,7116,False,1497.4342327150084,586.8957279370433
1465,1453,38,25036,1,25036,False,426.8096341268573,962.2517175267615
1465,1453,75,4140,1,4140,False,1654.5038647342994,555.5028985507247
1465,1453,113,10828,1,10828,False,1095.3659032138899,687.6237532323605
1466,1454,14,7104,1,7104,False,1496.162162162162,586.938063063063
1466,1454,38,25484,1,25484,False,433.59904253649347,972.7128394286611
1466,1454,75,3896,1,3896,False,1655.906570841889,553.6642710472279
1466,1454,113,10664,1,10664,False,1089.2569392348087,683.4077269317329
1467,1455,14,7092,1,7092,False,1495.3550479413423,586.8406655386351
1467,1455,38,27300,1,27300,False,437.72930402930405,981.1701831501831
1467,1455,75,3824,1,3824,False,1654.508368200837,553.9414225941423
1467,1455,113,10656,1,10656,False,1084.7387387387387,679.9234234234234
1468,1456,14,7096,1,7096,False,1494.7423900789177,587.0614430665164
1468,1456,38,28780,1,28780,False,439.62189020152886,993.0726198749131
1468,1456,75,3992,1,3992,False,1654.065130260521,555.7725450901804
1468,1456,113,10492,1,10492,False,1081.380670987419,677.5712924132672
1469,1457,14,7008,1,7008,False,1493.9554794520548,586.9018264840182
1469,1457,38,30160,1,30160,False,441.2973474801061,1009.3572944297082
1469,1457,75,4052,1,4052,False,1652.875123395854,556.4348469891412
1469,1457,113,10240,1,10240,False,1078.45390625,675.734375
1470,1458,14,6960,1,6960,False,1493.6114942528736,587.0816091954023
1470,1458,38,33348,1,33348,False,439.74025428811325,1029.5358642197434
1470,1458,75,4072,1,4072,False,1651.1974459724952,556.7632612966601
1470,1458,113,10028,1,10028,False,1074.8909054646988,672.8071400079776
1471,1459,14,7000,1,7000,False,1492.516,586.7331428571429
1471,1459,38,37008,1,37008,False,436.39083441418074,1055.5010808473844
1471,1459,75,4144,1,4144,False,1648.496138996139,557.1254826254826
1471,1459,113,9960,1,9960,False,1072.4261044176708,668.2381526104417
1472,1460,14,6956,1,6956,False,1492.1066705002875,586.762219666475
1472,1460,38,40244,1,40244,False,427.8002683629858,1083.066941655899
1472,1460,75,3976,1,3976,False,1647.4617706237425,556.6750503018109
1472,1460,113,9832,1,9832,False,1069.9670463791701,662.3665581773799
1473,1461,14,6888,1,6888,False,1491.8182346109174,587.2979094076655
1473,1461,38,41496,1,41496,False,424.99566223250434,1102.8713128976287
1473,1461,75,4188,1,4188,False,1644.616523400191,557.5085959885387
1473,1461,113,9608,1,9608,False,1067.7214820982515,656.1394671107411
1474,1462,14,6700,1,6700,False,1491.4444776119403,588.7161194029851
1474,1462,38,45212,1,45212,False,417.70835176501816,1130.689153322127
1474,1462,75,4440,1,4440,False,1639.898198198198,557.4621621621621
1474,1462,113,9444,1,9444,False,1065.2174925878865,651.8290978398984
1475,1463,14,6732,1,6732,False,1490.5879382055853,588.7115270350564
1475,1463,38,52120,1,52120,False,404.47344589409056,1157.1142747505755
1475,1463,75,4648,1,4648,False,1634.0370051635111,558.6600688468159
1475,1463,113,9344,1,9344,False,1063.2525684931506,650.1147260273973
1476,1464,14,6968,1,6968,False,1490.5723306544203,588.9156142365098
1476,1464,38,53676,1,53676,False,399.0881213205157,1175.5184067367165
1476,1464,75,4896,1,4896,False,1623.0915032679738,557.4362745098039
1476,1464,113,9244,1,9244,False,1060.8435742102986,649.3732150584162
1477,1465,14,6476,1,6476,False,1486.0812229771464,587.1547251389746
1477,1465,38,56020,1,56020,False,395.77697250981794,1189.701285255266
1477,1465,75,4988,1,4988,False,1618.3893344025662,557.4687249398556
1477,1465,113,9248,1,9248,False,1058.2188581314879,649.2352941176471
1478,1466,14,6448,1,6448,False,1484.0062034739453,586.5409429280397
1478,1466,38,58336,1,58336,False,397.2801700493692,1205.5037026878772
1478,1466,75,5580,1,5580,False,1611.041935483871,560.0469534050179
1478,1466,113,9120,1,9120,False,1054.798245614035,648.4368421052632
1479,1467,14,6288,1,6288,False,1481.9045801526718,586.0330788804072
1479,1467,38,62156,1,62156,False,397.8753780809576,1218.1904562713173
1479,1467,75,5496,1,5496,False,1599.8886462882097,559.0254730713247
1479,1467,113,8896,1,8896,False,1050.4109712230215,647.216726618705
1480,1468,14,6128,1,6128,False,1479.088772845953,585.6671018276762
1480,1468,38,66036,1,66036,False,392.1973771882004,1236.2348113150404
1480,1468,75,5848,1,5848,False,1586.4740082079343,557.2729138166894
1480,1468,113,9004,1,9004,False,1045.8167481119503,645.6257219013771
1481,1469,14,5888,1,5888,False,1476.2228260869565,584.6222826086956
1481,1469,38,66556,1,66556,False,389.45017729430856,1253.9219604543541
1481,1469,75,5856,1,5856,False,1575.8319672131147,553.7800546448087
1481,1469,113,8892,1,8892,False,1040.738416554206,642.5575798470535
1482,1470,14,5788,1,5788,False,1474.533172080166,584.422598479613
1482,1470,38,65900,1,65900,False,383.92858877086496,1270.2305007587254
1482,1470,75,5924,1,5924,False,1567.063133018231,552.4918973666441
1482,1470,113,8912,1,8912,False,1037.262118491921,640.249551166966
1483,1471,14,5772,1,5772,False,1473.0225225225224,584.1521136521136
1483,1471,38,65052,1,65052,False,371.9586484658427,1282.1998093832626
1483,1471,75,5700,1,5700,False,1559.7182456140351,550.1785964912281
1483,1471,113,9016,1,9016,False,1034.332298136646,638.7315882874889
1484,1472,14,5296,1,5296,False,1471.0513595166162,581.9969788519637
1484,1472,38,64368,1,64368,False,365.0837683320905,1286.1398210290827
1484,1472,75,6960,1,6960,False,1540.2264367816092,552.3022988505747
1484,1472,113,8696,1,8696,False,1033.0473781048759,639.0252989880405
1485,1473,14,5740,1,5740,False,1471.8686411149827,583.3599303135888
1485,1473,38,61656,1,61656,False,352.0527442584663,1294.6370182950564
1485,1473,75,5228,1,5228,False,1535.0416985462891,544.1189747513389
1485,1473,113,8584,1,8584,False,1031.9016775396085,638.7879776328052
1486,1474,14,5472,1,5472,False,1470.4868421052631,582.4137426900585
1486,1474,38,57872,1,57872,False,347.0062206248272,1310.2453690904065
1486,1474,75,4964,1,4964,False,1529.0157131345688,543.1946011281225
1486,1474,113,8364,1,8364,False,1029.7147297943568,638.4349593495934
1487,1475,14,5324,1,5324,False,1469.8839218632606,583.0860255447033
1487,1475,38,56508,1,56508,False,345.66953351737806,1325.4687831811425
1487,1475,75,4628,1,4628,False,1521.8500432152118,541.7117545375972
1487,1475,113,8320,1,8320,False,1028.1076923076923,637.8086538461539
1488,1476,14,5244,1,5244,False,1469.5312738367659,583.4031273836766
1488,1476,38,56160,1,56160,False,350.85270655270654,1331.8970085470085
1488,1476,75,4072,1,4072,False,1514.1129666011789,539.3094302554027
1488,1476,113,8272,1,8272,False,1026.7852998065764,637.147001934236
1489,1477,14,5300,1,5300,False,1468.649433962264,582.4758490566038
1489,1477,38,62164,1,62164,False,348.185091049482,1332.6544302168459
1489,1477,75,3172,1,3172,False,1506.2931904161412,537.6677175283733
1489,1477,113,8272,1,8272,False,1024.5851063829787,635.6934235976789
1490,1478,14,5580,1,5580,False,1466.7824372759856,580.8770609318997
1490,1478,38,68884,1,68884,False,343.31644503803494,1326.9124034608908
1490,1478,75,2820,1,2820,False,1501.231914893617,534.3950354609929
1490,1478,113,8248,1,8248,False,1022.3525703200776,633.2099903006789
1491,1479,14,5236,1,5236,False,1468.5932009167304,581.7864782276547
1491,1479,38,71548,1,71548,False,343.3920445015933,1324.3605691284172
1491,1479,75,3312,2,2420,False,1478.306763285024,538.3357487922706
1491,1479,113,8300,1,8300,False,1020.312048192771,630.4836144578313
1492,1480,14,5232,1,5232,False,1467.2859327217125,580.9174311926605
1492,1480,38,73784,1,73784,False,344.9374932234631,1320.613845820232
1492,1480,75,3088,2,2104,False,1470.9481865284974,538.8238341968913
1492,1480,113,8136,1,8136,False,1018.1096361848574,627.5658800393313
1493,1481,14,5076,1,5076,False,1467.275413711584,581.7828999211978
1493,1481,38,74288,1,74288,False,350.6466724100797,1320.0607365927203
1493,1481,75,3112,2,1732,False,1459.7570694087403,542.926735218509
1493,1481,113,8076,1,8076,False,1016.3860822189203,625.6282813273898
1494,1482,14,5160,1,5160,False,1466.5294573643412,581.05503875969
1494,1482,38,75372,1,75372,False,354.5095526190097,1322.4419413044632
1494,1482,75,2888,2,1564,False,1450.4335180055402,545.7603878116344
1494,1482,113,7824,1,7824,False,1014.782208588957,623.1237218813906
1495,1483,14,5344,1,5344,False,1465.9715568862275,580.3502994011976
1495,1483,38,74484,1,74484,False,356.7539068793298,1323.21811395736
1495,1483,75,2572,2,1672,False,1440.9603421461898,547.762830482115
1495,1483,113,7684,1,7684,False,1013.3224882873503,621.8211868818324
1496,1484,14,5368,1,5368,False,1465.8084947839045,580.0722801788376
1496,1484,38,74144,1,74144,False,355.11706948640483,1321.4612645662494
1496,1484,75,2252,2,1708,False,1433.448490230906,551.2104795737123
1496,1484,113,7668,1,7668,False,1012.3174230568596,621.5432968179447
1497,1485,14,5384,1,5384,False,1466.348439821694,579.611441307578
1497,1485,38,74280,1,74280,False,355.523478729133,1323.7409262250942
1497,1485,75,2408,2,2284,False,1424.6328903654485,553.0813953488372
1497,1485,113,7608,1,7608,False,1011.4463722397477,620.8080967402734
1498,1486,14,5232,1,5232,False,1466.6666666666667,580.8088685015291
1498,1486,38,74076,2,74072,False,357.73840380150114,1325.4100923375995
1498,1486,75,2772,1,2772,False,1421.9545454545455,552.6991341991342
1498,1486,113,7624,1,7624,False,1010.50314795383,620.6301154249737
1499,1487,14,5140,1,5140,False,1466.9591439688716,581.682879377432
1499,1487,38,73092,1,73092,False,362.0436983527609,1324.596098068188
1499,1487,75,3156,1,3156,False,1421.1083650190114,549.8460076045627
1499,1487,113,7588,1,7588,False,1009.5616763310491,620.3281497100685
1500,1488,14,5292,1,5292,False,1466.025321239607,580.8250188964474
1500,1488,38,73432,1,73432,False,366.3180629698224,1324.025438500926
1500,1488,75,3428,1,3428,False,1417.328471411902,551.230455075846
1500,1488,113,7528,1,7528,False,1008.6179596174283,620.2959617428268
1501,1489,14,5412,1,5412,False,1465.459349593496,580.4408721359941
1501,1489,38,72752,1,72752,False,378.3887178359358,1325.6488893776116
1501,1489,75,3592,1,3592,False,1414.1481069042316,551.7427616926503
1501,1489,113,7556,1,7556,False,1006.9743250397036,621.1776071995765
1502,1490,14,5360,1,5360,False,1465.7298507462688,580.9044776119403
1502,1490,38,73568,1,73568,False,388.7775119617225,1321.968247063941
1502,1490,75,3808,1,3808,False,1411.3340336134454,553.9789915966387
1502,1490,113,7476,1,7476,False,1004.6979668271803,621.8739967897271
1503,1491,14,5384,1,5384,False,1465.5416047548292,580.8150074294205
1503,1491,38,76368,1,76368,False,391.16090509113764,1320.1746281164885
1503,1491,75,3980,1,3980,False,1409.2959798994975,555.7944723618091
1503,1491,113,7556,1,7556,False,1001.8414505029116,621.2570142932768
1504,1492,14,5452,2,5448,False,1465.4787234042556,580.6012472487159
1504,1492,38,75520,1,75520,False,393.4563559322034,1320.5712923728813
1504,1492,75,3992,1,3992,False,1408.0350701402806,556.2795591182364
1504,1492,113,7508,1,7508,False,999.3268513585509,621.5324986680873
1505,1493,14,5488,1,5488,False,1465.2944606413994,580.5685131195336
1505,1493,38,76240,1,76240,False,395.36096537250785,1320.4671563483735
1505,1493,75,4140,1,4140,False,1406.6468599033817,556.7724637681159
1505,1493,113,7552,1,7552,False,996.9533898305085,621.8135593220339
1506,1494,14,5588,1,5588,False,1464.1564065855405,580.2809591982821
1506,1494,38,76768,2,76756,False,396.45320967069614,1320.3047102959567
1506,1494,75,4064,1,4064,False,1405.7795275590552,556.4074803149606
1506,1494,113,7532,1,7532,False,995.0523101433882,622.0071694105152
1507,1495,14,5624,1,5624,False,1463.8598862019915,579.5896159317211
1507,1495,38,76616,1,76616,False,396.52359820403046,1322.4786989662734
1507,1495,75,4216,1,4216,False,1405.5379506641366,556.6195445920304
1507,1495,113,7500,1,7500,False,992.8168,621.1858666666667
1508,1496,14,5816,2,5812,False,1462.8906464924346,578.7159559834938
1508,1496,38,76124,2,76116,False,396.5795544112238,1323.4994219956911
1508,1496,75,4256,1,4256,False,1404.295112781955,556.3063909774436
1508,1496,113,7384,1,7384,False,990.1717226435536,620.9398699891658
1509,1497,14,5916,2,5912,False,1461.9077079107506,577.9658553076403
1509,1497,38,76044,1,76044,False,397.0151754247541,1327.5573878280995
1509,1497,75,4268,1,4268,False,1403.0004686035613,556.1063730084348
1509,1497,113,7540,1,7540,False,988.1233421750663,620.2665782493368
1510,1498,14,6076,1,6076,False,1461.411125740619,577.4203423304806
1510,1498,38,76160,1,76160,False,396.3341386554622,1330.5236344537816
1510,1498,75,4480,1,4480,False,1400.932142857143,557.1446428571429
1510,1498,113,7780,1,7780,False,984.9195372750643,618.2686375321337
1511,1499,14,6252,1,6252,False,1462.1557901471529,577.9676903390915
1511,1499,38,76476,3,76464,False,395.40736963230296,1332.0954809351954
1511,1499,75,4696,1,4696,False,1398.8270868824532,557.1831345826236
1511,1499,113,7808,1,7808,False,982.3145491803278,617.1229508196722
1512,1500,14,6176,1,6176,False,1461.9740932642487,577.8730569948186
1512,1500,38,76012,1,76012,False,395.83252644319316,1335.648450244698
1512,1500,75,4804,1,4804,False,1397.319317235637,557.5791007493755
1512,1500,113,7880,1,7880,False,980.6005076142131,616.9954314720812
1513,1501,14,6228,2,6220,False,1461.0022479126526,578.2803468208092
1513,1501,38,76216,1,76216,False,396.3094888212449,1337.1270599349218
1513,1501,75,4952,1,4952,False,1395.3142164781907,558.4337641357027
1513,1501,113,7832,1,7832,False,978.9136874361593,616.1200204290092
1514,1502,14,6232,1,6232,False,1460.6065468549423,578.8453145057766
1514,1502,38,76036,2,76024,False,396.79891104213795,1338.1879372928613
1514,1502,75,5068,1,5068,False,1393.879636937648,558.5078926598263
1514,1502,113,7692,1,7692,False,977.1999479979199,615.8333333333334
1515,1503,14,6128,1,6128,False,1459.1553524804178,579.1240208877284
1515,1503,38,76568,1,76568,False,396.1216696269982,1339.5224636924042
1515,1503,75,5236,1,5236,False,1392.5244461420932,558.4587471352178
1515,1503,113,7616,1,7616,False,975.15756302521,615.5808823529412
1516,1504,14,5944,1,5944,False,1457.7166890982503,579.0033647375504
1516,1504,38,75964,1,75964,False,395.4902585435206,1339.7782897161815
1516,1504,75,5260,1,5260,False,1391.8916349809886,558.819391634981
1516,1504,113,7676,1,7676,False,972.5177175612298,615.2868681605003
1517,1505,14,5672,1,5672,False,1455.9555712270803,577.4760225669958
1517,1505,38,76260,1,76260,False,395.9484133228429,1341.7276947285602
1517,1505,75,5208,1,5208,False,1391.8763440860216,559.1098310291859
1517,1505,113,7460,1,7460,False,970.0495978552278,615.241018766756
1518,1506,14,5496,1,5496,False,1455.339883551674,578.0414847161572
1518,1506,38,77036,2,77028,False,396.6480866088582,1342.290851030687
1518,1506,75,5156,1,5156,False,1391.932117920869,558.2626066718386
1518,1506,113,7412,1,7412,False,965.8157042633567,613.4217485159202
1519,1507,14,5264,1,5264,False,1454.2674772036473,579.6155015197569
1519,1507,38,77060,1,77060,False,397.9254866337919,1343.0576953023617
1519,1507,75,5260,1,5260,False,1391.541825095057,557.4368821292776
1519,1507,113,7364,1,7364,False,962.1882129277567,611.4560021727322
1520,1508,14,5252,1,5252,False,1454.2288651942117,581.6271896420411
1520,1508,38,76868,2,76864,False,399.2139511890514,1343.6054795233388
1520,1508,75,5212,1,5212,False,1391.5176515732924,556.596699923254
1520,1508,113,7280,1,7280,False,959.4978021978022,610.2120879120879
1521,1509,14,5376,1,5376,False,1455.9092261904761,582.953869047619
1521,1509,38,77212,1,77212,False,398.7361290991038,1344.3313215562348
1521,1509,75,5216,1,5216,False,1391.3220858895706,557.6395705521472
1521,1509,113,7280,1,7280,False,957.1626373626374,610.132967032967
1522,1510,14,5320,1,5320,False,1456.093984962406,584.4112781954888
1522,1510,38,76508,1,76508,True,400.2089977518691,1344.4826423380562
1522,1510,75,4924,1,4924,False,1391.7656376929326,553.6519090170593
1522,1510,113,7112,1,7112,False,954.9195725534308,609.5944881889764
1523,1511,14,5528,1,5528,False,1457.5723589001448,587.82995658466
1523,1511,38,75396,1,75396,False,400.2631704599714,1345.0390206376997
1523,1511,75,4976,1,4976,False,1391.6913183279744,551.8536977491962
1523,1511,113,7076,1,7076,False,953.4248162803844,609.4723007348784
1524,1512,14,5504,1,5504,False,1456.7732558139535,589.3968023255813
1524,1512,38,75328,1,75328,False,401.06350892098556,1347.2749575191165
1524,1512,75,4712,1,4712,False,1392.625636672326,546.7716468590831
1524,1512,113,7616,1,7616,False,952.1974789915967,608.8728991596639
1525,1513,14,5524,1,5524,False,1456.423244026068,590.2118030412745
1525,1513,38,76156,1,76156,False,401.1515048059247,1349.5748463679815
1525,1513,75,4876,1,4876,False,1392.4196062346186,547.0988515176374
1525,1513,113,7644,1,7644,False,951.0777080062794,609.1959706959707
1526,1514,14,5340,1,5340,False,1455.5816479400748,590.1868913857678
1526,1514,38,76148,1,76148,False,401.3685191994537,1350.1808320638756
1526,1514,75,4860,1,4860,False,1392.2300411522633,546.5658436213992
1526,1514,113,7656,1,7656,False,950.0663531870429,609.7706374085684
1527,1515,14,4996,2,4988,False,1454.6297037630104,588.7193755004004
1527,1515,38,77612,1,77612,True,401.8811266299026,1352.0559449569655
1527,1515,75,4920,1,4920,False,1392.4967479674797,547.1357723577236
1527,1515,113,7800,1,7800,False,948.7123076923077,610.376923076923
1528,1516,14,5112,1,5112,False,1454.1651017214397,590.8239436619718
1528,1516,38,76584,1,76584,True,401.10336362686724,1352.769299070302
1528,1516,75,4740,1,4740,False,1392.265400843882,546.057805907173
1528,1516,113,7140,1,7140,False,946.8170868347339,611.0378151260504
1529,1517,14,5168,1,5168,False,1453.8823529411766,591.3575851393189
1529,1517,38,77068,1,77068,True,401.9131935433643,1354.7313800799295
1529,1517,75,4744,1,4744,False,1392.3111298482293,546.3971332209106
1529,1517,113,7140,1,7140,False,944.0764705882353,611.7526610644258
1530,1518,14,5332,1,5332,False,1452.8165791447861,591.751312828207
1530,1518,38,77244,1,77244,True,402.0115737144633,1355.5240795401585
1530,1518,75,4640,1,4640,False,1391.4706896551725,544.7931034482758
1530,1518,113,7000,1,7000,False,940.6451428571429,612.6085714285714
1531,1519,14,5340,1,5340,False,1452.6887640449438,591.9831460674158
1531,1519,38,77320,1,77320,True,402.48396275219864,1356.2316088980858
1531,1519,75,4684,1,4684,False,1391.3351836037575,544.7356959863365
1531,1519,113,6760,1,6760,False,937.0147928994082,613.598224852071
1532,1520,14,5416,1,5416,False,1452.1115214180206,592.0184638109306
1532,1520,38,77444,1,77444,True,402.6775734724446,1356.593486906668
1532,1520,75,4608,1,4608,False,1391.0260416666667,544.546875
1532,1520,113,6732,1,6732,False,932.8137254901961,613.4007724301842
1533,1521,14,5696,1,5696,False,1450.5898876404494,589.9087078651686
1533,1521,38,77392,1,77392,True,402.97343394666115,1357.18213768865
1533,1521,75,4272,1,4272,False,1388.1797752808989,544.4812734082396
1533,1521,113,6700,1,6700,False,929.1985074626866,613.5662686567164
1534,1522,14,5524,1,5524,False,1450.0467052860247,590.5419985517741
1534,1522,38,76908,1,76908,True,403.46718156758726,1357.7748738752796
1534,1522,75,4220,1,4220,False,1387.7018957345972,544.7843601895735
1534,1522,113,6792,1,6792,False,926.2703180212014,614.3150765606596
1535,1523,14,5472,1,5472,False,1448.9751461988303,590.8669590643275
1535,1523,38,76976,1,76976,True,403.6029931407192,1357.847744751611
1535,1523,75,4128,1,4128,False,1386.3953488372092,544.4069767441861
1535,1523,113,6876,1,6876,False,923.5331588132635,614.6012216404887
1536,1524,14,5348,1,5348,False,1447.3182498130143,591.1910994764398
1536,1524,38,76828,1,76828,True,403.47027125527154,1357.794007393138
1536,1524,75,4140,1,4140,False,1386.0458937198068,544.8903381642513
1536,1524,113,6660,1,6660,False,920.745045045045,613.6615615615616
1537,1525,14,5332,1,5332,False,1444.280945236309,590.8285821455364
1537,1525,38,76840,1,76840,True,403.83951067152526,1357.8830296720457
1537,1525,75,4028,1,4028,False,1384.5039721946375,543.8426017874876
1537,1525,113,6868,1,6868,False,919.782469423413,614.8401281304601
1538,1526,14,5316,1,5316,False,1441.4375470278405,590.3434913468774
1538,1526,38,76552,1,76552,True,403.7339847423973,1358.5460863204096
1538,1526,75,4020,1,4020,False,1383.487064676617,543.9069651741294
1538,1526,113,6700,1,6700,False,917.676119402985,613.9280597014925
1539,1527,14,5264,1,5264,False,1439.5091185410333,589.9984802431611
1539,1527,38,76236,1,76236,True,403.77383388425415,1358.7436644105146
1539,1527,75,4056,1,4056,False,1382.9437869822484,544.3678500986193
1539,1527,113,6588,1,6588,False,916.1867030965392,613.5856102003643
1540,1528,14,5308,1,5308,False,1437.5429540316504,589.3756593820648
1540,1528,38,75848,1,75848,True,403.9265372850965,1359.2235523678937
1540,1528,75,3952,1,3952,False,1381.740890688259,543.8724696356276
1540,1528,113,6476,1,6476,False,914.16893143916,613.1399011735639
1541,1529,14,5372,1,5372,False,1436.1217423678331,588.9154877140729
1541,1529,38,75504,1,75504,True,404.15946175037084,1359.8391608391607
1541,1529,75,3984,1,3984,False,1380.5923694779117,544.3052208835342
1541,1529,113,6352,1,6352,False,911.8148614609572,612.5327455919396
1542,1530,14,5444,1,5444,False,1435.4169728141073,588.7733284349742
1542,1530,38,75440,1,75440,True,404.18250265111345,1360.1222693531283
1542,1530,75,4032,1,4032,False,1380.4900793650793,543.8055555555555
1542,1530,113,6284,1,6284,False,909.0257797581158,612.6845957988543
1543,1531,14,5468,1,5468,False,1435.1686174103877,588.2161667885881
1543,1531,38,75144,1,75144,True,404.14611945065474,1360.4583732566805
1543,1531,75,4204,1,4204,False,1381.2764034253091,543.5980019029496
1543,1531,113,6264,1,6264,False,906.4859514687101,612.7068965517242
1544,1532,14,5520,1,5520,False,1434.9840579710144,587.1434782608695
1544,1532,38,75148,1,75148,True,404.4289934529196,1359.942912652366
1544,1532,75,4256,1,4256,False,1381.8063909774437,542.9736842105264
1544,1532,113,6212,1,6212,False,902.4729555698648,612.0080489375403
1545,1533,14,5548,1,5548,False,1435.370944484499,586.1842105263158
1545,1533,38,75272,1,75272,True,404.6385907110214,1360.9197045382082
1545,1533,75,4344,1,4344,False,1382.3802946593003,542.7228360957643
1545,1533,113,6160,1,6160,False,900.8220779220779,612.8844155844156
1546,1534,14,5544,1,5544,False,1436.0007215007215,584.8059163059163
1546,1534,38,75352,2,75348,True,405.24020596666315,1360.832731712496
1546,1534,75,4224,1,4224,False,1382.0625,542.6136363636364
1546,1534,113,6004,1,6004,False,896.7544970019986,612.1469020652899
1547,1535,14,5412,1,5412,False,1436.4852180339985,584.0654101995566
1547,1535,38,75484,1,75484,True,405.7560012717927,1361.2837422500133
1547,1535,75,4244,1,4244,False,1381.9269557021678,543.495287464656
1547,1535,113,6084,1,6084,False,894.6065088757397,612.6669953977646
1548,1536,14,5484,1,5484,False,1436.389132020423,584.0171407731583
1548,1536,38,75236,1,75236,True,405.84999202509437,1361.5843745015684
1548,1536,75,4284,1,4284,False,1381.9565826330531,544.0424836601308
1548,1536,113,6044,1,6044,False,892.734281932495,613.0175380542687
1549,1537,14,5500,1,5500,False,1436.6847272727273,583.8861818181819
1549,1537,38,75448,1,75448,True,406.4915173364436,1361.6814229668116
1549,1537,75,4280,1,4280,False,1382.3654205607477,544.3485981308411
1549,1537,113,6236,1,6236,False,892.5833867864015,614.4730596536241
1550,1538,14,5420,2,5416,False,1437.418081180812,583.8490774907748
1550,1538,38,75284,1,75284,True,406.6551458477233,1361.8555071462729
1550,1538,75,4176,1,4176,False,1383.5555555555557,544.6340996168583
1550,1538,113,6068,1,6068,False,889.8935398813447,613.4413315754779
1551,1539,14,5536,2,5524,False,1437.458092485549,583.8684971098265
1551,1539,38,75384,1,75384,True,407.158813541335,1361.9577098588559
1551,1539,75,4028,1,4028,False,1383.7929493545184,543.8922542204568
1551,1539,113,6056,1,6056,False,889.4841479524439,613.95178335535
1552,1540,14,5524,2,5512,False,1437.6238233164374,584.0380159304851
1552,1540,38,75040,1,75040,True,407.3736673773987,1362.1081023454158
1552,1540,75,4004,1,4004,False,1384.46003996004,543.5949050949051
1552,1540,113,6000,1,6000,False,887.4906666666667,613.3613333333333
1553,1541,14,5536,2,5524,False,1438.0953757225434,584.0231213872833
1553,1541,38,74684,2,74664,True,407.68729580633067,1362.4263028225591
1553,1541,75,3984,2,3980,False,1384.5963855421687,544.2690763052209
1553,1541,113,6076,1,6076,False,887.7429229756418,613.8232389730085
1554,1542,14,5492,2,5480,False,1438.527676620539,583.9799708667153
1554,1542,38,74656,1,74656,True,407.8287612516074,1362.8437633947706
1554,1542,75,4032,1,4032,False,1384.9742063492063,544.875
1554,1542,113,6108,1,6108,False,887.2648984937787,613.9905042567125
1555,1543,14,5532,2,5524,False,1438.727042660882,583.5976138828634
1555,1543,38,74752,2,74732,True,407.7802868150685,1362.6005993150686
1555,1543,75,3944,1,3944,False,1385.1227180527383,544.370182555781
1555,1543,113,6056,1,6056,False,885.93857331572,613.9332892998679
1556,1544,14,5540,2,5528,False,1439.0039711191337,582.8898916967509
1556,1544,38,74568,2,74552,True,407.7895612058792,1362.650949468941
1556,1544,75,4048,2,4044,False,1386.7727272727273,543.6916996047431
1556,1544,113,5988,1,5988,False,884.7484969939879,614.1646626586506
1557,1545,14,5632,2,5616,False,1438.8522727272727,582.2585227272729
1557,1545,38,74540,1,74540,True,407.9636973437081,1362.6171988194258
1557,1545,75,4160,1,4160,False,1387.1423076923077,542.5615384615385
1557,1545,113,6028,1,6028,False,883.800597213006,614.2690776376908
1558,1546,14,5416,1,5416,False,1439.4158050221565,585.6048744460857
1558,1546,38,74228,1,74228,True,408.0817211833809,1362.6959368432397
1558,1546,75,4356,2,4352,False,1390.0996326905417,540.3622589531681
1558,1546,113,6072,1,6072,False,882.328722002635,613.9532279314888
1559,1547,14,5404,2,5380,False,1440.0499629903775,586.4481865284973
1559,1547,38,74244,1,74244,True,408.19904638758686,1362.5018317978556
1559,1547,75,4412,1,4412,False,1390.9188576609247,539.6586582048957
1559,1547,113,6136,2,6132,False,880.3878748370274,612.9719687092569
1560,1548,14,5408,2,5384,False,1440.0384615384614,586.7011834319527
1560,1548,38,73808,1,73808,True,408.2360719705181,1362.7073487968785
1560,1548,75,4428,1,4428,False,1391.294941282746,539.3274616079494
1560,1548,113,6108,1,6108,False,877.7888015717092,613.0631958087754
1561,1549,14,5428,1,5428,False,1439.8691967575535,586.8787767133382
1561,1549,38,73584,2,73572,True,408.67308110458794,1362.3351815612089
1561,1549,75,4416,1,4416,False,1391.269927536232,539.2608695652174
1561,1549,113,6124,1,6124,False,877.0826257348139,613.8651208360549
1562,1550,14,5404,2,5376,False,1439.6339748334567,586.6080680977054
1562,1550,38,73688,1,73688,True,408.6691455867984,1362.6420041255021
1562,1550,75,4376,1,4376,False,1391.5036563071299,539.1599634369287
1562,1550,113,5952,1,5952,False,872.6559139784946,614.0981182795699
1563,1551,14,5384,1,5384,False,1439.4554234769687,586.7466567607727
1563,1551,38,73428,2,73424,True,408.9352563054965,1361.7323364384158
1563,1551,75,4380,1,4380,False,1391.7219178082191,539.6525114155252
1563,1551,113,6048,1,6048,False,870.2248677248677,615.494708994709
1564,1552,14,5372,1,5372,False,1439.3637379002234,586.6102010424423
1564,1552,38,73216,1,73216,True,408.76038024475525,1361.6859702797203
1564,1552,75,4392,1,4392,False,1391.716757741348,539.7768670309654
1564,1552,113,6144,1,6144,False,866.9166666666666,617.23828125
1565,1553,14,5388,1,5388,False,1439.4294729027467,586.9112843355605
1565,1553,38,73124,2,73116,True,408.6643236146819,1361.9065970132924
1565,1553,75,4396,1,4396,False,1391.4990900818925,539.8412192902639
1565,1553,113,6224,1,6224,False,861.853470437018,620.3778920308483
1566,1554,14,5404,1,5404,False,1439.3956328645447,586.7501850481125
1566,1554,38,72780,1,72780,True,408.7208298983237,1361.4156361637813
1566,1554,75,4360,1,4360,False,1391.5550458715597,540.1899082568807
1566,1554,113,6248,1,6248,False,853.4308578745198,621.3822023047375
1567,1555,14,5404,1,5404,False,1439.3645447816432,587.0521835677276
1567,1555,38,72744,1,72744,True,408.94902672385354,1361.5695040140768
1567,1555,75,4328,1,4328,False,1391.7587800369686,538.8604436229206
1567,1555,113,6432,1,6432,False,844.9116915422885,624.2101990049752
1568,1556,14,5400,1,5400,False,1439.388888888889,587.4037037037037
1568,1556,38,72388,1,72388,True,409.106067303973,1360.8008233408852
1568,1556,75,4348,1,4348,False,1392.7465501379945,538.1982520699172
1568,1556,113,6264,1,6264,False,836.2701149425287,625.8397190293742
1569,1557,14,5444,1,5444,False,1439.3846436443791,587.0745775165319
1569,1557,38,72200,1,72200,True,409.28304709141275,1360.5931855955678
1569,1557,75,4316,1,4316,False,1392.260889712697,538.1774791473587
1569,1557,113,6252,2,6204,False,827.864043506078,627.5633397312861
1570,1558,14,5444,3,5436,False,1439.3817046289494,587.2964731814842
1570,1558,38,72100,1,72100,True,409.2152288488211,1360.9836615811373
1570,1558,75,4292,1,4292,False,1392.0973904939422,538.1756756756756
1570,1558,113,6632,1,6632,False,818.6495778045838,627.5916767189385
1571,1559,14,5412,2,5408,False,1439.4844789356985,587.7801182557281
1571,1559,38,71976,1,71976,True,409.30982549738803,1361.088862954318
1571,1559,75,4252,1,4252,False,1392.530103480715,537.9299153339605
1571,1559,113,6884,1,6884,False,810.0804764671702,627.9119697850088
1572,1560,14,5412,2,5408,False,1439.5746489283074,587.939763488544
1572,1560,38,71876,1,71876,True,409.48870276587456,1360.688769547554
1572,1560,75,4248,1,4248,False,1392.731638418079,537.7919020715631
1572,1560,113,6632,1,6632,False,804.0379975874548,630.3202653799759
1573,1561,14,5492,1,5492,False,1438.7825928623452,588.1023306627823
1573,1561,38,72724,1,72724,True,409.3535284087784,1363.37893955228
1573,1561,75,4320,1,4320,False,1392.4944444444445,534.1240740740741
1573,1561,113,7872,1,7872,False,795.7743902439024,629.3018292682926
1574,1562,14,5580,1,5580,False,1438.862724014337,587.4906810035842
1574,1562,38,72860,1,72860,True,409.674636288773,1363.4380181169365
1574,1562,75,4316,1,4316,False,1392.0773864689527,534.3980537534754
1574,1562,113,7224,1,7224,False,782.9595791805094,632.921926910299
1575,1563,14,5732,1,5732,False,1437.7728541521285,586.2990230286113
1575,1563,38,72928,1,72928,True,409.826129881527,1363.2576788064941
1575,1563,75,4424,1,4424,False,1390.9195298372513,536.1726943942134
1575,1563,113,7168,1,7168,False,767.8660714285714,636.5758928571429
1576,1564,14,5284,1,5284,False,1435.9231642694929,584.166919000757
1576,1564,38,72724,1,72724,True,410.44785765359444,1363.1792805676255
1576,1564,75,4400,1,4400,False,1390.4981818181818,535.6672727272727
1576,1564,113,7528,1,7528,False,753.278958554729,637.1567481402762
1577,1565,14,5516,1,5516,False,1436.7958665699782,588.5348078317621
1577,1565,38,72624,1,72624,True,410.5753469927297,1363.6998237497246
1577,1565,75,4412,1,4412,False,1390.976881233001,536.9079782411604
1577,1565,113,7276,1,7276,False,740.8287520615723,637.5929081913139
1578,1566,14,5624,1,5624,False,1436.400426742532,589.2752489331436
1578,1566,38,72496,1,72496,True,411.30434782608694,1363.839770470095
1578,1566,75,4304,1,4304,False,1391.546468401487,536.7750929368029
1578,1566,113,7296,1,7296,False,731.9166666666666,638.905701754386
1579,1567,14,5524,1,5524,False,1434.9532947139753,589.4732078204199
1579,1567,38,72420,1,72420,True,411.8665838166252,1364.38080640707
1579,1567,75,4440,1,4440,False,1391.373873873874,537.3504504504505
1579,1567,113,7388,1,7388,False,725.2406605305902,641.479967514889
1580,1568,14,5744,1,5744,False,1433.3050139275765,590.3328690807799
1580,1568,38,72364,1,72364,True,411.9650378641313,1364.7877673981538
1580,1568,75,4076,1,4076,False,1391.3243375858685,534.680569185476
1580,1568,113,7568,1,7568,False,717.8964059196618,644.9513742071881
1581,1569,14,5704,1,5704,False,1431.7173913043478,590.5673211781207
1581,1569,38,72240,1,72240,True,412.57098560354376,1364.809080841639
1581,1569,75,4424,1,4424,False,1389.8996383363472,539.3191681735985
1581,1569,113,7812,1,7812,False,706.0309779825909,646.052483358935
1582,1570,14,6044,1,6044,False,1429.2160820648578,589.2690271343481
1582,1570,38,72064,1,72064,True,412.75810390763763,1364.6470914742451
1582,1570,75,4008,1,4008,False,1390.1766467065868,537.192614770459
1582,1570,113,7936,1,7936,False,693.9879032258065,648.0302419354839
1583,1571,14,6424,1,6424,False,1426.1214196762141,589.8773349937734
1583,1571,38,71696,1,71696,True,412.9794688685561,1364.538384289221
1583,1571,75,3840,1,3840,False,1390.0541666666666,536.1958333333333
1583,1571,113,7728,1,7728,False,685.703933747412,648.9679089026915
1584,1572,14,7052,1,7052,False,1420.5419739081112,590.1199659671015
1584,1572,38,71756,1,71756,True,412.8207536651987,1364.6492836835944
1584,1572,75,3220,1,3220,False,1392.2714285714285,526.6590062111801
1584,1572,113,7748,1,7748,False,678.2263810015488,648.247031491998
1585,1573,14,5860,1,5860,False,1418.5778156996587,601.7204778156996
1585,1573,38,72008,1,72008,True,412.6358737918009,1363.992389734474
1585,1573,75,4304,1,4304,False,1401.6617100371748,530.1152416356878
1585,1573,113,7696,1,7696,False,672.9178794178794,648.5114345114345
1586,1574,14,5652,1,5652,False,1417.882873319179,606.5792639773531
1586,1574,38,72012,1,72012,True,412.8859356773871,1363.8267788701883
1586,1574,75,4844,1,4844,False,1402.5875309661437,532.3265895953757
1586,1574,113,7628,1,7628,False,667.94100681699,648.9331410592554
1587,1575,14,5872,1,5872,False,1416.7384196185287,611.2179836512262
1587,1575,38,71892,1,71892,True,412.97660379458074,1363.3843264897346
1587,1575,75,4828,1,4828,False,1403.1329743164872,532.2647058823529
1587,1575,113,7732,1,7732,False,664.1533885152612,650.2144335230212
1588,1576,14,5916,1,5916,False,1414.9841108857336,613.473630831643
1588,1576,38,71624,1,71624,True,413.1678208421758,1362.8396626828996
1588,1576,75,4916,1,4916,False,1403.1769731489017,532.4951179820993
1588,1576,113,7600,1,7600,False,659.9547368421053,651.8168421052632
1589,1577,14,5744,1,5744,False,1413.0961002785516,615.7200557103064
1589,1577,38,71792,1,71792,True,413.0086917762425,1362.9952083797637
1589,1577,75,5000,1,5000,False,1403.3112,532.676
1589,1577,113,7524,1,7524,False,652.3915470494418,651.9258373205741
1590,1578,14,5672,1,5672,False,1410.546544428773,618.8977433004231
1590,1578,38,71816,1,71816,True,412.89255876127885,1362.9186253759608
1590,1578,75,5032,1,5032,False,1403.8004769475358,532.5540540540541
1590,1578,113,7620,1,7620,False,645.2296587926509,651.6286089238845
1591,1579,14,5800,1,5800,False,1408.1206896551723,622.268275862069
1591,1579,38,71724,1,71724,True,412.8400814232335,1363.3143438737382
1591,1579,75,5096,1,5096,False,1404.8720565149138,531.9866562009419
1591,1579,113,7532,1,7532,False,637.49522039299,651.3762612851832
1592,1580,14,5608,1,5608,False,1404.6440798858773,623.0477888730385
1592,1580,38,72340,1,72340,False,411.80926181918716,1360.9815040088472
1592,1580,75,5700,1,5700,False,1405.3561403508772,531.0347368421053
1592,1580,113,7176,1,7176,False,630.5914158305462,651.4386845039019
1593,1581,14,5456,1,5456,False,1400.8856304985338,620.0351906158357
1593,1581,38,72280,1,72280,False,412.0245157719978,1361.0750968456005
1593,1581,75,5796,1,5796,False,1405.852657004831,530.9030365769496
1593,1581,113,7228,1,7228,False,623.9222468179303,650.970392916436
1594,1582,14,5220,1,5220,False,1398.404980842912,613.0026819923372
1594,1582,38,72108,1,72108,False,411.95581627558664,1361.048288678094
1594,1582,75,5808,1,5808,False,1406.3030303030303,529.8760330578513
1594,1582,113,7028,1,7028,False,618.3417757541264,651.1397268070575
1595,1583,14,5156,1,5156,False,1397.365787432118,607.555081458495
1595,1583,38,72008,1,72008,False,411.6753138540162,1361.113376291523
1595,1583,75,5712,1,5712,False,1407.5210084033613,528.9439775910364
1595,1583,113,7040,1,7040,False,613.6397727272728,652.021590909091
1596,1584,14,5172,1,5172,False,1397.4481825212683,604.6979891724671
1596,1584,38,71928,1,71928,False,411.598320542765,1361.2899010121232
1596,1584,75,5600,1,5600,False,1407.7428571428572,528.5957142857143
1596,1584,113,6996,1,6996,False,609.3473413379073,651.9453973699257
1597,1585,14,5144,1,5144,False,1397.1205287713842,604.1034214618974
1597,1585,38,71764,1,71764,False,410.43055013655874,1361.5646006354161
1597,1585,75,5640,1,5640,False,1409.077304964539,528.3283687943263
1597,1585,113,7176,1,7176,False,606.3896321070234,652.2346711259755
1598,1586,14,5052,1,5052,False,1397.3772763262075,603.4643705463183
1598,1586,38,73200,1,73200,False,410.844043715847,1361.1834972677595
1598,1586,75,5620,1,5620,False,1408.8046263345195,528.5683274021352
1598,1586,113,7584,1,7584,False,603.2373417721519,653.3438818565401
1599,1587,14,5124,1,5124,False,1396.9215456674474,602.6155347384855
1599,1587,38,71868,1,71868,False,411.60279957700226,1361.1677798185563
1599,1587,75,5564,1,5564,False,1408.912652767793,529.008986340762
1599,1587,113,7180,1,7180,False,597.9941504178273,653.6520891364903
1600,1588,14,5012,1,5012,False,1396.964485235435,602.3276137270551
1600,1588,38,71940,1,71940,False,411.6914373088685,1361.1844592716152
1600,1588,75,5552,1,5552,False,1409.0172910662825,528.8962536023055
1600,1588,113,7140,1,7140,False,592.7991596638656,654.289355742297
1601,1589,14,5004,1,5004,False,1397.081934452438,602.146682653877
1601,1589,38,71876,1,71876,False,411.7101953364127,1361.1976459457956
1601,1589,75,5524,1,5524,False,1408.8837798696597,528.9793627805938
1601,1589,113,7164,1,7164,False,587.0326633165829,654.7010050251256
1602,1590,14,4968,1,4968,False,1397.2375201288244,601.9380032206119
1602,1590,38,71860,1,71860,False,411.76913442805454,1361.239215140551
1602,1590,75,5516,1,5516,False,1409.278825235678,529.0714285714286
1602,1590,113,7064,2,7040,False,581.4807474518686,656.1206115515289
1603,1591,14,5000,1,5000,False,1397.7976,602.1032
1603,1591,38,71884,1,71884,False,412.0954593511769,1360.9272438929386
1603,1591,75,5404,1,5404,False,1408.800518134715,529.0773501110289
1603,1591,113,7200,2,7196,False,576.4511111111112,656.8166666666667
1604,1592,14,5000,1,5000,False,1397.8856,601.9416
1604,1592,38,71760,1,71760,False,412.2916387959866,1361.126978818283
1604,1592,75,5432,1,5432,False,1408.9860088365242,528.9860088365243
1604,1592,113,7168,2,7164,False,571.9564732142857,657.8314732142857
1605,1593,14,5016,1,5016,False,1398.0534290271132,601.9545454545455
1605,1593,38,71612,1,71612,False,412.4681617605988,1361.2795341562867
1605,1593,75,5376,1,5376,False,1409.485119047619,529.2113095238095
1605,1593,113,7064,2,7060,False,566.9484711211778,658.2191392978483
1606,1594,14,5024,1,5024,False,1398.1464968152866,602.0238853503184
1606,1594,38,71516,1,71516,False,412.34126629006096,1361.4763409586667
1606,1594,75,5384,1,5384,False,1410.054234769688,529.2533432392273
1606,1594,113,7008,2,7004,False,562.9851598173517,658.8538812785388
1607,1595,14,5032,1,5032,False,1398.1089030206676,601.9594594594595
1607,1595,38,71484,1,71484,False,412.4200940070505,1361.5346371215937
1607,1595,75,5348,1,5348,False,1409.3451757666417,528.9442782348541
1607,1595,113,6740,2,6716,False,557.0982195845696,659.9255192878338
1608,1596,14,4992,1,4992,False,1398.7708333333333,601.8317307692307
1608,1596,38,71512,1,71512,False,412.67854346123727,1361.3945072155723
1608,1596,75,5212,1,5212,False,1408.4447429009977,528.317344589409
1608,1596,113,6744,1,6744,False,549.9721233689205,660.9922894424674
1609,1597,14,4972,1,4972,False,1399.5410297666936,602.0366049879324
1609,1597,38,71452,1,71452,False,412.6439847729945,1361.339948496893
1609,1597,75,5332,1,5332,False,1409.0446361590398,528.7865716429108
1609,1597,113,6960,2,6948,False,540.5712643678161,663.3011494252873
1610,1598,14,4872,1,4872,False,1400.0862068965516,602.2832512315271
1610,1598,38,71300,1,71300,False,412.4454698457223,1361.3970546984572
1610,1598,75,5424,1,5424,False,1410.098820058997,529.3731563421829
1610,1598,113,6852,1,6852,False,531.5122591943958,666.6809690601284
1611,1599,14,4860,1,4860,False,1400.432510288066,601.854732510288
1611,1599,38,71340,1,71340,False,412.00468180543874,1361.141435379871
1611,1599,75,5432,1,5432,False,1410.8917525773195,529.6723122238586
1611,1599,113,6748,1,6748,False,525.0903971547125,670.3103141671606
1612,1600,14,4844,1,4844,False,1400.9756399669695,601.7320396366639
1612,1600,38,70940,1,70940,False,411.57978573442347,1360.931237665633
1612,1600,75,5484,1,5484,False,1411.7472647702407,529.8172866520788
1612,1600,113,6652,1,6652,False,518.17167769092,671.800060132291
1613,1601,14,4932,1,4932,False,1401.5802919708028,601.19099756691
1613,1601,38,70680,1,70680,False,411.57696661007355,1360.7105263157894
1613,1601,75,5468,1,5468,False,1412.1386247256767,530.0844915874177
1613,1601,113,6700,1,6700,False,512.8570149253732,673.2044776119403
1614,1602,14,4972,1,4972,False,1402.0559131134353,601.0277554304103
1614,1602,38,70512,1,70512,False,411.4085545722714,1360.732244157023
1614,1602,75,5508,1,5508,False,1413.0359477124182,530.579883805374
1614,1602,113,6748,1,6748,False,508.8366923532899,674.8734439834025
1615,1603,14,4992,1,4992,False,1402.6378205128206,601.5464743589744
1615,1603,38,70268,1,70268,False,410.96075027039336,1360.5707007457163
1615,1603,75,5668,1,5668,False,1413.9057868736768,531.7251235003529
1615,1603,113,6716,1,6716,False,504.6524717093508,676.6405598570577
1616,1604,14,4980,1,4980,False,1405.4092369477912,601.5538152610442
1616,1604,38,70096,1,70096,False,411.1116183519744,1360.5002282583885
1616,1604,75,5708,1,5708,False,1413.4740714786265,531.4446391030133
1616,1604,113,6740,2,6732,False,499.00089020771514,678.6614243323443
1617,1605,14,5056,1,5056,False,1406.6819620253164,601.2626582278481
1617,1605,38,70356,1,70356,False,410.58164193530047,1360.1658138609357
1617,1605,75,5712,1,5712,False,1413.6358543417366,531.3487394957983
1617,1605,113,6728,1,6728,False,491.4346016646849,679.9970273483948
1618,1606,14,4980,1,4980,False,1408.4261044176708,602.8293172690763
1618,1606,38,70252,1,70252,False,410.75041279963557,1360.030604110915
1618,1606,75,5756,1,5756,False,1414.3679638637943,531.8995830437804
1618,1606,113,6796,1,6796,False,484.4870512065921,681.9255444379047
1619,1607,14,5020,1,5020,False,1408.5621513944222,603.0498007968127
1619,1607,38,70012,1,70012,False,410.6518596811975,1360.0901274067303
1619,1607,75,5772,1,5772,False,1414.8950103950103,531.9054054054054
1619,1607,113,6904,1,6904,False,476.77694090382386,683.0156431054461
1620,1608,14,4872,1,4872,False,1409.5623973727422,603.7692939244663
1620,1608,38,69948,1,69948,False,410.40118373648994,1360.012094698919
1620,1608,75,5764,1,5764,False,1415.030187369882,532.116932685635
1620,1608,113,6916,1,6916,False,469.76662810873336,684.072006940428
1621,1609,14,4804,1,4804,False,1410.6165695253956,604.1935886761032
1621,1609,38,69940,1,69940,False,410.49199313697454,1359.9165284529597
1621,1609,75,5800,1,5800,False,1414.9620689655173,532.0448275862069
1621,1609,113,6848,1,6848,False,464.1658878504673,685.3434579439253
1622,1610,14,4884,1,4884,False,1410.1494676494676,603.8628173628174
1622,1610,38,69812,1,69812,False,410.6013006359938,1359.8708817968259
1622,1610,75,5828,1,5828,False,1414.6070693205215,532.2982155113247
1622,1610,113,6728,1,6728,False,459.1860879904875,686.794887039239
1623,1611,14,4980,1,4980,False,1409.4333333333334,603.6469879518072
1623,1611,38,69692,1,69692,False,410.6755151236871,1359.6266716409343
1623,1611,75,5896,1,5896,False,1414.69131614654,532.9219810040705
1623,1611,113,6744,1,6744,False,455.2817319098458,688.0800711743773
1624,1612,14,4956,1,4956,False,1409.7235673930588,603.3393866020984
1624,1612,38,69640,1,69640,False,410.7820218265365,1359.6217690982194
1624,1612,75,5880,1,5880,False,1414.1721088435374,533.4047619047619
1624,1612,113,6740,1,6740,False,451.4673590504451,689.0364985163204
1625,1613,14,4920,1,4920,False,1409.7829268292683,603.6658536585365
1625,1613,38,69612,1,69612,False,410.67111992185255,1359.5962477733724
1625,1613,75,5944,1,5944,False,1414.1783310901749,533.6440107671601
1625,1613,113,6804,1,6804,False,446.87389770723104,689.8133450911229
1626,1614,14,4872,1,4872,False,1410.307881773399,603.8218390804598
1626,1614,38,69516,1,69516,False,410.8187755336901,1359.8022613499052
1626,1614,75,5996,1,5996,False,1414.1437625083388,533.6661107404937
1626,1614,113,6804,1,6804,False,441.65343915343914,690.2178130511464
1627,1615,14,4960,1,4960,False,1409.8854838709678,603.4387096774194
1627,1615,38,69492,1,69492,False,410.8331606515858,1359.7319115869452
1627,1615,75,6036,1,6036,False,1413.6278992710404,533.9433399602385
1627,1615,113,6724,1,6724,False,437.47204045211186,690.3143961927424
1628,1616,14,5004,1,5004,False,1409.6382893685052,602.9684252597922
1628,1616,38,69224,1,69224,False,411.09043106437076,1359.7090604414655
1628,1616,75,6064,1,6064,False,1413.8403693931398,534.5778364116095
1628,1616,113,6756,1,6756,False,433.7978093546477,690.0879218472469
1629,1617,14,4876,1,4876,False,1409.9405250205086,603.9060705496308
1629,1617,38,69084,1,69084,False,411.06985698569855,1359.755862428348
1629,1617,75,6036,1,6036,False,1413.9698475811797,535.5497017892644
1629,1617,113,6716,1,6716,False,431.15991661703396,689.9723049434187
1630,1618,14,4656,1,4656,False,1410.6941580756013,605.4432989690722
1630,1618,38,68888,1,68888,False,411.1203692950877,1359.600801300662
1630,1618,75,6016,1,6016,False,1413.0531914893618,536.7406914893617
1630,1618,113,6640,1,6640,False,428.6759036144578,690.5048192771085
1631,1619,14,4544,1,4544,False,1411.2940140845071,606.2007042253521
1631,1619,38,68764,1,68764,False,411.3125181781165,1359.6874818218835
1631,1619,75,5984,1,5984,False,1412.7272727272727,537.7860962566845
1631,1619,113,6556,1,6556,False,426.1400244051251,690.7660158633313
1632,1620,14,4420,1,4420,False,1411.3633484162897,607.0755656108597
1632,1620,38,68496,1,68496,False,411.70684419528146,1359.7967764540995
1632,1620,75,6020,1,6020,False,1412.0813953488373,538.4468438538206
1632,1620,113,6580,1,6580,False,423.59665653495443,691.0604863221885
1633,1621,14,4336,1,4336,False,1411.4981549815498,607.5756457564576
1633,1621,38,68300,1,68300,False,411.909663250366,1359.6862957540263
1633,1621,75,5916,1,5916,False,1411.577755240027,538.86646382691
1633,1621,113,6640,1,6640,False,421.46385542168673,691.3012048192771
1634,1622,14,4344,1,4344,False,1411.6694290976059,607.2845303867404
1634,1622,38,68188,1,68188,False,412.11917052853875,1359.529623980759
1634,1622,75,5856,1,5856,False,1411.1693989071039,539.0874316939891
1634,1622,113,6620,1,6620,False,419.7410876132931,691.7858006042296
1635,1623,14,4496,1,4496,False,1412.6957295373666,605.7064056939502
1635,1623,38,68160,1,68160,False,412.2663145539906,1359.5411971830986
1635,1623,75,5712,1,5712,False,1410.187675070028,538.4439775910364
1635,1623,113,6808,1,6808,False,418.0088131609871,694.024089306698
1636,1624,14,4556,1,4556,False,1413.040825285338,605.3340649692713
1636,1624,38,68188,1,68188,False,412.2091570364287,1359.5413562503666
1636,1624,75,5696,1,5696,False,1410.0898876404494,538.3609550561798
1636,1624,113,6748,1,6748,False,415.6606401896858,694.8343212803794
1637,1625,14,4500,2,4492,False,1412.9231111111112,605.9044444444445
1637,1625,38,68376,1,68376,False,411.9660114660115,1359.3439218439219
1637,1625,75,5760,1,5760,False,1410.3763888888889,538.6236111111111
1637,1625,113,6792,2,6780,False,413.7579505300353,697.4458186101295
1638,1626,14,4508,1,4508,False,1413.1335403726707,605.9196983141082
1638,1626,38,68192,1,68192,False,411.9717268887846,1359.3973486625998
1638,1626,75,5768,1,5768,False,1410.229542302358,538.628987517337
1638,1626,113,6828,1,6828,False,411.5439367311072,698.9545987111892
1639,1627,14,4452,1,4452,False,1412.9492362982928,606.237646001797
1639,1627,38,68160,1,68160,False,411.77406103286387,1359.3528169014085
1639,1627,75,5812,1,5812,False,1410.433929800413,538.8289745354439
1639,1627,113,6888,2,6884,False,410.0005807200929,699.9262485481997
1640,1628,14,4468,1,4468,False,1412.9923903312445,606.1025067144136
1640,1628,38,68032,1,68032,False,411.42650517403575,1359.3073847601129
1640,1628,75,5800,1,5800,False,1410.3620689655172,538.7772413793103
1640,1628,113,7036,2,7032,False,409.3993746446845,702.1759522455941
1641,1629,14,4464,1,4464,False,1412.921146953405,606.1989247311828
1641,1629,38,67940,1,67940,False,411.26385045628496,1359.3217839269944
1641,1629,75,5796,1,5796,False,1410.4710144927535,538.8160800552105
1641,1629,113,7068,2,7064,False,407.24589700056595,703.7201471420486
1642,1630,14,4444,1,4444,False,1412.8330333033302,606.43699369937
1642,1630,38,67860,1,67860,False,411.18140288829943,1359.3418508694372
1642,1630,75,5824,1,5824,False,1410.478021978022,538.9423076923077
1642,1630,113,7160,1,7160,False,404.35251396648044,705.2921787709497
1643,1631,14,4548,1,4548,False,1413.291556728232,605.5131926121372
1643,1631,38,67740,1,67740,False,411.2365810451727,1359.1282846176557
1643,1631,75,5688,1,5688,False,1409.4634317862167,538.2552742616034
1643,1631,113,7180,1,7180,False,400.6114206128134,707.4281337047354
1644,1632,14,4560,1,4560,False,1413.4859649122807,605.3280701754386
1644,1632,38,67756,1,67756,False,411.1556467323927,1359.1055847452624
1644,1632,75,5584,1,5584,False,1408.4269340974213,538.0787965616046
1644,1632,113,7236,1,7236,False,395.01409618573797,708.5
1645,1633,14,4576,1,4576,False,1413.4912587412587,605.0769230769231
1645,1633,38,67828,1,67828,False,411.1530636315386,1359.1199209765878
1645,1633,75,5576,1,5576,False,1408.6348637015783,537.9921090387375
1645,1633,113,7232,1,7232,False,389.7278761061947,709.70796460177
1646,1634,14,4500,1,4500,False,1413.9222222222222,606.5657777777777
1646,1634,38,67800,1,67800,False,410.8843067846608,1359.2574041297935
1646,1634,75,5688,1,5688,False,1408.6322081575247,538.5239099859353
1646,1634,113,7344,1,7344,False,385.6448801742919,710.7908496732026
1647,1635,14,4888,1,4888,False,1419.879705400982,598.0761047463175
1647,1635,38,69392,1,69392,False,408.14687572054413,1358.7997463684574
1647,1635,75,5008,1,5008,False,1403.2923322683705,536.3035143769968
1647,1635,113,7564,1,7564,False,379.4624537281861,711.5227392913803
1648,1636,14,5900,1,5900,False,1422.7454237288136,598.6016949152543
1648,1636,38,69516,1,69516,False,408.21816560216354,1358.5619138040163
1648,1636,75,4892,1,4892,False,1399.6905151267376,538.9121013900245
1648,1636,113,7604,1,7604,False,376.84087322461863,712.9944765912677
1649,1637,14,6200,1,6200,False,1421.5129032258064,601.9929032258065
1649,1637,38,69392,1,69392,False,408.22965183306434,1358.7190454231036
1649,1637,75,4968,1,4968,False,1401.401771336554,537.8252818035427
1649,1637,113,7700,1,7700,False,374.1612987012987,714.2049350649351
1650,1638,14,5568,1,5568,False,1422.3936781609195,606.0215517241379
1650,1638,38,69220,1,69220,False,408.1937301357989,1358.7662814215544
1650,1638,75,5364,1,5364,False,1404.899701715138,538.507457121551
1650,1638,113,7656,1,7656,False,372.2596656217346,715.4832810867293
1651,1639,14,5496,1,5496,False,1428.3602620087336,603.0807860262008
1651,1639,38,69408,1,69408,False,408.0809128630705,1358.9522821576763
1651,1639,75,5200,1,5200,False,1404.436923076923,537.3353846153847
1651,1639,113,7424,1,7424,False,370.2726293103448,717.0818965517242
1652,1640,14,6564,3,6540,False,1432.5975015234612,602.0904936014624
1652,1640,38,69252,1,69252,False,408.26872870097617,1358.5740484029343
1652,1640,75,5084,1,5084,False,1403.9586939417782,536.9909520062943
1652,1640,113,7180,2,7064,False,364.5735376044568,717.9462395543176
1653,1641,14,5124,1,5124,False,1436.5686963309913,604.9231069476971
1653,1641,38,68452,1,68452,False,409.3018465494069,1359.2210892304097
1653,1641,75,6036,1,6036,False,1410.3330019880716,539.6676607024519
1653,1641,113,7312,2,7244,False,361.3610503282276,720.7625820568928
1654,1642,14,5320,1,5320,False,1441.1015037593984,603.4503759398497
1654,1642,38,68512,1,68512,False,409.4125408687529,1359.0748482017748
1654,1642,75,5992,1,5992,False,1410.1955941255007,539.5761014686249
1654,1642,113,7032,1,7032,False,357.44084186575657,722.3202502844141
1655,1643,14,5908,1,5908,False,1443.3138117806363,605.1675693974272
1655,1643,38,67324,1,67324,True,410.1594379418929,1359.4516962747311
1655,1643,75,5964,1,5964,False,1409.7568745808182,539.5368879946345
1655,1643,113,6660,1,6660,False,353.15345345345344,723.8417417417418
1656,1644,14,6568,1,6568,False,1444.6047503045068,609.0371498172959
1656,1644,38,67488,1,67488,True,410.62873399715505,1359.6477003319108
1656,1644,75,6028,1,6028,False,1409.2020570670206,539.1264100862641
1656,1644,113,6592,1,6592,False,348.4235436893204,724.632281553398
1657,1645,14,7012,1,7012,False,1451.6796919566457,610.9266970907016
1657,1645,38,67508,1,67508,True,410.79424660780944,1359.6438051786456
1657,1645,75,6212,1,6212,False,1409.0344494526723,539.7066967160334
1657,1645,113,6576,2,6564,False,343.7846715328467,725.1070559610706
1658,1646,14,7120,1,7120,False,1455.6573033707866,614.3921348314607
1658,1646,38,68692,1,68692,False,409.9840738368369,1359.2170558434752
1658,1646,75,6096,1,6096,False,1407.6417322834645,539.5314960629921
1658,1646,113,6856,1,6856,False,338.52100350058345,725.0635939323221
1659,1647,14,6796,1,6796,False,1468.2292525014714,609.4793996468511
1659,1647,38,68464,1,68464,False,410.3712315961673,1359.0095816779622
1659,1647,75,6116,1,6116,False,1407.3057553956835,539.7701111837803
1659,1647,113,6700,1,6700,False,335.0468656716418,726.6074626865671
1660,1648,14,6916,1,6916,False,1476.5913823019087,606.2975708502024
1660,1648,38,68900,1,68900,False,410.80235123367197,1358.3214223512337
1660,1648,75,6096,1,6096,False,1406.8923884514436,539.989501312336
1660,1648,113,6688,1,6688,False,332.7165071770335,727.8086124401914
1661,1649,14,7352,1,7352,False,1480.0582154515778,607.5979325353645
1661,1649,38,69236,1,69236,True,411.15122190767806,1358.110838292218
1661,1649,75,6080,1,6080,False,1406.1684210526316,540.0894736842105
1661,1649,113,6868,1,6868,False,331.21636575422247,729.8686662783925
1662,1650,14,6828,1,6828,False,1486.5972466315172,606.4203280609256
1662,1650,38,68796,1,68796,True,411.56692249549394,1358.333594976452
1662,1650,75,6068,1,6068,False,1405.621951219512,540.4274884640738
1662,1650,113,7112,1,7112,False,329.5652418447694,732.0005624296963
1663,1651,14,6696,1,6696,False,1490.826164874552,606.7377538829152
1663,1651,38,67552,1,67552,True,412.27652771198484,1359.0190667929892
1663,1651,75,6176,1,6176,False,1405.6088082901554,541.0621761658031
1663,1651,113,6696,1,6696,False,326.7174432497013,734.989844683393
1664,1652,14,6768,1,6768,False,1492.1442080378251,608.7293144208038
1664,1652,38,68872,1,68872,True,411.62335927517717,1357.7570565687072
1664,1652,75,6036,1,6036,False,1405.2779986746189,540.5675944333996
1664,1652,113,7064,1,7064,False,322.40033975084935,737.1976217440543
1665,1653,14,6920,1,6920,False,1496.7381502890173,610.1404624277457
1665,1653,38,68624,1,68624,True,412.03660526929355,1357.2342037771043
1665,1653,75,6040,1,6040,False,1405.2960264900662,540.6284768211921
1665,1653,113,7020,1,7020,False,318.8920227920228,739.3296296296296
1666,1654,14,7024,1,7024,False,1500.2995444191345,611.3542141230068
1666,1654,38,68048,1,68048,True,412.047378321185,1357.4246414295792
1666,1654,75,6048,1,6048,False,1405.3082010582011,540.6613756613757
1666,1654,113,7132,1,7132,False,315.12366797532246,740.8993269770051
1667,1655,14,7368,1,7368,False,1505.226384364821,611.3089033659066
1667,1655,38,67708,1,67708,False,411.94408341702604,1357.1209015182844
1667,1655,75,6040,1,6040,False,1405.3609271523178,540.7503311258279
1667,1655,113,7076,1,7076,False,311.68145845110234,742.3778971170152
1668,1656,14,7096,1,7096,False,1508.41206313416,613.1989853438557
1668,1656,38,67244,1,67244,False,411.66150139789426,1356.8228838260663
1668,1656,75,6020,1,6020,False,1405.436877076412,540.8109634551495
1668,1656,113,7360,1,7360,False,308.6978260869565,745.2543478260869
1669,1657,14,7348,1,7348,False,1515.6170386499728,612.4673380511704
1669,1657,38,67116,1,67116,False,411.59935037844923,1356.5373085404374
1669,1657,75,6048,1,6048,False,1405.5185185185185,540.7857142857143
1669,1657,113,7316,1,7316,False,306.2463094587206,747.3901038819026
1670,1658,14,7024,1,7024,False,1521.5466970387245,611.502277904328
1670,1658,38,66728,1,66728,False,411.13805299124806,1356.3379091236063
1670,1658,75,6040,1,6040,False,1405.6960264900663,540.8112582781457
1670,1658,113,7236,1,7236,False,303.9538419016031,749.6641791044776
1671,1659,14,6904,1,6904,False,1525.0040556199306,613.3458864426419
1671,1659,38,66796,1,66796,False,410.98793340918616,1355.8402000119768
1671,1659,75,6060,1,6060,False,1406.4234323432343,540.9343234323433
1671,1659,113,7092,1,7092,False,299.8040045121263,751.4306260575296
1672,1660,14,7276,1,7276,False,1527.4026937877954,613.0750412314459
1672,1660,38,66496,1,66496,False,411.22653994225215,1355.4049566891242
1672,1660,75,6080,1,6080,False,1406.5157894736842,541.1013157894737
1672,1660,113,7232,1,7232,False,297.46017699115043,753.5486725663717
1673,1661,14,7092,1,7092,False,1533.5219966159052,613.3652002256064
1673,1661,38,66416,1,66416,False,411.14755480607084,1354.0102384967477
1673,1661,75,5884,1,5884,False,1405.7440516655336,541.1471787899388
1673,1661,113,7252,1,7252,False,293.6064533921677,755.5159955874242
1674,1662,14,6984,1,6984,False,1541.1025200458191,612.9238258877434
1674,1662,38,66236,1,66236,False,411.0520864786521,1354.4210097228095
1674,1662,75,6064,1,6064,False,1406.1781002638522,541.7242744063325
1674,1662,113,7272,1,7272,False,289.93014301430145,758.6815181518152
1675,1663,14,7536,1,7536,False,1541.6995753715498,614.1953290870488
1675,1663,38,66712,1,66712,False,410.4871687252668,1353.7073390094736
1675,1663,75,6016,1,6016,False,1405.7433510638298,542.3178191489362
1675,1663,113,7464,1,7464,False,283.84941050375136,762.1441586280814
1676,1664,14,6384,1,6384,False,1559.4122807017543,605.3032581453634
1676,1664,38,66556,1,66556,False,410.6150309513793,1354.0379530019834
1676,1664,75,6040,1,6040,False,1405.6735099337748,542.4761589403973
1676,1664,113,7556,1,7556,False,278.29777660137637,763.7853361566966
1677,1665,14,6468,1,6468,False,1566.8252937538653,605.3398268398269
1677,1665,38,65928,1,65928,False,410.66648464992113,1352.585547870404
1677,1665,75,6080,1,6080,False,1406.036842105263,542.6947368421053
1677,1665,113,7608,1,7608,False,274.4863301787592,765.0184016824395
1678,1666,14,6332,1,6332,False,1570.9927353126975,607.2492103600758
1678,1666,38,65556,1,65556,False,410.97617304289463,1352.7238086521447
1678,1666,75,6048,1,6048,False,1406.1997354497355,542.7870370370371
1678,1666,113,7664,1,7664,False,270.82776617954073,766.223382045929
1679,1667,14,6620,1,6620,False,1577.9296072507552,608.7018126888217
1679,1667,38,65424,1,65424,False,411.2934702861335,1351.4943751528492
1679,1667,75,6036,1,6036,False,1406.633863485752,542.8962889330683
1679,1667,113,7620,1,7620,False,267.8637795275591,767.3808398950131
1680,1668,14,6340,1,6340,False,1582.3965299684542,612.4419558359622
1680,1668,38,65236,1,65236,False,411.80271629161814,1351.3416211907536
1680,1668,75,6036,1,6036,False,1406.7279655400928,542.914844267727
1680,1668,113,7700,1,7700,False,265.8496103896104,768.7077922077922
1681,1669,14,6692,1,6692,False,1594.4450089659294,611.995517035266
1681,1669,38,65292,1,65292,False,411.74682962690684,1351.4635483673344
1681,1669,75,6040,1,6040,False,1406.7370860927153,542.9741721854305
1681,1669,113,7872,1,7872,False,263.4623983739837,768.42581300813
1682,1670,14,6176,1,6176,False,1606.7305699481865,612.2448186528497
1682,1670,38,64460,1,64460,True,412.7077567483711,1353.1835867204468
1682,1670,75,6008,1,6008,False,1407.3335552596538,543.3242343541945
1682,1670,113,7524,1,7524,False,261.3814460393408,767.7939925571504
1683,1671,14,6060,1,6060,False,1618.4947194719473,613.4465346534654
1683,1671,38,64380,1,64380,True,413.169027648338,1352.9808946877913
1683,1671,75,6012,1,6012,False,1407.5725216234198,543.3729208250166
1683,1671,113,7564,1,7564,False,260.48942358540455,768.2472236911686
1684,1672,14,6164,1,6164,False,1631.8588578844906,611.2566515249838
1684,1672,38,64348,1,64348,True,413.3005221607509,1352.8298315409959
1684,1672,75,6004,1,6004,False,1407.695203197868,543.3820786142571
1684,1672,113,7524,1,7524,False,259.67384370015947,768.6520467836257
1685,1673,14,6300,2,6296,False,1639.7419047619048,612.6346031746032
1685,1673,38,64344,1,64344,True,413.25394753201545,1352.6172448091509
1685,1673,75,6012,1,6012,False,1408.0262807717897,543.6324018629408
1685,1673,113,7464,1,7464,False,257.9855305466238,769.1227224008575
1686,1674,14,6044,1,6044,False,1648.5979483785572,612.2789543348775
1686,1674,38,64284,1,64284,True,413.46521685022714,1352.6470972559268
1686,1674,75,6008,1,6008,False,1408.1085219707056,543.6145139813582
1686,1674,113,7352,1,7352,False,257.3411316648531,772.0462459194777
1687,1675,14,5452,1,5452,False,1659.4992663242847,610.5425531914893
1687,1675,38,64308,1,64308,True,413.6631523294147,1352.3706226286
1687,1675,75,6004,1,6004,False,1408.3707528314458,543.5486342438375
1687,1675,113,7172,1,7172,False,257.64221974344673,775.3845510317904
1688,1676,14,5752,1,5752,False,1666.97983310153,611.634909596662
1688,1676,38,64268,1,64268,True,413.4579884234767,1352.5633596813343
1688,1676,75,5908,1,5908,False,1408.3659444820582,543.6834800270819
1688,1676,113,7092,1,7092,False,256.3702763677383,777.1034968979131
1689,1677,14,5432,1,5432,False,1680.201030927835,609.5589101620029
1689,1677,38,64448,1,64448,True,413.16360476663357,1352.3979642502482
1689,1677,75,5680,1,5680,False,1407.2661971830985,544.4718309859155
1689,1677,113,7204,1,7204,False,254.17573570238756,779.5383120488617
1690,1678,14,5236,1,5236,False,1693.8766233766235,606.3349885408709
1690,1678,38,64452,1,64452,True,413.1698938745113,1351.776112455781
1690,1678,75,5660,1,5660,False,1407.3636042402827,544.665371024735
1690,1678,113,7224,1,7224,False,252.32059800664453,783.688261351052
1691,1679,14,5084,1,5084,False,1704.9374508261212,605.6376868607396
1691,1679,38,64528,1,64528,True,413.03719315645924,1351.7686585668237
1691,1679,75,5540,1,5540,False,1407.753429602888,544.1534296028881
1691,1679,113,6996,1,6996,False,250.0117209834191,787.2204116638079
1692,1680,14,5276,1,5276,False,1712.4711902956785,606.5530705079606
1692,1680,38,64500,1,64500,True,413.0137364341085,1351.8061705426358
1692,1680,75,5520,1,5520,False,1408.3260869565217,544.0840579710145
1692,1680,113,7052,1,7052,False,247.58791832104367,790.9174702212139
1693,1681,14,5208,1,5208,False,1721.5568356374808,606.2972350230415
1693,1681,38,64240,1,64240,True,412.6987546699875,1351.9937733499378
1693,1681,75,5484,1,5484,False,1409.2016776075857,544.0302698760029
1693,1681,113,7044,1,7044,False,245.19733106189665,793.6561612720045
1694,1682,14,5164,1,5164,False,1729.8555383423702,606.8996901626646
1694,1682,38,64068,1,64068,True,412.28697633764125,1351.6568957982145
1694,1682,75,5420,1,5420,False,1410.3169741697418,543.7826568265683
1694,1682,113,7100,1,7100,False,242.96309859154928,795.6278873239437
1695,1683,14,5196,1,5196,False,1738.5246343341032,604.3521939953811
1695,1683,38,63892,1,63892,True,412.3660239153572,1351.4717648531898
1695,1683,75,5436,1,5436,False,1410.8590875643856,543.7935982339956
1695,1683,113,7024,1,7024,False,240.874715261959,797.6480637813212
1696,1684,14,5176,1,5176,False,1744.2604327666152,602.741112828439
1696,1684,38,63720,1,63720,True,412.236974262398,1351.4225360954174
1696,1684,75,5440,1,5440,False,1411.3161764705883,544.0205882352941
1696,1684,113,7172,1,7172,False,238.3962632459565,799.9813162297825
1697,1685,14,5188,1,5188,False,1747.1538164996145,602.8639167309175
1697,1685,38,63664,1,63664,True,412.28813772304596,1351.4577783362654
1697,1685,75,5440,1,5440,False,1411.3529411764705,544.0294117647059
1697,1685,113,7324,1,7324,False,235.14991807755325,801.7310212998361
1698,1686,14,5064,1,5064,False,1750.327804107425,602.4052132701422
1698,1686,38,63344,1,63344,True,411.93546350088405,1351.540793129578
1698,1686,75,5432,1,5432,False,1411.4042709867451,544.120029455081
1698,1686,113,7644,1,7644,False,233.2441130298273,804.4884877027735
1699,1687,14,5080,1,5080,False,1753.3330708661417,602.5897637795275
1699,1687,38,63252,1,63252,True,411.8922721811168,1351.6618288749762
1699,1687,75,5444,1,5444,False,1411.4816311535635,544.082659808964
1699,1687,113,7968,1,7968,False,230.4859437751004,807.3504016064257
1700,1688,14,4992,1,4992,False,1756.676282051282,602.75
1700,1688,38,63112,1,63112,True,411.75795411332234,1351.6939409304093
1700,1688,75,5480,1,5480,False,1411.6445255474453,544.2007299270073
1700,1688,113,8144,1,8144,False,227.7779960707269,808.7779960707269
1701,1689,14,4904,1,4904,False,1760.648450244698,602.5603588907014
1701,1689,38,62996,1,62996,True,411.6266747095054,1351.4622198234808
1701,1689,75,5464,1,5464,False,1411.7181551976573,544.2320644216691
1701,1689,113,8020,1,8020,False,226.6436408977556,811.0596009975062
1702,1690,14,4656,2,4652,False,1766.8006872852234,600.3745704467354
1702,1690,38,62824,1,62824,True,411.38182860053485,1351.598815739208
1702,1690,75,5440,1,5440,False,1411.8147058823529,544.3191176470589
1702,1690,113,8192,1,8192,False,224.130859375,811.0859375
1703,1691,14,4748,1,4748,False,1770.907750631845,600.3517270429654
1703,1691,38,62840,1,62840,True,411.3238064926798,1351.5252068746022
1703,1691,75,5456,1,5456,False,1411.9706744868035,544.6554252199413
1703,1691,113,8216,1,8216,False,221.5506329113924,811.9576436222006
1704,1692,14,4572,1,4572,False,1772.6382327209099,601.3153980752406
1704,1692,38,62720,1,62720,True,411.12551020408165,1351.3220663265306
1704,1692,75,5444,1,5444,False,1412.1105804555473,544.8012490815577
1704,1692,113,8096,1,8096,False,218.97727272727272,813.4249011857708
1705,1693,14,4644,2,4636,False,1775.812661498708,600.8720930232557
1705,1693,38,62008,1,62008,True,410.69971616565607,1351.957747387434
1705,1693,75,5464,1,5464,False,1412.0768667642753,545.024158125915
1705,1693,113,8288,1,8288,False,218.75482625482624,817.0801158301158
1706,1694,14,4708,1,4708,False,1778.5271877655055,600.821155480034
1706,1694,38,61912,1,61912,True,410.489533531464,1351.9764181418789
1706,1694,75,5496,1,5496,False,1411.9847161572052,544.9847161572052
1706,1694,113,8260,1,8260,False,216.3411622276029,820.7421307506054
1707,1695,14,4832,1,4832,False,1779.0562913907286,601.7533112582781
1707,1695,38,61644,1,61644,True,410.8117253909545,1352.3311595613523
1707,1695,75,5536,1,5536,False,1411.7817919075144,545.1459537572255
1707,1695,113,8408,1,8408,False,213.58277830637488,825.755946717412
1708,1696,14,4944,1,4944,False,1779.6796116504854,602.0501618122977
1708,1696,38,61444,1,61444,True,411.01923702883926,1352.4675802356617
1708,1696,75,5560,1,5560,False,1411.6784172661871,545.5
1708,1696,113,8600,1,8600,False,207.1027906976744,829.4460465116279
1709,1697,14,4948,1,4948,False,1780.7101859337106,602.3205335489087
1709,1697,38,61344,1,61344,True,411.25899843505476,1352.5805946791863
1709,1697,75,5588,1,5588,False,1412.0619183965641,546.4527559055118
1709,1697,113,8744,1,8744,False,200.9903934126258,833.7872827081427
1710,1698,14,5128,1,5128,False,1780.5327613104523,602.484399375975
1710,1698,38,61356,1,61356,False,410.86690788186974,1350.6442075754612
1710,1698,75,5660,1,5660,False,1413.048409893993,546.9282685512368
1710,1698,113,8676,1,8676,False,193.63416320885202,834.3755186721992
1711,1699,14,4992,1,4992,False,1781.628205128205,601.9439102564103
1711,1699,38,62428,1,62428,True,411.4088229640546,1351.1675209841737
1711,1699,75,5496,1,5496,False,1414.4839883551674,546.9847161572052
1711,1699,113,8688,1,8688,False,185.34714548802947,834.6832412523021
1712,1700,14,4984,1,4984,False,1781.6926163723917,601.9237560192616
1712,1700,38,62624,1,62624,True,412.2698007153807,1350.0058763413388
1712,1700,75,5428,1,5428,False,1415.5803242446573,546.6473839351511
1712,1700,113,9112,1,9112,False,178.74846356453028,836.2611940298508
1713,1701,14,5000,1,5000,False,1781.9288,601.692
1713,1701,38,63684,1,63684,True,415.54013566987,1349.403209597387
1713,1701,75,5412,1,5412,False,1417.080931263858,546.2960088691796
1713,1701,113,9192,1,9192,False,173.36771105308964,835.8594429939077
1714,1702,14,5020,1,5020,False,1781.8434262948208,601.7462151394423
1714,1702,38,65380,1,65380,True,421.0956561639645,1346.5004894463138
1714,1702,75,5320,1,5320,False,1418.1481203007518,546.6323308270677
1714,1702,113,9304,1,9304,False,171.56018916595013,834.2265692175408
1715,1703,14,5020,1,5020,False,1781.908764940239,601.7780876494024
1715,1703,38,68532,1,68532,True,427.82025914901067,1342.3246658495302
1715,1703,75,5264,1,5264,False,1419.045592705167,547.2006079027356
1715,1703,113,10044,2,10040,False,172.0531660692951,834.400438072481
1716,1704,14,5160,1,5160,False,1781.0798449612403,602.3868217054263
1716,1704,38,70800,1,70800,True,433.2938983050847,1335.9507344632768
1716,1704,75,5424,1,5424,False,1418.4218289085545,547.0339233038349
1716,1704,113,10628,1,10628,False,171.2196085811065,833.1608957470831
1717,1705,14,5000,2,4992,False,1781.5,601.7591999999999
1717,1705,38,67852,1,67852,True,453.3573955078701,1341.5909626834875
1717,1705,75,5292,1,5292,False,1420.4092970521542,547.9542705971278
1717,1705,113,10504,2,10500,False,174.55178979436405,835.9836252856055
1718,1706,14,5148,1,5148,False,1780.6181041181042,602.535742035742
1718,1706,38,71544,1,71544,True,454.42452197249247,1350.4513586044952
1718,1706,75,5428,1,5428,False,1418.918570375829,547.6495946941783
1718,1706,113,11056,1,11056,False,176.31186685962373,835.7800289435601
1719,1707,14,5108,1,5108,False,1780.0833985904464,602.9291307752545
1719,1707,38,68976,1,68976,True,460.818603572257,1362.681396427743
1719,1707,75,5452,1,5452,False,1418.9181951577402,547.6430667644901
1719,1707,113,11312,1,11312,False,177.7906647807638,834.4123055162659
1720,1708,14,5124,1,5124,False,1779.3446526151445,602.8497267759562
1720,1708,38,65260,1,65260,True,471.34290530186945,1376.3486055776893
1720,1708,75,5520,1,5520,False,1418.6521739130435,547.5739130434782
1720,1708,113,10908,1,10908,False,179.3991565823249,832.0298863219655
1721,1709,14,5028,2,5020,False,1779.1141607000795,602.6957040572793
1721,1709,38,66440,1,66440,True,489.20487658037325,1392.6933774834438
1721,1709,75,5484,1,5484,False,1418.972647702407,547.4409190371991
1721,1709,113,9948,1,9948,False,178.83132287897064,826.2909127462807
1722,1710,14,4968,1,4968,False,1779.8462157809984,601.5483091787439
1722,1710,38,56772,1,56772,True,506.79394772070737,1415.5306489114353
1722,1710,75,5464,1,5464,False,1421.581991215227,547.6508052708639
1722,1710,113,9248,1,9248,False,176.4948096885813,820.7404844290658
1723,1711,14,4940,1,4940,False,1779.7323886639676,601.3987854251012
1723,1711,38,40396,1,40396,True,545.362857708684,1446.1114466778888
1723,1711,75,5428,1,5428,False,1422.687177597642,547.9030950626382
1723,1711,113,9032,1,9032,False,175.17139061116032,817.8365810451727
1724,1712,14,4948,1,4948,False,1779.465238480194,601.2599029911075
1724,1712,38,32452,1,32452,True,558.314865031431,1458.2100949094047
1724,1712,75,5344,1,5344,False,1423.241017964072,548.1706586826348
1724,1712,113,8840,1,8840,False,174.45656108597285,816.0140271493212
1725,1713,14,4932,1,4932,False,1779.448905109489,601.1488240064882
1725,1713,38,27412,1,27412,True,541.9274040566175,1459.5786516853932
1725,1713,75,5360,1,5360,False,1423.1119402985075,548.3567164179104
1725,1713,113,8672,1,8672,False,173.83763837638375,815.8745387453874
1726,1714,14,4944,1,4944,False,1779.4449838187702,601.1423948220065
1726,1714,38,27584,1,27584,True,531.5490139211137,1457.5658352668213
1726,1714,75,5268,1,5268,False,1422.1127562642369,548.3800303720577
1726,1714,113,8788,1,8788,False,171.66977696859354,811.2847064178425
1727,1715,14,5068,2,5056,False,1777.9759273875295,602.5994475138122
1727,1715,38,20640,1,20640,True,524.0806201550388,1479.0771317829458
1727,1715,75,5196,1,5196,False,1420.424557351809,547.6454965357967
1727,1715,113,7996,1,7996,False,169.55152576288145,806.475987993997
1728,1716,14,5064,2,5052,False,1777.6816745655608,602.3530805687204
1728,1716,38,24880,1,24880,True,483.6038585209003,1478.2845659163986
1728,1716,75,5240,1,5240,False,1419.9381679389312,548.2419847328244
1728,1716,113,7696,1,7696,False,169.27546777546777,803.2110187110187
1729,1717,14,5056,1,5056,False,1777.615506329114,602.2689873417721
1729,1717,38,33280,1,33280,True,450.36322115384615,1473.8889423076923
1729,1717,75,5232,1,5232,False,1419.6085626911315,548.9174311926605
1729,1717,113,7728,1,7728,False,169.79192546583852,800.351966873706
1730,1718,14,5048,1,5048,False,1777.6806656101426,602.1434231378764
1730,1718,38,44940,1,44940,True,400.7006230529595,1461.3580329327992
1730,1718,75,5280,1,5280,False,1419.3742424242423,549.4045454545454
1730,1718,113,7776,1,7776,False,169.5298353909465,796.7314814814815
1731,1719,14,5044,1,5044,False,1777.6752577319587,602.0908009516257
1731,1719,38,51808,1,51808,True,379.8031192093885,1439.9609326744903
1731,1719,75,5396,1,5396,False,1418.6408450704225,549.5822831727205
1731,1719,113,7492,1,7492,False,170.24586225306993,795.5848905499199
1732,1720,14,4924,1,4924,False,1779.0556458164094,600.6218521527213
1732,1720,38,52048,1,52048,True,370.0076852136489,1419.8845680909928
1732,1720,75,5380,1,5380,False,1418.0583643122677,549.9736059479554
1732,1720,113,7708,1,7708,False,170.97535028541776,791.8492475350286
1733,1721,14,5040,1,5040,False,1777.668253968254,601.9190476190477
1733,1721,38,56368,1,56368,True,358.5879931876242,1388.7859778597785
1733,1721,75,5584,1,5584,False,1414.6532951289398,549.2363896848137
1733,1721,113,7060,1,7060,False,173.42351274787535,788.0002832861189
1734,1722,14,5072,1,5072,False,1777.8533123028392,601.7492113564668
1734,1722,38,54468,1,54468,False,360.56345009914077,1353.0309539546156
1734,1722,75,5672,1,5672,False,1413.1897038081806,549.092383638928
1734,1722,113,6048,1,6048,False,177.1957671957672,778.0542328042328
1735,1723,14,4952,1,4952,False,1778.5662358642971,600.8618739903069
1735,1723,38,49300,1,49300,False,334.9874645030426,1285.9117647058824
1735,1723,75,5652,1,5652,False,1413.9409058740268,549.4780608634112
1735,1723,113,6020,1,6020,False,183.44883720930233,767.9830564784053
1736,1724,14,5156,1,5156,False,1778.2719162141195,601.7955779674166
1736,1724,38,35952,1,35952,False,323.0925678682688,1217.783044058745
1736,1724,75,5716,1,5716,False,1414.123512946116,550.0801259622114
1736,1724,113,7212,2,7204,False,196.11619523017194,760.4833610648918
1737,1725,14,5140,1,5140,False,1778.0533073929962,602.2400778210117
1737,1725,38,24940,1,24940,False,327.4497995188452,1130.3200481154772
1737,1725,75,5772,1,5772,False,1414.9518364518365,550.477823977824
1737,1725,113,8132,3,7896,False,210.68396458435808,779.3194786030497
1738,1726,14,5180,1,5180,False,1778.035135135135,601.9841698841699
1738,1726,38,19752,1,19752,False,334.8616848926691,1063.0512353179424
1738,1726,75,5796,1,5796,False,1416.067977915804,550.6642512077294
1738,1726,113,7032,1,7032,False,222.03924914675767,760.7889647326507
1739,1727,14,5172,1,5172,False,1777.9972931167827,602.0622583139984
1739,1727,38,19360,1,19360,False,348.4045454545454,1032.0677685950413
1739,1727,75,5748,1,5748,False,1416.170146137787,550.4123173277662
1739,1727,113,6452,1,6452,False,246.08462492250464,749.5836949783013
1740,1728,14,5184,1,5184,False,1778.1836419753085,601.895061728395
1740,1728,38,17912,1,17912,False,355.58843233586424,991.8925859758821
1740,1728,75,5752,1,5752,False,1417.6863699582755,550.9631432545202
1740,1728,113,6096,1,6096,False,269.01706036745406,748.2086614173228
1741,1729,14,5176,1,5176,False,1778.3408037094282,601.8941267387944
1741,1729,38,17940,1,17940,False,370.5178372352285,962.3515050167224
1741,1729,75,5800,1,5800,False,1421.395172413793,550.8268965517242
1741,1729,113,4860,1,4860,False,310.9213991769547,740.5510288065843
1742,1730,14,5208,2,5188,False,1777.2695852534562,602.34178187404
1742,1730,38,16748,1,16748,False,391.5097922139957,920.2315500358252
1742,1730,75,5408,1,5408,False,1425.8298816568047,548.2795857988166
1742,1730,113,7860,1,7860,False,339.16055979643767,733.1961832061069
1743,1731,14,5404,1,5404,False,1777.916728349371,602.7871946706143
1743,1731,38,17196,1,17196,False,410.65259362642473,902.5907187718074
1743,1731,75,5868,1,5868,False,1433.1489434219495,545.8578732106339
1743,1731,113,13296,1,13296,False,389.70697954271964,676.8134777376655
1744,1732,14,5284,1,5284,False,1778.4682059046177,605.9867524602574
1744,1732,38,16872,1,16872,False,436.5369843527738,874.0519203413941
1744,1732,75,5624,1,5624,False,1438.8556187766715,547.273826458037
1744,1732,113,10492,1,10492,False,451.8968738086161,669.5202058711399
1745,1733,14,5096,1,5096,False,1778.2786499215072,614.8673469387755
1745,1733,38,17492,1,17492,False,438.42179281957465,865.6603018522753
1745,1733,75,5640,1,5640,False,1445.3113475177306,548.009219858156
1745,1733,113,12576,2,12556,False,511.8651399491094,646.2054707379135
1746,1734,14,4736,1,4736,False,1777.5168918918919,628.9408783783783
1746,1734,38,17104,1,17104,False,436.40130963517305,850.2474275023386
1746,1734,75,5600,1,5600,False,1450.567142857143,548.6528571428571
1746,1734,113,15124,1,15124,False,569.3357577360487,599.6372652737371
1747,1735,14,4924,1,4924,False,1777.64865962632,634.9646628757108
1747,1735,38,12600,1,12600,False,435.0942857142857,792.2238095238096
1747,1735,75,5376,1,5376,False,1459.751488095238,549.0714285714286
1747,1735,113,19252,4,19136,False,639.5820693953875,575.5521504259298
1748,1736,14,5052,1,5052,False,1780.6092636579572,628.1532066508314
1748,1736,38,12904,1,12904,False,428.95815251084935,775.1236825790453
1748,1736,75,5500,1,5500,False,1466.5247272727272,549.3509090909091
1748,1736,113,9604,2,9372,False,696.3817159516869,601.3579758433985
1749,1737,14,4980,1,4980,False,1783.9746987951808,618.9048192771085
1749,1737,38,15320,1,15320,False,426.01644908616186,767.2013054830287
1749,1737,75,5344,1,5344,False,1471.5209580838323,547.0059880239521
1749,1737,113,10748,2,10720,False,738.5066989207295,589.0545217714923
1750,1738,14,4816,1,4816,False,1783.78073089701,609.7757475083057
1750,1738,38,17920,1,17920,False,428.053125,766.3299107142857
1750,1738,75,4984,1,4984,False,1477.0826645264847,546.2351524879615
1750,1738,113,7888,4,7724,False,780.7515212981745,593.7586206896551
1751,1739,14,4484,1,4484,False,1788.0682426404996,606.9121320249777
1751,1739,38,16932,2,16568,False,423.1283959366879,771.7421450507914
1751,1739,75,4756,1,4756,False,1481.818755256518,544.8835155592935
1751,1739,113,7656,2,4916,False,691.3819226750261,637.0956112852665
1752,1740,14,4572,1,4572,False,1789.1141732283465,607.5271216097988
1752,1740,38,20756,1,20756,False,409.3009250337252,767.8482366544614
1752,1740,75,4724,1,4724,False,1485.8039796782389,544.5592718035563
1752,1740,113,5964,2,5828,False,878.3242790073776,587.7327297116029
1753,1741,14,4540,1,4540,False,1792.8312775330396,606.7977973568281
1753,1741,38,20948,1,20948,False,393.11523773152567,769.7843230857361
1753,1741,75,5076,1,5076,False,1489.062647754137,545.4141055949567
1753,1741,113,4568,1,4568,False,936.1427320490368,574.4947460595447
1754,1742,14,4708,1,4708,False,1795.9035683942227,604.124468988955
1754,1742,38,21128,1,21128,False,376.23797803862175,774.456834532374
1754,1742,75,5232,1,5232,False,1493.32874617737,548.3776758409786
1754,1742,113,4608,1,4608,False,966.3211805555555,569.1510416666666
1755,1743,14,5024,1,5024,False,1798.7929936305732,601.9856687898089
1755,1743,38,20272,1,20272,False,366.1191791633781,783.0201262825573
1755,1743,75,5184,1,5184,False,1497.9166666666667,547.5524691358024
1755,1743,113,4572,1,4572,False,999.8018372703413,564.9479440069991
1756,1744,14,5208,1,5208,False,1799.9239631336407,601.142089093702
1756,1744,38,18304,1,18304,False,349.57167832167835,787.7727272727273
1756,1744,75,4832,1,4832,False,1502.1158940397352,546.9536423841059
1756,1744,113,4796,1,4796,False,1033.1221851542953,564.9136780650542
1757,1745,14,4948,1,4948,False,1801.6673403395312,600.1604688763136
1757,1745,38,17720,1,17720,False,334.1297968397291,796.9939051918736
1757,1745,75,4376,1,4376,False,1504.8912248628885,547.4890310786107
1757,1745,113,4304,1,4304,False,1057.0315985130112,558.9423791821562
1758,1746,14,4872,1,4872,False,1802.051724137931,599.9827586206897
1758,1746,38,18852,1,18852,False,315.40345851899,808.7571610439211
1758,1746,75,4304,1,4304,False,1507.221189591078,548.6263940520446
1758,1746,113,4168,1,4168,False,1076.2715930902111,553.6247600767755
1759,1747,14,4804,1,4804,False,1801.349292256453,598.8730224812656
1759,1747,38,20152,1,20152,False,297.747717348154,812.7151647479159
1759,1747,75,4460,1,4460,False,1509.2587443946188,549.2336322869955
1759,1747,113,4120,1,4120,False,1089.404854368932,549.8106796116505
1760,1748,14,4716,1,4716,False,1800.5407124681933,597.0156912637829
1760,1748,38,19632,1,19632,False,287.0334148329258,821.8349633251834
1760,1748,75,4408,1,4408,False,1511.276769509982,549.5980036297641
1760,1748,113,4072,1,4072,False,1098.4823182711198,544.4056974459725
1761,1749,14,4800,1,4800,False,1799.78,594.4633333333334
1761,1749,38,20048,1,20048,False,281.9652833200319,832.6987230646448
1761,1749,75,4480,1,4480,False,1513.1714285714286,550.4232142857143
1761,1749,113,4228,1,4228,False,1106.9957426679282,536.9900662251656
1762,1750,14,4980,4,4952,False,1794.993172690763,592.5465863453816
1762,1750,38,21012,1,21012,False,271.5831905577765,846.591757091186
1762,1750,75,4524,1,4524,False,1514.7599469496022,551.2515473032714
1762,1750,113,4560,1,4560,False,1113.6175438596492,534.2877192982456
1763,1751,14,4960,1,4960,False,1798.3032258064516,592.4129032258064
1763,1751,38,20788,1,20788,False,256.5634981720223,859.8838753126804
1763,1751,75,4472,1,4472,False,1516.5751341681573,551.9973166368516
1763,1751,113,4096,1,4096,False,1116.630859375,530.4921875
1764,1752,14,4944,1,4944,False,1798.0242718446602,592.5631067961165
1764,1752,38,22500,1,22500,False,242.53804444444444,869.6548444444444
1764,1752,75,4492,1,4492,False,1518.7475512021372,553.6558325912733
1764,1752,113,4084,1,4084,False,1117.781096963761,529.7713026444662
1765,1753,14,4976,1,4976,False,1798.1157556270095,592.3971061093248
1765,1753,38,22180,1,22180,False,233.89873760144275,881.3999098286745
1765,1753,75,4564,1,4564,False,1521.1327782646802,554.394829097283
1765,1753,113,4092,3,4080,False,1114.6446725317694,531.1471163245357
1766,1754,14,4992,1,4992,False,1798.570512820513,592.3557692307693
1766,1754,38,21228,1,21228,False,227.0136612021858,893.8333333333334
1766,1754,75,4748,1,4748,False,1524.3399326032013,555.6996630160068
1766,1754,113,4208,1,4208,False,1115.7300380228137,529.8498098859316
1767,1755,14,4992,1,4992,False,1799.6314102564102,592.0208333333334
1767,1755,38,20640,1,20640,False,218.12906976744185,904.5073643410852
1767,1755,75,4764,1,4764,False,1526.850965575147,556.0885810243493
1767,1755,113,4268,1,4268,False,1114.1288659793815,525.5721649484536
1768,1756,14,4908,1,4908,False,1801.093317033415,590.9661776691116
1768,1756,38,20580,1,20580,False,212.44169096209913,914.3309037900875
1768,1756,75,4724,1,4724,False,1528.9098221845893,557.526248941575
1768,1756,113,4332,1,4332,False,1112.2931671283472,522.9469067405355
1769,1757,14,4412,1,4412,False,1803.3177697189483,583.8490480507706
1769,1757,38,20192,1,20192,False,208.8593502377179,925.0772583201268
1769,1757,75,4704,1,4704,False,1531.0238095238096,557.9914965986394
1769,1757,113,4464,1,4464,False,1111.3494623655913,523.668458781362
1770,1758,14,4412,1,4412,False,1803.7384406165004,580.8064369900272
1770,1758,38,20476,1,20476,False,208.18470404375856,932.9582926352804
1770,1758,75,4836,1,4836,False,1534.2584780810587,558.1674937965261
1770,1758,113,4312,1,4312,False,1109.4128014842302,522.9230055658627
1771,1759,14,4400,1,4400,False,1803.3054545454545,579.6672727272727
1771,1759,38,19468,1,19468,False,211.3218615163345,948.1605711937539
1771,1759,75,4852,1,4852,False,1537.0358615004122,558.1405605935697
1771,1759,113,4288,1,4288,False,1108.152985074627,521.5914179104477
1772,1760,14,4316,1,4316,False,1802.1774791473586,578.9374420759963
1772,1760,38,20268,1,20268,False,215.11022301164397,961.2815275310835
1772,1760,75,4828,1,4828,False,1537.973073736537,557.6615575807788
1772,1760,113,4288,1,4288,False,1107.3936567164178,521.4757462686567
1773,1761,14,4160,1,4160,False,1800.4826923076923,578.3826923076923
1773,1761,38,20128,1,20128,False,223.8016693163752,981.0127186009539
1773,1761,75,4736,1,4736,False,1538.1722972972973,557.4391891891892
1773,1761,113,4444,1,4444,False,1106.9734473447345,522.519801980198
1774,1762,14,4252,1,4252,False,1797.3824082784572,579.7474129821261
1774,1762,38,22660,1,22660,False,228.4646954986761,1000.3718446601941
1774,1762,75,4744,1,4744,False,1538.5860033726813,557.6585160202361
1774,1762,113,4620,1,4620,False,1105.8558441558441,522.4186147186147
1775,1763,14,4088,1,4088,False,1794.9050880626223,576.6291585127202
1775,1763,38,23704,1,23704,False,236.48110023624704,1017.7004724940938
1775,1763,75,4628,1,4628,False,1539.0358686257562,557.2415730337078
1775,1763,113,4708,1,4708,False,1105.033559898046,521.1644010195412
1776,1764,14,4180,1,4180,False,1793.0665071770336,575.6712918660287
1776,1764,38,25884,1,25884,False,240.79145418018854,1027.3385102766188
1776,1764,75,4564,1,4564,False,1539.8251533742332,556.9680105170903
1776,1764,113,4732,1,4732,False,1104.0181741335587,519.6174978867286
1777,1765,14,4636,1,4636,False,1788.111734253667,568.5086281276963
1777,1765,38,25788,1,25788,False,245.5541337055995,1043.5336590662323
1777,1765,75,4652,1,4652,False,1540.2644024075666,557.5283748925193
1777,1765,113,4828,1,4828,False,1103.7957746478874,519.6549295774648
1778,1766,14,4684,1,4684,False,1786.9543125533733,569.4666951323655
1778,1766,38,28704,1,28704,False,239.4339464882943,1065.2165551839464
1778,1766,75,4744,1,4744,False,1540.4139966273187,558.0463743676222
1778,1766,113,4680,1,4680,False,1102.5974358974358,518.1068376068376
1779,1767,14,4528,1,4528,False,1785.0017667844522,568.1572438162544
1779,1767,38,33156,1,33156,False,234.34220050669563,1087.0011460972373
1779,1767,75,4916,1,4916,False,1540.9328722538648,558.2314890154597
1779,1767,113,4600,1,4600,False,1101.8373913043479,516.74
1780,1768,14,4436,1,4436,False,1782.4981965734896,567.5297565374211
1780,1768,38,32912,1,32912,False,237.21025765678172,1099.681332036947
1780,1768,75,5028,1,5028,False,1541.0743834526652,558.2358790771679
1780,1768,113,4548,1,4548,False,1101.0681618293756,516.9749340369393
1781,1769,14,4372,1,4372,False,1778.6097895699909,565.6546203110704
1781,1769,38,37352,1,37352,False,234.8664596273292,1112.4723709573784
1781,1769,75,4992,1,4992,False,1541.4695512820513,558.275641025641
1781,1769,113,4264,1,4264,False,1099.6932457786115,514.8827392120076
1782,1770,14,4048,1,4048,False,1773.8596837944665,560.6304347826087
1782,1770,38,38900,1,38900,False,232.85105398457583,1127.6407712082262
1782,1770,75,4928,1,4928,False,1542.3262987012988,558.1055194805194
1782,1770,113,4856,2,4852,False,1101.7850082372322,518.7668863261944
1783,1771,14,4108,1,4108,False,1771.6236611489776,560.2526777020448
1783,1771,38,40744,1,40744,False,228.62762615354407,1146.4328490084429
1783,1771,75,4980,1,4980,False,1542.806827309237,558.2991967871486
1783,1771,113,4908,1,4908,False,1100.335370823146,519.5774246128769
1784,1772,14,3972,1,3972,False,1769.1666666666667,559.1727089627392
1784,1772,38,44776,1,44776,False,209.08084688225836,1163.1934071824192
1784,1772,75,4840,1,4840,False,1543.5148760330578,557.7429752066116
1784,1772,113,4656,1,4656,False,1098.1340206185566,516.7663230240549
1785,1773,14,3720,1,3720,False,1767.4182795698925,559.7516129032258
1785,1773,38,48884,1,48884,False,193.95470910727437,1174.7823009573685
1785,1773,75,4860,1,4860,False,1544.2168724279836,557.9650205761317
1785,1773,113,3544,1,3544,False,1093.9040632054175,510.62415349887135
1786,1774,14,3732,1,3732,False,1765.2159699892818,560.0391211146838
1786,1774,38,51724,1,51724,False,191.18424715799242,1189.890766375377
1786,1774,75,4800,1,4800,False,1544.565,557.65
1786,1774,113,4312,1,4312,False,1094.7968460111317,514.2866419294991
1787,1775,14,3844,1,3844,False,1763.736212278876,561.9047866805411
1787,1775,38,52836,1,52836,False,185.65300174123703,1203.2529714588538
1787,1775,75,4812,1,4812,False,1544.8607647547797,557.9945968412303
1787,1775,113,4724,1,4724,False,1094.0749364944961,517.660033869602
1788,1776,14,3940,1,3940,False,1762.782233502538,563.1802030456853
1788,1776,38,52108,1,52108,False,178.15164658017963,1213.2260305519305
1788,1776,75,4848,1,4848,False,1545.1534653465346,558.8481848184819
1788,1776,113,4664,1,4664,False,1092.1089193825044,517.4416809605489
1789,1777,14,4072,1,4072,False,1762.7357563850687,563.7239685658153
1789,1777,38,58236,1,58236,True,154.13074386977127,1212.4913455594478
1789,1777,75,4704,1,4704,False,1545.654761904762,558.3027210884354
1789,1777,113,4616,1,4616,False,1091.175909878683,518.3093587521664
1790,1778,14,3696,1,3696,False,1759.517316017316,561.2705627705627
1790,1778,38,58808,1,58808,True,149.80349612297647,1219.31594340906
1790,1778,75,4396,1,4396,False,1546.037761601456,557.5227479526843
1790,1778,113,4468,1,4468,False,1089.724709042077,517.3970456580125
1791,1779,14,3560,1,3560,False,1758.3247191011235,562.0146067415731
1791,1779,38,59012,1,59012,True,149.60214871551548,1225.9247949569578
1791,1779,75,4324,1,4324,False,1545.645235892692,558.868177613321
1791,1779,113,4256,1,4256,False,1088.187969924812,517.0676691729324
1792,1780,14,3580,1,3580,False,1756.231843575419,561.7513966480446
1792,1780,38,59368,1,59368,True,145.55713515698693,1230.661433769034
1792,1780,75,4464,1,4464,False,1545.826164874552,560.0340501792115
1792,1780,113,4220,1,4220,False,1087.1862559241706,517.2222748815166
1793,1781,14,3496,1,3496,False,1753.2963386727688,560.966819221968
1793,1781,38,58240,1,58240,True,145.28942307692307,1237.5212912087911
1793,1781,75,4368,1,4368,False,1545.430402930403,562.3754578754579
1793,1781,113,4256,1,4256,False,1086.3796992481202,517.3477443609023
1794,1782,14,3488,1,3488,False,1751.052752293578,561.190366972477
1794,1782,38,53540,1,53540,True,150.0376914456481,1253.9637280537916
1794,1782,75,4404,1,4404,False,1543.1357856494096,565.0758401453224
1794,1782,113,4256,1,4256,False,1085.6015037593984,517.921052631579
1795,1783,14,3432,1,3432,False,1748.3484848484848,560.8379953379954
1795,1783,38,53520,1,53520,True,146.72526158445442,1263.0789237668162
1795,1783,75,4264,1,4264,False,1540.0121951219512,566.2861163227017
1795,1783,113,4280,1,4280,False,1084.4084112149533,517.6476635514018
1796,1784,14,3428,2,3424,False,1745.5011668611435,560.5046674445741
1796,1784,38,56920,1,56920,True,145.27118763176387,1262.4669711876318
1796,1784,75,4036,1,4036,False,1536.8072348860258,567.6774033696729
1796,1784,113,4348,1,4348,False,1082.1136154553817,516.3877644894204
1797,1785,14,3400,1,3400,False,1742.1564705882354,562.7094117647059
1797,1785,38,57844,1,57844,True,145.67156489869305,1266.412315884102
1797,1785,75,4072,1,4072,False,1534.2504911591357,566.8222003929274
1797,1785,113,4288,1,4288,False,1080.7518656716418,516.2332089552239
1798,1786,14,3340,1,3340,False,1737.6161676646707,563.2209580838323
1798,1786,38,57580,1,57580,True,145.30458492532128,1267.817957624175
1798,1786,75,4456,1,4456,False,1532.072710951526,569.0062836624776
1798,1786,113,4248,2,4240,False,1080.0291902071563,516.5169491525423
1799,1787,14,3304,1,3304,False,1733.4685230024213,563.5314769975787
1799,1787,38,56892,1,56892,True,146.38581874428743,1265.8871897630597
1799,1787,75,4816,1,4816,False,1530.6910299003323,572.7425249169435
1799,1787,113,4208,1,4208,False,1078.9410646387832,516.3688212927757
1800,1788,14,3184,1,3184,False,1729.4949748743718,561.608040201005
1800,1788,38,55284,1,55284,True,141.1756385210911,1264.7507778018958
1800,1788,75,4796,1,4796,False,1532.3265221017514,572.4666388657214
1800,1788,113,4160,1,4160,False,1077.8961538461538,516.475
1801,1789,14,3112,1,3112,False,1726.7005141388174,561.6979434447301
1801,1789,38,56524,2,56496,True,138.8692590757908,1265.138171396221
1801,1789,75,4812,1,4812,False,1533.2847049044055,571.3478802992519
1801,1789,113,4196,1,4196,False,1076.1549094375596,516.3798856053385
1802,1790,14,3140,1,3140,False,1725.3585987261147,562.296178343949
1802,1790,38,57468,1,57468,True,139.61435929560798,1267.6160297904921
1802,1790,75,4744,1,4744,False,1533.5303541315345,568.5252951096121
1802,1790,113,4244,1,4244,False,1074.437794533459,517.2672007540057
1803,1791,14,3164,1,3164,False,1724.6668773704173,563.2281921618205
1803,1791,38,55840,1,55840,True,143.37349570200573,1280.8262177650429
1803,1791,75,4892,1,4892,False,1533.9161896974651,568.2497955846279
1803,1791,113,4212,1,4212,False,1072.7032288698956,518.0270655270655
1804,1792,14,3188,1,3188,False,1724.3845671267252,564.6053952321205
1804,1792,38,58168,1,58168,True,143.88454132856555,1280.001169027644
1804,1792,75,4940,1,4940,False,1534.8417004048583,567.3080971659919
1804,1792,113,4100,1,4100,False,1070.82,517.3585365853659
1805,1793,14,3188,1,3188,False,1724.5803011292346,565.215181932246
1805,1793,38,58644,1,58644,True,144.04955323647772,1274.3451674510607
1805,1793,75,5004,1,5004,False,1534.7669864108714,566.4600319744204
1805,1793,113,4056,1,4056,False,1069.3658777120315,517.1824457593689
1806,1794,14,3256,1,3256,False,1725.2739557739558,565.4115479115479
1806,1794,38,59872,1,59872,True,145.8241582041689,1272.89337252806
1806,1794,75,5080,1,5080,False,1534.1582677165354,566.344094488189
1806,1794,113,4112,1,4112,False,1067.603112840467,516.5291828793775
1807,1795,14,3188,1,3188,False,1725.784818067754,566.8136762860728
1807,1795,38,61556,1,61556,True,146.66193384885307,1269.1204431736955
1807,1795,75,5300,1,5300,False,1532.083396226415,566.4577358490566
1807,1795,113,4596,2,4556,False,1067.6018276762402,518.8603133159269
1808,1796,14,3172,1,3172,False,1726.9136191677176,566.9716267339218
1808,1796,38,60480,1,60480,True,141.38756613756613,1262.4363756613757
1808,1796,75,5300,1,5300,False,1532.4954716981133,566.2449056603774
1808,1796,113,4112,2,4100,False,1065.6070038910507,516.5875486381323
1809,1797,14,3148,1,3148,False,1726.8329097839899,567.658831003812
1809,1797,38,58552,1,58552,True,133.64674135810904,1254.7100013663069
1809,1797,75,5244,1,5244,False,1531.5129672006103,565.337528604119
1809,1797,113,4164,2,4152,False,1064.4673390970222,516.8477425552353
1810,1798,14,3168,1,3168,False,1725.6540404040404,568.7525252525253
1810,1798,38,56148,1,56148,True,128.2593502885232,1248.6551613592649
1810,1798,75,5196,1,5196,False,1530.3768283294842,563.8302540415705
1810,1798,113,4120,2,4112,False,1063.616504854369,516.8805825242719
1811,1799,14,3440,1,3440,False,1723.832558139535,570.8
1811,1799,38,56060,1,56060,True,122.39568319657509,1240.9757759543347
1811,1799,75,5432,1,5432,False,1527.5162002945508,562.9432989690722
1811,1799,113,4556,2,4520,False,1063.5201931518877,517.2410008779631
1812,1800,14,3548,1,3548,False,1721.140360766629,571.9047350620068
1812,1800,38,55628,1,55628,True,120.5887322930898,1239.276155892716
1812,1800,75,5936,1,5936,False,1525.4743935309973,564.6199460916442
1812,1800,113,4476,1,4476,False,1061.9691689008043,517.0397676496872
1813,1801,14,3604,1,3604,False,1717.1792452830189,573.2791342952275
1813,1801,38,54224,2,54216,True,120.16701091767483,1241.8719386249631
1813,1801,75,6176,1,6176,False,1524.699481865285,565.1904145077721
1813,1801,113,4440,2,4392,False,1060.5792792792795,517.6855855855856
1814,1802,14,3924,1,3924,False,1711.3256880733945,570.5733944954128
1814,1802,38,55012,1,55012,True,122.89089653166582,1236.4379044572092
1814,1802,75,6356,1,6356,False,1523.6743234738829,566.2117684078037
1814,1802,113,4404,2,4392,False,1060.7815622161672,519.1884650317893
1815,1803,14,3680,1,3680,False,1708.154347826087,573.3652173913043
1815,1803,38,54176,1,54176,True,120.45437093916125,1233.812167749557
1815,1803,75,6472,1,6472,False,1522.5902348578493,567.0995055624228
1815,1803,113,4480,2,4468,False,1059.8785714285714,519.6142857142858
1816,1804,14,4044,1,4044,False,1702.7789317507418,572.3041543026707
1816,1804,38,50664,1,50664,True,128.34841307437233,1248.7234328122533
1816,1804,75,6400,1,6400,False,1519.57125,566.385
1816,1804,113,4352,2,4344,False,1057.6636029411766,517.5974264705883
1817,1805,14,4004,1,4004,False,1698.7537462537462,571.6808191808192
1817,1805,38,51584,1,51584,True,131.25372208436724,1249.100806451613
1817,1805,75,6416,1,6416,False,1517.8379052369078,565.9925187032419
1817,1805,113,4272,2,4248,False,1055.6704119850187,517.1985018726592
1818,1806,14,4120,1,4120,False,1695.321359223301,571.5834951456311
1818,1806,38,51696,1,51696,True,134.1709996904983,1249.3104302073662
1818,1806,75,6912,1,6912,False,1514.8761574074074,565.925925925926
1818,1806,113,4376,2,4352,False,1053.9588665447898,519.0758683729433
1819,1807,14,4468,1,4468,False,1693.493733213966,573.0890778871978
1819,1807,38,54288,1,54288,True,128.8140288829944,1239.245063365753
1819,1807,75,7132,1,7132,False,1513.3311833987661,564.9352215367359
1819,1807,113,4408,2,4376,False,1052.2749546279492,519.6905626134301
1820,1808,14,4628,1,4628,False,1692.157735522904,575.1067415730337
1820,1808,38,58824,1,58824,True,124.51509587923297,1232.6332789337685
1820,1808,75,7300,1,7300,False,1512.3991780821918,563.7153424657535
1820,1808,113,4516,2,4480,False,1049.729406554473,522.2271922054915
1821,1809,14,5064,1,5064,False,1690.929699842022,576.5473933649289
1821,1809,38,56880,1,56880,True,127.46413502109705,1237.1908579465542
1821,1809,75,7584,1,7584,False,1510.7837552742617,562.9303797468355
1821,1809,113,4580,2,4536,False,1047.259825327511,524.7113537117904
1822,1810,14,5604,1,5604,False,1690.391506067095,579.6049250535332
1822,1810,38,60192,1,60192,True,134.79731525784157,1238.4415204678362
1822,1810,75,7932,1,7932,False,1508.008825012607,561.6558245083207
1822,1810,113,4500,1,4500,False,1043.4546666666668,526.6208888888889
1823,1811,14,5264,1,5264,False,1689.0410334346504,580.1306990881459
1823,1811,38,62808,1,62808,True,153.19303273468347,1251.1536746911222
1823,1811,75,8092,1,8092,False,1505.5311418685121,561.5608007909046
1823,1811,113,4204,2,4176,False,1038.6198858230257,525.5047573739296
1824,1812,14,5448,1,5448,False,1683.3663729809105,579.1079295154185
1824,1812,38,63360,1,63360,True,162.7931818181818,1252.7714646464647
1824,1812,75,6128,1,6128,False,1504.9934725848564,549.8955613577024
1824,1812,113,4460,1,4460,False,1033.795067264574,527.2461883408072
1825,1813,14,6420,1,6420,False,1682.579750778816,579.3909657320872
1825,1813,38,61988,1,61988,False,175.76308317738918,1248.0010647222043
1825,1813,75,6112,1,6112,False,1501.6924083769634,549.2748691099476
1825,1813,113,3984,1,3984,False,1027.6506024096386,525.7289156626506
1826,1814,14,8484,1,8484,False,1692.55186232909,575.1638378123527
1826,1814,38,55316,1,55316,False,173.12057994070432,1221.233675609227
1826,1814,75,6296,2,6292,False,1499.5673443456162,549.3348157560356
1826,1814,113,4176,1,4176,False,1024.8773946360154,529.0440613026819
1827,1815,14,8472,1,8472,False,1687.609537299339,571.9173748819641
1827,1815,38,47900,1,47900,False,188.29724425887264,1218.9070146137788
1827,1815,75,6232,1,6232,False,1496.8286264441592,548.6258023106546
1827,1815,113,3948,2,3928,False,1020.2689969604863,528.7350557244174
1828,1816,14,8932,1,8932,False,1681.7781012091357,572.2617554858934
1828,1816,38,48320,1,48320,False,199.80115894039736,1215.9882450331127
1828,1816,75,6124,1,6124,False,1494.616263879817,547.6652514696277
1828,1816,113,3956,2,3940,False,1015.5819009100101,530.247219413549
1829,1817,14,11460,1,11460,False,1676.9830715532287,566.5069808027923
1829,1817,38,49144,1,49144,False,215.21284388735145,1207.1511476477292
1829,1817,75,6400,1,6400,False,1490.83125,547.875
1829,1817,113,4316,1,4316,False,1008.3906394810009,532.5556070435589
1830,1818,14,12544,1,12544,False,1674.9426020408164,567.9968112244898
1830,1818,38,43548,1,43548,False,216.3388904197667,1187.1335997060714
1830,1818,75,6188,2,6184,False,1488.5995475113123,546.0216548157724
1830,1818,113,4364,1,4364,False,1000.2506874427131,533.3579285059578
1831,1819,14,11148,1,11148,False,1652.4863652673125,569.2470398277718
1831,1819,38,42664,1,42664,False,231.06647290455655,1160.237671104444
1831,1819,75,6180,2,6172,False,1486.8288025889967,546.2915857605178
1831,1819,113,4492,1,4492,False,989.6451469278718,537.3780053428317
1832,1820,14,11788,1,11788,False,1642.0106888361045,563.1277570410587
1832,1820,38,35824,1,35824,False,243.0093791871371,1139.5011165698972
1832,1820,75,6044,1,6044,False,1486.1624751819986,546.560886829914
1832,1820,113,4196,1,4196,False,982.1415633937083,539.4571020019066
1833,1821,14,11328,1,11328,False,1629.1454802259886,564.8001412429378
1833,1821,38,28204,1,28204,False,250.5070911927386,1091.881364345483
1833,1821,75,6208,1,6208,False,1484.4664948453608,547.5850515463917
1833,1821,113,4168,1,4168,False,975.5748560460653,539.6976967370441
1834,1822,14,10584,3,10528,False,1625.3979591836735,576.8756613756613
1834,1822,38,23840,1,23840,False,255.54597315436243,1059.765100671141
1834,1822,75,6204,1,6204,False,1480.706318504191,549.9300451321728
1834,1822,113,4004,1,4004,False,971.1073926073926,540.5299700299701
1835,1823,14,6332,1,6332,False,1597.0356917245736,600.0615919140872
1835,1823,38,26980,1,26980,False,267.85122312824313,1041.666790214974
1835,1823,75,6228,1,6228,False,1479.7202954399486,545.7164418754014
1835,1823,113,3796,1,3796,False,966.4599578503688,539.8340358271865
1836,1824,14,9824,1,9824,False,1619.5138436482084,602.8583061889251
1836,1824,38,26020,1,26020,False,269.5139892390469,1027.5484242890084
1836,1824,75,7620,1,7620,False,1479.5068241469817,551.0459317585302
1836,1824,113,3860,1,3860,False,964.0253886010363,542.678238341969
1837,1825,14,9312,1,9312,False,1605.631443298969,599.5884879725086
1837,1825,38,25820,1,25820,False,268.6939581719597,1013.3235476374903
1837,1825,75,6364,1,6364,False,1471.8940917661848,545.2115021998743
1837,1825,113,3256,1,3256,False,961.8439803439803,542.5786240786241
1838,1826,14,8972,1,8972,False,1589.4487293802943,588.2128845296478
1838,1826,38,25400,1,25400,False,266.1034645669291,994.5913385826772
1838,1826,75,6244,1,6244,False,1468.0682254964765,544.7498398462524
1838,1826,113,4172,1,4172,False,962.5038350910834,547.6965484180249
1839,1827,14,9084,1,9084,False,1579.1693086745927,586.023557904007
1839,1827,38,24076,1,24076,False,261.9759926898156,964.6392257850141
1839,1827,75,6248,1,6248,False,1467.5627400768246,543.7266325224072
1839,1827,113,4240,1,4240,False,961.4113207547169,547.6
1840,1828,14,7300,2,7276,False,1568.0835616438355,598.7465753424658
1840,1828,38,23288,1,23288,False,258.3275506698729,949.225523874957
1840,1828,75,6812,1,6812,False,1464.9862008220787,542.9086905460952
1840,1828,113,3980,1,3980,False,959.4829145728643,545.3361809045226
1841,1829,14,5872,1,5872,False,1553.4795640326975,609.1471389645776
1841,1829,38,22120,1,22120,False,254.498191681736,936.1488245931284
1841,1829,75,6856,1,6856,False,1458.5385064177362,541.7438739789965
1841,1829,113,3932,1,3932,False,958.5976602238047,545.2202441505596
1842,1830,14,10548,1,10548,False,1581.098407281001,616.8557072430792
1842,1830,38,22452,1,22452,False,245.6815428469624,919.8475859611616
1842,1830,75,6480,1,6480,False,1457.904938271605,537.6864197530864
1842,1830,113,3892,1,3892,False,958.3478931140802,546.4157245632066
1843,1831,14,11904,1,11904,False,1562.527553763441,605.2688172043011
1843,1831,38,23640,1,23640,False,240.85431472081217,911.7659898477158
1843,1831,75,7788,1,7788,False,1457.0505906522856,541.6135079609655
1843,1831,113,3992,1,3992,False,958.123246492986,548.7044088176352
1844,1832,14,10416,1,10416,False,1532.757296466974,597.4086021505376
1844,1832,38,21372,1,21372,False,236.13503649635035,904.4958824630357
1844,1832,75,7188,1,7188,False,1453.599610461881,539.0854201446856
1844,1832,113,3932,1,3932,False,957.4908443540183,548.9944048830112
1845,1833,14,12988,1,12988,False,1547.9604250076993,582.756236526024
1845,1833,38,19620,1,19620,False,230.66432212028542,899.2274209989806
1845,1833,75,5964,2,5768,False,1445.4242119382964,539.9688128772635
1845,1833,113,3912,1,3912,False,956.2914110429448,551.1973415132925
1846,1834,14,13244,1,13244,False,1543.7666868015706,585.8005134400483
1846,1834,38,21292,1,21292,False,215.74929551005073,881.6775314672177
1846,1834,75,6280,1,6280,False,1448.5968152866242,538.2808917197452
1846,1834,113,3808,1,3808,False,954.186974789916,553.703781512605
1847,1835,14,11552,1,11552,False,1527.2853185595568,596.9736842105264
1847,1835,38,19552,1,19552,False,198.70458265139115,865.7246317512275
1847,1835,75,6016,1,6016,False,1449.285904255319,538.3617021276596
1847,1835,113,3680,1,3680,False,952.1326086956522,555.7630434782609
1848,1836,14,9616,1,9616,False,1509.7396006655574,605.8960066555741
1848,1836,38,18924,1,18924,False,195.01955189177764,861.4270767279645
1848,1836,75,6380,1,6380,False,1448.8335423197493,540.4711598746081
1848,1836,113,3788,1,3788,False,949.9699049630411,559.9086589229145
1849,1837,14,7700,1,7700,False,1504.6766233766234,617.6823376623377
1849,1837,38,19772,1,19772,False,196.67843414930203,857.8505968035606
1849,1837,75,4820,1,4820,False,1449.849377593361,533.5323651452283
1849,1837,113,3928,1,3928,False,947.7219959266803,560.8604887983706
1850,1838,14,11144,1,11144,False,1521.3090452261306,622.9163675520459
1850,1838,38,20692,1,20692,False,185.66566789097234,841.3494104001546
1850,1838,75,4964,1,4964,False,1445.4717969379533,536.933521353747
1850,1838,113,3876,1,3876,False,946.3926728586172,561.4783281733746
1851,1839,14,12212,1,12212,False,1519.6162790697674,609.6883393383557
1851,1839,38,22064,1,22064,False,183.87853517041333,833.5547498187092
1851,1839,75,4352,1,4352,False,1445.9889705882354,535.4908088235294
1851,1839,113,3936,1,3936,False,945.2154471544716,562.2682926829268
1852,1840,14,17144,1,17144,False,1525.5079328044797,592.4780681287914
1852,1840,38,20988,1,20988,False,179.57718696397941,825.3176100628931
1852,1840,75,3904,1,3904,False,1441.8627049180327,535.5922131147541
1852,1840,113,4208,2,4176,False,943.9733840304183,565.7091254752852
1853,1841,14,11648,1,11648,False,1495.7493131868132,594.7706043956044
1853,1841,38,20312,1,20312,False,178.02737298148878,820.5271760535644
1853,1841,75,3884,1,3884,False,1442.1127703398558,534.380535530381
1853,1841,113,4316,1,4316,False,942.240500463392,570.0180722891566
1854,1842,14,8844,1,8844,False,1493.630710085934,611.4172320217097
1854,1842,38,22544,1,22544,False,169.38041163946062,806.0599716110717
1854,1842,75,4064,1,4064,False,1446.005905511811,534.8366141732283
1854,1842,113,4224,1,4224,False,940.1003787878788,571.3939393939394
1855,1843,14,7400,1,7400,False,1485.8632432432432,613.3421621621621
1855,1843,38,21680,1,21680,False,164.98856088560885,800.5590405904059
1855,1843,75,3820,1,3820,False,1446.8287958115184,532.9858638743456
1855,1843,113,4200,1,4200,False,938.1971428571428,573.172380952381
1856,1844,14,9284,1,9284,False,1495.2651874192159,623.1083584661784
1856,1844,38,20856,1,20856,False,163.26716532412735,793.8498273878021
1856,1844,75,3960,1,3960,False,1447.4010101010101,534.9363636363636
1856,1844,113,4488,1,4488,False,936.1131907308378,576.8244206773619
1857,1845,14,9264,1,9264,False,1493.7098445595855,617.1113989637306
1857,1845,38,19688,1,19688,False,163.84010564811052,792.7027631044291
1857,1845,75,3864,1,3864,False,1447.1811594202898,534.9389233954452
1857,1845,113,4524,1,4524,False,931.6971706454465,579.3806366047745
1858,1846,14,8612,1,8612,False,1490.6402693915468,613.0935903390617
1858,1846,38,15524,1,15524,False,167.1719917547024,804.2165678948725
1858,1846,75,3944,1,3944,False,1446.7251521298174,535.7048681541582
1858,1846,113,4556,1,4556,False,927.2638279192274,582.626426690079
1859,1847,14,7048,1,7048,False,1484.0698070374574,613.6486946651532
1859,1847,38,15168,1,15168,False,166.92510548523208,811.1856540084389
1859,1847,75,4044,1,4044,False,1447.0123639960436,536.7235410484668
1859,1847,113,4604,1,4604,False,920.8979148566464,589.1672458731538
1860,1848,14,7380,1,7380,False,1486.2897018970189,616.1682926829268
1860,1848,38,15776,1,15776,False,166.37829614604462,812.2459432048681
1860,1848,75,4248,1,4248,False,1446.7843691148776,537.0178907721281
1860,1848,113,4404,1,4404,False,913.6843778383288,595.1739327883743
1861,1849,14,7024,1,7024,False,1483.5421412300684,616.4339407744875
1861,1849,38,16212,1,16212,False,168.56266962743646,812.8355539106834
1861,1849,75,3920,1,3920,False,1448.5857142857142,536.4204081632653
1861,1849,113,4440,1,4440,False,909.2621621621622,602.1018018018018
1862,1850,14,6780,1,6780,False,1484.7879056047198,618.2120943952802
1862,1850,38,15784,1,15784,False,169.35859097820577,809.9064875823619
1862,1850,75,3780,1,3780,False,1451.0079365079366,537.6640211640212
1862,1850,113,4524,1,4524,False,906.2966401414677,607.5097259062776
1863,1851,14,7080,1,7080,False,1484.8502824858756,620.1847457627118
1863,1851,38,15876,1,15876,False,173.95376669186194,814.8300579491056
1863,1851,75,3356,1,3356,False,1453.2437425506555,536.4547079856973
1863,1851,113,4704,1,4704,False,904.7465986394558,611.704081632653
1864,1852,14,7044,1,7044,False,1484.8986371379897,620.0502555366269
1864,1852,38,16796,1,16796,False,176.8081686115742,813.372588711598
1864,1852,75,3208,1,3208,False,1454.78927680798,537.0536159600997
1864,1852,113,4676,1,4676,False,903.9165953806672,615.9456800684345
1865,1853,14,7004,1,7004,False,1482.976299257567,620.4840091376357
1865,1853,38,17612,1,17612,False,181.98035430388373,811.4057460822166
1865,1853,75,2700,1,2700,False,1460.4288888888889,533.6407407407407
1865,1853,113,4628,1,4628,False,903.2087294727744,620.4792566983579
1866,1854,14,6788,1,6788,False,1479.2849145550972,620.2336476134354
1866,1854,38,19484,1,19484,False,186.69708478751795,807.3400739067953
1866,1854,75,2688,1,2688,False,1462.5119047619048,532.6547619047619
1866,1854,113,4728,1,4728,False,902.9314720812183,624.1514382402707
1867,1855,14,6824,1,6824,False,1474.2315357561547,626.7649472450175
1867,1855,38,19552,1,19552,False,183.1550736497545,806.3391980360066
1867,1855,75,3424,1,3424,False,1467.8411214953271,537.8691588785047
1867,1855,113,4660,1,4660,False,900.9497854077254,627.6708154506438
1868,1856,14,6964,1,6964,False,1472.2725445146468,630.607983917289
1868,1856,38,19876,1,19876,False,187.89223183739182,812.3567116119943
1868,1856,75,3692,1,3692,False,1469.7762730227519,541.9279523293608
1868,1856,113,4964,1,4964,False,897.0447219983884,632.5999194198228
1869,1857,14,6768,1,6768,False,1472.8073286052008,631.5661938534279
1869,1857,38,21492,1,21492,False,192.53647868974502,817.4171784850176
1869,1857,75,3584,1,3584,False,1472.2589285714287,542.2075892857143
1869,1857,113,5268,1,5268,False,890.7353834472285,635.9669703872437
1870,1858,14,7080,1,7080,False,1473.208474576271,632.674011299435
1870,1858,38,22056,1,22056,False,193.87867247007617,822.0781646717446
1870,1858,75,3672,1,3672,False,1474.144880174292,542.7483660130719
1870,1858,113,5240,1,5240,False,883.136641221374,642.0053435114504
1871,1859,14,7000,1,7000,False,1472.2085714285715,630.6931428571429
1871,1859,38,21436,1,21436,False,191.32291472289606,826.3417615226722
1871,1859,75,3704,1,3704,False,1475.437365010799,542.2645788336933
1871,1859,113,5288,1,5288,False,869.0673222390318,651.7753403933434
1872,1860,14,6816,1,6816,False,1472.4636150234742,628.0892018779343
1872,1860,38,21920,1,21920,False,192.31970802919707,832.0883211678832
1872,1860,75,3700,1,3700,False,1478.7789189189189,541.8967567567568
1872,1860,113,5328,1,5328,False,860.951951951952,662.493993993994
1873,1861,14,6696,1,6696,False,1471.3661887694145,623.7413381123058
1873,1861,38,20064,1,20064,False,184.16786283891548,837.5458532695375
1873,1861,75,3772,1,3772,False,1481.7916224814421,537.4586426299046
1873,1861,113,5912,1,5912,False,853.202300405954,671.8707713125846
1874,1862,14,8312,1,8312,False,1476.1679499518768,623.5336862367661
1874,1862,38,19420,1,19420,False,183.83429454170957,850.499588053553
1874,1862,75,3796,1,3796,False,1483.4799789251845,536.7423603793467
1874,1862,113,5560,1,5560,False,844.3561151079136,686.6309352517985
1875,1863,14,8304,1,8304,False,1476.7148362235068,624.5645472061657
1875,1863,38,18148,1,18148,False,187.52446550584085,873.0995150980824
1875,1863,75,3904,1,3904,False,1484.3688524590164,536.436475409836
1875,1863,113,6440,1,6440,False,833.5857142857143,691.8614906832298
1876,1864,14,7912,1,7912,False,1476.737613751264,625.3068756319515
1876,1864,38,17672,1,17672,False,191.14056133997283,888.4732910819375
1876,1864,75,3980,1,3980,False,1484.2829145728642,536.5542713567839
1876,1864,113,6832,1,6832,False,824.6896955503513,694.0690866510539
1877,1865,14,7628,1,7628,False,1477.1586261143157,624.8219716832722
1877,1865,38,16856,1,16856,False,192.1122448979592,903.4188419553868
1877,1865,75,4064,1,4064,False,1484.1614173228347,536.7066929133858
1877,1865,113,7064,1,7064,False,817.4093997734994,695.4864099660249
1878,1866,14,7400,1,7400,False,1477.3951351351352,624.2027027027027
1878,1866,38,15636,1,15636,False,196.22269122537733,921.3436940393963
1878,1866,75,4104,1,4104,False,1483.8528265107213,536.6189083820663
1878,1866,113,7392,1,7392,False,808.693722943723,697.6277056277056
1879,1867,14,7392,1,7392,False,1477.5238095238096,623.9199134199134
1879,1867,38,16156,1,16156,False,207.1892795246348,943.1432285219114
1879,1867,75,4260,1,4260,False,1483.7150234741785,536.6464788732394
1879,1867,113,7264,1,7264,False,800.8447136563876,704.75
1880,1868,14,7428,1,7428,False,1477.8979536887452,624.8726440495423
1880,1868,38,16412,1,16412,False,221.56799902510357,971.8458445040214
1880,1868,75,4360,1,4360,False,1483.751376146789,536.3899082568807
1880,1868,113,8052,1,8052,False,790.6967213114754,705.4965226030799
1881,1869,14,7648,1,7648,False,1477.944560669456,624.347280334728
1881,1869,38,18656,1,18656,False,227.6951114922813,991.5437392795883
1881,1869,75,4376,1,4376,False,1483.6755027422303,536.1288848263254
1881,1869,113,8768,1,8768,False,783.6286496350365,707.1386861313869
1882,1870,14,7400,1,7400,False,1477.7054054054054,622.7875675675675
1882,1870,38,19192,1,19192,False,232.54877032096707,1012.8726552730304
1882,1870,75,4476,1,4476,False,1483.6152815013404,536.1353887399464
1882,1870,113,9208,1,9208,False,779.623370981755,710.9717636837532
1883,1871,14,7580,1,7580,False,1478.4176781002639,623.9585751978892
1883,1871,38,19388,1,19388,False,234.23963276253352,1035.1705178460904
1883,1871,75,4460,1,4460,False,1483.2372197309417,536.119730941704
1883,1871,113,8968,1,8968,False,774.0486173059768,714.4063336306868
1884,1872,14,7248,1,7248,False,1476.3532008830023,619.6169977924944
1884,1872,38,23096,2,23020,False,237.6240041565639,1058.4892622099064
1884,1872,75,4500,1,4500,False,1483.8333333333333,535.1791111111111
1884,1872,113,9796,1,9796,False,768.9581461821151,718.5718660677828
1885,1873,14,7224,1,7224,False,1476.0559246954597,619.3826135105205
1885,1873,38,27424,1,27424,False,246.43203033838972,1080.816219369895
1885,1873,75,4564,1,4564,False,1483.579754601227,535.1888694127958
1885,1873,113,10288,1,10288,False,757.3864696734059,721.7814930015552
1886,1874,14,7168,2,7160,False,1475.642857142857,618.8895089285714
1886,1874,38,32532,1,32532,False,257.83628427394564,1104.5
1886,1874,75,4536,1,4536,False,1482.8245149911816,535.7557319223986
1886,1874,113,10612,1,10612,False,744.7585751978892,723.2583867320016
1887,1875,14,7184,1,7184,False,1476.0367483296213,619.5200445434299
1887,1875,38,35452,1,35452,False,250.1184136296965,1122.6193726729098
1887,1875,75,4652,1,4652,False,1483.414875322442,535.8000859845228
1887,1875,113,10824,1,10824,False,733.6478196600148,726.9663710273467
1888,1876,14,7128,1,7128,False,1476.1879910213243,619.8557800224467
1888,1876,38,39476,1,39476,False,244.5372884790759,1140.2073665011653
1888,1876,75,4756,1,4756,False,1483.4453322119427,536.1686291000841
1888,1876,113,10732,1,10732,False,726.9301155423034,731.8589265747298
1889,1877,14,7148,1,7148,False,1476.1787912702855,619.7949076664802
1889,1877,38,43848,1,43848,False,249.7446633825944,1154.5209815727058
1889,1877,75,4760,1,4760,False,1483.8176470588235,535.3084033613445
1889,1877,113,10752,1,10752,False,719.5654761904761,734.1510416666666
1890,1878,14,7132,1,7132,False,1476.4169938306225,620.1343241727426
1890,1878,38,47668,3,47472,False,255.0167407904674,1178.3607031971135
1890,1878,75,4780,1,4780,False,1484.0196652719665,534.9418410041841
1890,1878,113,10908,1,10908,False,712.6232123212321,736.7170883755042
1891,1879,14,7128,1,7128,False,1476.5314253647587,620.3731762065096
1891,1879,38,46140,2,45960,False,255.92280017338535,1203.607758994365
1891,1879,75,4796,1,4796,False,1484.0896580483736,534.7819015846538
1891,1879,113,10836,1,10836,False,705.3881506090809,739.999446290144
1892,1880,14,7200,1,7200,False,1476.5088888888888,620.2433333333333
1892,1880,38,49328,1,49328,False,262.27229970807656,1223.9649691858579
1892,1880,75,4816,1,4816,False,1484.3355481727574,534.5847176079734
1892,1880,113,10692,1,10692,False,694.9354657687991,742.950430228208
1893,1881,14,7184,1,7184,False,1476.6146993318484,620.445434298441
1893,1881,38,56480,1,56480,False,264.4101983002833,1250.1137393767706
1893,1881,75,4804,1,4804,False,1484.335137385512,534.5699417152373
1893,1881,113,10760,1,10760,False,683.1312267657993,747.9148698884759
1894,1882,14,7192,1,7192,False,1476.6479421579534,620.4899888765294
1894,1882,38,61672,1,61672,False,265.54851472305097,1275.8629523933066
1894,1882,75,4796,1,4796,False,1484.4316096747289,534.6584653878232
1894,1882,113,11032,1,11032,False,668.3556925308194,751.2701232777375
1895,1883,14,7164,1,7164,False,1476.6529871580124,620.8338916806254
1895,1883,38,63508,2,63476,False,260.43739371417774,1320.983214713107
1895,1883,75,4832,1,4832,False,1484.1043046357615,534.7201986754967
1895,1883,113,10912,1,10912,False,657.1473607038123,755.8826979472141
1896,1884,14,7096,1,7096,False,1476.458286358512,620.9622322435175
1896,1884,38,68612,1,68612,False,268.62557570104354,1347.7304553139393
1896,1884,75,4836,1,4836,False,1483.930934656741,534.6439205955335
1896,1884,113,10920,1,10920,False,648.1534798534799,759.3461538461538
1897,1885,14,7092,1,7092,False,1476.0228426395938,621.0775521714608
1897,1885,38,71544,1,71544,True,271.51241194230124,1362.2619367102761
1897,1885,75,4872,1,4872,False,1483.7118226600985,534.7939244663382
1897,1885,113,11028,1,11028,False,639.6650344577439,762.3817555313747
1898,1886,14,7056,1,7056,False,1476.3185941043084,621.563492063492
1898,1886,38,72040,1,72040,True,277.9720710716269,1377.9278734036645
1898,1886,75,4884,1,4884,False,1483.649877149877,534.8882063882064
1898,1886,113,11096,1,11096,False,631.9563806777217,766.0739005046863
1899,1887,14,6944,1,6944,False,1476.8145161290322,622.7269585253456
1899,1887,38,70676,1,70676,True,280.8900616899655,1388.6882392891505
1899,1887,75,4804,1,4804,False,1482.3967527060784,535.1627810158202
1899,1887,113,10944,1,10944,False,624.15716374269,772.7017543859649
1900,1888,14,6728,1,6728,False,1478.3014268727704,624.6082045184304
1900,1888,38,64572,1,64572,True,290.4347085424023,1398.4851328749303
1900,1888,75,4784,1,4784,False,1483.1505016722408,534.8963210702341
1900,1888,113,10692,1,10692,False,615.4629629629629,777.742050130939
1901,1889,14,6860,1,6860,False,1479.5285714285715,625.4737609329446
1901,1889,38,61816,1,61816,True,289.1923773780251,1406.6211336870713
1901,1889,75,4696,1,4696,False,1483.0996592844974,533.4250425894378
1901,1889,113,10504,1,10504,False,607.2669459253617,783.6766945925361
1902,1890,14,6664,1,6664,False,1478.3847539015605,625.3487394957983
1902,1890,38,60412,1,60412,True,282.45550552870293,1411.607329669602
1902,1890,75,4724,1,4724,False,1483.2552921253175,533.045300592718
1902,1890,113,10396,1,10396,False,597.0909965371296,785.9721046556368
1903,1891,14,6656,1,6656,False,1478.0588942307693,625.1514423076923
1903,1891,38,57220,1,57220,True,273.8065361761622,1417.5322264942329
1903,1891,75,4708,1,4708,False,1483.4855564995753,533.0998300764655
1903,1891,113,10304,1,10304,False,588.2313664596273,789.2927018633541
1904,1892,14,6704,1,6704,False,1478.291169451074,625.381861575179
1904,1892,38,52180,1,52180,True,271.6342276734381,1426.4245688003066
1904,1892,75,4704,1,4704,False,1483.498299319728,533.1989795918367
1904,1892,113,10304,1,10304,False,580.3548136645962,791.9510869565217
1905,1893,14,6688,1,6688,False,1478.9401913875597,626.0526315789474
1905,1893,38,49896,1,49896,True,264.4361872695206,1428.83493666827
1905,1893,75,4704,1,4704,False,1483.2108843537414,533.3503401360545
1905,1893,113,10316,1,10316,False,572.7124854594804,796.0889879798372
1906,1894,14,6740,1,6740,False,1479.3795252225518,626.4418397626113
1906,1894,38,48420,1,48420,True,255.93197026022304,1425.9729450640232
1906,1894,75,4660,1,4660,False,1483.1781115879828,533.0854077253219
1906,1894,113,10604,1,10604,False,566.5377216144851,798.7746133534515
1907,1895,14,6624,1,6624,False,1479.1690821256038,626.4468599033817
1907,1895,38,47120,1,47120,True,252.77589134125637,1426.5402376910017
1907,1895,75,4580,1,4580,False,1482.8039301310043,532.3637554585152
1907,1895,113,10208,1,10208,False,561.9952978056426,807.1920062695925
1908,1896,14,6632,1,6632,False,1478.7714113389627,625.3069963811821
1908,1896,38,41612,1,41612,True,250.46616360665192,1433.6089108910892
1908,1896,75,4628,1,4628,False,1483.4974070872947,531.2796024200519
1908,1896,113,10176,1,10176,False,556.6761006289308,817.1312893081761
1909,1897,14,7040,1,7040,False,1481.446590909091,625.6375
1909,1897,38,40044,1,40044,True,248.64444111477374,1435.8792827889322
1909,1897,75,4712,1,4712,False,1484.9753820033957,530.6103565365025
1909,1897,113,10120,1,10120,False,550.1640316205534,825.3664031620553
1910,1898,14,6976,1,6976,False,1480.9587155963302,626.2064220183486
1910,1898,38,39184,1,39184,True,248.7386688444263,1437.9530420579829
1910,1898,75,4760,1,4760,False,1486.9100840336134,530.5638655462185
1910,1898,113,10392,1,10392,False,544.7070823710546,834.1905311778291
1911,1899,14,6712,1,6712,False,1480.1233611442194,625.4439809296782
1911,1899,38,40112,1,40112,True,242.1296370163542,1439.8448344635021
1911,1899,75,4720,1,4720,False,1488.1338983050848,531.1881355932203
1911,1899,113,11080,1,11080,False,539.343321299639,842.5187725631769
1912,1900,14,6740,1,6740,False,1480.0857566765578,623.659643916914
1912,1900,38,36116,1,36116,True,248.68695315095803,1444.1265367150293
1912,1900,75,4748,1,4748,False,1489.612047177759,531.6642796967144
1912,1900,113,11408,1,11408,False,536.0175315568023,849.179523141655
1913,1901,14,6788,1,6788,False,1480.4893930465528,623.6054802592811
1913,1901,38,35624,1,35624,True,244.16045362676846,1445.2877835167303
1913,1901,75,4768,1,4768,False,1490.4731543624162,532.1023489932886
1913,1901,113,11572,1,11572,False,533.1602143104044,858.2794676806084
1914,1902,14,6784,1,6784,False,1480.0471698113208,623.7936320754717
1914,1902,38,33356,1,33356,True,246.11769996402447,1447.331994243914
1914,1902,75,4688,1,4688,False,1491.2013651877132,532.4249146757679
1914,1902,113,12212,1,12212,False,531.1308548968228,869.8082214215526
1915,1903,14,6796,1,6796,False,1479.6854031783403,624.2763390229546
1915,1903,38,31540,1,31540,True,245.5272669625872,1447.6573874445148
1915,1903,75,4704,1,4704,False,1491.4863945578231,532.5986394557823
1915,1903,113,11772,1,11772,False,529.2930682976555,882.7031940197078
1916,1904,14,6940,1,6940,False,1479.9455331412103,625.0002881844381
1916,1904,38,32868,1,32868,True,239.69703054642812,1446.2541681879031
1916,1904,75,4712,1,4712,False,1491.8667232597622,532.7631578947369
1916,1904,113,11800,1,11800,False,526.6261016949153,890.2783050847457
1917,1905,14,7032,1,7032,False,1479.9812286689419,625.1951080773606
1917,1905,38,31720,1,31720,True,235.98196721311476,1444.7007566204288
1917,1905,75,4744,1,4744,False,1492.6821247892074,533.3988195615515
1917,1905,113,11764,1,11764,False,524.225263515811,898.0967358041482
1918,1906,14,7068,1,7068,False,1479.915959252971,625.3307866440294
1918,1906,38,31188,1,31188,True,234.97043734769784,1446.5161600615622
1918,1906,75,4844,1,4844,False,1492.4686209744013,533.5189925681256
1918,1906,113,12156,1,12156,False,521.7773938795657,903.8135899967094
1919,1907,14,7100,1,7100,False,1479.0239436619718,625.7394366197183
1919,1907,38,29316,1,29316,True,239.6570473461591,1450.688565970801
1919,1907,75,4876,1,4876,False,1492.857670221493,534.2260049220673
1919,1907,113,12616,1,12616,False,519.7067216233354,908.940076093849
1920,1908,14,7192,1,7192,False,1477.663515016685,625.6601779755283
1920,1908,38,27192,1,27192,True,238.86216534274786,1454.477346278317
1920,1908,75,4872,1,4872,False,1493.3768472906404,534.5049261083744
1920,1908,113,13252,1,13252,False,517.1133413824328,916.3726230003018
1921,1909,14,7240,1,7240,False,1477.6679558011049,628.2900552486187
1921,1909,38,26412,1,26412,True,239.3399212479176,1455.9990155989701
1921,1909,75,4880,1,4880,False,1493.3377049180328,534.4918032786885
1921,1909,113,13552,1,13552,False,513.2827626918536,926.3087367178276
1922,1910,14,7460,1,7460,False,1474.7702412868632,629.3707774798928
1922,1910,38,25608,1,25608,True,239.2035301468291,1457.928616057482
1922,1910,75,4912,1,4912,False,1493.4169381107492,534.4153094462541
1922,1910,113,13584,1,13584,False,509.236160188457,934.0959952885748
1923,1911,14,7476,1,7476,False,1472.0708935259497,628.8135366506153
1923,1911,38,25040,1,25040,True,240.02907348242812,1458.2287539936103
1923,1911,75,4892,1,4892,False,1493.5204415372036,534.403515944399
1923,1911,113,13252,1,13252,False,503.46106248113495,943.7478116510715
1924,1912,14,7436,1,7436,False,1470.1503496503497,625.9362560516406
1924,1912,38,26624,1,26624,True,237.40625,1455.8942307692307
1924,1912,75,4904,1,4904,False,1493.358075040783,534.34176182708
1924,1912,113,13352,1,13352,False,500.7672258837627,952.4053325344518
1925,1913,14,7132,1,7132,False,1467.7080762759394,623.5095344924285
1925,1913,38,26612,1,26612,True,238.59289042537202,1455.975424620472
1925,1913,75,4892,1,4892,False,1493.5302534750613,534.2972199509403
1925,1913,113,14108,1,14108,False,500.0435214062943,959.4237312163311
1926,1914,14,7032,1,7032,False,1466.5796359499432,622.6046643913538
1926,1914,38,26572,1,26572,True,237.2848863465302,1456.4551407496613
1926,1914,75,4908,1,4908,False,1493.621434392828,534.2359413202934
1926,1914,113,14744,1,14744,False,500.80005425935974,964.5694519804666
1927,1915,14,7012,1,7012,False,1466.5810039931546,622.3391329150029
1927,1915,38,25212,1,25212,True,240.81064572425828,1459.2355227669364
1927,1915,75,4880,1,4880,False,1493.4459016393444,533.4229508196721
1927,1915,113,15120,1,15120,False,503.4867724867725,970.0619047619048
1928,1916,14,7024,1,7024,False,1466.894077448747,622.2801822323462
1928,1916,38,25448,1,25448,True,242.04731216598555,1459.0749764225086
1928,1916,75,4956,1,4956,False,1492.824455205811,533.0956416464891
1928,1916,113,15840,1,15840,False,508.95,973.2782828282828
1929,1917,14,6984,1,6984,False,1467.0601374570447,621.7840778923253
1929,1917,38,27776,1,27776,True,237.713133640553,1455.7943548387098
1929,1917,75,4972,1,4972,False,1493.389782783588,532.5675784392598
1929,1917,113,16496,1,16496,False,516.3496605237633,977.1566440349176
1930,1918,14,6976,1,6976,False,1467.63876146789,621.7247706422019
1930,1918,38,27380,1,27380,True,238.86026296566837,1455.6932797662528
1930,1918,75,4960,1,4960,False,1493.766129032258,532.3387096774194
1930,1918,113,17052,1,17052,False,526.4512080694346,980.0313159746657
1931,1919,14,6980,1,6980,False,1468.3074498567335,621.7332378223496
1931,1919,38,28316,1,28316,True,239.1630880067806,1454.4932193812685
1931,1919,75,5004,1,5004,False,1493.86690647482,532.1658673061551
1931,1919,113,18240,1,18240,False,539.0241228070175,982.909649122807
1932,1920,14,6904,1,6904,False,1468.904403244496,621.2752027809966
1932,1920,38,27832,1,27832,True,241.99382006323657,1455.449985628054
1932,1920,75,4908,1,4908,False,1494.6124694376529,532.141401792991
1932,1920,113,18936,1,18936,False,547.0327418673427,988.5270384452893
1933,1921,14,6880,1,6880,False,1469.6406976744186,620.9825581395348
1933,1921,38,27688,1,27688,True,243.10502744871425,1455.5716555908698
1933,1921,75,4916,1,4916,False,1494.7375915378357,532.207078925956
1933,1921,113,20836,1,20836,False,554.0480898444999,995.8338452678057
1934,1922,14,6924,1,6924,False,1469.8876372039283,620.8639514731369
1934,1922,38,27500,1,27500,True,243.09607272727274,1456.1942545454544
1934,1922,75,4928,1,4928,False,1494.8474025974026,532.2646103896104
1934,1922,113,22272,1,22272,False,561.3635057471264,1002.6311063218391
1935,1923,14,6920,1,6920,False,1470.0260115606936,620.7080924855492
1935,1923,38,27332,1,27332,True,245.25223181618617,1456.6135665154397
1935,1923,75,4948,1,4948,False,1494.8912691996766,532.254244139046
1935,1923,113,22704,1,22704,False,574.7871740662438,1010.646229739253
1936,1924,14,6916,1,6916,False,1470.5046269519953,620.8019086176981
1936,1924,38,27156,1,27156,True,245.42856090735012,1456.9401237295626
1936,1924,75,4976,1,4976,False,1495.0916398713825,532.4790996784566
1936,1924,113,23796,1,23796,False,589.8484619263742,1017.502185241217
1937,1925,14,6860,1,6860,False,1471.4830903790087,621.2918367346939
1937,1925,38,26992,1,26992,True,248.1470065204505,1457.9063426200355
1937,1925,75,4960,1,4960,False,1495.45,532.5661290322581
1937,1925,113,25608,1,25608,False,608.2753826929085,1021.4900031240237
1938,1926,14,6844,1,6844,False,1471.9225599064873,621.2960257159556
1938,1926,38,27204,1,27204,True,246.7299661814439,1456.4726510807234
1938,1926,75,4920,1,4920,False,1496.2479674796748,532.4512195121952
1938,1926,113,26884,1,26884,False,625.3352923672072,1023.261196250558
1939,1927,14,6932,1,6932,False,1472.2738026543566,620.6638776687824
1939,1927,38,27592,1,27592,True,245.02420991591765,1454.946216294578
1939,1927,75,4876,1,4876,False,1497.0873666940115,532.4983593109106
1939,1927,113,28268,1,28268,False,639.2890193858781,1028.0273807839253
1940,1928,14,6908,1,6908,False,1472.820787492762,621.1496815286624
1940,1928,38,27832,1,27832,True,245.65751652773787,1453.9550158091406
1940,1928,75,4896,1,4896,False,1496.954248366013,532.6470588235294
1940,1928,113,29100,1,29100,False,654.0461168384879,1030.935738831615
1941,1929,14,6832,1,6832,False,1473.112412177986,621.2505854800937
1941,1929,38,28760,2,28752,True,245.1191933240612,1452.0296244784422
1941,1929,75,4884,1,4884,False,1496.9897624897626,532.6965601965602
1941,1929,113,29228,1,29228,False,670.9083755303134,1032.6962501710689
1942,1930,14,6840,1,6840,False,1473.5456140350877,621.0380116959064
1942,1930,38,31700,1,31700,True,248.51261829652998,1449.0875078864353
1942,1930,75,4892,1,4892,False,1496.863041700736,532.8107113654947
1942,1930,113,29104,1,29104,False,691.2858713578889,1034.0731170973063
1943,1931,14,6792,1,6792,False,1474.065371024735,621.3480565371025
1943,1931,38,33348,1,33348,True,260.82409739714524,1447.8954659949623
1943,1931,75,4912,1,4912,False,1496.6009771986971,533.0749185667753
1943,1931,113,29368,1,29368,False,716.0260147098883,1034.4354399346228
1944,1932,14,6716,1,6716,False,1474.6512805241216,621.7793329362715
1944,1932,38,34124,1,34124,True,275.32147462196696,1447.0274879849958
1944,1932,75,4936,1,4936,False,1496.9068071312804,533.1175040518639
1944,1932,113,30128,1,30128,False,742.3513011152417,1032.6670207116304
1945,1933,14,6720,1,6720,False,1475.3059523809525,621.9178571428571
1945,1933,38,36860,1,36860,True,284.3161692892024,1441.7586001085187
1945,1933,75,4928,1,4928,False,1496.9577922077922,532.7386363636364
1945,1933,113,31820,1,31820,False,771.6296040226273,1023.666310496543
1946,1934,14,6740,1,6740,False,1475.460237388724,621.7284866468842
1946,1934,38,38460,1,38460,True,291.73577743109723,1450.8303172126884
1946,1934,75,4916,1,4916,False,1497.2420667209112,532.4365337672905
1946,1934,113,32344,1,32344,False,791.9776156319565,1025.2563690328964
1947,1935,14,6788,1,6788,False,1476.091043017089,621.7857984678845
1947,1935,38,42916,1,42916,True,301.79928231894866,1447.3533880137943
1947,1935,75,4864,1,4864,False,1497.1151315789473,532.516447368421
1947,1935,113,33328,1,33328,False,813.5014402304369,1023.443590974556
1948,1936,14,6736,1,6736,False,1476.3052256532067,621.811163895487
1948,1936,38,42596,1,42596,True,287.0369518264626,1456.2128368860926
1948,1936,75,4868,1,4868,False,1496.9782251437962,532.4786359901397
1948,1936,113,33008,1,33008,False,836.5964614638875,1021.8487639360155
1949,1937,14,6748,1,6748,False,1476.4596917605215,621.6701244813278
1949,1937,38,46344,1,46344,True,283.9341446573451,1459.4609873985844
1949,1937,75,4852,1,4852,False,1497.1446826051113,532.4274525968673
1949,1937,113,32124,1,32124,False,863.287199601544,1021.2037728800897
1950,1938,14,6784,1,6784,False,1476.8349056603774,622.0247641509434
1950,1938,38,51480,1,51480,True,269.7152292152292,1458.4802641802642
1950,1938,75,4864,1,4864,False,1497.1052631578948,532.4506578947369
1950,1938,113,32964,1,32964,False,891.7813978886057,1014.9358694333212
1951,1939,14,6796,1,6796,False,1476.8978811065333,621.7513243084168
1951,1939,38,55596,1,55596,True,243.58209223685157,1455.296460176991
1951,1939,75,4844,1,4844,False,1497.2052023121387,532.4009083402148
1951,1939,113,33592,1,33592,False,922.9310550130983,1009.0768040009526
1952,1940,14,6924,1,6924,False,1477.601097631427,623.024552281918
1952,1940,38,65868,1,65868,True,221.6849152851157,1445.4061759883402
1952,1940,75,4900,1,4900,False,1496.3628571428571,532.529387755102
1952,1940,113,33776,1,33776,False,952.180956892468,999.3664140217907
1953,1941,14,6820,1,6820,False,1476.8014662756598,621.0782991202346
1953,1941,38,67364,1,67364,True,213.6701205391604,1442.944154147616
1953,1941,75,4816,2,4812,False,1497.5049833887044,532.2093023255813
1953,1941,113,34100,1,34100,False,975.6042815249267,992.9351906158357
1954,1942,14,6832,1,6832,False,1476.874707259953,621.1662763466043
1954,1942,38,70244,1,70244,True,210.68563863105746,1437.2972211149706
1954,1942,75,4816,2,4812,False,1497.5049833887044,532.2093023255813
1954,1942,113,32616,1,32616,False,1000.4116997792495,986.6091488839833
1955,1943,14,6816,1,6816,False,1476.8638497652582,621.7230046948357
1955,1943,38,71824,1,71824,True,203.41100467810202,1431.7526175094677
1955,1943,75,4812,1,4812,False,1497.4443059019118,532.2223607647547
1955,1943,113,31320,1,31320,False,1022.9848020434227,981.0399744572159
1956,1944,14,6848,1,6848,False,1476.8995327102805,621.9369158878504
1956,1944,38,70396,2,70384,True,196.30567077674868,1426.8411557474856
1956,1944,75,7104,2,4820,False,1047.8716216216217,776.018018018018
1956,1944,113,30472,1,30472,False,1049.141638225256,971.6428196377002
1957,1945,14,6836,1,6836,False,1476.660327677004,622.1500877706261
1957,1945,38,72116,1,72116,True,195.40276776304842,1423.4730988962228
1957,1945,75,4840,1,4840,False,1497.4404958677685,532.2272727272727
1957,1945,113,29964,1,29964,False,1074.2196635963155,959.484381257509
1958,1946,14,6816,1,6816,False,1476.3016431924882,621.9929577464789
1958,1946,38,74528,1,74528,True,192.23336195792186,1418.2263847144698
1958,1946,75,4832,1,4832,False,1497.4122516556292,532.2350993377484
1958,1946,113,30240,1,30240,False,1096.3960317460317,949.2346560846561
1959,1947,14,6832,1,6832,False,1476.3629976580796,622.0573770491803
1959,1947,38,74996,2,74992,True,192.10851245399752,1418.157368392981
1959,1947,75,4848,1,4848,False,1497.4950495049504,532.1468646864687
1959,1947,113,30096,1,30096,False,1114.844763423711,943.8609782030835
1960,1948,14,6964,1,6964,False,1475.675186674325,620.6746122917863
1960,1948,38,73528,1,73528,True,199.03497987161353,1425.1481340441737
1960,1948,75,4864,1,4864,False,1498.7861842105262,531.3503289473684
1960,1948,113,30012,1,30012,False,1132.187325069972,937.687524990004
1961,1949,14,6964,1,6964,False,1475.8072946582424,620.527570361861
1961,1949,38,71884,1,71884,True,202.04426576150465,1428.4920983807244
1961,1949,75,4772,1,4772,False,1498.6139983235541,532.0305951383068
1961,1949,113,28780,1,28780,False,1150.5222376650452,931.9076441973593
1962,1950,14,6996,1,6996,False,1476.1923956546598,620.5102915951973
1962,1950,38,72612,2,72608,True,201.9019721258194,1427.5648377678622
1962,1950,75,4788,2,4744,False,1485.8650793650793,539.7364243943191
1962,1950,113,29108,1,29108,False,1169.2409646832486,926.141885392332
1963,1951,14,7016,1,7016,False,1476.3802736602051,620.2559863169897
1963,1951,38,73004,1,73004,True,200.6185688455427,1427.0554764122514
1963,1951,75,4692,1,4692,False,1498.9262574595055,532.2033248081841
1963,1951,113,28576,1,28576,False,1189.590425531915,916.5697088465845
1964,1952,14,6996,1,6996,False,1476.6875357347055,620.4279588336192
1964,1952,38,74672,1,74672,True,196.85601028497965,1424.172059138633
1964,1952,75,4672,1,4672,False,1498.9657534246576,532.1917808219179
1964,1952,113,28320,1,28320,False,1206.4824858757063,907.3841807909605
1965,1953,14,6988,1,6988,False,1476.7724670864338,620.3111047510017
1965,1953,38,75048,1,75048,True,188.99493657392603,1417.099509647159
1965,1953,75,4676,1,4676,False,1498.9499572284003,532.1732249786141
1965,1953,113,27848,1,27848,False,1218.0553002010915,900.4416834243034
1966,1954,14,7068,3,7016,False,1474.581494057725,621.5311262026033
1966,1954,38,74408,4,74392,True,186.56784216750887,1415.9810235458554
1966,1954,75,5516,3,4676,False,1289.120739666425,651.7516316171138
1966,1954,113,27144,1,27144,False,1225.5506926024168,895.596669613911
1967,1955,14,7012,1,7012,False,1476.724757558471,620.1269252709641
1967,1955,38,74204,2,74200,True,186.2783407902539,1413.6952994447738
1967,1955,75,4688,1,4688,False,1499.1245733788396,532.0255972696245
1967,1955,113,26420,1,26420,False,1229.8486752460258,891.0916729750189
1968,1956,14,7036,1,7036,False,1476.6239340534394,619.8791927231382
1968,1956,38,72912,1,72912,True,187.1929997805574,1415.0473996050032
1968,1956,75,4672,1,4672,False,1499.402397260274,531.9760273972603
1968,1956,113,25852,1,25852,False,1230.2490329568311,885.4026767754913
1969,1957,14,7040,1,7040,False,1476.6693181818182,619.9352272727273
1969,1957,38,75640,1,75640,True,180.44806980433634,1406.5774193548386
1969,1957,75,4696,1,4696,False,1499.5630323679727,531.988926746167
1969,1957,113,25472,1,25472,False,1227.890703517588,877.7179648241206
1970,1958,14,7040,1,7040,False,1476.646590909091,619.9136363636363
1970,1958,38,76844,1,76844,True,178.26180313362136,1405.4034407370777
1970,1958,75,4688,1,4688,False,1499.5494880546075,532.0136518771332
1970,1958,113,25252,1,25252,False,1225.3389038492,867.4006811341676
1971,1959,14,7008,1,7008,False,1477.0239726027398,620.4006849315068
1971,1959,38,76360,4,76332,True,179.23546359350445,1405.4096909376635
1971,1959,75,4732,1,4732,False,1499.5025359256128,532.332628909552
1971,1959,113,24360,1,24360,False,1223.1975369458128,856.8349753694581
1972,1960,14,6948,1,6948,False,1476.7913068508924,620.1810592976396
1972,1960,38,74808,2,74800,True,175.24205967276228,1402.5632017965993
1972,1960,75,4684,1,4684,False,1499.5076857386848,532.5614859094791
1972,1960,113,24360,1,24360,False,1222.0931034482758,852.9059113300492
1973,1961,14,7012,1,7012,False,1476.8331431831148,620.1691386195095
1973,1961,38,68900,4,68888,True,163.38197387518142,1405.165892597968
1973,1961,75,4688,1,4688,False,1499.5255972696245,532.6894197952219
1973,1961,113,23832,1,23832,False,1221.0787176905,849.0730110775428
1974,1962,14,7004,1,7004,False,1476.8849229011994,620.171045117076
1974,1962,38,67720,2,67712,True,161.8994093325458,1409.2949202598936
1974,1962,75,4688,1,4688,False,1499.6433447098975,532.6518771331058
1974,1962,113,23524,1,23524,False,1219.6552457065125,846.2422207107635
1975,1963,14,7000,1,7000,False,1476.9537142857143,620.1697142857142
1975,1963,38,67200,2,67196,True,158.54738095238096,1410.1485714285714
1975,1963,75,4688,1,4688,False,1499.6313993174062,532.6399317406143
1975,1963,113,23048,1,23048,False,1217.4937521693857,842.990454703228
1976,1964,14,6992,1,6992,False,1477.183066361556,620.2826086956521
1976,1964,38,63420,2,63416,True,161.53222958057395,1419.2268369599497
1976,1964,75,4672,1,4672,False,1499.4109589041095,532.6369863013699
1976,1964,113,22308,1,22308,False,1215.0619508696432,840.0155101308948
1977,1965,14,7004,1,7004,False,1477.3075385494003,620.2430039977156
1977,1965,38,65092,1,65092,True,160.3934431266515,1419.0775210471334
1977,1965,75,4668,1,4668,False,1499.3551842330762,532.6902313624679
1977,1965,113,21632,1,21632,False,1212.4397189349113,836.424926035503
1978,1966,14,6984,1,6984,False,1477.2617411225658,620.1494845360825
1978,1966,38,67272,1,67272,True,154.3194791295041,1411.261802830301
1978,1966,75,4644,1,4644,False,1499.2872523686476,532.6223083548665
1978,1966,113,21240,1,21240,False,1208.4596986817326,831.7112994350282
1979,1967,14,6984,1,6984,False,1477.3247422680413,620.1460481099656
1979,1967,38,65356,4,65336,True,152.99782728441153,1412.5239916763571
1979,1967,75,4656,1,4656,False,1499.1649484536083,532.6374570446735
1979,1967,113,20792,1,20792,False,1203.8078106964217,823.9124663332051
1980,1968,14,6980,1,6980,False,1477.3194842406876,620.114899713467
1980,1968,38,63008,1,63008,True,154.48590655154902,1415.2407313357035
1980,1968,75,4664,1,4664,False,1499.1157804459692,532.5943396226415
1980,1968,113,20504,1,20504,False,1198.5234100663286,813.9966835739368
1981,1969,14,6976,1,6976,False,1477.3004587155963,620.0688073394496
1981,1969,38,62732,4,62704,True,155.08113881272715,1411.4536440732004
1981,1969,75,4660,1,4660,False,1498.9841201716738,532.5995708154506
1981,1969,113,20164,1,20164,False,1194.5499900813331,809.0752826820076
1982,1970,14,7012,1,7012,False,1477.249572162008,619.8839132915003
1982,1970,38,62228,2,61976,True,158.1591887896124,1406.9576717876198
1982,1970,75,4628,1,4628,False,1499.1413137424374,532.6227312013829
1982,1970,113,19632,1,19632,False,1190.004074979625,806.1915240423798
1983,1971,14,7048,1,7048,False,1477.1004540295119,619.3864926220205
1983,1971,38,66396,1,66396,True,155.23510452436895,1389.4687330562083
1983,1971,75,4628,1,4628,False,1499.234658599827,532.6089023336215
1983,1971,113,19072,1,19072,False,1184.2642617449665,803.3808724832214
1984,1972,14,7008,1,7008,False,1477.3424657534247,619.5993150684932
1984,1972,38,67544,2,67292,True,157.46115124955585,1382.2683287930831
1984,1972,75,4620,1,4620,False,1498.9969696969697,532.4515151515152
1984,1972,113,18584,1,18584,False,1178.3191993112355,801.6605682307361
1985,1973,14,7004,1,7004,False,1477.3715019988579,619.6410622501428
1985,1973,38,68080,6,67948,True,161.46157461809636,1376.2025851938895
1985,1973,75,4632,1,4632,False,1499.018134715026,532.4274611398964
1985,1973,113,18348,1,18348,False,1171.4082188794418,801.1732068890342
1986,1974,14,7000,1,7000,False,1477.4942857142858,619.5937142857143
1986,1974,38,70164,1,70164,True,161.40439541645287,1367.2435151929765
1986,1974,75,4636,1,4636,False,1499.048748921484,532.4033649698016
1986,1974,113,18220,1,18220,False,1162.7581778265642,796.4547749725576
1987,1975,14,6988,1,6988,False,1477.6551230681168,619.5704064109902
1987,1975,38,67668,1,67668,True,166.8478158065851,1374.257876692085
1987,1975,75,4580,1,4580,False,1498.8842794759826,532.3218340611354
1987,1975,113,17900,1,17900,False,1151.86312849162,787.3196648044693
1988,1976,14,6984,1,6984,False,1477.6695303550973,619.3636884306987
1988,1976,38,68320,1,68320,True,165.94297423887588,1378.0021077283373
1988,1976,75,4576,1,4576,False,1498.6136363636363,532.2202797202797
1988,1976,113,17956,1,17956,False,1142.4679215860995,779.9965471151704
1989,1977,14,6992,1,6992,False,1477.8993135011442,619.1819221967963
1989,1977,38,67052,1,67052,True,166.65975660681264,1379.1877050647258
1989,1977,75,4536,1,4536,False,1498.44708994709,531.9215167548501
1989,1977,113,17700,1,17700,False,1135.1635028248588,774.7164971751413
1990,1978,14,6984,1,6984,False,1477.848224513173,618.9455899198167
1990,1978,38,66768,1,66768,True,164.05523604121734,1376.9781931464174
1990,1978,75,4532,1,4532,False,1498.4876434245366,531.8821712268315
1990,1978,113,17764,1,17764,False,1130.0167755010134,771.4835622607521
1991,1979,14,6972,1,6972,False,1478.008892713712,619.0966724039013
1991,1979,38,65768,3,65584,True,162.81212747840894,1371.3777520982849
1991,1979,75,4520,1,4520,False,1498.466371681416,531.9106194690265
1991,1979,113,16952,1,16952,False,1125.5268994808873,766.6104294478528
1992,1980,14,6852,1,6852,False,1478.3750729713952,619.6476941039112
1992,1980,38,64728,1,64728,True,159.62569521690767,1361.1812507724633
1992,1980,75,4512,1,4512,False,1498.6152482269504,532.0602836879433
1992,1980,113,16452,1,16452,False,1122.8262825188426,763.83430585947
1993,1981,14,6880,1,6880,False,1478.746511627907,619.4767441860465
1993,1981,38,66104,1,66104,True,150.90941546653758,1335.1489168582839
1993,1981,75,4444,1,4444,False,1499.0760576057605,531.6719171917192
1993,1981,113,16284,2,16272,False,1120.367845738148,759.7846966347335
1994,1982,14,7180,1,7180,False,1477.2621169916436,616.8442896935933
1994,1982,38,68252,1,68252,True,147.2775889351228,1312.444558401219
1994,1982,75,4284,1,4284,False,1500.4589169000933,531.2450980392157
1994,1982,113,15764,1,15764,False,1119.0049479827455,755.2388987566608
1995,1983,14,6948,1,6948,False,1478.541450777202,619.2288428324698
1995,1983,38,64244,1,64244,True,148.5836809663159,1312.055818442189
1995,1983,75,4372,1,4372,False,1499.2008234217749,531.4588289112535
1995,1983,113,15412,1,15412,False,1118.1039449779394,747.844406955619
1996,1984,14,6808,2,6804,False,1479.729142185664,620.7690951821387
1996,1984,38,63888,1,63888,True,150.04946155772603,1297.6162033558728
1996,1984,75,4456,1,4456,False,1498.137342908438,531.7226211849193
1996,1984,113,15236,1,15236,False,1117.545943817275,741.47348385403
1997,1985,14,6820,1,6820,False,1479.9310850439883,620.458944281525
1997,1985,38,61964,1,61964,False,156.62045703957136,1285.8289006519915
1997,1985,75,4388,1,4388,False,1498.4671832269826,531.6595259799453
1997,1985,113,15096,1,15096,False,1116.573131955485,736.77768945416
1998,1986,14,6796,1,6796,False,1480.0962330782813,620.6353737492643
1998,1986,38,58796,1,58796,False,162.95649363902305,1269.1203143070957
1998,1986,75,4392,1,4392,False,1498.2941712204008,531.7768670309654
1998,1986,113,14952,1,14952,False,1116.132958801498,735.3384162653825
1999,1987,14,6820,1,6820,False,1480.233724340176,620.5269794721407
1999,1987,38,56036,1,56036,False,170.95941894496394,1245.4847954886145
1999,1987,75,4384,1,4384,False,1498.344890510949,531.742700729927
1999,1987,113,14868,1,14868,False,1115.335082055421,734.3531073446328
2000,1988,14,6812,1,6812,False,1480.4236641221373,620.4647680563711
2000,1988,38,48452,1,48452,False,176.33092545199372,1215.51758441344
2000,1988,75,4372,1,4372,False,1498.2804208600182,531.7186642268985
2000,1988,113,14808,1,14808,False,1114.510264721772,733.7263641274986
2001,1989,14,6836,2,6832,False,1480.3174370977179,620.2472205968403
2001,1989,38,45256,1,45256,False,182.43583171292204,1192.7331624535973
2001,1989,75,4360,1,4360,False,1498.3238532110092,531.6724770642202
2001,1989,113,14752,1,14752,False,1113.1632321041216,732.9896963123645
2002,1990,14,6828,1,6828,False,1480.3488576449913,620.2129466900996
2002,1990,38,42304,1,42304,False,196.7123676248109,1171.5126701966717
2002,1990,75,4352,1,4352,False,1498.2702205882354,531.6672794117648
2002,1990,113,14668,1,14668,False,1111.8640578129261,732.317289337333
2003,1991,14,6996,1,6996,False,1481.0145797598627,621.1255002858776
2003,1991,38,34264,1,34264,False,218.15001167406024,1123.7290450618725
2003,1991,75,4412,1,4412,False,1497.8037171350861,531.7402538531278
2003,1991,113,14792,1,14792,False,1111.0089237425636,732.7428339643051
2004,1992,14,6880,1,6880,False,1480.4755813953489,620.4372093023255
2004,1992,38,30848,1,30848,False,231.6581950207469,1090.5049273858922
2004,1992,75,4348,1,4348,False,1498.2976080956762,531.2893284268629
2004,1992,113,14660,1,14660,False,1109.4293315143248,731.8822646657571
2005,1993,14,6884,1,6884,False,1480.5453224869261,620.520918070889
2005,1993,38,25200,1,25200,False,251.40539682539682,1058.5685714285714
2005,1993,75,4372,1,4372,False,1498.2804208600182,531.1001829826166
2005,1993,113,14632,1,14632,False,1108.8581191908147,731.8176599234555
2006,1994,14,6896,1,6896,False,1480.4709976798144,620.3712296983758
2006,1994,38,26008,1,26008,False,264.0521378037527,1039.1161181175023
2006,1994,75,4376,1,4376,False,1498.2714808043875,530.9789762340037
2006,1994,113,14672,1,14672,False,1108.220828789531,731.1363140676118
2007,1995,14,6896,1,6896,False,1480.5638051044084,620.4524361948955
2007,1995,38,23524,2,23512,False,273.18185682707025,1000.5204046930794
2007,1995,75,4364,1,4364,False,1498.2671860678277,531.082951420715
2007,1995,113,14768,1,14768,False,1107.737269772481,730.4247020585049
2008,1996,14,6900,1,6900,False,1480.5811594202899,620.4710144927536
2008,1996,38,21896,1,21896,False,283.18396054073804,962.5822067957617
2008,1996,75,4364,1,4364,False,1498.3111824014666,531.1269477543538
2008,1996,113,14840,1,14840,False,1107.3743935309974,730.2072776280323
2009,1997,14,6900,1,6900,False,1480.5811594202899,620.4710144927536
2009,1997,38,20256,1,20256,False,290.23380726698264,953.2812006319116
2009,1997,75,4360,1,4360,False,1498.3183486238531,531.1495412844037
2009,1997,113,14924,1,14924,False,1106.8028678638434,729.965022782096
2010,1998,14,6872,1,6872,False,1480.709545983702,620.7584400465657
2010,1998,38,20280,1,20280,False,289.4191321499014,930.0763313609467
2010,1998,75,4372,1,4372,False,1498.2602927721866,531.1733760292772
2010,1998,113,14936,1,14936,False,1106.0929298339581,730.1518478843063
2011,1999,14,6860,1,6860,False,1480.7915451895044,620.7798833819242
2011,1999,38,21048,1,21048,False,285.88654503990875,905.4806157354618
2011,1999,75,4348,1,4348,False,1498.203771849126,531.1991720331187
2011,1999,113,14936,1,14936,False,1105.771558650241,730.2407605784681
2012,2000,14,6856,1,6856,False,1480.9294049008167,620.8337222870479
2012,2000,38,18296,1,18296,False,287.18911237428944,894.6097507651946
2012,2000,75,4280,1,4280,False,1497.556074766355,531.3747663551402
2012,2000,113,15032,1,15032,False,1105.179616817456,730.0465673230442
2013,2001,14,6872,1,6872,False,1481.0029103608847,620.7654249126891
2013,2001,38,18816,1,18816,False,282.67559523809524,887.5833333333334
2013,2001,75,4268,1,4268,False,1497.5103092783504,531.0567010309278
2013,2001,113,15068,1,15068,False,1104.7718343509423,730.0917175471197
2014,2002,14,6924,1,6924,False,1480.815424610052,620.2019064124784
2014,2002,38,17652,1,17652,False,262.33322003172447,857.7068887378201
2014,2002,75,4144,1,4144,False,1497.2837837837837,531.7934362934363
2014,2002,113,15084,1,15084,False,1104.3705913550782,730.2639883320074
2015,2003,14,6908,1,6908,False,1480.569484655472,619.981181239143
2015,2003,38,17076,1,17076,False,255.62251112672757,845.4290231904428
2015,2003,75,4052,1,4052,False,1497.3410661401776,532.5236920039487
2015,2003,113,15064,1,15064,False,1103.9774296335634,730.358204992034
2016,2004,14,6904,1,6904,False,1480.6042873696408,620.0179606025492
2016,2004,38,13488,1,13488,False,248.1435349940688,836.2953736654804
2016,2004,75,3944,1,3944,False,1496.0476673427993,533.6480730223124
2016,2004,113,15096,1,15096,False,1103.6293057763646,730.3177000529942
2017,2005,14,6888,1,6888,False,1480.6254355400697,619.9831591173055
2017,2005,38,14892,1,14892,False,242.40491539081387,827.8322589309696
2017,2005,75,3736,1,3736,False,1494.566381156317,534.3394004282655
2017,2005,113,15216,1,15216,False,1102.9642481598319,728.7849631966351
2018,2006,14,6896,1,6896,False,1480.7285382830626,620.0974477958237
2018,2006,38,15888,1,15888,False,228.82275931520644,807.3731117824774
2018,2006,75,3616,1,3616,False,1493.1017699115043,534.3650442477876
2018,2006,113,15356,2,15260,False,1097.3512633498308,729.6383172701225
2019,2007,14,6904,1,6904,False,1480.6575898030128,620.0701042873696
2019,2007,38,14444,1,14444,False,220.5232622542232,803.0139850456937
2019,2007,75,3400,1,3400,False,1490.9917647058824,534.7282352941177
2019,2007,113,15228,1,15228,False,1102.1606251641713,728.5320462306278
2020,2008,14,6852,1,6852,False,1480.5151780502042,620.1742556917688
2020,2008,38,13056,1,13056,False,215.8933823529412,799.0643382352941
2020,2008,75,3256,1,3256,False,1489.0773955773955,535.3378378378378
2020,2008,113,15196,1,15196,False,1101.8919452487496,728.3920768623321
2021,2009,14,6836,1,6836,False,1480.4391456992394,620.1091281451141
2021,2009,38,11688,1,11688,False,204.7662559890486,798.5027378507872
2021,2009,75,3088,1,3088,False,1486.1943005181347,535.1787564766839
2021,2009,113,15180,1,15180,False,1101.6061923583663,728.2913043478261
2022,2010,14,6840,1,6840,False,1480.4590643274853,620.1269005847953
2022,2010,38,11844,1,11844,False,194.6756163458291,785.3665991219183
2022,2010,75,2976,1,2976,False,1484.4354838709678,534.8413978494624
2022,2010,113,15116,1,15116,False,1101.2446414395342,728.2623709976184
2023,2011,14,6804,1,6804,False,1480.3412698412699,620.3283362727807
2023,2011,38,11144,1,11144,False,189.58040201005025,777.2666905958363
2023,2011,75,2920,1,2920,False,1483.1739726027397,535.0287671232877
2023,2011,113,15124,1,15124,False,1100.9882306268182,728.2339328220048
2024,2012,14,6820,1,6820,False,1480.365102639296,620.4190615835777
2024,2012,38,11408,1,11408,False,188.59396914446003,774.734221598878
2024,2012,75,2892,1,2892,False,1482.3395573997234,534.9315352697096
2024,2012,113,15080,1,15080,False,1100.7641909814324,728.2687002652519
2025,2013,14,6836,1,6836,False,1480.3385020479814,620.3700994733763
2025,2013,38,11712,1,11712,False,185.85109289617486,764.0129781420765
2025,2013,75,2816,1,2816,False,1480.3551136363637,534.8295454545455
2025,2013,113,15052,1,15052,False,1100.355434493755,728.0615200637789
2026,2014,14,6812,1,6812,False,1480.3684674104522,620.6526717557252
2026,2014,38,12988,1,12988,False,182.23082845703726,753.1104096088698
2026,2014,75,2580,1,2580,False,1478.301550387597,535.4581395348837
2026,2014,113,15016,1,15016,False,1099.7184336707512,727.9896110815131
2027,2015,14,6864,1,6864,False,1480.3962703962704,620.3974358974359
2027,2015,38,12924,1,12924,False,181.34122562674094,750.8429278861033
2027,2015,75,2440,1,2440,False,1475.9032786885246,534.5360655737705
2027,2015,113,14972,1,14972,False,1098.8072401816726,727.2918781725888
2028,2016,14,6924,1,6924,False,1480.2723859041016,619.7871172732524
2028,2016,38,12492,1,12492,False,180.45901376881204,747.3081972462376
2028,2016,75,2244,1,2244,False,1473.0953654188947,533.687165775401
2028,2016,113,14732,1,14732,False,1097.558919359218,726.8203909856096
2029,2017,14,6908,1,6908,False,1480.4166184134338,620.0877243775333
2029,2017,38,12528,1,12528,False,180.31098339719028,746.6922094508301
2029,2017,75,2216,1,2216,False,1470.8357400722023,535.3050541516245
2029,2017,113,14656,1,14656,False,1096.7068777292577,726.1632096069869
2030,2018,14,2372,1,2372,False,1468.473018549747,531.3634064080944
2030,2018,38,12496,1,12496,False,183.4910371318822,747.5179257362356
2030,2018,75,14656,1,14656,False,1095.9568777292577,724.7947598253276
2030,2018,113,7308,1,7308,False,1479.276135741653,618.0873015873016
2031,2019,14,2508,1,2508,False,1467.9290271132377,532.8253588516747
2031,2019,38,12112,1,12112,False,182.8348745046235,749.2404227212681
2031,2019,75,14492,1,14492,False,1094.1262765663814,722.1411813414297
2031,2019,113,7276,2,7272,False,1478.386750962067,618.9485981308411
2032,2020,14,2724,1,2724,False,1465.9361233480176,534.1534508076359
2032,2020,38,12568,1,12568,False,183.20082749840867,748.953214513049
2032,2020,75,14796,1,14796,False,1095.2483103541497,724.3204920248716
2032,2020,113,7320,2,7296,False,1475.5666666666666,619.6715846994535
2033,2021,14,3128,1,3128,False,1463.9731457800513,534.2084398976982
2033,2021,38,12772,1,12772,False,184.8670529282806,748.9829314124647
2033,2021,75,14512,1,14512,False,1092.8825799338479,723.7386990077177
2033,2021,113,7472,2,7468,False,1476.9218415417558,620.4507494646681
2034,2022,14,3428,1,3428,False,1463.4194865810969,534.4113185530922
2034,2022,38,12920,2,12912,False,188.10061919504645,750.591640866873
2034,2022,75,14516,1,14516,False,1091.39666574814,724.0618627721135
2034,2022,113,7496,2,7452,False,1472.7166488794023,619.6237993596585
2035,2023,14,3656,1,3656,False,1463.449671772429,533.4212253829322
2035,2023,38,12984,1,12984,False,191.49014171287737,752.4630314232902
2035,2023,75,14332,1,14332,False,1089.671085682389,723.1335473067262
2035,2023,113,7344,1,7344,False,1475.8257080610022,619.0729847494554
2036,2024,14,3984,1,3984,False,1463.570281124498,533.0682730923695
2036,2024,38,13156,1,13156,False,193.38537549407116,750.4671632715111
2036,2024,75,14312,1,14312,False,1088.0707098937953,723.2048630519844
2036,2024,113,7520,2,7468,False,1470.723404255319,619.0734042553191
2037,2025,14,4080,1,4080,False,1462.3333333333333,532.7686274509804
2037,2025,38,14036,1,14036,False,195.96765460245084,752.090766600171
2037,2025,75,13960,1,13960,False,1085.697134670487,722.9521489971347
2037,2025,113,7548,1,7548,False,1474.9144144144145,619.4740328563857
2038,2026,14,4120,1,4120,False,1461.5601941747573,532.8398058252427
2038,2026,38,14784,1,14784,False,198.48863636363637,754.172077922078
2038,2026,75,13712,1,13712,False,1082.1878646441073,723.37747957993
2038,2026,113,7568,1,7568,False,1474.6035940803383,619.9260042283298
2039,2027,14,4252,1,4252,False,1459.9788334901223,533.6721542803386
2039,2027,38,14984,1,14984,False,201.42738921516283,758.645755472504
2039,2027,75,13608,1,13608,False,1076.8709582598472,723.1114050558494
2039,2027,113,7380,2,7376,False,1473.3672086720867,619.6360433604336
2040,2028,14,4648,1,4648,False,1457.9991394148021,536.2142857142857
2040,2028,38,16524,1,16524,False,196.1717501815541,760.2540547083031
2040,2028,75,13344,1,13344,False,1070.9046762589928,721.3189448441246
2040,2028,113,6760,2,6700,False,1468.8136094674555,621.1556213017751
2041,2029,14,4920,1,4920,False,1456.148780487805,536.8658536585366
2041,2029,38,16080,1,16080,False,194.73383084577114,767.2696517412935
2041,2029,75,13212,1,13212,False,1064.906902815622,719.9617014834998
2041,2029,113,6696,1,6696,False,1476.0173237753884,624.8440860215054
2042,2030,14,5088,1,5088,False,1455.2688679245282,536.819182389937
2042,2030,38,15740,1,15740,False,192.13456162642947,772.843583227446
2042,2030,75,12712,1,12712,False,1058.9310887350534,718.7252989301447
2042,2030,113,6208,1,6208,False,1475.118556701031,625.8840206185567
2043,2031,14,5132,1,5132,False,1454.8585346843336,536.7525331254872
2043,2031,38,15872,1,15872,False,189.52570564516128,776.7016129032259
2043,2031,75,12524,1,12524,False,1053.1093899712553,718.6577770680294
2043,2031,113,6292,1,6292,False,1473.8388429752067,628.0473617291799
2044,2032,14,5320,1,5320,False,1454.1751879699248,537.0609022556391
2044,2032,38,15436,1,15436,False,188.94415651723244,782.9021767297228
2044,2032,75,12152,1,12152,False,1047.8416721527321,719.0352205398289
2044,2032,113,6164,1,6164,False,1470.9841012329657,629.7887735236859
2045,2033,14,5472,1,5472,False,1453.970760233918,537.0891812865497
2045,2033,38,13376,1,13376,False,183.4683014354067,792.8193779904307
2045,2033,75,11920,1,11920,False,1042.134899328859,719.3355704697987
2045,2033,113,6052,1,6052,False,1465.4993390614673,630.05717118308
2046,2034,14,5608,1,5608,False,1453.9992867332383,536.8423680456491
2046,2034,38,12412,1,12412,False,181.70528520786337,804.5541411537222
2046,2034,75,11824,1,11824,False,1037.2983761840326,720.4499323410014
2046,2034,113,6560,1,6560,False,1460.0048780487805,632.2463414634146
2047,2035,14,5644,1,5644,False,1454.256201275691,536.6148121899362
2047,2035,38,11920,1,11920,False,180.2791946308725,812.748322147651
2047,2035,75,12136,1,12136,False,1034.2508239947265,727.060975609756
2047,2035,113,6588,1,6588,False,1455.6414693381907,633.4350333940498
2048,2036,14,5796,1,5796,False,1453.7919254658384,535.8706004140787
2048,2036,38,11256,1,11256,False,182.00604122245915,820.2889125799574
2048,2036,75,12396,1,12396,False,1030.4528880283963,730.3554372378187
2048,2036,113,6768,1,6768,False,1451.9468085106382,635.0780141843971
2049,2037,14,5836,1,5836,False,1453.4801233721728,535.5459218642906
2049,2037,38,10392,1,10392,False,188.7047729022325,831.4715165511932
2049,2037,75,12568,1,12568,False,1026.8609166136218,731.6222151495863
2049,2037,113,6788,1,6788,False,1450.0721862109606,636.4175014731879
2050,2038,14,5800,1,5800,False,1453.5358620689656,535.2048275862069
2050,2038,38,10216,1,10216,False,199.82106499608457,843.417776037588
2050,2038,75,12868,1,12868,False,1025.1757848927573,732.6952129313024
2050,2038,113,7148,1,7148,False,1449.5162283156128,640.4283715724678
2051,2039,14,5836,1,5836,False,1453.5582590815627,534.7549691569568
2051,2039,38,11392,1,11392,False,213.08216292134833,854.1523876404494
2051,2039,75,13132,1,13132,False,1024.8551629607066,734.0071580871155
2051,2039,113,7480,1,7480,False,1448.9802139037433,645.3770053475936
2052,2040,14,5580,1,5580,False,1454.279211469534,534.4139784946236
2052,2040,38,11732,1,11732,False,222.0581316058643,865.9231162632117
2052,2040,75,13048,1,13048,False,1023.8120784794604,736.2357449417535
2052,2040,113,7212,1,7212,False,1447.7312811980032,659.5515806988353
2053,2041,14,5640,1,5640,False,1453.8063829787234,535.0219858156029
2053,2041,38,11460,1,11460,False,231.4626527050611,880.5411867364747
2053,2041,75,13284,1,13284,False,1023.6333935561578,737.3900933453779
2053,2041,113,8032,1,8032,False,1447.168326693227,669.3535856573706
2054,2042,14,5640,1,5640,False,1453.9382978723404,535.0191489361703
2054,2042,38,11640,1,11640,False,240.4298969072165,894.8037800687285
2054,2042,75,13224,1,13224,False,1022.9984875983062,737.505444646098
2054,2042,113,8076,1,8076,False,1447.475730559683,675.0408618127786
2055,2043,14,5940,1,5940,False,1453.848148148148,535.1249158249158
2055,2043,38,13632,1,13632,False,248.5082159624413,909.4870892018779
2055,2043,75,13468,1,13468,False,1021.8353133353133,736.0972675972675
2055,2043,113,7724,1,7724,False,1446.805541170378,674.2389953392025
2056,2044,14,5684,1,5684,False,1454.1790992258973,534.8560872624912
2056,2044,38,13676,1,13676,False,257.4277566539924,925.2610412401287
2056,2044,75,13204,1,13204,False,1020.3794304756135,735.2125113601938
2056,2044,113,7424,1,7424,False,1446.0377155172414,670.9622844827586
2057,2045,14,5672,1,5672,False,1454.2954866008463,534.8836389280677
2057,2045,38,14324,1,14324,False,270.0984361910081,942.534068695895
2057,2045,75,13244,2,13180,False,1019.1185442464513,733.1964663243733
2057,2045,113,7044,1,7044,False,1444.9372515616128,669.8231118682567
2058,2046,14,5572,1,5572,False,1454.784278535535,535.0211773151472
2058,2046,38,15568,1,15568,False,283.37410071942446,960.6860226104831
2058,2046,75,12920,1,12920,False,1016.2442724458205,729.0622291021672
2058,2046,113,6612,1,6612,False,1444.553236539625,670.3354506957048
2059,2047,14,5492,1,5492,False,1455.3463219227967,534.3412235979607
2059,2047,38,18084,1,18084,False,293.5948905109489,982.6247511612476
2059,2047,75,12916,1,12916,False,1014.6077733044286,727.5802105915144
2059,2047,113,6776,1,6776,False,1440.5566706021252,667.2426210153483
2060,2048,14,5560,1,5560,False,1455.1,533.0669064748201
2060,2048,38,19932,1,19932,False,301.0378286172988,1001.7490467589805
2060,2048,75,12836,1,12836,False,1011.8468370208788,726.3959177313805
2060,2048,113,6364,1,6364,False,1435.465430546826,661.527027027027
2061,2049,14,5520,1,5520,False,1455.317391304348,532.1550724637681
2061,2049,38,22388,1,22388,False,305.28720743255315,1024.2802394139717
2061,2049,75,12680,1,12680,False,1007.2905362776025,725.6684542586751
2061,2049,113,6224,1,6224,False,1431.8933161953728,660.1773778920309
2062,2050,14,5404,1,5404,False,1455.3852701702442,531.919689119171
2062,2050,38,27020,1,27020,False,313.37105847520354,1053.8453737971872
2062,2050,75,12628,1,12628,False,1001.4977827050998,725.207633829585
2062,2050,113,6060,1,6060,False,1430.06699669967,659.5983498349835
2063,2051,14,5388,1,5388,False,1455.8244246473646,531.7308834446919
2063,2051,38,28524,1,28524,False,318.1788669190857,1075.2042490534286
2063,2051,75,12600,1,12600,False,994.2790476190477,725.9901587301588
2063,2051,113,6344,1,6344,False,1430.3045397225726,661.1494325346785
2064,2052,14,5372,1,5372,False,1455.995160089352,531.3965003723008
2064,2052,38,33572,1,33572,False,328.7933396878351,1091.947158346241
2064,2052,75,12900,1,12900,False,985.0035658914728,724.9043410852713
2064,2052,113,6588,1,6588,False,1429.5467516697024,658.8387978142076
2065,2053,14,5376,1,5376,False,1456.0386904761904,531.3348214285714
2065,2053,38,35996,2,35960,False,341.00361151239025,1113.522558062007
2065,2053,75,12592,1,12592,False,973.3189326556544,722.0736975857687
2065,2053,113,6820,1,6820,False,1429.6554252199414,655.5041055718475
2066,2054,14,5372,1,5372,False,1456.2498138495905,531.3324646314222
2066,2054,38,40784,1,40784,False,349.7842291094547,1130.2357787367596
2066,2054,75,12780,1,12780,False,964.2483568075118,719.5985915492957
2066,2054,113,7264,1,7264,False,1430.0484581497797,651.8105726872246
2067,2055,14,5360,1,5360,False,1456.2507462686567,531.3014925373134
2067,2055,38,44476,1,44476,False,356.02495728033097,1150.5910153790808
2067,2055,75,12592,1,12592,False,956.6861499364676,718.4072426937738
2067,2055,113,7148,1,7148,False,1429.0842193620592,650.3153329602686
2068,2056,14,5368,1,5368,False,1456.312220566319,531.3450074515648
2068,2056,38,46772,1,46772,False,361.44706234499273,1164.7233815103052
2068,2056,75,12600,1,12600,False,951.2066666666667,718.5939682539682
2068,2056,113,7476,1,7476,False,1428.7536115569824,652.3587479935794
2069,2057,14,5348,1,5348,False,1456.3055347793568,531.2673896783845
2069,2057,38,48784,1,48784,False,363.9560511643162,1182.5257461462775
2069,2057,75,12584,1,12584,False,946.3664971392244,718.1179275270184
2069,2057,113,7812,1,7812,False,1425.910138248848,654.0176651305684
2070,2058,14,5352,1,5352,False,1456.2473841554558,531.3729446935725
2070,2058,38,51812,1,51812,False,367.90523430865437,1198.2705550837643
2070,2058,75,12576,1,12576,False,941.8734096692112,718.1590330788804
2070,2058,113,7736,1,7736,False,1420.6944157187177,654.2849017580145
2071,2059,14,5336,1,5336,False,1456.2556221889056,531.3275862068965
2071,2059,38,54444,2,54436,False,369.4678936154581,1212.17217691573
2071,2059,75,12020,1,12020,False,936.6850249584027,719.6740432612313
2071,2059,113,7892,1,7892,False,1417.5167257982766,656.5385200202737
2072,2060,14,5324,1,5324,False,1456.110818933133,531.3655146506386
2072,2060,38,57804,1,57804,False,372.12770742509167,1224.3379350909972
2072,2060,75,12220,1,12220,False,928.5556464811784,717.6875613747955
2072,2060,113,7656,1,7656,False,1415.8876698014628,662.200104493208
2073,2061,14,5320,1,5320,False,1456.1646616541354,531.3451127819549
2073,2061,38,60016,1,60016,False,372.4754732071448,1234.6456944814715
2073,2061,75,11760,1,11760,False,921.678231292517,716.8605442176871
2073,2061,113,7516,1,7516,False,1413.675093134646,665.7911122937733
2074,2062,14,5320,1,5320,False,1456.1225563909775,531.3902255639098
2074,2062,38,60844,1,60844,False,371.2916639274209,1244.8218723292355
2074,2062,75,11700,1,11700,False,914.8241025641025,713.7300854700854
2074,2062,113,7560,1,7560,False,1412.8608465608465,673.7391534391535
2075,2063,14,5272,1,5272,False,1455.902124430956,531.3027314112292
2075,2063,38,62172,1,62172,False,371.6471401917262,1256.7960818374831
2075,2063,75,11684,1,11684,False,909.6502909962342,712.4904142416981
2075,2063,113,7556,1,7556,False,1413.7578083642138,679.645579671784
2076,2064,14,5236,1,5236,False,1455.5007639419405,531.5099312452254
2076,2064,38,63992,1,63992,False,376.98506063257906,1268.2835979497438
2076,2064,75,11676,1,11676,False,904.5918122644741,711.3578280232956
2076,2064,113,7468,1,7468,False,1413.9258168184253,683.0024102838779
2077,2065,14,5196,1,5196,False,1456.1751347190145,531.6685912240184
2077,2065,38,66932,1,66932,False,382.8105241140262,1285.542968983446
2077,2065,75,11680,1,11680,False,900.695205479452,710.5609589041096
2077,2065,113,7228,1,7228,False,1411.5946319867182,686.341726618705
2078,2066,14,5304,1,5304,False,1455.9253393665158,531.4426847662141
2078,2066,38,71636,1,71636,False,385.5755486068457,1300.8025294544643
2078,2066,75,11540,1,11540,False,896.9117850953206,710.4646447140382
2078,2066,113,7776,1,7776,False,1409.1275720164608,694.8518518518518
2079,2067,14,5280,1,5280,False,1455.3333333333333,531.8257575757576
2079,2067,38,73604,1,73604,False,386.5610836367589,1316.3933753600347
2079,2067,75,11324,1,11324,False,892.8009537265983,710.4512539738608
2079,2067,113,7548,1,7548,False,1405.2726550079492,699.6351351351351
2080,2068,14,5172,1,5172,False,1455.605955143078,533.3213457076566
2080,2068,38,79028,1,79028,True,390.2547198461305,1336.0168294781597
2080,2068,75,11600,1,11600,False,890.2137931034483,711.4786206896551
2080,2068,113,7528,1,7528,False,1400.0409139213602,703.7635494155154
2081,2069,14,5188,1,5188,False,1455.624132613724,534.6464919043948
2081,2069,38,80884,1,80884,True,389.84741110726475,1350.2846792938035
2081,2069,75,11688,1,11688,False,886.8429158110883,711.6786447638603
2081,2069,113,7496,1,7496,False,1393.8788687299893,705.8852721451441
2082,2070,14,5208,1,5208,False,1456.157450076805,535.7703533026114
2082,2070,38,78140,1,78140,True,387.3219093933965,1365.450601484515
2082,2070,75,11636,1,11636,False,881.8805431419731,711.8612925403919
2082,2070,113,7076,1,7076,False,1388.8504804974561,704.3202374222725
2083,2071,14,5148,1,5148,False,1456.4689199689199,536.498445998446
2083,2071,38,80184,1,80184,True,383.45310785194056,1377.971016661678
2083,2071,75,11552,1,11552,False,876.0574792243767,710.9397506925208
2083,2071,113,7100,1,7100,False,1385.6042253521127,701.6932394366197
2084,2072,14,5140,1,5140,False,1456.2525291828795,537.3622568093385
2084,2072,38,82732,3,82720,True,374.752574578156,1393.4076052796981
2084,2072,75,11676,1,11676,False,869.986125385406,709.1858513189449
2084,2072,113,7320,1,7320,False,1386.044262295082,703.620218579235
2085,2073,14,5124,1,5124,False,1455.8567525370804,537.9426229508197
2085,2073,38,81288,1,81288,True,376.9282058852475,1406.6293179805136
2085,2073,75,11444,1,11444,False,863.3864033554701,706.5901782593498
2085,2073,113,7408,1,7408,False,1385.3218142548596,708.1673866090713
2086,2074,14,5128,1,5128,False,1454.0678627145087,538.2581903276131
2086,2074,38,80784,1,80784,True,376.8778966131907,1407.333927510398
2086,2074,75,11512,1,11512,False,857.7230715774843,703.5507296733842
2086,2074,113,7540,1,7540,False,1384.5403183023873,711.9270557029178
2087,2075,14,4980,1,4980,False,1452.3329317269076,540.3971887550201
2087,2075,38,76492,1,76492,True,369.7042043612404,1414.601448517492
2087,2075,75,11488,1,11488,False,853.6796657381616,702.7708913649025
2087,2075,113,7624,1,7624,False,1385.3772298006295,712.7245540398741
2088,2076,14,4852,1,4852,False,1449.9789777411377,543.0210222588623
2088,2076,38,67072,1,67072,True,355.303554389313,1427.2235209923665
2088,2076,75,11440,1,11440,False,851.0153846153846,702.7153846153847
2088,2076,113,7712,1,7712,False,1387.3796680497926,709.9751037344398
2089,2077,14,4856,1,4856,False,1448.328665568369,544.9612850082373
2089,2077,38,61856,1,61856,True,351.05354371443354,1433.4888773926539
2089,2077,75,11436,1,11436,False,849.072927597062,702.4797131864289
2089,2077,113,8076,1,8076,False,1387.0081723625558,707.4034175334324
2090,2078,14,5028,1,5028,False,1446.0767700875099,546.8468575974542
2090,2078,38,47416,1,47416,True,323.8279905517125,1447.6467858950566
2090,2078,75,11304,1,11304,False,847.1702052370842,702.0633404104742
2090,2078,113,9892,1,9892,False,1382.6714516781237,701.1105944197332
2091,2079,14,5108,1,5108,False,1445.2815191855912,547.6480031323414
2091,2079,38,39396,1,39396,True,341.80855924459337,1450.6969743121128
2091,2079,75,11288,1,11288,False,845.1803685329553,702.1952515946138
2091,2079,113,10692,1,10692,False,1383.6283202394313,704.5980172091283
2092,2080,14,4976,1,4976,False,1445.2491961414792,547.4244372990354
2092,2080,38,32108,1,32108,True,330.3664507287903,1466.0440388688178
2092,2080,75,11136,1,11136,False,842.1170977011494,701.0567528735633
2092,2080,113,10864,1,10864,False,1378.683357879234,707.4712812960236
2093,2081,14,5264,1,5264,False,1443.501519756839,547.4285714285714
2093,2081,38,27464,1,27464,True,291.8932420623361,1478.0074279056219
2093,2081,75,11108,1,11108,False,839.9908174288801,700.1449405833633
2093,2081,113,9912,1,9912,False,1369.7364810330912,715.1206618240517
2094,2082,14,5520,1,5520,False,1440.6434782608696,547.9072463768116
2094,2082,38,20800,1,20800,True,277.39,1485.8192307692307
2094,2082,75,11276,1,11276,False,837.040617240156,698.2119545938276
2094,2082,113,10512,1,10512,False,1358.4680365296804,716.2960426179604
2095,2083,14,5404,1,5404,False,1441.0358993338268,548.4659511472983
2095,2083,38,10052,1,10052,True,296.0384003183446,1499.6611619578193
2095,2083,75,11004,1,11004,False,833.7111959287532,696.204834605598
2095,2083,113,10180,1,10180,False,1350.009626719057,718.8709233791749
2096,2084,14,5304,1,5304,False,1441.5980392156862,549.0580693815988
2096,2084,38,3404,1,3404,True,286.29553466509986,1510.457696827262
2096,2084,75,10784,1,10784,False,830.4020771513353,694.1394658753709
2096,2084,113,10676,1,10676,False,1343.0567628325216,721.4464218808542
2097,2085,14,5260,1,5260,False,1442.0072243346008,549.4961977186312
2097,2085,38,1704,1,1704,True,325.84272300469485,1506.3826291079813
2097,2085,75,10604,1,10604,False,827.089966050547,693.781026027914
2097,2085,113,10976,1,10976,False,1336.878279883382,726.4045189504374
2098,2086,14,5136,1,5136,False,1442.7990654205607,550.3395638629283
2098,2086,38,1520,1,1520,True,305.4263157894737,1504.5947368421052
2098,2086,75,10396,1,10396,False,823.8258945748365,693.79203539823
2098,2086,113,11524,1,11524,False,1332.2112113849357,734.2667476570635
2099,2087,14,5152,1,5152,False,1443.225155279503,550.8322981366459
2099,2087,38,1524,1,1524,True,277.15616797900265,1505.9593175853017
2099,2087,75,10404,1,10404,False,820.5,694.3861976163014
2099,2087,113,12684,1,12684,False,1327.4113844213182,743.4221065909808
2100,2088,14,4924,1,4924,False,1444.2367993501218,551.5641754671
2100,2088,38,0,0,0,False,,
2100,2088,75,10636,1,10636,False,816.7858217374953,694.7339225272659
2100,2088,113,12980,1,12980,False,1322.8161787365177,750.0106317411402
2101,2089,14,4836,1,4836,False,1445.363523573201,552.3411910669976
2101,2089,38,0,0,0,False,,
2101,2089,75,10544,1,10544,False,811.9385432473445,695.5333839150228
2101,2089,113,12672,1,12672,False,1316.8377525252524,741.0820707070707
2102,2090,14,4756,1,4756,False,1446.4899074852817,552.4949537426409
2102,2090,38,0,0,0,False,,
2102,2090,75,10476,1,10476,False,806.3579610538374,695.2101947308133
2102,2090,113,12196,1,12196,False,1301.8702853394554,728.6869465398491
2103,2091,14,4656,1,4656,False,1446.9329896907216,552.180412371134
2103,2091,38,0,0,0,False,,
2103,2091,75,10264,1,10264,False,798.9177708495713,693.744738893219
2103,2091,113,13100,1,13100,False,1294.3277862595419,723.3916030534351
2104,2092,14,4608,1,4608,False,1447.592013888889,552.0659722222222
2104,2092,38,0,0,0,False,,
2104,2092,75,10188,1,10188,False,792.7669807616804,692.9468001570475
2104,2092,113,13344,1,13344,False,1284.8896882494005,724.2703836930456
2105,2093,14,4588,1,4588,False,1447.4136878814297,551.833914559721
2105,2093,38,0,0,0,False,,
2105,2093,75,10328,1,10328,False,786.4643687064291,690.1769945778466
2105,2093,113,13536,1,13536,False,1271.460401891253,726.3232860520095
2106,2094,14,4500,1,4500,False,1448.0893333333333,551.7
2106,2094,38,0,0,0,False,,
2106,2094,75,10364,1,10364,False,781.1260131223465,688.1186800463141
2106,2094,113,14464,1,14464,False,1265.2494469026549,726.5553097345132
2107,2095,14,4396,1,4396,False,1449.9795268425842,551.4135577797998
2107,2095,38,0,0,0,False,,
2107,2095,75,10420,1,10420,False,777.8174664107486,688.2758157389635
2107,2095,113,13784,1,13784,False,1256.2231572838073,724.173824724318
2108,2096,14,4240,1,4240,False,1451.6754716981131,551.3566037735849
2108,2096,38,0,0,0,False,,
2108,2096,75,10380,1,10380,False,774.9323699421965,687.7369942196532
2108,2096,113,13520,1,13520,False,1243.9076923076923,724.5100591715976
2109,2097,14,4160,1,4160,False,1454.7826923076923,551.626923076923
2109,2097,38,0,0,0,False,,
2109,2097,75,10232,1,10232,False,772.1684910086004,687.4577795152463
2109,2097,113,14388,1,14388,False,1233.903947734223,729.9184042257436
2110,2098,14,4240,1,4240,False,1458.0094339622642,551.8056603773584
2110,2098,38,0,0,0,False,,
2110,2098,75,10160,1,10160,False,769.9496062992126,686.8968503937008
2110,2098,113,14452,1,14452,False,1221.9741212288957,733.3342097979519
2111,2099,14,4200,1,4200,False,1460.804761904762,550.8485714285714
2111,2099,38,0,0,0,False,,
2111,2099,75,10044,1,10044,False,767.668458781362,686.5183193946635
2111,2099,113,13908,1,13908,False,1212.433851020995,734.868133448375
2112,2100,14,4236,1,4236,False,1463.842776203966,550.3772426817752
2112,2100,38,0,0,0,False,,
2112,2100,75,10000,1,10000,False,764.5488,685.728
2112,2100,113,14380,1,14380,False,1200.5200278164116,734.1050069541029
2113,2101,14,4172,1,4172,False,1467.5086289549376,550.6284755512943
2113,2101,38,0,0,0,False,,
2113,2101,75,9756,1,9756,False,760.9190241902419,684.8608036080361
2113,2101,113,14300,1,14300,False,1187.5125874125874,734.2376223776224
2114,2102,14,4248,1,4248,False,1471.0856873822975,549.8653483992467
2114,2102,38,0,0,0,False,,
2114,2102,75,9684,1,9684,False,756.166253614209,682.4727385377943
2114,2102,113,13684,1,13684,False,1175.8358667056416,735.0325928091202
2115,2103,14,4320,1,4320,False,1473.25,549.3851851851852
2115,2103,38,0,0,0,False,,
2115,2103,75,9524,1,9524,False,751.1677866442672,678.8956320873583
2115,2103,113,13704,1,13704,False,1167.5805604203151,735.4819030939872
2116,2104,14,4396,1,4396,False,1474.3635122838944,549.1969972702457
2116,2104,38,0,0,0,False,,
2116,2104,75,9300,1,9300,False,747.2587096774193,676.3838709677419
2116,2104,113,13992,1,13992,False,1160.7052601486564,739.0889079473985
2117,2105,14,4480,1,4480,False,1475.5982142857142,550.075
2117,2105,38,0,0,0,False,,
2117,2105,75,9332,1,9332,False,744.2642520360051,675.4781397342477
2117,2105,113,14596,1,14596,False,1155.2810359002467,744.837626747054
2118,2106,14,4516,1,4516,False,1476.3317094774136,549.9012400354296
2118,2106,38,7640,10,3708,True,60.115706806282724,1460.0267015706806
2118,2106,75,9212,1,9212,False,741.7105948762484,674.8204515848893
2118,2106,113,14848,1,14848,False,1150.9822198275863,746.3238146551724
2119,2107,14,4572,1,4572,False,1476.7589676290463,549.7493438320209
2119,2107,38,26532,1,26532,True,63.24898236092266,1425.659656264134
2119,2107,75,9156,1,9156,False,739.1422018348624,673.9696373962429
2119,2107,113,14396,1,14396,False,1145.5247290914142,743.2229786051681
2120,2108,14,4516,1,4516,False,1477.2139061116031,550.2838795394155
2120,2108,38,30304,2,30276,True,88.06599788806759,1433.675818373812
2120,2108,75,9092,1,9092,False,737.0833699956005,673.8603167619885
2120,2108,113,14364,1,14364,False,1140.515037593985,740.9444444444445
2121,2109,14,4572,1,4572,False,1477.5428696412948,550.1920384951881
2121,2109,38,39120,2,39116,True,96.30674846625767,1408.8605316973415
2121,2109,75,9124,1,9124,False,735.0778167470407,673.5889960543622
2121,2109,113,15096,1,15096,False,1138.6346051934288,740.2731849496555
2122,2110,14,4644,1,4644,False,1478.0314384151593,550.2777777777778
2122,2110,38,43924,2,43920,True,105.37769784172662,1397.87145979419
2122,2110,75,9064,1,9064,False,732.6571050308914,673.3305383936452
2122,2110,113,14984,1,14984,False,1134.8256807261077,739.2773625200214
2123,2111,14,4636,1,4636,False,1478.2894736842106,550.3274374460742
2123,2111,38,49276,1,49276,True,126.56299212598425,1388.3650864518224
2123,2111,75,9160,1,9160,False,730.329694323144,671.7733624454148
2123,2111,113,14564,1,14564,False,1129.2695687997802,735.2959351826421
2124,2112,14,4628,1,4628,False,1478.30985306828,550.3841832324979
2124,2112,38,50908,1,50908,True,152.80926376993793,1376.569615777481
2124,2112,75,9176,1,9176,False,728.3770706190061,670.1625980819529
2124,2112,113,13652,1,13652,False,1123.56299443305,731.4358335774978
2125,2113,14,4688,1,4688,False,1478.6484641638226,550.1774744027304
2125,2113,38,52708,1,52708,True,174.84135235637854,1364.2633755786599
2125,2113,75,8964,1,8964,False,726.2831325301205,667.6896474788041
2125,2113,113,13656,1,13656,False,1119.4050966608083,731.3107791446982
2126,2114,14,4740,1,4740,False,1479.0012658227847,549.7523206751055
2126,2114,38,58304,1,58304,True,192.43482436882547,1353.8507135016466
2126,2114,75,8972,1,8972,False,724.8067320552831,666.7380740080249
2126,2114,113,13468,2,13464,False,1114.372883872884,731.0743985743986
2127,2115,14,4748,1,4748,False,1479.8192923336142,548.5707666385847
2127,2115,38,62124,1,62124,True,209.9876054342927,1340.0537956345374
2127,2115,75,9016,1,9016,False,724.2027506654836,667.2302573203194
2127,2115,113,13676,2,13672,False,1112.826411231354,729.4482304767475
2128,2116,14,4636,1,4636,False,1480.0358067299396,548.339516824849
2128,2116,38,60828,1,60828,True,229.41023870585914,1308.583251134346
2128,2116,75,9004,1,9004,False,723.7847623278543,667.6834740115504
2128,2116,113,12972,2,12964,False,1107.8623188405797,725.7069071847055
2129,2117,14,4616,1,4616,False,1480.2660311958405,546.9783362218371
2129,2117,38,52232,1,52232,False,239.22859549701332,1251.1719252565476
2129,2117,75,9132,1,9132,False,723.8727551467367,668.7014892685064
2129,2117,113,12972,3,12964,False,1105.972710453284,722.4543632439099
2130,2118,14,4776,1,4776,False,1480.8768844221106,545.0527638190955
2130,2118,38,42900,1,42900,False,259.6410722610723,1205.868951048951
2130,2118,75,9096,1,9096,False,724.3082673702727,667.1578715919086
2130,2118,113,13304,1,13304,False,1103.0213469633193,722.7411304870716
2131,2119,14,4880,1,4880,False,1481.0590163934426,544.472131147541
2131,2119,38,43092,1,43092,False,281.44179894179894,1186.5763018657756
2131,2119,75,8704,1,8704,False,726.3988970588235,668.3621323529412
2131,2119,113,13568,1,13568,False,1099.538325471698,723.4180424528302
2132,2120,14,4972,1,4972,False,1480.7188254223652,543.281979082864
2132,2120,38,40792,1,40792,False,306.9948029025299,1152.0861933712492
2132,2120,75,8616,1,8616,False,729.3625812441968,667.922469823584
2132,2120,113,13376,1,13376,False,1095.8504784688996,721.305023923445
2133,2121,14,5032,1,5032,False,1481.4014308426074,543.4173290937997
2133,2121,38,35964,1,35964,False,336.11961961961964,1110.0041708375043
2133,2121,75,9528,2,8736,False,768.1842989084803,675.9248530646515
2133,2121,113,13396,2,13360,False,1089.3151687070765,715.8215885338907
2134,2122,14,5012,1,5012,False,1481.3443735035914,542.5175578611332
2134,2122,38,34684,1,34684,False,361.7665205858609,1076.6549994233653
2134,2122,75,8268,1,8268,False,736.5203193033382,669.9407353652637
2134,2122,113,13608,1,13608,False,1093.0296884185773,715.2630805408584
2135,2123,14,5060,1,5060,False,1481.805928853755,542.6770750988143
2135,2123,38,34524,1,34524,False,366.65038813578957,1053.9033136368903
2135,2123,75,9028,1,9028,False,745.7512184315462,668.4805050952592
2135,2123,113,12248,1,12248,False,1090.601241018942,711.1100587851078
2136,2124,14,5024,1,5024,False,1481.8041401273886,542.7133757961783
2136,2124,38,34916,1,34916,False,375.5509794936419,1030.7238515293848
2136,2124,75,8692,1,8692,False,752.7577082374597,669.0540727105384
2136,2124,113,13128,1,13128,False,1093.2312614259597,714.3409506398538
2137,2125,14,4924,1,4924,False,1482.4041429731926,542.8265637692932
2137,2125,38,31376,1,31376,False,381.550994390617,996.4767975522692
2137,2125,75,7868,1,7868,False,760.9199288256227,664.4542450432131
2137,2125,113,13552,1,13552,False,1096.9634002361274,705.8719008264463
2138,2126,14,4912,1,4912,False,1482.6742671009772,543.0456026058632
2138,2126,38,30296,1,30296,False,386.0252178505413,981.3156852389754
2138,2126,75,7544,1,7544,False,773.2179215270413,656.1765641569459
2138,2126,113,13752,1,13752,False,1101.084060500291,702.6378708551483
2139,2127,14,4884,1,4884,False,1482.9455364455364,543.2485667485668
2139,2127,38,29744,1,29744,False,391.4408284023669,960.1425497579344
2139,2127,75,7268,1,7268,False,784.3051733626858,644.9865162355532
2139,2127,113,13072,1,13072,False,1104.126682986536,697.7925336597307
2140,2128,14,4884,1,4884,False,1483.0405405405406,543.2878787878788
2140,2128,38,30940,1,30940,False,398.58868778280544,953.9826115061409
2140,2128,75,7108,1,7108,False,792.4741136747327,637.7009003939223
2140,2128,113,13084,1,13084,False,1108.1630999694282,696.2217976154081
2141,2129,14,4868,1,4868,False,1482.9749383730484,543.2953985209532
2141,2129,38,29084,1,29084,False,403.09386604318524,932.8815156099573
2141,2129,75,7084,2,7076,False,799.1030491247883,634.78345567476
2141,2129,113,13444,1,13444,False,1111.6853614995537,693.850193394823
2142,2130,14,4896,1,4896,False,1483.1160130718954,543.90522875817
2142,2130,38,27232,1,27232,False,399.4374265569918,914.2370740305523
2142,2130,75,6848,2,6796,False,809.0724299065421,632.2207943925233
2142,2130,113,13676,1,13676,False,1114.7433460076045,690.1425855513309
2143,2131,14,4988,1,4988,False,1482.1872493985566,543.4751403368083
2143,2131,38,25468,1,25468,False,396.65737395947855,902.1946756714308
2143,2131,75,6664,1,6664,False,818.3091236494598,629.5132052821128
2143,2131,113,13864,1,13864,False,1114.3967109059436,673.6909982688978
2144,2132,14,5036,1,5036,False,1481.7819698173153,543.4166004765688
2144,2132,38,22648,1,22648,False,389.59113387495586,886.4706817379018
2144,2132,75,6304,2,6288,False,826.251269035533,627.9073604060914
2144,2132,113,12988,1,12988,False,1116.1285802279026,663.2779488758854
2145,2133,14,5048,1,5048,False,1481.6156893819334,543.4413629160064
2145,2133,38,22876,1,22876,False,385.5361951390103,883.6341143556566
2145,2133,75,6180,2,6144,False,832.5802588996763,626.1297734627832
2145,2133,113,15348,3,15340,False,1116.6965076882982,653.490878290331
2146,2134,14,5048,1,5048,False,1481.4492868462758,543.4683042789223
2146,2134,38,22372,1,22372,False,381.3074378687645,880.6580547112462
2146,2134,75,5932,1,5932,False,838.9517869184086,623.8850303438975
2146,2134,113,21828,1,21828,False,1098.7089059923035,630.7330951072017
2147,2135,14,5076,1,5076,False,1481.0910165484634,543.3510638297872
2147,2135,38,21484,1,21484,False,377.8513312232359,875.8554272947309
2147,2135,75,5596,1,5596,False,845.3620443173695,621.8323802716226
2147,2135,113,21424,1,21424,False,1113.7718446601941,627.6594473487677
2148,2136,14,5056,1,5056,False,1481.004746835443,543.3037974683544
2148,2136,38,20912,1,20912,False,376.1220351951033,871.0799540933435
2148,2136,75,5572,1,5572,False,850.8503230437904,622.5516870064608
2148,2136,113,13356,1,13356,False,1151.0366876310272,654.5425277029051
2149,2137,14,5032,1,5032,False,1480.902225755167,543.3124006359301
2149,2137,38,18332,1,18332,False,370.25561859044296,857.3845734235217
2149,2137,75,5152,1,5152,False,857.3804347826087,624.1304347826087
2149,2137,113,9748,1,9748,False,1185.2903159622488,651.201682396389
2150,2138,14,5032,1,5032,False,1480.8402225755167,543.3044515103338
2150,2138,38,18024,1,18024,False,368.0716822015091,852.9962272525521
2150,2138,75,4984,1,4984,False,861.8322632423756,624.5208667736757
2150,2138,113,21480,1,21480,False,1164.7309124767226,612.1666666666666
2151,2139,14,5048,1,5048,False,1480.7947702060221,543.2670364500792
2151,2139,38,16848,1,16848,False,366.519943019943,849.1856600189933
2151,2139,75,4924,1,4924,False,864.7307067424858,624.5016246953696
2151,2139,113,25368,1,25368,False,1169.2054556922108,597.616367076632
2152,2140,14,5060,1,5060,False,1480.5268774703557,542.7134387351779
2152,2140,38,17012,1,17012,False,364.42428873736185,851.0121090994592
2152,2140,75,5268,1,5268,False,866.6032649962035,626.2600607441154
2152,2140,113,14980,1,14980,False,1205.6332443257677,641.2156208277704
2153,2141,14,5064,1,5064,False,1480.755924170616,543.3957345971564
2153,2141,38,16916,1,16916,False,359.72440293213526,847.3110664459683
2153,2141,75,4848,1,4848,False,866.6254125412541,627.6221122112212
2153,2141,113,12896,1,12896,False,1264.9280397022333,657.4795285359802
2154,2142,14,5108,1,5108,False,1481.286217697729,543.6542678151918
2154,2142,38,16248,1,16248,False,355.47636632200886,845.5201870999508
2154,2142,75,4976,1,4976,False,865.1237942122186,631.959807073955
2154,2142,113,13484,1,13484,False,1235.3644319193118,633.9891723524177
2155,2143,14,5256,1,5256,False,1481.8744292237443,543.6004566210046
2155,2143,38,16560,1,16560,False,348.8038647342995,847.956038647343
2155,2143,75,5060,1,5060,False,862.1158102766799,638.9284584980237
2155,2143,113,23444,1,23444,False,1215.1875959733834,595.539413069442
2156,2144,14,5352,1,5352,False,1482.0575485799702,544.349028400598
2156,2144,38,16900,1,16900,False,343.03869822485206,852.3115976331361
2156,2144,75,4924,1,4924,False,857.6291632818846,646.6575954508529
2156,2144,113,8124,1,8124,False,1271.3380108321023,654.7678483505662
2157,2145,14,5448,1,5448,False,1482.435389133627,545.2503671071953
2157,2145,38,17516,1,17516,False,335.34585521808634,854.1209180178123
2157,2145,75,4912,1,4912,False,853.2785016286645,653.5016286644951
2157,2145,113,9252,1,9252,False,1290.3452226545612,651.2003891050583
2158,2146,14,5320,1,5320,False,1483.4593984962405,546.1646616541353
2158,2146,38,18412,1,18412,False,330.14675211818377,859.6118835542038
2158,2146,75,5036,1,5036,False,849.4340746624305,658.2283558379667
2158,2146,113,16980,1,16980,False,1280.02320376914,615.306124852768
2159,2147,14,5232,1,5232,False,1483.9449541284403,546.9051987767584
2159,2147,38,19860,1,19860,False,316.86374622356493,862.0218529707955
2159,2147,75,5372,1,5372,False,846.4032017870439,661.8685778108712
2159,2147,113,22636,1,22636,False,1278.3536843965364,599.2637391765329
2160,2148,14,5148,1,5148,False,1483.9358974358975,547.508547008547
2160,2148,38,21356,1,21356,False,308.0995504776175,863.3514703127927
2160,2148,75,6240,1,6240,False,844.2653846153846,671.6192307692307
2160,2148,113,10272,1,10272,False,1305.6682242990655,653.0218068535826
2161,2149,14,5168,1,5168,False,1484.3668730650154,548.2383900928793
2161,2149,38,21804,1,21804,False,301.76582278481015,868.3352595853971
2161,2149,75,6540,2,6532,False,840.8217125382263,681.6498470948012
2161,2149,113,8448,2,8444,False,1313.464962121212,656.064393939394
2162,2150,14,5200,1,5200,False,1484.5584615384616,548.7076923076924
2162,2150,38,22652,1,22652,False,296.7313261522161,873.3119371357938
2162,2150,75,5948,1,5948,False,835.932414256893,687.8853396099529
2162,2150,113,14488,1,14488,False,1318.3542241855328,625.4287686361126
2163,2151,14,5224,1,5224,False,1485.1416539050535,549.3070444104135
2163,2151,38,23736,1,23736,False,290.40596562184027,879.7854735422986
2163,2151,75,6420,1,6420,False,831.3984423676012,694.0165109034268
2163,2151,113,24288,1,24288,False,1316.2691040843215,579.2608695652174
2164,2152,14,5216,1,5216,False,1485.9064417177915,550.430981595092
2164,2152,38,23900,1,23900,False,286.9468619246862,883.9182426778243
2164,2152,75,6848,1,6848,False,826.3341121495328,700.7757009345794
2164,2152,113,8100,1,8100,False,1340.9918518518518,648.0644444444445
2165,2153,14,5040,1,5040,False,1485.7571428571428,552.5174603174603
2165,2153,38,23724,1,23724,False,283.7625189681335,885.9945203169785
2165,2153,75,7008,1,7008,False,821.1073059360731,705.1575342465753
2165,2153,113,14348,1,14348,False,1361.1417619180374,630.1788402564817
2166,2154,14,4928,1,4928,False,1485.4123376623377,553.9837662337662
2166,2154,38,24156,2,24148,False,281.6544957774466,889.5409008113926
2166,2154,75,6916,1,6916,False,814.6480624638519,717.6752458068247
2166,2154,113,10924,1,10924,False,1358.4106554375687,610.3491395093372
2167,2155,14,5052,1,5052,False,1485.4184481393509,555.7034837688044
2167,2155,38,23920,1,23920,False,278.53244147157193,895.0645484949832
2167,2155,75,7112,1,7112,False,809.9443194600675,727.0455568053993
2167,2155,113,12016,1,12016,False,1414.659121171771,627.2043941411451
2168,2156,14,4852,1,4852,False,1485.782769991756,554.8577906018137
2168,2156,38,25056,1,25056,False,277.10312899106003,904.066411238825
2168,2156,75,7240,1,7240,False,807.5994475138122,731.9740331491713
2168,2156,113,12976,2,12972,False,1376.2355117139334,601.037607891492
2169,2157,14,5236,1,5236,False,1485.853705118411,555.4900687547746
2169,2157,38,24928,1,24928,False,272.0975609756098,911.2724646983312
2169,2157,75,7948,1,7948,False,807.008303975843,735.3213387015602
2169,2157,113,8620,1,8620,False,1405.8354988399071,612.4684454756381
2170,2158,14,3280,2,3272,False,1502.1512195121952,558.7317073170732
2170,2158,38,26336,1,26336,False,267.188942891859,917.6251518833536
2170,2158,75,8312,1,8312,False,807.4143407122233,740.6588065447546
2170,2158,113,15648,1,15648,False,1406.6574642126789,572.4851738241309
2171,2159,14,4700,2,4696,False,1490.8659574468086,556.7723404255319
2171,2159,38,26756,1,26756,False,263.63918373448945,924.8534160562117
2171,2159,75,8632,1,8632,False,808.8920296570899,743.59453197405
2171,2159,113,8096,1,8096,False,1409.6373517786562,594.9268774703557
2172,2160,14,5372,1,5372,False,1492.855919583023,547.7181682799702
2172,2160,38,27100,1,27100,False,259.7020664206642,929.3026568265683
2172,2160,75,8416,1,8416,False,809.9705323193916,739.4486692015209
2172,2160,113,12624,1,12624,False,1417.8479087452472,563.7287705956908
2173,2161,14,3552,2,3528,False,1505.3873873873874,561.5382882882883
2173,2161,38,25980,1,25980,False,258.4501154734411,934.0525789068514
2173,2161,75,8816,1,8816,False,810.6134301270417,741.2468239564429
2173,2161,113,4700,1,4700,False,1450.8234042553192,560.8285106382979
2174,2162,14,1372,1,1372,False,1513.3921282798833,582.0976676384839
2174,2162,38,25816,1,25816,False,257.90223117446544,939.3019832661915
2174,2162,75,8816,1,8816,False,811.3548094373866,740.967332123412
2174,2162,113,15244,1,15244,False,1468.0024927840461,546.4837313041196
2175,2163,14,0,0,0,False,,
2175,2163,38,25308,1,25308,False,256.8853327011222,945.0241030504188
2175,2163,75,8944,1,8944,False,811.5491949910554,742.3738819320215
2175,2163,113,12052,1,12052,False,1484.4767673415201,561.8514769332891
2176,2164,14,0,0,0,False,,
2176,2164,38,25464,1,25464,False,256.58105560791705,952.4619855482249
2176,2164,75,8944,1,8944,False,811.2397137745975,740.886404293381
2176,2164,113,11620,1,11620,False,1486.4662650602409,538.5736660929432
2177,2165,14,1016,1,1016,False,1535.4606299212599,566.1062992125984
2177,2165,38,24724,1,24724,False,256.04570457854715,959.5195761203689
2177,2165,75,9084,1,9084,False,809.7840158520476,741.9654337296345
2177,2165,113,10388,1,10388,False,1492.1557566422796,525.2809010396611
2178,2166,14,4336,1,4336,False,1508.6845018450185,565.1383763837638
2178,2166,38,24164,1,24164,False,256.2384538983612,968.8588809799702
2178,2166,75,9236,1,9236,False,808.3146383715895,742.752057167605
2178,2166,113,11108,1,11108,False,1504.0592365862442,491.802844796543
2179,2167,14,5592,2,5572,False,1506.5901287553647,559.3540772532189
2179,2167,38,23064,1,23064,False,255.98109608047173,978.2554630593132
2179,2167,75,9192,1,9192,False,806.68363794604,739.2841601392515
2179,2167,113,12604,1,12604,False,1505.1271025071405,447.3365598222786
2180,2168,14,5552,1,5552,False,1509.6556195965418,560.8602305475505
2180,2168,38,22520,1,22520,False,254.6772646536412,982.8651865008881
2180,2168,75,9312,1,9312,False,805.4819587628866,739.4364261168384
2180,2168,113,17208,1,17208,False,1537.4614132961412,423.34286378428635
2181,2169,14,5448,1,5448,False,1513.4765051395007,562.715859030837
2181,2169,38,23452,1,23452,False,258.11760191028486,993.0365853658536
2181,2169,75,8912,1,8912,False,804.9865350089767,736.5044883303411
2181,2169,113,20520,1,20520,False,1524.2949317738792,353.62202729044833
2182,2170,14,5540,1,5540,False,1519.3996389891697,564.1
2182,2170,38,23520,1,23520,False,260.17755102040815,1004.091156462585
2182,2170,75,9364,1,9364,False,804.4547202050405,739.4910294745835
2182,2170,113,27976,2,27964,False,1542.0324563911925,324.76708607377753
2183,2171,14,5276,1,5276,False,1526.1330553449584,564.305913570887
2183,2171,38,23976,1,23976,False,258.490990990991,1013.9187520854188
2183,2171,75,9192,1,9192,False,803.9412532637076,737.7332463011314
2183,2171,113,20024,1,20024,False,1531.3254095085897,258.85956851777865
2184,2172,14,5348,1,5348,False,1530.6136873597607,565.3032909498878
2184,2172,38,25300,1,25300,False,257.56687747035573,1020.721976284585
2184,2172,75,9000,1,9000,False,803.1035555555555,737.3008888888888
2184,2172,113,39128,1,39128,False,1558.5605193212023,187.76763443058678
2185,2173,14,5348,1,5348,False,1536.7348541510846,567.6129394166044
2185,2173,38,25332,1,25332,False,256.22366966682455,1025.306252960682
2185,2173,75,8596,2,8564,False,802.791298278269,740.191949744067
2185,2173,113,19628,1,19628,False,1523.6436723048705,126.4188913796617
2186,2174,14,5320,1,5320,False,1540.3511278195488,569.1511278195488
2186,2174,38,25696,1,25696,False,256.42714819427147,1029.4906600249067
2186,2174,75,9060,1,9060,False,802.9503311258278,744.8540838852097
2186,2174,113,14168,1,14168,False,1524.7439299830605,89.985036702428
2187,2175,14,5220,1,5220,False,1543.3934865900383,569.9819923371648
2187,2175,38,26140,1,26140,False,255.19227237949502,1034.3503442999236
2187,2175,75,9092,1,9092,False,802.8809942806863,745.5470743510779
2187,2175,113,5200,1,5200,False,1528.196923076923,38.70461538461539
2188,2176,14,5420,1,5420,False,1547.0446494464945,571.1833948339483
2188,2176,38,27688,1,27688,False,257.39858422421264,1043.254695174805
2188,2176,75,8872,1,8872,False,803.0653742110009,745.2204688908927
2188,2176,113,0,0,0,False,,
2189,2177,14,5280,1,5280,False,1548.8924242424243,574.0227272727273
2189,2177,38,27656,1,27656,False,255.068990454151,1055.7993925368817
2189,2177,75,9364,1,9364,False,803.045066211021,749.2936779154207
2189,2177,113,0,0,0,False,,
2190,2178,14,5152,1,5152,False,1552.1459627329193,574.5962732919255
2190,2178,38,29784,1,29784,False,255.72857910287402,1066.0310233682515
2190,2178,75,9024,1,9024,False,801.2792553191489,749.7624113475177
2190,2178,113,0,0,0,False,,
2191,2179,14,5148,1,5148,False,1557.1961926961926,573.7198912198912
2191,2179,38,32592,1,32592,False,262.5996563573883,1074.6396661757487
2191,2179,75,9092,1,9092,False,799.6139463264408,749.9007919049714
2191,2179,113,0,0,0,False,,
2192,2180,14,4972,1,4972,False,1560.9633950120676,574.2683024939662
2192,2180,38,33204,1,33204,False,262.69804842790023,1083.3194193470665
2192,2180,75,9744,1,9744,False,796.2536945812808,754.1001642036125
2192,2180,113,0,0,0,False,,
2193,2181,14,4944,1,4944,False,1561.5,575.7152103559871
2193,2181,38,34364,1,34364,False,263.157664998254,1095.4919683389594
2193,2181,75,9520,1,9520,False,792.1873949579832,755.6075630252101
2193,2181,113,0,0,0,False,,
2194,2182,14,4816,1,4816,False,1563.0697674418604,577.7558139534884
2194,2182,38,33852,1,33852,False,261.0879711686163,1108.3556067588327
2194,2182,75,9428,1,9428,False,787.3765379719983,756.0375477301654
2194,2182,113,0,0,0,False,,
2195,2183,14,4624,1,4624,False,1564.2024221453287,580.4826989619377
2195,2183,38,37692,1,37692,False,262.19903427783083,1123.1076621033642
2195,2183,75,9072,1,9072,False,782.2372134038801,757.3853615520283
2195,2183,113,0,0,0,False,,
2196,2184,14,4704,1,4704,False,1564.5102040816328,583.6989795918367
2196,2184,38,40936,1,40936,False,263.55823724838774,1137.3690639046317
2196,2184,75,9732,1,9732,False,779.7042745581587,760.8008631319359
2196,2184,113,0,0,0,False,,
2197,2185,14,4468,1,4468,False,1566.0452103849598,584.7059086839749
2197,2185,38,42208,1,42208,False,258.96872630780894,1148.4867323730098
2197,2185,75,10304,1,10304,False,778.0822981366459,765.9899068322982
2197,2185,113,0,0,0,False,,
2198,2186,14,4308,1,4308,False,1568.9326833797586,584.3142989786444
2198,2186,38,43396,1,43396,False,253.84906442990138,1159.4567702092359
2198,2186,75,10380,1,10380,False,776.48612716763,770.9393063583815
2198,2186,113,0,0,0,False,,
2199,2187,14,4308,1,4308,False,1574.1100278551532,583.7126276694522
2199,2187,38,44116,1,44116,False,255.38566506482908,1169.1049505848218
2199,2187,75,10556,1,10556,False,775.2442212959454,777.8209549071618
2199,2187,113,0,0,0,False,,
2200,2188,14,4072,1,4072,False,1574.8005893909626,581.0893909626719
2200,2188,38,43792,1,43792,False,250.45359883083668,1179.5772743880161
2200,2188,75,10884,1,10884,False,773.1247703050349,781.1210951855935
2200,2188,113,0,0,0,False,,
2201,2189,14,4012,1,4012,False,1573.4990029910268,580.2926221335993
2201,2189,38,46640,1,46640,False,240.74442538593482,1191.4931389365352
2201,2189,75,10448,1,10448,False,771.3369065849923,790.9019908116386
2201,2189,113,0,0,0,False,,
2202,2190,14,4036,1,4036,False,1572.886521308226,580.7259663032705
2202,2190,38,52608,1,52608,False,222.7036192214112,1203.1271289537713
2202,2190,75,10132,1,10132,False,767.9307145677063,799.8288590604027
2202,2190,113,0,0,0,False,,
2203,2191,14,3872,1,3872,False,1571.745867768595,579.0103305785124
2203,2191,38,56020,1,56020,False,210.0435915744377,1211.2831488754016
2203,2191,75,10752,1,10752,False,764.8139880952381,809.2254464285714
2203,2191,113,0,0,0,False,,
2204,2192,14,3792,1,3792,False,1570.1054852320676,577.6097046413502
2204,2192,38,57988,1,57988,False,202.70597364972062,1227.7594329861352
2204,2192,75,11180,1,11180,False,761.5089445438283,815.8445438282647
2204,2192,113,0,0,0,False,,
2205,2193,14,3992,1,3992,False,1568.7965931863728,575.2815631262525
2205,2193,38,57644,1,57644,False,199.4334536118243,1237.3142391228923
2205,2193,75,11624,1,11624,False,757.7629043358569,822.2040605643497
2205,2193,113,0,0,0,False,,
2206,2194,14,4124,2,4108,False,1567.6930164888458,573.6406401551891
2206,2194,38,56688,1,56688,False,196.29523003104714,1242.8386960203218
2206,2194,75,11660,1,11660,False,752.8210977701543,826.1555746140651
2206,2194,113,0,0,0,False,,
2207,2195,14,4352,2,4344,False,1564.8235294117646,574.2261029411765
2207,2195,38,61348,1,61348,False,186.01281215361544,1242.341038012649
2207,2195,75,12400,1,12400,False,749.0464516129032,834.2335483870968
2207,2195,113,0,0,0,False,,
2208,2196,14,4600,1,4600,False,1562.6008695652174,575.8391304347826
2208,2196,38,63804,1,63804,True,179.64024199109772,1245.431728418281
2208,2196,75,12216,1,12216,False,742.639489194499,843.6001964636542
2208,2196,113,0,0,0,False,,
2209,2197,14,4720,1,4720,False,1559.9847457627118,573.393220338983
2209,2197,38,64604,1,64604,True,176.1999566590304,1253.814098198254
2209,2197,75,12816,1,12816,False,735.1023720349563,848.4519350811486
2209,2197,113,0,0,0,False,,
2210,2198,14,4964,1,4964,False,1558.6031426269137,573.1398066075745
2210,2198,38,66028,1,66028,True,175.0852062761253,1262.2836069546254
2210,2198,75,12608,1,12608,False,726.4022842639594,855.611040609137
2210,2198,113,0,0,0,False,,
2211,2199,14,5192,1,5192,False,1557.7080123266564,574.6078582434515
2211,2199,38,68140,1,68140,True,173.60384502494864,1270.0875550337541
2211,2199,75,12976,1,12976,False,721.4260172626388,861.6553637484587
2211,2199,113,0,0,0,False,,
2212,2200,14,5356,1,5356,False,1557.1587005227782,576.0115758028379
2212,2200,38,67836,1,67836,True,170.4962261925821,1275.243086266879
2212,2200,75,13720,1,13720,False,718.1956268221575,867.2702623906706
2212,2200,113,0,0,0,False,,
2213,2201,14,5648,1,5648,False,1556.3172804532578,577.4093484419263
2213,2201,38,68768,1,68768,True,168.85737552349931,1274.3601675197767
2213,2201,75,14164,1,14164,False,715.6358373340864,872.0063541372493
2213,2201,113,0,0,0,False,,
2214,2202,14,5896,1,5896,False,1555.5691994572592,578.723880597015
2214,2202,38,68632,1,68632,True,171.25451684345495,1275.4568714302366
2214,2202,75,14284,1,14284,False,714.0933912069448,879.818958274993
2214,2202,113,0,0,0,False,,
2215,2203,14,5940,1,5940,False,1555.6340067340068,578.6858585858586
2215,2203,38,65972,1,65972,True,166.89434911780756,1275.6614624386102
2215,2203,75,14624,1,14624,False,714.3052516411378,889.1247264770241
2215,2203,113,0,0,0,False,,
2216,2204,14,6104,1,6104,False,1555.6258191349934,579.0085190039318
2216,2204,38,65732,1,65732,True,163.11765958741557,1268.924998478671
2216,2204,75,14576,1,14576,False,713.2574094401756,896.3216245883644
2216,2204,113,0,0,0,False,,
2217,2205,14,6096,1,6096,False,1555.497375328084,579.1994750656168
2217,2205,38,66096,1,66096,True,157.4682885499879,1257.1836117162914
2217,2205,75,13944,2,13940,False,713.7954675846242,906.64859437751
2217,2205,113,0,0,0,False,,
2218,2206,14,6328,1,6328,False,1555.9551201011377,580.4810366624525
2218,2206,38,62732,1,62732,True,150.1445833067653,1252.3162341388766
2218,2206,75,13540,1,13540,False,714.7841949778434,916.1803545051698
2218,2206,113,0,0,0,False,,
2219,2207,14,6452,1,6452,False,1556.5867947923125,581.3939863608183
2219,2207,38,61504,1,61504,True,146.136186264308,1248.6030176899064
2219,2207,75,14736,1,14736,False,716.9647122692726,926.8013029315961
2219,2207,113,0,0,0,False,,
2220,2208,14,6028,1,6028,False,1556.1562707365626,580.0116124751162
2220,2208,38,60800,1,60800,True,143.75578947368422,1245.4555263157895
2220,2208,75,15532,1,15532,False,718.8682719546742,934.3753541076487
2220,2208,113,0,0,0,False,,
2221,2209,14,6260,1,6260,False,1557.1159744408947,580.9971246006389
2221,2209,38,61856,1,61856,True,135.0285825142266,1235.0042679772375
2221,2209,75,15988,1,15988,False,720.4404553415061,942.5735551663748
2221,2209,113,0,0,0,False,,
2222,2210,14,6548,1,6548,False,1558.0308491142334,582.503665241295
2222,2210,38,56856,1,56856,True,127.58146897425074,1233.7420149148727
2222,2210,75,15936,1,15936,False,720.6962851405623,946.1009036144578
2222,2210,113,0,0,0,False,,
2223,2211,14,6632,1,6632,False,1558.1115802171291,583.1236429433052
2223,2211,38,54096,1,54096,True,122.95740905057676,1226.5999704229519
2223,2211,75,17356,1,17356,False,722.546093569947,958.1759622032727
2223,2211,113,0,0,0,False,,
2224,2212,14,6360,1,6360,False,1557.6069182389938,582.517610062893
2224,2212,38,51024,1,51024,True,126.05895264973346,1228.0429601756036
2224,2212,75,18380,1,18380,False,724.2279651795429,967.1041349292709
2224,2212,113,0,0,0,False,,
2225,2213,14,6500,1,6500,False,1557.320923076923,580.9504615384616
2225,2213,38,49388,1,49388,True,126.1810561269944,1236.992427310278
2225,2213,75,19296,1,19296,False,726.157960199005,975.1057213930349
2225,2213,113,0,0,0,False,,
2226,2214,14,6484,1,6484,False,1558.5456508328193,576.1594694632943
2226,2214,38,51356,1,51356,True,126.32864709089493,1234.0937378300491
2226,2214,75,19328,2,19300,False,727.9271523178808,983.789321192053
2226,2214,113,0,0,0,False,,
2227,2215,14,6708,1,6708,False,1558.5083482409063,572.2519379844962
2227,2215,38,53216,1,53216,True,125.2705953096813,1232.5240529164162
2227,2215,75,19672,1,19672,False,730.6516876779178,988.6232208214722
2227,2215,113,0,0,0,False,,
2228,2216,14,6696,1,6696,False,1558.3064516129032,571.0663082437276
2228,2216,38,51668,1,51668,True,126.47584578462491,1237.2949214213827
2228,2216,75,20488,2,20392,False,734.4796954314721,990.3422491214369
2228,2216,113,0,0,0,False,,
2229,2217,14,6688,1,6688,False,1558.2966507177034,570.8636363636364
2229,2217,38,49368,1,49368,True,131.41006319883326,1246.0657105817534
2229,2217,75,21080,3,21012,False,739.0851992409868,994.3607210626186
2229,2217,113,0,0,0,False,,
2230,2218,14,6732,1,6732,False,1558.672311348782,571.3045157456922
2230,2218,38,49384,1,49384,True,137.70492467195854,1245.7023327393488
2230,2218,75,20440,1,20440,False,745.3293542074364,1002.1634050880626
2230,2218,113,0,0,0,False,,
2231,2219,14,6728,1,6728,False,1558.7722948870392,571.7806183115339
2231,2219,38,51068,1,51068,True,135.37694838254876,1239.62587138717
2231,2219,75,19484,1,19484,False,753.3232395811948,1008.6679326626976
2231,2219,113,0,0,0,False,,
2232,2220,14,6688,1,6688,False,1558.0873205741627,572.2595693779904
2232,2220,38,56036,1,56036,True,131.7070811621101,1230.107109715183
2232,2220,75,18556,1,18556,False,759.4195947402458,1016.6677085578789
2232,2220,113,0,0,0,False,,
2233,2221,14,6608,1,6608,False,1557.9891041162227,572.9467312348668
2233,2221,38,55012,1,55012,True,138.69195811822874,1244.6570566421872
2233,2221,75,18672,1,18672,False,763.9203084832905,1023.1083976006855
2233,2221,113,0,0,0,False,,
2234,2222,14,6560,1,6560,False,1557.2853658536585,572.8865853658536
2234,2222,38,55464,1,55464,True,143.20763017452762,1249.0025241598153
2234,2222,75,19672,1,19672,False,769.9135827572184,1032.2023180154533
2234,2222,113,0,0,0,False,,
2235,2223,14,6504,1,6504,False,1557.0067650676506,572.720172201722
2235,2223,38,55476,1,55476,True,144.31729035979524,1244.866140312928
2235,2223,75,20772,1,20772,False,773.7489890236857,1040.3836895821298
2235,2223,113,0,0,0,False,,
2236,2224,14,6628,1,6628,False,1557.3859384429693,573.0926372963187
2236,2224,38,57292,1,57292,True,151.12305382950498,1245.754066885429
2236,2224,75,21332,2,21328,False,777.5245640352522,1055.592068254266
2236,2224,113,0,0,0,False,,
2237,2225,14,6604,1,6604,False,1557.3915808600848,573.1989703210176
2237,2225,38,54464,1,54464,False,161.9903055229142,1246.3873384253818
2237,2225,75,20452,1,20452,False,781.6523567377274,1071.8146880500685
2237,2225,113,0,0,0,False,,
2238,2226,14,6600,1,6600,False,1557.250303030303,573.370303030303
2238,2226,38,49796,1,49796,False,177.66764398746886,1243.6798538035184
2238,2226,75,20284,1,20284,False,787.0975152829817,1094.2195819365018
2238,2226,113,0,0,0,False,,
2239,2227,14,6336,1,6336,False,1556.3813131313132,572.6641414141415
2239,2227,38,48576,1,48576,False,183.9764492753623,1210.1467391304348
2239,2227,75,19444,1,19444,False,792.9233696770212,1120.4288212301994
2239,2227,113,0,0,0,False,,
2240,2228,14,6356,1,6356,False,1556.2117684078037,572.7240402769037
2240,2228,38,46364,1,46364,False,191.6691829868001,1183.5219998274524
2240,2228,75,21224,1,21224,False,798.7009046362608,1138.2776102525443
2240,2228,113,0,0,0,False,,
2241,2229,14,6360,1,6360,False,1556.361635220126,572.7415094339623
2241,2229,38,47196,1,47196,False,200.2328587168404,1165.1866683617257
2241,2229,75,23400,1,23400,False,805.7123076923077,1154.131111111111
2241,2229,113,0,0,0,False,,
2242,2230,14,6352,1,6352,False,1556.5050377833754,572.7342569269522
2242,2230,38,42236,1,42236,False,207.524339426082,1140.9901979354106
2242,2230,75,24824,1,24824,False,813.3436996455043,1168.6314856590395
2242,2230,113,0,0,0,False,,
2243,2231,14,6336,1,6336,False,1556.7045454545455,572.7159090909091
2243,2231,38,37492,1,37492,False,230.6320815107223,1120.2439453750133
2243,2231,75,24292,1,24292,False,822.8098962621439,1189.645726988309
2243,2231,113,0,0,0,False,,
2244,2232,14,6324,1,6324,False,1556.6733080328906,572.7061986084757
2244,2232,38,34008,2,33672,False,250.93966125617501,1106.9723594448365
2244,2232,75,23328,1,23328,False,834.8302469135803,1215.0637860082304
2244,2232,113,0,0,0,False,,
2245,2233,14,6348,1,6348,False,1556.8881537492123,572.9448645242596
2245,2233,38,31200,1,31200,False,262.868717948718,1080.2358974358974
2245,2233,75,23216,1,23216,False,844.7860096485183,1241.382494831151
2245,2233,113,0,0,0,False,,
2246,2234,14,6380,1,6380,False,1556.8648902821317,573.8065830721004
2246,2234,38,31832,1,31832,False,273.19339029907013,1059.9181955265142
2246,2234,75,24784,1,24784,False,850.4809554551323,1261.8266623628147
2246,2234,113,0,0,0,False,,
2247,2235,14,6304,1,6304,False,1556.989847715736,574.8159898477157
2247,2235,38,28476,1,28476,False,278.88010956595025,1041.7864166315494
2247,2235,75,27940,1,27940,False,852.2451682176091,1278.8788117394417
2247,2235,113,0,0,0,False,,
2248,2236,14,6312,1,6312,False,1557.3022813688212,575.7179974651458
2248,2236,38,26920,1,26920,False,285.14695393759285,1017.1838038632986
2248,2236,75,31252,1,31252,False,852.0635479329322,1301.7358889031102
2248,2236,113,0,0,0,False,,
2249,2237,14,6344,1,6344,False,1557.7622950819673,576.3196721311475
2249,2237,38,24968,1,24968,False,285.49166933675104,986.4157321371355
2249,2237,75,31676,1,31676,False,841.8090036620786,1331.9112893042052
2249,2237,113,0,0,0,False,,
2250,2238,14,6408,1,6408,False,1557.8520599250937,576.5274656679151
2250,2238,38,24004,1,24004,False,287.3085319113481,964.9605899016831
2250,2238,75,33740,1,33740,False,827.0903971547125,1373.9724362774155
2250,2238,113,0,0,0,False,,
2251,2239,14,6524,1,6524,False,1558.4092581238503,576.6618638871857
2251,2239,38,22192,1,22192,False,290.57426099495314,958.8244412400866
2251,2239,75,39916,2,39904,False,804.1592844974447,1406.7948191201524
2251,2239,113,0,0,0,False,,
2252,2240,14,6736,1,6736,False,1558.3503562945368,576.2695961995249
2252,2240,38,21672,1,21672,False,290.28220745662605,947.4110372831303
2252,2240,75,44044,1,44044,True,794.3755789664881,1427.760557624194
2252,2240,113,12420,6,7428,False,1457.3167471819645,141.4777777777778
2253,2241,14,6824,1,6824,False,1558.1764361078547,575.5926143024619
2253,2241,38,18368,1,18368,False,280.51088850174216,919.9033101045296
2253,2241,75,42424,1,42424,True,787.0687346784839,1441.1681123892135
2253,2241,113,6472,2,6452,False,1445.4604449938195,56.24783683559951
2254,2242,14,6712,1,6712,False,1558.3772348033374,575.7932061978546
2254,2242,38,19240,1,19240,False,277.895841995842,903.9765072765073
2254,2242,75,38400,1,38400,True,778.1797916666667,1451.210625
2254,2242,113,2444,1,2444,False,1464.2839607201308,103.95662847790507
2255,2243,14,6708,1,6708,False,1557.4779367918902,575.6222420989862
2255,2243,38,16880,1,16880,False,278.21042654028435,892.6436018957346
2255,2243,75,27128,1,27128,True,775.0862577410793,1474.2690946623416
2255,2243,113,7280,1,7280,False,1537.0318681318681,141.97692307692307
2256,2244,14,6728,1,6728,False,1556.4262782401902,575.2871581450654
2256,2244,38,16224,1,16224,False,276.9807692307692,884.7228796844181
2256,2244,75,13812,1,13812,True,822.921083116131,1490.3690993339126
2256,2244,113,5876,1,5876,False,1532.2522123893805,150.7355343771273
2257,2245,14,6912,1,6912,False,1557.9386574074074,576.988425925926
2257,2245,38,15000,1,15000,False,273.69466666666665,863.1757333333334
2257,2245,75,7592,1,7592,True,868.3240252897787,1495.0026343519494
2257,2245,113,5192,1,5192,False,1581.9345146379044,210.72804314329738
2258,2246,14,6144,1,6144,False,1556.69921875,576.2486979166666
2258,2246,38,14900,1,14900,False,269.9088590604027,849.0970469798658
2258,2246,75,4220,1,4220,True,887.5691943127962,1498.5189573459716
2258,2246,113,7856,1,7856,False,1618.538696537678,229.87270875763747
2259,2247,14,5628,1,5628,False,1554.8923240938166,577.999644633973
2259,2247,38,14624,1,14624,False,269.0361050328228,845.8665207877461
2259,2247,75,2176,1,2176,True,889.2132352941177,1501.9558823529412
2259,2247,113,6288,1,6288,False,1611.6272264631043,262.3295165394402
2260,2248,14,4932,1,4932,False,1552.0815085158151,578.316707218167
2260,2248,38,13768,1,13768,False,266.3593840790238,842.3733294596165
2260,2248,75,0,0,0,False,,
2260,2248,113,4248,1,4248,False,1661.6431261770244,295.0593220338983
2261,2249,14,4128,1,4128,False,1549.608527131783,574.0096899224807
2261,2249,38,13408,1,13408,False,259.326968973747,833.8025059665871
2261,2249,75,0,0,0,False,,
2261,2249,113,8184,1,8184,False,1669.7932551319648,306.54398826979474
2262,2250,14,3816,1,3816,False,1549.407756813417,570.0324947589098
2262,2250,38,14236,1,14236,False,248.6876931722394,817.4733071087384
2262,2250,75,0,0,0,False,,
2262,2250,113,3652,1,3652,False,1688.9381161007666,335.72453450164295
2263,2251,14,3688,1,3688,False,1551.9880694143167,564.4718004338395
2263,2251,38,13692,1,13692,False,245.8134677183757,815.4225825299445
2263,2251,75,0,0,0,False,,
2263,2251,113,6748,1,6748,False,1711.839656194428,353.8989330171903
2264,2252,14,3580,1,3580,False,1556.6944134078212,559.6106145251397
2264,2252,38,14368,1,14368,False,244.71659242761692,813.7583518930958
2264,2252,75,0,0,0,False,,
2264,2252,113,5932,1,5932,False,1727.4898853674983,363.083951449764
2265,2253,14,3136,1,3136,False,1560.6913265306123,557.1938775510204
2265,2253,38,14096,1,14096,False,240.88649262202043,811.1850170261067
2265,2253,75,0,0,0,False,,
2265,2253,113,6936,2,6932,False,1714.7191464821224,372.6937716262976
2266,2254,14,3088,1,3088,False,1566.1839378238342,555.639896373057
2266,2254,38,14468,1,14468,False,233.31559303290018,804.9312966546862
2266,2254,75,0,0,0,False,,
2266,2254,113,5872,1,5872,False,1754.3964577656675,408.574931880109
2267,2255,14,3044,1,3044,False,1570.1530880420498,553.3042049934297
2267,2255,38,14212,1,14212,False,226.18421052631578,800.0969603152266
2267,2255,75,0,0,0,False,,
2267,2255,113,5608,3,5544,False,1753.632667617689,423.6098430813124
2268,2256,14,2928,1,2928,False,1576.6857923497269,547.4754098360655
2268,2256,38,13320,1,13320,False,222.14444444444445,799.7648648648649
2268,2256,75,0,0,0,False,,
2268,2256,113,4836,1,4836,False,1753.5934656741108,425.85980148883374
2269,2257,14,3144,1,3144,False,1581.6119592875318,545.2608142493639
2269,2257,38,14008,1,14008,False,209.53369503141062,786.2298686464877
2269,2257,75,0,0,0,False,,
2269,2257,113,5684,1,5684,False,1784.1748768472905,460.50281491907106
2270,2258,14,3252,1,3252,False,1586.340098400984,541.6685116851169
2270,2258,38,15468,1,15468,False,198.92668735453842,767.1609775019394
2270,2258,75,0,0,0,False,,
2270,2258,113,3264,1,3264,False,1793.9656862745098,468.4362745098039
2271,2259,14,3140,1,3140,False,1592.5101910828025,535.9038216560509
2271,2259,38,14996,3,14960,False,187.62136569751934,756.7624699919978
2271,2259,75,0,0,0,False,,
2271,2259,113,3160,1,3160,False,1784.7481012658227,477.079746835443
2272,2260,14,3356,1,3356,False,1596.45947556615,535.4392133492253
2272,2260,38,13744,2,13740,False,180.56635622817228,750.3678696158323
2272,2260,75,0,0,0,False,,
2272,2260,113,5048,1,5048,False,1800.0071315372425,501.22583201267827
2273,2261,14,3284,1,3284,False,1597.0943970767357,534.9872107186358
2273,2261,38,13336,1,13336,False,176.372825434913,748.1508698260348
2273,2261,75,0,0,0,False,,
2273,2261,113,3064,1,3064,False,1809.8759791122716,520.5496083550914
2274,2262,14,3232,1,3232,False,1600.3044554455446,535.4628712871287
2274,2262,38,13084,1,13084,False,175.00810149801285,746.3526444512381
2274,2262,75,0,0,0,False,,
2274,2262,113,4460,2,4080,False,1710.957399103139,533.1726457399103
2275,2263,14,3192,1,3192,False,1602.0438596491229,534.6503759398496
2275,2263,38,14656,1,14656,False,171.86517467248908,738.8389737991266
2275,2263,75,0,0,0,False,,
2275,2263,113,5048,1,5048,False,1831.054675118859,549.1069730586371
2276,2264,14,3084,1,3084,False,1604.4818417639428,536.6634241245137
2276,2264,38,14032,1,14032,False,170.7115165336374,741.4726339794755
2276,2264,75,0,0,0,False,,
2276,2264,113,2736,1,2736,False,1814.3333333333333,566.1695906432749
2277,2265,14,2972,1,2972,False,1605.7651413189772,534.8687752355316
2277,2265,38,13908,1,13908,False,170.96304285303424,741.8068737417314
2277,2265,75,0,0,0,False,,
2277,2265,113,1972,1,1972,False,1818.5486815415823,564.1673427991886
2278,2266,14,2876,1,2876,False,1610.7753824756605,535.5458970792768
2278,2266,38,12864,1,12864,False,170.2705223880597,750.752487562189
2278,2266,75,0,0,0,False,,
2278,2266,113,3916,2,3592,False,1743.268130745659,544.7390194075588
2279,2267,14,3096,1,3096,False,1612.437984496124,538.3888888888889
2279,2267,38,13112,2,13092,False,171.80689444783405,752.4328859060403
2279,2267,75,0,0,0,False,,
2279,2267,113,4440,2,4356,False,1814.1612612612612,538.336036036036
2280,2268,14,2872,1,2872,False,1613.5111420612814,540.550139275766
2280,2268,38,13172,1,13172,False,168.98466443972063,747.225781961737
2280,2268,75,0,0,0,False,,
2280,2268,113,3240,1,3240,False,1843.0283950617284,545.453086419753
2281,2269,14,2592,1,2592,False,1614.0740740740741,539.8827160493827
2281,2269,38,13056,1,13056,False,169.6905637254902,747.9632352941177
2281,2269,75,0,0,0,False,,
2281,2269,113,3100,2,2884,False,1758.7967741935483,548.4999999999999
2282,2270,14,2520,1,2520,False,1614.7825396825397,543.7095238095238
2282,2270,38,12856,1,12856,False,169.30211574362164,745.511200995644
2282,2270,75,0,0,0,False,,
2282,2270,113,1672,1,1672,False,1837.6626794258373,552.1602870813397
2283,2271,14,2516,1,2516,False,1615.641494435612,547.9689984101749
2283,2271,38,12892,2,12864,False,170.33803909401178,744.6452063295067
2283,2271,75,0,0,0,False,,
2283,2271,113,1912,2,1552,False,1653.755230125523,560.2280334728033
2284,2272,14,2280,1,2280,False,1617.622807017544,550.8087719298246
2284,2272,38,13760,1,13760,False,169.44651162790697,737.7209302325581
2284,2272,75,0,0,0,False,,
2284,2272,113,1484,1,1484,False,1840.9905660377358,553.6212938005391
2285,2273,14,1980,1,1980,False,1619.6030303030302,554.2777777777778
2285,2273,38,13960,1,13960,False,170.09140401146132,735.5595988538682
2285,2273,75,0,0,0,False,,
2285,2273,113,1520,1,1520,False,1840.6947368421052,553.078947368421
2286,2274,14,1744,1,1744,False,1621.711009174312,558.0917431192661
2286,2274,38,14000,1,14000,False,170.072,733.7268571428572
2286,2274,75,0,0,0,False,,
2286,2274,113,1528,1,1528,False,1840.8612565445026,552.7198952879581
2287,2275,14,1556,1,1556,False,1625.482005141388,561.1992287917737
2287,2275,38,13620,1,13620,False,170.96108663729808,734.3531571218796
2287,2275,75,0,0,0,False,,
2287,2275,113,1456,1,1456,False,1840.510989010989,553.2197802197802
2288,2276,14,1368,1,1368,False,1631.0263157894738,564.6812865497076
2288,2276,38,13056,1,13056,False,173.74264705882354,739.3357843137255
2288,2276,75,0,0,0,False,,
2288,2276,113,1516,1,1516,False,1839.6240105540896,552.542216358839
2289,2277,14,1184,1,1184,False,1637.3513513513512,567.1216216216217
2289,2277,38,11664,1,11664,False,176.47393689986282,748.6495198902606
2289,2277,75,0,0,0,False,,
2289,2277,113,1644,1,1644,False,1839.5608272506083,550.9622871046229
2290,2278,14,1172,1,1172,False,1642.2064846416383,568.7730375426621
2290,2278,38,11516,1,11516,False,178.01580409864536,744.8494268843349
2290,2278,75,0,0,0,False,,
2290,2278,113,1724,1,1724,False,1839.4419953596287,549.8596287703016
2291,2279,14,1232,1,1232,False,1646.3376623376623,570.1103896103896
2291,2279,38,12208,1,12208,False,181.08322411533422,743.7640891218873
2291,2279,75,0,0,0,False,,
2291,2279,113,1700,1,1700,False,1839.365882352941,549.7517647058824
2292,2280,14,1332,1,1332,False,1648.1516516516517,570.1096096096096
2292,2280,38,12524,1,12524,False,183.55653145959758,743.3559565633983
2292,2280,75,0,0,0,False,,
2292,2280,113,1596,1,1596,False,1838.5701754385964,549.2268170426065
2293,2281,14,1332,1,1332,False,1648.56006006006,570.0975975975975
2293,2281,38,11848,1,11848,False,185.64382174206617,746.531735313977
2293,2281,75,0,0,0,False,,
2293,2281,113,1528,1,1528,False,1838.2277486910996,549.4214659685864
2294,2282,14,1328,1,1328,False,1649.0481927710844,570.3192771084338
2294,2282,38,11748,1,11748,False,187.84831460674158,747.129213483146
2294,2282,75,0,0,0,False,,
2294,2282,113,1556,1,1556,False,1838.1658097686375,549.5488431876606
2295,2283,14,1312,1,1312,False,1649.0426829268292,570.6219512195122
2295,2283,38,11944,1,11944,False,191.14300066979237,740.7016075016745
2295,2283,75,0,0,0,False,,
2295,2283,113,1540,1,1540,False,1837.8766233766235,549.4090909090909
2296,2284,14,1256,1,1256,False,1649.3726114649683,570.984076433121
2296,2284,38,12828,1,12828,False,192.84674150296226,735.6069535391332
2296,2284,75,0,0,0,False,,
2296,2284,113,1520,1,1520,False,1837.8105263157895,549.4684210526316
2297,2285,14,1244,1,1244,False,1649.9083601286175,571.4003215434084
2297,2285,38,13080,2,12992,False,191.46636085626912,734.9452599388379
2297,2285,75,0,0,0,False,,
2297,2285,113,1456,1,1456,False,1837.0879120879122,549.2417582417582
2298,2286,14,1228,1,1228,False,1650.0114006514657,571.3403908794788
2298,2286,38,13480,1,13480,False,192.03827893175074,736.6792284866469
2298,2286,75,0,0,0,False,,
2298,2286,113,1364,1,1364,False,1836.4530791788857,547.7023460410558
2299,2287,14,1244,1,1244,False,1649.6318327974277,571.1430868167203
2299,2287,38,13940,1,13940,False,193.4428981348637,739.2431850789096
2299,2287,75,0,0,0,False,,
2299,2287,113,1416,1,1416,False,1836.3079096045199,547.3531073446328
2300,2288,14,1280,1,1280,False,1649.55,570.91875
2300,2288,38,13740,1,13740,False,194.14541484716156,744.4836972343522
2300,2288,75,0,0,0,False,,
2300,2288,113,1464,1,1464,False,1836.4289617486338,547.8169398907104
2301,2289,14,1324,1,1324,False,1649.321752265861,570.4214501510575
2301,2289,38,13508,1,13508,False,189.3457210541901,749.2124666864081
2301,2289,75,0,0,0,False,,
2301,2289,113,1456,1,1456,False,1836.2527472527472,547.5
2302,2290,14,1336,1,1336,False,1647.4580838323354,568.5898203592815
2302,2290,38,13128,1,13128,False,185.30987202925047,754.2483241925655
2302,2290,75,0,0,0,False,,
2302,2290,113,2336,2,1788,False,1603.8150684931506,556.4143835616438
2303,2291,14,1316,1,1316,False,1645.4057750759878,568.177811550152
2303,2291,38,13164,1,13164,False,182.87678517168035,760.4270738377393
2303,2291,75,0,0,0,False,,
2303,2291,113,2124,2,1652,False,1615.731638418079,556.0555555555555
2304,2292,14,1264,1,1264,False,1643.5632911392406,567.4746835443038
2304,2292,38,13476,2,13360,False,189.6101216978332,767.7769367764915
2304,2292,75,0,0,0,False,,
2304,2292,113,1968,2,1724,False,1713.0894308943089,552.3780487804878
2305,2293,14,1328,1,1328,False,1642.933734939759,567.2650602409639
2305,2293,38,13576,2,13344,False,194.29846788450206,774.1505598114319
2305,2293,75,0,0,0,False,,
2305,2293,113,1920,2,1728,False,1736.9291666666666,551.4708333333333
2306,2294,14,1252,1,1252,False,1643.164536741214,568.35303514377
2306,2294,38,12608,2,12556,False,181.6046954314721,784.4251269035533
2306,2294,75,0,0,0,False,,
2306,2294,113,2104,2,1700,False,1645.3060836501902,555.222433460076
2307,2295,14,1244,1,1244,False,1644.1784565916398,569.451768488746
2307,2295,38,12524,2,12520,False,178.94969658256147,797.7909613541999
2307,2295,75,0,0,0,False,,
2307,2295,113,2620,2,2144,False,1658.7167938931298,556.3656488549618
2308,2296,14,1336,1,1336,False,1644.9670658682635,570.0089820359282
2308,2296,38,13288,2,13064,False,187.5794701986755,804.5794701986755
2308,2296,75,0,0,0,False,,
2308,2296,113,1840,2,1648,False,1732.286956521739,551.8347826086957
2309,2297,14,1316,1,1316,False,1645.1808510638298,570.4696048632219
2309,2297,38,13216,2,12888,False,192.24334140435835,809.2518159806295
2309,2297,75,0,0,0,False,,
2309,2297,113,1768,2,1652,False,1770.3733031674208,549.739819004525
2310,2298,14,1236,1,1236,False,1643.9563106796118,570.3058252427185
2310,2298,38,12396,2,12144,False,188.0546950629235,817.2679896740884
2310,2298,75,4760,1,4760,True,1698.7386554621849,1488.6310924369748
2310,2298,113,1904,3,1664,False,1710.6680672268908,551.8571428571429
2311,2299,14,1288,1,1288,False,1644.1645962732919,570.5
2311,2299,38,12352,1,12352,False,175.47862694300517,830.7098445595855
2311,2299,75,7772,1,7772,True,1705.1484817292846,1474.8170355120947
2311,2299,113,2192,2,1704,False,1613.8430656934306,554.7262773722628
2312,2300,14,1396,1,1396,False,1644.557306590258,570.1389684813754
2312,2300,38,12260,1,12260,False,176.80995106035888,837.9166394779771
2312,2300,75,13052,1,13052,True,1705.4990806006742,1464.2977321483297
2312,2300,113,1604,1,1604,False,1831.5374064837906,544.6546134663341
2313,2301,14,1408,1,1408,False,1643.3806818181818,569.5909090909091
2313,2301,38,12148,1,12148,False,177.6728679618044,851.9422127099111
2313,2301,75,24256,1,24256,True,1716.990105540897,1445.1405013192611
2313,2301,113,1780,1,1780,False,1830.8820224719102,544.2213483146068
2314,2302,14,1432,1,1432,False,1641.5335195530727,568.6284916201117
2314,2302,38,12488,1,12488,False,181.38020499679692,863.8273542600897
2314,2302,75,35952,1,35952,True,1737.2080551846907,1417.9252336448599
2314,2302,113,1488,1,1488,False,1828.3602150537633,545.8064516129032
2315,2303,14,1448,1,1448,False,1639.135359116022,568.0082872928177
2315,2303,38,12268,1,12268,False,185.21014020215193,875.2427453537659
2315,2303,75,42316,1,42316,True,1750.0250968900652,1398.437045089328
2315,2303,113,1448,1,1448,False,1826.8701657458564,545.8370165745856
2316,2304,14,1460,1,1460,False,1636.7575342465752,567.7054794520548
2316,2304,38,11684,1,11684,False,191.77695994522423,888.9642245806231
2316,2304,75,46248,1,46248,True,1759.477512541083,1383.7305829441273
2316,2304,113,1412,1,1412,False,1826.1940509915014,546.6133144475921
2317,2305,14,1516,1,1516,False,1635.8192612137202,567.6503957783641
2317,2305,38,11736,1,11736,False,197.807430129516,893.8435582822086
2317,2305,75,52176,1,52176,True,1773.4747010119595,1351.7608095676173
2317,2305,113,1572,1,1572,False,1825.1259541984732,546.0776081424937
2318,2306,14,1344,1,1344,False,1629.8333333333333,565.422619047619
2318,2306,38,11944,1,11944,False,211.02310783657066,905.585733422639
2318,2306,75,53612,1,53612,True,1781.2774378870402,1324.3269044243825
2318,2306,113,1516,1,1516,False,1824.6899736147757,546.5369393139841
2319,2307,14,1448,1,1448,False,1628.914364640884,565.2955801104972
2319,2307,38,12076,1,12076,False,227.34067572043722,928.3807552169593
2319,2307,75,52272,1,52272,False,1788.2061524334251,1296.3853688399142
2319,2307,113,1472,1,1472,False,1823.5652173913043,545.9836956521739
2320,2308,14,1496,1,1496,False,1629.6390374331552,565.8422459893048
2320,2308,38,12416,1,12416,False,240.5960051546392,951.4896907216495
2320,2308,75,45632,1,45632,False,1806.1842566619916,1254.8955119214586
2320,2308,113,1456,1,1456,False,1823.010989010989,545.8571428571429
2321,2309,14,1516,2,1512,False,1626.94327176781,565.655672823219
2321,2309,38,13224,1,13224,False,256.5756200846945,975.2810042347247
2321,2309,75,41808,1,41808,False,1826.3890164561806,1209.6879066207425
2321,2309,113,1440,1,1440,False,1822.4,545.1888888888889
2322,2310,14,1528,2,1520,False,1627.5261780104713,566.2748691099476
2322,2310,38,14120,1,14120,False,264.16232294617566,991.0943342776204
2322,2310,75,41140,1,41140,False,1842.621536217793,1177.7385026737968
2322,2310,113,1432,1,1432,False,1822.1033519553073,545.3826815642458
2323,2311,14,1608,1,1608,False,1630.141791044776,567.5547263681592
2323,2311,38,14716,1,14716,False,270.2564555585757,1004.5358793150313
2323,2311,75,35832,1,35832,False,1859.1293815583836,1142.901205626256
2323,2311,113,1396,1,1396,False,1821.6575931232092,545.525787965616
2324,2312,14,1564,1,1564,False,1628.658567774936,567.9475703324808
2324,2312,38,15888,1,15888,False,276.38519637462235,1017.8801611278952
2324,2312,75,30956,1,30956,False,1870.1609381056985,1115.0905155704872
2324,2312,113,1392,1,1392,False,1820.8275862068965,544.8735632183908
2325,2313,14,1464,1,1464,False,1626.0245901639344,567.5765027322404
2325,2313,38,17764,1,17764,False,281.7938527358703,1035.1966899346994
2325,2313,75,28812,1,28812,False,1881.0875329723726,1078.0629598778287
2325,2313,113,1416,1,1416,False,1820.1101694915253,544.5169491525423
2326,2314,14,1304,1,1304,False,1621.5613496932515,567.5858895705521
2326,2314,38,20148,1,20148,False,287.8380980742505,1049.0161802660314
2326,2314,75,27612,1,27612,False,1887.691366072722,1050.1004635665652
2326,2314,113,1412,1,1412,False,1819.2252124645893,543.8087818696883
2327,2315,14,1188,1,1188,False,1619.1531986531986,568.1026936026936
2327,2315,38,22252,1,22252,False,295.35960812511235,1064.8695847564263
2327,2315,75,24460,1,24460,False,1896.4182338511855,1019.2381847914963
2327,2315,113,1372,1,1372,False,1818.9956268221574,543.3396501457726
2328,2316,14,1116,1,1116,False,1615.9767025089607,568.5573476702509
2328,2316,38,24236,1,24236,False,301.0182373328932,1076.6693348737415
2328,2316,75,22260,1,22260,False,1902.2114106019767,998.3454627133873
2328,2316,113,1372,1,1372,False,1818.9897959183672,544.0743440233236
2329,2317,14,1088,2,1064,False,1616.5661764705883,569.2867647058823
2329,2317,38,30648,1,30648,False,295.9907334899504,1090.2974419211694
2329,2317,75,20276,1,20276,False,1909.3514499901362,968.7462024067863
2329,2317,113,1320,1,1320,False,1818.4757575757576,543.8212121212122
2330,2318,14,1112,1,1112,False,1612.8381294964029,569.6438848920864
2330,2318,38,33796,1,33796,False,292.79352586104864,1103.7560066280032
2330,2318,75,20556,1,20556,False,1913.3686514886165,949.59359797626
2330,2318,113,1316,1,1316,False,1818.3784194528876,544.0136778115501
2331,2319,14,1180,1,1180,False,1613.822033898305,570.3915254237288
2331,2319,38,34892,1,34892,False,294.0485498108449,1116.9402155221828
2331,2319,75,19660,1,19660,False,1914.3889114954222,934.0068158697864
2331,2319,113,1308,1,1308,False,1818.237003058104,543.8822629969419
2332,2320,14,1176,1,1176,False,1614.0238095238096,571.2414965986394
2332,2320,38,35752,1,35752,False,293.5490042515104,1130.5044752741105
2332,2320,75,18120,1,18120,False,1912.7551876379691,918.7220750551876
2332,2320,113,1292,1,1292,False,1817.9798761609907,543.8126934984521
2333,2321,14,1180,1,1180,False,1613.8559322033898,571.7677966101695
2333,2321,38,35272,2,35188,False,290.9205035155364,1145.8926060331141
2333,2321,75,17204,1,17204,False,1908.985003487561,902.9780283654964
2333,2321,113,1276,1,1276,False,1817.590909090909,543.9670846394985
2334,2322,14,1192,1,1192,False,1613.0906040268455,571.6879194630873
2334,2322,38,35644,1,35644,False,281.02452025586354,1159.7245539221187
2334,2322,75,17236,1,17236,False,1901.279299141332,884.2586446971455
2334,2322,113,1248,1,1248,False,1817.3333333333333,543.9294871794872
2335,2323,14,1152,1,1152,False,1613.5347222222222,571.9583333333334
2335,2323,38,43796,1,43796,False,243.71545346606996,1174.0194081651293
2335,2323,75,17292,1,17292,False,1893.7912329400879,873.6714087439278
2335,2323,113,1208,1,1208,False,1816.4337748344371,543.3476821192053
2336,2324,14,1108,1,1108,False,1613.7779783393503,572.413357400722
2336,2324,38,43728,1,43728,False,240.83717526527624,1188.0702524698133
2336,2324,75,16496,1,16496,False,1887.168768186227,861.4350145489816
2336,2324,113,1216,1,1216,False,1815.3684210526317,543.0131578947369
2337,2325,14,1140,1,1140,False,1613.0684210526315,572.4298245614035
2337,2325,38,45432,1,45432,False,236.23939073780596,1199.73578094735
2337,2325,75,15592,1,15592,False,1881.4835813237557,850.723191380195
2337,2325,113,1208,1,1208,False,1814.069536423841,542.7847682119206
2338,2326,14,1164,1,1164,False,1613.3453608247423,572.9192439862543
2338,2326,38,45920,1,45920,False,229.20052264808362,1211.5590592334495
2338,2326,75,15068,1,15068,False,1873.1971064507566,842.2170161932572
2338,2326,113,1200,1,1200,False,1812.4666666666667,542.7333333333333
2339,2327,14,1156,1,1156,False,1613.0121107266436,573.0674740484429
2339,2327,38,53008,1,53008,False,204.26290371264716,1216.4637790522186
2339,2327,75,14332,1,14332,False,1863.384733463578,829.4204577169969
2339,2327,113,1120,1,1120,False,1811.7785714285715,542.6928571428572
2340,2328,14,1116,1,1116,False,1613.0448028673836,573.2240143369175
2340,2328,38,54672,1,54672,False,190.50819432250512,1222.8898156277437
2340,2328,75,13876,1,13876,False,1853.680167195157,816.6608532718362
2340,2328,113,1168,1,1168,False,1809.0958904109589,541.1712328767123
2341,2329,14,1144,1,1144,False,1613.1713286713286,573.4580419580419
2341,2329,38,52800,1,52800,False,177.6757575757576,1231.7795454545455
2341,2329,75,13868,1,13868,False,1844.0396596481107,807.1489760599942
2341,2329,113,1216,1,1216,False,1808.4605263157894,541.5131578947369
2342,2330,14,800,1,800,False,1610.54,570.81
2342,2330,38,55820,1,55820,True,156.74650662844857,1228.4148692225008
2342,2330,75,13184,1,13184,False,1836.1177184466019,800.5358009708738
2342,2330,113,1280,1,1280,False,1805.11875,540.6375
2343,2331,14,772,1,772,False,1608.738341968912,570.5932642487047
2343,2331,38,55496,1,55496,True,145.51830762577484,1229.590817356206
2343,2331,75,13004,2,12980,False,1824.7633035988927,794.3406644109505
2343,2331,113,1248,1,1248,False,1803.9423076923076,539.8525641025641
2344,2332,14,744,1,744,False,1608.252688172043,570.5215053763441
2344,2332,38,54856,2,54836,True,140.8109231442322,1232.0996791599825
2344,2332,75,13040,2,12924,False,1807.160736196319,788.0791411042944
2344,2332,113,1184,1,1184,False,1802.9797297297298,539.6756756756756
2345,2333,14,8,1,8,False,847.5,594.5
2345,2333,38,51248,2,51236,True,142.71948173587262,1235.3788635654075
2345,2333,75,13212,2,13204,False,1800.7022403875264,782.0525280048441
2345,2333,113,1204,1,1204,False,1801.0980066445184,539.3504983388705
2346,2334,14,0,0,0,False,,
2346,2334,38,51344,2,51276,True,136.6151449049548,1228.516827672172
2346,2334,75,12892,1,12892,False,1787.7857586099906,774.4609059882098
2346,2334,113,1148,1,1148,False,1798.918118466899,539.273519163763
2347,2335,14,0,0,0,False,,
2347,2335,38,49028,1,49028,True,132.84249816431426,1230.8212857958717
2347,2335,75,12624,1,12624,False,1776.076679340938,765.4670468948035
2347,2335,113,908,1,908,False,1795.839207048458,536.7643171806168
2348,2336,14,0,0,0,False,,
2348,2336,38,46440,1,46440,True,128.07881136950905,1230.5346253229975
2348,2336,75,12360,1,12360,False,1766.2967637540453,758.25857605178
2348,2336,113,1148,1,1148,False,1795.635888501742,540.1933797909408
2349,2337,14,0,0,0,False,,
2349,2337,38,46776,1,46776,True,121.55797845048743,1227.0430135112024
2349,2337,75,12068,1,12068,False,1759.4207822340072,756.3110705999337
2349,2337,113,1080,1,1080,False,1793.5,539.7962962962963
2350,2338,14,0,0,0,False,,
2350,2338,38,46988,1,46988,True,113.17881161147527,1220.4490933855452
2350,2338,75,11992,2,11968,False,1749.0763842561707,752.4559706470981
2350,2338,113,1108,2,1100,False,1792.0306859205775,539.1570397111914
2351,2339,14,0,0,0,False,,
2351,2339,38,47244,2,47224,True,114.85712471424942,1223.4592752518838
2351,2339,75,11868,1,11868,False,1738.4743849005729,747.5401078530502
2351,2339,113,1044,1,1044,False,1790.0555555555557,537.3735632183908
2352,2340,14,0,0,0,False,,
2352,2340,38,48164,2,48156,True,116.15982891786396,1226.2697865625778
2352,2340,75,11364,1,11364,False,1726.2367124252023,744.1290038718761
2352,2340,113,1148,1,1148,False,1787.3989547038327,536.7996515679442
2353,2341,14,0,0,0,False,,
2353,2341,38,46852,2,46840,True,118.6019380175873,1233.4280286860755
2353,2341,75,11300,1,11300,False,1715.3007079646018,738.5608849557522
2353,2341,113,1168,1,1168,False,1786.5616438356165,536.6712328767123
2354,2342,14,0,0,0,False,,
2354,2342,38,47684,2,47668,True,117.95289824679138,1231.9067611777537
2354,2342,75,10992,1,10992,False,1707.145560407569,736.4512372634643
2354,2342,113,1180,1,1180,False,1785.9779661016948,537.5169491525423
2355,2343,14,0,0,0,False,,
2355,2343,38,49260,2,49252,True,121.42862362971985,1233.9626065773448
2355,2343,75,11192,1,11192,False,1699.090421729807,734.6401000714797
2355,2343,113,1160,1,1160,False,1785.1,537.2310344827587
2356,2344,14,0,0,0,False,,
2356,2344,38,51716,2,51712,True,126.90946708948874,1235.4265991182613
2356,2344,75,11300,1,11300,False,1691.9761061946904,735.2072566371681
2356,2344,113,1176,1,1176,False,1784.1938775510205,537.5748299319728
2357,2345,14,0,0,0,False,,
2357,2345,38,50296,1,50296,True,126.67448703674249,1234.268570065214
2357,2345,75,10952,1,10952,False,1682.8067932797662,735.418918918919
2357,2345,113,1164,1,1164,False,1782.884879725086,537.9020618556701
2358,2346,14,0,0,0,False,,
2358,2346,38,49736,2,49732,True,133.82009007559915,1241.2284864082353
2358,2346,75,11152,1,11152,False,1672.6800573888092,735.1872309899569
2358,2346,113,1172,1,1172,False,1781.6399317406144,538.6433447098976
2359,2347,14,0,0,0,False,,
2359,2347,38,51560,2,51552,True,135.30031031807601,1239.900465477114
2359,2347,75,10836,1,10836,False,1660.7111480251015,737.8362864525656
2359,2347,113,1160,1,1160,False,1779.4103448275862,540.3689655172413
2360,2348,14,0,0,0,False,,
2360,2348,38,52900,1,52900,True,142.79852551984877,1244.734706994329
2360,2348,75,10744,1,10744,False,1648.5424422933731,740.1716306775875
2360,2348,113,1200,1,1200,False,1777.2466666666667,540.0333333333333
2361,2349,14,0,0,0,False,,
2361,2349,38,51900,2,51896,True,144.91479768786127,1242.240732177264
2361,2349,75,11256,1,11256,False,1635.506396588486,739.9427860696518
2361,2349,113,1232,1,1232,False,1775.3181818181818,539.3961038961039
2362,2350,14,0,0,0,False,,
2362,2350,38,46536,1,46536,False,150.41490458999485,1235.5512291559223
2362,2350,75,11520,1,11520,False,1624.5944444444444,739.4493055555556
2362,2350,113,1092,1,1092,False,1773.401098901099,540.419413919414
2363,2351,14,0,0,0,False,,
2363,2351,38,46632,1,46632,False,149.86627208783668,1217.7084405558414
2363,2351,75,11064,1,11064,False,1615.0509761388287,740.2512653651482
2363,2351,113,1044,1,1044,False,1772.9061302681991,541.8180076628353
2364,2352,14,0,0,0,False,,
2364,2352,38,46092,1,46092,False,151.96350776707456,1203.4435042957564
2364,2352,75,11452,1,11452,False,1605.9013272790778,740.6103737338456
2364,2352,113,1340,1,1340,False,1771.0074626865671,537.4970149253732
2365,2353,14,0,0,0,False,,
2365,2353,38,38584,1,38584,False,161.83671988388969,1190.8564171677378
2365,2353,75,11184,1,11184,False,1597.134477825465,743.1101573676681
2365,2353,113,1276,1,1276,False,1771.6598746081504,539.6034482758621
2366,2354,14,0,0,0,False,,
2366,2354,38,38844,1,38844,False,171.28097003398207,1177.143188137164
2366,2354,75,11320,1,11320,False,1584.2780918727915,747.8363957597173
2366,2354,113,1484,1,1484,False,1772.1064690026953,539.5350404312668
2367,2355,14,0,0,0,False,,
2367,2355,38,39868,1,39868,False,181.54284137654258,1161.020718370623
2367,2355,75,11032,1,11032,False,1572.354242204496,751.5957215373459
2367,2355,113,1380,1,1380,False,1772.9115942028986,541.0739130434782
2368,2356,14,0,0,0,False,,
2368,2356,38,48204,1,48204,False,202.02352501867065,1163.205501618123
2368,2356,75,11228,1,11228,False,1561.9285714285713,755.4925187032419
2368,2356,113,1352,1,1352,False,1773.0502958579882,543.008875739645
2369,2357,14,0,0,0,False,,
2369,2357,38,35592,1,35592,False,225.7443245673185,1128.7378062485952
2369,2357,75,11196,1,11196,False,1552.6021793497678,757.8126116470168
2369,2357,113,1436,1,1436,False,1775.0626740947075,542.9735376044569
2370,2358,14,0,0,0,False,,
2370,2358,38,29308,1,29308,False,242.2237614303262,1100.9937900914426
2370,2358,75,11400,2,11388,False,1544.6284210526317,762.0691228070175
2370,2358,113,1504,2,1284,False,1639.8829787234042,550.7765957446809
2371,2359,14,0,0,0,False,,
2371,2359,38,29588,1,29588,False,261.12214411247805,1092.8861024739758
2371,2359,75,12008,2,11980,False,1530.0136575616257,767.9250499666889
2371,2359,113,1584,2,1344,False,1636.2525252525252,549.6969696969697
2372,2360,14,0,0,0,False,,
2372,2360,38,25900,1,25900,False,267.9081853281853,1048.5355212355212
2372,2360,75,11756,4,11648,False,1515.311840762164,777.5602245661789
2372,2360,113,1448,2,1212,False,1625.7375690607735,551.4944751381215
2373,2361,14,0,0,0,False,,
2373,2361,38,28996,1,28996,False,275.7131328459098,1026.3173541178094
2373,2361,75,12324,1,12324,False,1513.0309964297305,788.6934436871146
2373,2361,113,1312,1,1312,False,1778.4939024390244,545.5182926829268
2374,2362,14,0,0,0,False,,
2374,2362,38,25628,1,25628,False,281.7061807398158,1014.9944591852661
2374,2362,75,12108,1,12108,False,1497.6489924017178,797.5148662041626
2374,2362,113,1332,1,1332,False,1778.6921921921921,545.8993993993994
2375,2363,14,0,0,0,False,,
2375,2363,38,24364,1,24364,False,284.96429157773764,1009.1547364964702
2375,2363,75,11224,1,11224,False,1483.3724162508909,806.6339985744833
2375,2363,113,1292,1,1292,False,1779.2863777089783,546.7662538699691
2376,2364,14,0,0,0,False,,
2376,2364,38,22004,1,22004,False,278.6523359389202,986.8661152517724
2376,2364,75,11400,1,11400,False,1467.161754385965,810.0971929824561
2376,2364,113,1360,1,1360,False,1778.8411764705882,548.9941176470588
2377,2365,14,0,0,0,False,,
2377,2365,38,20500,1,20500,False,271.29531707317074,961.1837073170732
2377,2365,75,11584,1,11584,False,1451.5725138121547,811.7244475138122
2377,2365,113,1388,1,1388,False,1779.0475504322767,548.2291066282421
2378,2366,14,0,0,0,False,,
2378,2366,38,21636,1,21636,False,267.1932889628397,945.9313181734146
2378,2366,75,11744,1,11744,False,1439.8024523160764,818.4202997275204
2378,2366,113,1340,1,1340,False,1779.4074626865672,549.1388059701493
2379,2367,14,0,0,0,False,,
2379,2367,38,20312,1,20312,False,268.71150059078377,940.8686490744387
2379,2367,75,12528,2,12420,False,1420.20625798212,825.1155810983397
2379,2367,113,1336,2,1244,False,1715.4880239520958,553.2185628742515
2380,2368,14,0,0,0,False,,
2380,2368,38,19372,1,19372,False,268.4504439397068,937.0748502994012
2380,2368,75,13192,2,13112,False,1407.4417828987264,831.2695573074591
2380,2368,113,1280,2,1176,False,1704.9,552.11875
2381,2369,14,0,0,0,False,,
2381,2369,38,18684,1,18684,False,262.0328623421109,916.9294583600941
2381,2369,75,13464,2,13424,False,1396.5463458110517,836.4322638146167
2381,2369,113,1412,3,1296,False,1716.941926345609,550.143059490085
2382,2370,14,0,0,0,False,,
2382,2370,38,18900,1,18900,False,256.5008465608466,900.6451851851851
2382,2370,75,13304,2,13160,False,1370.3514732411304,831.2269993986771
2382,2370,113,1580,2,1444,False,1702.6012658227849,552.2620253164557
2383,2371,14,0,0,0,False,,
2383,2371,38,17564,1,17564,False,250.5564791619221,891.9411295832384
2383,2371,75,26656,1,26656,False,1384.9984993997598,770.608943577431
2383,2371,113,1240,2,1228,False,1773.7387096774194,551.8677419354839
2384,2372,14,0,0,0,False,,
2384,2372,38,17804,1,17804,False,248.56560323522802,889.1340148281286
2384,2372,75,19940,1,19940,False,1342.435406218656,736.9156469408225
2384,2372,113,1224,2,1208,False,1771.6699346405228,553.0228758169935
2385,2373,14,0,0,0,False,,
2385,2373,38,17516,1,17516,False,246.77083809088833,890.3912993834209
2385,2373,75,23048,1,23048,False,1314.448281846581,620.5774036792781
2385,2373,113,1180,1,1180,False,1785.7271186440678,554.9542372881356
2386,2374,14,0,0,0,False,,
2386,2374,38,16308,2,16252,False,239.62680892813344,882.1664213882757
2386,2374,75,40956,1,40956,False,1351.040482468991,497.8239574177166
2386,2374,113,1276,4,1160,False,1702.462382445141,560.2742946708464
2387,2375,14,0,0,0,False,,
2387,2375,38,17036,1,17036,False,223.68149800422634,866.6934726461611
2387,2375,75,21940,1,21940,False,1251.9734731084777,438.1415679124886
2387,2375,113,1216,1,1216,False,1789.3815789473683,559.1644736842105
2388,2376,14,0,0,0,False,,
2388,2376,38,15248,1,15248,False,213.04249737670514,854.49685204617
2388,2376,75,26176,1,26176,False,1213.5846577017114,301.9795232273839
2388,2376,113,1144,1,1144,False,1790.0664335664335,558.8286713286714
2389,2377,14,0,0,0,False,,
2389,2377,38,14428,1,14428,False,208.6391738286665,849.6699473246465
2389,2377,75,25484,1,25484,False,1191.2417987757024,160.4908962486266
2389,2377,113,1192,1,1192,False,1790.748322147651,559.3993288590603
2390,2378,14,0,0,0,False,,
2390,2378,38,14468,1,14468,False,202.94069670998064,840.4894940558473
2390,2378,75,14516,2,14504,False,1216.1566547258199,86.42725268669055
2390,2378,113,1172,1,1172,False,1790.6501706484642,560.3430034129693
2391,2379,14,0,0,0,False,,
2391,2379,38,16300,2,16052,False,192.69680981595093,823.3441717791411
2391,2379,75,0,0,0,False,,
2391,2379,113,1364,1,1364,False,1791.0865102639295,560.9046920821114
2392,2380,14,0,0,0,False,,
2392,2380,38,16400,1,16400,False,191.32634146341462,820.2243902439025
2392,2380,75,0,0,0,False,,
2392,2380,113,1244,1,1244,False,1790.2556270096463,560.5064308681672
2393,2381,14,0,0,0,False,,
2393,2381,38,15556,1,15556,False,188.35137567498072,815.4910002571355
2393,2381,75,0,0,0,False,,
2393,2381,113,1264,1,1264,False,1790.386075949367,560.5569620253165
2394,2382,14,0,0,0,False,,
2394,2382,38,17448,1,17448,False,177.6031636863824,789.3413571756075
2394,2382,75,0,0,0,False,,
2394,2382,113,1284,1,1284,False,1791.5031152647975,559.4470404984423
2395,2383,14,0,0,0,False,,
2395,2383,38,16840,1,16840,False,169.4809976247031,779.2491686460808
2395,2383,75,0,0,0,False,,
2395,2383,113,1204,1,1204,False,1790.5996677740864,559.3704318936877
2396,2384,14,732,1,732,False,1601.0901639344263,560.1830601092896
2396,2384,38,15740,1,15740,False,163.49567979669632,768.7617534942821
2396,2384,75,0,0,0,False,,
2396,2384,113,1432,1,1432,False,1791.7234636871508,556.1536312849162
2397,2385,14,1024,1,1024,False,1603.4453125,558.9296875
2397,2385,38,15820,2,15804,False,161.93868520859672,767.4249051833123
2397,2385,75,0,0,0,False,,
2397,2385,113,1164,1,1164,False,1790.4725085910652,558.2388316151203
2398,2386,14,1380,1,1380,False,1607.4971014492753,560.331884057971
2398,2386,38,14400,1,14400,False,160.64888888888888,767.2277777777778
2398,2386,75,0,0,0,False,,
2398,2386,113,1236,1,1236,False,1790.4611650485438,558.0145631067961
2399,2387,14,1712,1,1712,False,1610.4579439252336,561.2149532710281
2399,2387,38,15188,1,15188,False,165.4676060047406,772.9224387674479
2399,2387,75,0,0,0,False,,
2399,2387,113,1244,1,1244,False,1790.6350482315113,558.2427652733119
2400,2388,14,1720,1,1720,False,1613.4023255813954,560.4860465116279
2400,2388,38,15728,1,15728,False,166.36012207527975,775.0513733468972
2400,2388,75,0,0,0,False,,
2400,2388,113,1216,1,1216,False,1791.1513157894738,558.9078947368421
2401,2389,14,1720,1,1720,False,1612.2441860465117,559.7186046511628
2401,2389,38,14764,1,14764,False,167.77282579246815,782.0740991601192
2401,2389,75,0,0,0,False,,
2401,2389,113,1196,1,1196,False,1793.309364548495,558.2391304347826
2402,2390,14,1800,1,1800,False,1612.3133333333333,560.38
2402,2390,38,13356,1,13356,False,176.56109613656784,794.8402216232405
2402,2390,75,0,0,0,False,,
2402,2390,113,1296,1,1296,False,1796.1851851851852,557.283950617284
2403,2391,14,1856,1,1856,False,1612.1336206896551,560.1336206896551
2403,2391,38,14268,1,14268,False,178.91267171292404,787.9914493972526
2403,2391,75,0,0,0,False,,
2403,2391,113,1252,1,1252,False,1796.531948881789,558.1357827476038
2404,2392,14,1540,1,1540,False,1609.7935064935066,558.151948051948
2404,2392,38,15324,1,15324,False,181.60832680762203,785.121247716001
2404,2392,75,0,0,0,False,,
2404,2392,113,1208,1,1208,False,1796.3476821192053,558.115894039735
2405,2393,14,1872,1,1872,False,1612.6068376068376,560.2264957264957
2405,2393,38,15072,1,15072,False,182.79511677282377,784.203821656051
2405,2393,75,0,0,0,False,,
2405,2393,113,1140,1,1140,False,1795.8684210526317,558.9280701754386
2406,2394,14,1796,1,1796,False,1611.8452115812918,561.5913140311804
2406,2394,38,15504,1,15504,False,184.33230134158927,786.1042311661507
2406,2394,75,0,0,0,False,,
2406,2394,113,1228,1,1228,False,1797.9527687296418,558.7214983713355
2407,2395,14,1884,1,1884,False,1611.4214437367305,561.6337579617834
2407,2395,38,15264,1,15264,False,185.42295597484278,787.7185534591194
2407,2395,75,0,0,0,False,,
2407,2395,113,1192,1,1192,False,1797.6812080536913,558.989932885906
2408,2396,14,1616,1,1616,False,1609.3663366336634,562.7574257425742
2408,2396,38,14948,1,14948,False,182.95972705378645,784.8478726251003
2408,2396,75,0,0,0,False,,
2408,2396,113,1156,1,1156,False,1798.1124567474048,559.6557093425605
2409,2397,14,1660,1,1660,False,1608.7939759036144,562.1481927710844
2409,2397,38,14284,1,14284,False,178.37734528143378,781.0483057966956
2409,2397,75,0,0,0,False,,
2409,2397,113,1212,1,1212,False,1798.8366336633662,559.6551155115511
2410,2398,14,1564,1,1564,False,1607.0012787723786,562.96547314578
2410,2398,38,14232,1,14232,False,178.00421585160203,781.0784148397977
2410,2398,75,0,0,0,False,,
2410,2398,113,1232,1,1232,False,1799.012987012987,559.7987012987013
2411,2399,14,1828,1,1828,False,1606.1542669584246,563.5153172866521
2411,2399,38,14532,1,14532,False,175.46559317368565,777.3213597577759
2411,2399,75,0,0,0,False,,
2411,2399,113,1288,1,1288,False,1800.4689440993789,559.5248447204968
2412,2400,14,1552,1,1552,False,1607.7628865979382,566.1030927835052
2412,2400,38,13976,1,13976,False,173.27218088151116,776.4313108185461
2412,2400,75,0,0,0,False,,
2412,2400,113,1620,1,1620,False,1806.90987654321,552.3024691358024
2413,2401,14,1188,1,1188,False,1599.0656565656566,560.9040404040404
2413,2401,38,13648,1,13648,False,171.56740914419694,774.1436107854631
2413,2401,75,0,0,0,False,,
2413,2401,113,1260,1,1260,False,1801.6555555555556,559.084126984127
2414,2402,14,0,0,0,False,,
2414,2402,38,13616,1,13616,False,171.8237367802585,774.2173913043479
2414,2402,75,0,0,0,False,,
2414,2402,113,1200,1,1200,False,1803.06,558.8466666666667
2415,2403,14,0,0,0,False,,
2415,2403,38,13132,1,13132,False,173.01294547669815,780.5657934815717
2415,2403,75,0,0,0,False,,
2415,2403,113,1208,1,1208,False,1804.0629139072848,557.7450331125827
2416,2404,14,0,0,0,False,,
2416,2404,38,13504,1,13504,False,174.2292654028436,781.446682464455
2416,2404,75,0,0,0,False,,
2416,2404,113,1216,1,1216,False,1803.6447368421052,558.7894736842105
2417,2405,14,0,0,0,False,,
2417,2405,38,12908,1,12908,False,174.30663154632785,777.7568949488689
2417,2405,75,0,0,0,False,,
2417,2405,113,1232,1,1232,False,1803.4545454545455,559.3506493506494
2418,2406,14,0,0,0,False,,
2418,2406,38,12636,1,12636,False,175.0843621399177,773.6858182969294
2418,2406,75,0,0,0,False,,
2418,2406,113,1220,1,1220,False,1803.3,559.5295081967213
2419,2407,14,0,0,0,False,,
2419,2407,38,11960,1,11960,False,177.03979933110367,774.671906354515
2419,2407,75,0,0,0,False,,
2419,2407,113,1228,1,1228,False,1803.542345276873,559.4381107491856
2420,2408,14,0,0,0,False,,
2420,2408,38,12268,1,12268,False,177.77746984023474,767.9052820345614
2420,2408,75,0,0,0,False,,
2420,2408,113,1208,1,1208,False,1803.6059602649007,559.6258278145696
2421,2409,14,0,0,0,False,,
2421,2409,38,11752,1,11752,False,178.75323349217155,764.4380530973451
2421,2409,75,0,0,0,False,,
2421,2409,113,1220,1,1220,False,1803.660655737705,559.6737704918032
2422,2410,14,0,0,0,False,,
2422,2410,38,11628,1,11628,False,179.99638802889578,762.1119711042312
2422,2410,75,0,0,0,False,,
2422,2410,113,1232,1,1232,False,1803.9285714285713,559.5714285714286
2423,2411,14,0,0,0,False,,
2423,2411,38,11400,1,11400,False,181.50912280701755,760.1168421052631
2423,2411,75,0,0,0,False,,
2423,2411,113,1192,1,1192,False,1804.1107382550335,559.5402684563759
2424,2412,14,0,0,0,False,,
2424,2412,38,12580,1,12580,False,183.29173290937996,752.362639109698
2424,2412,75,0,0,0,False,,
2424,2412,113,1244,1,1244,False,1804.3520900321544,559.6382636655949
2425,2413,14,0,0,0,False,,
2425,2413,38,12540,1,12540,False,181.42185007974481,744.0904306220095
2425,2413,75,0,0,0,False,,
2425,2413,113,1288,1,1288,False,1804.22049689441,560.0093167701864
2426,2414,14,0,0,0,False,,
2426,2414,38,12296,1,12296,False,183.05823031880286,738.0783994795055
2426,2414,75,0,0,0,False,,
2426,2414,113,1332,1,1332,False,1804.6501501501502,560.3138138138138
2427,2415,14,0,0,0,False,,
2427,2415,38,12004,1,12004,False,183.49166944351882,736.8612129290236
2427,2415,75,0,0,0,False,,
2427,2415,113,1380,1,1380,False,1804.4942028985506,559.5434782608696
2428,2416,14,0,0,0,False,,
2428,2416,38,11712,1,11712,False,182.56079234972677,733.9091530054645
2428,2416,75,0,0,0,False,,
2428,2416,113,1368,1,1368,False,1804.482456140351,559.733918128655
2429,2417,14,0,0,0,False,,
2429,2417,38,11156,1,11156,False,181.68823951237002,727.2816421656507
2429,2417,75,0,0,0,False,,
2429,2417,113,1376,1,1376,False,1804.3197674418604,559.7906976744187
2430,2418,14,0,0,0,False,,
2430,2418,38,11044,1,11044,False,181.87631293009778,725.6488591090184
2430,2418,75,0,0,0,False,,
2430,2418,113,1372,1,1372,False,1804.5116618075801,559.7419825072886
2431,2419,14,0,0,0,False,,
2431,2419,38,10648,1,10648,False,184.05897821187077,729.0041322314049
2431,2419,75,7236,3,5728,True,623.6896075179658,140.29878385848534
2431,2419,113,1228,1,1228,False,1804.5586319218241,559.7377850162867
2432,2420,14,0,0,0,False,,
2432,2420,38,11608,2,11600,False,182.6550654720882,725.3097863542384
2432,2420,75,16496,1,16496,False,613.6125121241513,88.60766246362755
2432,2420,113,1232,1,1232,False,1804.2467532467533,559.9350649350649
2433,2421,14,0,0,0,False,,
2433,2421,38,11160,1,11160,False,178.00824372759857,719.7329749103943
2433,2421,75,16172,1,16172,False,606.039450902795,102.01867425179323
2433,2421,113,1232,1,1232,False,1804.1818181818182,559.974025974026
2434,2422,14,0,0,0,False,,
2434,2422,38,10796,1,10796,False,175.04983327158206,715.5092626898852
2434,2422,75,16220,2,16160,False,597.9574599260172,172.47139334155364
2434,2422,113,1204,1,1204,False,1804.1478405315615,559.968438538206
2435,2423,14,0,0,0,False,,
2435,2423,38,10864,1,10864,False,175.4020618556701,710.7547864506628
2435,2423,75,14876,1,14876,False,685.3814197364883,259.9283409518688
2435,2423,113,1168,1,1168,False,1804.2671232876712,559.8082191780821
2436,2424,14,0,0,0,False,,
2436,2424,38,11508,1,11508,False,178.33594021550226,713.5941953423705
2436,2424,75,17352,2,17348,False,649.7337482710926,278.32249884739514
2436,2424,113,1200,1,1200,False,1804.6733333333334,559.8066666666666
2437,2425,14,0,0,0,False,,
2437,2425,38,11240,1,11240,False,180.29217081850533,715.1633451957296
2437,2425,75,8856,1,8856,False,706.2082204155375,373.1720867208672
2437,2425,113,1220,1,1220,False,1804.795081967213,559.844262295082
2438,2426,14,0,0,0,False,,
2438,2426,38,11352,1,11352,False,180.62191684284707,716.5274841437632
2438,2426,75,15124,2,15096,False,778.1667548267654,407.63197566781275
2438,2426,113,1364,1,1364,False,1804.658357771261,560.3181818181819
2439,2427,14,0,0,0,False,,
2439,2427,38,11036,1,11036,False,181.59025009061253,720.5384197172889
2439,2427,75,20684,2,20540,False,731.8034229356024,455.5036743376523
2439,2427,113,1248,1,1248,False,1804.7564102564102,560.2628205128206
2440,2428,14,0,0,0,False,,
2440,2428,38,11360,1,11360,False,180.63661971830984,718.8049295774648
2440,2428,75,14600,2,14424,False,783.4939726027397,519.7898630136987
2440,2428,113,1244,1,1244,False,1804.7636655948554,560.2041800643087
2441,2429,14,0,0,0,False,,
2441,2429,38,11368,1,11368,False,181.0594651653765,719.1460239268121
2441,2429,75,8692,1,8692,False,826.2625402669121,564.0444086516337
2441,2429,113,1244,1,1244,False,1804.757234726688,560.3135048231511
2442,2430,14,0,0,0,False,,
2442,2430,38,11016,1,11016,False,180.04829339143063,718.6016702977487
2442,2430,75,12604,1,12604,False,812.1153602031101,591.2356394795303
2442,2430,113,1252,1,1252,False,1804.7428115015975,560.4297124600639
2443,2431,14,0,0,0,False,,
2443,2431,38,10932,1,10932,False,178.22484449323088,716.4216977680205
2443,2431,75,11028,1,11028,False,832.2482771128037,579.7136380123322
2443,2431,113,1408,1,1408,False,1804.7727272727273,560.6875
2444,2432,14,0,0,0,False,,
2444,2432,38,10404,1,10404,False,176.48539023452517,721.0067281814687
2444,2432,75,12380,1,12380,False,849.975928917609,572.9924071082391
2444,2432,113,1416,1,1416,False,1804.997175141243,560.3022598870057
2445,2433,14,0,0,0,False,,
2445,2433,38,10968,1,10968,False,174.19146608315097,717.1630196936543
2445,2433,75,10416,1,10416,False,875.0714285714286,575.8694316436251
2445,2433,113,1432,1,1432,False,1804.7849162011173,560.4553072625698
2446,2434,14,0,0,0,False,,
2446,2434,38,11492,1,11492,False,173.73633832231118,717.0875391576749
2446,2434,75,10632,2,10584,False,897.1440933032355,580.5218209179834
2446,2434,113,1276,1,1276,False,1805.0830721003135,559.6159874608151
2447,2435,14,0,0,0,False,,
2447,2435,38,11300,1,11300,False,173.49752212389382,716.669203539823
2447,2435,75,6156,1,6156,False,927.8463287849253,589.3057179987004
2447,2435,113,1424,1,1424,False,1804.6348314606741,560.5
2448,2436,14,0,0,0,False,,
2448,2436,38,11240,1,11240,False,173.19039145907473,716.2665480427046
2448,2436,75,6132,1,6132,False,941.3545335942596,589.4497716894978
2448,2436,113,1432,1,1432,False,1804.6340782122904,560.6229050279329
2449,2437,14,0,0,0,False,,
2449,2437,38,11432,1,11432,False,175.39853044086775,718.6413575927222
2449,2437,75,6128,1,6128,False,965.3746736292428,585.3733681462141
2449,2437,113,1288,1,1288,False,1804.9534161490683,559.6863354037267
2450,2438,14,0,0,0,False,,
2450,2438,38,10576,1,10576,False,179.13313161875945,721.5574886535552
2450,2438,75,5488,1,5488,False,981.6865889212828,578.6486880466472
2450,2438,113,1276,1,1276,False,1804.7633228840125,559.6912225705329
2451,2439,14,0,0,0,False,,
2451,2439,38,10844,2,10840,False,180.87108078199924,719.8478421246772
2451,2439,75,5472,1,5472,False,993.4459064327485,577.1549707602339
2451,2439,113,1276,1,1276,False,1804.7006269592478,559.641065830721
2452,2440,14,0,0,0,False,,
2452,2440,38,11076,1,11076,False,181.8232213795594,717.8643914770676
2452,2440,75,6000,1,6000,False,1003.484,577.5186666666667
2452,2440,113,1288,1,1288,False,1804.7857142857142,559.6552795031056
2453,2441,14,0,0,0,False,,
2453,2441,38,10784,1,10784,False,182.69510385756678,715.463649851632
2453,2441,75,5752,1,5752,False,1006.7990264255911,581.3247566063977
2453,2441,113,1292,1,1292,False,1804.6609907120744,559.874613003096
2454,2442,14,0,0,0,False,,
2454,2442,38,9936,2,9932,False,184.09983896940417,718.8703703703703
2454,2442,75,5940,1,5940,False,1015.3390572390572,582.7626262626262
2454,2442,113,1300,1,1300,False,1804.7092307692308,559.8415384615384
2455,2443,14,0,0,0,False,,
2455,2443,38,9876,2,9868,False,184.16545159983798,722.6579586877278
2455,2443,75,5696,1,5696,False,1024.1657303370787,581.4143258426966
2455,2443,113,1300,1,1300,False,1804.7092307692308,559.8415384615384
2456,2444,14,0,0,0,False,,
2456,2444,38,10128,1,10128,False,183.05371248025276,717.109794628752
2456,2444,75,5572,2,5568,False,1030.4971284996411,579.7333094041637
2456,2444,113,1300,1,1300,False,1804.6661538461537,559.8784615384616
2457,2445,14,0,0,0,False,,
2457,2445,38,10076,1,10076,False,182.88348551012305,716.2999206034141
2457,2445,75,5636,1,5636,False,1034.5198722498226,579.443931866572
2457,2445,113,1292,1,1292,False,1804.6052631578948,559.8808049535604
2458,2446,14,0,0,0,False,,
2458,2446,38,9840,1,9840,False,181.39430894308944,716.7772357723577
2458,2446,75,5844,1,5844,False,1035.0571526351814,582.8490759753594
2458,2446,113,1296,1,1296,False,1804.530864197531,560.0617283950618
2459,2447,14,0,0,0,False,,
2459,2447,38,9588,1,9588,False,182.01022110972048,715.5513141426784
2459,2447,75,5604,1,5604,False,1044.5985010706638,577.3950749464668
2459,2447,113,1308,1,1308,False,1804.5366972477063,559.8700305810397
2460,2448,14,0,0,0,False,,
2460,2448,38,10108,1,10108,False,182.35437277404037,708.7089434111595
2460,2448,75,5556,1,5556,False,1047.1234701223902,578.9247660187185
2460,2448,113,1336,1,1336,False,1804.4700598802394,559.6616766467066
2461,2449,14,0,0,0,False,,
2461,2449,38,10872,1,10872,False,183.26894775570273,702.2093451066961
2461,2449,75,5760,1,5760,False,1049.2388888888888,579.4263888888889
2461,2449,113,1316,1,1316,False,1804.548632218845,559.7644376899696
2462,2450,14,0,0,0,False,,
2462,2450,38,10616,1,10616,False,183.06292388847024,700.7260738507913
2462,2450,75,5716,1,5716,False,1053.9681595521345,578.4790062981106
2462,2450,113,1316,1,1316,False,1804.548632218845,559.7644376899696
2463,2451,14,0,0,0,False,,
2463,2451,38,10572,1,10572,False,185.23931138857358,702.3630344305714
2463,2451,75,5684,1,5684,False,1056.6013370865587,578.4394792399719
2463,2451,113,1276,1,1276,False,1804.1614420062697,560.1238244514107
2464,2452,14,0,0,0,False,,
2464,2452,38,9320,1,9320,False,187.7961373390558,713.9952789699571
2464,2452,75,5528,1,5528,False,1058.2930535455862,579.143994211288
2464,2452,113,1260,1,1260,False,1804.0682539682539,560.2206349206349
2465,2453,14,0,0,0,False,,
2465,2453,38,9224,1,9224,False,189.72896790980053,719.5242844752819
2465,2453,75,5452,1,5452,False,1061.5785033015406,577.9996331621423
2465,2453,113,1300,1,1300,False,1804.4507692307693,560.0753846153846
2466,2454,14,0,0,0,False,,
2466,2454,38,9284,1,9284,False,189.0127100387764,718.3380008616975
2466,2454,75,5584,1,5584,False,1064.111747851003,578.4957020057307
2466,2454,113,1300,1,1300,False,1804.5307692307692,560.0569230769231
2467,2455,14,0,0,0,False,,
2467,2455,38,9340,1,9340,False,189.00107066381156,718.0820128479658
2467,2455,75,5464,1,5464,False,1066.4209370424596,577.716691068814
2467,2455,113,1300,1,1300,False,1804.5307692307692,560.0569230769231
2468,2456,14,0,0,0,False,,
2468,2456,38,9284,1,9284,False,188.930848772081,716.414691943128
2468,2456,75,5356,1,5356,False,1068.934652725915,579.2289021657954
2468,2456,113,1388,1,1388,False,1804.2579250720462,560.8342939481269
2469,2457,14,0,0,0,False,,
2469,2457,38,9816,1,9816,False,188.0810920945395,709.9930725346373
2469,2457,75,5396,1,5396,False,1070.6186063750927,579.8847294292068
2469,2457,113,1392,1,1392,False,1804.3103448275863,560.7816091954023
2470,2458,14,0,0,0,False,,
2470,2458,38,10228,1,10228,False,186.0893625342198,701.7921392256551
2470,2458,75,5340,1,5340,False,1072.2198501872658,580.2647940074907
2470,2458,113,1380,1,1380,False,1803.9840579710144,560.9115942028985
2471,2459,14,0,0,0,False,,
2471,2459,38,10048,1,10048,False,185.69904458598725,699.171178343949
2471,2459,75,5292,1,5292,False,1073.4191232048374,580.2324263038548
2471,2459,113,1380,1,1380,False,1803.9840579710144,560.9115942028985
2472,2460,14,0,0,0,False,,
2472,2460,38,10140,1,10140,False,186.80374753451676,697.1122287968442
2472,2460,75,5252,1,5252,False,1074.3248286367098,580.3583396801218
2472,2460,113,1384,1,1384,False,1803.9971098265896,560.835260115607
2473,2461,14,0,0,0,False,,
2473,2461,38,10452,1,10452,False,188.3691159586682,696.2765021048604
2473,2461,75,5332,1,5332,False,1074.3649662415603,581.6462865716429
2473,2461,113,1404,1,1404,False,1803.8276353276353,561.1381766381767
2474,2462,14,0,0,0,False,,
2474,2462,38,9756,1,9756,False,182.50820008200083,687.2847478474785
2474,2462,75,5396,1,5396,False,1074.8854707190512,582.15752409192
2474,2462,113,1404,1,1404,False,1803.8276353276353,561.1381766381767
2475,2463,14,0,0,0,False,,
2475,2463,38,9656,1,9656,False,179.6946975973488,686.2241093620547
2475,2463,75,5444,1,5444,False,1075.1127847171197,582.8850110213078
2475,2463,113,1404,1,1404,False,1803.8276353276353,561.1381766381767
2476,2464,14,0,0,0,False,,
2476,2464,38,9616,1,9616,False,179.00665557404326,684.8044925124792
2476,2464,75,5364,1,5364,False,1075.5887397464578,583.7572706935123
2476,2464,113,1400,1,1400,False,1803.8485714285714,561.0828571428572
2477,2465,14,0,0,0,False,,
2477,2465,38,8616,1,8616,False,180.92711234911792,693.2604456824513
2477,2465,75,5284,1,5284,False,1075.5234670704012,585.3554125662376
2477,2465,113,1404,1,1404,False,1803.8276353276353,561.1381766381767
2478,2466,14,0,0,0,False,,
2478,2466,38,8840,1,8840,False,180.62126696832578,696.8095022624434
2478,2466,75,5620,1,5620,False,1076.850177935943,584.6423487544484
2478,2466,113,1244,1,1244,False,1803.6575562700964,560.2877813504823
2479,2467,14,0,0,0,False,,
2479,2467,38,9684,1,9684,False,186.54708798017347,705.9035522511359
2479,2467,75,5612,1,5612,False,1077.2598004276551,585.228439059159
2479,2467,113,1244,1,1244,False,1803.6575562700964,560.2877813504823
2480,2468,14,0,0,0,False,,
2480,2468,38,10360,1,10360,False,185.97490347490347,710.3416988416989
2480,2468,75,5600,1,5600,False,1077.8628571428571,585.4714285714285
2480,2468,113,1248,1,1248,False,1803.6474358974358,560.3461538461538
2481,2469,14,0,0,0,False,,
2481,2469,38,10256,1,10256,False,185.26599063962558,713.8338533541341
2481,2469,75,5908,1,5908,False,1078.6286391333786,587.9150304671632
2481,2469,113,1228,1,1228,False,1803.8615635179153,559.842019543974
2482,2470,14,0,0,0,False,,
2482,2470,38,9504,1,9504,False,185.09595959595958,718.1102693602694
2482,2470,75,5780,1,5780,False,1079.0951557093426,587.4550173010381
2482,2470,113,1236,1,1236,False,1803.8656957928802,559.9563106796116
2483,2471,14,0,0,0,False,,
2483,2471,38,8760,1,8760,False,185.72922374429223,722.383105022831
2483,2471,75,5804,1,5804,False,1078.974155754652,588.7536181943487
2483,2471,113,1244,1,1244,False,1803.7861736334405,560.1784565916398
2484,2472,14,0,0,0,False,,
2484,2472,38,8672,1,8672,False,188.44557195571954,731.3625461254612
2484,2472,75,5756,1,5756,False,1079.128214037526,588.7571230020848
2484,2472,113,1244,1,1244,False,1803.7861736334405,560.1784565916398
2485,2473,14,0,0,0,False,,
2485,2473,38,8844,1,8844,False,188.06128448665763,737.5248756218906
2485,2473,75,5824,1,5824,False,1078.5343406593406,589.5645604395604
2485,2473,113,1240,1,1240,False,1803.7129032258065,560.1516129032258
2486,2474,14,0,0,0,False,,
2486,2474,38,8816,1,8816,False,186.58892921960071,740.3330308529945
2486,2474,75,5632,1,5632,False,1079.044034090909,588.9190340909091
2486,2474,113,1240,1,1240,False,1803.7322580645161,560.0290322580645
2487,2475,14,0,0,0,False,,
2487,2475,38,7972,1,7972,False,186.26618163572505,748.2862518815856
2487,2475,75,5548,1,5548,False,1079.7876712328766,588.076063446287
2487,2475,113,1240,1,1240,False,1803.7322580645161,560.0290322580645
2488,2476,14,0,0,0,False,,
2488,2476,38,7516,1,7516,False,176.93108036189463,753.025811601916
2488,2476,75,5528,1,5528,False,1079.8314037626628,588.1859623733719
2488,2476,113,1244,1,1244,False,1803.6832797427653,560.0948553054662
2489,2477,14,0,0,0,False,,
2489,2477,38,6424,1,6424,False,179.3293897882939,764.90099626401
2489,2477,75,5520,1,5520,False,1079.9072463768116,587.8144927536232
2489,2477,113,1248,1,1248,False,1803.673076923077,560.1538461538462
2490,2478,14,0,0,0,False,,
2490,2478,38,6788,1,6788,False,177.3285209192693,772.416322922805
2490,2478,75,5512,1,5512,False,1079.7714078374456,587.8483309143686
2490,2478,113,1244,1,1244,False,1803.6832797427653,560.0948553054662
2491,2479,14,0,0,0,False,,
2491,2479,38,7024,1,7024,False,176.88268792710707,782.0205011389521
2491,2479,75,5468,1,5468,False,1079.50950987564,587.9718361375275
2491,2479,113,1244,1,1244,False,1803.6832797427653,560.0948553054662
2492,2480,14,0,0,0,False,,
2492,2480,38,7276,1,7276,False,177.43018141836174,787.8798790544255
2492,2480,75,5424,1,5424,False,1079.3628318584072,587.7492625368732
2492,2480,113,1244,1,1244,False,1803.6832797427653,560.0948553054662
2493,2481,14,0,0,0,False,,
2493,2481,38,6252,1,6252,False,184.13147792706334,800.9056301983366
2493,2481,75,5476,1,5476,False,1079.0054784514243,587.9302410518627
2493,2481,113,1244,1,1244,False,1803.6832797427653,560.0948553054662
2494,2482,14,0,0,0,False,,
2494,2482,38,6624,1,6624,False,189.5024154589372,807.5434782608696
2494,2482,75,5480,1,5480,False,1078.9087591240875,588.0372262773723
2494,2482,113,1236,1,1236,False,1803.6391585760518,560.1116504854369
2495,2483,14,0,0,0,False,,
2495,2483,38,6328,1,6328,False,195.5606826801517,811.9285714285714
2495,2483,75,5496,1,5496,False,1078.7197962154294,588.1055312954876
2495,2483,113,1236,1,1236,False,1803.6391585760518,560.1116504854369
2496,2484,14,0,0,0,False,,
2496,2484,38,6604,1,6604,False,200.5060569351908,811.5333131435493
2496,2484,75,5552,1,5552,False,1078.492795389049,588.3904899135447
2496,2484,113,1224,1,1224,False,1803.5522875816994,560.4084967320262
2497,2485,14,0,0,0,False,,
2497,2485,38,6988,1,6988,False,206.47595878649113,813.2029192902118
2497,2485,75,5548,1,5548,False,1078.5490266762797,588.4005046863734
2497,2485,113,1216,1,1216,False,1803.6381578947369,560.3815789473684
2498,2486,14,0,0,0,False,,
2498,2486,38,6384,1,6384,False,219.43483709273184,823.9736842105264
2498,2486,75,5520,1,5520,False,1078.368115942029,588.1840579710145
2498,2486,113,1228,1,1228,False,1803.64006514658,560.3175895765472
2499,2487,14,0,0,0,False,,
2499,2487,38,7024,1,7024,False,233.69362186788155,839.2813211845103
2499,2487,75,5484,1,5484,False,1078.211159737418,586.3905908096281
2499,2487,113,1224,1,1224,False,1803.624183006536,560.3954248366013
2500,2488,14,0,0,0,False,,
2500,2488,38,7616,1,7616,False,249.05567226890756,860.0220588235294
2500,2488,75,5516,1,5516,False,1078.3578680203045,585.7458303118202
2500,2488,113,1224,1,1224,False,1803.624183006536,560.3954248366013
2501,2489,14,0,0,0,False,,
2501,2489,38,8404,1,8404,False,265.09495478343644,870.9788196097097
2501,2489,75,5552,1,5552,False,1078.1599423631123,585.9697406340058
2501,2489,113,1224,1,1224,False,1803.624183006536,560.3954248366013
2502,2490,14,0,0,0,False,,
2502,2490,38,8004,1,8004,False,278.78685657171417,881.4295352323838
2502,2490,75,5568,1,5568,False,1078.1709770114942,586.051724137931
2502,2490,113,1224,1,1224,False,1803.624183006536,560.3954248366013
2503,2491,14,0,0,0,False,,
2503,2491,38,7472,1,7472,False,298.44325481798717,895.347965738758
2503,2491,75,5572,1,5572,False,1078.153984206748,586.2171572146447
2503,2491,113,1224,1,1224,False,1803.624183006536,560.3954248366013
2504,2492,14,0,0,0,False,,
2504,2492,38,8940,1,8940,False,312.5026845637584,905.9953020134228
2504,2492,75,5572,1,5572,False,1078.0305096913137,586.3908829863603
2504,2492,113,1220,1,1220,False,1803.627868852459,560.4409836065573
2505,2493,14,0,0,0,False,,
2505,2493,38,9240,1,9240,False,324.7978354978355,921.1251082251082
2505,2493,75,5544,1,5544,False,1078.0353535353536,586.1796536796537
2505,2493,113,1208,1,1208,False,1803.73178807947,560.3807947019867
2506,2494,14,0,0,0,False,,
2506,2494,38,9752,1,9752,False,334.0422477440525,936.1300246103364
2506,2494,75,5524,1,5524,False,1078.1466328747285,586.0177407675598
2506,2494,113,1212,1,1212,False,1803.694719471947,560.3745874587459
2507,2495,14,0,0,0,False,,
2507,2495,38,10824,1,10824,False,346.15484109386546,958.8643754619364
2507,2495,75,5524,1,5524,False,1078.1466328747285,586.0177407675598
2507,2495,113,1212,1,1212,False,1803.694719471947,560.3745874587459
2508,2496,14,0,0,0,False,,
2508,2496,38,11768,1,11768,False,356.54010876954453,974.3416043507818
2508,2496,75,5524,1,5524,False,1078.1002896451846,586.0322230267922
2508,2496,113,1208,1,1208,False,1803.73178807947,560.3807947019867
2509,2497,14,0,0,0,False,,
2509,2497,38,12408,1,12408,False,363.0506125080593,995.4832366215345
2509,2497,75,5560,1,5560,False,1078.0985611510791,586.2381294964028
2509,2497,113,1204,1,1204,False,1803.7425249169435,559.9019933554817
2510,2498,14,0,0,0,False,,
2510,2498,38,15564,1,15564,False,367.32343870470316,1023.382035466461
2510,2498,75,5536,1,5536,False,1078.0086705202311,586.1705202312139
2510,2498,113,1224,1,1224,False,1803.7549019607843,560.218954248366
2511,2499,14,0,0,0,False,,
2511,2499,38,17844,1,17844,False,372.83893745796905,1038.6040125532393
2511,2499,75,5504,1,5504,False,1078.1540697674418,585.9345930232558
2511,2499,113,1152,1,1152,False,1803.1875,561.2916666666666
2512,2500,14,0,0,0,False,,
2512,2500,38,23500,1,23500,False,369.79736170212766,1060.6433191489361
2512,2500,75,5428,1,5428,False,1078.4513633014,585.3400884303611
2512,2500,113,1168,1,1168,False,1803.027397260274,561.7739726027397
2513,2501,14,0,0,0,False,,
2513,2501,38,24348,1,24348,False,373.8556760308855,1080.824297683588
2513,2501,75,5432,1,5432,False,1078.4543446244477,585.3703976435935
2513,2501,113,1168,1,1168,False,1802.890410958904,561.8150684931506
2514,2502,14,0,0,0,False,,
2514,2502,38,27132,1,27132,False,359.1542827657379,1102.9425770308123
2514,2502,75,5432,1,5432,False,1078.4543446244477,585.3703976435935
2514,2502,113,1172,1,1172,False,1802.9027303754267,561.5853242320819
2515,2503,14,0,0,0,False,,
2515,2503,38,31856,1,31856,False,353.7882973380211,1130.6212958312406
2515,2503,75,5464,1,5464,False,1078.3462664714496,585.5893118594437
2515,2503,113,1196,1,1196,False,1802.948160535117,561.3963210702341
2516,2504,14,0,0,0,False,,
2516,2504,38,34832,1,34832,False,354.7356453835554,1146.9246669728984
2516,2504,75,5432,1,5432,False,1078.4543446244477,585.3703976435935
2516,2504,113,1216,1,1216,False,1802.7894736842106,561.6776315789474
2517,2505,14,0,0,0,False,,
2517,2505,38,40380,1,40380,False,350.0072808320951,1163.95695889054
2517,2505,75,5448,1,5448,False,1078.46328928047,585.4427312775331
2517,2505,113,1216,1,1216,False,1802.7894736842106,561.6776315789474
2518,2506,14,0,0,0,False,,
2518,2506,38,41952,1,41952,False,346.8072082379863,1177.9483218916857
2518,2506,75,5476,1,5476,False,1078.1961285609934,585.763696128561
2518,2506,113,1216,1,1216,False,1802.9276315789473,561.6381578947369
2519,2507,14,0,0,0,False,,
2519,2507,38,45276,1,45276,False,330.767514798127,1196.8079777365492
2519,2507,75,4832,1,4832,False,1078.3360927152319,584.9784768211921
2519,2507,113,1448,1,1448,False,1802.4281767955802,562.8314917127071
2520,2508,14,0,0,0,False,,
2520,2508,38,49424,2,49392,False,305.2529944966008,1206.200550339916
2520,2508,75,4812,1,4812,False,1078.3952618453866,584.8308395677473
2520,2508,113,1448,1,1448,False,1802.4281767955802,562.8314917127071
2521,2509,14,0,0,0,False,,
2521,2509,38,49536,1,49536,False,297.74596253229976,1221.0505490956073
2521,2509,75,4816,1,4816,False,1078.2873754152824,585.0714285714286
2521,2509,113,1452,1,1452,False,1802.4118457300276,562.797520661157
2522,2510,14,0,0,0,False,,
2522,2510,38,51688,1,51688,False,287.84917195480574,1230.20174895527
2522,2510,75,4808,1,4808,False,1078.3153078202995,584.9908485856905
2522,2510,113,1472,1,1472,False,1802.554347826087,562.9565217391304
2523,2511,14,0,0,0,False,,
2523,2511,38,51104,1,51104,False,275.16906700062617,1237.334533500313
2523,2511,75,4972,1,4972,False,1078.1830249396621,584.8925985518906
2523,2511,113,1472,1,1472,False,1802.6521739130435,563.0489130434783
2524,2512,14,0,0,0,False,,
2524,2512,38,54428,1,54428,False,247.50859851546997,1234.7926434923202
2524,2512,75,4876,1,4876,False,1078.5098441345365,584.1784249384741
2524,2512,113,1468,1,1468,False,1802.7288828337876,563.1267029972752
2525,2513,14,0,0,0,False,,
2525,2513,38,54396,1,54396,False,225.44874623134055,1233.9833443635562
2525,2513,75,4892,1,4892,False,1078.6733442354864,584.0535568274735
2525,2513,113,1376,1,1376,False,1803.2093023255813,563.0232558139535
2526,2514,14,0,0,0,False,,
2526,2514,38,52676,1,52676,False,209.6243070848204,1238.1519097881387
2526,2514,75,4900,1,4900,False,1078.7808163265306,583.910612244898
2526,2514,113,1356,1,1356,False,1804.3053097345132,562.0870206489675
2527,2515,14,0,0,0,False,,
2527,2515,38,54120,1,54120,False,184.86836659275684,1224.8453067257944
2527,2515,75,4900,1,4900,False,1078.7808163265306,583.910612244898
2527,2515,113,1348,1,1348,False,1805.2833827893176,560.8976261127597
2528,2516,14,0,0,0,False,,
2528,2516,38,52600,1,52600,True,171.89756653992396,1218.4669961977186
2528,2516,75,4908,1,4908,False,1078.8944580277098,584.1365118174409
2528,2516,113,1324,1,1324,False,1805.998489425982,561.7205438066466
2529,2517,14,1616,1,1616,True,19.18811881188119,1101.4158415841584
2529,2517,38,48684,2,48680,True,154.71871662147728,1218.9624106482622
2529,2517,75,5012,1,5012,False,1078.7282521947327,584.5319233838787
2529,2517,113,1304,1,1304,False,1807.4815950920245,562.2975460122699
2530,2518,14,1648,1,1648,True,19.106796116504853,1101.2815533980583
2530,2518,38,48064,2,48060,True,144.68342210386152,1219.0840545938747
2530,2518,75,5032,2,5024,False,1078.8036565977743,584.3537360890302
2530,2518,113,1324,1,1324,False,1808.6752265861028,563.8293051359517
2531,2519,14,0,0,0,False,,
2531,2519,38,46124,2,46104,True,137.3783279854306,1222.31389298413
2531,2519,75,4872,1,4872,False,1078.9433497536945,584.1042692939245
2531,2519,113,1288,1,1288,False,1811.2639751552795,565.4813664596273
2532,2520,14,0,0,0,False,,
2532,2520,38,45484,1,45484,True,131.97568375692552,1222.9412980388709
2532,2520,75,4860,1,4860,False,1079.0333333333333,584.0127572016461
2532,2520,113,1288,1,1288,False,1815.363354037267,567.0590062111801
2533,2521,14,0,0,0,False,,
2533,2521,38,45320,1,45320,True,131.66716681376874,1233.7658428949692
2533,2521,75,4852,1,4852,False,1079.0424567188788,583.9789777411377
2533,2521,113,1308,1,1308,False,1820.665137614679,568.9892966360857
2534,2522,14,0,0,0,False,,
2534,2522,38,47440,1,47440,True,131.44182124789208,1243.462900505902
2534,2522,75,4844,1,4844,False,1079.0763831544177,583.958298926507
2534,2522,113,1296,1,1296,False,1825.5740740740741,570.9691358024692
2535,2523,14,0,0,0,False,,
2535,2523,38,48564,1,48564,True,127.59546165884194,1245.9532575570381
2535,2523,75,4860,1,4860,False,1078.990534979424,583.8925925925926
2535,2523,113,1276,1,1276,False,1829.960815047022,572.5376175548589
2536,2524,14,0,0,0,False,,
2536,2524,38,49496,1,49496,True,123.18159043155002,1247.2491514465814
2536,2524,75,4856,1,4856,False,1078.9596375617793,583.8196046128501
2536,2524,113,1384,1,1384,False,1834.1473988439307,573.3554913294797
2537,2525,14,0,0,0,False,,
2537,2525,38,50756,1,50756,True,120.91311372054535,1248.8871069430215
2537,2525,75,5016,1,5016,False,1078.3931419457736,584.3947368421053
2537,2525,113,1448,1,1448,False,1837.5939226519338,573.9309392265193
2538,2526,14,0,0,0,False,,
2538,2526,38,48760,1,48760,True,119.5070549630845,1256.7400328137817
2538,2526,75,4836,1,4836,False,1078.3957816377172,583.8614557485525
2538,2526,113,1488,1,1488,False,1840.3225806451612,575.3387096774194
2539,2527,14,0,0,0,False,,
2539,2527,38,49860,1,49860,True,117.70208584035299,1256.671359807461
2539,2527,75,4836,1,4836,False,1078.3792390405295,583.7655086848636
2539,2527,113,1540,1,1540,False,1841.8090909090909,577.4142857142857
2540,2528,14,0,0,0,False,,
2540,2528,38,48268,1,48268,True,119.40842794397945,1263.7559874036629
2540,2528,75,4820,1,4820,False,1078.2726141078838,583.5904564315352
2540,2528,113,1540,1,1540,False,1846.4012987012986,580.2714285714286
2541,2529,14,0,0,0,False,,
2541,2529,38,44940,1,44940,True,124.87400979083222,1274.0157988429016
2541,2529,75,4800,1,4800,False,1078.21,583.7066666666667
2541,2529,113,1460,1,1460,False,1850.286301369863,583.3767123287671
2542,2530,14,0,0,0,False,,
2542,2530,38,47712,1,47712,True,123.14050972501677,1264.5715962441313
2542,2530,75,4792,1,4792,False,1078.136060100167,583.7086811352253
2542,2530,113,1388,1,1388,False,1854.384726224784,585.1051873198847
2543,2531,14,0,0,0,False,,
2543,2531,38,49012,1,49012,True,127.72010936097283,1259.820656165837
2543,2531,75,4788,1,4788,False,1078.1190476190477,583.672932330827
2543,2531,113,1492,1,1492,False,1856.9932975871313,586.3766756032171
2544,2532,14,0,0,0,False,,
2544,2532,38,49052,1,49052,True,129.87878170105193,1258.212305308652
2544,2532,75,4780,1,4780,False,1078.1351464435147,583.6096234309623
2544,2532,113,1456,1,1456,False,1862.3846153846155,587.3186813186813
2545,2533,14,0,0,0,False,,
2545,2533,38,46592,2,46588,True,132.41826923076923,1254.2882898351647
2545,2533,75,4804,1,4804,False,1077.9771024146544,583.8555370524563
2545,2533,113,1396,1,1396,False,1865.875358166189,588.4656160458453
2546,2534,14,0,0,0,False,,
2546,2534,38,47096,1,47096,True,129.4425853575675,1234.728979106506
2546,2534,75,4800,1,4800,False,1077.905,583.6533333333333
2546,2534,113,1408,1,1408,False,1869.7443181818182,590.2102272727273
2547,2535,14,0,0,0,False,,
2547,2535,38,47540,1,47540,True,124.25515355490114,1221.7175010517458
2547,2535,75,4876,1,4876,False,1077.3383921246923,585.5303527481542
2547,2535,113,1332,1,1332,False,1873.7552552552552,591.7192192192192
2548,2536,14,0,0,0,False,,
2548,2536,38,52616,1,52616,True,116.05405199939182,1201.6450509350768
2548,2536,75,4780,1,4780,False,1076.9853556485355,586.9468619246862
2548,2536,113,1336,1,1336,False,1879.9550898203593,593.3562874251497
2549,2537,14,0,0,0,False,,
2549,2537,38,49956,1,49956,True,108.04696132596685,1195.2894947553848
2549,2537,75,4616,1,4616,False,1077.2296360485268,586.3076256499133
2549,2537,113,1452,1,1452,False,1886.6873278236915,593.7892561983471
2550,2538,14,0,0,0,False,,
2550,2538,38,45636,1,45636,True,101.28411780173548,1196.4461828381102
2550,2538,75,4572,1,4572,False,1077.2436570428697,585.9470691163605
2550,2538,113,1468,1,1468,False,1891.2247956403269,594.9741144414169
2551,2539,14,0,0,0,False,,
2551,2539,38,45032,1,45032,True,97.2441819150826,1193.018742227749
2551,2539,75,4588,1,4588,False,1077.2916303400175,585.8775065387969
2551,2539,113,1508,1,1508,False,1894.1392572944296,596.6538461538462
2552,2540,14,0,0,0,False,,
2552,2540,38,40792,1,40792,True,101.06128652676996,1214.3993920376545
2552,2540,75,4532,1,4532,False,1077.5856134157104,585.283759929391
2552,2540,113,1528,1,1528,False,1897.7408376963351,598.1492146596859
2553,2541,14,0,0,0,False,,
2553,2541,38,39916,1,39916,True,104.58818518889669,1220.7336907505762
2553,2541,75,4740,1,4740,False,1077.2713080168776,586.6620253164557
2553,2541,113,1592,1,1592,False,1900.7964824120604,599.4899497487437
2554,2542,14,0,0,0,False,,
2554,2542,38,41656,1,41656,True,106.34540042250816,1215.4692721336662
2554,2542,75,4556,1,4556,False,1077.3340649692714,585.7660228270413
2554,2542,113,1620,1,1620,False,1903.1814814814816,601.1913580246913
2555,2543,14,0,0,0,False,,
2555,2543,38,42984,1,42984,True,109.03806067373907,1212.9144798064397
2555,2543,75,4520,1,4520,False,1077.3973451327433,585.429203539823
2555,2543,113,1644,1,1644,False,1904.7919708029196,602.8649635036496
2556,2544,14,0,0,0,False,,
2556,2544,38,48148,1,48148,True,109.39823045609371,1199.9327490238431
2556,2544,75,4472,1,4472,False,1077.3926654740608,585.0026833631484
2556,2544,113,1652,1,1652,False,1908.5629539951574,603.817191283293
2557,2545,14,0,0,0,False,,
2557,2545,38,51904,1,51904,True,108.6091245376079,1196.8705302096178
2557,2545,75,4492,1,4492,False,1077.2088156723064,585.3762243989314
2557,2545,113,1712,1,1712,False,1911.3317757009345,604.0
2558,2546,14,0,0,0,False,,
2558,2546,38,50668,1,50668,True,111.34771453382805,1208.4186863503592
2558,2546,75,4452,1,4452,False,1077.367924528302,585.107367475292
2558,2546,113,1740,1,1740,False,1913.4103448275862,604.4448275862069
2559,2547,14,0,0,0,False,,
2559,2547,38,50136,1,50136,True,114.1653901388224,1211.557762884953
2559,2547,75,4520,1,4520,False,1077.91592920354,584.5283185840708
2559,2547,113,1660,1,1660,False,1916.1819277108434,605.5506024096386
2560,2548,14,0,0,0,False,,
2560,2548,38,50096,1,50096,True,116.29511338230597,1213.6180134142446
2560,2548,75,4532,1,4532,False,1078.113415710503,584.33759929391
2560,2548,113,1624,1,1624,False,1919.1305418719212,605.5837438423646
2561,2549,14,0,0,0,False,,
2561,2549,38,47612,1,47612,True,117.89662270015963,1221.8132823657902
2561,2549,75,4756,1,4756,False,1077.7312867956266,584.5975609756098
2561,2549,113,1652,1,1652,False,1920.8050847457628,606.320823244552
2562,2550,14,0,0,0,False,,
2562,2550,38,44964,1,44964,True,121.43763900008896,1235.5778400498177
2562,2550,75,4496,1,4496,False,1078.459074733096,584.0516014234876
2562,2550,113,1580,1,1580,False,1922.7835443037975,606.6569620253165
2563,2551,14,0,0,0,False,,
2563,2551,38,47096,1,47096,True,119.37786648547647,1229.5976728384576
2563,2551,75,4528,1,4528,False,1078.703180212014,584.1024734982332
2563,2551,113,1600,1,1600,False,1926.01,606.995
2564,2552,14,0,0,0,False,,
2564,2552,38,47452,1,47452,True,117.38746522801989,1225.5292506111439
2564,2552,75,4804,1,4804,False,1078.1786011656952,585.0162364696087
2564,2552,113,1612,1,1612,False,1928.3064516129032,608.3163771712159
2565,2553,14,0,0,0,False,,
2565,2553,38,44888,1,44888,True,117.5399215826056,1219.1150418820175
2565,2553,75,4520,1,4520,False,1078.7212389380531,583.9849557522124
2565,2553,113,1584,1,1584,False,1931.828282828283,608.520202020202
2566,2554,14,0,0,0,False,,
2566,2554,38,46916,1,46916,True,119.11676187228238,1209.6823684883623
2566,2554,75,4504,1,4504,False,1078.6616341030197,583.9085257548845
2566,2554,113,1592,1,1592,False,1934.5854271356784,609.0577889447236
2567,2555,14,0,0,0,False,,
2567,2555,38,44904,1,44904,False,129.41412791733475,1201.083645109567
2567,2555,75,4480,1,4480,False,1078.625,583.7160714285715
2567,2555,113,1672,1,1672,False,1938.2033492822966,608.165071770335
2568,2556,14,0,0,0,False,,
2568,2556,38,42164,1,42164,False,145.10506593302344,1200.2374063181862
2568,2556,75,4476,1,4476,False,1078.600089365505,583.6706881143879
2568,2556,113,1676,1,1676,False,1940.9582338902148,608.1801909307876
2569,2557,14,0,0,0,False,,
2569,2557,38,43548,1,43548,False,162.75461559658308,1178.4693212087811
2569,2557,75,4500,1,4500,False,1078.5391111111112,583.3284444444445
2569,2557,113,1704,1,1704,False,1942.8615023474179,608.0962441314554
2570,2558,14,0,0,0,False,,
2570,2558,38,41632,1,41632,False,176.77690238278248,1164.4098770176788
2570,2558,75,4536,2,4532,False,1078.3853615520281,583.1296296296297
2570,2558,113,1692,1,1692,False,1943.98463356974,608.4716312056737
2571,2559,14,0,0,0,False,,
2571,2559,38,39040,1,39040,False,191.1534836065574,1132.6290983606557
2571,2559,75,4492,1,4492,False,1078.040516473731,583.23374888691
2571,2559,113,1740,1,1740,False,1944.8172413793104,609.0931034482759
2572,2560,14,0,0,0,False,,
2572,2560,38,34620,1,34620,False,208.17071057192373,1118.7541883304448
2572,2560,75,4816,1,4816,False,1077.3056478405315,584.1611295681063
2572,2560,113,1728,1,1728,False,1945.4953703703704,609.2870370370371
2573,2561,14,0,0,0,False,,
2573,2561,38,31400,1,31400,False,225.67528662420384,1106.8314649681529
2573,2561,75,4496,2,4488,False,1077.841637010676,582.9679715302491
2573,2561,113,1716,1,1716,False,1946.1456876456878,609.469696969697
2574,2562,14,0,0,0,False,,
2574,2562,38,29124,1,29124,False,247.2402829281692,1091.6751133086113
2574,2562,75,4368,1,4368,False,1077.7820512820513,584.0311355311355
2574,2562,113,1748,1,1748,False,1946.4679633867277,610.5686498855836
2575,2563,14,0,0,0,False,,
2575,2563,38,27084,1,27084,False,263.8746861615714,1076.3836213262443
2575,2563,75,4216,1,4216,False,1077.3614800759012,584.3557874762809
2575,2563,113,1748,1,1748,False,1947.5892448512586,610.6510297482838
2576,2564,14,0,0,0,False,,
2576,2564,38,24916,1,24916,False,275.5059399582598,1062.6659977524482
2576,2564,75,4328,1,4328,False,1077.4223659889094,583.7181146025878
2576,2564,113,1852,1,1852,False,1949.8347732181426,609.6447084233262
2577,2565,14,0,0,0,False,,
2577,2565,38,23836,1,23836,False,284.091877831851,1045.8861386138615
2577,2565,75,4348,1,4348,False,1077.550597976081,583.6849126034958
2577,2565,113,1860,1,1860,False,1952.02688172043,609.0677419354839
2578,2566,14,0,0,0,False,,
2578,2566,38,22344,1,22344,False,293.7083780880773,1027.343537414966
2578,2566,75,4372,1,4372,False,1077.5484903934125,583.7150045745655
2578,2566,113,1856,1,1856,False,1952.8922413793102,608.9913793103449
2579,2567,14,0,0,0,False,,
2579,2567,38,19716,1,19716,False,301.80533576790424,1002.4837695272874
2579,2567,75,4696,1,4696,False,1077.576660988075,585.2955706984668
2579,2567,113,1872,1,1872,False,1953.2649572649573,609.3333333333334
2580,2568,14,0,0,0,False,,
2580,2568,38,19064,1,19064,False,304.04846831724717,978.5365086026018
2580,2568,75,4696,1,4696,False,1077.576660988075,585.2955706984668
2580,2568,113,1884,1,1884,False,1953.4978768577494,609.4171974522293
2581,2569,14,0,0,0,False,,
2581,2569,38,17592,1,17592,False,305.35766257389724,970.6487039563438
2581,2569,75,4376,1,4376,False,1077.553016453382,583.8436928702012
2581,2569,113,1868,1,1868,False,1953.6263383297644,609.5792291220557
2582,2570,14,0,0,0,False,,
2582,2570,38,17832,1,17832,False,301.5134589502019,957.8889636608344
2582,2570,75,4376,1,4376,False,1077.553016453382,583.8436928702012
2582,2570,113,1844,1,1844,False,1953.4110629067245,609.8232104121475
2583,2571,14,0,0,0,False,,
2583,2571,38,17528,1,17528,False,290.92446371519856,939.2371063441351
2583,2571,75,4392,1,4392,False,1077.514571948998,583.9225865209472
2583,2571,113,1892,1,1892,False,1953.8403805496828,609.6670190274841
2584,2572,14,0,0,0,False,,
2584,2572,38,18860,1,18860,False,282.0940615058324,924.1928950159066
2584,2572,75,4692,1,4692,False,1077.6287297527706,585.7225063938619
2584,2572,113,1896,1,1896,False,1953.934599156118,609.5970464135021
2585,2573,14,0,0,0,False,,
2585,2573,38,16632,1,16632,False,277.9189514189514,918.0040885040885
2585,2573,75,4288,1,4288,False,1077.7444029850747,585.0055970149253
2585,2573,113,1888,1,1888,False,1953.8898305084747,609.7118644067797
2586,2574,14,0,0,0,False,,
2586,2574,38,16172,1,16172,False,274.4124412564927,913.1208261192183
2586,2574,75,4264,1,4264,False,1077.813320825516,585.0065666041276
2586,2574,113,1884,1,1884,False,1953.8927813163482,609.73991507431
2587,2575,14,0,0,0,False,,
2587,2575,38,15404,1,15404,False,264.9196312646066,897.5973773045962
2587,2575,75,4244,1,4244,False,1077.8440150801132,584.8393025447691
2587,2575,113,1884,1,1884,False,1954.2579617834394,609.5445859872611
2588,2576,14,0,0,0,False,,
2588,2576,38,16568,1,16568,False,253.16827619507484,877.1581361661033
2588,2576,75,4248,1,4248,False,1077.7674199623352,584.8389830508474
2588,2576,113,1844,1,1844,False,1954.0010845986985,610.2483731019523
2589,2577,14,0,0,0,False,,
2589,2577,38,14996,1,14996,False,245.47626033608964,871.1316351026941
2589,2577,75,4264,1,4264,False,1077.6200750469043,585.0666041275797
2589,2577,113,1872,1,1872,False,1954.2820512820513,610.3888888888889
2590,2578,14,0,0,0,False,,
2590,2578,38,14044,1,14044,False,239.56750213614356,867.6916832811165
2590,2578,75,4272,1,4272,False,1077.5262172284645,585.059925093633
2590,2578,113,1856,1,1856,False,1954.4525862068965,610.4741379310345
2591,2579,14,0,0,0,False,,
2591,2579,38,13684,1,13684,False,231.79728149663842,861.9492838351359
2591,2579,75,4264,1,4264,False,1077.5206378986866,584.9859287054409
2591,2579,113,1852,1,1852,False,1954.42656587473,610.6382289416847
2592,2580,14,0,0,0,False,,
2592,2580,38,14028,1,14028,False,219.07884231536926,844.0637296834901
2592,2580,75,4252,1,4252,False,1077.371119473189,585.0983066792098
2592,2580,113,1852,1,1852,False,1954.2624190064794,611.0097192224622
2593,2581,14,0,0,0,False,,
2593,2581,38,14808,1,14808,False,209.53187466234468,830.5437601296596
2593,2581,75,4260,1,4260,False,1077.3018779342724,585.1910798122066
2593,2581,113,1868,1,1868,False,1954.076017130621,611.2194860813704
2594,2582,14,0,0,0,False,,
2594,2582,38,13264,1,13264,False,203.03920386007238,826.3733413751507
2594,2582,75,4252,1,4252,False,1077.3033866415803,585.1453433678269
2594,2582,113,1872,1,1872,False,1954.128205128205,611.1752136752136
2595,2583,14,0,0,0,False,,
2595,2583,38,12620,1,12620,False,199.8958795562599,822.2502377179081
2595,2583,75,4244,1,4244,False,1077.3049010367579,585.0881244109331
2595,2583,113,1868,1,1868,False,1954.1531049250536,611.176659528908
2596,2584,14,0,0,0,False,,
2596,2584,38,14172,1,14172,False,192.95159469376236,806.2296076771098
2596,2584,75,4240,1,4240,False,1077.3226415094339,585.0509433962264
2596,2584,113,1876,1,1876,False,1954.3507462686566,611.1950959488273
2597,2585,14,0,0,0,False,,
2597,2585,38,14968,1,14968,False,189.22421165152326,797.5668091929449
2597,2585,75,4240,1,4240,False,1077.2283018867925,585.077358490566
2597,2585,113,1864,1,1864,False,1954.3497854077252,611.0450643776824
2598,2586,14,0,0,0,False,,
2598,2586,38,14180,1,14180,False,185.42693935119888,792.372496473907
2598,2586,75,4240,1,4240,False,1077.2283018867925,585.077358490566
2598,2586,113,1876,1,1876,False,1954.4872068230277,610.9861407249467
2599,2587,14,0,0,0,False,,
2599,2587,38,14832,1,14832,False,181.39536138079828,777.9212513484358
2599,2587,75,4228,1,4228,False,1077.2038789025544,585.0487228003784
2599,2587,113,1876,1,1876,False,1954.4872068230277,610.9861407249467
2600,2588,14,0,0,0,False,,
2600,2588,38,15380,1,15380,False,176.54265279583876,765.0986996098829
2600,2588,75,4224,1,4224,False,1077.1969696969697,585.0113636363636
2600,2588,113,1880,1,1880,False,1954.3936170212767,611.0361702127659
2601,2589,14,0,0,0,False,,
2601,2589,38,15020,1,15020,False,173.09973368841545,757.7948069241012
2601,2589,75,4204,1,4204,False,1077.023311132255,584.9509990485252
2601,2589,113,1880,1,1880,False,1954.3936170212767,611.0361702127659
2602,2590,14,0,0,0,False,,
2602,2590,38,14088,1,14088,False,170.43469619534355,749.0388983532084
2602,2590,75,4260,1,4260,False,1076.6295774647888,584.2708920187794
2602,2590,113,1884,1,1884,False,1954.3471337579617,611.047770700637
2603,2591,14,0,0,0,False,,
2603,2591,38,13904,1,13904,False,169.84062140391254,745.7019562715765
2603,2591,75,4288,1,4288,False,1076.2742537313434,584.1026119402985
2603,2591,113,1884,1,1884,False,1954.3471337579617,611.047770700637
2604,2592,14,0,0,0,False,,
2604,2592,38,13376,1,13376,False,169.4706937799043,753.9880382775119
2604,2592,75,5232,1,5232,False,1077.460244648318,584.9862385321101
2604,2592,113,1820,1,1820,False,1952.2494505494506,612.7637362637363
2605,2593,14,0,0,0,False,,
2605,2593,38,13692,1,13692,False,170.44098743791994,753.1801051709027
2605,2593,75,5300,2,5296,False,1077.6230188679244,584.7581132075471
2605,2593,113,1816,1,1816,False,1952.1387665198238,612.852422907489
2606,2594,14,0,0,0,False,,
2606,2594,38,13588,1,13588,False,171.128201354136,752.9751251103916
2606,2594,75,5284,2,5276,False,1077.5522331566995,584.7952308856926
2606,2594,113,1820,1,1820,False,1952.1263736263736,612.9
2607,2595,14,0,0,0,False,,
2607,2595,38,13548,1,13548,False,171.97682314732802,754.0683495718926
2607,2595,75,5328,1,5328,False,1077.7582582582584,584.3693693693693
2607,2595,113,1816,1,1816,False,1952.1960352422907,612.8436123348017
2608,2596,14,0,0,0,False,,
2608,2596,38,13676,1,13676,False,171.79570049722142,753.0791167007897
2608,2596,75,5360,1,5360,False,1077.655223880597,584.7805970149253
2608,2596,113,1812,1,1812,False,1952.3189845474615,612.6633554083885
2609,2597,14,0,0,0,False,,
2609,2597,38,13624,1,13624,False,170.38021139166176,754.2240164415737
2609,2597,75,5308,1,5308,False,1077.3244159758854,585.0938206480783
2609,2597,113,1812,1,1812,False,1952.3278145695365,612.6810154525386
2610,2598,14,0,0,0,False,,
2610,2598,38,13512,1,13512,False,168.90142095914743,753.8001776198935
2610,2598,75,5048,1,5048,False,1077.5332805071316,583.3114104595879
2610,2598,113,1800,1,1800,False,1952.3755555555556,612.7044444444444
2611,2599,14,0,0,0,False,,
2611,2599,38,13556,1,13556,False,164.87356152257303,753.1668633815285
2611,2599,75,5276,1,5276,False,1077.242987111448,585.1444275966642
2611,2599,113,1712,1,1712,False,1951.088785046729,614.3457943925233
2612,2600,14,0,0,0,False,,
2612,2600,38,13504,1,13504,False,162.82997630331752,750.654028436019
2612,2600,75,5264,1,5264,False,1077.1884498480242,585.1474164133739
2612,2600,113,1724,1,1724,False,1950.9733178654292,614.592807424594
2613,2601,14,0,0,0,False,,
2613,2601,38,13588,1,13588,False,162.85148660582868,749.4637915808066
2613,2601,75,5208,1,5208,False,1077.284946236559,584.6981566820276
2613,2601,113,1716,1,1716,False,1950.8123543123543,614.7657342657343
2614,2602,14,1812,1,1812,False,1654.6898454746138,570.9370860927153
2614,2602,38,13720,1,13720,False,162.77696793002914,748.4090379008746
2614,2602,75,5512,1,5512,False,1077.109579100145,586.3142235123368
2614,2602,113,1748,1,1748,False,1950.4221967963388,615.058352402746
2615,2603,14,1668,1,1668,False,1657.4352517985612,569.4880095923262
2615,2603,38,13752,1,13752,False,164.94328097731238,751.2422920302502
2615,2603,75,5464,1,5464,False,1077.1734992679355,586.0636896046852
2615,2603,113,1744,1,1744,False,1950.697247706422,614.9633027522935
2616,2604,14,1760,1,1760,False,1657.15,567.8090909090909
2616,2604,38,13844,1,13844,False,166.82822883559666,745.8077145333718
2616,2604,75,5524,1,5524,False,1077.1256335988414,586.4623461259956
2616,2604,113,1744,1,1744,False,1950.697247706422,614.9633027522935
2617,2605,14,1976,1,1976,False,1656.5566801619434,564.0546558704453
2617,2605,38,13992,1,13992,False,170.2284162378502,743.5708976558033
2617,2605,75,5512,1,5512,False,1077.0950653120465,586.4187227866473
2617,2605,113,1748,1,1748,False,1950.5137299771168,615.0400457665904
2618,2606,14,1908,1,1908,False,1655.2924528301887,565.3763102725367
2618,2606,38,13900,1,13900,False,171.0611510791367,742.3808633093525
2618,2606,75,5476,1,5476,False,1077.2158509861213,586.0558802045289
2618,2606,113,1748,1,1748,False,1950.5137299771168,615.0400457665904
2619,2607,14,1936,1,1936,False,1654.388429752066,564.7190082644628
2619,2607,38,13408,1,13408,False,174.4206443914081,746.5787589498807
2619,2607,75,5488,1,5488,False,1076.8950437317785,586.698250728863
2619,2607,113,1784,1,1784,False,1950.2354260089687,615.2668161434977
2620,2608,14,2088,1,2088,False,1654.7605363984674,562.6494252873563
2620,2608,38,12988,1,12988,False,171.37650138589467,738.6244225438867
2620,2608,75,5396,2,5364,False,1076.344329132691,586.2390659747962
2620,2608,113,2104,1,2104,False,1950.4315589353612,614.884030418251
2621,2609,14,1940,1,1940,False,1653.3247422680413,563.8072164948453
2621,2609,38,13408,1,13408,False,175.88365155131265,742.346062052506
2621,2609,75,5624,1,5624,False,1076.75320056899,586.0007112375533
2621,2609,113,1808,1,1808,False,1950.287610619469,615.0973451327434
2622,2610,14,1988,1,1988,False,1652.9949698189134,563.1760563380282
2622,2610,38,13148,1,13148,False,176.85594767264982,740.2779129905689
2622,2610,75,5592,1,5592,False,1076.9349070100143,585.6244635193133
2622,2610,113,1800,1,1800,False,1950.34,614.9888888888889
2623,2611,14,2008,1,2008,False,1653.0059760956176,563.101593625498
2623,2611,38,13188,1,13188,False,177.7605398847437,737.1490749165908
2623,2611,75,5012,1,5012,False,1077.5279329608938,583.452913008779
2623,2611,113,1760,1,1760,False,1950.331818181818,615.0090909090909
2624,2612,14,2024,1,2024,False,1652.9782608695652,563.0217391304348
2624,2612,38,13308,1,13308,False,174.87871956717763,733.9938382927562
2624,2612,75,5584,1,5584,False,1077.1647564469913,585.5200573065903
2624,2612,113,1740,1,1740,False,1950.3114942528737,615.1114942528735
2625,2613,14,2008,1,2008,False,1652.9223107569721,563.105577689243
2625,2613,38,12692,1,12692,False,173.3421052631579,731.4467381027418
2625,2613,75,5600,1,5600,False,1077.067142857143,585.5757142857143
2625,2613,113,1704,1,1704,False,1950.2417840375588,615.1995305164319
2626,2614,14,2016,1,2016,False,1652.8968253968253,563.1507936507936
2626,2614,38,13320,1,13320,False,175.7138138138138,734.6255255255255
2626,2614,75,5676,2,5664,False,1077.2103594080338,585.9968287526426
2626,2614,113,1740,1,1740,False,1950.3114942528737,615.1114942528735
2627,2615,14,1984,1,1984,False,1652.9153225806451,563.4677419354839
2627,2615,38,12552,1,12552,False,175.8072020395156,740.0710643722116
2627,2615,75,5796,1,5796,False,1077.8706004140786,584.01966873706
2627,2615,113,1708,1,1708,False,1950.204918032787,615.1978922716628
2628,2616,14,1992,1,1992,False,1652.9497991967871,563.3152610441767
2628,2616,38,11792,1,11792,False,174.9124830393487,736.853459972863
2628,2616,75,5692,1,5692,False,1077.9884047786368,583.5976809557274
2628,2616,113,1712,1,1712,False,1950.2242990654206,615.2336448598131
2629,2617,14,1988,1,1988,False,1652.8983903420524,563.3853118712274
2629,2617,38,13500,1,13500,False,172.87748148148148,726.1776296296297
2629,2617,75,5508,1,5508,False,1078.6539578794482,581.7273057371096
2629,2617,113,1740,1,1740,False,1950.2379310344827,615.083908045977
2630,2618,14,1980,1,1980,False,1652.9767676767676,563.4131313131313
2630,2618,38,14064,1,14064,False,174.23663253697384,721.1803185437998
2630,2618,75,5744,1,5744,False,1077.942896935933,584.0236768802229
2630,2618,113,1732,1,1732,False,1950.25519630485,615.0496535796767
2631,2619,14,1984,1,1984,False,1652.8548387096773,563.4879032258065
2631,2619,38,12580,1,12580,False,174.5496025437202,715.7591414944357
2631,2619,75,5560,1,5560,False,1078.382014388489,581.773381294964
2631,2619,113,1732,1,1732,False,1950.25519630485,615.0496535796767
2632,2620,14,1984,1,1984,False,1652.75,563.5362903225806
2632,2620,38,12620,1,12620,False,176.87527733755942,716.5266244057052
2632,2620,75,5692,1,5692,False,1078.1654954321855,582.8879128601546
2632,2620,113,1736,1,1736,False,1950.2649769585253,615.0898617511521
2633,2621,14,1988,1,1988,False,1652.7857142857142,563.5824949698189
2633,2621,38,11788,1,11788,False,179.413471326773,728.1830675262979
2633,2621,75,5440,1,5440,False,1078.620588235294,580.6573529411764
2633,2621,113,1732,1,1732,False,1950.25519630485,615.0496535796767
2634,2622,14,2000,1,2000,False,1652.864,563.684
2634,2622,38,12148,1,12148,False,177.69789265722753,733.4529140599276
2634,2622,75,5524,1,5524,False,1078.1842867487328,581.4442433019551
2634,2622,113,1724,1,1724,False,1950.3375870069606,615.0429234338748
2635,2623,14,2004,1,2004,False,1652.9710578842316,563.6696606786427
2635,2623,38,12720,1,12720,False,175.26037735849056,730.3037735849057
2635,2623,75,5832,1,5832,False,1078.1982167352537,583.738683127572
2635,2623,113,1740,1,1740,False,1950.4310344827586,614.8678160919541
2636,2624,14,2004,1,2004,False,1652.9710578842316,563.6696606786427
2636,2624,38,12620,1,12620,False,174.9608557844691,731.1136291600634
2636,2624,75,5808,1,5808,False,1078.1019283746557,583.8099173553719
2636,2624,113,1736,1,1736,False,1950.384792626728,614.6889400921659
2637,2625,14,1988,1,1988,False,1652.9064386317907,563.8118712273642
2637,2625,38,12608,1,12608,False,175.00634517766497,730.5621827411168
2637,2625,75,5804,1,5804,False,1078.1650585802895,583.6922811853893
2637,2625,113,1748,1,1748,False,1950.4130434782608,614.9073226544623
2638,2626,14,1980,1,1980,False,1652.6010101010102,563.8898989898989
2638,2626,38,11764,1,11764,False,177.5323019381163,731.8818429105746
2638,2626,75,5840,1,5840,False,1078.176712328767,583.3849315068493
2638,2626,113,1764,1,1764,False,1950.1961451247166,614.9943310657596
2639,2627,14,1976,1,1976,False,1652.6417004048583,563.9129554655871
2639,2627,38,12144,1,12144,False,179.0764163372859,732.4143610013175
2639,2627,75,5840,1,5840,False,1078.2287671232878,583.4671232876713
2639,2627,113,1780,1,1780,False,1950.252808988764,614.8820224719101
2640,2628,14,1968,1,1968,False,1652.7113821138212,563.9878048780488
2640,2628,38,12044,1,12044,False,178.57240119561607,732.1605778811027
2640,2628,75,5804,1,5804,False,1078.0837353549277,583.5130944176431
2640,2628,113,1776,1,1776,False,1950.2747747747749,614.8333333333334
2641,2629,14,1964,1,1964,False,1652.6792260692464,564.0234215885947
2641,2629,38,11908,1,11908,False,178.28703392677193,731.7220356063151
2641,2629,75,5916,2,5896,False,1078.080797836376,584.4161595672753
2641,2629,113,1784,1,1784,False,1950.3116591928251,614.8183856502242
2642,2630,14,1964,1,1964,False,1652.7362525458248,564.0356415478615
2642,2630,38,12100,1,12100,False,177.74297520661156,731.2920661157025
2642,2630,75,5620,1,5620,False,1078.5782918149466,581.6943060498221
2642,2630,113,1784,1,1784,False,1950.3789237668161,614.6838565022422
2643,2631,14,1964,1,1964,False,1652.7362525458248,564.0356415478615
2643,2631,38,11948,1,11948,False,174.70287914295278,730.1591898225645
2643,2631,75,5796,1,5796,False,1078.1645962732919,583.5296756383713
2643,2631,113,1780,1,1780,False,1950.3696629213482,614.6438202247191
2644,2632,14,1964,1,1964,False,1652.8217922606925,564.0600814663951
2644,2632,38,11656,1,11656,False,174.7621825669183,729.3606726149623
2644,2632,75,5688,2,5648,False,1077.3523206751054,585.5225035161744
2644,2632,113,1784,1,1784,False,1950.3789237668161,614.6838565022422
2645,2633,14,1940,1,1940,False,1652.8340206185567,564.3680412371134
2645,2633,38,11352,1,11352,False,175.07928118393235,729.4978858350952
2645,2633,75,5596,2,5572,False,1077.0832737669764,585.5364546104361
2645,2633,113,1772,1,1772,False,1950.1794582392777,614.8115124153499
2646,2634,14,1940,1,1940,False,1652.8340206185567,564.3680412371134
2646,2634,38,11520,1,11520,False,172.6513888888889,730.1298611111112
2646,2634,75,5632,2,5596,False,1077.0923295454547,585.4133522727273
2646,2634,113,1768,1,1768,False,1950.1289592760181,614.7986425339367
2647,2635,14,1940,1,1940,False,1652.8340206185567,564.3680412371134
2647,2635,38,11188,1,11188,False,175.08348230246693,726.3526993207007
2647,2635,75,5676,2,5652,False,1076.884778012685,586.1391825229035
2647,2635,113,1768,1,1768,False,1950.1289592760181,614.7986425339367
2648,2636,14,1940,1,1940,False,1652.8340206185567,564.3680412371134
2648,2636,38,11444,1,11444,False,174.44267738552952,725.9617266689969
2648,2636,75,5504,2,5480,False,1076.9549418604652,584.9287790697674
2648,2636,113,1760,1,1760,False,1950.1636363636364,614.7136363636364
2649,2637,14,1940,1,1940,False,1652.759793814433,564.3804123711341
2649,2637,38,11052,1,11052,False,174.3414766558089,722.6672095548317
2649,2637,75,5128,3,5100,False,1077.528081123245,583.0647425897035
2649,2637,113,1784,1,1784,False,1950.3834080717488,614.5493273542601
2650,2638,14,1940,1,1940,False,1652.69793814433,564.3845360824743
2650,2638,38,10568,1,10568,False,175.5219530658592,724.3735806207419
2650,2638,75,5612,2,5588,False,1077.4223093371347,585.9540270848182
2650,2638,113,1868,1,1868,False,1950.992505353319,613.4978586723769
2651,2639,14,1932,1,1932,False,1652.636645962733,564.3592132505177
2651,2639,38,9828,1,9828,False,176.20858770858771,728.9574684574685
2651,2639,75,5580,2,5576,False,1077.1394265232973,586.0340501792116
2651,2639,113,1800,1,1800,False,1951.26,613.5711111111111
2652,2640,14,1932,1,1932,False,1652.731884057971,564.4130434782609
2652,2640,38,9756,1,9756,False,178.0342353423534,726.8140631406314
2652,2640,75,5444,1,5444,False,1077.1671565025717,585.0716385011021
2652,2640,113,1796,1,1796,False,1951.2884187082404,613.5200445434299
2653,2641,14,1920,1,1920,False,1652.5125,564.4458333333333
2653,2641,38,9804,1,9804,False,180.8549571603427,723.5656874745002
2653,2641,75,5572,2,5560,False,1077.443287867911,585.5193826274228
2653,2641,113,1784,1,1784,False,1951.3251121076232,613.4058295964126
2654,2642,14,1992,1,1992,False,1652.813253012048,564.6927710843373
2654,2642,38,9516,1,9516,False,181.61055065153425,721.2330811265238
2654,2642,75,5456,1,5456,False,1077.7771260997067,586.4046920821114
2654,2642,113,1832,1,1832,False,1952.1724890829694,612.5524017467249
2655,2643,14,1992,1,1992,False,1652.813253012048,564.6927710843373
2655,2643,38,10008,1,10008,False,182.5695443645084,716.9212629896083
2655,2643,75,5464,1,5464,False,1077.7650073206441,586.4838945827232
2655,2643,113,1832,1,1832,False,1952.1724890829694,612.5524017467249
2656,2644,14,1980,1,1980,False,1653.009090909091,564.9242424242424
2656,2644,38,10256,1,10256,False,182.53822152886116,718.899375975039
2656,2644,75,5472,1,5472,False,1077.861111111111,586.406432748538
2656,2644,113,1844,1,1844,False,1952.204989154013,612.5216919739696
2657,2645,14,1992,1,1992,False,1652.9497991967871,564.781124497992
2657,2645,38,10808,1,10808,False,186.65247964470763,721.8886010362694
2657,2645,75,5476,1,5476,False,1077.8849525200876,586.4254930606282
2657,2645,113,1844,1,1844,False,1952.204989154013,612.5216919739696
2658,2646,14,2000,1,2000,False,1652.696,564.676
2658,2646,38,10980,1,10980,False,187.87632058287795,721.5149362477231
2658,2646,75,5472,1,5472,False,1077.861111111111,586.406432748538
2658,2646,113,1844,1,1844,False,1952.204989154013,612.5216919739696
2659,2647,14,1988,1,1988,False,1652.1297786720322,564.6086519114688
2659,2647,38,10752,1,10752,False,188.87127976190476,723.110119047619
2659,2647,75,5452,1,5452,False,1077.8528980190756,586.5983125458547
2659,2647,113,1844,1,1844,False,1952.204989154013,612.5216919739696
2660,2648,14,1980,1,1980,False,1652.0353535353536,564.6292929292929
2660,2648,38,9568,1,9568,False,190.66387959866222,730.9673913043479
2660,2648,75,5296,1,5296,False,1077.297583081571,588.3232628398791
2660,2648,113,1840,1,1840,False,1952.2304347826087,612.4739130434782
2661,2649,14,1936,1,1936,False,1651.8223140495868,564.9545454545455
2661,2649,38,9200,1,9200,False,189.69826086956522,733.3739130434783
2661,2649,75,5248,1,5248,False,1077.4832317073171,588.7743902439024
2661,2649,113,1840,1,1840,False,1952.2304347826087,612.4739130434782
2662,2650,14,1916,1,1916,False,1651.794363256785,565.1471816283924
2662,2650,38,9400,1,9400,False,188.37063829787235,734.9834042553191
2662,2650,75,5248,1,5248,False,1077.4237804878048,588.7881097560976
2662,2650,113,1840,1,1840,False,1952.2304347826087,612.4739130434782
2663,2651,14,1916,1,1916,False,1651.786012526096,565.1680584551149
2663,2651,38,9800,1,9800,False,184.63551020408164,735.9742857142858
2663,2651,75,5260,1,5260,False,1077.354752851711,588.6551330798479
2663,2651,113,1840,1,1840,False,1952.2304347826087,612.4739130434782
2664,2652,14,1916,1,1916,False,1651.7526096033403,565.2432150313152
2664,2652,38,9508,1,9508,False,183.42048801009676,742.6337820782499
2664,2652,75,5272,1,5272,False,1077.3072837632776,588.716995447648
2664,2652,113,1844,1,1844,False,1952.2874186550976,612.4088937093276
2665,2653,14,1912,1,1912,False,1651.7887029288702,565.2154811715482
2665,2653,38,9244,1,9244,False,179.38965815664216,750.3398961488533
2665,2653,75,5284,1,5284,False,1077.2479182437548,588.6892505677517
2665,2653,113,1848,1,1848,False,1952.2878787878788,612.3831168831168
2666,2654,14,1908,1,1908,False,1651.736897274633,565.2211740041929
2666,2654,38,8800,1,8800,False,176.15,762.9845454545455
2666,2654,75,5272,1,5272,False,1077.150986342944,588.6775417298937
2666,2654,113,1848,1,1848,False,1952.2878787878788,612.3831168831168
2667,2655,14,1912,1,1912,False,1651.7887029288702,565.2154811715482
2667,2655,38,9224,1,9224,False,175.4549002601908,776.2979184735473
2667,2655,75,5272,1,5272,False,1077.0933232169955,588.6335356600911
2667,2655,113,1848,1,1848,False,1952.2878787878788,612.3831168831168
2668,2656,14,1912,1,1912,False,1651.7887029288702,565.2154811715482
2668,2656,38,9200,1,9200,False,172.60086956521738,783.4269565217392
2668,2656,75,5252,1,5252,False,1077.0285605483625,588.554836252856
2668,2656,113,1848,1,1848,False,1952.2878787878788,612.3831168831168
2669,2657,14,1912,1,1912,False,1651.7887029288702,565.2154811715482
2669,2657,38,8928,1,8928,False,172.93817204301075,792.2965949820789
2669,2657,75,5248,1,5248,False,1077.0243902439024,588.5838414634146
2669,2657,113,1852,1,1852,False,1952.3444924406047,612.3142548596112
2670,2658,14,1920,1,1920,False,1651.6958333333334,565.1625
2670,2658,38,8948,1,8948,False,173.84734018775146,803.5308448815377
2670,2658,75,5240,1,5240,False,1077.0526717557252,588.542748091603
2670,2658,113,1852,1,1852,False,1952.400647948164,612.27969762419
2671,2659,14,1916,1,1916,False,1651.7025052192066,565.2098121085595
2671,2659,38,9080,1,9080,False,177.45066079295154,812.642731277533
2671,2659,75,5256,1,5256,False,1076.9977168949772,588.5182648401826
2671,2659,113,1852,1,1852,False,1952.400647948164,612.27969762419
2672,2660,14,1916,1,1916,False,1651.7025052192066,565.2098121085595
2672,2660,38,8936,1,8936,False,178.78558639212176,820.4767233661594
2672,2660,75,5244,1,5244,False,1077.0232646834477,588.406941266209
2672,2660,113,1860,1,1860,False,1952.4655913978495,612.1860215053763
2673,2661,14,1896,1,1896,False,1651.5168776371308,565.175105485232
2673,2661,38,8540,1,8540,False,182.39227166276348,830.4147540983606
2673,2661,75,5240,1,5240,False,1077.046564885496,588.3946564885496
2673,2661,113,1864,1,1864,False,1952.5214592274679,612.1309012875537
2674,2662,14,1888,1,1888,False,1651.4110169491526,565.1440677966102
2674,2662,38,8088,1,8088,False,185.62166172106825,838.6463897131553
2674,2662,75,5244,1,5244,False,1077.0278413424867,588.3810068649885
2674,2662,113,1864,1,1864,False,1952.4656652360516,612.1609442060086
2675,2663,14,1892,1,1892,False,1651.3752642706131,565.1723044397463
2675,2663,38,8852,1,8852,False,189.3052417532761,846.8027564392228
2675,2663,75,5240,1,5240,False,1077.0435114503816,588.3442748091603
2675,2663,113,1872,1,1872,False,1952.568376068376,612.0769230769231
2676,2664,14,1896,1,1896,False,1651.457805907173,565.1708860759494
2676,2664,38,9388,1,9388,False,194.36280357903706,858.2383894333192
2676,2664,75,5228,1,5228,False,1077.0768936495792,588.3837031369549
2676,2664,113,1872,1,1872,False,1952.568376068376,612.0769230769231
2677,2665,14,1892,1,1892,False,1651.531712473573,565.1131078224101
2677,2665,38,9660,1,9660,False,202.3832298136646,871.4341614906832
2677,2665,75,5228,1,5228,False,1077.1151491966334,588.3301453710789
2677,2665,113,1872,1,1872,False,1952.568376068376,612.0769230769231
2678,2666,14,1900,1,1900,False,1651.6031578947368,565.2326315789473
2678,2666,38,9684,1,9684,False,213.39467162329615,885.2914085088806
2678,2666,75,5228,1,5228,False,1077.1151491966334,588.3301453710789
2678,2666,113,1864,1,1864,False,1952.4656652360516,612.1609442060086
2679,2667,14,1896,1,1896,False,1651.740506329114,565.2004219409283
2679,2667,38,10576,1,10576,False,227.23978819969741,901.0756429652042
2679,2667,75,5220,1,5220,False,1077.0961685823754,588.2655172413793
2679,2667,113,1876,1,1876,False,1952.6151385927506,612.0522388059702
2680,2668,14,1904,1,1904,False,1651.735294117647,565.3025210084033
2680,2668,38,12144,1,12144,False,242.42028985507247,921.7536231884058
2680,2668,75,5220,1,5220,False,1077.0471264367816,588.2103448275863
2680,2668,113,1876,1,1876,False,1952.6151385927506,612.0522388059702
2681,2669,14,1900,1,1900,False,1651.8305263157895,565.3084210526316
2681,2669,38,13120,1,13120,False,249.00243902439024,937.7012195121952
2681,2669,75,5288,1,5288,False,1076.906959152799,587.5605143721634
2681,2669,113,1864,1,1864,False,1952.4656652360516,612.1609442060086
2682,2670,14,1904,1,1904,False,1651.7689075630253,565.3277310924369
2682,2670,38,12724,1,12724,False,256.9017604526878,954.8005344231374
2682,2670,75,5396,1,5396,False,1076.889918458117,586.3636026686435
2682,2670,113,1856,1,1856,False,1952.375,612.176724137931
2683,2671,14,1904,1,1904,False,1651.7689075630253,565.3277310924369
2683,2671,38,13088,1,13088,False,257.7878973105135,967.4083129584352
2683,2671,75,5368,1,5368,False,1076.9023845007453,586.5089418777943
2683,2671,113,1852,1,1852,False,1952.4352051835854,612.1241900647948
2684,2672,14,1908,1,1908,False,1651.7327044025158,565.3553459119497
2684,2672,38,15036,1,15036,False,261.24275073157753,986.0344506517691
2684,2672,75,5364,1,5364,False,1076.9175988068605,586.4716629381059
2684,2672,113,1852,1,1852,False,1952.5691144708424,612.0334773218143
2685,2673,14,1896,1,1896,False,1651.7616033755273,565.331223628692
2685,2673,38,17416,1,17416,False,267.6341295360588,1004.8918236104731
2685,2673,75,5380,1,5380,False,1076.9193308550186,586.5490706319703
2685,2673,113,1848,1,1848,False,1952.512987012987,612.1017316017316
2686,2674,14,1896,1,1896,False,1651.795358649789,565.4240506329114
2686,2674,38,19084,1,19084,False,275.09442464892055,1023.7529867952211
2686,2674,75,5376,1,5376,False,1076.904761904762,586.5699404761905
2686,2674,113,1860,1,1860,False,1952.6720430107528,611.9494623655914
2687,2675,14,1892,1,1892,False,1651.7811839323467,565.3794926004229
2687,2675,38,23532,1,23532,False,269.67729049804524,1032.593149753527
2687,2675,75,5380,1,5380,False,1076.9014869888476,586.6100371747212
2687,2675,113,1860,1,1860,False,1952.6720430107528,611.9494623655914
2688,2676,14,1876,1,1876,False,1651.6215351812366,565.3272921108742
2688,2676,38,26340,3,26320,False,259.3646924829157,1047.5475322703112
2688,2676,75,5392,1,5392,False,1076.9183976261127,586.5964391691394
2688,2676,113,1836,1,1836,False,1952.4520697167757,612.0860566448802
2689,2677,14,1872,1,1872,False,1651.6495726495727,565.3717948717949
2689,2677,38,27728,1,27728,False,262.7117714945182,1066.6803231390652
2689,2677,75,5388,1,5388,False,1076.9097995545658,586.6291759465479
2689,2677,113,1836,1,1836,False,1952.4520697167757,612.0860566448802
2690,2678,14,1872,1,1872,False,1651.6495726495727,565.3717948717949
2690,2678,38,29116,1,29116,False,258.2606814122819,1083.8718917433714
2690,2678,75,5388,1,5388,False,1076.9097995545658,586.6291759465479
2690,2678,113,1836,1,1836,False,1952.4520697167757,612.0860566448802
2691,2679,14,1880,1,1880,False,1651.495744680851,565.3978723404256
2691,2679,38,29556,1,29556,False,251.07951008255515,1096.3565435106239
2691,2679,75,5384,1,5384,False,1076.8863298662704,586.6144130757801
2691,2679,113,1836,1,1836,False,1952.4520697167757,612.0860566448802
2692,2680,14,1884,1,1884,False,1651.531847133758,565.3662420382166
2692,2680,38,33212,1,33212,False,227.10532337709262,1101.7629170179453
2692,2680,75,5388,1,5388,False,1076.9097995545658,586.6291759465479
2692,2680,113,1836,1,1836,False,1952.4520697167757,612.0860566448802
2693,2681,14,1884,1,1884,False,1651.531847133758,565.3662420382166
2693,2681,38,37116,1,37116,False,212.29480547472787,1106.5640155189137
2693,2681,75,5392,1,5392,False,1076.893175074184,586.6661721068249
2693,2681,113,1836,1,1836,False,1952.4520697167757,612.0860566448802
2694,2682,14,1884,1,1884,False,1651.531847133758,565.3662420382166
2694,2682,38,38160,1,38160,False,209.0511530398323,1119.6088050314465
2694,2682,75,5388,1,5388,False,1076.869710467706,586.6514476614699
2694,2682,113,1836,1,1836,False,1952.4520697167757,612.0860566448802
2695,2683,14,1880,1,1880,False,1651.5893617021277,565.3638297872341
2695,2683,38,40356,1,40356,False,203.69218951333136,1128.1053127168202
2695,2683,75,5384,1,5384,False,1076.8818722139672,586.6783060921248
2695,2683,113,1836,1,1836,False,1952.4520697167757,612.0860566448802
2696,2684,14,1880,1,1880,False,1651.5893617021277,565.3638297872341
2696,2684,38,41968,1,41968,False,197.71235226839497,1129.647159740755
2696,2684,75,5236,1,5236,False,1076.848357524828,587.9102368220015
2696,2684,113,1836,1,1836,False,1952.4520697167757,612.0860566448802
2697,2685,14,1884,1,1884,False,1651.6422505307855,565.3874734607218
2697,2685,38,45824,1,45824,False,181.37168296089385,1132.0040153631285
2697,2685,75,5240,1,5240,False,1077.1870229007634,588.1320610687023
2697,2685,113,1836,1,1836,False,1952.430283224401,612.0119825708061
2698,2686,14,1888,1,1888,False,1651.6906779661017,565.4279661016949
2698,2686,38,45756,1,45756,False,173.4906460354926,1139.2145729521812
2698,2686,75,5292,1,5292,False,1077.277021919879,587.5294784580499
2698,2686,113,1856,1,1856,False,1952.5603448275863,611.8577586206897
2699,2687,14,1900,1,1900,False,1651.6326315789474,565.401052631579
2699,2687,38,45932,1,45932,False,162.8986763041017,1140.2631281024123
2699,2687,75,5292,1,5292,False,1077.1318972033257,587.5536659108087
2699,2687,113,1856,1,1856,False,1952.5603448275863,611.8577586206897
2700,2688,14,1908,1,1908,False,1651.5691823899372,565.430817610063
2700,2688,38,49856,1,49856,True,138.426026957638,1123.9492939666238
2700,2688,75,5220,1,5220,False,1077.0716475095785,588.42030651341
2700,2688,113,1852,1,1852,False,1952.487041036717,611.8088552915767
2701,2689,14,1884,1,1884,False,1651.595541401274,565.6592356687898
2701,2689,38,47836,1,47836,True,120.93782924993728,1109.895099924743
2701,2689,75,5244,1,5244,False,1077.0446224256293,588.1384439359268
2701,2689,113,1852,1,1852,False,1952.5,611.7526997840173
2702,2690,14,1876,1,1876,False,1651.493603411514,565.6897654584221
2702,2690,38,43416,1,43416,True,104.32623917449789,1099.964160678091
2702,2690,75,5236,1,5236,False,1076.9950343773874,588.1027501909855
2702,2690,113,1844,1,1844,False,1952.4088937093275,611.7711496746203
2703,2691,14,1868,1,1868,False,1651.6263383297644,565.8361884368309
2703,2691,38,37484,1,37484,True,90.52945256642835,1098.1130615729378
2703,2691,75,5252,1,5252,False,1076.9782939832444,588.0597867479056
2703,2691,113,1848,1,1848,False,1952.409090909091,611.7424242424242
2704,2692,14,1872,1,1872,False,1651.5897435897436,565.7948717948718
2704,2692,38,34400,1,34400,True,85.68511627906977,1099.2590697674418
2704,2692,75,5264,1,5264,False,1076.937689969605,587.9908814589666
2704,2692,113,1852,1,1852,False,1952.379049676026,611.744060475162
2705,2693,14,1884,1,1884,False,1651.7696390658175,565.8418259023355
2705,2693,38,33852,1,33852,True,87.05748552522746,1103.1357083776438
2705,2693,75,5256,1,5256,False,1076.871385083714,587.9885844748859
2705,2693,113,1860,1,1860,False,1952.5301075268817,611.6612903225806
2706,2694,14,1868,1,1868,False,1651.7591006423984,565.8832976445397
2706,2694,38,34580,1,34580,True,89.91145170618854,1121.4274725274724
2706,2694,75,5264,1,5264,False,1076.5212765957447,587.7401215805471
2706,2694,113,1856,1,1856,False,1952.4741379310344,611.7284482758621
2707,2695,14,1872,1,1872,False,1651.7735042735044,565.9273504273505
2707,2695,38,35160,1,35160,True,98.23151308304892,1144.090443686007
2707,2695,75,5324,1,5324,False,1076.462434259955,586.4939894815927
2707,2695,113,1856,1,1856,False,1952.4741379310344,611.7284482758621
2708,2696,14,1868,1,1868,False,1651.7591006423984,565.8832976445397
2708,2696,38,35808,1,35808,True,102.94615728328866,1150.048927613941
2708,2696,75,5324,1,5324,False,1076.4444027047332,586.3497370398197
2708,2696,113,1852,1,1852,False,1952.5043196544277,611.7267818574514
2709,2697,14,1864,1,1864,False,1651.7317596566525,565.9206008583691
2709,2697,38,37096,1,37096,True,105.57526417942636,1148.4566530084105
2709,2697,75,5352,1,5352,False,1076.414798206278,586.1263079222721
2709,2697,113,1860,1,1860,False,1952.5301075268817,611.6612903225806
2710,2698,14,1872,1,1872,False,1651.7307692307693,566.0
2710,2698,38,37896,1,37896,True,105.92115262824572,1149.100591091408
2710,2698,75,5360,1,5360,False,1076.4283582089552,586.0477611940298
2710,2698,113,1848,1,1848,False,1952.1796536796537,611.8160173160173
2711,2699,14,1872,1,1872,False,1651.7307692307693,566.0
2711,2699,38,38216,1,38216,True,106.70661503035377,1150.650931546996
2711,2699,75,5360,1,5360,False,1076.465671641791,586.0313432835821
2711,2699,113,1848,1,1848,False,1952.3225108225108,611.7554112554112
2712,2700,14,1876,1,1876,False,1651.681236673774,565.9754797441365
2712,2700,38,41612,1,41612,True,103.2807363260598,1141.7463712390656
2712,2700,75,5360,1,5360,False,1076.465671641791,586.0313432835821
2712,2700,113,1836,1,1836,False,1952.2952069716775,611.8769063180828
2713,2701,14,1876,1,1876,False,1651.681236673774,565.9754797441365
2713,2701,38,43256,1,43256,True,102.76317736267801,1137.8007212872203
2713,2701,75,5372,1,5372,False,1076.4627699180937,586.0845122859271
2713,2701,113,1836,1,1836,False,1952.2952069716775,611.8769063180828
2714,2702,14,1864,1,1864,False,1651.6030042918455,566.0236051502146
2714,2702,38,43304,1,43304,True,104.93875854424533,1138.9845741732865
2714,2702,75,5368,1,5368,False,1076.4791356184799,586.048435171386
2714,2702,113,1836,1,1836,False,1952.2952069716775,611.8769063180828
2715,2703,14,1860,1,1860,False,1651.5838709677419,566.0655913978495
2715,2703,38,44116,1,44116,True,105.37424063831716,1140.286744038444
2715,2703,75,5364,1,5364,False,1076.4433258762117,586.1420581655481
2715,2703,113,1848,1,1848,False,1952.3658008658008,611.8852813852814
2716,2704,14,1856,1,1856,False,1651.3577586206898,566.0689655172414
2716,2704,38,42240,1,42240,True,111.84867424242424,1155.551515151515
2716,2704,75,5360,1,5360,False,1076.4626865671642,586.1671641791045
2716,2704,113,1852,1,1852,False,1952.4179265658747,611.804535637149
2717,2705,14,1860,1,1860,False,1651.3860215053764,566.1258064516129
2717,2705,38,42312,1,42312,True,113.02032520325203,1158.0708073359804
2717,2705,75,5376,1,5376,False,1076.4449404761904,586.1190476190476
2717,2705,113,1856,1,1856,False,1952.6637931034484,611.7025862068965
2718,2706,14,1844,1,1844,False,1651.5281995661605,566.2353579175705
2718,2706,38,43628,1,43628,True,114.7392958650408,1159.9451269826716
2718,2706,75,5376,1,5376,False,1076.4122023809523,586.1636904761905
2718,2706,113,1860,1,1860,False,1952.6032258064515,611.7559139784946
2719,2707,14,1824,1,1824,False,1651.5570175438597,566.3333333333334
2719,2707,38,44504,1,44504,True,116.98409131763437,1161.5451195398166
2719,2707,75,5364,1,5364,False,1076.3404175988069,586.1017897091723
2719,2707,113,1856,1,1856,False,1952.551724137931,611.7974137931035
2720,2708,14,1816,1,1816,False,1651.5837004405287,566.4383259911895
2720,2708,38,45108,1,45108,True,119.20089562826993,1158.7727675800302
2720,2708,75,5364,1,5364,False,1076.300149142431,586.0988068605518
2720,2708,113,1848,1,1848,False,1952.54329004329,611.8636363636364
2721,2709,14,1820,1,1820,False,1651.5681318681318,566.4736263736264
2721,2709,38,44356,1,44356,True,124.01934349355217,1159.6272432139958
2721,2709,75,5368,1,5368,False,1076.306259314456,586.2168405365127
2721,2709,113,1840,1,1840,False,1952.4347826086957,611.9695652173913
2722,2710,14,1820,1,1820,False,1651.5681318681318,566.4736263736264
2722,2710,38,44040,1,44040,True,129.96575840145323,1160.1314259763851
2722,2710,75,5364,1,5364,False,1076.250932140194,586.1435495898584
2722,2710,113,1840,1,1840,False,1952.4913043478261,611.9217391304347
2723,2711,14,1820,1,1820,False,1651.634065934066,566.4868131868132
2723,2711,38,46280,1,46280,True,136.09550561797752,1157.8683664649957
2723,2711,75,5328,1,5328,False,1075.9624624624626,586.7147147147147
2723,2711,113,1840,1,1840,False,1952.4913043478261,611.9217391304347
2724,2712,14,1796,1,1796,False,1652.3841870824053,565.9031180400891
2724,2712,38,49328,1,49328,True,143.61336360687642,1157.1372040220565
2724,2712,75,5540,1,5540,False,1075.328880866426,586.6299638989169
2724,2712,113,1800,1,1800,False,1951.1133333333332,613.3666666666667
2725,2713,14,1804,1,1804,False,1652.4467849223947,565.9190687361419
2725,2713,38,47512,1,47512,True,153.34677555143963,1159.2992928102374
2725,2713,75,5532,1,5532,False,1075.5426608821404,586.6084598698482
2725,2713,113,1832,1,1832,False,1951.4257641921397,613.1026200873363
2726,2714,14,1788,1,1788,False,1652.0749440715883,566.6789709172259
2726,2714,38,44352,1,44352,False,163.00468975468976,1166.8048340548341
2726,2714,75,5380,1,5380,False,1076.1847583643123,585.967657992565
2726,2714,113,1832,1,1832,False,1952.264192139738,612.203056768559
2727,2715,14,1768,1,1768,False,1652.0158371040725,566.8529411764706
2727,2715,38,40512,1,40512,False,172.5768167456556,1172.923775671406
2727,2715,75,5388,1,5388,False,1076.2995545657016,586.1273199703044
2727,2715,113,1836,1,1836,False,1952.2908496732025,612.2385620915032
2728,2716,14,1752,1,1752,False,1652.1301369863013,567.1392694063927
2728,2716,38,42948,1,42948,False,170.62536090155538,1161.0802365651487
2728,2716,75,5408,1,5408,False,1076.3032544378698,586.1997041420118
2728,2716,113,1840,1,1840,False,1952.182608695652,612.2869565217392
2729,2717,14,1752,1,1752,False,1652.2488584474886,567.2077625570777
2729,2717,38,41096,1,41096,False,172.68026085263773,1161.5807864512362
2729,2717,75,5416,1,5416,False,1076.2740029542097,586.2474150664697
2729,2717,113,1840,1,1840,False,1952.195652173913,612.2869565217392
2730,2718,14,1752,1,1752,False,1652.6187214611873,567.4497716894978
2730,2718,38,42672,1,42672,False,178.97787776527935,1160.3667041619797
2730,2718,75,5416,1,5416,False,1076.3035450516986,586.1646971935007
2730,2718,113,1836,1,1836,False,1952.2821350762526,612.2298474945534
2731,2719,14,1732,1,1732,False,1652.7909930715934,567.7101616628175
2731,2719,38,43472,1,43472,False,184.05465587044534,1144.9112992270886
2731,2719,75,5420,1,5420,False,1076.2859778597785,586.2003690036901
2731,2719,113,1840,1,1840,False,1952.1869565217391,612.2869565217392
2732,2720,14,1736,1,1736,False,1652.7119815668202,567.7119815668203
2732,2720,38,45640,1,45640,False,188.0982471516214,1131.3744960560912
2732,2720,75,5420,1,5420,False,1076.2859778597785,586.2003690036901
2732,2720,113,1848,1,1848,False,1952.3008658008657,612.1580086580086
2733,2721,14,1720,1,1720,False,1652.9232558139536,567.8860465116279
2733,2721,38,35596,1,35596,False,209.651140577593,1119.778570625913
2733,2721,75,5412,1,5412,False,1076.330007390983,586.3152254249816
2733,2721,113,1852,1,1852,False,1952.3228941684665,612.0896328293736
2734,2722,14,1716,1,1716,False,1652.9242424242425,567.9358974358975
2734,2722,38,35104,1,35104,False,221.96171376481314,1109.8024156791248
2734,2722,75,5412,1,5412,False,1076.330007390983,586.3152254249816
2734,2722,113,1856,1,1856,False,1952.3577586206898,612.1206896551724
2735,2723,14,1716,1,1716,False,1652.8123543123543,567.8892773892774
2735,2723,38,31200,1,31200,False,238.71589743589743,1088.0902564102564
2735,2723,75,5412,1,5412,False,1076.330007390983,586.3152254249816
2735,2723,113,1840,1,1840,False,1952.3086956521738,612.2739130434783
2736,2724,14,1720,1,1720,False,1652.793023255814,567.9232558139535
2736,2724,38,30408,1,30408,False,246.70231518021572,1067.496053670087
2736,2724,75,5420,1,5420,False,1076.430627306273,586.2047970479705
2736,2724,113,1852,1,1852,False,1952.2365010799135,612.3444924406048
2737,2725,14,1712,1,1712,False,1652.7897196261683,567.9906542056075
2737,2725,38,26564,1,26564,False,259.20742358078604,1052.1940219846408
2737,2725,75,5424,1,5424,False,1076.3923303834808,586.240412979351
2737,2725,113,1856,1,1856,False,1952.125,612.3275862068965
2738,2726,14,1708,1,1708,False,1652.7388758782201,568.0035128805621
2738,2726,38,25344,1,25344,False,266.4453914141414,1042.7910353535353
2738,2726,75,5412,1,5412,False,1076.4305247597931,586.2280118255728
2738,2726,113,1848,1,1848,False,1952.1450216450216,612.3354978354978
2739,2727,14,1696,1,1696,False,1652.7924528301887,568.1415094339623
2739,2727,38,24464,1,24464,False,270.6043165467626,1027.5297580117724
2739,2727,75,5404,1,5404,False,1076.423019985196,586.1535899333827
2739,2727,113,1848,1,1848,False,1952.2792207792209,612.2619047619048
2740,2728,14,1688,1,1688,False,1652.8175355450237,568.1587677725119
2740,2728,38,21940,1,21940,False,271.1650865998177,990.0781221513217
2740,2728,75,5400,1,5400,False,1076.4822222222222,586.2140740740741
2740,2728,113,1844,1,1844,False,1952.4175704989154,612.2310195227766
2741,2729,14,1692,1,1692,False,1652.8356973995271,568.2021276595744
2741,2729,38,21760,1,21760,False,275.99375,974.2823529411764
2741,2729,75,5404,1,5404,False,1076.4763138415988,586.240932642487
2741,2729,113,1840,1,1840,False,1952.4521739130435,612.1826086956522
2742,2730,14,1692,1,1692,False,1652.8356973995271,568.2021276595744
2742,2730,38,18752,1,18752,False,281.36732081911265,963.0716723549488
2742,2730,75,5400,1,5400,False,1076.5,586.22
2742,2730,113,1840,1,1840,False,1952.4217391304348,612.2652173913043
2743,2731,14,1692,1,1692,False,1652.8356973995271,568.2021276595744
2743,2731,38,18612,1,18612,False,280.5855362131958,943.6252955082742
2743,2731,75,5400,1,5400,False,1076.5,586.22
2743,2731,113,1844,1,1844,False,1952.326464208243,612.3134490238612
2744,2732,14,1692,1,1692,False,1652.8356973995271,568.2021276595744
2744,2732,38,17892,1,17892,False,276.8751397272524,914.4521573887771
2744,2732,75,5396,1,5396,False,1076.4851742031135,586.1886582653817
2744,2732,113,1852,1,1852,False,1952.4697624190064,612.2624190064795
2745,2733,14,1696,1,1696,False,1652.7830188679245,568.188679245283
2745,2733,38,16356,1,16356,False,277.16715578381024,907.5408412814869
2745,2733,75,5396,1,5396,False,1076.4851742031135,586.1886582653817
2745,2733,113,1784,1,1784,False,1951.92600896861,613.6793721973094
2746,2734,14,1696,1,1696,False,1652.7830188679245,568.188679245283
2746,2734,38,15204,1,15204,False,275.2519073927914,903.419757958432
2746,2734,75,5396,1,5396,False,1076.4851742031135,586.1886582653817
2746,2734,113,1800,1,1800,False,1951.9533333333334,614.3133333333334
2747,2735,14,1696,1,1696,False,1652.7830188679245,568.188679245283
2747,2735,38,14888,1,14888,False,269.66442772702845,895.0147770016121
2747,2735,75,5392,1,5392,False,1076.494065281899,586.2359050445103
2747,2735,113,1828,1,1828,False,1952.4168490153172,614.5568927789934
2748,2736,14,1696,1,1696,False,1652.7830188679245,568.188679245283
2748,2736,38,15292,1,15292,False,259.12830238032956,875.299372220769
2748,2736,75,5416,1,5416,False,1076.5753323485967,585.9667651403249
2748,2736,113,1880,1,1880,False,1952.904255319149,614.3170212765957
2749,2737,14,1684,1,1684,False,1652.6187648456057,568.1389548693587
2749,2737,38,15080,1,15080,False,253.44641909814322,861.7726790450928
2749,2737,75,5536,1,5536,False,1076.836705202312,585.2109826589596
2749,2737,113,1880,1,1880,False,1953.3297872340424,614.4021276595745
2750,2738,14,1660,1,1660,False,1652.2975903614458,568.1481927710844
2750,2738,38,14052,1,14052,False,250.43111300882435,860.5842584685454
2750,2738,75,5552,1,5552,False,1076.8559077809798,585.0389048991354
2750,2738,113,1936,1,1936,False,1954.1157024793388,614.99173553719
2751,2739,14,1668,1,1668,False,1651.9676258992806,568.0107913669065
2751,2739,38,13592,1,13592,False,246.8413772807534,858.85079458505
2751,2739,75,5548,1,5548,False,1076.947007930786,584.9066330209084
2751,2739,113,1988,1,1988,False,1955.0674044265593,614.9909456740443
2752,2740,14,1668,1,1668,False,1651.8429256594725,568.0347721822542
2752,2740,38,13440,1,13440,False,238.39404761904763,848.0869047619047
2752,2740,75,5556,1,5556,False,1076.9895608351333,584.8858891288697
2752,2740,113,1992,1,1992,False,1955.6807228915663,615.3232931726908
2753,2741,14,1672,1,1672,False,1651.7105263157894,567.9066985645933
2753,2741,38,13620,1,13620,False,225.37224669603523,828.3754772393539
2753,2741,75,5552,1,5552,False,1077.0100864553315,584.8804034582132
2753,2741,113,2000,1,2000,False,1957.536,614.952
2754,2742,14,1664,1,1664,False,1651.3798076923076,567.7836538461538
2754,2742,38,12192,1,12192,False,214.11351706036746,813.9402887139107
2754,2742,75,5548,1,5548,False,1076.9585436193222,585.0695746214852
2754,2742,113,2008,1,2008,False,1959.1972111553785,614.2131474103586
2755,2743,14,1644,1,1644,False,1650.3929440389295,567.4586374695864
2755,2743,38,11404,1,11404,False,207.8286566117152,809.6834444054717
2755,2743,75,5524,1,5524,False,1076.8070238957278,585.3052136133236
2755,2743,113,2052,1,2052,False,1961.2446393762184,613.3382066276803
2756,2744,14,1636,1,1636,False,1650.020782396088,567.424205378973
2756,2744,38,11940,1,11940,False,199.73819095477387,797.4420435510888
2756,2744,75,5524,1,5524,False,1076.8070238957278,585.3052136133236
2756,2744,113,2048,1,2048,False,1962.7265625,613.12890625
2757,2745,14,1628,1,1628,False,1649.6547911547912,567.4287469287469
2757,2745,38,13176,1,13176,False,192.84669095324833,784.5437158469946
2757,2745,75,5516,1,5516,False,1076.8074691805657,585.3556925308194
2757,2745,113,2048,1,2048,False,1963.921875,613.3828125
2758,2746,14,1616,1,1616,False,1648.7821782178219,566.9554455445544
2758,2746,38,12592,1,12592,False,188.85451080050825,782.0133418043202
2758,2746,75,5516,1,5516,False,1076.8074691805657,585.3556925308194
2758,2746,113,2128,1,2128,False,1964.687969924812,614.6015037593985
2759,2747,14,1620,1,1620,False,1648.0506172839507,566.6333333333333
2759,2747,38,12184,1,12184,False,185.51247537754432,779.8263296126067
2759,2747,75,5516,1,5516,False,1076.8074691805657,585.3556925308194
2759,2747,113,2124,1,2124,False,1965.6638418079096,615.5169491525423
2760,2748,14,1620,1,1620,False,1647.6358024691358,566.420987654321
2760,2748,38,13268,1,13268,False,177.27117877600242,761.8476032559541
2760,2748,75,5516,1,5516,False,1076.8074691805657,585.3556925308194
2760,2748,113,2152,1,2152,False,1966.1505576208178,615.953531598513
2761,2749,14,1608,1,1608,False,1647.1965174129352,566.2711442786069
2761,2749,38,13412,1,13412,False,170.05204294661496,749.7299433343275
2761,2749,75,5536,1,5536,False,1076.9537572254335,585.1445086705203
2761,2749,113,2156,1,2156,False,1966.6929499072355,615.4165120593692
2762,2750,14,1568,1,1568,False,1646.4489795918366,566.3622448979592
2762,2750,38,13316,1,13316,False,164.28131571042354,743.932862721538
2762,2750,75,5524,1,5524,False,1077.0300506879073,585.0503258508327
2762,2750,113,2072,1,2072,False,1967.0444015444016,615.8166023166024
2763,2751,14,1572,1,1572,False,1646.1590330788804,566.3066157760815
2763,2751,38,12652,1,12652,False,162.10037938665823,742.2217831172937
2763,2751,75,5572,1,5572,False,1077.2925340990669,584.8015075376884
2763,2751,113,2056,1,2056,False,1967.6984435797665,613.5817120622568
2764,2752,14,1580,1,1580,False,1645.679746835443,566.2367088607594
2764,2752,38,12756,1,12756,False,160.26857949200377,737.5893697083725
2764,2752,75,5580,1,5580,False,1077.4333333333334,584.7910394265233
2764,2752,113,1948,1,1948,False,1967.8552361396303,612.3480492813142
2765,2753,14,1572,1,1572,False,1644.886768447837,565.9758269720102
2765,2753,38,12164,1,12164,False,160.20930614929298,742.797928313055
2765,2753,75,5572,1,5572,False,1077.4992821249102,584.8144292893037
2765,2753,113,1924,1,1924,False,1967.1943866943866,611.7598752598752
2766,2754,14,1608,1,1608,False,1643.8681592039802,565.0522388059702
2766,2754,38,11652,1,11652,False,160.37916237555785,747.9445588740131
2766,2754,75,5792,1,5792,False,1077.5635359116022,583.8411602209944
2766,2754,113,1992,1,1992,False,1967.3313253012047,613.4558232931727
2767,2755,14,1512,1,1512,False,1642.0873015873017,564.5846560846561
2767,2755,38,10484,1,10484,False,163.05322396032048,753.2867226249523
2767,2755,75,5824,1,5824,False,1077.743131868132,583.820054945055
2767,2755,113,1968,1,1968,False,1966.0934959349593,613.4674796747968
2768,2756,14,1444,1,1444,False,1640.5664819944598,564.2617728531856
2768,2756,38,11048,1,11048,False,166.3254887762491,754.0365677045619
2768,2756,75,5784,1,5784,False,1077.9384508990317,583.920470262794
2768,2756,113,1908,1,1908,False,1963.5691823899372,613.7410901467505
2769,2757,14,1480,1,1480,False,1639.2729729729729,564.6945945945946
2769,2757,38,10624,1,10624,False,167.2379518072289,748.3870481927711
2769,2757,75,5592,1,5592,False,1078.3755364806866,584.8247496423462
2769,2757,113,1852,1,1852,False,1958.901727861771,612.2580993520519
2770,2758,14,1424,1,1424,False,1636.2752808988764,563.8314606741573
2770,2758,38,10500,1,10500,False,169.17885714285714,748.3201904761905
2770,2758,75,5584,1,5584,False,1078.3925501432664,584.9226361031518
2770,2758,113,1860,2,1856,False,1955.1924731182796,611.2268817204301
2771,2759,14,1388,1,1388,False,1633.3299711815562,563.2031700288185
2771,2759,38,10092,1,10092,False,171.75881886642887,750.549940546968
2771,2759,75,5584,1,5584,False,1078.4255014326648,585.0931232091691
2771,2759,113,1896,1,1896,False,1951.8881856540083,610.3185654008439
2772,2760,14,1284,1,1284,False,1629.5841121495328,562.2071651090342
2772,2760,38,9740,1,9740,False,172.98213552361398,754.0466119096509
2772,2760,75,5584,1,5584,False,1078.4756446991405,585.1346704871061
2772,2760,113,1944,1,1944,False,1948.775720164609,608.9609053497942
2773,2761,14,1252,1,1252,False,1625.6246006389777,561.6182108626198
2773,2761,38,10028,1,10028,False,176.24232149980057,749.3839250099721
2773,2761,75,5604,1,5604,False,1078.6399000713775,585.1266952177017
2773,2761,113,1964,1,1964,False,1946.2393075356415,608.4633401221996
2774,2762,14,1400,1,1400,False,1623.3628571428571,562.6542857142857
2774,2762,38,10020,1,10020,False,178.91437125748504,743.2608782435129
2774,2762,75,5584,1,5584,False,1078.7234957020057,585.3681948424069
2774,2762,113,1928,1,1928,False,1944.1390041493776,608.4087136929461
2775,2763,14,1372,1,1372,False,1621.7186588921284,562.2201166180758
2775,2763,38,10552,1,10552,False,180.74412433661865,732.8957543593632
2775,2763,75,5532,1,5532,False,1078.5809833694866,586.086406362979
2775,2763,113,1900,1,1900,False,1941.8473684210526,607.7631578947369
2776,2764,14,1396,1,1396,False,1620.5286532951288,562.2650429799427
2776,2764,38,9624,1,9624,False,180.46425602660017,724.5689941812136
2776,2764,75,5524,1,5524,False,1078.7809558291094,586.3435916002896
2776,2764,113,1904,1,1904,False,1938.638655462185,606.6386554621848
2777,2765,14,1384,1,1384,False,1618.9855491329479,561.7543352601156
2777,2765,38,9380,1,9380,False,181.14904051172707,721.5754797441365
2777,2765,75,5520,1,5520,False,1079.068115942029,586.4188405797101
2777,2765,113,1836,1,1836,False,1935.6328976034858,606.8093681917211
2778,2766,14,1376,1,1376,False,1617.2790697674418,561.0523255813954
2778,2766,38,9448,1,9448,False,182.68797629127857,726.1316680779
2778,2766,75,5520,1,5520,False,1079.068115942029,586.4188405797101
2778,2766,113,1808,1,1808,False,1931.845132743363,605.0088495575221
2779,2767,14,1392,1,1392,False,1616.2586206896551,561.3793103448276
2779,2767,38,9924,1,9924,False,180.47984683595325,726.319427650141
2779,2767,75,5512,1,5512,False,1079.0747460087082,586.4941944847606
2779,2767,113,1840,1,1840,False,1928.2173913043478,602.7565217391304
2780,2768,14,1412,1,1412,False,1615.0779036827196,560.8739376770538
2780,2768,38,9836,1,9836,False,178.75213501423343,722.1258641724278
2780,2768,75,5504,1,5504,False,1079.110465116279,586.5072674418604
2780,2768,113,1780,1,1780,False,1925.4977528089887,601.708988764045
2781,2769,14,1528,2,1520,False,1614.15445026178,560.850785340314
2781,2769,38,9588,2,9584,False,179.37108886107634,723.0623696287024
2781,2769,75,5492,1,5492,False,1079.1860888565186,586.4490167516387
2781,2769,113,1760,1,1760,False,1922.6909090909091,600.1863636363636
2782,2770,14,1536,1,1536,False,1612.859375,560.3697916666666
2782,2770,38,9920,1,9920,False,180.58709677419355,719.0854838709678
2782,2770,75,5492,1,5492,False,1079.1860888565186,586.4490167516387
2782,2770,113,1752,1,1752,False,1920.230593607306,599.2579908675799
2783,2771,14,1580,1,1580,False,1612.267088607595,559.9481012658227
2783,2771,38,10048,1,10048,False,178.6934713375796,715.4745222929936
2783,2771,75,5404,1,5404,False,1078.8493708364174,587.6250925240563
2783,2771,113,1764,1,1764,False,1918.781179138322,598.9444444444445
2784,2772,14,1588,1,1588,False,1611.910579345088,560.3891687657431
2784,2772,38,9600,1,9600,False,177.1125,713.8066666666666
2784,2772,75,5176,1,5176,False,1079.1074188562598,589.385625965997
2784,2772,113,1792,1,1792,False,1916.46875,598.3169642857143
2785,2773,14,1660,1,1660,False,1610.7313253012048,561.8686746987952
2785,2773,38,9300,1,9300,False,176.8294623655914,712.3417204301076
2785,2773,75,5232,1,5232,False,1079.4097859327217,589.4954128440367
2785,2773,113,1784,1,1784,False,1914.719730941704,598.8318385650224
2786,2774,14,1608,1,1608,False,1609.4353233830846,562.2611940298508
2786,2774,38,8936,1,8936,False,176.95747538048343,714.6495076096687
2786,2774,75,5192,1,5192,False,1079.193374422188,589.6818181818181
2786,2774,113,1800,1,1800,False,1911.7,598.9666666666667
2787,2775,14,1676,1,1676,False,1609.1396181384248,564.2899761336515
2787,2775,38,8716,1,8716,False,176.874483708123,716.2090408444241
2787,2775,75,5176,1,5176,False,1079.1908809891809,589.9714064914992
2787,2775,113,1836,1,1836,False,1908.5915032679738,597.8769063180828
2788,2776,14,1708,1,1708,False,1608.2377049180327,564.6451990632319
2788,2776,38,9100,1,9100,False,177.99362637362637,714.1228571428571
2788,2776,75,5152,1,5152,False,1079.276397515528,589.9922360248447
2788,2776,113,1784,1,1784,False,1905.5582959641256,598.0829596412556
2789,2777,14,1756,1,1756,False,1608.1902050113895,565.4521640091116
2789,2777,38,9176,1,9176,False,177.40148212728857,712.7510897994769
2789,2777,75,5164,1,5164,False,1079.348954298993,590.2598760650659
2789,2777,113,1776,1,1776,False,1903.036036036036,597.3378378378378
2790,2778,14,1308,1,1308,False,1604.4694189602446,561.8700305810397
2790,2778,38,10024,1,10024,False,176.3898643256185,703.6316839584996
2790,2778,75,5416,1,5416,False,1079.5472673559823,588.9254062038405
2790,2778,113,1788,1,1788,False,1900.817673378076,597.341163310962
2791,2779,14,1152,1,1152,False,1604.5,562.0
2791,2779,38,10056,1,10056,False,174.56523468575975,702.9828957836118
2791,2779,75,5380,1,5380,False,1079.6672862453531,588.5118959107807
2791,2779,113,1728,1,1728,False,1898.3796296296296,595.9537037037037
2792,2780,14,1204,1,1204,False,1604.154485049834,562.7059800664451
2792,2780,38,9944,1,9944,False,174.98994368463394,700.7831858407079
2792,2780,75,5212,1,5212,False,1079.365694551036,587.0203376822717
2792,2780,113,1724,1,1724,False,1896.699535962877,596.2262180974478
2793,2781,14,1260,1,1260,False,1605.1730158730159,563.2047619047619
2793,2781,38,9824,1,9824,False,177.15228013029315,705.14332247557
2793,2781,75,5164,1,5164,False,1078.8810999225407,589.5472501936483
2793,2781,113,1692,1,1692,False,1895.0390070921985,596.7411347517731
2794,2782,14,1356,1,1356,False,1605.845132743363,563.4911504424779
2794,2782,38,9328,1,9328,False,177.34734133790738,710.4468267581475
2794,2782,75,5076,1,5076,False,1077.916863672183,592.1548463356974
2794,2782,113,1696,1,1696,False,1891.3632075471698,595.2405660377359
2795,2783,14,1316,1,1316,False,1604.6398176291793,562.8586626139818
2795,2783,38,9304,1,9304,False,179.10447119518486,710.6177987962167
2795,2783,75,5024,1,5024,False,1075.8391719745223,592.2547770700637
2795,2783,113,1576,1,1576,False,1889.4086294416243,595.0380710659898
2796,2784,14,1216,1,1216,False,1602.0197368421052,561.453947368421
2796,2784,38,8976,1,8976,False,180.77005347593584,711.7067736185384
2796,2784,75,5256,1,5256,False,1073.2092846270928,594.3280060882801
2796,2784,113,1668,1,1668,False,1886.60551558753,593.3968824940048
2797,2785,14,1396,1,1396,False,1602.8839541547277,561.4283667621777
2797,2785,38,8416,1,8416,False,182.3203422053232,712.7015209125475
2797,2785,75,5492,1,5492,False,1068.5160233066279,597.0273124544792
2797,2785,113,1628,1,1628,False,1883.0307125307124,591.9054054054054
2798,2786,14,1448,1,1448,False,1602.853591160221,561.0801104972376
2798,2786,38,8488,1,8488,False,183.80537229029218,712.4811498586239
2798,2786,75,5608,1,5608,False,1063.1005706134094,600.3231098430813
2798,2786,113,1632,1,1632,False,1880.2941176470588,591.4411764705883
2799,2787,14,1640,1,1640,False,1606.3829268292684,560.5634146341464
2799,2787,38,9324,1,9324,False,185.97232947232948,706.0066495066495
2799,2787,75,5644,1,5644,False,1056.3724309000709,603.5262225372077
2799,2787,113,1696,1,1696,False,1877.5377358490566,590.7311320754717
2800,2788,14,1692,1,1692,False,1606.7316784869977,560.4385342789598
2800,2788,38,8852,1,8852,False,187.56913691821057,701.3450067781292
2800,2788,75,5548,1,5548,False,1047.543979812545,607.7718096611392
2800,2788,113,1624,1,1624,False,1875.0024630541873,589.0024630541872
2801,2789,14,2016,1,2016,False,1607.547619047619,563.5039682539683
2801,2789,38,7916,1,7916,False,188.01389590702374,695.2397675593734
2801,2789,75,5004,1,5004,False,1038.2378097521982,613.654276578737
2801,2789,113,1652,1,1652,False,1874.0157384987892,589.7154963680388
2802,2790,14,2036,1,2036,False,1608.1542239685657,564.0088408644401
2802,2790,38,7988,1,7988,False,189.85002503755632,695.4524286429645
2802,2790,75,5052,1,5052,False,1031.2284243863817,617.1920031670626
2802,2790,113,1664,1,1664,False,1872.4086538461538,589.5
2803,2791,14,1896,1,1896,False,1606.487341772152,565.204641350211
2803,2791,38,8064,1,8064,False,189.9404761904762,696.5555555555555
2803,2791,75,5188,1,5188,False,1025.1183500385505,621.363531225906
2803,2791,113,1640,1,1640,False,1871.2268292682927,589.729268292683
2804,2792,14,1880,1,1880,False,1606.2446808510638,565.1936170212766
2804,2792,38,8012,2,8000,False,189.881927109336,695.1949575636545
2804,2792,75,5428,1,5428,False,1019.1661753868829,626.2936624907885
2804,2792,113,1632,1,1632,False,1869.6225490196077,589.7254901960785
2805,2793,14,1856,1,1856,False,1606.9008620689656,565.9094827586207
2805,2793,38,8012,1,8012,False,189.48452321517723,693.6003494757863
2805,2793,75,5760,1,5760,False,1012.3888888888889,632.5736111111111
2805,2793,113,1640,1,1640,False,1867.5731707317073,590.0560975609756
2806,2794,14,1892,1,1892,False,1608.0813953488373,566.1363636363636
2806,2794,38,7680,2,7676,False,189.17604166666666,689.659375
2806,2794,75,5768,1,5768,False,1006.0991678224688,638.624826629681
2806,2794,113,1624,1,1624,False,1866.1600985221676,590.756157635468
2807,2795,14,1916,1,1916,False,1608.4958246346555,566.5417536534446
2807,2795,38,7528,1,7528,False,191.7221041445271,686.471307120085
2807,2795,75,5436,1,5436,False,996.5338484179543,648.0776306107432
2807,2795,113,1704,1,1704,False,1863.481220657277,590.1197183098592
2808,2796,14,1912,1,1912,False,1609.2698744769875,566.8012552301255
2808,2796,38,7992,1,7992,False,198.32682682682682,693.563063063063
2808,2796,75,5728,1,5728,False,987.0251396648044,656.2108938547486
2808,2796,113,1680,1,1680,False,1861.8619047619047,589.8619047619047
2809,2797,14,1872,1,1872,False,1609.8290598290598,567.2094017094017
2809,2797,38,7516,1,7516,False,201.65806279936137,696.5447046301224
2809,2797,75,5892,1,5892,False,977.4002036659878,662.980651731161
2809,2797,113,1660,1,1660,False,1860.1578313253012,589.4156626506024
2810,2798,14,1832,1,1832,False,1610.0720524017468,567.2161572052402
2810,2798,38,7872,1,7872,False,204.7479674796748,695.170731707317
2810,2798,75,5664,1,5664,False,964.3629943502825,669.7867231638418
2810,2798,113,1636,1,1636,False,1859.2041564792175,589.742053789731
2811,2799,14,1824,1,1824,False,1609.8157894736842,567.9824561403509
2811,2799,38,7944,1,7944,False,207.41137965760322,694.8907351460222
2811,2799,75,5832,1,5832,False,948.659122085048,678.2887517146777
2811,2799,113,1652,1,1652,False,1858.0786924939466,589.7397094430993
2812,2800,14,0,0,0,False,,
2812,2800,38,8300,1,8300,False,208.81421686746987,695.3067469879518
2812,2800,75,6572,1,6572,False,931.6101643335362,688.4245283018868
2812,2800,113,1604,1,1604,False,1856.864089775561,589.143391521197
2813,2801,14,0,0,0,False,,
2813,2801,38,8248,1,8248,False,207.98884578079534,696.0858389912706
2813,2801,75,7196,1,7196,False,917.6862145636464,698.7568093385214
2813,2801,113,1648,1,1648,False,1856.2815533980583,589.3009708737864
2814,2802,14,0,0,0,False,,
2814,2802,38,8288,1,8288,False,205.4411196911197,696.7866795366796
2814,2802,75,7260,1,7260,False,904.6322314049587,706.7402203856749
2814,2802,113,1584,1,1584,False,1855.4444444444443,588.8181818181819
2815,2803,14,0,0,0,False,,
2815,2803,38,8760,1,8760,False,198.39223744292238,694.1438356164383
2815,2803,75,7840,1,7840,False,891.6857142857143,714.4826530612245
2815,2803,113,1568,1,1568,False,1854.688775510204,588.5510204081633
2816,2804,14,0,0,0,False,,
2816,2804,38,9280,1,9280,False,193.61206896551724,692.9534482758621
2816,2804,75,8316,1,8316,False,877.1224146224146,727.3773448773449
2816,2804,113,1676,1,1676,False,1854.628878281623,585.9224343675418
2817,2805,14,0,0,0,False,,
2817,2805,38,9204,1,9204,False,192.05063016079964,694.0793133420252
2817,2805,75,8760,1,8760,False,863.6817351598173,740.9611872146119
2817,2805,113,1748,1,1748,False,1852.641876430206,587.4794050343249
2818,2806,14,0,0,0,False,,
2818,2806,38,9392,1,9392,False,189.82623509369677,694.576660988075
2818,2806,75,8760,1,8760,False,850.2141552511415,749.3803652968037
2818,2806,113,1724,1,1724,False,1851.5997679814386,588.2587006960557
2819,2807,14,0,0,0,False,,
2819,2807,38,9276,1,9276,False,187.613410952997,694.6440275981026
2819,2807,75,8748,1,8748,False,837.0203475080018,757.218792866941
2819,2807,113,1744,1,1744,False,1850.2247706422017,587.816513761468
2820,2808,14,0,0,0,False,,
2820,2808,38,9192,1,9192,False,184.588772845953,694.90818102698
2820,2808,75,8860,1,8860,False,820.8548532731377,770.1812641083521
2820,2808,113,1692,1,1692,False,1848.8026004728133,587.6489361702128
2821,2809,14,0,0,0,False,,
2821,2809,38,9032,1,9032,False,181.87821080602302,697.699291408326
2821,2809,75,9340,1,9340,False,806.7398286937902,780.5942184154176
2821,2809,113,1692,1,1692,False,1847.7340425531916,587.5401891252955
2822,2810,14,0,0,0,False,,
2822,2810,38,8860,1,8860,False,180.1451467268623,698.144243792325
2822,2810,75,9820,1,9820,False,795.3448065173116,789.0653767820774
2822,2810,113,1700,1,1700,False,1846.5611764705882,587.6152941176471
2823,2811,14,0,0,0,False,,
2823,2811,38,8760,1,8760,False,179.6260273972603,699.3283105022831
2823,2811,75,10184,1,10184,False,783.5761979575805,798.5432050274941
2823,2811,113,1688,1,1688,False,1845.5805687203792,587.1398104265403
2824,2812,14,0,0,0,False,,
2824,2812,38,7768,1,7768,False,178.35787847579815,705.5308959835221
2824,2812,75,10968,1,10968,False,774.7159008023341,812.5875273522976
2824,2812,113,1680,1,1680,False,1844.7047619047619,587.0952380952381
2825,2813,14,0,0,0,False,,
2825,2813,38,6920,1,6920,False,183.27687861271676,711.8618497109827
2825,2813,75,10560,1,10560,False,764.2128787878788,832.9734848484849
2825,2813,113,1700,1,1700,False,1844.1329411764707,587.0317647058823
2826,2814,14,0,0,0,False,,
2826,2814,38,6412,1,6412,False,181.51185277604492,716.5024953212726
2826,2814,75,10916,1,10916,False,753.1610480029315,849.2629168193478
2826,2814,113,1684,1,1684,False,1843.644893111639,587.2220902612827
2827,2815,14,0,0,0,False,,
2827,2815,38,6956,1,6956,False,180.45284646348478,716.987636572743
2827,2815,75,11484,1,11484,False,741.7699407871821,862.2185649599443
2827,2815,113,1696,1,1696,False,1843.6650943396226,587.2075471698113
2828,2816,14,0,0,0,False,,
2828,2816,38,6928,1,6928,False,179.4849884526559,722.6616628175519
2828,2816,75,12488,1,12488,False,729.9452274183216,875.3891736066624
2828,2816,113,1696,1,1696,False,1843.811320754717,587.4198113207547
2829,2817,14,0,0,0,False,,
2829,2817,38,7392,1,7392,False,178.50757575757575,725.5454545454545
2829,2817,75,12856,1,12856,False,715.4128811449907,891.1309894212819
2829,2817,113,1684,1,1684,False,1844.5712589073635,587.7399049881235
2830,2818,14,0,0,0,False,,
2830,2818,38,7892,1,7892,False,177.15179929042068,727.0717181956412
2830,2818,75,12600,1,12600,False,700.404126984127,913.8333333333334
2830,2818,113,1676,1,1676,False,1845.0680190930786,588.4618138424821
2831,2819,14,0,0,0,False,,
2831,2819,38,8624,1,8624,False,175.8905380333952,725.7421150278293
2831,2819,75,13280,1,13280,False,687.960843373494,929.2180722891567
2831,2819,113,1708,1,1708,False,1845.436768149883,588.1112412177986
2832,2820,14,0,0,0,False,,
2832,2820,38,8756,1,8756,False,173.93353129282778,725.3679762448606
2832,2820,75,14104,1,14104,False,679.2424844015882,943.1188315371526
2832,2820,113,1744,1,1744,False,1846.3256880733945,588.4908256880734
2833,2821,14,0,0,0,False,,
2833,2821,38,8744,1,8744,False,173.6408966148216,723.7415370539799
2833,2821,75,15012,1,15012,False,673.6286970423661,956.3870237143618
2833,2821,113,1724,1,1724,False,1847.3723897911832,588.7134570765661
2834,2822,14,0,0,0,False,,
2834,2822,38,8272,1,8272,False,176.9439071566731,724.9410058027079
2834,2822,75,15316,1,15316,False,668.3882214677461,973.9400626795508
2834,2822,113,1712,1,1712,False,1847.607476635514,589.3644859813085
2835,2823,14,0,0,0,False,,
2835,2823,38,8988,1,8988,False,176.6593235425011,724.4198931909212
2835,2823,75,15136,1,15136,False,663.3493657505286,997.1659619450318
2835,2823,113,1728,1,1728,False,1848.1666666666667,588.925925925926
2836,2824,14,0,0,0,False,,
2836,2824,38,9524,1,9524,False,179.68857622847543,726.3689626207475
2836,2824,75,16064,1,16064,False,659.6120517928287,1017.675796812749
2836,2824,113,1768,1,1768,False,1848.5361990950225,588.893665158371
2837,2825,14,0,0,0,False,,
2837,2825,38,9456,1,9456,False,181.07952622673434,726.2842639593908
2837,2825,75,17172,1,17172,False,655.438737479618,1031.5184020498486
2837,2825,113,1744,1,1744,False,1848.8577981651376,588.8807339449542
2838,2826,14,0,0,0,False,,
2838,2826,38,9676,1,9676,False,180.73067383216204,724.945638693675
2838,2826,75,17984,1,17984,False,651.0298042704626,1042.377669039146
2838,2826,113,1740,1,1740,False,1849.2862068965517,589.0931034482759
2839,2827,14,0,0,0,False,,
2839,2827,38,9944,2,9940,False,182.22003218020916,725.8346741753821
2839,2827,75,19120,1,19120,False,646.3418410041841,1061.289539748954
2839,2827,113,1736,1,1736,False,1849.421658986175,589.1589861751152
2840,2828,14,0,0,0,False,,
2840,2828,38,9996,1,9996,False,183.5076030412165,726.1742697078831
2840,2828,75,18416,1,18416,False,640.4139878366638,1083.629887054735
2840,2828,113,1748,1,1748,False,1849.621281464531,589.1086956521739
2841,2829,14,0,0,0,False,,
2841,2829,38,10332,2,10328,False,183.47560975609758,726.5542005420054
2841,2829,75,17240,1,17240,False,635.4373549883991,1112.4665893271463
2841,2829,113,1752,1,1752,False,1849.7922374429224,589.2397260273973
2842,2830,14,0,0,0,False,,
2842,2830,38,10080,1,10080,False,180.99285714285713,725.0404761904762
2842,2830,75,18180,1,18180,False,632.9950495049505,1136.6936193619363
2842,2830,113,1772,1,1772,False,1850.007900677201,589.4119638826185
2843,2831,14,0,0,0,False,,
2843,2831,38,9772,1,9772,False,176.33790421612773,719.2875562832583
2843,2831,75,20012,1,20012,False,631.0176893863681,1154.7246652008794
2843,2831,113,1776,1,1776,False,1850.1576576576576,589.5585585585585
2844,2832,14,0,0,0,False,,
2844,2832,38,9284,1,9284,False,173.61158983196898,716.4595002154244
2844,2832,75,22516,1,22516,False,631.1278202167348,1175.9549653579677
2844,2832,113,1768,1,1768,False,1850.2330316742082,589.5769230769231
2845,2833,14,0,0,0,False,,
2845,2833,38,9028,1,9028,False,170.7658396101019,713.7866637128932
2845,2833,75,22992,1,22992,False,636.7459986082116,1206.4415448851776
2845,2833,113,1776,1,1776,False,1850.554054054054,589.5990990990991
2846,2834,14,0,0,0,False,,
2846,2834,38,9592,1,9592,False,169.6092577147623,706.7010008340284
2846,2834,75,22860,1,22860,False,645.4959755030621,1246.298775153106
2846,2834,113,1768,1,1768,False,1850.7262443438915,589.5769230769231
2847,2835,14,0,0,0,False,,
2847,2835,38,8796,1,8796,False,170.44361073215097,704.1934970441109
2847,2835,75,22976,1,22976,False,652.7026462395543,1277.249651810585
2847,2835,113,1768,1,1768,False,1850.7262443438915,589.5769230769231
2848,2836,14,0,0,0,False,,
2848,2836,38,8704,1,8704,False,171.31617647058823,698.9595588235294
2848,2836,75,23952,1,23952,False,656.6726786907147,1297.37374749499
2848,2836,113,1788,1,1788,False,1851.1532438478748,589.596196868009
2849,2837,14,0,0,0,False,,
2849,2837,38,9428,1,9428,False,178.9319049639372,705.3553245651252
2849,2837,75,26720,1,26720,False,662.3182634730539,1317.6143712574851
2849,2837,113,1788,1,1788,False,1851.2293064876958,589.6185682326621
2850,2838,14,0,0,0,False,,
2850,2838,38,9272,1,9272,False,180.75711820534943,707.5155306298533
2850,2838,75,29080,1,29080,False,670.9784044016507,1342.6281980742779
2850,2838,113,1784,1,1784,False,1851.3161434977578,590.1367713004485
2851,2839,14,0,0,0,False,,
2851,2839,38,8944,1,8944,False,184.49463327370304,715.7245080500894
2851,2839,75,28596,1,28596,False,681.9902783606099,1379.2117079311793
2851,2839,113,1812,1,1812,False,1851.387417218543,590.3940397350993
2852,2840,14,0,0,0,False,,
2852,2840,38,9428,1,9428,False,186.16652524395417,714.8377174374205
2852,2840,75,29380,1,29380,False,691.1091218515998,1416.9634445200818
2852,2840,113,1848,1,1848,False,1851.8116883116884,590.9199134199134
2853,2841,14,0,0,0,False,,
2853,2841,38,9580,1,9580,False,186.98016701461378,715.127974947808
2853,2841,75,29704,1,29704,True,702.7701319687584,1437.5387826555345
2853,2841,113,1892,1,1892,False,1852.0898520084565,591.26955602537
2854,2842,14,0,0,0,False,,
2854,2842,38,9632,1,9632,False,187.17441860465115,714.0398671096345
2854,2842,75,29044,1,29044,True,716.034223936097,1445.2745489601982
2854,2842,113,1896,1,1896,False,1852.2552742616033,591.4029535864979
2855,2843,14,0,0,0,False,,
2855,2843,38,8888,1,8888,False,187.46579657965796,721.419891989199
2855,2843,75,27704,2,27692,True,730.2340456251804,1449.9579844065838
2855,2843,113,1904,1,1904,False,1852.2521008403362,591.5588235294117
2856,2844,14,0,0,0,False,,
2856,2844,38,8992,1,8992,False,185.2081850533808,720.5258007117437
2856,2844,75,22800,1,22800,True,761.6733333333333,1460.4708771929825
2856,2844,113,1880,1,1880,False,1852.5425531914893,591.5042553191489
2857,2845,14,0,0,0,False,,
2857,2845,38,9320,1,9320,False,183.60557939914162,715.3145922746781
2857,2845,75,18872,1,18872,True,812.7428995337007,1469.6195421788893
2857,2845,113,1904,1,1904,False,1852.6176470588234,591.8151260504202
2858,2846,14,0,0,0,False,,
2858,2846,38,9180,1,9180,False,184.4041394335512,715.2442265795207
2858,2846,75,12284,1,12284,True,944.892705958971,1464.9949527841095
2858,2846,113,1904,1,1904,False,1852.6176470588234,591.8151260504202
2859,2847,14,0,0,0,False,,
2859,2847,38,10044,1,10044,False,181.68837116686578,704.957984866587
2859,2847,75,13804,2,13796,True,1014.4994204578383,1472.0265140538975
2859,2847,113,1900,1,1900,False,1852.638947368421,591.9947368421052
2860,2848,14,0,0,0,False,,
2860,2848,38,9300,1,9300,False,175.4694623655914,693.4264516129032
2860,2848,75,12988,1,12988,True,1029.2927317523868,1469.2526947951956
2860,2848,113,1900,1,1900,False,1852.782105263158,591.9442105263158
2861,2849,14,0,0,0,False,,
2861,2849,38,9524,1,9524,False,175.0787484250315,693.1459470810584
2861,2849,75,12852,1,12852,True,1036.358076563959,1469.4940865234983
2861,2849,113,1912,1,1912,False,1852.94769874477,591.9979079497908
2862,2850,14,0,0,0,False,,
2862,2850,38,9552,2,9520,False,175.02763819095475,692.0804020100503
2862,2850,75,11268,1,11268,True,1093.802094426695,1474.9657436989705
2862,2850,113,1936,1,1936,False,1852.8553719008264,592.5826446280992
2863,2851,14,0,0,0,False,,
2863,2851,38,9856,1,9856,False,174.08522727272728,691.3701298701299
2863,2851,75,9968,1,9968,True,1170.80658105939,1472.978330658106
2863,2851,113,1956,1,1956,False,1853.015337423313,592.782208588957
2864,2852,14,0,0,0,False,,
2864,2852,38,9672,1,9672,False,173.63399503722084,691.7886683209264
2864,2852,75,11512,1,11512,True,1268.4645587213342,1465.5097289784574
2864,2852,113,1960,1,1960,False,1853.0469387755102,592.761224489796
2865,2853,14,0,0,0,False,,
2865,2853,38,9616,1,9616,False,174.4126455906822,690.69384359401
2865,2853,75,16056,1,16056,True,1340.53836571998,1452.8477827603388
2865,2853,113,1960,1,1960,False,1853.1285714285714,592.7530612244898
2866,2854,14,0,0,0,False,,
2866,2854,38,9548,1,9548,False,175.96041055718476,690.4312945119397
2866,2854,75,17120,1,17120,True,1362.835046728972,1448.0219626168225
2866,2854,113,1940,1,1940,False,1853.2587628865979,592.7886597938144
2867,2855,14,0,0,0,False,,
2867,2855,38,9456,1,9456,False,177.61590524534688,690.3282571912014
2867,2855,75,17204,1,17204,True,1382.7697047198326,1447.4486166007905
2867,2855,113,1948,1,1948,False,1853.2926078028747,592.8737166324436
2868,2856,14,0,0,0,False,,
2868,2856,38,9160,1,9160,False,177.3882096069869,693.7087336244541
2868,2856,75,19392,1,19392,True,1424.052805280528,1439.9319306930693
2868,2856,113,1948,1,1948,False,1853.2926078028747,592.8737166324436
2869,2857,14,0,0,0,False,,
2869,2857,38,8968,1,8968,False,177.0950044603033,693.5669045495093
2869,2857,75,23488,1,23488,True,1473.766008174387,1436.901226158038
2869,2857,113,1948,1,1948,False,1853.2926078028747,592.8737166324436
2870,2858,14,0,0,0,False,,
2870,2858,38,8976,1,8976,False,177.2620320855615,692.9821746880571
2870,2858,75,33832,1,33832,True,1518.2030030740127,1418.368526838496
2870,2858,113,1972,1,1972,False,1853.2707910750507,592.5365111561866
2871,2859,14,0,0,0,False,,
2871,2859,38,8956,1,8956,False,176.27132648503797,692.2213041536401
2871,2859,75,39068,1,39068,True,1547.0786833213883,1410.8147332855533
2871,2859,113,1964,1,1964,False,1853.2657841140528,592.7525458248473
2872,2860,14,0,0,0,False,,
2872,2860,38,8188,1,8188,False,175.595261358085,696.7677088422081
2872,2860,75,42504,1,42504,True,1568.1243177112742,1412.0164690382082
2872,2860,113,1988,1,1988,False,1853.3128772635814,593.341046277666
2873,2861,14,0,0,0,False,,
2873,2861,38,7600,1,7600,False,175.93473684210525,705.5252631578948
2873,2861,75,45032,1,45032,True,1594.2850417480902,1407.0690175874934
2873,2861,113,1992,1,1992,False,1853.2751004016063,593.3353413654619
2874,2862,14,0,0,0,False,,
2874,2862,38,7800,1,7800,False,176.52461538461537,713.1102564102564
2874,2862,75,50580,1,50580,True,1631.7488730723605,1389.9910241202056
2874,2862,113,1992,1,1992,False,1853.2751004016063,593.3353413654619
2875,2863,14,0,0,0,False,,
2875,2863,38,8680,1,8680,False,175.10276497695853,718.4705069124424
2875,2863,75,55244,1,55244,True,1667.4977554123525,1371.4906596191443
2875,2863,113,2000,1,2000,False,1853.284,593.396
2876,2864,14,0,0,0,False,,
2876,2864,38,9480,1,9480,False,176.1067510548523,728.8417721518987
2876,2864,75,58960,1,58960,True,1694.7496607869741,1354.4383989145183
2876,2864,113,2004,1,2004,False,1853.310379241517,593.3582834331337
2877,2865,14,0,0,0,False,,
2877,2865,38,8788,1,8788,False,176.24237596722804,731.6333636777424
2877,2865,75,59056,1,59056,True,1713.2407206719047,1344.2896234082905
2877,2865,113,2024,1,2024,False,1853.4604743083005,593.5592885375494
2878,2866,14,0,0,0,False,,
2878,2866,38,8300,2,8264,False,176.46819277108435,731.9843373493976
2878,2866,75,58268,1,58268,True,1728.0408800713942,1330.941271366788
2878,2866,113,2028,1,2028,False,1853.4901380670613,593.5335305719921
2879,2867,14,0,0,0,False,,
2879,2867,38,8360,1,8360,False,182.37942583732058,741.9373205741626
2879,2867,75,57812,1,57812,True,1745.2486335016952,1305.253891925552
2879,2867,113,1996,1,1996,False,1853.441883767535,593.4058116232464
2880,2868,14,0,0,0,False,,
2880,2868,38,7828,1,7828,False,186.19749616760348,752.4417475728155
2880,2868,75,54924,1,54924,False,1764.496212948802,1271.7961911004297
2880,2868,113,2040,1,2040,False,1853.9745098039216,592.7627450980392
2881,2869,14,0,0,0,False,,
2881,2869,38,9140,1,9140,False,187.48205689277899,754.0439824945296
2881,2869,75,52848,1,52848,False,1784.2933696639418,1240.915834090221
2881,2869,113,2016,1,2016,False,1854.6666666666667,592.8253968253969
2882,2870,14,0,0,0,False,,
2882,2870,38,9236,1,9236,False,185.8694239930706,759.2847553053269
2882,2870,75,49976,1,49976,False,1799.8832239474948,1218.2584440531455
2882,2870,113,2024,1,2024,False,1855.2470355731225,593.0098814229249
2883,2871,14,0,0,0,False,,
2883,2871,38,9316,1,9316,False,182.276728209532,766.6923572348647
2883,2871,75,45840,1,45840,False,1816.0556719022688,1195.0001745200698
2883,2871,113,2016,1,2016,False,1855.6309523809523,593.202380952381
2884,2872,14,0,0,0,False,,
2884,2872,38,8468,1,8468,False,182.5198393953708,776.4357581483231
2884,2872,75,44836,1,44836,False,1830.56583995004,1175.5095459006156
2884,2872,113,2020,1,2020,False,1856.2465346534655,592.8128712871287
2885,2873,14,0,0,0,False,,
2885,2873,38,8096,1,8096,False,183.2173913043478,785.248023715415
2885,2873,75,40704,1,40704,False,1849.880503144654,1143.1063286163521
2885,2873,113,2008,1,2008,False,1856.4043824701196,592.7709163346614
2886,2874,14,0,0,0,False,,
2886,2874,38,8332,1,8332,False,187.8835813730197,796.7544407105137
2886,2874,75,39168,1,39168,False,1860.7209967320262,1122.5533088235295
2886,2874,113,2012,1,2012,False,1856.678926441352,593.044731610338
2887,2875,14,0,0,0,False,,
2887,2875,38,8664,1,8664,False,193.21929824561403,815.9949215143121
2887,2875,75,36364,1,36364,False,1867.8395666043339,1103.9885051149488
2887,2875,113,2024,1,2024,False,1856.9466403162055,593.1758893280632
2888,2876,14,0,0,0,False,,
2888,2876,38,8424,1,8424,False,201.38983855650523,831.2492877492878
2888,2876,75,33716,1,33716,False,1874.7942223276782,1085.9359947799264
2888,2876,113,2016,1,2016,False,1857.0515873015872,593.265873015873
2889,2877,14,0,0,0,False,,
2889,2877,38,9652,1,9652,False,211.32221301284707,845.1440116038127
2889,2877,75,32740,1,32740,False,1880.9183262064753,1064.9872327428222
2889,2877,113,2012,1,2012,False,1857.2872763419482,593.3588469184891
2890,2878,14,0,0,0,False,,
2890,2878,38,11776,1,11776,False,226.0570652173913,858.632472826087
2890,2878,75,31440,1,31440,False,1888.3249363867685,1040.8837150127226
2890,2878,113,2020,1,2020,False,1857.4029702970297,593.3673267326733
2891,2879,14,0,0,0,False,,
2891,2879,38,10860,1,10860,False,242.0270718232044,879.8082872928177
2891,2879,75,29172,1,29172,False,1895.6229946524063,1022.2109557109557
2891,2879,113,2000,1,2000,False,1857.576,593.068
2892,2880,14,0,0,0,False,,
2892,2880,38,11660,1,11660,False,251.21080617495713,896.7854202401372
2892,2880,75,27212,1,27212,False,1900.910995149199,1008.3485962075555
2892,2880,113,2016,1,2016,False,1857.5238095238096,593.2777777777778
2893,2881,14,0,0,0,False,,
2893,2881,38,14008,1,14008,False,265.3229583095374,919.1213592233009
2893,2881,75,26140,1,26140,False,1907.597169089518,995.4343534812548
2893,2881,113,2012,1,2012,False,1857.5258449304174,593.3429423459245
2894,2882,14,0,0,0,False,,
2894,2882,38,16068,1,16068,False,278.8898431665422,953.7790639780931
2894,2882,75,27104,1,27104,False,1917.9211924439196,978.0926800472255
2894,2882,113,2016,1,2016,False,1857.5555555555557,593.2857142857143
2895,2883,14,0,0,0,False,,
2895,2883,38,15888,1,15888,False,292.3459214501511,968.0427995971803
2895,2883,75,24408,1,24408,False,1929.319075712881,952.7058341527368
2895,2883,113,2024,1,2024,False,1857.50790513834,593.2391304347826
2896,2884,14,0,0,0,False,,
2896,2884,38,20084,1,20084,False,313.60973909579764,991.3595897231627
2896,2884,75,23208,4,23144,False,1931.83540158566,944.1708031713202
2896,2884,113,2000,1,2000,False,1857.664,592.952
2897,2885,14,0,0,0,False,,
2897,2885,38,22428,1,22428,False,322.9365971107544,1021.0125735687534
2897,2885,75,22092,1,22092,False,1938.7947673365925,937.6204055766793
2897,2885,113,2016,1,2016,False,1857.5357142857142,593.25
2898,2886,14,0,0,0,False,,
2898,2886,38,24800,1,24800,False,335.73806451612904,1045.12
2898,2886,75,21880,2,21748,False,1927.5884826325412,930.1683729433272
2898,2886,113,2024,1,2024,False,1857.5,593.3616600790514
2899,2887,14,0,0,0,False,,
2899,2887,38,29248,1,29248,False,354.38812910284463,1075.140864332604
2899,2887,75,21500,1,21500,False,1931.636,918.5040930232558
2899,2887,113,2020,1,2020,False,1857.4782178217822,593.2128712871287
2900,2888,14,0,0,0,False,,
2900,2888,38,31228,1,31228,False,365.3195209427437,1106.4036761880363
2900,2888,75,21364,1,21364,False,1923.039599325969,902.4176184235162
2900,2888,113,2004,1,2004,False,1857.4461077844312,592.9071856287425
2901,2889,14,0,0,0,False,,
2901,2889,38,36308,1,36308,False,385.7420403216922,1138.5125592155998
2901,2889,75,20992,1,20992,False,1915.717987804878,889.4752286585366
2901,2889,113,2008,1,2008,False,1857.3605577689243,592.8187250996016
2902,2890,14,0,0,0,False,,
2902,2890,38,43612,2,43608,False,411.5321929744107,1170.0944235531506
2902,2890,75,21284,2,20796,False,1876.6435820334523,885.9688968239053
2902,2890,113,2020,1,2020,False,1857.1811881188119,592.8881188118812
2903,2891,14,0,0,0,False,,
2903,2891,38,48068,1,48068,False,427.7963301988849,1197.8592410751435
2903,2891,75,19832,1,19832,False,1901.14098426785,874.2918515530456
2903,2891,113,1960,1,1960,False,1856.7081632653062,593.8306122448979
2904,2892,14,0,0,0,False,,
2904,2892,38,56208,1,56208,False,446.51594079134645,1224.6797608881297
2904,2892,75,18752,3,18304,False,1858.936433447099,871.2158703071673
2904,2892,113,1940,1,1940,False,1856.3268041237113,593.9556701030928
2905,2893,14,0,0,0,False,,
2905,2893,38,61324,1,61324,False,459.7466244863349,1247.5652925445177
2905,2893,75,18040,5,17912,False,1876.160310421286,860.9758314855876
2905,2893,113,1944,1,1944,False,1856.4218106995884,593.7304526748972
2906,2894,14,0,0,0,False,,
2906,2894,38,68924,1,68924,False,476.47899135279437,1260.4392954558643
2906,2894,75,20852,6,17400,False,1651.280740456551,929.3459620180319
2906,2894,113,1956,1,1956,False,1856.418200408998,593.8169734151329
2907,2895,14,0,0,0,False,,
2907,2895,38,77080,1,77080,False,497.33383497664767,1273.4480020757655
2907,2895,75,17300,3,16904,False,1824.7811560693642,849.1751445086705
2907,2895,113,1972,1,1972,False,1856.4432048681542,593.9888438133875
2908,2896,14,0,0,0,False,,
2908,2896,38,81336,1,81336,False,520.8163174977869,1281.4297727943347
2908,2896,75,16092,1,16092,False,1840.3190405170271,826.7192393736018
2908,2896,113,1888,1,1888,False,1855.8559322033898,593.9406779661017
2909,2897,14,1312,1,1312,False,1574.341463414634,550.6951219512196
2909,2897,38,77500,1,77500,False,539.2329032258065,1300.9582193548388
2909,2897,75,15500,1,15500,False,1828.8576774193548,822.2295483870968
2909,2897,113,1800,1,1800,False,1855.7,593.0822222222222
2910,2898,14,1320,1,1320,False,1573.009090909091,551.1969696969697
2910,2898,38,82700,1,82700,False,546.5570737605805,1295.5575090689238
2910,2898,75,15540,1,15540,False,1817.7808236808237,820.9442728442729
2910,2898,113,1716,1,1716,False,1855.2972027972028,592.1876456876457
2911,2899,14,1220,1,1220,False,1572.7098360655739,550.1655737704918
2911,2899,38,84088,1,84088,False,548.6918942060698,1303.0718770811532
2911,2899,75,15384,1,15384,False,1804.846853874155,818.4474778991159
2911,2899,113,1708,1,1708,False,1854.8512880562062,592.1206088992974
2912,2900,14,1292,2,1288,False,1573.5278637770898,550.7105263157895
2912,2900,38,80964,1,80964,False,546.0889531149646,1311.8513166345535
2912,2900,75,16380,2,15132,False,1705.8616605616605,841.9920634920635
2912,2900,113,1708,1,1708,False,1854.092505854801,591.8067915690866
2913,2901,14,1272,1,1272,False,1573.2924528301887,550.7138364779875
2913,2901,38,86292,1,86292,False,553.2594678533352,1313.485398414685
2913,2901,75,15072,1,15072,False,1774.1884288747347,806.3811040339702
2913,2901,113,1732,1,1732,False,1853.8487297921479,591.8579676674365
2914,2902,14,1288,1,1288,False,1573.22049689441,550.8416149068323
2914,2902,38,87544,1,87544,True,568.6829480032898,1322.7248926254226
2914,2902,75,15800,1,15800,False,1760.0124050632912,797.0017721518988
2914,2902,113,1700,1,1700,False,1853.6811764705883,592.3494117647059
2915,2903,14,1276,2,1260,False,1572.412225705329,549.1520376175548
2915,2903,38,84252,1,84252,True,589.4023405972558,1332.6022646346673
2915,2903,75,14684,1,14684,False,1748.8889948242986,791.4517842549714
2915,2903,113,1808,1,1808,False,1853.8141592920354,592.7433628318585
2916,2904,14,1212,1,1212,False,1572.407590759076,550.1897689768977
2916,2904,38,84184,1,84184,True,595.7745414805664,1336.2951154613704
2916,2904,75,14812,4,14644,False,1728.031190926276,793.4970294355927
2916,2904,113,1860,1,1860,False,1853.9279569892474,593.2698924731183
2917,2905,14,1144,1,1144,False,1572.7937062937062,550.1153846153846
2917,2905,38,80520,1,80520,True,603.8133631395926,1348.4538002980626
2917,2905,75,13988,1,13988,False,1730.133400057192,784.8540177294824
2917,2905,113,1924,1,1924,False,1853.7681912681912,594.0758835758836
2918,2906,14,1260,1,1260,False,1573.1031746031747,550.9571428571429
2918,2906,38,86292,1,86292,True,617.9788856440922,1353.4554535762295
2918,2906,75,13908,1,13908,False,1720.3044291055508,783.2109577221743
2918,2906,113,1924,1,1924,False,1853.7141372141373,594.1632016632017
2919,2907,14,1232,1,1232,False,1572.448051948052,550.7207792207793
2919,2907,38,82092,1,82092,True,629.0365687277689,1369.7809043512157
2919,2907,75,13648,1,13648,False,1708.8065650644783,776.757327080891
2919,2907,113,1932,1,1932,False,1853.5186335403728,594.4958592132505
2920,2908,14,1204,1,1204,False,1571.7292358803986,549.7823920265781
2920,2908,38,79500,1,79500,True,634.6684528301887,1381.9277232704403
2920,2908,75,13444,1,13444,False,1698.440493900625,769.7960428443915
2920,2908,113,1936,1,1936,False,1853.5785123966941,594.599173553719
2921,2909,14,1228,1,1228,False,1571.1123778501628,549.1384364820847
2921,2909,38,71732,1,71732,True,625.2162214911058,1395.1205319801484
2921,2909,75,13600,1,13600,False,1688.0735294117646,763.1294117647059
2921,2909,113,1944,1,1944,False,1853.5041152263375,594.5905349794239
2922,2910,14,1316,1,1316,False,1571.545592705167,549.193009118541
2922,2910,38,72100,1,72100,True,621.3306241331484,1400.2587794729543
2922,2910,75,13420,1,13420,False,1681.5688524590164,761.8997019374068
2922,2910,113,1940,1,1940,False,1853.543298969072,594.5536082474226
2923,2911,14,1288,1,1288,False,1570.6987577639752,548.1211180124224
2923,2911,38,65800,1,65800,True,618.6873556231003,1408.9579939209727
2923,2911,75,13108,1,13108,False,1675.5595056454074,761.7310039670431
2923,2911,113,1944,1,1944,False,1853.5041152263375,594.5905349794239
2924,2912,14,1332,1,1332,False,1570.1816816816818,548.1276276276276
2924,2912,38,62768,1,62768,True,609.0141473362223,1414.0847565638542
2924,2912,75,13088,1,13088,False,1667.6466992665037,760.317848410758
2924,2912,113,1940,1,1940,False,1853.5144329896907,594.5247422680412
2925,2913,14,1416,1,1416,False,1569.3983050847457,548.957627118644
2925,2913,38,63716,1,63716,True,611.9408939669785,1416.2628225249546
2925,2913,75,13216,1,13216,False,1660.5133171912832,760.1452784503632
2925,2913,113,1932,1,1932,False,1853.522774327122,594.5207039337474
2926,2914,14,1548,1,1548,False,1570.2416020671835,549.0994832041343
2926,2914,38,60232,2,60200,True,614.3423429406296,1423.7083942090583
2926,2914,75,13408,1,13408,False,1651.3287589498807,759.3717183770883
2926,2914,113,1936,1,1936,False,1853.3471074380166,594.5
2927,2915,14,1556,1,1556,False,1570.6182519280205,548.8239074550129
2927,2915,38,55424,1,55424,True,617.820005773672,1431.0678406466513
2927,2915,75,12812,1,12812,False,1641.7338432719325,756.38011239463
2927,2915,113,1988,1,1988,False,1853.1478873239437,594.612676056338
2928,2916,14,1568,1,1568,False,1569.8367346938776,548.1479591836735
2928,2916,38,45800,1,45800,True,621.1658515283842,1443.651615720524
2928,2916,75,12648,1,12648,False,1634.0433270082226,752.7258064516129
2928,2916,113,1988,1,1988,False,1852.9305835010061,594.3993963782697
2929,2917,14,1608,1,1608,False,1569.5646766169154,548.2910447761194
2929,2917,38,35912,1,35912,True,617.067832479394,1460.59400757407
2929,2917,75,13040,1,13040,False,1627.2521472392639,752.4233128834355
2929,2917,113,1996,1,1996,False,1852.6322645290581,594.2755511022044
2930,2918,14,1584,1,1584,False,1569.6262626262626,547.1262626262626
2930,2918,38,33676,1,33676,True,617.9930514312864,1459.1884428079345
2930,2918,75,13284,1,13284,False,1622.1398675097862,753.0149051490515
2930,2918,113,1936,1,1936,False,1852.3595041322315,594.6322314049587
2931,2919,14,1624,1,1624,False,1569.588669950739,547.4901477832512
2931,2919,38,33296,2,32288,True,614.5502162421913,1459.1910139356078
2931,2919,75,12964,1,12964,False,1617.78417155199,750.7147485344029
2931,2919,113,1948,1,1948,False,1852.282340862423,594.2125256673511
2932,2920,14,1652,1,1652,False,1569.7493946731236,548.4273607748185
2932,2920,38,33940,2,32872,True,611.3841484973483,1457.221037124337
2932,2920,75,12604,1,12604,False,1613.2476991431292,748.5913995556966
2932,2920,113,2024,1,2024,False,1851.9584980237155,593.4525691699605
2933,2921,14,1552,1,1552,False,1569.7268041237114,546.9020618556701
2933,2921,38,33544,2,32632,True,604.2047460052469,1456.0905079895062
2933,2921,75,12720,1,12720,False,1607.733962264151,743.8327044025157
2933,2921,113,1996,1,1996,False,1851.2575150300602,593.1573146292585
2934,2922,14,1716,1,1716,False,1569.3344988344988,548.7470862470863
2934,2922,38,32304,2,31408,True,600.2966815255077,1457.4279346210997
2934,2922,75,12612,1,12612,False,1603.1939422771964,739.0550269584522
2934,2922,113,1996,1,1996,False,1851.1492985971945,592.8286573146293
2935,2923,14,1680,1,1680,False,1569.5904761904762,548.2809523809524
2935,2923,38,29068,2,28288,True,596.2613870923352,1462.9199807348286
2935,2923,75,12704,1,12704,False,1599.8992443324937,735.705289672544
2935,2923,113,2036,1,2036,False,1850.9282907662082,593.2976424361493
2936,2924,14,1604,1,1604,False,1568.8142144638405,546.5299251870324
2936,2924,38,28172,2,27600,True,596.8981257986653,1463.4819679114014
2936,2924,75,12264,1,12264,False,1595.6591650358773,730.6722113502935
2936,2924,113,2044,1,2044,False,1850.8326810176125,593.2906066536203
2937,2925,14,1624,1,1624,False,1569.0172413793102,546.6773399014778
2937,2925,38,25076,1,25076,True,601.3301164460041,1465.4698516509811
2937,2925,75,12248,1,12248,False,1592.3772044415414,728.1610058785108
2937,2925,113,2056,1,2056,False,1850.7062256809338,593.3482490272373
2938,2926,14,1588,1,1588,False,1569.4823677581865,546.3790931989925
2938,2926,38,19312,1,19312,True,613.4113504556752,1472.473902236951
2938,2926,75,11948,1,11948,False,1589.3275862068965,726.7972882490793
2938,2926,113,2048,1,2048,False,1850.5625,593.3359375
2939,2927,14,1684,1,1684,False,1569.250593824228,547.0225653206651
2939,2927,38,13756,1,13756,True,625.6538237859843,1475.4078220412912
2939,2927,75,12288,1,12288,False,1587.2454427083333,728.1907552083334
2939,2927,113,2040,1,2040,False,1850.492156862745,593.1862745098039
2940,2928,14,1596,1,1596,False,1568.9461152882207,545.7531328320802
2940,2928,38,9028,1,9028,True,622.4450598139123,1482.7879929109438
2940,2928,75,12212,1,12212,False,1583.2206026858828,727.2533573534229
2940,2928,113,2064,1,2064,False,1850.4767441860465,593.2751937984497
2941,2929,14,1740,1,1740,False,1568.996551724138,547.8011494252873
2941,2929,38,2532,1,2532,True,616.5473933649289,1495.7290679304897
2941,2929,75,12072,1,12072,False,1577.4993373094765,724.2183565275017
2941,2929,113,2096,1,2096,False,1850.3167938931297,593.3778625954199
2942,2930,14,1668,1,1668,False,1569.6414868105517,546.9028776978417
2942,2930,38,2324,1,2324,True,660.6617900172117,1495.6979345955249
2942,2930,75,12040,1,12040,False,1571.0800664451826,720.5843853820598
2942,2930,113,2052,1,2052,False,1849.657894736842,593.0769980506823
2943,2931,14,1624,1,1624,False,1569.2389162561576,546.1945812807882
2943,2931,38,772,1,772,False,689.1010362694301,1504.4689119170985
2943,2931,75,11700,1,11700,False,1564.8097435897437,717.5441025641026
2943,2931,113,2036,1,2036,False,1848.8968565815323,592.4646365422396
2944,2932,14,1636,1,1636,False,1568.294621026895,545.5171149144254
2944,2932,38,0,0,0,False,,
2944,2932,75,11556,1,11556,False,1556.7173762547595,709.6796469366562
2944,2932,113,2056,1,2056,False,1847.441634241245,592.1498054474708
2945,2933,14,1644,1,1644,False,1568.3102189781023,545.8819951338199
2945,2933,38,0,0,0,False,,
2945,2933,75,11548,1,11548,False,1549.9693453411846,704.3018704537582
2945,2933,113,1968,1,1968,False,1845.6422764227643,592.1463414634146
2946,2934,14,1680,1,1680,False,1567.8904761904762,545.8238095238095
2946,2934,38,0,0,0,False,,
2946,2934,75,11148,1,11148,False,1545.0733763903838,701.0367778973807
2946,2934,113,1896,1,1896,False,1843.8755274261603,592.0316455696203
2947,2935,14,1704,1,1704,False,1569.6971830985915,546.9319248826291
2947,2935,38,0,0,0,False,,
2947,2935,75,11064,1,11064,False,1540.2469269703543,698.8224873463486
2947,2935,113,1900,1,1900,False,1842.398947368421,592.0326315789474
2948,2936,14,1688,2,1680,False,1567.936018957346,544.6848341232228
2948,2936,38,0,0,0,False,,
2948,2936,75,10636,1,10636,False,1535.3476871004136,696.589507333584
2948,2936,113,1884,1,1884,False,1841.1369426751592,592.3895966029723
2949,2937,14,1632,1,1632,False,1568.9558823529412,545.3529411764706
2949,2937,38,0,0,0,False,,
2949,2937,75,10480,1,10480,False,1531.051145038168,694.7259541984732
2949,2937,113,1860,1,1860,False,1839.889247311828,592.1430107526882
2950,2938,14,1848,1,1848,False,1570.612554112554,546.0844155844156
2950,2938,38,0,0,0,False,,
2950,2938,75,10616,1,10616,False,1525.6032403918614,688.9634513941221
2950,2938,113,1832,1,1832,False,1838.6921397379913,592.2379912663755
2951,2939,14,1604,1,1604,False,1568.21072319202,545.0586034912718
2951,2939,38,0,0,0,False,,
2951,2939,75,10576,1,10576,False,1520.5166414523449,681.6497730711044
2951,2939,113,1892,1,1892,False,1837.2019027484143,592.1025369978859
2952,2940,14,1708,1,1708,False,1568.6077283372365,545.8817330210773
2952,2940,38,0,0,0,False,,
2952,2940,75,10212,1,10212,False,1516.716999608304,676.3605562083823
2952,2940,113,1936,1,1936,False,1836.0123966942149,592.1446280991736
2953,2941,14,1688,1,1688,False,1568.4857819905212,545.973933649289
2953,2941,38,0,0,0,False,,
2953,2941,75,9820,1,9820,False,1513.3896130346232,673.8881873727088
2953,2941,113,1912,1,1912,False,1835.3828451882846,593.13179916318
2954,2942,14,1620,1,1620,False,1567.4135802469136,544.6333333333333
2954,2942,38,0,0,0,False,,
2954,2942,75,9764,1,9764,False,1509.45288816059,672.9686603850881
2954,2942,113,1872,1,1872,False,1834.0982905982905,593.4529914529915
2955,2943,14,1632,1,1632,False,1568.1911764705883,545.3186274509804
2955,2943,38,0,0,0,False,,
2955,2943,75,9704,1,9704,False,1505.2023907666942,672.3977741137675
2955,2943,113,1992,1,1992,False,1833.2751004016063,592.4076305220883
2956,2944,14,1528,1,1528,False,1567.2434554973822,544.6151832460733
2956,2944,38,0,0,0,False,,
2956,2944,75,9752,1,9752,False,1500.30311730927,672.8486464315013
2956,2944,113,1964,1,1964,False,1833.1354378818737,593.4775967413442
2957,2945,14,1608,1,1608,False,1567.8532338308457,545.2363184079602
2957,2945,38,0,0,0,False,,
2957,2945,75,9632,1,9632,False,1495.0988372093022,671.7292358803986
2957,2945,113,1904,1,1904,False,1832.7058823529412,594.3865546218487
2958,2946,14,1608,1,1608,False,1567.863184079602,545.2064676616916
2958,2946,38,0,0,0,False,,
2958,2946,75,9768,1,9768,False,1488.2936117936117,671.5917280917281
2958,2946,113,1988,1,1988,False,1832.0895372233401,594.8138832997988
2959,2947,14,1688,1,1688,False,1568.89336492891,545.9928909952606
2959,2947,38,0,0,0,False,,
2959,2947,75,9508,1,9508,False,1481.4995793016408,668.4444678165755
2959,2947,113,1976,1,1976,False,1830.6781376518218,593.4676113360324
2960,2948,14,1712,1,1712,False,1569.6682242990655,546.3177570093458
2960,2948,38,0,0,0,False,,
2960,2948,75,9324,1,9324,False,1476.6801801801803,667.8650793650794
2960,2948,113,2024,1,2024,False,1830.697628458498,594.1482213438735
2961,2949,14,1624,1,1624,False,1568.4802955665025,545.2881773399015
2961,2949,38,0,0,0,False,,
2961,2949,75,9520,1,9520,False,1471.5050420168068,666.8201680672269
2961,2949,113,1944,1,1944,False,1829.3600823045267,593.0349794238683
2962,2950,14,1636,1,1636,False,1568.0012224938876,545.1454767726161
2962,2950,38,0,0,0,False,,
2962,2950,75,9364,1,9364,False,1468.167663391713,665.8532678342589
2962,2950,113,1984,1,1984,False,1826.6129032258063,593.6975806451613
2963,2951,14,1636,1,1636,False,1569.2139364303177,545.7322738386308
2963,2951,38,0,0,0,False,,
2963,2951,75,9216,1,9216,False,1464.0581597222222,664.9383680555555
2963,2951,113,1984,1,1984,False,1824.391129032258,592.6975806451613
2964,2952,14,1596,1,1596,False,1567.9486215538848,544.9862155388471
2964,2952,38,0,0,0,False,,
2964,2952,75,8968,1,8968,False,1460.0602140945584,661.9165923282783
2964,2952,113,1960,1,1960,False,1822.1938775510205,592.1693877551021
2965,2953,14,1620,1,1620,False,1568.5,545.5222222222222
2965,2953,38,0,0,0,False,,
2965,2953,75,8968,1,8968,False,1456.7961641391614,657.5918822479929
2965,2953,113,1988,1,1988,False,1818.9466800804828,591.1680080482897
2966,2954,14,1636,1,1636,False,1568.651589242054,545.7127139364303
2966,2954,38,0,0,0,False,,
2966,2954,75,8816,1,8816,False,1453.1696914700544,653.0399274047187
2966,2954,113,2032,1,2032,False,1817.1771653543308,590.6181102362204
2967,2955,14,1748,1,1748,False,1570.3489702517163,546.87528604119
2967,2955,38,0,0,0,False,,
2967,2955,75,8664,1,8664,False,1450.1869806094182,650.2017543859649
2967,2955,113,2032,1,2032,False,1815.2874015748032,590.6732283464567
2968,2956,14,1732,1,1732,False,1570.1628175519631,546.7494226327944
2968,2956,38,0,0,0,False,,
2968,2956,75,8184,1,8184,False,1446.8978494623657,647.0278592375366
2968,2956,113,2084,1,2084,False,1813.4021113243762,590.5191938579654
2969,2957,14,1756,1,1756,False,1569.7072892938497,547.0968109339408
2969,2957,38,0,0,0,False,,
2969,2957,75,8120,1,8120,False,1445.7206896551725,645.5522167487685
2969,2957,113,2168,1,2168,False,1812.429889298893,590.9944649446494
2970,2958,14,1780,1,1780,False,1569.623595505618,547.443820224719
2970,2958,38,0,0,0,False,,
2970,2958,75,8484,1,8484,False,1446.4632248939179,647.7805280528053
2970,2958,113,2152,1,2152,False,1810.9869888475837,591.6747211895911
2971,2959,14,1640,1,1640,False,1567.841463414634,545.8853658536585
2971,2959,38,0,0,0,False,,
2971,2959,75,8324,1,8324,False,1448.4951946179722,647.9454589139837
2971,2959,113,2132,1,2132,False,1808.9577861163227,591.8771106941839
2972,2960,14,1776,1,1776,False,1568.5,547.1171171171171
2972,2960,38,0,0,0,False,,
2972,2960,75,7988,1,7988,False,1451.740861291938,649.306209313971
2972,2960,113,2064,1,2064,False,1807.5038759689924,592.8604651162791
2973,2961,14,1884,1,1884,False,1571.4299363057326,548.9755838641189
2973,2961,38,0,0,0,False,,
2973,2961,75,7160,1,7160,False,1454.4385474860335,651.9424581005586
2973,2961,113,2104,1,2104,False,1804.412547528517,592.2186311787073
2974,2962,14,1576,1,1576,False,1567.8451776649747,545.3477157360406
2974,2962,38,0,0,0,False,,
2974,2962,75,7052,1,7052,False,1457.904424276801,656.3581962563811
2974,2962,113,2056,1,2056,False,1803.3171206225682,592.8813229571984
2975,2963,14,1588,1,1588,False,1568.1372795969774,545.8198992443325
2975,2963,38,0,0,0,False,,
2975,2963,75,6688,1,6688,False,1464.58014354067,653.421052631579
2975,2963,113,2052,1,2052,False,1800.807992202729,592.1842105263158
2976,2964,14,1756,1,1756,False,1570.3997722095671,547.5888382687928
2976,2964,38,0,0,0,False,,
2976,2964,75,6064,1,6064,False,1470.5501319261214,648.3403693931399
2976,2964,113,2048,1,2048,False,1799.91015625,592.75390625
2977,2965,14,1604,1,1604,False,1568.6795511221944,545.7269326683291
2977,2965,38,0,0,0,False,,
2977,2965,75,6236,1,6236,False,1473.8855035279025,648.4935856318152
2977,2965,113,1988,1,1988,False,1798.6327967806842,592.4678068410462
2978,2966,14,1712,1,1712,False,1569.2242990654206,547.4065420560747
2978,2966,38,0,0,0,False,,
2978,2966,75,6356,1,6356,False,1475.9424166142228,650.2369414726243
2978,2966,113,1976,1,1976,False,1796.9048582995952,592.078947368421
2979,2967,14,1724,1,1724,False,1569.1728538283062,547.42343387471
2979,2967,38,0,0,0,False,,
2979,2967,75,6488,1,6488,False,1477.3434032059185,645.8403205918619
2979,2967,113,1980,1,1980,False,1795.7161616161616,591.5383838383839
2980,2968,14,1620,1,1620,False,1568.2185185185185,546.8061728395062
2980,2968,38,11892,1,11892,True,354.7684157416751,1478.3950554994954
2980,2968,75,6236,1,6236,False,1479.102950609365,641.12604233483
2980,2968,113,2004,1,2004,False,1794.1686626746507,591.5179640718563
2981,2969,14,1596,1,1596,False,1568.6353383458647,547.2218045112782
2981,2969,38,26192,1,26192,True,369.9813683567501,1460.7076970067196
2981,2969,75,5564,1,5564,False,1482.6164629762761,632.1017253774263
2981,2969,113,1936,1,1936,False,1792.111570247934,591.702479338843
2982,2970,14,1444,1,1444,False,1566.8434903047091,545.3088642659279
2982,2970,38,40232,1,40232,True,378.3578246172201,1415.8684629150926
2982,2970,75,5440,1,5440,False,1487.3411764705882,626.5455882352941
2982,2970,113,1988,1,1988,False,1789.6106639839034,590.1217303822938
2983,2971,14,1692,1,1692,False,1570.9160756501183,547.7671394799054
2983,2971,38,52380,1,52380,True,407.5724704085529,1416.8502100038183
2983,2971,75,5876,1,5876,False,1498.8008849557523,614.4850238257318
2983,2971,113,2000,1,2000,False,1786.3,589.52
2984,2972,14,1520,1,1520,False,1569.8842105263159,547.1368421052632
2984,2972,38,61216,1,61216,True,407.3047569262938,1395.65368531103
2984,2972,75,5896,1,5896,False,1508.0278154681139,608.4497964721845
2984,2972,113,1760,1,1760,False,1783.8863636363637,591.6045454545455
2985,2973,14,1016,2,1012,False,1581.4133858267717,555.3897637795276
2985,2973,38,60404,1,60404,False,399.09691411164823,1343.663101781339
2985,2973,75,6120,1,6120,False,1521.6385620915032,601.1
2985,2973,113,1784,1,1784,False,1779.513452914798,590.7466367713005
2986,2974,14,1356,1,1356,False,1578.7890855457226,557.5265486725664
2986,2974,38,47984,1,47984,False,398.01300433477826,1277.343947982661
2986,2974,75,5872,1,5872,False,1530.9073569482289,600.7138964577657
2986,2974,113,1704,1,1704,False,1777.218309859155,592.3544600938967
2987,2975,14,1684,1,1684,False,1572.1959619952495,549.1365795724465
2987,2975,38,63628,2,63600,False,398.4333626705224,1264.7811340919093
2987,2975,75,5232,1,5232,False,1537.296636085627,605.1085626911315
2987,2975,113,1844,1,1844,False,1773.684381778742,589.91431670282
2988,2976,14,0,0,0,False,,
2988,2976,38,48412,1,48412,False,388.4315872097827,1186.9471618606956
2988,2976,75,6012,1,6012,False,1551.7015968063872,589.1999334664006
2988,2976,113,1868,1,1868,False,1771.6605995717346,589.6691648822269
2989,2977,14,1880,2,1812,False,1576.6531914893617,542.3255319148936
2989,2977,38,47636,1,47636,False,390.4103199261063,1155.0495003778656
2989,2977,75,4496,1,4496,False,1555.044483985765,599.5373665480427
2989,2977,113,1892,1,1892,False,1769.7727272727273,589.1384778012686
2990,2978,14,1156,4,1100,False,1566.181660899654,545.4896193771626
2990,2978,38,40356,1,40356,False,388.37471503617803,1098.1461492714839
2990,2978,75,5180,1,5180,False,1571.4590733590733,588.6111969111969
2990,2978,113,1872,1,1872,False,1768.4273504273503,589.3076923076923
2991,2979,14,1120,2,1092,False,1565.9571428571428,545.6571428571428
2991,2979,38,37004,1,37004,False,388.8662306777646,1066.9775699924332
2991,2979,75,5160,1,5160,False,1583.4860465116278,586.0596899224806
2991,2979,113,1896,1,1896,False,1766.3945147679324,588.2594936708861
2992,2980,14,1224,1,1224,False,1567.3496732026144,547.0032679738562
2992,2980,38,36304,2,36296,False,384.9396209784046,1041.760907888938
2992,2980,75,5068,1,5068,False,1597.4234411996842,586.3879242304656
2992,2980,113,1828,1,1828,False,1764.578774617068,587.629102844639
2993,2981,14,1276,1,1276,False,1569.358934169279,547.8479623824452
2993,2981,38,34496,1,34496,False,373.51623376623377,1024.1885435992579
2993,2981,75,5292,1,5292,False,1606.6995464852607,589.3193499622071
2993,2981,113,1788,1,1788,False,1762.755033557047,588.7908277404922
2994,2982,14,1384,1,1384,False,1571.0028901734104,549.0028901734104
2994,2982,38,37260,1,37260,False,377.74873859366613,1017.3616210413312
2994,2982,75,5096,1,5096,False,1614.5894819466248,590.1656200941915
2994,2982,113,1752,1,1752,False,1760.664383561644,588.9018264840182
2995,2983,14,1448,2,1440,False,1571.7762430939226,550.0690607734807
2995,2983,38,36260,1,36260,False,369.49900717043573,1004.9873690016548
2995,2983,75,5344,1,5344,False,1621.63622754491,591.5598802395209
2995,2983,113,1784,1,1784,False,1757.840807174888,587.8004484304932
2996,2984,14,1296,2,1292,False,1570.432098765432,549.8148148148148
2996,2984,38,32480,1,32480,False,355.9628078817734,984.8305418719211
2996,2984,75,5172,1,5172,False,1626.8913379737046,596.0576179427687
2996,2984,113,1864,1,1864,False,1755.4356223175967,586.7317596566523
2997,2985,14,1004,1,1004,False,1564.9462151394423,546.6195219123506
2997,2985,38,30956,1,30956,False,342.2534565189301,965.3212947409226
2997,2985,75,5792,1,5792,False,1631.4792817679559,597.0
2997,2985,113,1752,1,1752,False,1753.9246575342465,587.7557077625571
2998,2986,14,1364,1,1364,False,1570.840175953079,551.0513196480938
2998,2986,38,30812,1,30812,False,338.74977281578606,957.4596261196937
2998,2986,75,4672,1,4672,False,1633.5650684931506,606.8595890410959
2998,2986,113,1816,1,1816,False,1752.0991189427314,587.8832599118942
2999,2987,14,1272,1,1272,False,1570.0283018867924,549.8207547169811
2999,2987,38,30676,1,30676,False,336.0081496935715,953.401551701656
2999,2987,75,4252,1,4252,False,1637.3861712135465,604.9007525870179
2999,2987,113,1780,1,1780,False,1750.5314606741574,587.0573033707865
3000,2988,14,1328,1,1328,False,1571.132530120482,550.6626506024096
3000,2988,38,28736,2,28720,False,328.4050668151448,949.4880289532294
3000,2988,75,4436,1,4436,False,1642.2060414788098,597.7010820559062
3000,2988,113,1888,1,1888,False,1749.2711864406779,586.9745762711865
3001,2989,14,1172,1,1172,False,1571.1211604095563,551.1279863481228
3001,2989,38,27376,1,27376,False,319.1744593804793,942.1987142022209
3001,2989,75,4648,1,4648,False,1648.9629948364889,553.4225473321859
3001,2989,113,1840,1,1840,False,1748.7826086956522,587.9130434782609
3002,2990,14,1288,1,1288,False,1572.4192546583852,553.1459627329192
3002,2990,38,25228,1,25228,False,301.7763596004439,941.5397970508958
3002,2990,75,3444,1,3444,False,1661.9703832752614,529.9192799070847
3002,2990,113,1836,1,1836,False,1747.375816993464,587.2450980392157
3003,2991,14,1184,1,1184,False,1573.277027027027,553.722972972973
3003,2991,38,26520,1,26520,False,287.06440422322777,932.2236802413273
3003,2991,75,9468,1,9468,False,1650.7391212505281,464.64195183776934
3003,2991,113,1824,1,1824,False,1746.8245614035088,586.7982456140351
3004,2992,14,988,1,988,False,1574.5,553.8846153846154
3004,2992,38,27220,1,27220,False,279.2512123438648,932.1193975018368
3004,2992,75,6596,1,6596,False,1657.1100667070953,436.39326864766525
3004,2992,113,1828,1,1828,False,1745.8654266958424,586.3599562363238
3005,2993,14,0,0,0,False,,
3005,2993,38,25748,1,25748,False,269.20250116513904,930.2467764486562
3005,2993,75,8456,1,8456,False,1653.6835383159887,375.88032166508987
3005,2993,113,1776,1,1776,False,1745.463963963964,586.1531531531532
3006,2994,14,0,0,0,False,,
3006,2994,38,25248,1,25248,False,261.4756020278834,930.7572877059569
3006,2994,75,6424,1,6424,False,1647.6419676214198,323.9358655043587
3006,2994,113,1748,1,1748,False,1744.6693363844392,585.6578947368421
3007,2995,14,0,0,0,False,,
3007,2995,38,28112,2,28092,False,250.16562322140012,924.8247011952192
3007,2995,75,7384,1,7384,False,1632.6159263271938,242.33098591549296
3007,2995,113,1720,1,1720,False,1743.2441860465117,585.0581395348837
3008,2996,14,0,0,0,False,,
3008,2996,38,22964,2,22924,False,224.77033617836614,899.610259536666
3008,2996,75,7600,1,7600,False,1620.4147368421052,188.54315789473685
3008,2996,113,1764,1,1764,False,1741.924036281179,584.0102040816327
3009,2997,14,0,0,0,False,,
3009,2997,38,21980,1,21980,False,216.85122838944494,896.4384895359418
3009,2997,75,7188,1,7188,False,1605.8266555370062,98.00139120756818
3009,2997,113,1744,1,1744,False,1741.2798165137615,583.5366972477065
3010,2998,14,0,0,0,False,,
3010,2998,38,20896,1,20896,False,209.93797856049005,895.3702143950995
3010,2998,75,0,0,0,False,,
3010,2998,113,1720,1,1720,False,1741.5837209302326,583.5744186046512
3011,2999,14,0,0,0,False,,
3011,2999,38,20916,1,20916,False,202.54704532415377,888.3034040925608
3011,2999,75,84,1,84,False,204.97619047619048,815.3571428571429
3011,2999,113,1668,1,1668,False,1740.9988009592325,583.9820143884892
3012,3000,14,0,0,0,False,,
3012,3000,38,20304,1,20304,False,197.19267139479905,882.9692671394799
3012,3000,75,0,0,0,False,,
3012,3000,113,1772,1,1772,False,1741.6783295711061,584.5135440180587
3013,3001,14,0,0,0,False,,
3013,3001,38,19152,3,19128,False,189.11528822055138,871.593149540518
3013,3001,75,0,0,0,False,,
3013,3001,113,1828,1,1828,False,1741.9704595185995,584.718818380744
3014,3002,14,1180,1,1180,False,1582.791525423729,552.5067796610169
3014,3002,38,19244,1,19244,False,184.42143005612138,870.6791727291624
3014,3002,75,0,0,0,False,,
3014,3002,113,1812,1,1812,False,1741.4580573951434,584.3145695364238
3015,3003,14,1132,1,1132,False,1587.4964664310953,553.2208480565371
3015,3003,38,19816,1,19816,False,178.66713766653208,862.7765442067016
3015,3003,75,0,0,0,False,,
3015,3003,113,1804,1,1804,False,1741.5687361419068,584.4866962305987
3016,3004,14,1172,1,1172,False,1590.1245733788396,553.4692832764505
3016,3004,38,20468,1,20468,False,175.0561852648036,850.5531561461794
3016,3004,75,0,0,0,False,,
3016,3004,113,1792,1,1792,False,1741.419642857143,584.0133928571429
3017,3005,14,1128,1,1128,False,1591.677304964539,553.7907801418439
3017,3005,38,19608,1,19608,False,173.30701754385964,846.21766625867
3017,3005,75,0,0,0,False,,
3017,3005,113,1760,1,1760,False,1741.7,584.5454545454545
3018,3006,14,1012,1,1012,False,1591.7727272727273,553.8754940711462
3018,3006,38,19304,1,19304,False,173.41835888934935,845.4515126398674
3018,3006,75,0,0,0,False,,
3018,3006,113,1800,1,1800,False,1741.4555555555555,583.9533333333334
3019,3007,14,1020,1,1020,False,1591.8647058823528,554.4294117647058
3019,3007,38,18768,1,18768,False,172.9075021312873,843.073316283035
3019,3007,75,0,0,0,False,,
3019,3007,113,1752,1,1752,False,1741.6735159817351,584.472602739726
3020,3008,14,992,1,992,False,1596.2096774193549,554.9274193548387
3020,3008,38,20000,1,20000,False,170.596,832.554
3020,3008,75,0,0,0,False,,
3020,3008,113,1768,1,1768,False,1741.8574660633485,584.0701357466063
3021,3009,14,1076,1,1076,False,1598.328996282528,556.8420074349442
3021,3009,38,19996,1,19996,False,167.37217443488697,823.0321064212843
3021,3009,75,0,0,0,False,,
3021,3009,113,1788,1,1788,False,1741.8199105145413,583.9765100671141
3022,3010,14,1032,1,1032,False,1601.7170542635658,557.9496124031008
3022,3010,38,20084,1,20084,False,166.20762796255727,814.9592710615415
3022,3010,75,0,0,0,False,,
3022,3010,113,1828,1,1828,False,1741.6684901531728,583.5765864332604
3023,3011,14,1164,1,1164,False,1611.1872852233678,558.4106529209622
3023,3011,38,20900,1,20900,False,164.49234449760766,804.8735885167464
3023,3011,75,0,0,0,False,,
3023,3011,113,1792,1,1792,False,1741.8839285714287,584.0446428571429
3024,3012,14,1192,1,1192,False,1615.278523489933,560.2785234899329
3024,3012,38,20868,1,20868,False,161.10762890550126,797.1958021851639
3024,3012,75,0,0,0,False,,
3024,3012,113,1824,1,1824,False,1741.701754385965,583.5570175438596
3025,3013,14,1512,1,1512,False,1618.8915343915344,562.3359788359788
3025,3013,38,20872,1,20872,False,161.93464929091607,794.7311230356459
3025,3013,75,0,0,0,False,,
3025,3013,113,1820,1,1820,False,1741.9725274725274,584.1351648351648
3026,3014,14,1660,1,1660,False,1624.3265060240965,563.844578313253
3026,3014,38,19284,1,19284,False,164.91692594897324,799.8042937149969
3026,3014,75,0,0,0,False,,
3026,3014,113,1860,1,1860,False,1741.7,583.8376344086022
3027,3015,14,1592,1,1592,False,1627.5402010050252,565.2085427135678
3027,3015,38,18392,1,18392,False,166.9306220095694,806.7622879512832
3027,3015,75,0,0,0,False,,
3027,3015,113,1864,1,1864,False,1741.637339055794,583.5944206008584
3028,3016,14,1976,1,1976,False,1628.5161943319838,564.1801619433198
3028,3016,38,18308,1,18308,False,171.0134367489622,805.7584662442648
3028,3016,75,0,0,0,False,,
3028,3016,113,1840,1,1840,False,1741.6739130434783,583.6
3029,3017,14,1816,1,1816,False,1635.4867841409691,567.3590308370044
3029,3017,38,18936,1,18936,False,176.28115758343895,806.7877059569075
3029,3017,75,0,0,0,False,,
3029,3017,113,1884,1,1884,False,1741.6210191082803,583.4341825902335
3030,3018,14,1728,1,1728,False,1638.2546296296296,568.8287037037037
3030,3018,38,19060,1,19060,False,178.3887722980063,807.7629590766002
3030,3018,75,0,0,0,False,,
3030,3018,113,1856,1,1856,False,1741.905172413793,583.5948275862069
3031,3019,14,2000,1,2000,False,1644.156,570.7
3031,3019,38,19136,1,19136,False,180.64841137123747,801.0760869565217
3031,3019,75,0,0,0,False,,
3031,3019,113,1892,1,1892,False,1741.7304439746301,583.1553911205074
3032,3020,14,1876,2,1868,False,1656.0778251599147,570.4232409381663
3032,3020,38,19700,1,19700,False,179.95908629441624,791.2939086294416
3032,3020,75,0,0,0,False,,
3032,3020,113,1876,1,1876,False,1741.8347547974413,582.956289978678
3033,3021,14,1724,1,1724,False,1658.1798143851508,570.0870069605569
3033,3021,38,19300,1,19300,False,179.46331606217618,787.0956476683938
3033,3021,75,0,0,0,False,,
3033,3021,113,1824,1,1824,False,1741.8684210526317,583.0131578947369
3034,3022,14,1952,1,1952,False,1660.3237704918033,571.0327868852459
3034,3022,38,17220,1,17220,False,181.78130081300813,786.8976771196284
3034,3022,75,0,0,0,False,,
3034,3022,113,1820,1,1820,False,1742.2582417582419,583.4318681318681
3035,3023,14,1884,1,1884,False,1662.3895966029725,570.156050955414
3035,3023,38,16356,1,16356,False,185.32709708975298,803.2899241868428
3035,3023,75,0,0,0,False,,
3035,3023,113,1856,1,1856,False,1742.2068965517242,583.0172413793103
3036,3024,14,1956,1,1956,False,1662.855828220859,570.3895705521472
3036,3024,38,16968,1,16968,False,185.97713342762847,802.3024516737388
3036,3024,75,0,0,0,False,,
3036,3024,113,1804,1,1804,False,1742.3669623059866,583.0942350332595
3037,3025,14,2020,1,2020,False,1661.4861386138614,570.6504950495049
3037,3025,38,16840,1,16840,False,188.0667458432304,803.8439429928741
3037,3025,75,0,0,0,False,,
3037,3025,113,1908,1,1908,False,1742.302935010482,581.9716981132076
3038,3026,14,2052,1,2052,False,1662.3830409356726,570.4571150097466
3038,3026,38,16412,1,16412,False,187.7069217645625,804.0773824031197
3038,3026,75,0,0,0,False,,
3038,3026,113,1876,1,1876,False,1742.8923240938166,583.2334754797441
3039,3027,14,2020,1,2020,False,1661.6683168316831,569.9574257425743
3039,3027,38,16300,1,16300,False,185.7157055214724,802.3758282208589
3039,3027,75,0,0,0,False,,
3039,3027,113,1720,1,1720,False,1744.374418604651,585.2627906976744
3040,3028,14,2040,1,2040,False,1662.5392156862745,569.778431372549
3040,3028,38,16436,1,16436,False,183.88865904112922,795.6813093210027
3040,3028,75,0,0,0,False,,
3040,3028,113,1816,1,1816,False,1744.6762114537446,584.2885462555066
3041,3029,14,2056,1,2056,False,1662.4571984435797,569.5038910505837
3041,3029,38,15436,1,15436,False,182.36939621663643,793.7998186058564
3041,3029,75,0,0,0,False,,
3041,3029,113,1900,1,1900,False,1745.203157894737,584.1505263157894
3042,3030,14,2140,1,2140,False,1661.8308411214953,569.1579439252337
3042,3030,38,15332,1,15332,False,180.3111140099139,787.3974693451604
3042,3030,75,0,0,0,False,,
3042,3030,113,1876,1,1876,False,1745.5703624733476,584.4019189765459
3043,3031,14,2288,1,2288,False,1661.4615384615386,568.1853146853147
3043,3031,38,16404,1,16404,False,175.09058766154595,778.1981224091685
3043,3031,75,0,0,0,False,,
3043,3031,113,1964,1,1964,False,1746.2026476578412,584.0030549898167
3044,3032,14,2180,1,2180,False,1662.367889908257,567.4064220183486
3044,3032,38,15984,1,15984,False,173.33633633633633,777.5910910910911
3044,3032,75,0,0,0,False,,
3044,3032,113,1860,1,1860,False,1746.6548387096775,583.889247311828
3045,3033,14,2304,1,2304,False,1661.2916666666667,567.6041666666666
3045,3033,38,16356,1,16356,False,172.63646368305209,776.8418928833455
3045,3033,75,0,0,0,False,,
3045,3033,113,1816,1,1816,False,1746.4603524229076,585.6894273127754
3046,3034,14,2356,1,2356,False,1660.2385398981323,568.0857385398981
3046,3034,38,16228,1,16228,False,169.71025388217896,774.2648508750308
3046,3034,75,0,0,0,False,,
3046,3034,113,1880,1,1880,False,1746.7808510638297,585.6914893617021
3047,3035,14,2356,1,2356,False,1659.5458404074702,568.204584040747
3047,3035,38,15864,1,15864,False,166.07892082702975,771.9170448814926
3047,3035,75,0,0,0,False,,
3047,3035,113,1892,1,1892,False,1746.8720930232557,585.5739957716702
3048,3036,14,2336,1,2336,False,1659.2020547945206,568.2397260273973
3048,3036,38,15304,1,15304,False,163.68139048614742,767.4121798222687
3048,3036,75,0,0,0,False,,
3048,3036,113,1928,1,1928,False,1747.130705394191,584.8402489626556
3049,3037,14,2320,1,2320,False,1658.7448275862068,568.3931034482758
3049,3037,38,15200,1,15200,False,164.0536842105263,765.5447368421053
3049,3037,75,0,0,0,False,,
3049,3037,113,1944,1,1944,False,1746.6893004115227,584.4876543209876
3050,3038,14,2292,1,2292,False,1658.6221640488657,568.3673647469459
3050,3038,38,14156,1,14156,False,165.29005368748233,770.5073467081096
3050,3038,75,0,0,0,False,,
3050,3038,113,1984,1,1984,False,1746.7620967741937,584.2741935483871
3051,3039,14,2348,1,2348,False,1658.2819420783646,568.5579216354345
3051,3039,38,14024,1,14024,False,164.82002281802625,769.3899030233885
3051,3039,75,0,0,0,False,,
3051,3039,113,2008,1,2008,False,1746.7071713147411,583.9940239043825
3052,3040,14,2356,1,2356,False,1658.2147707979627,568.4524617996605
3052,3040,38,15184,1,15184,False,164.25922023182298,759.2665964172813
3052,3040,75,0,0,0,False,,
3052,3040,113,2008,1,2008,False,1746.6035856573706,583.9741035856574
3053,3041,14,2340,1,2340,False,1658.3051282051283,568.4794871794871
3053,3041,38,14764,1,14764,False,164.81536169059876,757.8112977512869
3053,3041,75,0,0,0,False,,
3053,3041,113,2008,1,2008,False,1746.1573705179283,583.7709163346614
3054,3042,14,2344,1,2344,False,1658.2201365187714,568.4726962457338
3054,3042,38,14420,1,14420,False,164.60651872399444,754.9893203883495
3054,3042,75,0,0,0,False,,
3054,3042,113,2020,1,2020,False,1745.9930693069307,583.5336633663367
3055,3043,14,2328,1,2328,False,1657.7577319587629,568.2663230240549
3055,3043,38,14164,1,14164,False,167.7448460886755,753.7070036712793
3055,3043,75,0,0,0,False,,
3055,3043,113,1980,1,1980,False,1745.5989898989899,583.6434343434344
3056,3044,14,2388,1,2388,False,1657.6155778894472,567.9606365159129
3056,3044,38,13708,1,13708,False,170.6832506565509,754.7147651006711
3056,3044,75,0,0,0,False,,
3056,3044,113,2016,1,2016,False,1745.388888888889,583.2936507936508
3057,3045,14,2380,1,2380,False,1657.394117647059,568.0731092436974
3057,3045,38,13012,1,13012,False,173.8138641254227,757.8532124193052
3057,3045,75,0,0,0,False,,
3057,3045,113,2020,1,2020,False,1745.1732673267327,583.189108910891
3058,3046,14,2300,1,2300,False,1656.8791304347826,568.5834782608696
3058,3046,38,12980,1,12980,False,176.48212634822804,757.6993836671803
3058,3046,75,0,0,0,False,,
3058,3046,113,1984,1,1984,False,1744.4556451612902,582.6451612903226
3059,3047,14,2272,1,2272,False,1656.75,569.0
3059,3047,38,13312,1,13312,False,175.36658653846155,751.8731971153846
3059,3047,75,0,0,0,False,,
3059,3047,113,1980,1,1980,False,1744.1969696969697,582.3424242424243
3060,3048,14,2264,1,2264,False,1656.683745583039,569.1148409893993
3060,3048,38,12052,1,12052,False,174.79074012612014,744.6480252240292
3060,3048,75,0,0,0,False,,
3060,3048,113,1984,1,1984,False,1743.7983870967741,582.2741935483871
3061,3049,14,2292,1,2292,False,1655.8821989528797,569.2364746945899
3061,3049,38,11844,1,11844,False,176.2838568051334,741.403748733536
3061,3049,75,0,0,0,False,,
3061,3049,113,1972,1,1972,False,1743.420892494929,582.4107505070994
3062,3050,14,2284,1,2284,False,1655.792469352014,569.3441330998248
3062,3050,38,11148,1,11148,False,177.96609257265877,744.3026551847865
3062,3050,75,0,0,0,False,,
3062,3050,113,1976,1,1976,False,1742.8846153846155,582.1113360323886
3063,3051,14,2296,1,2296,False,1655.074912891986,569.2700348432056
3063,3051,38,11132,1,11132,False,177.13528566295363,748.3965145526411
3063,3051,75,0,0,0,False,,
3063,3051,113,1952,1,1952,False,1742.4303278688524,582.155737704918
3064,3052,14,2284,1,2284,False,1654.9588441330998,569.2040280210158
3064,3052,38,11632,1,11632,False,177.3404401650619,748.4209078404401
3064,3052,75,0,0,0,False,,
3064,3052,113,1940,1,1940,False,1742.0711340206185,582.3969072164948
3065,3053,14,2264,1,2264,False,1654.5883392226149,568.8851590106007
3065,3053,38,11144,1,11144,False,177.4748743718593,747.4282124910266
3065,3053,75,0,0,0,False,,
3065,3053,113,1956,1,1956,False,1741.7678936605316,582.3323108384458
3066,3054,14,2352,1,2352,False,1654.561224489796,568.4013605442177
3066,3054,38,10180,1,10180,False,176.45284872298626,744.4992141453831
3066,3054,75,0,0,0,False,,
3066,3054,113,1976,1,1976,False,1741.3623481781376,581.9493927125507
3067,3055,14,2436,1,2436,False,1654.940065681445,567.5706075533661
3067,3055,38,10476,1,10476,False,177.5668193967163,742.5771286750668
3067,3055,75,0,0,0,False,,
3067,3055,113,1976,1,1976,False,1741.1356275303644,581.8522267206478
3068,3056,14,2388,1,2388,False,1654.2252931323283,567.7696817420435
3068,3056,38,11360,1,11360,False,178.106338028169,737.175352112676
3068,3056,75,0,0,0,False,,
3068,3056,113,2008,1,2008,False,1740.7549800796812,581.5916334661355
3069,3057,14,2384,1,2384,False,1653.7953020134228,567.5838926174497
3069,3057,38,11044,1,11044,False,179.40836653386455,736.1935892792467
3069,3057,75,0,0,0,False,,
3069,3057,113,2012,1,2012,False,1740.5357852882703,581.5576540755467
3070,3058,14,2388,1,2388,False,1653.4849246231156,567.7763819095477
3070,3058,38,10764,1,10764,False,180.67094017094018,734.7794500185804
3070,3058,75,0,0,0,False,,
3070,3058,113,2004,1,2004,False,1740.2684630738522,581.5738522954092
3071,3059,14,2364,1,2364,False,1652.7876480541456,567.5389170896785
3071,3059,38,10824,1,10824,False,181.349963045085,730.1274944567627
3071,3059,75,0,0,0,False,,
3071,3059,113,2024,1,2024,False,1739.7529644268775,581.4723320158103
3072,3060,14,2356,1,2356,False,1652.374363327674,567.5764006791171
3072,3060,38,10944,1,10944,False,181.0548245614035,727.3230994152046
3072,3060,75,0,0,0,False,,
3072,3060,113,1996,1,1996,False,1739.5340681362725,581.4619238476954
3073,3061,14,2308,1,2308,False,1651.7894280762564,567.7339688041594
3073,3061,38,10992,1,10992,False,181.76855895196508,725.5735080058224
3073,3061,75,0,0,0,False,,
3073,3061,113,2004,1,2004,False,1739.38622754491,581.2584830339322
3074,3062,14,2268,1,2268,False,1651.5229276895943,567.9003527336861
3074,3062,38,11264,1,11264,False,180.67897727272728,710.8330965909091
3074,3062,75,0,0,0,False,,
3074,3062,113,2012,1,2012,False,1739.386679920477,581.1560636182902
3075,3063,14,2352,1,2352,False,1651.5680272108843,567.0748299319728
3075,3063,38,10504,1,10504,False,174.9127951256664,682.0818735719726
3075,3063,75,0,0,0,False,,
3075,3063,113,2012,1,2012,False,1739.3429423459245,581.1878727634195
3076,3064,14,2424,1,2424,False,1651.2986798679867,567.0544554455446
3076,3064,38,10020,1,10020,False,171.93552894211578,664.3882235528943
3076,3064,75,0,0,0,False,,
3076,3064,113,2024,1,2024,False,1739.294466403162,580.8478260869565
3077,3065,14,2364,1,2364,False,1650.8045685279187,567.2851099830796
3077,3065,38,10440,1,10440,False,172.63946360153255,664.2379310344828
3077,3065,75,0,0,0,False,,
3077,3065,113,2012,1,2012,False,1739.3230616302187,581.044731610338
3078,3066,14,2272,1,2272,False,1649.3521126760563,566.4929577464789
3078,3066,38,11896,1,11896,False,181.05010087424344,672.6580363147276
3078,3066,75,14248,1,14248,False,546.5112296462661,79.39500280741157
3078,3066,113,1960,1,1960,False,1739.8877551020407,580.1612244897959
3079,3067,14,2236,1,2236,False,1648.9722719141323,566.6824686940967
3079,3067,38,10660,1,10660,False,174.0594746716698,694.4204502814259
3079,3067,75,14116,1,14116,False,572.7334939076226,175.86525928024938
3079,3067,113,1972,1,1972,False,1739.871196754564,580.1105476673428
3080,3068,14,2192,1,2192,False,1647.8613138686133,566.6423357664233
3080,3068,38,11724,1,11724,False,183.88792221084955,714.7920504947117
3080,3068,75,24824,2,24800,False,653.0794392523364,223.03528843055108
3080,3068,113,1952,1,1952,False,1739.811475409836,580.1475409836065
3081,3069,14,2116,1,2116,False,1645.8005671077506,566.5831758034027
3081,3069,38,11848,1,11848,False,191.29675894665766,729.0151924375422
3081,3069,75,28816,1,28816,False,639.5435868961688,249.44031093836756
3081,3069,113,1940,1,1940,False,1739.7247422680412,580.1041237113402
3082,3070,14,2152,1,2152,False,1645.0576208178438,566.6263940520446
3082,3070,38,11280,1,11280,False,188.92482269503546,728.9333333333333
3082,3070,75,23668,1,23668,False,755.977437890823,387.66207537603515
3082,3070,113,1948,1,1948,False,1739.7566735112937,579.9537987679671
3083,3071,14,2184,1,2184,False,1643.7673992673992,566.3644688644689
3083,3071,38,10612,1,10612,False,186.03335846211834,727.6225028269884
3083,3071,75,14428,2,14424,False,734.1379262545051,442.63917382866646
3083,3071,113,1932,1,1932,False,1739.6966873706003,579.9824016563147
3084,3072,14,2228,1,2228,False,1642.7118491921005,566.0008976660682
3084,3072,38,8716,1,8716,False,188.60279944928865,717.019504359798
3084,3072,75,21968,2,21960,False,728.2501820830298,467.13838310269483
3084,3072,113,1940,1,1940,False,1739.8072164948453,579.8979381443299
3085,3073,14,2272,1,2272,False,1642.5598591549297,565.7394366197183
3085,3073,38,9496,1,9496,False,189.67691659646167,713.4545071609099
3085,3073,75,23020,1,23020,False,865.3743701129453,551.6068635968722
3085,3073,113,1948,1,1948,False,1739.8305954825462,579.8716632443532
3086,3074,14,2276,1,2276,False,1643.378734622144,565.7267135325131
3086,3074,38,10004,2,9676,False,190.59276289484205,716.969412235106
3086,3074,75,11768,1,11768,False,823.1186267845003,586.2675050985724
3086,3074,113,1940,1,1940,False,1739.7536082474228,580.0546391752578
3087,3075,14,2268,1,2268,False,1643.1455026455026,565.7310405643739
3087,3075,38,9600,1,9600,False,193.305,712.2416666666667
3087,3075,75,17940,1,17940,False,827.7735785953178,606.0794871794872
3087,3075,113,1940,1,1940,False,1739.7618556701032,579.9680412371134
3088,3076,14,2212,1,2212,False,1642.7784810126582,566.0153707052441
3088,3076,38,10476,1,10476,False,195.069683085147,704.4198167239405
3088,3076,75,10296,1,10296,False,874.587801087801,615.5582750582751
3088,3076,113,1936,1,1936,False,1739.7685950413222,579.9132231404959
3089,3077,14,2180,1,2180,False,1642.4596330275228,566.1366972477064
3089,3077,38,10604,1,10604,False,195.04168238400604,698.5030177291588
3089,3077,75,8572,1,8572,False,910.5065328978068,605.2578161455903
3089,3077,113,1948,1,1948,False,1739.8388090349076,579.7813141683778
3090,3078,14,2092,1,2092,False,1642.5305927342256,566.4005736137667
3090,3078,38,10432,1,10432,False,198.45782208588957,697.9210122699386
3090,3078,75,10520,1,10520,False,955.8444866920152,594.509885931559
3090,3078,113,1960,1,1960,False,1739.8591836734695,579.7979591836735
3091,3079,14,2020,1,2020,False,1642.979207920792,566.2346534653466
3091,3079,38,10868,1,10868,False,201.40467427309534,699.0395656974605
3091,3079,75,9320,1,9320,False,966.0811158798283,585.7618025751073
3091,3079,113,1952,1,1952,False,1739.8934426229507,579.6311475409836
3092,3080,14,2068,1,2068,False,1642.3491295938104,566.0899419729207
3092,3080,38,10572,1,10572,False,201.48600075671584,698.1761256148317
3092,3080,75,9860,1,9860,False,972.5778904665315,582.1851926977688
3092,3080,113,1960,1,1960,False,1739.908163265306,579.7489795918367
3093,3081,14,2036,1,2036,False,1643.0893909626718,566.4724950884087
3093,3081,38,10228,1,10228,False,200.53128666405945,695.737387563551
3093,3081,75,11076,1,11076,False,997.046045503792,583.1796677500903
3093,3081,113,1944,1,1944,False,1739.8621399176955,579.7798353909465
3094,3082,14,1996,1,1996,False,1642.9929859719439,566.5240480961924
3094,3082,38,9608,1,9608,False,200.9412989175687,694.680682764363
3094,3082,75,8004,1,8004,False,1011.9262868565717,589.716391804098
3094,3082,113,1956,1,1956,False,1739.8905930470348,579.8128834355829
3095,3083,14,1976,1,1976,False,1642.3542510121458,566.6093117408907
3095,3083,38,9492,1,9492,False,197.52233459755584,691.3807416772019
3095,3083,75,6884,1,6884,False,1030.2478210342824,583.1984311446834
3095,3083,113,1948,1,1948,False,1739.847022587269,579.929158110883
3096,3084,14,2060,1,2060,False,1641.5368932038834,566.9116504854369
3096,3084,38,8496,1,8496,False,196.6864406779661,692.3785310734463
3096,3084,75,0,0,0,False,,
3096,3084,113,1956,1,1956,False,1739.8415132924335,580.0419222903886
3097,3085,14,2060,1,2060,False,1640.795145631068,566.5271844660194
3097,3085,38,8572,1,8572,False,194.0016332244517,691.6367242183854
3097,3085,75,7500,1,7500,False,1062.8669333333332,587.4365333333334
3097,3085,113,1956,1,1956,False,1739.8415132924335,580.0419222903886
3098,3086,14,2092,1,2092,False,1639.1080305927342,566.1558317399617
3098,3086,38,9344,1,9344,False,196.00941780821918,695.8715753424658
3098,3086,75,6816,2,6812,False,1075.136150234742,583.1490610328639
3098,3086,113,1952,1,1952,False,1739.8319672131147,580.1188524590164
3099,3087,14,2080,1,2080,False,1638.6576923076923,566.0
3099,3087,38,9536,1,9536,False,194.9798657718121,698.4630872483222
3099,3087,75,6696,1,6696,False,1084.773596176822,581.0507765830347
3099,3087,113,1944,1,1944,False,1739.7798353909466,579.9938271604939
3100,3088,14,2164,1,2164,False,1637.8863216266175,566.2929759704251
3100,3088,38,9476,1,9476,False,194.41642043056143,703.6034191642043
3100,3088,75,6580,1,6580,False,1091.1893617021276,581.0908814589666
3100,3088,113,2004,1,2004,False,1739.5339321357285,579.9291417165668
3101,3089,14,2144,1,2144,False,1638.1791044776119,566.294776119403
3101,3089,38,9520,1,9520,False,190.3966386554622,707.418487394958
3101,3089,75,6560,1,6560,False,1097.1670731707318,581.8731707317073
3101,3089,113,2004,1,2004,False,1739.5339321357285,579.9291417165668
3102,3090,14,2116,1,2116,False,1638.3941398865784,566.6020793950851
3102,3090,38,9940,1,9940,False,188.63601609657948,705.5076458752515
3102,3090,75,6392,1,6392,False,1104.2309136420527,581.7040050062578
3102,3090,113,2004,1,2004,False,1739.5339321357285,579.9291417165668
3103,3091,14,2048,1,2048,False,1638.20703125,566.94140625
3103,3091,38,9952,1,9952,False,187.53938906752413,706.5707395498392
3103,3091,75,6116,1,6116,False,1112.446370176586,580.0696533682145
3103,3091,113,2000,1,2000,False,1739.56,579.956
3104,3092,14,1936,1,1936,False,1637.4545454545455,567.1280991735537
3104,3092,38,10292,1,10292,False,188.50233190827828,705.3682471822775
3104,3092,75,6248,1,6248,False,1119.2490396927017,577.6933418693982
3104,3092,113,2004,1,2004,False,1739.6097804391218,579.7974051896208
3105,3093,14,2000,1,2000,False,1637.628,567.564
3105,3093,38,10328,1,10328,False,188.28001549186678,704.3977536793184
3105,3093,75,6308,1,6308,False,1124.3909321496512,576.9920735573875
3105,3093,113,2024,1,2024,False,1739.6343873517787,579.8201581027668
3106,3094,14,1952,1,1952,False,1637.27868852459,567.7213114754098
3106,3094,38,10072,1,10072,False,187.39833200953137,705.5683081810961
3106,3094,75,6660,1,6660,False,1126.3174174174173,578.0507507507507
3106,3094,113,2028,1,2028,False,1739.6084812623274,579.7938856015779
3107,3095,14,1904,1,1904,False,1636.7016806722688,567.7226890756302
3107,3095,38,10424,1,10424,False,188.97505755947813,705.2275518035303
3107,3095,75,6236,1,6236,False,1130.8527902501603,576.1497754971135
3107,3095,113,2024,1,2024,False,1739.6343873517787,579.8201581027668
3108,3096,14,1852,1,1852,False,1636.1069114470843,568.2580993520519
3108,3096,38,9908,1,9908,False,188.7559547840129,710.311061768268
3108,3096,75,6396,1,6396,False,1132.8089430894308,577.8033145716073
3108,3096,113,2028,1,2028,False,1739.5493096646942,579.7820512820513
3109,3097,14,1828,1,1828,False,1635.8698030634573,568.3993435448577
3109,3097,38,9636,1,9636,False,189.1807804068078,712.3356164383562
3109,3097,75,6156,1,6156,False,1134.132228719948,577.3018193632229
3109,3097,113,2032,1,2032,False,1739.5551181102362,579.7244094488188
3110,3098,14,1840,1,1840,False,1635.8869565217392,569.2521739130435
3110,3098,38,9580,1,9580,False,190.66534446764092,712.1317327766179
3110,3098,75,6148,1,6148,False,1134.8786597267404,577.948275862069
3110,3098,113,2064,1,2064,False,1739.5193798449613,579.7751937984497
3111,3099,14,1816,1,1816,False,1635.7687224669603,569.614537444934
3111,3099,38,9660,1,9660,False,191.9840579710145,711.3786749482401
3111,3099,75,6124,1,6124,False,1134.3876551273677,579.855976485957
3111,3099,113,2060,1,2060,False,1739.540776699029,579.7233009708738
3112,3100,14,1788,1,1788,False,1635.5022371364653,569.7975391498882
3112,3100,38,9656,1,9656,False,192.9159072079536,709.7303231151616
3112,3100,75,6144,1,6144,False,1133.8671875,582.20703125
3112,3100,113,2068,1,2068,False,1739.509671179884,579.6334622823985
3113,3101,14,1780,1,1780,False,1635.5202247191012,569.8078651685394
3113,3101,38,9864,1,9864,False,192.47404703974047,702.925790754258
3113,3101,75,5924,1,5924,False,1132.8956785955436,583.381836596894
3113,3101,113,2076,1,2076,False,1739.5828516377649,579.6984585741811
3114,3102,14,1768,1,1768,False,1635.3461538461538,569.9524886877828
3114,3102,38,10376,1,10376,False,191.8862760215883,698.7266769468004
3114,3102,75,6008,1,6008,False,1131.6451398135819,585.1804260985352
3114,3102,113,2076,1,2076,False,1739.5828516377649,579.6984585741811
3115,3103,14,1764,1,1764,False,1634.8945578231292,570.2551020408164
3115,3103,38,10192,1,10192,False,191.73626373626374,699.6797488226059
3115,3103,75,5988,1,5988,False,1131.0918503674015,585.683700734803
3115,3103,113,2100,1,2100,False,1739.5933333333332,579.9247619047619
3116,3104,14,1700,1,1700,False,1634.4105882352942,570.3729411764706
3116,3104,38,10032,1,10032,False,191.12121212121212,698.2376395534291
3116,3104,75,5888,1,5888,False,1130.523097826087,586.0869565217391
3116,3104,113,2100,1,2100,False,1739.5933333333332,579.9247619047619
3117,3105,14,1656,1,1656,False,1634.3985507246377,570.5821256038647
3117,3105,38,9816,1,9816,False,190.35330073349633,702.3231458842706
3117,3105,75,5676,1,5676,False,1130.161733615222,586.8269908386187
3117,3105,113,2100,1,2100,False,1739.6542857142856,579.7952380952381
3118,3106,14,1652,1,1652,False,1634.4176755447943,570.6646489104116
3118,3106,38,9756,1,9756,False,190.99118491184913,699.9538745387454
3118,3106,75,5620,1,5620,False,1129.9476868327401,587.8907473309608
3118,3106,113,2088,1,2088,False,1739.572796934866,579.8448275862069
3119,3107,14,1616,1,1616,False,1634.009900990099,570.7178217821782
3119,3107,38,10144,1,10144,False,190.57570977917982,695.9432176656152
3119,3107,75,5584,1,5584,False,1130.4598853868195,588.3194842406876
3119,3107,113,2112,1,2112,False,1739.5,579.8977272727273
3120,3108,14,1620,1,1620,False,1634.1444444444444,571.0185185185185
3120,3108,38,10128,1,10128,False,190.0165876777251,697.629541864139
3120,3108,75,5676,1,5676,False,1131.2737843551797,589.1483439041579
3120,3108,113,2100,1,2100,False,1739.467619047619,580.0123809523809
3121,3109,14,1580,1,1580,False,1633.846835443038,570.9101265822785
3121,3109,38,10232,1,10232,False,189.61493354182954,698.7243940578577
3121,3109,75,5732,1,5732,False,1131.913817166783,590.0659455687369
3121,3109,113,2092,1,2092,False,1739.3833652007647,580.0984703632887
3122,3110,14,1568,1,1568,False,1633.7704081632653,570.9795918367347
3122,3110,38,9524,1,9524,False,190.082528349433,707.7062158756825
3122,3110,75,5780,1,5780,False,1133.056401384083,591.4868512110727
3122,3110,113,2124,1,2124,False,1739.4792843691148,579.8220338983051
3123,3111,14,1540,1,1540,False,1633.6740259740259,570.9519480519481
3123,3111,38,8824,1,8824,False,190.97234814143246,716.0929283771533
3123,3111,75,5900,1,5900,False,1133.6918644067796,591.933220338983
3123,3111,113,2160,1,2160,False,1739.6148148148147,579.4666666666667
3124,3112,14,1520,1,1520,False,1633.121052631579,570.9315789473684
3124,3112,38,8952,1,8952,False,191.83243967828417,716.1184092940125
3124,3112,75,5880,1,5880,False,1134.1408163265305,591.5639455782313
3124,3112,113,2172,1,2172,False,1739.6860036832413,579.328729281768
3125,3113,14,1556,1,1556,False,1632.5925449871465,571.3174807197944
3125,3113,38,9080,1,9080,False,192.9114537444934,716.4762114537444
3125,3113,75,6056,1,6056,False,1135.0191545574637,590.6505944517834
3125,3113,113,2176,1,2176,False,1739.7132352941176,579.3014705882352
3126,3114,14,1556,1,1556,False,1632.710796915167,571.2969151670951
3126,3114,38,8836,1,8836,False,195.23970122227252,718.5679040289724
3126,3114,75,6072,1,6072,False,1135.671277997365,591.0415019762846
3126,3114,113,2176,1,2176,False,1739.7132352941176,579.3014705882352
3127,3115,14,1524,1,1524,False,1632.788713910761,571.4291338582677
3127,3115,38,8800,1,8800,False,195.91272727272727,720.6381818181818
3127,3115,75,6052,1,6052,False,1136.7974223397225,591.0551883674818
3127,3115,113,2176,1,2176,False,1739.7205882352941,579.2022058823529
3128,3116,14,1512,1,1512,False,1633.0820105820105,571.3888888888889
3128,3116,38,9472,1,9472,False,193.5464527027027,712.3733108108108
3128,3116,75,6012,1,6012,False,1137.4434464404524,591.3250166333999
3128,3116,113,2180,1,2180,False,1739.6963302752295,579.2522935779816
3129,3117,14,1500,1,1500,False,1633.2093333333332,571.3266666666667
3129,3117,38,10468,1,10468,False,191.11826518914788,704.9707680550248
3129,3117,75,5964,1,5964,False,1137.8333333333333,591.5570087189806
3129,3117,113,2176,1,2176,False,1739.7205882352941,579.2022058823529
3130,3118,14,1512,1,1512,False,1632.9656084656085,571.6587301587301
3130,3118,38,10308,1,10308,False,190.05917733798992,707.5950717889018
3130,3118,75,5996,1,5996,False,1138.18245496998,592.0330220146765
3130,3118,113,2172,1,2172,False,1739.697053406998,579.244014732965
3131,3119,14,1504,1,1504,False,1633.3031914893618,571.6436170212766
3131,3119,38,10504,1,10504,False,190.02856054836252,708.7993145468394
3131,3119,75,5948,1,5948,False,1138.7205783456625,591.8382649630128
3131,3119,113,2176,1,2176,False,1739.672794117647,579.2941176470588
3132,3120,14,1480,1,1480,False,1633.127027027027,571.6837837837838
3132,3120,38,10032,1,10032,False,190.07814992025519,714.6132376395534
3132,3120,75,5932,1,5932,False,1139.135198921106,592.1196898179367
3132,3120,113,2152,1,2152,False,1739.3624535315985,579.410780669145
3133,3121,14,1472,1,1472,False,1633.0434782608695,571.6141304347826
3133,3121,38,9552,1,9552,False,188.48743718592965,715.6633165829146
3133,3121,75,5888,1,5888,False,1139.3165760869565,592.0597826086956
3133,3121,113,2140,1,2140,False,1739.2214953271027,579.5392523364486
3134,3122,14,1444,1,1444,False,1633.281163434903,571.8739612188366
3134,3122,38,9316,1,9316,False,188.14705882352942,713.548518677544
3134,3122,75,5880,1,5880,False,1139.3,592.2414965986394
3134,3122,113,2152,1,2152,False,1738.8308550185873,579.5669144981413
3135,3123,14,1468,1,1468,False,1633.241144414169,572.1239782016348
3135,3123,38,9512,1,9512,False,189.1829268292683,715.1551724137931
3135,3123,75,5912,1,5912,False,1139.3146143437077,592.0372124492558
3135,3123,113,2160,1,2160,False,1738.5333333333333,579.5185185185185
3136,3124,14,1444,1,1444,False,1633.7908587257618,571.8684210526316
3136,3124,38,9340,1,9340,False,189.00192719486083,712.9865096359744
3136,3124,75,5868,1,5868,False,1139.2961826857531,592.1428084526244
3136,3124,113,2132,1,2132,False,1738.3236397748592,579.6106941838649
3137,3125,14,1444,1,1444,False,1633.7908587257618,571.8684210526316
3137,3125,38,9896,1,9896,False,189.00363783346808,705.3868229587712
3137,3125,75,5868,1,5868,False,1139.2961826857531,592.1428084526244
3137,3125,113,2132,1,2132,False,1738.3236397748592,579.6106941838649
3138,3126,14,1444,1,1444,False,1633.6634349030471,571.9736842105264
3138,3126,38,9548,1,9548,False,188.57624633431084,702.7656053623796
3138,3126,75,5904,1,5904,False,1139.2222222222222,592.3631436314363
3138,3126,113,2132,1,2132,False,1738.2073170731708,579.5844277673546
3139,3127,14,1428,1,1428,False,1633.766106442577,572.0126050420168
3139,3127,38,9456,1,9456,False,190.10236886632825,701.5
3139,3127,75,5888,1,5888,False,1139.016304347826,592.4442934782609
3139,3127,113,2128,1,2128,False,1738.154135338346,579.6315789473684
3140,3128,14,1476,1,1476,False,1633.9363143631435,572.440379403794
3140,3128,38,8552,1,8552,False,188.66183348924227,690.4710009354537
3140,3128,75,5868,1,5868,False,1139.0276073619632,592.3650306748466
3140,3128,113,2156,1,2156,False,1737.9842300556586,579.6465677179963
3141,3129,14,1480,1,1480,False,1633.8297297297297,572.5108108108108
3141,3129,38,8928,1,8928,False,188.663082437276,687.8279569892474
3141,3129,75,5844,1,5844,False,1139.0065023956195,592.3069815195072
3141,3129,113,2176,1,2176,False,1737.8933823529412,579.7242647058823
3142,3130,14,1476,1,1476,False,1633.871273712737,572.7872628726287
3142,3130,38,8836,1,8836,False,186.84223630602082,683.980307831598
3142,3130,75,5816,1,5816,False,1138.9580467675378,592.3817056396149
3142,3130,113,2164,1,2164,False,1737.960258780037,579.7643253234751
3143,3131,14,1480,1,1480,False,1633.8675675675677,572.672972972973
3143,3131,38,9064,1,9064,False,186.35348631950575,684.1231244483672
3143,3131,75,5760,1,5760,False,1138.9763888888888,592.7236111111112
3143,3131,113,2172,1,2172,False,1737.8885819521179,579.3029465930018
3144,3132,14,1472,1,1472,False,1633.929347826087,572.7608695652174
3144,3132,38,9236,1,9236,False,186.70614984841922,680.6940233867475
3144,3132,75,5660,1,5660,False,1138.9155477031802,593.7212014134276
3144,3132,113,2144,1,2144,False,1737.813432835821,579.6716417910447
3145,3133,14,1524,1,1524,False,1633.8805774278214,573.1404199475065
3145,3133,38,9020,1,9020,False,186.79090909090908,678.5133037694013
3145,3133,75,5552,1,5552,False,1139.0763688760808,594.6224783861671
3145,3133,113,2160,1,2160,False,1737.8,579.8777777777777
3146,3134,14,1508,1,1508,False,1633.9111405835545,573.0198938992042
3146,3134,38,8680,1,8680,False,186.75345622119815,679.6069124423963
3146,3134,75,5536,1,5536,False,1138.64161849711,595.0823699421966
3146,3134,113,2144,1,2144,False,1737.5186567164178,579.75
3147,3135,14,1508,1,1508,False,1634.022546419098,573.0358090185676
3147,3135,38,9008,1,9008,False,187.51687388987565,680.5026642984014
3147,3135,75,5604,1,5604,False,1137.612062812277,595.6705924339757
3147,3135,113,2144,1,2144,False,1736.9328358208954,579.705223880597
3148,3136,14,1508,1,1508,False,1634.022546419098,573.0358090185676
3148,3136,38,8380,1,8380,False,186.51909307875894,682.2947494033413
3148,3136,75,5708,1,5708,False,1136.114576033637,596.3808689558514
3148,3136,113,2160,1,2160,False,1736.1851851851852,579.5962962962963
3149,3137,14,1508,1,1508,False,1634.022546419098,573.0358090185676
3149,3137,38,7760,1,7760,False,186.66494845360825,677.7896907216494
3149,3137,75,5720,1,5720,False,1134.651048951049,597.4608391608392
3149,3137,113,2168,1,2168,False,1735.9280442804427,579.0535055350554
3150,3138,14,1548,1,1548,False,1633.3320413436693,573.3630490956073
3150,3138,38,7428,1,7428,False,186.13920301561657,675.474690360797
3150,3138,75,5680,1,5680,False,1133.7915492957748,597.0211267605633
3150,3138,113,2164,1,2164,False,1735.926987060998,579.3650646950092
3151,3139,14,1552,1,1552,False,1632.9226804123712,573.5515463917526
3151,3139,38,7628,1,7628,False,185.5886208704772,674.7191924488726
3151,3139,75,5692,1,5692,False,1132.2399859451862,598.0151089248068
3151,3139,113,2188,1,2188,False,1735.717550274223,579.3811700182815
3152,3140,14,1560,1,1560,False,1632.6025641025642,573.6384615384616
3152,3140,38,3512,1,3512,False,168.15148063781322,659.634396355353
3152,3140,75,5652,1,5652,False,1131.400212314225,597.7455767869781
3152,3140,113,2180,1,2180,False,1735.608256880734,579.4211009174312
3153,3141,14,1572,1,1572,False,1632.3066157760813,573.7722646310433
3153,3141,38,7276,2,7236,False,190.21742715777899,677.0464540956569
3153,3141,75,5696,1,5696,False,1131.0674157303372,598.2078651685393
3153,3141,113,2148,1,2148,False,1735.37895716946,579.7476722532589
3154,3142,14,1572,1,1572,False,1632.0063613231553,573.8078880407124
3154,3142,38,7672,1,7672,False,187.61366006256517,674.8649635036496
3154,3142,75,5724,1,5724,False,1130.2624039133473,598.1352201257862
3154,3142,113,2144,1,2144,False,1735.3432835820895,579.25
3155,3143,14,1648,1,1648,False,1631.5873786407767,574.2815533980582
3155,3143,38,8172,1,8172,False,186.37567302985806,679.6982378854625
3155,3143,75,5752,1,5752,False,1129.7141863699583,598.1787204450626
3155,3143,113,2132,1,2132,False,1735.2917448405253,578.9803001876172
3156,3144,14,1632,1,1632,False,1631.5931372549019,574.1715686274509
3156,3144,38,7928,1,7928,False,183.61200807265388,681.0085771947528
3156,3144,75,5756,1,5756,False,1129.2491313412092,598.0719249478805
3156,3144,113,2120,1,2120,False,1735.1037735849056,578.9603773584905
3157,3145,14,1620,1,1620,False,1631.6308641975309,574.0802469135803
3157,3145,38,7564,1,7564,False,182.102326811211,686.0547329455314
3157,3145,75,5748,1,5748,False,1128.891092553932,598.0741127348643
3157,3145,113,2100,1,2100,False,1734.8238095238096,579.2047619047619
3158,3146,14,1624,1,1624,False,1631.6477832512314,574.115763546798
3158,3146,38,7320,1,7320,False,182.78961748633878,687.4573770491803
3158,3146,75,5752,1,5752,False,1128.7934631432545,597.9840055632824
3158,3146,113,2108,1,2108,False,1734.7770398481973,579.050284629981
3159,3147,14,1620,1,1620,False,1631.4481481481482,574.1493827160493
3159,3147,38,7304,1,7304,False,183.71248630887186,688.4047097480833
3159,3147,75,5764,1,5764,False,1128.7331714087438,597.9614850798057
3159,3147,113,2116,1,2116,False,1734.4924385633271,579.2258979206049
3160,3148,14,1676,1,1676,False,1631.3019093078758,574.5811455847255
3160,3148,38,7016,2,6944,False,183.28335233751426,690.1168757126568
3160,3148,75,5784,1,5784,False,1128.7240663900416,598.0076071922545
3160,3148,113,2180,1,2180,False,1734.0192660550458,579.2743119266055
3161,3149,14,1672,1,1672,False,1631.251196172249,574.5382775119617
3161,3149,38,7296,1,7296,False,184.73245614035088,691.8804824561404
3161,3149,75,5784,1,5784,False,1128.7240663900416,598.0076071922545
3161,3149,113,2164,1,2164,False,1732.9325323475045,579.1469500924214
3162,3150,14,1660,1,1660,False,1630.7795180722892,574.5048192771085
3162,3150,38,7584,1,7584,False,185.37130801687763,691.2689873417721
3162,3150,75,5788,1,5788,False,1128.7045611610229,597.9816862474084
3162,3150,113,2160,1,2160,False,1732.2185185185185,578.8148148148148
3163,3151,14,1668,1,1668,False,1630.6438848920864,574.5239808153477
3163,3151,38,7444,1,7444,False,187.56501880709297,695.7015045674368
3163,3151,75,5792,1,5792,False,1128.4585635359117,598.1339779005525
3163,3151,113,2156,1,2156,False,1731.3979591836735,578.3107606679035
3164,3152,14,1660,1,1660,False,1630.5481927710844,574.5771084337349
3164,3152,38,7164,1,7164,False,190.178391959799,708.9868788386376
3164,3152,75,5844,1,5844,False,1128.1988364134154,597.7402464065708
3164,3152,113,2128,1,2128,False,1730.8233082706768,578.1315789473684
3165,3153,14,1684,1,1684,False,1630.0771971496438,574.8515439429929
3165,3153,38,7712,1,7712,False,192.96576763485479,716.4087136929461
3165,3153,75,5872,1,5872,False,1128.1362397820164,598.0517711171663
3165,3153,113,2120,1,2120,False,1730.1754716981131,577.9716981132076
3166,3154,14,1676,1,1676,False,1629.8699284009547,574.7338902147972
3166,3154,38,8044,1,8044,False,194.5905022376927,717.7481352560915
3166,3154,75,5876,1,5876,False,1128.154186521443,597.9091218515997
3166,3154,113,2136,1,2136,False,1729.9906367041199,577.7584269662922
3167,3155,14,1684,1,1684,False,1629.9441805225654,574.813539192399
3167,3155,38,8268,1,8268,False,196.11877116594098,716.1710208030963
3167,3155,75,5876,1,5876,False,1128.1773315180394,597.8982300884956
3167,3155,113,2120,1,2120,False,1729.632075471698,577.7905660377359
3168,3156,14,1676,1,1676,False,1629.6837708830549,574.7147971360382
3168,3156,38,9168,1,9168,False,194.30541012216406,708.1876090750436
3168,3156,75,5840,1,5840,False,1128.3397260273973,598.0260273972602
3168,3156,113,2184,1,2184,False,1728.8040293040292,577.4706959706959
3169,3157,14,1676,1,1676,False,1629.6837708830549,574.7147971360382
3169,3157,38,9104,1,9104,False,192.8523725834798,707.1792618629174
3169,3157,75,5836,1,5836,False,1128.3259081562715,597.9955448937628
3169,3157,113,2164,1,2164,False,1728.7402957486138,577.6719038817006
3170,3158,14,1728,1,1728,False,1629.5648148148148,575.1111111111111
3170,3158,38,9080,1,9080,False,192.8806167400881,705.833039647577
3170,3158,75,5888,1,5888,False,1128.4116847826087,598.0285326086956
3170,3158,113,2148,1,2148,False,1728.2243947858474,577.427374301676
3171,3159,14,1728,1,1728,False,1629.5416666666667,575.1203703703703
3171,3159,38,8524,1,8524,False,192.94298451431254,706.7412013139372
3171,3159,75,5856,1,5856,False,1128.5669398907103,597.9890710382514
3171,3159,113,2152,1,2152,False,1727.9758364312268,577.1282527881041
3172,3160,14,1728,1,1728,False,1629.5416666666667,575.1203703703703
3172,3160,38,8016,1,8016,False,192.72754491017963,708.875249500998
3172,3160,75,5840,1,5840,False,1128.5821917808219,597.913698630137
3172,3160,113,2188,1,2188,False,1727.5310786106033,577.0557586837294
3173,3161,14,1684,1,1684,False,1629.8966745843231,574.9275534441805
3173,3161,38,8556,1,8556,False,191.88662926601216,706.1493688639551
3173,3161,75,5836,1,5836,False,1128.6603838245373,597.8666895133654
3173,3161,113,2172,1,2172,False,1727.3802946593003,577.2513812154696
3174,3162,14,1708,1,1708,False,1629.6147540983607,575.0480093676815
3174,3162,38,8604,1,8604,False,192.58926080892607,706.5585774058577
3174,3162,75,5820,1,5820,False,1128.7625429553264,597.8718213058419
3174,3162,113,2208,1,2208,False,1726.9927536231885,576.8369565217391
3175,3163,14,1720,1,1720,False,1629.7279069767442,575.1697674418605
3175,3163,38,8716,1,8716,False,195.24437815511703,709.0314364387334
3175,3163,75,5836,1,5836,False,1128.6754626456477,597.9379712131597
3175,3163,113,2200,1,2200,False,1726.5836363636363,577.2018181818182
3176,3164,14,1724,1,1724,False,1629.6183294663574,575.1125290023202
3176,3164,38,8792,1,8792,False,197.18516833484986,709.075068243858
3176,3164,75,5836,1,5836,False,1128.4862919808088,598.1504455106237
3176,3164,113,2176,1,2176,False,1726.485294117647,577.6654411764706
3177,3165,14,1720,1,1720,False,1629.6953488372094,575.1093023255814
3177,3165,38,9308,1,9308,False,196.51031370863774,706.4106145251396
3177,3165,75,5796,1,5796,False,1128.4530710835058,598.0417529330573
3177,3165,113,2168,1,2168,False,1726.2970479704798,577.6771217712177
3178,3166,14,1720,1,1720,False,1629.6953488372094,575.1093023255814
3178,3166,38,9484,1,9484,False,195.95255166596374,707.8859131168283
3178,3166,75,5856,1,5856,False,1128.1215846994535,598.4590163934427
3178,3166,113,2168,1,2168,False,1726.060885608856,577.3782287822878
3179,3167,14,1704,1,1704,False,1629.4671361502346,575.1666666666666
3179,3167,38,9660,1,9660,False,196.45610766045547,707.8548654244306
3179,3167,75,5836,1,5836,False,1127.8721727210418,598.3862234407128
3179,3167,113,2168,1,2168,False,1725.9243542435424,577.2343173431734
3180,3168,14,1712,1,1712,False,1629.5747663551401,575.1308411214953
3180,3168,38,9588,1,9588,False,196.81038798498122,710.4190654985398
3180,3168,75,5852,1,5852,False,1127.3612440191387,598.6148325358852
3180,3168,113,2164,1,2164,False,1725.74584103512,577.1136783733826
3181,3169,14,1704,1,1704,False,1629.7112676056338,575.1150234741784
3181,3169,38,9256,1,9256,False,194.88893690579084,714.8751080380293
3181,3169,75,5820,1,5820,False,1126.7185567010308,598.8079037800687
3181,3169,113,2180,1,2180,False,1725.465137614679,576.7678899082568
3182,3170,14,1704,1,1704,False,1629.4671361502346,575.1666666666666
3182,3170,38,9160,1,9160,False,193.71048034934498,714.9917030567685
3182,3170,75,5708,1,5708,False,1125.5805886475123,598.7340574632095
3182,3170,113,2184,1,2184,False,1725.1776556776556,576.4084249084249
3183,3171,14,1712,1,1712,False,1629.4345794392523,575.2102803738318
3183,3171,38,8980,1,8980,False,192.42962138084633,715.1200445434298
3183,3171,75,5660,1,5660,False,1124.0971731448763,601.6858657243816
3183,3171,113,2224,1,2224,False,1724.68345323741,576.0035971223022
3184,3172,14,1708,1,1708,False,1629.371194379391,575.2213114754098
3184,3172,38,8420,1,8420,False,189.80736342042755,715.4862232779097
3184,3172,75,5488,1,5488,False,1121.7172011661808,603.1749271137027
3184,3172,113,2268,1,2268,False,1724.1084656084656,575.8333333333334
3185,3173,14,1712,1,1712,False,1629.4766355140187,575.2943925233645
3185,3173,38,7804,1,7804,False,189.79267042542287,719.0894413121476
3185,3173,75,5416,1,5416,False,1118.483751846381,604.9017725258493
3185,3173,113,2264,1,2264,False,1724.0335689045937,575.6625441696114
3186,3174,14,1736,1,1736,False,1629.352534562212,575.5138248847926
3186,3174,38,8692,1,8692,False,189.30809940174873,708.823055683387
3186,3174,75,5452,1,5452,False,1115.26889214967,606.2344093910492
3186,3174,113,2272,1,2272,False,1723.855633802817,575.7394366197183
3187,3175,14,1732,1,1732,False,1629.2482678983833,575.5623556581986
3187,3175,38,9308,1,9308,False,187.73936398796735,702.3298238074774
3187,3175,75,5536,1,5536,False,1112.03612716763,608.1864161849711
3187,3175,113,2260,1,2260,False,1723.7530973451328,575.724778761062
3188,3176,14,1732,1,1732,False,1629.20207852194,575.6039260969977
3188,3176,38,9440,1,9440,False,186.49745762711865,701.8389830508474
3188,3176,75,5760,1,5760,False,1110.2125,613.2736111111111
3188,3176,113,2264,1,2264,False,1723.5636042402828,575.9028268551236
3189,3177,14,1732,1,1732,False,1629.20207852194,575.6039260969977
3189,3177,38,9336,1,9336,False,186.4502999143102,702.2009425878321
3189,3177,75,5748,1,5748,False,1106.7338204592902,618.5361864996521
3189,3177,113,2260,1,2260,False,1723.4946902654867,575.9265486725664
3190,3178,14,1784,1,1784,False,1629.0291479820628,575.957399103139
3190,3178,38,9272,1,9272,False,186.61130284728213,703.8899913718723
3190,3178,75,5640,1,5640,False,1102.5936170212765,624.0205673758866
3190,3178,113,2264,1,2264,False,1723.4434628975266,575.8427561837456
3191,3179,14,1776,1,1776,False,1629.1081081081081,575.9144144144144
3191,3179,38,8968,1,8968,False,185.44915254237287,706.9192685102587
3191,3179,75,5440,1,5440,False,1097.8279411764706,628.7808823529411
3191,3179,113,2268,1,2268,False,1723.4100529100529,575.9497354497355
3192,3180,14,1772,1,1772,False,1629.1501128668172,575.8905191873589
3192,3180,38,9020,1,9020,False,185.03747228381374,704.0583148558758
3192,3180,75,5372,1,5372,False,1091.7717795979152,634.529784065525
3192,3180,113,2260,1,2260,False,1723.4309734513274,575.9548672566372
3193,3181,14,1764,1,1764,False,1629.2619047619048,575.8560090702948
3193,3181,38,8664,1,8664,False,183.23407202216066,703.8028624192059
3193,3181,75,5540,1,5540,False,1084.4913357400721,639.4819494584838
3193,3181,113,2260,1,2260,False,1723.3495575221239,575.9265486725664
3194,3182,14,1764,1,1764,False,1629.1893424036282,575.8968253968254
3194,3182,38,8160,1,8160,False,183.12549019607843,701.1666666666666
3194,3182,75,5604,1,5604,False,1077.1723768736617,648.1031406138472
3194,3182,113,2260,1,2260,False,1723.321238938053,575.7743362831858
3195,3183,14,1776,1,1776,False,1629.036036036036,575.9549549549549
3195,3183,38,8360,1,8360,False,185.11818181818182,702.4119617224881
3195,3183,75,5828,1,5828,False,1068.3325326012355,654.2350720658889
3195,3183,113,2264,1,2264,False,1723.2844522968198,575.803886925795
3196,3184,14,1776,1,1776,False,1629.036036036036,575.9549549549549
3196,3184,38,8332,1,8332,False,183.99591934709554,703.8855016802688
3196,3184,75,5904,1,5904,False,1056.4024390243903,660.4322493224932
3196,3184,113,2264,1,2264,False,1723.2349823321554,575.6660777385159
3197,3185,14,1776,1,1776,False,1629.036036036036,575.9549549549549
3197,3185,38,8720,1,8720,False,184.39174311926607,701.7678899082568
3197,3185,75,5820,1,5820,False,1043.1474226804123,669.3371134020618
3197,3185,113,2260,1,2260,False,1723.1938053097344,575.6185840707965
3198,3186,14,1788,1,1788,False,1628.831096196868,575.9496644295302
3198,3186,38,8752,1,8752,False,184.3546617915905,702.9515539305302
3198,3186,75,5924,1,5924,False,1031.5195813639432,679.2292370020257
3198,3186,113,2268,1,2268,False,1722.916225749559,575.6710758377425
3199,3187,14,1784,1,1784,False,1628.8363228699552,575.9125560538116
3199,3187,38,8420,1,8420,False,183.64964370546318,700.414489311164
3199,3187,75,6184,1,6184,False,1021.3240620957309,687.5659767141009
3199,3187,113,2276,1,2276,False,1722.883128295255,575.6142355008787
3200,3188,14,1804,1,1804,False,1628.6818181818182,576.0521064301552
3200,3188,38,8340,1,8340,False,183.19736211031176,694.6122302158274
3200,3188,75,6240,1,6240,False,1012.9128205128205,696.7692307692307
3200,3188,113,2296,1,2296,False,1722.8379790940767,575.5104529616725
3201,3189,14,1804,1,1804,False,1628.6818181818182,576.0521064301552
3201,3189,38,8544,1,8544,False,183.54775280898878,689.560861423221
3201,3189,75,6404,1,6404,False,1005.2770143660213,707.3282323547783
3201,3189,113,2296,1,2296,False,1722.8379790940767,575.5104529616725
3202,3190,14,1808,1,1808,False,1628.6194690265486,576.1194690265487
3202,3190,38,8628,1,8628,False,184.49629114510896,686.159712563746
3202,3190,75,6624,1,6624,False,997.7113526570048,717.5712560386473
3202,3190,113,2280,1,2280,False,1722.756140350877,575.380701754386
3203,3191,14,1808,1,1808,False,1628.570796460177,576.0530973451328
3203,3191,38,8612,1,8612,False,184.02066883418485,684.9068741291221
3203,3191,75,7196,1,7196,False,988.3243468593663,725.4338521400779
3203,3191,113,2264,1,2264,False,1722.595406360424,575.291519434629
3204,3192,14,1808,1,1808,False,1628.570796460177,576.0530973451328
3204,3192,38,8912,1,8912,False,183.04578096947935,681.3240574506284
3204,3192,75,7248,1,7248,False,979.2704194260485,736.2417218543046
3204,3192,113,2264,1,2264,False,1722.595406360424,575.291519434629
3205,3193,14,1804,1,1804,False,1628.420177383592,576.0476718403547
3205,3193,38,8848,1,8848,False,182.54792043399638,681.4746835443038
3205,3193,75,7344,1,7344,False,967.1318082788671,742.3104575163399
3205,3193,113,2264,1,2264,False,1722.595406360424,575.291519434629
3206,3194,14,1796,1,1796,False,1628.304008908686,576.0590200445434
3206,3194,38,8852,1,8852,False,182.55061003163127,681.2067329417081
3206,3194,75,7256,1,7256,False,952.9586549062844,750.7293274531422
3206,3194,113,2256,1,2256,False,1722.6347517730496,575.5141843971631
3207,3195,14,1792,1,1792,False,1628.232142857143,576.0491071428571
3207,3195,38,8616,1,8616,False,182.85097493036213,682.7181987000929
3207,3195,75,7596,1,7596,False,942.315692469721,762.2777777777778
3207,3195,113,2220,1,2220,False,1722.4747747747747,576.136036036036
3208,3196,14,1780,1,1780,False,1628.3696629213482,576.0550561797753
3208,3196,38,8704,1,8704,False,182.55698529411765,682.6305147058823
3208,3196,75,7812,1,7812,False,932.4190988223246,772.0360983102919
3208,3196,113,2192,1,2192,False,1722.470802919708,576.2810218978102
3209,3197,14,1780,1,1780,False,1628.4775280898875,576.0505617977528
3209,3197,38,8532,1,8532,False,182.5787623066104,682.9772620721988
3209,3197,75,8572,1,8572,False,927.6264582361176,781.5592627158189
3209,3197,113,2188,1,2188,False,1722.426873857404,576.2294332723949
3210,3198,14,1828,1,1828,False,1628.2768052516412,576.464989059081
3210,3198,38,8444,1,8444,False,182.54263382283278,683.0561345333965
3210,3198,75,8992,1,8992,False,921.2606761565836,788.7473309608541
3210,3198,113,2204,1,2204,False,1722.3039927404718,576.1914700544464
3211,3199,14,1816,1,1816,False,1628.3590308370044,576.4251101321586
3211,3199,38,8560,1,8560,False,182.29719626168225,682.392523364486
3211,3199,75,9280,1,9280,False,913.946551724138,794.6405172413793
3211,3199,113,2196,1,2196,False,1722.2012750455374,576.0774134790528
3212,3200,14,1804,1,1804,False,1628.429046563193,576.3359201773836
3212,3200,38,8420,1,8420,False,182.95890736342042,681.5774346793349
3212,3200,75,9596,1,9596,False,907.6121300541893,800.7292621925802
3212,3200,113,2208,1,2208,False,1722.126811594203,576.0760869565217
3213,3201,14,1816,1,1816,False,1628.464757709251,576.385462555066
3213,3201,38,8276,1,8276,False,183.8658772353794,682.1877718704689
3213,3201,75,9728,1,9728,False,899.5838815789474,805.7582236842105
3213,3201,113,2192,1,2192,False,1722.0036496350365,575.970802919708
3214,3202,14,1832,1,1832,False,1628.4694323144104,576.3864628820961
3214,3202,38,8384,1,8384,False,184.89408396946564,682.5267175572519
3214,3202,75,10124,1,10124,False,888.6777953378112,809.7619517977084
3214,3202,113,2192,1,2192,False,1722.0036496350365,575.970802919708
3215,3203,14,1844,1,1844,False,1628.3351409978309,576.4522776572668
3215,3203,38,8312,1,8312,False,186.03609239653514,683.048604427334
3215,3203,75,9852,1,9852,False,873.3932196508323,813.5531871701178
3215,3203,113,2200,1,2200,False,1722.0018181818182,576.0745454545455
3216,3204,14,1844,1,1844,False,1628.4262472885032,576.4783080260304
3216,3204,38,8328,1,8328,False,186.43275696445724,684.1993275696445
3216,3204,75,10512,1,10512,False,860.1202435312024,819.0372907153729
3216,3204,113,2200,1,2200,False,1722.0018181818182,576.0745454545455
3217,3205,14,1840,1,1840,False,1628.4739130434782,576.4565217391304
3217,3205,38,8328,1,8328,False,187.11671469740634,686.1705091258406
3217,3205,75,11180,1,11180,False,849.1375670840787,830.8377459749553
3217,3205,113,2200,1,2200,False,1722.0018181818182,576.0745454545455
3218,3206,14,1852,1,1852,False,1628.5172786177106,576.5518358531317
3218,3206,38,8012,1,8012,False,188.572890664004,687.3816774837743
3218,3206,75,11880,1,11880,False,836.222558922559,841.39898989899
3218,3206,113,2200,1,2200,False,1722.0018181818182,576.0745454545455
3219,3207,14,1864,1,1864,False,1628.7489270386266,576.5
3219,3207,38,7272,1,7272,False,189.2051705170517,694.4097909790979
3219,3207,75,12260,1,12260,False,822.9365415986949,851.9296900489396
3219,3207,113,2200,1,2200,False,1722.0018181818182,576.0745454545455
3220,3208,14,1892,1,1892,False,1628.5887949260043,576.6226215644821
3220,3208,38,6668,1,6668,False,188.70515896820635,698.7051589682063
3220,3208,75,13200,1,13200,False,804.4260606060606,860.1309090909091
3220,3208,113,2200,1,2200,False,1722.0272727272727,575.9436363636364
3221,3209,14,1884,1,1884,False,1628.6019108280254,576.6104033970277
3221,3209,38,6544,1,6544,False,191.30195599022005,701.7555012224939
3221,3209,75,13388,1,13388,False,791.7237824917837,870.0530325664774
3221,3209,113,2196,1,2196,False,1721.9863387978141,575.9061930783242
3222,3210,14,1896,1,1896,False,1628.5886075949368,576.5548523206751
3222,3210,38,6668,1,6668,False,194.3596280743851,704.7099580083983
3222,3210,75,13924,1,13924,False,776.8636885952312,885.0228382648664
3222,3210,113,2196,1,2196,False,1721.8296903460837,575.6912568306011
3223,3211,14,1900,1,1900,False,1628.5673684210526,576.5084210526315
3223,3211,38,6652,1,6652,False,200.208959711365,711.7555622369213
3223,3211,75,14200,1,14200,False,757.2352112676057,902.8070422535211
3223,3211,113,2188,1,2188,False,1721.684643510055,575.4104204753199
3224,3212,14,1896,1,1896,False,1628.6350210970463,576.5168776371308
3224,3212,38,6696,1,6696,False,206.32437275985663,709.4163679808842
3224,3212,75,13516,1,13516,False,728.6929564960047,920.9220183486239
3224,3212,113,2196,1,2196,False,1721.6256830601094,575.3925318761384
3225,3213,14,1924,1,1924,False,1628.8908523908524,576.4875259875259
3225,3213,38,6776,1,6776,False,214.39374262101535,705.5495867768595
3225,3213,75,15764,1,15764,False,701.0384420197919,939.2353463587922
3225,3213,113,2192,1,2192,False,1721.5693430656934,575.3613138686131
3226,3214,14,1924,1,1924,False,1628.8367983367984,576.5207900207901
3226,3214,38,7196,1,7196,False,222.3421345191773,704.5200111172874
3226,3214,75,16076,1,16076,False,683.7789251057477,961.5475242597661
3226,3214,113,2184,1,2184,False,1721.467032967033,575.7564102564103
3227,3215,14,1928,1,1928,False,1628.823651452282,576.4792531120332
3227,3215,38,7016,1,7016,False,228.98802736602053,702.2582668187001
3227,3215,75,17828,1,17828,False,656.4542293022213,988.2177473636975
3227,3215,113,2208,1,2208,False,1721.090579710145,575.6521739130435
3228,3216,14,1932,1,1932,False,1628.6573498964804,576.371635610766
3228,3216,38,6960,1,6960,False,235.63563218390806,696.8574712643679
3228,3216,75,17304,1,17304,False,639.3599167822468,1016.5859916782247
3228,3216,113,2240,1,2240,False,1721.15,575.6285714285714
3229,3217,14,1944,1,1944,False,1628.7633744855966,576.1625514403293
3229,3217,38,7608,1,7608,False,240.9342797055731,694.6409043112513
3229,3217,75,20768,1,20768,False,613.7584745762712,1050.3085516178737
3229,3217,113,2196,1,2196,False,1720.8497267759562,574.9553734061931
3230,3218,14,1968,1,1968,False,1628.9674796747968,576.4065040650406
3230,3218,38,7868,1,7868,False,245.69267920691408,690.8162175902389
3230,3218,75,22312,1,22312,False,589.0059160989603,1072.3651846539979
3230,3218,113,2136,1,2136,False,1720.818352059925,574.4513108614232
3231,3219,14,1964,1,1964,False,1628.9969450101833,576.337067209776
3231,3219,38,7536,1,7536,False,250.04352441613588,686.1995753715499
3231,3219,75,23924,1,23924,False,570.3802875773282,1095.4058685838488
3231,3219,113,2084,1,2084,False,1721.3867562380037,573.8550863723608
3232,3220,14,1960,1,1960,False,1628.8714285714286,576.2183673469387
3232,3220,38,7604,1,7604,False,252.59784324039978,684.4968437664387
3232,3220,75,23312,1,23312,False,545.3019903912149,1126.8160603980782
3232,3220,113,2000,1,2000,False,1722.184,574.492
3233,3221,14,1952,1,1952,False,1628.9180327868853,576.155737704918
3233,3221,38,8152,1,8152,False,254.39597644749756,681.950441609421
3233,3221,75,25456,1,25456,False,521.4296040226272,1162.2419861722187
3233,3221,113,2012,1,2012,False,1723.4463220675943,574.2574552683897
3234,3222,14,1976,1,1976,False,1628.682186234818,576.2570850202429
3234,3222,38,7748,2,7684,False,257.07305110996384,675.1267423851316
3234,3222,75,26732,1,26732,False,504.4200957653748,1189.9364806224748
3234,3222,113,2000,1,2000,False,1724.608,574.328
3235,3223,14,1968,1,1968,False,1628.5691056910568,576.3373983739838
3235,3223,38,7928,1,7928,False,258.5696266397578,674.1801210898083
3235,3223,75,29376,1,29376,False,489.4011437908497,1213.4814814814815
3235,3223,113,2000,1,2000,False,1725.856,573.52
3236,3224,14,1956,1,1956,False,1628.7903885480573,576.0337423312883
3236,3224,38,7808,1,7808,False,260.8206967213115,673.7633196721312
3236,3224,75,30676,1,30676,False,476.6084887208241,1240.139587951493
3236,3224,113,1960,1,1960,False,1727.777551020408,572.7734693877551
3237,3225,14,1960,1,1960,False,1629.104081632653,575.0877551020408
3237,3225,38,7736,1,7736,False,263.6271975180972,671.8092037228541
3237,3225,75,32316,1,32316,False,466.63219457853694,1275.9719643520239
3237,3225,113,2032,1,2032,False,1728.4212598425197,572.7480314960629
3238,3226,14,1896,1,1896,False,1628.8755274261603,574.5337552742616
3238,3226,38,7992,1,7992,False,266.1026026026026,670.483983983984
3238,3226,75,33988,1,33988,False,456.70077674473345,1313.4026715311286
3238,3226,113,2084,1,2084,False,1729.3406909788869,572.7264875239923
3239,3227,14,1984,1,1984,False,1628.2701612903227,574.2258064516129
3239,3227,38,8268,2,8264,False,269.18892114175134,670.5396710208031
3239,3227,75,35992,1,35992,False,450.6887086019115,1338.8474105356745
3239,3227,113,2080,1,2080,False,1729.803846153846,573.4423076923077
3240,3228,14,2004,1,2004,False,1627.8892215568862,574.5439121756488
3240,3228,38,8540,1,8540,False,273.58852459016396,672.57962529274
3240,3228,75,38400,1,38400,False,442.67645833333336,1364.09125
3240,3228,113,2088,1,2088,False,1730.0172413793102,574.0019157088122
3241,3229,14,1996,1,1996,False,1627.7945891783568,574.4118236472946
3241,3229,38,8452,2,8396,False,277.2950780880265,671.4190724088973
3241,3229,75,42624,1,42624,False,434.75694444444446,1393.2299174174175
3241,3229,113,2148,1,2148,False,1730.3994413407822,573.9599627560522
3242,3230,14,2012,1,2012,False,1627.724652087475,574.5755467196819
3242,3230,38,8472,1,8472,False,282.88999055712935,670.9730878186969
3242,3230,75,39124,1,39124,True,425.6062263572232,1429.859574685615
3242,3230,113,2092,1,2092,False,1730.6797323135754,574.5611854684513
3243,3231,14,2040,1,2040,False,1627.7156862745098,574.7117647058824
3243,3231,38,8432,1,8432,False,290.8026565464896,668.5094876660341
3243,3231,75,33784,1,33784,True,410.85709211461045,1457.3105612124082
3243,3231,113,2136,1,2136,False,1731.563670411985,574.1067415730337
3244,3232,14,2092,1,2092,False,1627.2036328871893,574.5305927342256
3244,3232,38,8312,2,8292,False,297.8320500481232,665.6434071222329
3244,3232,75,22016,1,22016,True,433.98401162790697,1466.2997819767443
3244,3232,113,2160,1,2160,False,1732.0185185185185,573.5185185185185
3245,3233,14,2112,1,2112,False,1627.125,574.6060606060606
3245,3233,38,8404,1,8404,False,303.3719657306045,666.9331270823418
3245,3233,75,14900,1,14900,True,440.87959731543623,1474.2197315436242
3245,3233,113,2192,1,2192,False,1732.7627737226278,572.6131386861314
3246,3234,14,2096,1,2096,False,1627.1526717557251,574.587786259542
3246,3234,38,8576,2,8560,False,308.5839552238806,667.5326492537314
3246,3234,75,8760,1,8760,True,446.99954337899544,1486.4753424657533
3246,3234,113,2136,1,2136,False,1733.0393258426966,572.8520599250936
3247,3235,14,2112,1,2112,False,1627.2272727272727,574.6363636363636
3247,3235,38,8332,1,8332,False,314.98199711953913,670.7381180988958
3247,3235,75,2332,1,2332,True,474.56174957118355,1497.6423670668953
3247,3235,113,2120,1,2120,False,1733.5943396226414,573.0396226415095
3248,3236,14,2104,1,2104,False,1627.134980988593,574.6406844106464
3248,3236,38,7760,1,7760,False,322.1587628865979,673.8752577319588
3248,3236,75,0,0,0,False,,
3248,3236,113,2128,1,2128,False,1734.7255639097743,573.078947368421
3249,3237,14,2104,1,2104,False,1627.0285171102662,574.5798479087453
3249,3237,38,7740,1,7740,False,332.39767441860465,676.6136950904393
3249,3237,75,0,0,0,False,,
3249,3237,113,2124,1,2124,False,1735.6186440677966,573.8446327683616
3250,3238,14,2104,1,2104,False,1626.9334600760455,574.5304182509506
3250,3238,38,7604,2,7532,False,345.20910047343506,682.4621251972646
3250,3238,75,0,0,0,False,,
3250,3238,113,2156,1,2156,False,1737.026901669759,574.4369202226345
3251,3239,14,2108,1,2108,False,1626.9895635673624,574.5379506641366
3251,3239,38,7164,2,7160,False,359.2772194304858,683.1119486320491
3251,3239,75,0,0,0,False,,
3251,3239,113,2120,1,2120,False,1739.4018867924528,575.6358490566038
3252,3240,14,2096,1,2096,False,1627.0114503816794,574.3778625954199
3252,3240,38,6896,1,6896,False,371.4280742459397,680.0719257540603
3252,3240,75,0,0,0,False,,
3252,3240,113,2132,1,2132,False,1741.8996247654784,576.8001876172608
3253,3241,14,2092,1,2092,False,1627.0391969407265,574.3508604206501
3253,3241,38,6652,2,6632,False,381.01232711966327,678.964221286831
3253,3241,75,0,0,0,False,,
3253,3241,113,2112,1,2112,False,1743.9431818181818,577.6325757575758
3254,3242,14,2104,1,2104,False,1626.9220532319391,574.3783269961978
3254,3242,38,6176,4,6056,False,390.8173575129534,680.0336787564767
3254,3242,75,0,0,0,False,,
3254,3242,113,2112,1,2112,False,1746.3863636363637,577.3901515151515
3255,3243,14,2104,1,2104,False,1626.9942965779467,574.3365019011407
3255,3243,38,5852,1,5852,False,398.9812030075188,682.592959671907
3255,3243,75,0,0,0,False,,
3255,3243,113,2136,1,2136,False,1748.926966292135,577.6423220973783
3256,3244,14,2100,1,2100,False,1626.9952380952382,574.3742857142857
3256,3244,38,5560,1,5560,False,404.95035971223024,681.3719424460431
3256,3244,75,0,0,0,False,,
3256,3244,113,2136,1,2136,False,1750.9007490636704,577.4700374531835
3257,3245,14,2100,1,2100,False,1626.9952380952382,574.3742857142857
3257,3245,38,5252,1,5252,False,413.2707539984768,682.9859101294745
3257,3245,75,0,0,0,False,,
3257,3245,113,2128,1,2128,False,1752.124060150376,577.7706766917294
3258,3246,14,2080,1,2080,False,1627.1038461538462,574.5692307692308
3258,3246,38,4856,1,4856,False,420.5543657331137,686.0189456342669
3258,3246,75,0,0,0,False,,
3258,3246,113,2148,1,2148,False,1754.7122905027934,577.5614525139665
3259,3247,14,2084,1,2084,False,1626.9798464491362,574.4769673704415
3259,3247,38,5032,1,5032,False,426.7766295707472,688.7464228934817
3259,3247,75,0,0,0,False,,
3259,3247,113,2104,2,2092,False,1756.5798479087453,578.4733840304183
3260,3248,14,2076,1,2076,False,1627.0086705202311,574.5578034682081
3260,3248,38,4856,1,4856,False,435.09472817133445,694.3006589785832
3260,3248,75,0,0,0,False,,
3260,3248,113,2124,2,2080,False,1758.921845574388,578.9896421845574
3261,3249,14,2072,1,2072,False,1626.9942084942086,574.596525096525
3261,3249,38,4828,1,4828,False,443.4395194697597,701.3251864125932
3261,3249,75,0,0,0,False,,
3261,3249,113,2060,2,2040,False,1761.6223300970873,578.4650485436894
3262,3250,14,2080,1,2080,False,1627.5269230769231,574.9692307692308
3262,3250,38,5184,1,5184,False,448.2901234567901,705.2037037037037
3262,3250,75,0,0,0,False,,
3262,3250,113,2184,2,2116,False,1762.8772893772893,580.0860805860806
3263,3251,14,2076,1,2076,False,1627.5712909441233,574.8815028901735
3263,3251,38,5220,1,5220,False,449.86551724137934,711.3229885057472
3263,3251,75,0,0,0,False,,
3263,3251,113,2152,1,2152,False,1764.674721189591,580.3698884758364
3264,3252,14,2092,1,2092,False,1627.4713193116636,575.0124282982791
3264,3252,38,5452,1,5452,False,449.60931768158474,718.168378576669
3264,3252,75,0,0,0,False,,
3264,3252,113,2128,1,2128,False,1766.4323308270677,580.9398496240601
3265,3253,14,2104,1,2104,False,1627.5152091254754,575.0779467680609
3265,3253,38,5552,1,5552,False,448.6671469740634,727.8155619596541
3265,3253,75,0,0,0,False,,
3265,3253,113,2188,1,2188,False,1768.0137111517367,581.6407678244973
3266,3254,14,2100,1,2100,False,1627.5019047619048,575.0371428571428
3266,3254,38,6192,1,6192,False,449.843669250646,735.9599483204134
3266,3254,75,0,0,0,False,,
3266,3254,113,2128,1,2128,False,1769.46992481203,580.8796992481203
3267,3255,14,2104,1,2104,False,1627.5684410646388,575.0969581749049
3267,3255,38,6352,1,6352,False,450.5415617128464,746.1460957178841
3267,3255,75,0,0,0,False,,
3267,3255,113,2148,1,2148,False,1769.8221601489759,581.4981378026071
3268,3256,14,2116,1,2116,False,1627.6153119092628,575.2410207939508
3268,3256,38,6876,1,6876,False,451.5855148342059,755.9799301919721
3268,3256,75,0,0,0,False,,
3268,3256,113,2136,1,2136,False,1770.6048689138577,581.443820224719
3269,3257,14,2136,1,2136,False,1627.6722846441949,575.2940074906367
3269,3257,38,6940,1,6940,False,453.84755043227665,770.464265129683
3269,3257,75,0,0,0,False,,
3269,3257,113,2140,1,2140,False,1771.5056074766355,581.329906542056
3270,3258,14,2192,1,2192,False,1628.405109489051,575.1240875912408
3270,3258,38,7432,1,7432,False,455.29440258342305,785.5010764262648
3270,3258,75,0,0,0,False,,
3270,3258,113,2164,1,2164,False,1771.775415896488,581.4907578558225
3271,3259,14,2184,1,2184,False,1628.8076923076924,575.3388278388278
3271,3259,38,7604,1,7604,False,454.2054182009469,801.3995265649658
3271,3259,75,0,0,0,False,,
3271,3259,113,2172,1,2172,False,1772.0174953959483,581.4465930018416
3272,3260,14,2176,1,2176,False,1628.5404411764705,575.0882352941177
3272,3260,38,7776,1,7776,False,454.11008230452677,815.3868312757202
3272,3260,75,0,0,0,False,,
3272,3260,113,2160,1,2160,False,1772.2851851851851,581.4666666666667
3273,3261,14,2164,1,2164,False,1628.7107208872458,575.1136783733826
3273,3261,38,8232,1,8232,False,452.5573372206025,830.6875607385812
3273,3261,75,0,0,0,False,,
3273,3261,113,2168,1,2168,False,1772.3413284132841,581.7546125461255
3274,3262,14,2164,1,2164,False,1628.673752310536,575.058225508318
3274,3262,38,8872,1,8872,False,452.25834084761044,854.4089269612264
3274,3262,75,0,0,0,False,,
3274,3262,113,2152,1,2152,False,1772.511152416357,581.8494423791822
3275,3263,14,2172,1,2172,False,1628.5220994475137,575.1666666666666
3275,3263,38,10028,1,10028,False,450.085959313921,881.4118468288791
3275,3263,75,0,0,0,False,,
3275,3263,113,2116,1,2116,False,1773.3695652173913,581.5018903591682
3276,3264,14,2168,1,2168,False,1628.6918819188193,575.1752767527676
3276,3264,38,10732,1,10732,False,450.7951919493105,905.888743943347
3276,3264,75,0,0,0,False,,
3276,3264,113,2092,1,2092,False,1773.6242829827916,581.6395793499044
3277,3265,14,2172,1,2172,False,1628.632596685083,575.1850828729282
3277,3265,38,12960,1,12960,False,454.8543209876543,933.25
3277,3265,75,0,0,0,False,,
3277,3265,113,2140,1,2140,False,1773.9467289719626,581.7485981308412
3278,3266,14,2168,1,2168,False,1628.6660516605166,575.1605166051661
3278,3266,38,15692,1,15692,False,457.9274789701759,971.7327300535304
3278,3266,75,0,0,0,False,,
3278,3266,113,2092,1,2092,False,1774.0602294455066,581.9760994263862
3279,3267,14,2168,1,2168,False,1628.581180811808,575.149446494465
3279,3267,38,17356,1,17356,False,452.5447107628486,1009.7136436967044
3279,3267,75,992,2,828,False,512.9677419354839,965.3145161290323
3279,3267,113,2100,1,2100,False,1774.6485714285714,582.2980952380952
3280,3268,14,2160,1,2160,False,1628.7333333333333,575.2185185185185
3280,3268,38,20616,1,20616,False,445.3265424912689,1045.0964299573147
3280,3268,75,0,0,0,False,,
3280,3268,113,2140,1,2140,False,1775.3448598130842,582.8850467289719
3281,3269,14,2156,1,2156,False,1628.678107606679,575.2161410018552
3281,3269,38,23708,1,23708,False,444.17032225409145,1100.669731736123
3281,3269,75,0,0,0,False,,
3281,3269,113,2168,1,2168,False,1776.1937269372693,582.909594095941
3282,3270,14,2152,1,2152,False,1628.6263940520446,575.1802973977696
3282,3270,38,29012,1,29012,False,445.89004549841445,1161.9606369778023
3282,3270,75,0,0,0,False,,
3282,3270,113,2172,1,2172,False,1776.45211786372,583.0930018416207
3283,3271,14,2144,1,2144,False,1628.7425373134329,575.3320895522388
3283,3271,38,35312,1,35312,False,445.92319891255096,1224.9823289533304
3283,3271,75,540,2,308,False,519.0185185185186,1147.0777777777778
3283,3271,113,2168,1,2168,False,1776.7250922509224,583.2933579335794
3284,3272,14,2144,1,2144,False,1628.7910447761194,575.2910447761194
3284,3272,38,41712,1,41712,False,456.8753356348293,1295.7909474491753
3284,3272,75,2508,3,2424,False,535.0263157894736,1208.9720893141946
3284,3272,113,2184,1,2184,False,1777.0091575091576,583.4487179487179
3285,3273,14,2136,1,2136,False,1628.867041198502,575.2453183520599
3285,3273,38,45772,1,45772,True,459.592895219785,1384.1016778816743
3285,3273,75,380,1,380,False,545.4263157894737,1251.7842105263157
3285,3273,113,2212,1,2212,False,1777.2848101265822,583.5741410488246
3286,3274,14,2136,1,2136,False,1628.9194756554307,575.185393258427
3286,3274,38,35272,1,35272,True,452.7549330914039,1429.3607393966886
3286,3274,75,0,0,0,False,,
3286,3274,113,2180,1,2180,False,1777.4137614678898,583.7660550458716
3287,3275,14,2120,1,2120,False,1629.0622641509433,575.2471698113208
3287,3275,38,19160,1,19160,True,464.6073068893528,1450.9881002087682
3287,3275,75,0,0,0,False,,
3287,3275,113,2220,1,2220,False,1777.8513513513512,583.2531531531531
3288,3276,14,0,0,0,False,,
3288,3276,38,0,0,0,False,,
3288,3276,75,0,0,0,False,,
3288,3276,113,2076,1,2076,False,1781.9258188824663,576.7312138728323
3289,3277,14,0,0,0,False,,
3289,3277,38,0,0,0,False,,
3289,3277,75,0,0,0,False,,
3289,3277,113,1816,1,1816,False,1781.2136563876652,577.477973568282
3290,3278,14,0,0,0,False,,
3290,3278,38,0,0,0,False,,
3290,3278,75,0,0,0,False,,
3290,3278,113,1852,1,1852,False,1780.4913606911448,578.0766738660907
3291,3279,14,0,0,0,False,,
3291,3279,38,0,0,0,False,,
3291,3279,75,0,0,0,False,,
3291,3279,113,1836,1,1836,False,1779.9553376906317,578.7352941176471
3292,3280,14,0,0,0,False,,
3292,3280,38,0,0,0,False,,
3292,3280,75,0,0,0,False,,
3292,3280,113,1840,1,1840,False,1780.391304347826,578.3173913043478
3293,3281,14,0,0,0,False,,
3293,3281,38,0,0,0,False,,
3293,3281,75,0,0,0,False,,
3293,3281,113,1912,1,1912,False,1780.324267782427,578.4163179916318
3294,3282,14,0,0,0,False,,
3294,3282,38,0,0,0,False,,
3294,3282,75,0,0,0,False,,
3294,3282,113,1892,1,1892,False,1780.6649048625793,578.4788583509513
3295,3283,14,0,0,0,False,,
3295,3283,38,0,0,0,False,,
3295,3283,75,0,0,0,False,,
3295,3283,113,1840,1,1840,False,1781.0521739130436,578.0217391304348
3296,3284,14,0,0,0,False,,
3296,3284,38,0,0,0,False,,
3296,3284,75,0,0,0,False,,
3296,3284,113,1884,1,1884,False,1780.559447983015,579.2133757961783
3297,3285,14,0,0,0,False,,
3297,3285,38,0,0,0,False,,
3297,3285,75,0,0,0,False,,
3297,3285,113,1940,1,1940,False,1780.0835051546392,579.1226804123711
3298,3286,14,0,0,0,False,,
3298,3286,38,0,0,0,False,,
3298,3286,75,0,0,0,False,,
3298,3286,113,1924,1,1924,False,1780.9324324324325,578.5041580041581
3299,3287,14,0,0,0,False,,
3299,3287,38,198740,2,198704,True,322.14862634597966,1341.5232867062493
3299,3287,75,0,0,0,False,,
3299,3287,113,2068,1,2068,False,1781.776595744681,577.7649903288201
3300,3288,14,0,0,0,False,,
3300,3288,38,135744,1,135744,True,227.509900990099,1353.0945308816597
3300,3288,75,0,0,0,False,,
3300,3288,113,1988,1,1988,False,1780.0050301810866,580.0090543259557
3301,3289,14,0,0,0,False,,
3301,3289,38,141188,1,141188,True,258.05469303340226,1339.1381278862227
3301,3289,75,0,0,0,False,,
3301,3289,113,1796,1,1796,False,1781.3552338530067,578.3886414253898
3302,3290,14,0,0,0,False,,
3302,3290,38,116152,2,116148,True,343.2780150148082,1366.9211033817755
3302,3290,75,0,0,0,False,,
3302,3290,113,1944,1,1944,False,1780.4176954732511,578.895061728395
3303,3291,14,0,0,0,False,,
3303,3291,38,72456,1,72456,True,379.86811306172024,1429.7115490780611
3303,3291,75,0,0,0,False,,
3303,3291,113,1920,1,1920,False,1781.4791666666667,577.6291666666667
3304,3292,14,0,0,0,False,,
3304,3292,38,56600,1,56600,True,462.4793639575972,1408.2547703180212
3304,3292,75,0,0,0,False,,
3304,3292,113,1916,1,1916,False,1781.4311064718163,577.6732776617954
3305,3293,14,1204,1,1204,False,1628.7790697674418,562.2009966777408
3305,3293,38,45072,1,45072,True,507.8532126375577,1330.1210507632234
3305,3293,75,0,0,0,False,,
3305,3293,113,1872,1,1872,False,1781.2478632478633,577.8888888888889
3306,3294,14,1292,1,1292,False,1629.2430340557275,561.3482972136223
3306,3294,38,50732,1,50732,False,526.5804226129464,1262.8902862098873
3306,3294,75,0,0,0,False,,
3306,3294,113,1892,1,1892,False,1781.0919661733615,578.1152219873151
3307,3295,14,1416,1,1416,False,1629.2570621468926,560.9971751412429
3307,3295,38,31676,2,30984,False,535.1228059098371,1171.1134612956182
3307,3295,75,0,0,0,False,,
3307,3295,113,1872,1,1872,False,1781.41452991453,577.7948717948718
3308,3296,14,1492,1,1492,False,1629.813672922252,558.3337801608579
3308,3296,38,33252,2,32796,False,527.1399615060748,1117.5220137134609
3308,3296,75,0,0,0,False,,
3308,3296,113,1856,1,1856,False,1781.4956896551723,577.8706896551724
3309,3297,14,1572,1,1572,False,1629.79262086514,558.321882951654
3309,3297,38,27876,1,27876,False,496.8452432199742,1044.9365045200173
3309,3297,75,6240,1,6240,True,82.73717948717949,1484.2551282051281
3309,3297,113,1856,1,1856,False,1781.875,577.9181034482758
3310,3298,14,1524,1,1524,False,1630.9724409448818,559.5603674540682
3310,3298,38,22292,1,22292,False,476.2717566840122,996.5448591422931
3310,3298,75,24472,1,24472,True,106.76969597907814,1447.7124877410918
3310,3298,113,1816,1,1816,False,1781.7070484581498,577.9757709251102
3311,3299,14,1548,1,1548,False,1630.1175710594316,560.3294573643411
3311,3299,38,20508,1,20508,False,460.0954749366101,954.131363370392
3311,3299,75,30980,1,30980,True,132.42227243382828,1434.5077469335056
3311,3299,113,1840,1,1840,False,1782.682608695652,577.295652173913
3312,3300,14,1588,1,1588,False,1629.411838790932,559.2556675062972
3312,3300,38,18188,1,18188,False,446.7608313173521,918.6565867605015
3312,3300,75,39304,1,39304,True,147.5409118664767,1408.7350905760227
3312,3300,113,1820,1,1820,False,1782.965934065934,577.2472527472528
3313,3301,14,1632,1,1632,False,1628.2450980392157,558.4215686274509
3313,3301,38,15572,1,15572,False,437.90765476496273,905.6451322887234
3313,3301,75,44424,1,44424,True,157.9655141365028,1380.3265802269043
3313,3301,113,1828,1,1828,False,1783.0995623632384,577.1433260393873
3314,3302,14,1648,1,1648,False,1627.7621359223301,557.4417475728155
3314,3302,38,16156,1,16156,False,415.8983659321614,881.1437236939837
3314,3302,75,51468,1,51468,True,169.78701328981114,1341.2756275744152
3314,3302,113,1852,1,1852,False,1782.5820734341253,577.9600431965442
3315,3303,14,1680,1,1680,False,1627.7142857142858,556.4142857142857
3315,3303,38,13436,1,13436,False,394.9007144983626,866.1010717475439
3315,3303,75,50252,1,50252,True,179.577608851389,1319.412202499403
3315,3303,113,1848,1,1848,False,1782.7121212121212,578.2489177489177
3316,3304,14,1732,1,1732,False,1628.015011547344,556.2090069284064
3316,3304,38,12264,1,12264,False,377.0740378343118,852.8020221787345
3316,3304,75,50284,1,50284,True,195.5840824119004,1291.5654681409594
3316,3304,113,1816,1,1816,False,1783.2444933920706,577.9713656387665
3317,3305,14,1720,1,1720,False,1627.8627906976744,556.2116279069768
3317,3305,38,12596,1,12596,False,357.35677993013655,836.2211813274055
3317,3305,75,48916,1,48916,False,209.07764330689346,1238.9214571919208
3317,3305,113,1804,1,1804,False,1783.1740576496675,578.4246119733924
3318,3306,14,1588,1,1588,False,1627.8803526448362,555.0088161209068
3318,3306,38,11964,1,11964,False,344.533433634236,831.8801404212638
3318,3306,75,44784,1,44784,False,225.9565916398714,1190.6159342622366
3318,3306,113,1812,1,1812,False,1782.349889624724,579.6346578366446
3319,3307,14,1572,1,1572,False,1627.5737913486005,554.5966921119593
3319,3307,38,11708,1,11708,False,329.16962760505635,825.7818585582507
3319,3307,75,34936,1,34936,False,246.21284634760704,1155.0660636592627
3319,3307,113,1812,1,1812,False,1782.5220750551875,579.705298013245
3320,3308,14,1580,1,1580,False,1627.107594936709,554.4544303797468
3320,3308,38,12284,1,12284,False,312.37756431129924,825.9014978834256
3320,3308,75,47744,1,47744,False,257.1497989276139,1156.0237935656837
3320,3308,113,1812,1,1812,False,1782.5,579.8200883002207
3321,3309,14,1600,1,1600,False,1626.94,554.03
3321,3309,38,8988,1,8988,False,295.7256341789052,812.0282599020917
3321,3309,75,31696,1,31696,False,268.84528016153456,1091.5413932357396
3321,3309,113,1804,1,1804,False,1782.5576496674057,579.7549889135255
3322,3310,14,1584,1,1584,False,1626.8383838383838,553.9141414141415
3322,3310,38,8884,5,8724,False,291.63552453849616,815.9606033318325
3322,3310,75,30544,1,30544,False,278.3250392875851,1068.445521215296
3322,3310,113,1796,1,1796,False,1782.620267260579,579.760579064588
3323,3311,14,1576,1,1576,False,1626.8350253807107,554.0279187817259
3323,3311,38,10248,3,10184,False,294.60850897736145,816.4383294301329
3323,3311,75,26940,1,26940,False,287.31484780994805,1052.7607275426874
3323,3311,113,1764,1,1764,False,1782.6133786848072,580.0056689342404
3324,3312,14,1576,1,1576,False,1626.8350253807107,554.0279187817259
3324,3312,38,10792,1,10792,False,296.2405485544848,813.6697553743513
3324,3312,75,27012,1,27012,False,295.93077150895897,1035.984673478454
3324,3312,113,1772,1,1772,False,1782.635440180587,580.2426636568849
3325,3313,14,1572,1,1572,False,1626.7798982188294,554.0012722646311
3325,3313,38,11456,1,11456,False,303.16550279329607,786.2646648044692
3325,3313,75,24260,1,24260,False,296.1524319868096,1003.3448474855729
3325,3313,113,1732,1,1732,False,1783.174364896074,580.1166281755196
3326,3314,14,1556,1,1556,False,1626.7879177377893,553.8933161953728
3326,3314,38,15100,1,15100,False,325.54,696.8666225165563
3326,3314,75,22128,1,22128,False,293.45010845986985,988.4222704266089
3326,3314,113,1712,1,1712,False,1783.9672897196263,580.1728971962617
3327,3315,14,1540,1,1540,False,1626.655844155844,553.9441558441558
3327,3315,38,12204,2,12100,False,382.5740740740741,654.3728285807932
3327,3315,75,21796,1,21796,False,288.38988805285373,976.8762158194164
3327,3315,113,1660,1,1660,False,1784.9626506024097,580.0132530120482
3328,3316,14,1508,1,1508,False,1626.4946949602122,554.0862068965517
3328,3316,38,11276,2,11144,False,421.12433487052147,597.7600212841434
3328,3316,75,23292,1,23292,False,284.0895586467457,972.6449424695174
3328,3316,113,1656,1,1656,False,1785.8961352657004,579.9927536231884
3329,3317,14,1476,1,1476,False,1626.3048780487804,554.5
3329,3317,38,13240,1,13240,False,489.15196374622354,533.7821752265861
3329,3317,75,19636,1,19636,False,264.78559788144224,931.2423100427786
3329,3317,113,1660,1,1660,False,1787.0349397590362,579.7722891566265
3330,3318,14,1460,1,1460,False,1626.3794520547945,554.6534246575343
3330,3318,38,10292,1,10292,False,542.1509910610183,468.26603186941315
3330,3318,75,17648,1,17648,False,260.467815049864,920.4895738893925
3330,3318,113,1616,1,1616,False,1788.6930693069307,580.5544554455446
3331,3319,14,1732,1,1732,False,1625.8487297921479,556.1212471131639
3331,3319,38,11820,1,11820,False,603.2796954314721,406.9602368866328
3331,3319,75,17152,1,17152,False,260.1110074626866,921.1772388059702
3331,3319,113,1764,1,1764,False,1790.454648526077,580.2324263038548
3332,3320,14,1444,1,1444,False,1627.0152354570637,555.1925207756233
3332,3320,38,12904,1,12904,False,643.0970241785493,336.6270923744575
3332,3320,75,18152,1,18152,False,263.4312472454826,925.2417364477743
3332,3320,113,1680,1,1680,False,1791.8857142857144,581.5619047619048
3333,3321,14,1476,1,1476,False,1627.89837398374,555.5623306233063
3333,3321,38,13052,1,13052,False,734.0923996322402,260.95418326693226
3333,3321,75,16432,2,15836,False,273.80574488802336,881.9800389483934
3333,3321,113,1680,2,1648,False,1775.9476190476191,582.2190476190476
3334,3322,14,1492,1,1492,False,1628.3713136729223,555.7922252010724
3334,3322,38,13224,1,13224,False,803.3874773139746,164.91076830006048
3334,3322,75,17168,1,17168,False,251.90121155638397,884.8541472506989
3334,3322,113,1584,1,1584,False,1796.3636363636363,581.7979797979798
3335,3323,14,1680,1,1680,False,1628.4285714285713,556.7761904761904
3335,3323,38,9624,1,9624,False,890.4725685785536,90.12759767248545
3335,3323,75,15612,1,15612,False,241.82308480655905,871.0288239815527
3335,3323,113,1656,1,1656,False,1798.1521739130435,581.5531400966183
3336,3324,14,1768,1,1768,False,1629.6674208144796,556.3054298642534
3336,3324,38,4180,1,4180,False,921.233014354067,53.012918660287085
3336,3324,75,15360,1,15360,False,239.51302083333334,869.4036458333334
3336,3324,113,1668,1,1668,False,1799.9244604316548,581.2482014388489
3337,3325,14,1768,1,1768,False,1628.7850678733032,556.0565610859728
3337,3325,38,4,1,4,False,268.5,966.5
3337,3325,75,14968,1,14968,False,233.8308391234634,867.3498129342597
3337,3325,113,1600,1,1600,False,1801.46,580.75
3338,3326,14,1872,1,1872,False,1629.3675213675215,555.1239316239316
3338,3326,38,0,0,0,False,,
3338,3326,75,14560,1,14560,False,221.2357142857143,854.4247252747252
3338,3326,113,1668,1,1668,False,1802.7158273381294,581.1187050359712
3339,3327,14,1928,1,1928,False,1630.7821576763486,555.0435684647302
3339,3327,38,0,0,0,False,,
3339,3327,75,14656,1,14656,False,208.4066593886463,838.8384279475982
3339,3327,113,1616,1,1616,False,1803.2623762376238,581.0990099009902
3340,3328,14,1968,1,1968,False,1631.7276422764228,554.9634146341464
3340,3328,38,0,0,0,False,,
3340,3328,75,13484,1,13484,False,200.44897656481757,830.4572827054286
3340,3328,113,1688,1,1688,False,1803.590047393365,582.1492890995261
3341,3329,14,1984,1,1984,False,1632.0403225806451,554.9798387096774
3341,3329,38,0,0,0,False,,
3341,3329,75,12868,1,12868,False,196.0648119365869,826.7884675163195
3341,3329,113,1660,1,1660,False,1803.8734939759036,582.2397590361446
3342,3330,14,2016,1,2016,False,1632.607142857143,555.0238095238095
3342,3330,38,0,0,0,False,,
3342,3330,75,13140,1,13140,False,193.17214611872146,823.3
3342,3330,113,1640,1,1640,False,1804.1634146341464,582.090243902439
3343,3331,14,2000,1,2000,False,1633.968,555.248
3343,3331,38,0,0,0,False,,
3343,3331,75,14248,1,14248,False,189.2697922515441,816.4090398652443
3343,3331,113,1624,1,1624,False,1804.3768472906404,581.9827586206897
3344,3332,14,2040,1,2040,False,1635.770588235294,555.778431372549
3344,3332,38,0,0,0,False,,
3344,3332,75,14132,1,14132,False,187.77540333993772,813.6803000283046
3344,3332,113,1636,1,1636,False,1804.651589242054,582.0354523227384
3345,3333,14,2088,1,2088,False,1637.9904214559388,556.8754789272031
3345,3333,38,0,0,0,False,,
3345,3333,75,13552,1,13552,False,186.40495867768595,809.4421487603306
3345,3333,113,1660,1,1660,False,1804.6012048192772,582.3795180722891
3346,3334,14,2036,1,2036,False,1641.36836935167,557.7141453831041
3346,3334,38,0,0,0,False,,
3346,3334,75,13608,1,13608,False,184.11610817166374,800.558201058201
3346,3334,113,1680,1,1680,False,1804.6857142857143,582.5428571428571
3347,3335,14,2032,1,2032,False,1646.1535433070867,557.3425196850394
3347,3335,38,0,0,0,False,,
3347,3335,75,13036,1,13036,False,178.88662166308683,785.5328321571034
3347,3335,113,1516,1,1516,False,1804.6846965699208,583.1490765171504
3348,3336,14,2016,1,2016,False,1648.7063492063492,558.9920634920635
3348,3336,38,0,0,0,False,,
3348,3336,75,12784,1,12784,False,177.32540675844805,779.7359198998748
3348,3336,113,1516,1,1516,False,1804.7955145118733,583.1807387862797
3349,3337,14,2060,1,2060,False,1651.7349514563107,560.4805825242719
3349,3337,38,0,0,0,False,,
3349,3337,75,12148,1,12148,False,175.53391504774447,772.9162001975634
3349,3337,113,1560,1,1560,False,1804.7205128205128,583.7974358974359
3350,3338,14,2128,1,2128,False,1655.0075187969924,562.1015037593985
3350,3338,38,0,0,0,False,,
3350,3338,75,11752,1,11752,False,176.43669162695713,774.3999319264806
3350,3338,113,1540,1,1540,False,1804.9467532467534,583.5805194805195
3351,3339,14,2092,1,2092,False,1657.3604206500956,562.9130019120458
3351,3339,38,0,0,0,False,,
3351,3339,75,12300,1,12300,False,175.72991869918698,773.4021138211382
3351,3339,113,1524,1,1524,False,1805.0721784776904,583.6496062992126
3352,3340,14,2168,1,2168,False,1659.138376383764,563.8948339483395
3352,3340,38,0,0,0,False,,
3352,3340,75,12136,1,12136,False,175.5059327620303,768.2481872116018
3352,3340,113,1548,1,1548,False,1805.1666666666667,583.6007751937984
3353,3341,14,2260,1,2260,False,1661.4274336283186,564.4610619469026
3353,3341,38,0,0,0,False,,
3353,3341,75,12204,1,12204,False,175.29252704031464,766.2830219600131
3353,3341,113,1552,1,1552,False,1805.1443298969073,583.6546391752578
3354,3342,14,2268,1,2268,False,1662.6834215167548,565.0185185185185
3354,3342,38,0,0,0,False,,
3354,3342,75,11424,1,11424,False,177.54621848739495,769.4474789915967
3354,3342,113,1548,1,1548,False,1805.2286821705427,583.7558139534884
3355,3343,14,2296,1,2296,False,1663.925087108014,565.7439024390244
3355,3343,38,0,0,0,False,,
3355,3343,75,11696,1,11696,False,174.02325581395348,758.7154582763338
3355,3343,113,1552,1,1552,False,1805.2680412371135,583.8041237113403
3356,3344,14,2396,1,2396,False,1666.219532554257,566.7838063439065
3356,3344,38,0,0,0,False,,
3356,3344,75,11236,1,11236,False,173.31025275898895,752.7563189747241
3356,3344,113,1564,1,1564,False,1805.1445012787724,583.9884910485933
3357,3345,14,2392,1,2392,False,1668.3160535117056,567.4464882943143
3357,3345,38,0,0,0,False,,
3357,3345,75,11036,1,11036,False,173.1060166727075,750.7044218919898
3357,3345,113,1592,1,1592,False,1805.288944723618,583.7412060301508
3358,3346,14,2564,1,2564,False,1671.4235569422776,568.4313572542902
3358,3346,38,0,0,0,False,,
3358,3346,75,10692,1,10692,False,173.89992517770295,752.6893004115226
3358,3346,113,1568,1,1568,False,1805.4183673469388,584.0
3359,3347,14,2624,1,2624,False,1675.0243902439024,569.5701219512196
3359,3347,38,0,0,0,False,,
3359,3347,75,11140,1,11140,False,176.36068222621185,750.5840215439856
3359,3347,113,1588,1,1588,False,1805.492443324937,583.7090680100756
3360,3348,14,2724,1,2724,False,1677.5954478707783,570.09765051395
3360,3348,38,0,0,0,False,,
3360,3348,75,10904,1,10904,False,175.80961115187088,749.005502567865
3360,3348,113,1608,1,1608,False,1805.136815920398,584.0572139303482
3361,3349,14,2820,1,2820,False,1678.009219858156,569.7141843971631
3361,3349,38,0,0,0,False,,
3361,3349,75,10736,1,10736,False,177.16915052160954,750.118479880775
3361,3349,113,1568,1,1568,False,1805.454081632653,583.6938775510204
3362,3350,14,2224,1,2224,False,1688.4640287769785,571.68345323741
3362,3350,38,0,0,0,False,,
3362,3350,75,10808,1,10808,False,177.35270170244263,747.2046632124352
3362,3350,113,1584,1,1584,False,1805.1818181818182,584.2474747474747
3363,3351,14,2268,1,2268,False,1691.7063492063492,571.441798941799
3363,3351,38,0,0,0,False,,
3363,3351,75,11328,1,11328,False,176.8418079096045,742.6447740112994
3363,3351,113,1608,1,1608,False,1805.092039800995,584.0323383084577
3364,3352,14,2176,1,2176,False,1692.625,571.5588235294117
3364,3352,38,0,0,0,False,,
3364,3352,75,10340,1,10340,False,176.1595744680851,737.8307543520309
3364,3352,113,1616,1,1616,False,1805.0049504950496,584.0445544554456
3365,3353,14,2116,1,2116,False,1694.4206049149338,571.8270321361059
3365,3353,38,0,0,0,False,,
3365,3353,75,11024,1,11024,False,180.6966618287373,741.9179970972424
3365,3353,113,1620,1,1620,False,1805.0382716049382,583.9765432098766
3366,3354,14,1996,1,1996,False,1696.3236472945891,572.6723446893787
3366,3354,38,0,0,0,False,,
3366,3354,75,10352,1,10352,False,180.2565687789799,736.6684698608965
3366,3354,113,1604,1,1604,False,1804.8192019950125,584.0411471321696
3367,3355,14,1960,1,1960,False,1698.091836734694,572.7816326530613
3367,3355,38,0,0,0,False,,
3367,3355,75,11256,1,11256,False,178.73738450604122,729.6904761904761
3367,3355,113,1612,1,1612,False,1804.8622828784119,584.0285359801488
3368,3356,14,1992,1,1992,False,1701.4116465863453,573.4477911646586
3368,3356,38,0,0,0,False,,
3368,3356,75,11100,1,11100,False,177.1190990990991,730.0163963963964
3368,3356,113,1612,1,1612,False,1804.8622828784119,584.0285359801488
3369,3357,14,2064,1,2064,False,1704.1705426356589,572.6860465116279
3369,3357,38,0,0,0,False,,
3369,3357,75,11828,1,11828,False,174.29979709164695,727.1648630368617
3369,3357,113,1620,1,1620,False,1804.8555555555556,584.1493827160493
3370,3358,14,2196,1,2196,False,1706.6821493624773,572.9444444444445
3370,3358,38,0,0,0,False,,
3370,3358,75,11716,1,11716,False,173.55974735404575,727.9277910549675
3370,3358,113,1632,1,1632,False,1804.9166666666667,584.2107843137255
3371,3359,14,2224,1,2224,False,1708.928057553957,572.9208633093525
3371,3359,38,0,0,0,False,,
3371,3359,75,11184,1,11184,False,173.7310443490701,729.7675250357654
3371,3359,113,1640,1,1640,False,1804.8853658536586,584.3341463414635
3372,3360,14,2208,1,2208,False,1709.6340579710145,572.927536231884
3372,3360,38,0,0,0,False,,
3372,3360,75,11120,1,11120,False,174.54244604316546,729.6489208633094
3372,3360,113,1632,1,1632,False,1804.9901960784314,584.2696078431372
3373,3361,14,2140,1,2140,False,1710.3504672897195,572.8401869158879
3373,3361,38,0,0,0,False,,
3373,3361,75,11236,1,11236,False,176.1952652189391,729.4220363118548
3373,3361,113,1652,1,1652,False,1804.96004842615,584.4370460048426
3374,3362,14,2168,1,2168,False,1710.6734317343173,572.8173431734317
3374,3362,38,0,0,0,False,,
3374,3362,75,11068,1,11068,False,176.5180701120347,727.6564871702204
3374,3362,113,1652,1,1652,False,1805.0084745762713,584.3837772397094
3375,3363,14,2136,1,2136,False,1711.2640449438202,572.7434456928839
3375,3363,38,0,0,0,False,,
3375,3363,75,10676,1,10676,False,178.72630198576246,730.2826901461221
3375,3363,113,1656,1,1656,False,1804.987922705314,584.4371980676328
3376,3364,14,2108,1,2108,False,1711.4259962049337,573.0768500948767
3376,3364,38,0,0,0,False,,
3376,3364,75,10652,1,10652,False,182.02684941794968,734.4977469019902
3376,3364,113,1668,1,1668,False,1804.9124700239809,584.3513189448441
3377,3365,14,2064,1,2064,False,1710.6511627906978,573.2403100775193
3377,3365,38,0,0,0,False,,
3377,3365,75,11720,1,11720,False,184.6453924914676,730.2849829351536
3377,3365,113,1664,1,1664,False,1804.9134615384614,584.3701923076923
3378,3366,14,2068,1,2068,False,1709.8423597678916,573.490328820116
3378,3366,38,0,0,0,False,,
3378,3366,75,11232,1,11232,False,186.92877492877494,727.434472934473
3378,3366,113,1700,1,1700,False,1804.909411764706,584.5470588235294
3379,3367,14,2112,1,2112,False,1709.121212121212,573.1022727272727
3379,3367,38,0,0,0,False,,
3379,3367,75,11272,1,11272,False,188.57239176721077,727.3807665010646
3379,3367,113,1712,1,1712,False,1804.8457943925234,584.6682242990654
3380,3368,14,2072,1,2072,False,1707.6814671814673,573.1100386100386
3380,3368,38,0,0,0,False,,
3380,3368,75,11468,2,11420,False,189.6252179979072,728.6248692012557
3380,3368,113,1728,1,1728,False,1804.837962962963,584.7546296296297
3381,3369,14,2028,1,2028,False,1705.4625246548324,573.0483234714004
3381,3369,38,0,0,0,False,,
3381,3369,75,11020,1,11020,False,190.81506352087115,733.3065335753176
3381,3369,113,1724,1,1724,False,1804.8944315545243,584.6948955916473
3382,3370,14,1956,1,1956,False,1702.8435582822085,571.6697341513293
3382,3370,38,0,0,0,False,,
3382,3370,75,10424,1,10424,False,190.836147352264,732.7440521872602
3382,3370,113,1628,1,1628,False,1805.2223587223586,584.0233415233415
3383,3371,14,1948,1,1948,False,1700.5041067761806,570.7669404517454
3383,3371,38,0,0,0,False,,
3383,3371,75,10948,1,10948,False,190.36481549141396,728.9530507855316
3383,3371,113,1616,1,1616,False,1805.3019801980197,583.8960396039604
3384,3372,14,1924,1,1924,False,1698.2047817047817,570.6746361746361
3384,3372,38,0,0,0,False,,
3384,3372,75,11324,1,11324,False,191.1725538678912,732.3629459554927
3384,3372,113,1616,1,1616,False,1805.3019801980197,583.8960396039604
3385,3373,14,1912,1,1912,False,1696.6171548117154,570.4623430962343
3385,3373,38,0,0,0,False,,
3385,3373,75,11272,1,11272,False,192.7973740241306,731.667494677076
3385,3373,113,1636,1,1636,False,1805.0330073349633,584.3484107579462
3386,3374,14,1988,1,1988,False,1695.6307847082494,569.8843058350101
3386,3374,38,0,0,0,False,,
3386,3374,75,10912,1,10912,False,192.16862170087975,731.6209677419355
3386,3374,113,1616,1,1616,False,1805.1138613861385,584.2772277227723
3387,3375,14,1972,1,1972,False,1694.4918864097363,569.5182555780933
3387,3375,38,0,0,0,False,,
3387,3375,75,11132,1,11132,False,188.65666546891845,730.4841897233201
3387,3375,113,1608,1,1608,False,1805.1268656716418,584.3159203980099
3388,3376,14,2000,1,2000,False,1693.084,569.456
3388,3376,38,0,0,0,False,,
3388,3376,75,10100,1,10100,False,186.15465346534654,727.0631683168317
3388,3376,113,1616,1,1616,False,1805.069306930693,584.4306930693069
3389,3377,14,2068,1,2068,False,1691.6876208897486,568.7011605415861
3389,3377,38,0,0,0,False,,
3389,3377,75,9984,1,9984,False,181.42708333333334,724.6626602564103
3389,3377,113,1616,1,1616,False,1805.069306930693,584.4306930693069
3390,3378,14,2048,1,2048,False,1691.11328125,568.80078125
3390,3378,38,0,0,0,False,,
3390,3378,75,9556,1,9556,False,179.67538719129342,722.0169526998744
3390,3378,113,1636,1,1636,False,1805.4437652811737,583.7713936430317
3391,3379,14,2000,1,2000,False,1690.912,569.328
3391,3379,38,0,0,0,False,,
3391,3379,75,10040,1,10040,False,179.17490039840638,721.3175298804781
3391,3379,113,1620,1,1620,False,1805.6061728395061,583.6802469135803
3392,3380,14,2016,1,2016,False,1690.829365079365,569.3849206349206
3392,3380,38,0,0,0,False,,
3392,3380,75,9508,1,9508,False,177.14282709297433,718.8197307530501
3392,3380,113,1632,1,1632,False,1805.4411764705883,583.8382352941177
3393,3381,14,1972,1,1972,False,1690.6784989858013,569.6724137931035
3393,3381,38,0,0,0,False,,
3393,3381,75,10496,1,10496,False,174.13490853658536,708.0647865853658
3393,3381,113,1636,1,1636,False,1805.424205378973,583.8936430317848
3394,3382,14,1960,1,1960,False,1690.7489795918368,569.8387755102041
3394,3382,38,0,0,0,False,,
3394,3382,75,10372,1,10372,False,171.6739298110297,703.1687234863093
3394,3382,113,1636,1,1636,False,1805.6931540342298,583.5220048899755
3395,3383,14,2088,1,2088,False,1690.2701149425288,569.4463601532567
3395,3383,38,0,0,0,False,,
3395,3383,75,9872,1,9872,False,168.3419773095624,699.6329011345218
3395,3383,113,1612,1,1612,False,1805.7307692307693,584.758064516129
3396,3384,14,2064,1,2064,False,1688.5813953488373,567.9108527131783
3396,3384,38,0,0,0,False,,
3396,3384,75,9888,1,9888,False,169.09789644012946,699.4296116504854
3396,3384,113,1524,1,1524,False,1805.786089238845,585.1404199475065
3397,3385,14,1976,1,1976,False,1688.8927125506073,567.5769230769231
3397,3385,38,0,0,0,False,,
3397,3385,75,10068,1,10068,False,171.64739769566944,706.2385776718315
3397,3385,113,1464,1,1464,False,1805.5710382513662,586.379781420765
3398,3386,14,2280,1,2280,False,1691.0543859649122,563.3070175438596
3398,3386,38,0,0,0,False,,
3398,3386,75,10652,1,10652,False,172.776380022531,715.07078482914
3398,3386,113,1440,1,1440,False,1805.8333333333333,589.8833333333333
3399,3387,14,2280,1,2280,False,1693.482456140351,561.6789473684211
3399,3387,38,0,0,0,False,,
3399,3387,75,10380,1,10380,False,179.48805394990367,715.6468208092485
3399,3387,113,1356,1,1356,False,1805.8746312684366,591.6091445427728
3400,3388,14,2428,1,2428,False,1694.4143327841846,560.7635914332784
3400,3388,38,0,0,0,False,,
3400,3388,75,10268,1,10268,False,182.77580833657967,720.549084534476
3400,3388,113,1260,1,1260,False,1806.7857142857142,592.5825396825397
3401,3389,14,2508,1,2508,False,1694.8349282296651,560.3755980861245
3401,3389,38,0,0,0,False,,
3401,3389,75,9504,1,9504,False,183.86111111111111,731.3880471380471
3401,3389,113,1244,1,1244,False,1807.7926045016077,593.200964630225
3402,3390,14,2632,1,2632,False,1695.4088145896656,560.354103343465
3402,3390,38,0,0,0,False,,
3402,3390,75,10024,1,10024,False,183.87270550678372,734.3116520351157
3402,3390,113,1220,1,1220,False,1810.3295081967212,593.916393442623
3403,3391,14,2656,1,2656,False,1697.5301204819277,559.6867469879518
3403,3391,38,0,0,0,False,,
3403,3391,75,9808,1,9808,False,179.28955954323,724.1867862969004
3403,3391,113,1320,1,1320,False,1812.4515151515152,595.9848484848485
3404,3392,14,2668,1,2668,False,1698.4490254872564,559.5554722638681
3404,3392,38,0,0,0,False,,
3404,3392,75,10220,1,10220,False,179.5559686888454,720.2643835616439
3404,3392,113,1440,1,1440,False,1814.8166666666666,598.4888888888889
3405,3393,14,2800,1,2800,False,1700.1857142857143,558.8742857142857
3405,3393,38,0,0,0,False,,
3405,3393,75,9492,1,9492,False,174.47302991993257,710.9694479561737
3405,3393,113,1424,1,1424,False,1816.685393258427,600.3539325842696
3406,3394,14,3000,1,3000,False,1700.524,559.188
3406,3394,38,0,0,0,False,,
3406,3394,75,10176,1,10176,False,176.75550314465409,713.6768867924528
3406,3394,113,1508,1,1508,False,1819.8740053050399,601.7838196286472
3407,3395,14,3028,1,3028,False,1700.2014531043594,558.9359313077939
3407,3395,38,0,0,0,False,,
3407,3395,75,10128,1,10128,False,177.08530805687204,714.5663507109005
3407,3395,113,1352,1,1352,False,1822.5591715976332,605.1331360946746
3408,3396,14,2996,1,2996,False,1700.3664886515353,559.7683578104139
3408,3396,38,0,0,0,False,,
3408,3396,75,9692,1,9692,False,179.27342137845645,721.3666941807677
3408,3396,113,1296,1,1296,False,1825.962962962963,607.4135802469136
3409,3397,14,2996,1,2996,False,1699.760347129506,559.1835781041389
3409,3397,38,0,0,0,False,,
3409,3397,75,8424,1,8424,False,179.2730294396961,728.3338081671415
3409,3397,113,1224,1,1224,False,1828.4346405228757,608.8006535947712
3410,3398,14,3048,1,3048,False,1698.0065616797901,559.1719160104986
3410,3398,38,0,0,0,False,,
3410,3398,75,8648,1,8648,False,181.2622571692877,726.1244218316374
3410,3398,113,1088,1,1088,False,1829.2573529411766,609.9117647058823
3411,3399,14,3076,1,3076,False,1696.130689206762,559.353055916775
3411,3399,38,0,0,0,False,,
3411,3399,75,8536,1,8536,False,183.89643861293345,722.9320524835989
3411,3399,113,1184,1,1184,False,1829.6081081081081,609.9054054054054
3412,3400,14,3084,1,3084,False,1695.7866407263296,558.754215304799
3412,3400,38,52080,1,52080,False,1746.230721966206,198.03440860215053
3412,3400,75,8876,1,8876,False,188.81635872014422,723.9520054078414
3412,3400,113,1796,1,1796,False,1828.8830734966593,602.0456570155902
3413,3401,14,3288,1,3288,False,1695.1496350364964,558.5194647201946
3413,3401,38,45920,1,45920,False,1832.2759581881533,350.92961672473865
3413,3401,75,9444,1,9444,False,191.02350698856418,717.641889030072
3413,3401,113,2216,1,2216,False,1830.398916967509,588.9476534296028
3414,3402,14,0,0,0,False,,
3414,3402,38,95500,2,95484,False,1798.5543664921465,425.35042931937176
3414,3402,75,9316,1,9316,False,190.26470588235293,709.985616144268
3414,3402,113,0,0,0,False,,
3415,3403,14,2976,1,2976,False,1691.6155913978494,562.1827956989247
3415,3403,38,30288,1,30288,False,1781.6587427363972,616.9690966719493
3415,3403,75,9280,1,9280,False,192.6793103448276,709.0370689655173
3415,3403,113,0,0,0,False,,
3416,3404,14,0,0,0,False,,
3416,3404,38,70116,1,70116,False,1842.5042215756746,650.7167836157225
3416,3404,75,9052,1,9052,False,195.17432611577553,708.370083959346
3416,3404,113,0,0,0,False,,
3417,3405,14,3132,1,3132,False,1698.683908045977,562.2062579821201
3417,3405,38,45756,1,45756,False,1788.9682227467435,727.4110936270653
3417,3405,75,9076,1,9076,False,196.88607315998237,707.8715293080652
3417,3405,113,2412,1,2412,False,1828.2247097844113,564.7653399668325
3418,3406,14,3008,1,3008,False,1701.0585106382978,562.1755319148937
3418,3406,38,42972,1,42972,False,1770.5599460113563,775.6317136740203
3418,3406,75,9128,1,9128,False,196.55696757230498,705.7787028921998
3418,3406,113,2200,1,2200,False,1826.510909090909,566.0490909090909
3419,3407,14,2200,1,2200,False,1705.3218181818181,571.1218181818182
3419,3407,38,55968,1,55968,False,1790.505431675243,802.7877358490566
3419,3407,75,8792,2,8788,False,195.92766151046405,706.7174704276615
3419,3407,113,2244,1,2244,False,1827.1702317290553,563.1417112299465
3420,3408,14,2188,1,2188,False,1709.1983546617917,574.4159049360146
3420,3408,38,42532,1,42532,False,1795.2770149534467,808.0205492335183
3420,3408,75,8784,1,8784,False,196.44808743169398,709.148451730419
3420,3408,113,2320,1,2320,False,1826.9137931034484,561.0655172413793
3421,3409,14,2064,1,2064,False,1711.2325581395348,576.4806201550388
3421,3409,38,25524,1,25524,False,1814.2179125528914,795.5681711330512
3421,3409,75,8952,1,8952,False,195.16041108132262,703.0004468275246
3421,3409,113,2468,1,2468,False,1825.2811993517018,561.8614262560778
3422,3410,14,1888,1,1888,False,1714.6525423728813,578.2881355932203
3422,3410,38,23024,1,23024,False,1826.374913134121,765.2050034746352
3422,3410,75,8464,1,8464,False,198.76843100189035,708.9073724007561
3422,3410,113,2524,1,2524,False,1822.8359746434232,562.0911251980982
3423,3411,14,1724,1,1724,False,1715.6832946635732,582.3143851508121
3423,3411,38,20612,1,20612,False,1837.748981176014,735.2777993401902
3423,3411,75,8012,1,8012,False,200.94433349975037,714.3332501248128
3423,3411,113,2656,1,2656,False,1819.7590361445782,562.4487951807229
3424,3412,14,1752,1,1752,False,1716.4086757990867,583.8607305936073
3424,3412,38,26640,1,26640,False,1879.048048048048,729.815015015015
3424,3412,75,8424,1,8424,False,204.07549857549859,713.2815764482431
3424,3412,113,2852,1,2852,False,1816.8618513323984,563.2798036465638
3425,3413,14,1688,1,1688,False,1714.8222748815165,583.2440758293839
3425,3413,38,19276,1,19276,False,1895.5637061631044,727.2540983606557
3425,3413,75,8112,1,8112,False,205.7879684418146,716.3076923076923
3425,3413,113,2792,1,2792,False,1813.9813753581661,562.5830945558739
3426,3414,14,1420,1,1420,False,1714.7197183098592,583.1929577464789
3426,3414,38,18184,1,18184,False,1887.558952925649,722.5620325560933
3426,3414,75,8260,1,8260,False,204.1319612590799,716.0167070217917
3426,3414,113,2824,1,2824,False,1812.5651558073655,563.3526912181303
3427,3415,14,1564,1,1564,False,1715.1700767263428,582.5358056265985
3427,3415,38,14392,1,14392,False,1887.5761534185658,715.7951639799888
3427,3415,75,7720,1,7720,False,202.179792746114,722.6181347150259
3427,3415,113,2856,1,2856,False,1812.0406162464985,564.141456582633
3428,3416,14,1888,1,1888,False,1712.9618644067796,579.1822033898305
3428,3416,38,11608,1,11608,False,1874.3118538938663,706.5289455547899
3428,3416,75,7068,1,7068,False,196.44680249009622,731.3681380871534
3428,3416,113,2996,1,2996,False,1811.495994659546,565.7283044058745
3429,3417,14,1984,1,1984,False,1708.7862903225807,571.0766129032259
3429,3417,38,8788,1,8788,False,1857.537778789258,692.1640873918981
3429,3417,75,6704,1,6704,False,192.32100238663483,739.436754176611
3429,3417,113,3084,1,3084,False,1811.4208819714656,567.0188067444877
3430,3418,14,2864,1,2864,False,1706.2067039106146,558.427374301676
3430,3418,38,9336,1,9336,False,1848.1478149100258,684.2292202227935
3430,3418,75,6936,1,6936,False,186.67301038062283,744.2900807381776
3430,3418,113,4100,1,4100,False,1813.7936585365853,576.3731707317073
3431,3419,14,2964,1,2964,False,1706.4001349527666,556.4109311740891
3431,3419,38,8012,1,8012,False,1838.1724912631053,676.7865701447828
3431,3419,75,6640,1,6640,False,181.0409638554217,755.5349397590361
3431,3419,113,3628,1,3628,False,1813.5650496141125,569.1659316427784
3432,3420,14,2944,1,2944,False,1705.7744565217392,555.3722826086956
3432,3420,38,8032,1,8032,False,1827.7131474103585,669.7490039840637
3432,3420,75,5400,1,5400,False,180.5562962962963,762.5666666666667
3432,3420,113,3400,1,3400,False,1813.4811764705883,567.4623529411765
3433,3421,14,2784,1,2784,False,1706.4885057471265,553.1408045977012
3433,3421,38,6980,1,6980,False,1819.5865329512894,663.6186246418338
3433,3421,75,5204,1,5204,False,181.84050730207534,772.032667179093
3433,3421,113,3668,1,3668,False,1813.5730643402399,570.6832061068702
3434,3422,14,2576,1,2576,False,1706.972049689441,551.1863354037267
3434,3422,38,6356,1,6356,False,1810.7429200755191,658.8687853996224
3434,3422,75,4892,1,4892,False,186.3773507767784,786.6782502044153
3434,3422,113,3576,1,3576,False,1814.9586129753916,570.9049217002237
3435,3423,14,2480,1,2480,False,1706.5838709677419,545.2129032258065
3435,3423,38,5928,1,5928,False,1801.0951417004048,657.0695006747638
3435,3423,75,4752,1,4752,False,191.95286195286195,800.6447811447812
3435,3423,113,4188,1,4188,False,1810.5993314231137,573.9918815663801
3436,3424,14,2880,1,2880,False,1704.4361111111111,543.5944444444444
3436,3424,38,6948,1,6948,False,1787.9887737478412,639.3301669545193
3436,3424,75,5132,1,5132,False,202.37996882307093,812.7338269680437
3436,3424,113,3744,1,3744,False,1815.2393162393162,574.4017094017094
3437,3425,14,2748,1,2748,False,1702.706695778748,541.9061135371179
3437,3425,38,6588,1,6588,False,1776.1745598057073,633.690042501518
3437,3425,75,5784,1,5784,False,213.2067773167358,822.1320885200553
3437,3425,113,3684,1,3684,False,1814.6889250814331,574.5760043431053
3438,3426,14,2484,1,2484,False,1699.8494363929146,539.4178743961353
3438,3426,38,6072,1,6072,False,1764.260210803689,629.3761528326746
3438,3426,75,5112,1,5112,False,226.69561815336462,836.2949921752738
3438,3426,113,3516,2,3496,False,1817.97212741752,573.4351535836178
3439,3427,14,2568,1,2568,False,1696.4376947040498,537.7866043613707
3439,3427,38,6152,1,6152,False,1747.1072821846553,625.2633289986996
3439,3427,75,6140,1,6140,False,239.9827361563518,849.9045602605863
3439,3427,113,3424,1,3424,False,1818.6285046728972,574.7102803738318
3440,3428,14,2812,1,2812,False,1693.282361308677,537.5042674253201
3440,3428,38,5656,1,5656,False,1729.6937765205091,629.5990099009902
3440,3428,75,6192,1,6192,False,254.65245478036175,864.594315245478
3440,3428,113,3400,2,3376,False,1819.9235294117648,574.6552941176471
3441,3429,14,2656,1,2656,False,1687.698795180723,534.8614457831326
3441,3429,38,5900,1,5900,False,1717.3881355932203,627.9942372881355
3441,3429,75,6436,1,6436,False,269.9294592914854,876.0562461155997
3441,3429,113,3444,1,3444,False,1822.4814169570268,575.1550522648083
3442,3430,14,2792,1,2792,False,1683.9555873925501,535.3022922636103
3442,3430,38,5856,1,5856,False,1701.9275956284152,622.9371584699453
3442,3430,75,7204,1,7204,False,286.93309272626317,897.4128262076624
3442,3430,113,3372,1,3372,False,1824.5094899169633,575.9139976275208
3443,3431,14,2988,2,2984,False,1680.478580990629,536.9926372155288
3443,3431,38,5616,1,5616,False,1687.9786324786326,620.3418803418804
3443,3431,75,8036,1,8036,False,305.6926331508213,919.4387755102041
3443,3431,113,3560,1,3560,False,1827.7988764044944,576.9719101123595
3444,3432,14,3072,2,3068,False,1675.59375,537.4765625
3444,3432,38,6124,1,6124,False,1671.0042455911168,612.4033311561071
3444,3432,75,8704,1,8704,False,321.4329044117647,933.7334558823529
3444,3432,113,3760,1,3760,False,1832.5617021276596,578.0340425531915
3445,3433,14,2952,1,2952,False,1674.9959349593496,538.6382113821138
3445,3433,38,6016,1,6016,False,1651.654255319149,604.0997340425532
3445,3433,75,8452,1,8452,False,337.0849503076195,954.549219119735
3445,3433,113,3760,1,3760,False,1836.276595744681,578.804255319149
3446,3434,14,3208,1,3208,False,1673.5498753117206,541.3004987531172
3446,3434,38,6104,1,6104,False,1637.5262123197904,600.8473132372214
3446,3434,75,10844,1,10844,False,356.711729988934,977.4811877535965
3446,3434,113,3856,1,3856,False,1839.2904564315352,580.7095435684647
3447,3435,14,3044,1,3044,False,1670.818002628121,542.134691195795
3447,3435,38,5844,1,5844,False,1625.8210130047912,599.742984257358
3447,3435,75,11640,1,11640,False,366.726116838488,1007.0285223367698
3447,3435,113,3672,1,3672,False,1842.831154684096,581.6808278867103
3448,3436,14,3040,1,3040,False,1665.9052631578948,538.7631578947369
3448,3436,38,5888,1,5888,False,1614.9334239130435,599.875
3448,3436,75,13348,1,13348,False,376.67021276595744,1040.5221756068324
3448,3436,113,3732,1,3732,False,1844.7057877813504,583.2566988210075
3449,3437,14,3532,1,3532,False,1661.6800679501698,538.3074745186863
3449,3437,38,6040,1,6040,False,1600.0509933774833,598.0390728476821
3449,3437,75,12820,1,12820,False,384.9761310452418,1067.5277691107644
3449,3437,113,3652,1,3652,False,1847.328039430449,583.6434830230011
3450,3438,14,3756,2,3752,False,1655.601171458999,538.4211927582535
3450,3438,38,6116,1,6116,False,1586.282864617397,599.843361674297
3450,3438,75,17052,1,17052,False,396.4812338728595,1097.6156462585034
3450,3438,113,3652,1,3652,False,1848.4386637458927,584.210843373494
3451,3439,14,4004,1,4004,False,1649.475024975025,538.8476523476523
3451,3439,38,6260,1,6260,False,1573.8277955271565,597.55303514377
3451,3439,75,22292,1,22292,False,399.8231652610802,1123.0146240803876
3451,3439,113,3648,1,3648,False,1849.7609649122808,584.4517543859649
3452,3440,14,4588,1,4588,False,1644.3221447253704,539.2602441150829
3452,3440,38,6756,1,6756,False,1563.1856127886324,593.812018946122
3452,3440,75,28864,1,28864,False,391.6089246119734,1134.450110864745
3452,3440,113,3776,1,3776,False,1849.8813559322034,585.1144067796611
3453,3441,14,4572,1,4572,False,1640.8202099737532,539.9120734908137
3453,3441,38,6180,1,6180,False,1555.0281553398058,594.151779935275
3453,3441,75,29328,1,29328,False,394.13857064920893,1156.0613747954174
3453,3441,113,3692,1,3692,False,1851.3125677139763,585.6310942578548
3454,3442,14,4628,1,4628,False,1637.025496974935,540.090319792567
3454,3442,38,6064,1,6064,False,1546.9234828496042,592.9894459102902
3454,3442,75,32376,1,32376,False,389.94007907091674,1180.267976278725
3454,3442,113,3640,1,3640,False,1851.8428571428572,585.9813186813187
3455,3443,14,4724,1,4724,False,1632.8183742591025,540.9640135478409
3455,3443,38,5848,1,5848,False,1537.6737346101231,592.813269493844
3455,3443,75,34128,1,34128,False,367.07196436943275,1204.934599156118
3455,3443,113,3648,1,3648,False,1852.767543859649,587.5723684210526
3456,3444,14,4904,1,4904,False,1625.6337683523655,541.2112561174552
3456,3444,38,6044,1,6044,False,1526.0089344804765,590.6416280608868
3456,3444,75,43104,1,43104,False,330.98960653303635,1213.9055308092056
3456,3444,113,3592,1,3592,False,1853.5356347438753,589.880846325167
3457,3445,14,5104,1,5104,False,1615.5141065830721,539.948275862069
3457,3445,38,5884,1,5884,False,1515.9765465669614,589.5605030591435
3457,3445,75,46424,1,46424,False,320.61287265207653,1229.0972772703774
3457,3445,113,3648,1,3648,False,1855.8004385964912,591.4517543859649
3458,3446,14,4964,1,4964,False,1609.59911361805,539.0124899274779
3458,3446,38,5800,1,5800,False,1507.1593103448276,585.7137931034483
3458,3446,75,48484,2,48480,False,313.70237604158075,1247.2644583780218
3458,3446,113,3680,1,3680,False,1857.658695652174,593.5326086956521
3459,3447,14,5120,1,5120,False,1602.9265625,535.8140625
3459,3447,38,5688,1,5688,False,1499.7925457102672,585.1990154711674
3459,3447,75,49704,1,49704,False,305.8193304361822,1263.2551907291163
3459,3447,113,3676,1,3676,False,1859.607725788901,594.639281828074
3460,3448,14,5248,1,5248,False,1599.5152439024391,534.6783536585366
3460,3448,38,5688,1,5688,False,1494.1807313642757,585.1722925457103
3460,3448,75,50380,1,50380,False,295.7230250099246,1278.967169511711
3460,3448,113,3664,1,3664,False,1861.4126637554584,595.0589519650655
3461,3449,14,5324,1,5324,False,1594.6126972201353,533.8839218632608
3461,3449,38,5712,1,5712,False,1489.280112044818,585.936974789916
3461,3449,75,52828,1,52828,False,269.19856894071324,1287.2803437570985
3461,3449,113,3624,1,3624,False,1863.5242825607063,594.0275938189845
3462,3450,14,5416,1,5416,False,1589.1366322008862,533.2252584933531
3462,3450,38,5764,1,5764,False,1483.2439278278973,587.6325468424706
3462,3450,75,56264,1,56264,False,234.78352054599745,1282.690530356889
3462,3450,113,3620,1,3620,False,1865.7243093922652,594.4425414364641
3463,3451,14,5560,2,5544,False,1582.6294964028777,532.2136690647483
3463,3451,38,5712,1,5712,False,1476.4649859943977,587.843137254902
3463,3451,75,53712,1,53712,False,213.03619302949062,1294.1602621388145
3463,3451,113,3584,1,3584,False,1867.5200892857142,594.7544642857143
3464,3452,14,5452,1,5452,False,1578.6834189288334,530.7274394717535
3464,3452,38,5832,1,5832,False,1469.8772290809327,587.9170096021948
3464,3452,75,52128,1,52128,False,186.487722529159,1297.5288520564764
3464,3452,113,3552,1,3552,False,1869.7274774774776,595.7702702702703
3465,3453,14,5244,1,5244,False,1577.0339435545386,530.271167048055
3465,3453,38,5784,1,5784,False,1463.4128630705395,587.2136929460581
3465,3453,75,50956,1,50956,True,170.8017505298689,1290.2367140277886
3465,3453,113,3636,1,3636,False,1872.9708470847086,598.1677667766777
3466,3454,14,5284,1,5284,False,1575.0344436033308,530.5393641180924
3466,3454,38,5812,1,5812,False,1458.087061252581,586.1613902271163
3466,3454,75,48956,1,48956,True,149.31183103194707,1277.0987417272654
3466,3454,113,3548,1,3548,False,1876.184329199549,598.3218714768884
3467,3455,14,5448,1,5448,False,1571.5396475770924,531.4412628487519
3467,3455,38,5776,1,5776,False,1453.1094182825484,585.786703601108
3467,3455,75,43848,1,43848,True,136.3474730888524,1288.9533844189016
3467,3455,113,3632,1,3632,False,1879.1651982378855,599.2555066079295
3468,3456,14,5708,1,5708,False,1566.279957953749,531.968815697267
3468,3456,38,5712,1,5712,False,1449.624649859944,585.7801120448179
3468,3456,75,42884,1,42884,True,127.56165469639026,1300.3188601809534
3468,3456,113,3712,1,3712,False,1882.6163793103449,600.1422413793103
3469,3457,14,5708,1,5708,False,1561.1180798878768,533.5329362298528
3469,3457,38,5528,1,5528,False,1445.4102749638205,585.3668596237337
3469,3457,75,42228,1,42228,True,118.44373401534527,1310.213933882732
3469,3457,113,3672,1,3672,False,1885.430283224401,601.0010893246188
3470,3458,14,5732,1,5732,False,1553.937543614794,535.3192602930914
3470,3458,38,5536,1,5536,False,1441.9436416184972,585.5216763005781
3470,3458,75,45616,1,45616,True,115.05173623290074,1318.0990880392844
3470,3458,113,3656,1,3656,False,1887.0798687089716,602.082056892779
3471,3459,14,6020,1,6020,False,1547.9817275747507,537.6348837209302
3471,3459,38,5416,1,5416,False,1437.1336779911373,585.3921713441655
3471,3459,75,45624,2,45620,True,112.13229879011047,1332.2678414869367
3471,3459,113,3776,1,3776,False,1888.0805084745762,603.3241525423729
3472,3460,14,6248,1,6248,False,1542.725352112676,537.1798975672215
3472,3460,38,5488,1,5488,False,1431.8483965014577,586.0029154518951
3472,3460,75,46156,2,46148,True,108.93071323338245,1342.491160412514
3472,3460,113,3908,1,3908,False,1889.0261003070625,604.628966223132
3473,3461,14,6268,1,6268,False,1539.0411614550096,536.4463943841736
3473,3461,38,5572,2,5560,False,1424.6249102656138,586.1625987078248
3473,3461,75,48064,1,48064,True,109.74151131824235,1354.3305592543275
3473,3461,113,3956,1,3956,False,1889.4362992922145,605.4605662285137
3474,3462,14,6244,1,6244,False,1536.7267777065983,536.2552850736707
3474,3462,38,5532,1,5532,False,1416.442154736081,584.2917570498915
3474,3462,75,47920,2,47904,True,108.92237061769616,1361.9913188647745
3474,3462,113,4024,2,4012,False,1889.7842942345924,607.1679920477137
3475,3463,14,6072,1,6072,False,1534.7648221343873,535.9624505928854
3475,3463,38,5596,1,5596,False,1409.1132952108649,581.8152251608292
3475,3463,75,44900,1,44900,True,108.21456570155902,1371.2750556792873
3475,3463,113,4048,3,4040,False,1889.9525691699605,608.9288537549407
3476,3464,14,5856,1,5856,False,1531.7841530054645,535.4303278688525
3476,3464,38,5496,1,5496,False,1402.2423580786026,579.6994177583697
3476,3464,75,41908,1,41908,True,104.03536317648182,1368.1191657917343
3476,3464,113,3996,2,3988,False,1889.464964964965,609.9554554554554
3477,3465,14,5712,1,5712,False,1528.8445378151262,535.7478991596639
3477,3465,38,5500,1,5500,False,1398.3210909090908,580.0578181818182
3477,3465,75,38208,1,38208,True,99.97047738693468,1366.2948073701843
3477,3465,113,4128,1,4128,False,1889.4282945736434,610.3372093023256
3478,3466,14,5764,1,5764,False,1523.443789035392,535.26613462873
3478,3466,38,5432,1,5432,False,1394.738586156112,580.1980854197349
3478,3466,75,30788,3,30764,True,95.9192542549045,1368.41295309861
3478,3466,113,4060,1,4060,False,1889.3315270935962,610.0073891625616
3479,3467,14,5856,1,5856,False,1518.3387978142077,533.8306010928961
3479,3467,38,5408,1,5408,False,1391.6597633136096,580.310650887574
3479,3467,75,29264,1,29264,True,87.60606889010388,1356.811645708037
3479,3467,113,4100,1,4100,False,1889.3663414634145,610.8180487804879
3480,3468,14,5872,1,5872,False,1512.6185286103541,530.8514986376022
3480,3468,38,5488,1,5488,False,1389.1778425655978,581.3513119533528
3480,3468,75,32112,1,32112,True,99.39661185849526,1360.3734429496762
3480,3468,113,4124,1,4124,False,1889.3263821532494,611.9122211445199
3481,3469,14,5992,1,5992,False,1509.2903871829105,528.3825100133512
3481,3469,38,5584,1,5584,False,1387.0028653295128,582.3997134670487
3481,3469,75,29948,1,29948,True,105.79744891144651,1374.5496861226125
3481,3469,113,4060,1,4060,False,1889.7374384236452,613.875369458128
3482,3470,14,5976,2,5968,False,1506.9859437751004,528.0689424364123
3482,3470,38,5656,1,5656,False,1384.2270155586987,583.1478076379067
3482,3470,75,40092,3,40028,True,112.27272273770328,1381.2594532575076
3482,3470,113,4016,1,4016,False,1890.2569721115538,615.8446215139443
3483,3471,14,5864,2,5848,False,1505.6418826739427,528.519099590723
3483,3471,38,5656,1,5656,False,1380.7984441301273,583.512729844413
3483,3471,75,52568,3,52468,True,118.00388068787095,1381.4339522142748
3483,3471,113,4168,1,4168,False,1892.0700575815738,616.5019193857966
3484,3472,14,5780,2,5768,False,1504.1,528.8709342560553
3484,3472,38,5688,1,5688,False,1377.6870604781998,583.4521800281294
3484,3472,75,55688,1,55688,True,118.38248814825457,1379.6927883924723
3484,3472,113,4120,1,4120,False,1893.2320388349515,617.890291262136
3485,3473,14,6052,1,6052,False,1501.0644415069398,528.2329808327826
3485,3473,38,5696,1,5696,False,1374.691011235955,583.0252808988764
3485,3473,75,56144,2,56140,True,119.34611000284981,1368.7147335423197
3485,3473,113,4220,1,4220,False,1895.4895734597155,617.1559241706161
3486,3474,14,6084,1,6084,False,1499.5361604207758,529.4296515450361
3486,3474,38,5960,1,5960,False,1371.4704697986576,581.3630872483221
3486,3474,75,56624,1,56624,True,122.13746821135913,1357.8923424696243
3486,3474,113,4340,1,4340,False,1896.4281105990783,617.0824884792627
3487,3475,14,5828,1,5828,False,1497.6118737131092,531.9975978037063
3487,3475,38,5736,1,5736,False,1369.134588563459,582.8319386331939
3487,3475,75,57096,1,57096,True,126.6426369623091,1348.8785904441643
3487,3475,113,4188,2,4184,False,1896.805635148042,617.7263610315186
3488,3476,14,5784,1,5784,False,1495.289764868603,533.3243430152144
3488,3476,38,6084,1,6084,False,1366.8589743589744,582.2725180802104
3488,3476,75,59932,1,59932,True,136.3374157378362,1342.8988520323032
3488,3476,113,4392,1,4392,False,1897.540072859745,618.0664845173042
3489,3477,14,5612,1,5612,False,1492.4215965787598,534.4116179615111
3489,3477,38,5984,1,5984,False,1364.7045454545455,582.2393048128342
3489,3477,75,57192,2,56376,True,149.95922506644285,1325.857532522031
3489,3477,113,4460,1,4460,False,1897.3807174887893,618.5358744394618
3490,3478,14,5444,1,5444,False,1489.8269654665687,534.795371050698
3490,3478,38,6132,1,6132,False,1363.642857142857,582.9461839530333
3490,3478,75,57948,1,57948,True,136.2320356181404,1310.0761717401808
3490,3478,113,4624,1,4624,False,1897.0934256055364,620.1937716262976
3491,3479,14,5348,1,5348,False,1486.836574420344,536.2591623036649
3491,3479,38,6072,1,6072,False,1361.4143610013175,582.6304347826087
3491,3479,75,55988,1,55988,True,135.30031435307566,1297.9145888404657
3491,3479,113,4600,1,4600,False,1895.851304347826,619.7695652173913
3492,3480,14,5364,1,5364,False,1482.444817300522,537.6006711409397
3492,3480,38,6016,1,6016,False,1359.315159574468,582.8098404255319
3492,3480,75,54400,1,54400,True,134.99485294117648,1291.0325
3492,3480,113,4672,1,4672,False,1893.763698630137,621.7791095890411
3493,3481,14,4924,1,4924,False,1481.2603574329812,540.6348497156783
3493,3481,38,5636,1,5636,False,1355.9421575585523,583.568843151171
3493,3481,75,53988,1,53988,True,131.82251611469215,1280.1865970215604
3493,3481,113,4464,1,4464,False,1890.4713261648747,620.4354838709677
3494,3482,14,4668,1,4668,False,1478.3371893744645,541.5951156812339
3494,3482,38,5612,1,5612,False,1352.1336421952958,583.844262295082
3494,3482,75,55588,1,55588,True,127.39213499316399,1265.6814060588615
3494,3482,113,4564,2,4556,False,1885.2765118317266,621.0907099035934
3495,3483,14,4684,1,4684,False,1475.7485055508112,541.4530315969257
3495,3483,38,5876,1,5876,False,1347.5170183798502,582.7191967324711
3495,3483,75,51836,1,51836,True,123.55764333667722,1254.393973300409
3495,3483,113,4748,1,4748,False,1879.527801179444,622.4511373209773
3496,3484,14,4432,1,4432,False,1473.7490974729242,542.3880866425993
3496,3484,38,5620,1,5620,False,1343.879359430605,582.6893238434163
3496,3484,75,51108,1,51108,True,122.428621742193,1251.2112780777961
3496,3484,113,4484,1,4484,False,1872.9085637823373,621.1708296164139
3497,3485,14,4388,1,4388,False,1473.5227894257064,544.3906107566089
3497,3485,38,5588,1,5588,False,1340.0332856120258,581.625268432355
3497,3485,75,52484,1,52484,True,113.30237786754059,1233.818039783553
3497,3485,113,4772,1,4772,False,1867.9182732606873,620.7481139983236
3498,3486,14,4564,1,4564,False,1473.5306748466257,546.2072743207713
3498,3486,38,5548,1,5548,False,1337.793439077145,580.9470079307858
3498,3486,75,51744,2,51740,True,108.32838589981448,1227.4095547309832
3498,3486,113,4640,1,4640,False,1864.5310344827585,621.9741379310345
3499,3487,14,4244,1,4244,False,1473.0711592836947,553.4104618284637
3499,3487,38,5580,2,5572,False,1335.973835125448,580.947311827957
3499,3487,75,50092,1,50092,True,105.82811626607042,1227.1964784795975
3499,3487,113,4836,1,4836,False,1862.3395368072788,624.2485525227461
3500,3488,14,4416,1,4416,False,1472.6884057971015,556.3641304347826
3500,3488,38,5584,3,5568,False,1334.554441260745,580.8968481375358
3500,3488,75,48428,1,48428,True,104.64867432064095,1227.825514165359
3500,3488,113,5112,1,5112,False,1859.571987480438,627.4483568075117
3501,3489,14,4484,1,4484,False,1472.1806422836753,559.6418376449599
3501,3489,38,5584,2,5572,False,1333.684813753582,580.881088825215
3501,3489,75,46296,1,46296,True,107.66969068602039,1234.0358562294798
3501,3489,113,5400,1,5400,False,1856.3933333333334,629.6155555555556
3502,3490,14,4760,1,4760,False,1470.9689075630251,562.6260504201681
3502,3490,38,5592,2,5584,False,1332.992131616595,581.192417739628
3502,3490,75,49056,1,49056,True,103.90737116764514,1223.651500326158
3502,3490,113,5736,1,5736,False,1853.4149232914924,630.6729428172943
3503,3491,14,5000,1,5000,False,1468.5432,566.316
3503,3491,38,5608,3,5596,False,1332.743937232525,581.006419400856
3503,3491,75,51908,2,51892,True,102.76446790475457,1217.600408414888
3503,3491,113,5812,1,5812,False,1851.1565726083963,630.8881624225739
3504,3492,14,5588,1,5588,False,1467.6624910522548,570.4284180386543
3504,3492,38,6064,1,6064,False,1331.9327176781003,578.7532981530343
3504,3492,75,51056,1,51056,True,102.98918834221247,1217.1919460984018
3504,3492,113,6248,1,6248,False,1848.5038412291933,629.4154929577464
3505,3493,14,5696,1,5696,False,1465.7851123595506,572.5941011235955
3505,3493,38,6048,1,6048,False,1331.7896825396826,578.718253968254
3505,3493,75,51088,1,51088,True,104.79110554337613,1214.566708424679
3505,3493,113,6356,1,6356,False,1846.2482693517936,629.0009439899308
3506,3494,14,5680,1,5680,False,1464.7774647887325,573.1239436619718
3506,3494,38,6032,1,6032,False,1331.7068965517242,578.7732095490716
3506,3494,75,47708,1,47708,True,109.73987591179676,1222.005491741427
3506,3494,113,6460,1,6460,False,1845.2343653250773,630.2473684210527
3507,3495,14,5768,1,5768,False,1463.0963938973648,572.6067961165048
3507,3495,38,6024,1,6024,False,1331.8691899070386,579.375166002656
3507,3495,75,45284,1,45284,True,114.72418514265524,1226.6349704089744
3507,3495,113,6388,1,6388,False,1844.1981840951785,631.0673137132122
3508,3496,14,5840,1,5840,False,1461.9876712328767,572.172602739726
3508,3496,38,6008,1,6008,False,1331.7503328894807,579.4613848202397
3508,3496,75,43232,1,43232,True,109.61269430051813,1210.6028867505552
3508,3496,113,6408,1,6408,False,1843.269038701623,631.0568039950062
3509,3497,14,5848,1,5848,False,1461.218194254446,571.2072503419972
3509,3497,38,6020,2,5964,False,1331.8421926910298,579.483388704319
3509,3497,75,41612,1,41612,True,109.17442084014226,1204.1054984139191
3509,3497,113,6340,1,6340,False,1842.3687697160883,630.9719242902208
3510,3498,14,5876,1,5876,False,1460.713750850919,570.5857726344452
3510,3498,38,6136,1,6136,False,1330.506518904824,577.5599739243808
3510,3498,75,39260,1,39260,True,111.2871625063678,1198.1468670402446
3510,3498,113,6332,1,6332,False,1841.2454200884397,630.6958307012003
3511,3499,14,5960,1,5960,False,1460.2973154362417,570.1859060402685
3511,3499,38,6124,1,6124,False,1329.7984977139124,577.2393860222077
3511,3499,75,39252,1,39252,True,118.3817894629573,1197.6405278711914
3511,3499,113,6376,1,6376,False,1839.9968632371392,630.2277289836888
3512,3500,14,5968,1,5968,False,1460.3793565683645,569.494638069705
3512,3500,38,6268,2,6216,False,1330.6723037651561,579.3155711550733
3512,3500,75,41584,1,41584,False,118.12427856868027,1180.2903039630628
3512,3500,113,6216,1,6216,False,1839.9851994851995,632.0289575289576
3513,3501,14,5904,1,5904,False,1460.2411924119242,568.280487804878
3513,3501,38,6136,1,6136,False,1329.5808344198174,577.8246414602347
3513,3501,75,45408,1,45408,False,118.44890768146583,1165.803206483439
3513,3501,113,6404,1,6404,False,1838.4375390381012,630.3988132417239
3514,3502,14,5760,1,5760,False,1459.5708333333334,567.4319444444444
3514,3502,38,6148,1,6148,False,1329.5097592713078,578.1174365647365
3514,3502,75,44792,1,44792,False,120.91007322736203,1166.6932487944275
3514,3502,113,6396,1,6396,False,1837.5556597873672,629.9996873045653
3515,3503,14,5636,1,5636,False,1459.263662171753,567.2863733144073
3515,3503,38,6128,1,6128,False,1329.4177545691905,578.1253263707572
3515,3503,75,44344,1,44344,False,123.31832942449937,1167.0271513620783
3515,3503,113,6380,1,6380,False,1836.8548589341692,629.8529780564263
3516,3504,14,5732,1,5732,False,1459.9961618981158,567.3164689462666
3516,3504,38,6124,1,6124,False,1329.3856956237753,578.1080992815154
3516,3504,75,42684,1,42684,False,129.590057164277,1175.118873582607
3516,3504,113,6352,1,6352,False,1836.367758186398,629.9546599496222
3517,3505,14,5840,1,5840,False,1460.4013698630138,567.9602739726027
3517,3505,38,6104,1,6104,False,1329.227391874181,578.2313237221495
3517,3505,75,40168,1,40168,False,138.58105954989045,1191.1717785301732
3517,3505,113,6332,1,6332,False,1835.8670246367656,629.6433986102337
3518,3506,14,6084,1,6084,False,1461.5309007232083,568.2435897435897
3518,3506,38,6076,1,6076,False,1328.9805793285057,578.1695194206715
3518,3506,75,41868,1,41868,False,143.38430304767365,1191.8212955001434
3518,3506,113,6508,1,6508,False,1835.2916410571604,628.6438229870928
3519,3507,14,6140,2,6132,False,1461.0706840390878,567.756026058632
3519,3507,38,6176,2,6116,False,1328.6930051813472,578.5518134715026
3519,3507,75,40224,2,39980,False,148.381861575179,1190.5401750198887
3519,3507,113,6412,1,6412,False,1836.2816593886462,631.0477230193387
3520,3508,14,6236,2,6228,False,1460.864336112893,567.967607440667
3520,3508,38,6152,2,6088,False,1328.347854356307,578.6144343302991
3520,3508,75,39236,3,39140,False,146.93796513406056,1198.3525843613008
3520,3508,113,6384,1,6384,False,1836.2393483709272,631.358395989975
3521,3509,14,6316,1,6316,False,1461.679227359088,568.8432552248258
3521,3509,38,6096,1,6096,False,1328.3018372703411,578.0656167979002
3521,3509,75,39452,1,39452,False,147.2723816283078,1195.903832505323
3521,3509,113,6464,1,6464,False,1835.0037128712872,629.0061881188119
3522,3510,14,6376,1,6376,False,1462.673149309912,569.5338770388959
3522,3510,38,6088,1,6088,False,1328.1688567674114,577.9257555847569
3522,3510,75,38632,1,38632,False,156.2684820873887,1197.1409194450196
3522,3510,113,6464,1,6464,False,1834.9851485148515,628.940594059406
3523,3511,14,6368,1,6368,False,1463.9409547738694,569.6608040201005
3523,3511,38,6108,1,6108,False,1328.146365422397,577.9381139489194
3523,3511,75,38600,1,38600,False,168.40860103626943,1192.9826943005182
3523,3511,113,6528,1,6528,False,1834.8321078431372,628.6029411764706
3524,3512,14,6372,1,6372,False,1466.4284369114878,570.4736346516007
3524,3512,38,6112,1,6112,False,1328.247382198953,578.0287958115183
3524,3512,75,37820,1,37820,False,179.17562136435748,1182.3172395557906
3524,3512,113,6520,1,6520,False,1834.8496932515338,628.6460122699386
3525,3513,14,6368,1,6368,False,1468.5301507537688,570.5954773869347
3525,3513,38,6120,1,6120,False,1328.150980392157,578.0111111111111
3525,3513,75,35680,1,35680,False,195.60269058295964,1165.2188340807174
3525,3513,113,6516,1,6516,False,1834.803253529773,628.6608348680172
3526,3514,14,6436,1,6436,False,1470.288688626476,570.394344313238
3526,3514,38,6108,1,6108,False,1328.1083824492468,577.9184675834971
3526,3514,75,32064,1,32064,False,219.99226546906186,1145.1337325349302
3526,3514,113,6512,1,6512,False,1834.8108108108108,628.6375921375922
3527,3515,14,6348,1,6348,False,1471.2321991178324,571.2687460617517
3527,3515,38,6132,1,6132,False,1328.278212654925,578.1099151989563
3527,3515,75,27356,1,27356,False,237.86774382219622,1118.9614709752889
3527,3515,113,6512,1,6512,False,1834.8108108108108,628.6375921375922
3528,3516,14,6348,1,6348,False,1472.8201008191556,571.7161310649024
3528,3516,38,6124,1,6124,False,1328.296211626388,578.0623775310255
3528,3516,75,26224,1,26224,False,254.75899938987186,1103.5967053081147
3528,3516,113,6540,1,6540,False,1834.7483180428135,628.5330275229358
3529,3517,14,6368,1,6368,False,1473.9572864321608,571.7914572864322
3529,3517,38,6112,1,6112,False,1328.3821989528797,578.0157068062828
3529,3517,75,23828,1,23828,False,264.88945778076214,1074.1729897599462
3529,3517,113,6536,1,6536,False,1834.736230110159,628.5991432068544
3530,3518,14,6360,1,6360,False,1474.4672955974843,571.9805031446541
3530,3518,38,6152,1,6152,False,1328.5247074122237,578.2022106631989
3530,3518,75,22496,1,22496,False,276.2475106685633,1040.5608108108108
3530,3518,113,6540,1,6540,False,1834.677370030581,628.5892966360856
3531,3519,14,6344,1,6344,False,1475.1973518284994,572.7244640605296
3531,3519,38,6168,1,6168,False,1328.6465629053178,578.2068741893645
3531,3519,75,23284,1,23284,False,284.9157361278131,1020.912300292046
3531,3519,113,6532,1,6532,False,1834.7167789344765,628.6824862216779
3532,3520,14,6248,1,6248,False,1476.1901408450703,573.118437900128
3532,3520,38,6176,1,6176,False,1328.7512953367875,578.2448186528497
3532,3520,75,21636,1,21636,False,290.58023664263266,1013.7257348863006
3532,3520,113,6632,1,6632,False,1833.847406513872,627.7014475271411
3533,3521,14,6212,1,6212,False,1476.9829362524147,573.3383773341919
3533,3521,38,6216,2,6156,False,1329.2760617760619,578.9465894465894
3533,3521,75,23620,1,23620,False,292.21414055884844,996.2832345469941
3533,3521,113,6484,1,6484,False,1834.7504626773596,629.7004935225169
3534,3522,14,6256,1,6256,False,1478.5613810741688,573.8529411764706
3534,3522,38,6176,1,6176,False,1329.071243523316,578.2784974093264
3534,3522,75,21028,1,21028,False,281.192790564961,955.3388814913449
3534,3522,113,6700,1,6700,False,1833.445671641791,627.2498507462686
3535,3523,14,6212,1,6212,False,1479.2765614938828,574.1870573084353
3535,3523,38,6180,1,6180,False,1329.267637540453,578.3161812297735
3535,3523,75,19708,1,19708,False,283.2919626547595,951.7336107164604
3535,3523,113,6708,1,6708,False,1833.4111508646392,627.1821705426356
3536,3524,14,6188,1,6188,False,1480.0061409179057,574.615061409179
3536,3524,38,6184,1,6184,False,1329.3382923673998,578.3939197930142
3536,3524,75,18580,1,18580,False,282.2438105489774,949.2530678148547
3536,3524,113,6704,1,6704,False,1833.3914081145585,627.1622911694511
3537,3525,14,6460,1,6460,False,1482.0900928792569,574.6609907120743
3537,3525,38,6208,1,6208,False,1329.403350515464,578.3981958762887
3537,3525,75,18132,1,18132,False,271.60655195234943,934.6288330024266
3537,3525,113,6688,1,6688,False,1833.3181818181818,627.0322966507177
3538,3526,14,6648,1,6648,False,1483.9969915764138,574.5324909747293
3538,3526,38,6156,1,6156,False,1329.556530214425,578.5480831708902
3538,3526,75,18392,1,18392,False,258.37255328403654,913.2820791648543
3538,3526,113,6716,1,6716,False,1833.2278141751042,626.8954734961286
3539,3527,14,6772,1,6772,False,1484.9359125812168,574.6653868871825
3539,3527,38,6144,1,6144,False,1329.5403645833333,578.7591145833334
3539,3527,75,18136,1,18136,False,253.4938244375827,902.0408028231143
3539,3527,113,6712,1,6712,False,1833.2532777115614,626.8766388557807
3540,3528,14,6744,1,6744,False,1485.191577698695,575.2722419928825
3540,3528,38,6148,1,6148,False,1329.5253741054,578.8539362394274
3540,3528,75,16864,1,16864,False,248.49193548387098,897.8629032258065
3540,3528,113,6708,1,6708,False,1833.2966607036374,626.9519976147883
3541,3529,14,6680,1,6680,False,1485.1526946107786,575.6784431137725
3541,3529,38,6136,1,6136,False,1329.7033898305085,579.0293350717079
3541,3529,75,16852,1,16852,False,241.1033705198196,890.3808450035604
3541,3529,113,6748,1,6748,False,1833.4247184350918,627.2670420865442
3542,3530,14,6656,1,6656,False,1485.6045673076924,575.8076923076923
3542,3530,38,6156,1,6156,False,1329.750162443145,579.0964912280701
3542,3530,75,17768,1,17768,False,229.69720846465557,874.8944169293111
3542,3530,113,6744,1,6744,False,1833.364768683274,627.2307236061685
3543,3531,14,6640,1,6640,False,1486.2048192771085,575.5566265060241
3543,3531,38,6152,1,6152,False,1329.7002600780233,579.0422626788037
3543,3531,75,17840,1,17840,False,217.83183856502242,855.9304932735427
3543,3531,113,6768,1,6768,False,1833.3498817966904,627.1371158392435
3544,3532,14,6644,1,6644,False,1486.444611679711,575.298314268513
3544,3532,38,6152,1,6152,False,1329.6937581274383,579.0019505851756
3544,3532,75,16268,1,16268,False,209.63695598721415,847.2991148266535
3544,3532,113,6772,1,6772,False,1833.3517424689899,627.1012994683992
3545,3533,14,6636,1,6636,False,1486.4831223628692,575.2896323086196
3545,3533,38,6172,1,6172,False,1329.859688917693,579.2880751782243
3545,3533,75,15900,1,15900,False,205.65924528301886,844.3183647798742
3545,3533,113,6772,1,6772,False,1833.3257531010042,627.1142941523922
3546,3534,14,6640,1,6640,False,1486.5168674698796,575.3012048192771
3546,3534,38,6152,1,6152,False,1329.8550065019506,579.4050715214564
3546,3534,75,16056,1,16056,False,200.4023418036871,836.080966616841
3546,3534,113,6768,1,6768,False,1833.3309692671394,627.0898345153664
3547,3535,14,6644,1,6644,False,1486.525285972306,575.3103552077062
3547,3535,38,6144,1,6144,False,1329.8216145833333,579.4661458333334
3547,3535,75,17276,1,17276,False,193.82021301227135,829.0793007640658
3547,3535,113,6772,1,6772,False,1833.3529238038984,627.1095688127584
3548,3536,14,6648,1,6648,False,1486.6744885679905,575.4049338146812
3548,3536,38,6140,1,6140,False,1329.7521172638437,579.3899022801303
3548,3536,75,17324,1,17324,False,189.61475409836066,824.7027245439853
3548,3536,113,6776,1,6776,False,1833.3559622195985,627.0820543093271
3549,3537,14,6684,1,6684,False,1486.5454817474565,575.4299820466787
3549,3537,38,6140,1,6140,False,1329.7312703583061,579.3820846905537
3549,3537,75,16560,1,16560,False,183.9304347826087,823.1777777777778
3549,3537,113,6776,1,6776,False,1833.348878394333,627.0726092089728
3550,3538,14,6616,1,6616,False,1486.1070133010883,575.3597339782345
3550,3538,38,6140,1,6140,False,1329.6934853420196,579.3364820846906
3550,3538,75,16236,1,16236,False,179.68354274451835,821.1715939886672
3550,3538,113,6788,1,6788,False,1833.2778432527991,626.947849145551
3551,3539,14,6624,1,6624,False,1485.9227053140096,575.3937198067633
3551,3539,38,6144,1,6144,False,1329.58203125,579.1770833333334
3551,3539,75,16644,1,16644,False,173.9597452535448,813.1935832732516
3551,3539,113,6788,1,6788,False,1833.2778432527991,626.947849145551
3552,3540,14,6612,1,6612,False,1485.862371445856,575.4388989715668
3552,3540,38,6036,1,6036,False,1329.7166998011928,580.0878064943671
3552,3540,75,17540,1,17540,False,167.4527936145952,800.8767388825542
3552,3540,113,6804,1,6804,False,1833.2383891828335,626.9914756025867
3553,3541,14,6612,1,6612,False,1485.7050816696915,575.4546279491833
3553,3541,38,6040,1,6040,False,1329.4933774834437,580.1066225165563
3553,3541,75,17020,1,17020,False,163.9641598119859,800.1206815511164
3553,3541,113,6816,1,6816,False,1833.219483568075,626.9448356807512
3554,3542,14,6616,1,6616,False,1485.5713422007254,575.3923821039904
3554,3542,38,6024,1,6024,False,1329.5411686586986,580.437583001328
3554,3542,75,17156,1,17156,False,162.3652366519002,798.2453951970156
3554,3542,113,6816,1,6816,False,1833.219483568075,626.9448356807512
3555,3543,14,6552,1,6552,False,1485.568376068376,574.7478632478633
3555,3543,38,6036,1,6036,False,1329.5033134526177,580.4893969516236
3555,3543,75,17000,1,17000,False,162.16023529411765,798.1451764705882
3555,3543,113,6828,1,6828,False,1833.197129466901,626.9135910954892
3556,3544,14,6604,1,6604,False,1485.5878255602665,573.6714112658995
3556,3544,38,5992,1,5992,False,1329.5881174899866,580.8591455273698
3556,3544,75,16408,1,16408,False,159.6331058020478,800.6335933690882
3556,3544,113,6824,1,6824,False,1833.1822977725674,626.9079718640094
3557,3545,14,6556,1,6556,False,1485.637278828554,573.1089078706528
3557,3545,38,6016,1,6016,False,1329.468085106383,580.6462765957447
3557,3545,75,16328,1,16328,False,159.21435570798627,799.6744243018128
3557,3545,113,6812,1,6812,False,1833.103640634175,626.7783323546682
3558,3546,14,6540,1,6540,False,1485.860244648318,572.7324159021407
3558,3546,38,6028,1,6028,False,1329.4794293297944,580.6685467816854
3558,3546,75,15988,1,15988,False,158.76369777333,798.8707780835626
3558,3546,113,6820,1,6820,False,1833.0595307917888,626.7123167155426
3559,3547,14,6616,1,6616,False,1486.3802902055622,572.6946795646917
3559,3547,38,6008,1,6008,False,1329.4747003994673,580.8115845539281
3559,3547,75,15104,1,15104,False,158.92531779661016,802.7786016949152
3559,3547,113,6828,1,6828,False,1833.0764499121265,626.7261277094318
3560,3548,14,6648,1,6648,False,1486.5168471720817,572.650421179302
3560,3548,38,6004,1,6004,False,1329.494003997335,580.879746835443
3560,3548,75,15088,1,15088,False,157.89766702014848,802.322375397667
3560,3548,113,6820,1,6820,False,1833.0888563049853,626.7791788856305
3561,3549,14,6644,1,6644,False,1486.614388922336,572.6926550270921
3561,3549,38,6048,1,6048,False,1329.345238095238,581.021164021164
3561,3549,75,14708,1,14708,False,158.50435137340224,800.8671471308131
3561,3549,113,6812,1,6812,False,1833.0989430416912,626.7701115678215
3562,3550,14,6632,1,6632,False,1486.7509047044632,572.354041013269
3562,3550,38,6072,1,6072,False,1328.9927536231885,580.9255599472991
3562,3550,75,14632,1,14632,False,159.51257517769272,798.890924002187
3562,3550,113,6824,1,6824,False,1832.9314185228604,626.7731535756154
3563,3551,14,6752,1,6752,False,1487.5971563981043,571.7132701421801
3563,3551,38,6096,1,6096,False,1328.9186351706037,580.7808398950132
3563,3551,75,14352,1,14352,False,160.29933110367892,797.5367892976589
3563,3551,113,6732,1,6732,False,1832.8077837195485,628.2480689245396
3564,3552,14,6772,1,6772,False,1487.7226816302423,571.5431187241583
3564,3552,38,6100,1,6100,False,1328.9131147540984,580.7518032786885
3564,3552,75,14344,1,14344,False,162.48382598996096,791.7225320691579
3564,3552,113,6748,1,6748,False,1832.4549496147006,628.2202133965619
3565,3553,14,6772,1,6772,False,1487.6978735971647,571.5738334317779
3565,3553,38,6100,1,6100,False,1328.8134426229508,580.812131147541
3565,3553,75,14840,1,14840,False,165.26927223719676,780.8816711590297
3565,3553,113,6752,1,6752,False,1832.1516587677725,628.2855450236967
3566,3554,14,6692,1,6692,False,1487.891512253437,571.4862522414824
3566,3554,38,6096,1,6096,False,1328.7178477690288,580.8044619422573
3566,3554,75,14612,1,14612,False,166.1567205036956,778.3696961401588
3566,3554,113,6816,1,6816,False,1831.81220657277,628.494131455399
3567,3555,14,6748,1,6748,False,1488.0388263189093,571.0453467694132
3567,3555,38,6092,1,6092,False,1328.661523309258,580.8151674326987
3567,3555,75,13900,1,13900,False,167.01625899280575,774.9961151079136
3567,3555,113,6900,1,6900,False,1831.2582608695652,628.4617391304348
3568,3556,14,6788,1,6788,False,1487.9001178550384,570.1193282262817
3568,3556,38,6092,1,6092,False,1328.666776099803,580.7862770847013
3568,3556,75,13492,1,13492,False,167.95745627038244,771.6793655499555
3568,3556,113,7008,1,7008,False,1830.2123287671234,628.8139269406392
3569,3557,14,6748,1,6748,False,1487.3180201541197,569.6879075281565
3569,3557,38,6092,1,6092,False,1328.762639527249,580.8585029546947
3569,3557,75,13364,1,13364,False,169.25725830589644,773.0674947620473
3569,3557,113,6972,1,6972,False,1828.3141135972462,629.3766494549627
3570,3558,14,6740,1,6740,False,1487.139762611276,569.4436201780416
3570,3558,38,6132,1,6132,False,1328.9735812133072,580.9748858447489
3570,3558,75,13100,1,13100,False,170.84381679389313,774.4230534351145
3570,3558,113,6720,1,6720,False,1824.9404761904761,629.3690476190476
3571,3559,14,6876,1,6876,False,1487.4703315881327,569.5285049447353
3571,3559,38,6128,1,6128,False,1329.0221932114882,580.9817232375979
3571,3559,75,13824,1,13824,False,172.11574074074073,769.9976851851852
3571,3559,113,6592,1,6592,False,1820.4101941747572,627.9599514563107
3572,3560,14,7012,1,7012,False,1488.1965202509982,569.2986309184256
3572,3560,38,6120,1,6120,False,1329.173202614379,580.9967320261438
3572,3560,75,13588,1,13588,False,171.96776567559613,769.1741242272593
3572,3560,113,6348,1,6348,False,1813.2044738500315,625.3405797101449
3573,3561,14,7100,1,7100,False,1489.3033802816901,569.0678873239436
3573,3561,38,6140,1,6140,False,1329.2752442996743,581.0915309446254
3573,3561,75,13200,1,13200,False,172.15818181818182,768.9278787878787
3573,3561,113,6296,1,6296,False,1806.3310038119441,622.2064803049556
3574,3562,14,7204,1,7204,False,1489.9169905607996,568.9930594114381
3574,3562,38,6144,1,6144,False,1329.3450520833333,581.1627604166666
3574,3562,75,12504,1,12504,False,172.02463211772232,773.5742162507997
3574,3562,113,5968,1,5968,False,1799.5938337801608,618.0857908847184
3575,3563,14,7252,1,7252,False,1490.0146166574739,569.0548814120243
3575,3563,38,6152,1,6152,False,1329.420676202861,581.2139141742523
3575,3563,75,11944,1,11944,False,172.36336235766913,770.6071667782987
3575,3563,113,5688,1,5688,False,1793.7616033755273,613.3987341772151
3576,3564,14,7276,1,7276,False,1489.868884002199,569.0607476635514
3576,3564,38,6152,1,6152,False,1329.420676202861,581.2139141742523
3576,3564,75,12072,1,12072,False,171.77700463883366,767.6669980119284
3576,3564,113,5800,1,5800,False,1788.7386206896551,612.3758620689655
3577,3565,14,7240,1,7240,False,1489.768508287293,568.7165745856354
3577,3565,38,5948,1,5948,False,1329.6459314055144,582.5632145258911
3577,3565,75,12620,1,12620,False,170.09556259904912,753.2683042789223
3577,3565,113,5656,1,5656,False,1784.425035360679,614.5410183875531
3578,3566,14,7256,1,7256,False,1489.8186328555678,568.5815876515986
3578,3566,38,5944,2,5940,False,1329.5296096904442,582.4165545087483
3578,3566,75,13308,1,13308,False,170.29801623083858,750.6941689209498
3578,3566,113,5744,1,5744,False,1779.5640668523677,613.5988857938719
3579,3567,14,7300,1,7300,False,1489.7931506849316,568.2676712328768
3579,3567,38,5940,2,5936,False,1329.5895622895623,582.4501683501684
3579,3567,75,13344,1,13344,False,169.42206235011992,747.5167865707434
3579,3567,113,5700,1,5700,False,1773.8487719298246,612.2459649122807
3580,3568,14,7324,1,7324,False,1489.7342981977063,568.3044784270891
3580,3568,38,5948,1,5948,False,1329.7172158708809,582.5928043039677
3580,3568,75,13444,1,13444,False,170.62793811365665,747.4354358821779
3580,3568,113,5352,1,5352,False,1769.6210762331839,607.2294469357249
3581,3569,14,7328,1,7328,False,1489.7019650655022,568.4039301310044
3581,3569,38,6016,2,6000,False,1329.4760638297873,582.0319148936171
3581,3569,75,12484,1,12484,False,171.69833386735021,752.1526754245434
3581,3569,113,5404,1,5404,False,1766.7146558105107,603.2357512953367
3582,3570,14,7348,1,7348,False,1489.5353837778987,568.2898747958628
3582,3570,38,6072,2,6032,False,1329.2839262187088,580.8860342555994
3582,3570,75,12072,1,12072,False,172.2660702451955,754.384029158383
3582,3570,113,5364,1,5364,False,1763.9377330350485,600.444817300522
3583,3571,14,7344,1,7344,False,1489.590413943355,568.3115468409586
3583,3571,38,6104,1,6104,False,1329.815858453473,580.6153342070774
3583,3571,75,12248,1,12248,False,173.05258001306336,754.7691051600261
3583,3571,113,5388,1,5388,False,1762.1510764662212,599.5512249443207
3584,3572,14,7460,1,7460,False,1489.3428954423593,568.1997319034853
3584,3572,38,6200,2,6192,False,1329.8329032258064,580.063870967742
3584,3572,75,12144,1,12144,False,172.24703557312253,752.6581027667984
3584,3572,113,5424,2,5392,False,1755.4085545722714,598.4690265486726
3585,3573,14,7460,1,7460,False,1489.3203753351206,568.0635388739946
3585,3573,38,6220,2,6212,False,1329.9868167202571,580.0845659163987
3585,3573,75,11320,1,11320,False,173.05689045936396,754.5819787985865
3585,3573,113,5444,1,5444,False,1758.6601763409258,596.5293901542983
3586,3574,14,7504,1,7504,False,1489.4648187633263,567.7942430703624
3586,3574,38,6224,2,6216,False,1330.0848329048845,580.0655526992288
3586,3574,75,11440,1,11440,False,171.8041958041958,745.5195804195804
3586,3574,113,5368,1,5368,False,1756.7980625931446,594.3733233979135
3587,3575,14,7468,1,7468,False,1489.1288162828066,568.0404392072844
3587,3575,38,6240,2,6232,False,1330.320512820513,580.0192307692307
3587,3575,75,12220,1,12220,False,171.3595744680851,734.8895253682488
3587,3575,113,5400,1,5400,False,1755.2585185185185,592.8614814814815
3588,3576,14,7384,1,7384,False,1488.822860238353,568.1218851570965
3588,3576,38,6220,2,6212,False,1330.3469453376206,579.9109324758842
3588,3576,75,11456,1,11456,False,169.6745810055866,735.0097765363129
3588,3576,113,5264,1,5264,False,1754.3419452887538,589.451367781155
3589,3577,14,7504,1,7504,False,1489.0607675906183,568.046908315565
3589,3577,38,6224,2,6212,False,1330.3020565552702,579.8187660668381
3589,3577,75,10596,1,10596,False,166.74839562098904,730.6759154397886
3589,3577,113,5224,2,5212,False,1750.4142419601837,585.1370597243491
3590,3578,14,7596,1,7596,False,1489.8891521853607,568.8938915218536
3590,3578,38,6288,1,6288,False,1329.8956743002545,578.5903307888041
3590,3578,75,10248,1,10248,False,166.67252146760345,729.3243559718969
3590,3578,113,5288,1,5288,False,1750.7738275340394,582.8479576399395
3591,3579,14,7648,1,7648,False,1489.7332635983264,568.9853556485356
3591,3579,38,6284,1,6284,False,1330.0378739656269,578.6374920432845
3591,3579,75,9752,1,9752,False,167.83798195242002,738.6402789171452
3591,3579,113,5128,1,5128,False,1748.939937597504,581.7886115444618
3592,3580,14,7700,1,7700,False,1489.9067532467532,568.8137662337663
3592,3580,38,6280,1,6280,False,1330.012101910828,578.5343949044586
3592,3580,75,9720,1,9720,False,167.84979423868313,737.1172839506173
3592,3580,113,5036,1,5036,False,1746.6842732327243,581.1195393169182
3593,3581,14,7712,1,7712,False,1490.0871369294605,568.7251037344398
3593,3581,38,6284,1,6284,False,1330.1575429662635,578.598026734564
3593,3581,75,9688,1,9688,False,168.08794384805947,735.7947976878613
3593,3581,113,5068,1,5068,False,1743.5449881610102,580.192186266772
3594,3582,14,7756,1,7756,False,1490.1183599793708,568.6402784940691
3594,3582,38,6308,1,6308,False,1330.3173747622068,578.6674064679771
3594,3582,75,9836,1,9836,False,167.96726311508743,735.7753151687677
3594,3582,113,5232,1,5232,False,1740.4097859327217,576.6085626911315
3595,3583,14,7772,1,7772,False,1490.2200205867216,568.4917653113741
3595,3583,38,6328,1,6328,False,1330.398862199747,578.7073324905183
3595,3583,75,9576,1,9576,False,168.15831244778613,737.4799498746867
3595,3583,113,5236,1,5236,False,1737.7818945760123,573.3678380443087
3596,3584,14,7804,1,7804,False,1490.1904151717067,568.480522808816
3596,3584,38,6356,1,6356,False,1330.46349905601,578.421963499056
3596,3584,75,9728,1,9728,False,167.5378289473684,736.3832236842105
3596,3584,113,5244,1,5244,False,1735.6990846681922,572.271167048055
3597,3585,14,7812,1,7812,False,1490.2716333845367,568.4416282642089
3597,3585,38,6172,1,6172,False,1332.2316915100453,580.50129617628
3597,3585,75,10332,1,10332,False,169.62737127371273,729.3284939992257
3597,3585,113,5212,1,5212,False,1734.3587874136608,571.7448196469685
3598,3586,14,7832,1,7832,False,1490.2895812053116,568.3171603677222
3598,3586,38,6168,1,6168,False,1332.5557717250324,581.0304798962386
3598,3586,75,10964,1,10964,False,170.89036847865742,723.3106530463334
3598,3586,113,5180,1,5180,False,1733.872972972973,571.3926640926641
3599,3587,14,7840,1,7840,False,1490.4826530612245,568.2571428571429
3599,3587,38,6156,1,6156,False,1332.7300194931775,581.0640025990904
3599,3587,75,11100,1,11100,False,171.1407207207207,722.5922522522523
3599,3587,113,5208,1,5208,False,1734.174347158218,571.794930875576
3600,3588,14,7868,1,7868,False,1490.4034062023386,568.0749872902898
3600,3588,38,6120,1,6120,False,1332.8124183006537,580.9797385620915
3600,3588,75,10852,1,10852,False,170.75285661629192,721.9544784371544
3600,3588,113,5152,1,5152,False,1735.2049689440994,572.4627329192547
3601,3589,14,7836,1,7836,False,1490.5500255232262,567.7414497192445
3601,3589,38,6140,1,6140,False,1332.957328990228,580.9912052117264
3601,3589,75,9772,1,9772,False,171.59373720835038,730.4623413835449
3601,3589,113,5120,1,5120,False,1737.4859375,572.915625
3602,3590,14,7900,1,7900,False,1490.8240506329114,567.2574683544303
3602,3590,38,6144,1,6144,False,1333.0052083333333,580.9231770833334
3602,3590,75,9084,1,9084,False,169.14024658740644,734.2815940114486
3602,3590,113,4952,1,4952,False,1740.7891760904686,573.4773828756058
3603,3591,14,7916,1,7916,False,1490.6273370389085,567.1245578575038
3603,3591,38,6116,1,6116,False,1333.0676913015043,580.8152387181165
3603,3591,75,8868,1,8868,False,169.40933694181325,732.138249887235
3603,3591,113,4980,1,4980,False,1743.4734939759037,572.9867469879518
3604,3592,14,7852,1,7852,False,1489.989556800815,566.1617422312787
3604,3592,38,6232,1,6232,False,1332.5346598202825,581.1534017971759
3604,3592,75,9164,1,9164,False,171.0866433871672,734.8587952859014
3604,3592,113,4800,1,4800,False,1746.225,572.0583333333333
3605,3593,14,7856,1,7856,False,1490.0122199592668,566.1568228105906
3605,3593,38,6236,1,6236,False,1332.573123797306,581.1824887748556
3605,3593,75,8792,1,8792,False,170.86123748862602,733.0377616014558
3605,3593,113,4768,1,4768,False,1750.3724832214766,570.0604026845638
3606,3594,14,7708,1,7708,False,1490.1824078879088,566.7906071613908
3606,3594,38,5976,1,5976,False,1332.8788487282463,581.2309236947791
3606,3594,75,9780,1,9780,False,169.49795501022496,720.3094069529652
3606,3594,113,4436,1,4436,False,1752.4675383228134,569.9265103697024
3607,3595,14,7688,1,7688,False,1490.3231009365245,566.7757544224766
3607,3595,38,5992,1,5992,False,1332.8538050734312,581.3144192256342
3607,3595,75,10512,1,10512,False,166.66666666666666,712.4185692541857
3607,3595,113,4324,2,4308,False,1755.2493061979649,570.1077705827937
3608,3596,14,7800,1,7800,False,1489.8384615384616,566.3410256410257
3608,3596,38,6272,1,6272,False,1332.547193877551,581.4158163265306
3608,3596,75,10532,1,10532,False,166.6868590960881,712.1437523737181
3608,3596,113,4368,1,4368,False,1757.2344322344322,570.3076923076923
3609,3597,14,7776,1,7776,False,1489.8796296296296,566.5072016460905
3609,3597,38,6276,1,6276,False,1332.5458891013384,581.4929891650733
3609,3597,75,10328,1,10328,False,167.26684740511232,709.3218435321456
3609,3597,113,4332,1,4332,False,1759.19621421976,570.0974145891043
3610,3598,14,7768,1,7768,False,1489.69052523172,566.2991761071061
3610,3598,38,6288,1,6288,False,1332.4478371501273,581.5254452926208
3610,3598,75,9384,1,9384,False,169.4607843137255,719.2289002557545
3610,3598,113,4128,1,4128,False,1761.0387596899225,569.3062015503876
3611,3599,14,7724,1,7724,False,1489.9334541688245,566.9049715173485
3611,3599,38,6268,1,6268,False,1332.4987236758136,581.4968091895341
3611,3599,75,9284,1,9284,False,170.03899181387334,720.3216286083584
3611,3599,113,4020,1,4020,False,1763.1069651741293,568.9019900497512
3612,3600,14,7724,1,7724,False,1489.9500258933194,567.1276540652511
3612,3600,38,6244,1,6244,False,1332.3962203715566,581.6441383728379
3612,3600,75,9156,1,9156,False,173.03473132372216,722.327872433377
3612,3600,113,3992,1,3992,False,1764.9709418837676,567.7705410821643
3613,3601,14,7788,1,7788,False,1490.2031330251668,567.2282999486389
3613,3601,38,6260,1,6260,False,1332.3338658146965,581.7102236421725
3613,3601,75,8876,1,8876,False,174.67845876520954,721.1083821541234
3613,3601,113,4044,1,4044,False,1766.553412462908,567.0895153313551
3614,3602,14,7856,1,7856,False,1490.5162932790224,567.2993890020366
3614,3602,38,6240,1,6240,False,1332.2038461538461,581.8076923076923
3614,3602,75,8132,1,8132,False,178.13108706345304,730.4370388588293
3614,3602,113,4028,1,4028,False,1768.456305858987,566.4285004965243
3615,3603,14,7748,1,7748,False,1490.2893649974187,569.0131646876613
3615,3603,38,6204,1,6204,False,1331.9468085106382,581.6953578336557
3615,3603,75,7656,1,7656,False,180.0005224660397,732.3955067920585
3615,3603,113,3936,1,3936,False,1768.7073170731708,567.4430894308944
3616,3604,14,7584,1,7584,False,1489.6350210970463,569.542194092827
3616,3604,38,6136,1,6136,False,1331.029335071708,581.5677966101695
3616,3604,75,8236,1,8236,False,183.46745993200582,724.6845556095192
3616,3604,113,3496,1,3496,False,1772.2070938215104,565.2826086956521
3617,3605,14,7552,1,7552,False,1489.761652542373,570.6387711864406
3617,3605,38,6228,1,6228,False,1330.6143224149005,582.2482337829159
3617,3605,75,9248,1,9248,False,183.23615916955018,712.2776816608997
3617,3605,113,3848,1,3848,False,1769.7806652806653,567.8201663201663
3618,3606,14,7428,1,7428,False,1488.7983306408184,571.3023694130318
3618,3606,38,6264,1,6264,False,1329.5306513409962,583.5906768837804
3618,3606,75,9304,1,9304,False,184.74161650902838,711.6487532244196
3618,3606,113,4048,1,4048,False,1771.0573122529645,568.8181818181819
3619,3607,14,7340,1,7340,False,1488.2700272479565,573.3305177111716
3619,3607,38,6292,1,6292,False,1328.3728544183089,585.9799745708837
3619,3607,75,9388,1,9388,False,186.82978270132082,710.6525351512569
3619,3607,113,3632,1,3632,False,1773.47577092511,566.8281938325991
3620,3608,14,7512,1,7512,False,1488.587326943557,576.0548455804047
3620,3608,38,6240,1,6240,False,1326.4346153846154,586.9769230769231
3620,3608,75,8988,1,8988,False,188.41544281263907,716.1688918558077
3620,3608,113,3672,1,3672,False,1772.2908496732025,567.5762527233115
3621,3609,14,7628,1,7628,False,1490.851337178815,579.4271106449921
3621,3609,38,6232,1,6232,False,1325.43838254172,586.6951219512196
3621,3609,75,8836,1,8836,False,188.49909461294703,720.8503847894975
3621,3609,113,3788,1,3788,False,1772.5992608236536,568.0691657866948
3622,3610,14,7444,1,7444,False,1492.7525523911875,582.7890918860827
3622,3610,38,6188,1,6188,False,1325.4877181641887,586.7934712346477
3622,3610,75,8852,1,8852,False,188.36805241753277,716.7629914143696
3622,3610,113,3704,1,3704,False,1773.4222462203024,567.4481641468683
3623,3611,14,6936,1,6936,False,1495.979815455594,588.2381776239907
3623,3611,38,6316,1,6316,False,1325.2245091830273,587.3271057631413
3623,3611,75,9144,1,9144,False,188.8429571303587,716.3442694663167
3623,3611,113,3908,1,3908,False,1772.2441146366427,569.017911975435
3624,3612,14,6684,1,6684,False,1498.8363255535608,593.250448833034
3624,3612,38,6372,1,6372,False,1324.694601381042,585.9350282485875
3624,3612,75,9204,1,9204,False,188.4826162538027,716.1097348978705
3624,3612,113,3960,1,3960,False,1772.3868686868686,568.6111111111111
3625,3613,14,6792,1,6792,False,1502.1336866902238,598.8804475853946
3625,3613,38,6428,2,6424,False,1323.4135034225264,583.6200995644058
3625,3613,75,9072,1,9072,False,189.96913580246914,714.9664902998236
3625,3613,113,3956,1,3956,False,1772.67593528817,568.4595551061678
3626,3614,14,6644,1,6644,False,1505.3621312462371,602.7360024081878
3626,3614,38,6356,1,6356,False,1323.131843926998,583.0777218376337
3626,3614,75,10144,1,10144,False,189.87618296529968,705.3272870662461
3626,3614,113,3944,1,3944,False,1772.8813387423936,568.3640973630831
3627,3615,14,6520,1,6520,False,1506.8435582822085,603.3895705521472
3627,3615,38,6356,1,6356,False,1323.2602265575833,583.2174323473882
3627,3615,75,9656,1,9656,False,188.49420049710025,701.5124275062137
3627,3615,113,3944,1,3944,False,1772.919878296146,568.3113590263691
3628,3616,14,6360,1,6360,False,1508.8685534591195,604.2911949685534
3628,3616,38,6324,1,6324,False,1323.21853257432,583.12871600253
3628,3616,75,8872,1,8872,False,185.16366095581606,696.2799819657349
3628,3616,113,3936,1,3936,False,1772.878048780488,568.3617886178862
3629,3617,14,6668,1,6668,False,1509.2906418716257,605.0686862627474
3629,3617,38,5932,1,5932,False,1322.4514497639918,581.4737019554956
3629,3617,75,8840,1,8840,False,185.07013574660633,694.6864253393666
3629,3617,113,3860,1,3860,False,1772.7072538860104,568.9103626943005
3630,3618,14,6756,1,6756,False,1509.3241563055062,605.8866193013617
3630,3618,38,6268,1,6268,False,1322.9811742182515,583.7239948947033
3630,3618,75,8376,1,8376,False,184.8266475644699,694.885864374403
3630,3618,113,3864,1,3864,False,1772.667701863354,569.0093167701864
3631,3619,14,6612,1,6612,False,1509.6712038717483,608.6270417422868
3631,3619,38,6348,1,6348,False,1323.0809703843731,583.1515437933207
3631,3619,75,8716,1,8716,False,184.6073887104176,694.5376319412575
3631,3619,113,3984,1,3984,False,1772.9678714859438,568.4638554216867
3632,3620,14,7020,1,7020,False,1510.122792022792,610.262962962963
3632,3620,38,6388,1,6388,False,1322.3321853475265,584.17188478397
3632,3620,75,9204,1,9204,False,183.87853107344634,696.4374185136897
3632,3620,113,3996,1,3996,False,1773.0785785785786,568.45995995996
3633,3621,14,7100,1,7100,False,1508.6667605633802,611.7507042253521
3633,3621,38,6220,1,6220,False,1322.9398713826367,589.3887459807074
3633,3621,75,9484,1,9484,False,181.88338253901307,697.7990299451708
3633,3621,113,4008,1,4008,False,1773.244510978044,568.2984031936128
3634,3622,14,7092,1,7092,False,1507.0798082346305,612.3623801466441
3634,3622,38,6096,1,6096,False,1322.280839895013,593.8963254593176
3634,3622,75,9588,1,9588,False,181.3368794326241,698.8178973717146
3634,3622,113,3988,1,3988,False,1773.2081243731193,568.8570712136409
3635,3623,14,7032,1,7032,False,1506.5261660978385,612.63196814562
3635,3623,38,6000,1,6000,False,1322.0853333333334,600.564
3635,3623,75,9132,1,9132,False,179.32347787998248,704.3072711344722
3635,3623,113,3980,1,3980,False,1773.1874371859296,569.1271356783919
3636,3624,14,7076,1,7076,False,1506.0635952515545,613.1116449971736
3636,3624,38,5956,1,5956,False,1321.3717259905977,607.033243787777
3636,3624,75,9224,1,9224,False,178.19557675628795,700.1851691240242
3636,3624,113,4016,1,4016,False,1773.4203187250996,568.8725099601594
3637,3625,14,7048,1,7048,False,1506.2355278093075,613.2253121452894
3637,3625,38,5856,1,5856,False,1321.0901639344263,611.146174863388
3637,3625,75,9316,1,9316,False,179.08823529411765,699.0796479175611
3637,3625,113,4020,1,4020,False,1773.4532338308459,568.9119402985075
3638,3626,14,6984,1,6984,False,1507.3064146620848,612.8539518900344
3638,3626,38,5764,1,5764,False,1320.935808466343,615.8726578764747
3638,3626,75,8996,1,8996,False,180.70631391729657,698.7392174299689
3638,3626,113,4024,1,4024,False,1773.4860834990059,568.9015904572565
3639,3627,14,6944,1,6944,False,1508.2730414746543,612.6198156682028
3639,3627,38,5352,1,5352,False,1321.0844544095664,622.9992526158445
3639,3627,75,8724,1,8724,False,183.32164144887668,700.4743237047226
3639,3627,113,4036,1,4036,False,1773.4672943508424,568.9479682854311
3640,3628,14,6820,1,6820,False,1509.3387096774193,612.566862170088
3640,3628,38,5236,1,5236,False,1320.2005347593583,621.5343773873186
3640,3628,75,9200,1,9200,False,186.00260869565219,699.6626086956521
3640,3628,113,4036,1,4036,False,1773.4890981169474,569.0054509415263
3641,3629,14,6984,1,6984,False,1509.8276059564719,610.6867124856816
3641,3629,38,14816,1,14816,False,1338.165766738661,554.1841252699784
3641,3629,75,9424,1,9424,False,187.05008488964347,704.6078098471986
3641,3629,113,3864,1,3864,False,1773.8188405797102,569.5020703933748
3642,3630,14,6596,1,6596,False,1510.2028502122498,611.4472407519709
3642,3630,38,7508,1,7508,False,1314.1675546084177,528.8281832711774
3642,3630,75,9308,1,9308,False,187.19015900300818,708.0573700042974
3642,3630,113,3912,1,3912,False,1774.6656441717791,568.4550102249489
3643,3631,14,6320,1,6320,False,1511.0860759493671,605.9215189873418
3643,3631,38,8296,1,8296,False,1311.97637415622,467.2039537126326
3643,3631,75,9216,1,9216,False,187.40277777777777,710.7925347222222
3643,3631,113,3652,1,3652,False,1775.2031763417306,570.289704271632
3644,3632,14,5624,1,5624,False,1511.9864864864865,602.7290184921764
3644,3632,38,12564,1,12564,False,1311.7320916905444,415.42008914358485
3644,3632,75,9332,1,9332,False,188.06193741963136,710.3568366909559
3644,3632,113,3592,1,3592,False,1775.6447661469933,573.1035634743876
3645,3633,14,5436,1,5436,False,1509.2431935246505,594.3807947019867
3645,3633,38,11652,1,11652,False,1314.5549261929282,335.68571918983866
3645,3633,75,9192,1,9192,False,187.44952132288947,710.3894691035683
3645,3633,113,3748,1,3748,False,1780.295090715048,574.1520811099253
3646,3634,14,5400,1,5400,False,1508.2362962962964,589.9207407407407
3646,3634,38,13404,2,13380,False,1327.0640107430618,236.51969561324978
3646,3634,75,8844,1,8844,False,186.44753505201265,707.859565807327
3646,3634,113,3768,1,3768,False,1783.1433121019109,575.1751592356688
3647,3635,14,5644,1,5644,False,1508.0053153791637,588.4659815733522
3647,3635,38,13468,1,13468,False,1323.7557172557172,151.508019008019
3647,3635,75,8620,2,8612,False,187.56357308584685,707.6721577726219
3647,3635,113,3720,1,3720,False,1786.3172043010752,575.2290322580645
3648,3636,14,5692,1,5692,False,1508.972241742797,589.414968376669
3648,3636,38,8880,2,8824,False,1333.7171171171171,85.7936936936937
3648,3636,75,8976,1,8976,False,190.28966131907308,705.8422459893048
3648,3636,113,3708,1,3708,False,1788.5431499460626,575.4514563106796
3649,3637,14,5824,1,5824,False,1510.6373626373627,589.8846153846154
3649,3637,38,1600,1,1600,False,1357.685,36.12
3649,3637,75,8464,1,8464,False,190.9867674858223,701.3232514177694
3649,3637,113,3732,1,3732,False,1790.5771704180065,575.3252947481243
3650,3638,14,6060,1,6060,False,1512.4960396039603,589.4029702970297
3650,3638,38,0,0,0,False,,
3650,3638,75,7572,1,7572,False,190.40068674062334,692.2263602746963
3650,3638,113,3660,1,3660,False,1792.403825136612,575.5295081967213
3651,3639,14,6276,1,6276,False,1514.07425111536,589.2355003186743
3651,3639,38,0,0,0,False,,
3651,3639,75,7992,1,7992,False,192.02152152152152,687.6421421421421
3651,3639,113,3628,1,3628,False,1793.9222712238147,575.7833517089306
3652,3640,14,6396,1,6396,False,1515.8058161350843,589.3205128205128
3652,3640,38,0,0,0,False,,
3652,3640,75,8468,1,8468,False,192.21185640056683,683.8538025507794
3652,3640,113,3596,1,3596,False,1796.5088987764182,575.416573971079
3653,3641,14,6444,1,6444,False,1516.4168218497828,590.0816263190565
3653,3641,38,0,0,0,False,,
3653,3641,75,8328,1,8328,False,191.8496637848223,683.1676272814601
3653,3641,113,3500,1,3500,False,1797.764,575.588
3654,3642,14,6444,1,6444,False,1516.671322160149,590.2666045934202
3654,3642,38,0,0,0,False,,
3654,3642,75,10204,1,10204,False,191.11466091728735,675.7614660917287
3654,3642,113,3408,1,3408,False,1799.511737089202,575.9788732394367
3655,3643,14,6492,1,6492,False,1515.8801601971657,591.1013555144793
3655,3643,38,0,0,0,False,,
3655,3643,75,9364,1,9364,False,197.77125160187953,699.235583084152
3655,3643,113,3444,1,3444,False,1800.9645760743322,574.9576074332172
3656,3644,14,6648,1,6648,False,1514.0090252707582,591.708182912154
3656,3644,38,0,0,0,False,,
3656,3644,75,10236,1,10236,False,194.39605314576005,689.3894099257523
3656,3644,113,3424,1,3424,False,1801.107476635514,575.1845794392524
3657,3645,14,6768,1,6768,False,1512.0945626477542,591.8617021276596
3657,3645,38,0,0,0,False,,
3657,3645,75,9872,1,9872,False,195.42463533225285,692.969205834684
3657,3645,113,3456,1,3456,False,1801.3009259259259,575.1944444444445
3658,3646,14,7072,1,7072,False,1508.9558823529412,591.6165158371041
3658,3646,38,0,0,0,False,,
3658,3646,75,9904,1,9904,False,194.70355411954765,692.4006462035542
3658,3646,113,3488,1,3488,False,1801.9128440366972,575.2316513761468
3659,3647,14,7396,1,7396,False,1506.8948080043267,591.2387777176853
3659,3647,38,0,0,0,False,,
3659,3647,75,6548,1,6548,False,192.36316432498472,700.0003054367746
3659,3647,113,3520,1,3520,False,1801.7386363636363,574.8909090909091
3660,3648,14,7384,1,7384,False,1505.472914409534,590.2898158179848
3660,3648,38,0,0,0,False,,
3660,3648,75,6344,1,6344,False,194.11790668348044,697.9779319041614
3660,3648,113,3524,1,3524,False,1801.877979568672,574.7973893303065
3661,3649,14,7268,1,7268,False,1503.8505778756191,591.1571271326362
3661,3649,38,0,0,0,False,,
3661,3649,75,6984,2,6952,False,194.81042382588774,696.2273768613975
3661,3649,113,3528,1,3528,False,1802.0170068027212,574.9716553287982
3662,3650,14,7360,1,7360,False,1502.7054347826088,591.6065217391305
3662,3650,38,0,0,0,False,,
3662,3650,75,6896,1,6896,False,191.94663573085847,695.4327146171694
3662,3650,113,3540,1,3540,False,1802.1926553672317,575.0694915254237
3663,3651,14,7388,1,7388,False,1501.5373578776394,591.8795343800758
3663,3651,38,0,0,0,False,,
3663,3651,75,7156,1,7156,False,192.26076020122974,698.9773616545556
3663,3651,113,3548,1,3548,False,1802.0715896279594,575.3387824126269
3664,3652,14,7304,1,7304,False,1501.5361445783133,591.5952902519167
3664,3652,38,0,0,0,False,,
3664,3652,75,7368,1,7368,False,194.2383279044517,701.1536373507057
3664,3652,113,3564,1,3564,False,1801.87822671156,575.442760942761
3665,3653,14,7516,1,7516,False,1501.2461415646621,590.6181479510378
3665,3653,38,0,0,0,False,,
3665,3653,75,7932,1,7932,False,191.31593545133637,695.8948562783661
3665,3653,113,3572,1,3572,False,1801.7945128779395,575.489921612542
3666,3654,14,7588,1,7588,False,1500.9301528729573,590.2648919346336
3666,3654,38,0,0,0,False,,
3666,3654,75,10652,1,10652,False,182.7448366503943,677.6693578670672
3666,3654,113,3516,1,3516,False,1801.9516496018202,575.9584755403868
3667,3655,14,7752,1,7752,False,1500.6537667698658,590.8942208462332
3667,3655,38,0,0,0,False,,
3667,3655,75,9292,1,9292,False,184.55424020662934,692.4380111924236
3667,3655,113,3500,1,3500,False,1801.9537142857143,575.988
3668,3656,14,7820,1,7820,False,1500.511253196931,592.0519181585678
3668,3656,38,0,0,0,False,,
3668,3656,75,9204,1,9204,False,182.19578444154715,689.9524119947848
3668,3656,113,3500,1,3500,False,1801.7365714285713,576.2005714285714
3669,3657,14,8128,1,8128,False,1499.5068897637796,592.9114173228346
3669,3657,38,0,0,0,False,,
3669,3657,75,8428,1,8428,False,182.93948742287614,694.7221167536782
3669,3657,113,3520,1,3520,False,1801.7681818181818,576.225
3670,3658,14,8268,1,8268,False,1498.9421867440735,593.659167876149
3670,3658,38,0,0,0,False,,
3670,3658,75,6420,1,6420,False,184.79283489096574,707.6800623052959
3670,3658,113,3564,1,3564,False,1801.7929292929293,575.7951739618406
3671,3659,14,8268,1,8268,False,1498.3151910982099,592.806724721819
3671,3659,38,0,0,0,False,,
3671,3659,75,7416,1,7416,False,185.72222222222223,708.0879180151024
3671,3659,113,3496,1,3496,False,1801.8089244851258,576.3878718535469
3672,3660,14,8296,1,8296,False,1498.3119575699131,592.9001928640308
3672,3660,38,0,0,0,False,,
3672,3660,75,7904,1,7904,False,184.11639676113361,709.2398785425102
3672,3660,113,3488,1,3488,False,1801.8761467889908,576.3371559633027
3673,3661,14,8376,1,8376,False,1498.1198662846227,593.2220630372493
3673,3661,38,0,0,0,False,,
3673,3661,75,7588,1,7588,False,179.06510279388507,709.7156035846073
3673,3661,113,3520,1,3520,False,1802.0795454545455,576.1090909090909
3674,3662,14,8336,1,8336,False,1497.4270633397314,593.6871401151632
3674,3662,38,0,0,0,False,,
3674,3662,75,8108,1,8108,False,173.00912678835718,714.9676862358165
3674,3662,113,3512,1,3512,False,1802.1810933940774,576.0307517084283
3675,3663,14,8360,1,8360,False,1497.1784688995215,594.345933014354
3675,3663,38,0,0,0,False,,
3675,3663,75,6720,1,6720,False,178.71428571428572,730.7273809523809
3675,3663,113,3508,1,3508,False,1802.6140250855187,575.7565564424174
3676,3664,14,8284,1,8284,False,1497.0465958474167,594.930709802028
3676,3664,38,0,0,0,False,,
3676,3664,75,7024,1,7024,False,181.3633257403189,744.7038724373576
3676,3664,113,3512,1,3512,False,1802.5751708428245,575.8394077448747
3677,3665,14,7920,1,7920,False,1496.5181818181818,595.4212121212121
3677,3665,38,0,0,0,False,,
3677,3665,75,6764,1,6764,False,181.94766410408042,752.9931992903607
3677,3665,113,3388,1,3388,False,1802.9840613931524,575.8600944510035
3678,3666,14,7896,1,7896,False,1496.015704154002,595.3844984802431
3678,3666,38,0,0,0,False,,
3678,3666,75,6320,1,6320,False,184.5126582278481,757.9645569620253
3678,3666,113,3424,1,3424,False,1803.177570093458,575.6028037383178
3679,3667,14,8152,1,8152,False,1496.1555446516193,595.5736015701668
3679,3667,38,0,0,0,False,,
3679,3667,75,6252,1,6252,False,187.6285988483685,764.158349328215
3679,3667,113,3512,1,3512,False,1803.3610478359908,575.616173120729
3680,3668,14,7988,1,7988,False,1495.8540310465698,595.7128192288433
3680,3668,38,0,0,0,False,,
3680,3668,75,5316,1,5316,False,193.47667419112113,773.3999247554552
3680,3668,113,3436,1,3436,False,1803.408032596042,575.7270081490104
3681,3669,14,8032,1,8032,False,1495.816733067729,595.6703187250996
3681,3669,38,0,0,0,False,,
3681,3669,75,5788,1,5788,False,200.2097442985487,778.7957843814789
3681,3669,113,3432,1,3432,False,1803.437062937063,575.7540792540792
3682,3670,14,8016,1,8016,False,1495.8632734530938,595.7784431137725
3682,3670,38,0,0,0,False,,
3682,3670,75,5680,1,5680,False,205.3549295774648,783.6760563380282
3682,3670,113,3416,1,3416,False,1803.6147540983607,575.6850117096019
3683,3671,14,8208,1,8208,False,1495.2836257309941,595.2738791423002
3683,3671,38,0,0,0,False,,
3683,3671,75,5696,1,5696,False,215.70505617977528,791.3174157303371
3683,3671,113,3420,1,3420,False,1803.601754385965,575.7327485380117
3684,3672,14,8216,1,8216,False,1495.6733203505355,595.2799415774099
3684,3672,38,0,0,0,False,,
3684,3672,75,5412,1,5412,False,225.79637841832962,801.5524759793052
3684,3672,113,3420,1,3420,False,1803.601754385965,575.7327485380117
3685,3673,14,8192,1,8192,False,1495.5087890625,594.66796875
3685,3673,38,0,0,0,False,,
3685,3673,75,6020,1,6020,False,235.7066445182724,814.7910299003322
3685,3673,113,3396,1,3396,False,1803.6378091872791,575.6566548881036
3686,3674,14,8160,1,8160,False,1495.6264705882354,594.8460784313726
3686,3674,38,0,0,0,False,,
3686,3674,75,6380,1,6380,False,245.6435736677116,824.5639498432602
3686,3674,113,3400,1,3400,False,1803.5776470588235,575.6929411764706
3687,3675,14,8156,1,8156,False,1495.743746934772,594.9355076017656
3687,3675,38,0,0,0,False,,
3687,3675,75,6500,1,6500,False,254.484,830.0852307692307
3687,3675,113,3400,1,3400,False,1803.7117647058824,575.6223529411765
3688,3676,14,8148,1,8148,False,1495.7420225822289,594.8897889052528
3688,3676,38,0,0,0,False,,
3688,3676,75,6604,1,6604,False,265.0947910357359,834.6841308298001
3688,3676,113,3452,1,3452,False,1804.319235225956,575.3505214368482
3689,3677,14,8132,1,8132,False,1495.8723561239547,594.8010329562223
3689,3677,38,0,0,0,False,,
3689,3677,75,6784,1,6784,False,274.9127358490566,839.0129716981132
3689,3677,113,3476,1,3476,False,1805.024741081703,574.9326812428078
3690,3678,14,8112,1,8112,False,1496.0670611439841,595.0118343195267
3690,3678,38,0,0,0,False,,
3690,3678,75,7576,1,7576,False,284.96673706441396,845.5179514255544
3690,3678,113,3440,1,3440,False,1804.6976744186047,575.4023255813953
3691,3679,14,8092,1,8092,False,1496.340830449827,595.0852694018783
3691,3679,38,0,0,0,False,,
3691,3679,75,7552,1,7552,False,298.02966101694915,855.5603813559322
3691,3679,113,3512,1,3512,False,1804.864464692483,575.7665148063782
3692,3680,14,8088,1,8088,False,1496.4545004945599,595.1340257171117
3692,3680,38,0,0,0,False,,
3692,3680,75,8100,1,8100,False,306.05358024691355,863.3780246913581
3692,3680,113,3504,1,3504,False,1804.8127853881278,575.8584474885845
3693,3681,14,8152,1,8152,False,1496.2183513248283,594.5765456329735
3693,3681,38,0,0,0,False,,
3693,3681,75,8380,1,8380,False,313.57207637231505,871.6847255369928
3693,3681,113,3540,1,3540,False,1804.965536723164,575.9418079096046
3694,3682,14,8128,1,8128,False,1496.7746062992126,594.9035433070866
3694,3682,38,0,0,0,False,,
3694,3682,75,9320,1,9320,False,322.31630901287554,886.6098712446352
3694,3682,113,3600,1,3600,False,1805.1044444444444,575.96
3695,3683,14,8096,1,8096,False,1497.1689723320158,594.6136363636364
3695,3683,38,0,0,0,False,,
3695,3683,75,10340,1,10340,False,331.15996131528044,901.4864603481625
3695,3683,113,3616,1,3616,False,1804.9977876106195,576.0730088495575
3696,3684,14,8104,1,8104,False,1496.9422507403751,594.3914116485686
3696,3684,38,0,0,0,False,,
3696,3684,75,10660,1,10660,False,340.4354596622889,914.4212007504691
3696,3684,113,3616,1,3616,False,1804.9977876106195,576.0730088495575
3697,3685,14,8072,1,8072,False,1497.0272547076313,594.4078295341923
3697,3685,38,0,0,0,False,,
3697,3685,75,11488,1,11488,False,348.3593314763231,925.7876044568245
3697,3685,113,3612,1,3612,False,1804.9983388704318,576.0924695459579
3698,3686,14,8084,1,8084,False,1497.0551707075706,594.4416130628401
3698,3686,38,0,0,0,False,,
3698,3686,75,12280,1,12280,False,357.1026058631922,941.0837133550489
3698,3686,113,3620,1,3620,False,1804.8027624309393,576.2171270718233
3699,3687,14,8448,1,8448,False,1496.6051136363637,594.1903409090909
3699,3687,38,0,0,0,False,,
3699,3687,75,14348,1,14348,False,362.07568999163647,957.5671870643993
3699,3687,113,3720,1,3720,False,1803.9064516129033,576.5150537634408
3700,3688,14,8124,1,8124,False,1497.1666666666667,594.7885278188085
3700,3688,38,0,0,0,False,,
3700,3688,75,14492,1,14492,False,367.09508694452114,975.3655810102125
3700,3688,113,3688,1,3688,False,1803.7733188720174,576.3763557483732
3701,3689,14,8120,1,8120,False,1496.948275862069,594.6152709359606
3701,3689,38,0,0,0,False,,
3701,3689,75,15252,1,15252,False,363.911487018096,988.1359821662733
3701,3689,113,3748,1,3748,False,1802.5042689434365,576.3271077908217
3702,3690,14,8108,1,8108,False,1496.5335471139615,594.7733103108042
3702,3690,38,0,0,0,False,,
3702,3690,75,17404,1,17404,False,360.62870604458743,1007.4404734543783
3702,3690,113,3736,1,3736,False,1799.8104925053533,576.3822269807281
3703,3691,14,8488,1,8488,False,1495.7337417530632,594.3567389255419
3703,3691,38,0,0,0,False,,
3703,3691,75,21096,1,21096,False,354.1287447857414,1023.6611679939325
3703,3691,113,4016,1,4016,False,1795.0517928286852,577.1533864541833
3704,3692,14,8404,1,8404,False,1495.3491194669205,594.4543074726321
3704,3692,38,0,0,0,False,,
3704,3692,75,23112,1,23112,False,355.4581169955002,1037.327275874005
3704,3692,113,4084,1,4084,False,1793.5695396669933,576.9054848188051
3705,3693,14,8400,1,8400,False,1495.1819047619047,594.3266666666667
3705,3693,38,0,0,0,False,,
3705,3693,75,26476,1,26476,False,356.86561414110895,1051.2079619277836
3705,3693,113,4084,1,4084,False,1792.0788442703233,577.9691478942214
3706,3694,14,8316,1,8316,False,1495.1156806156805,594.6327561327562
3706,3694,38,0,0,0,False,,
3706,3694,75,28784,1,28784,False,351.24819344080043,1060.392718176765
3706,3694,113,4072,1,4072,False,1792.3349705304518,578.262278978389
3707,3695,14,8304,1,8304,False,1494.7658959537573,594.3506743737958
3707,3695,38,0,0,0,False,,
3707,3695,75,32812,1,32812,False,339.99335608923565,1069.812934292332
3707,3695,113,4000,1,4000,False,1792.104,578.748
3708,3696,14,7892,1,7892,False,1495.0585402939685,595.1274708565636
3708,3696,38,0,0,0,False,,
3708,3696,75,34020,1,34020,False,331.0655496766608,1081.8838918283363
3708,3696,113,3960,1,3960,False,1794.5141414141415,576.7141414141414
3709,3697,14,7844,1,7844,False,1495.0385007649159,595.1190719020908
3709,3697,38,0,0,0,False,,
3709,3697,75,35592,1,35592,False,329.5800179815689,1093.6173297370196
3709,3697,113,3936,1,3936,False,1794.888211382114,576.640243902439
3710,3698,14,7840,1,7840,False,1495.0510204081634,595.2132653061225
3710,3698,38,0,0,0,False,,
3710,3698,75,36684,1,36684,False,326.3783120706575,1104.190764365936
3710,3698,113,3904,1,3904,False,1796.422131147541,576.4569672131148
3711,3699,14,7832,1,7832,False,1495.1659856996935,595.3335035750766
3711,3699,38,0,0,0,False,,
3711,3699,75,35756,1,35756,False,322.24605660588435,1117.2058955140396
3711,3699,113,3904,1,3904,False,1797.579918032787,576.8217213114754
3712,3700,14,7812,1,7812,False,1495.1328725038402,595.44726062468
3712,3700,38,0,0,0,False,,
3712,3700,75,37256,1,37256,False,312.13946746832727,1127.2822632596092
3712,3700,113,3940,1,3940,False,1798.889847715736,577.4137055837564
3713,3701,14,7808,1,7808,False,1494.9754098360656,595.4887295081967
3713,3701,38,0,0,0,False,,
3713,3701,75,39104,1,39104,False,294.80441898527005,1134.0495090016366
3713,3701,113,4168,1,4168,False,1798.9721689059502,579.2485604606526
3714,3702,14,7788,1,7788,False,1494.8677452491013,595.4830508474577
3714,3702,38,0,0,0,False,,
3714,3702,75,39420,1,39420,False,286.2509893455099,1142.2698630136986
3714,3702,113,4252,1,4252,False,1799.4407337723424,579.5423330197555
3715,3703,14,7788,1,7788,False,1494.586286594761,595.3115048793015
3715,3703,38,0,0,0,False,,
3715,3703,75,41444,1,41444,False,276.1743557571663,1152.9615384615386
3715,3703,113,4048,1,4048,False,1803.1403162055335,578.6739130434783
3716,3704,14,7768,1,7768,False,1494.6050463439753,595.4227600411947
3716,3704,38,0,0,0,False,,
3716,3704,75,41876,1,41876,False,271.3371382175948,1160.118110612284
3716,3704,113,4080,1,4080,False,1805.5098039215686,577.5901960784314
3717,3705,14,7764,1,7764,False,1494.3248325605357,595.3088614116435
3717,3705,38,0,0,0,False,,
3717,3705,75,44204,1,44204,False,251.30101348294272,1158.8543570717582
3717,3705,113,4028,1,4028,False,1807.9280039721946,575.7810327706057
3718,3706,14,7716,1,7716,False,1493.9826334888544,595.2952306894764
3718,3706,38,0,0,0,False,,
3718,3706,75,45540,1,45540,False,236.87189284145805,1159.9515590689505
3718,3706,113,3896,1,3896,False,1809.8305954825462,573.9845995893223
3719,3707,14,7652,1,7652,False,1493.7200731834814,595.3363826450601
3719,3707,38,0,0,0,False,,
3719,3707,75,45584,1,45584,False,232.66935766935768,1172.3610038610038
3719,3707,113,3860,1,3860,False,1810.7777202072539,574.0025906735751
3720,3708,14,7640,1,7640,False,1493.728272251309,595.3973821989529
3720,3708,38,0,0,0,False,,
3720,3708,75,46600,1,46600,False,227.21296137339056,1180.9291845493563
3720,3708,113,3748,1,3748,False,1811.5160085378868,573.5010672358591
3721,3709,14,7620,1,7620,False,1493.2097112860893,595.0616797900262
3721,3709,38,0,0,0,False,,
3721,3709,75,48568,1,48568,False,205.72088618020095,1175.1461867896558
3721,3709,113,3760,1,3760,False,1812.0106382978724,574.1702127659574
3722,3710,14,7600,1,7600,False,1492.8894736842105,594.9073684210526
3722,3710,38,0,0,0,False,,
3722,3710,75,45424,1,45424,False,186.98538217682284,1178.7858400845369
3722,3710,113,3736,1,3736,False,1811.722698072805,575.1295503211992
3723,3711,14,7616,1,7616,False,1492.7563025210084,594.9306722689075
3723,3711,38,0,0,0,False,,
3723,3711,75,45480,1,45480,False,158.77299912049253,1170.922867194371
3723,3711,113,3800,1,3800,False,1810.8936842105263,574.6894736842105
3724,3712,14,7620,1,7620,False,1492.6448818897638,594.9031496062992
3724,3712,38,0,0,0,False,,
3724,3712,75,49196,1,49196,True,136.29055207740467,1151.9184893080737
3724,3712,113,3820,1,3820,False,1809.258115183246,574.4392670157068
3725,3713,14,7828,1,7828,False,1492.1004087889628,594.3272866632601
3725,3713,38,19480,2,19460,True,482.96694045174536,75.90698151950718
3725,3713,75,45148,2,45000,True,122.26893771595641,1151.760742447063
3725,3713,113,4080,1,4080,False,1807.9352941176471,574.2470588235294
3726,3714,14,7836,1,7836,False,1492.1314446145993,594.3121490556406
3726,3714,38,31088,2,31076,False,567.1585177560473,161.85923829130212
3726,3714,75,43620,2,42548,True,127.0164603392939,1134.8097661623108
3726,3714,113,4104,1,4104,False,1806.2797270955166,573.332358674464
3727,3715,14,7796,1,7796,False,1492.1808619805029,594.53899435608
3727,3715,38,23800,1,23800,False,600.6596638655462,172.69193277310924
3727,3715,75,41336,1,41336,True,104.17098896845364,1151.6509580027096
3727,3715,113,4012,1,4012,False,1804.5319042871386,572.0653040877368
3728,3716,14,7820,1,7820,False,1491.9782608695652,594.3895140664962
3728,3716,38,19016,1,19016,False,582.7713504417333,262.84665544804375
3728,3716,75,40932,1,40932,True,106.62645363041142,1160.1622691292876
3728,3716,113,4008,1,4008,False,1802.755489021956,571.503992015968
3729,3717,14,8012,1,8012,False,1492.1565152271592,594.3322516225661
3729,3717,38,26048,1,26048,False,692.8492014742014,366.1317567567568
3729,3717,75,43484,1,43484,True,108.37912795510992,1162.610937356269
3729,3717,113,4012,1,4012,False,1801.353439680957,571.351445663011
3730,3718,14,8104,1,8104,False,1492.185093780849,595.1920039486673
3730,3718,38,19184,2,19176,False,666.5300250208508,400.67848206839034
3730,3718,75,41824,1,41824,True,114.37222647283856,1180.9085692425401
3730,3718,113,3960,1,3960,False,1800.6636363636364,571.120202020202
3731,3719,14,7976,1,7976,False,1493.5401203610832,596.6474423269809
3731,3719,38,21816,1,21816,False,637.9682801613494,427.4068573524019
3731,3719,75,43112,1,43112,True,119.65271850064947,1189.510577101503
3731,3719,113,3824,1,3824,False,1799.5,570.1443514644351
3732,3720,14,7876,1,7876,False,1494.9235652615541,599.3796343321483
3732,3720,38,22256,2,22204,False,791.2699496764917,531.7997843278217
3732,3720,75,44824,1,44824,True,127.084686774942,1197.6850794217385
3732,3720,113,3976,1,3976,False,1799.4517102615694,569.9909456740443
3733,3721,14,7908,2,7904,False,1496.1287303995953,600.47875569044
3733,3721,38,12036,1,12036,False,759.867231638418,565.5049850448654
3733,3721,75,42112,1,42112,True,127.74145136778115,1204.5172872340424
3733,3721,113,3996,1,3996,False,1799.0065065065064,569.6391391391392
3734,3722,14,7900,1,7900,False,1498.1182278481012,600.9121518987341
3734,3722,38,16092,1,16092,False,726.9941585881184,607.7334079045488
3734,3722,75,38572,1,38572,True,132.40957171004874,1206.1455459919111
3734,3722,113,3832,1,3832,False,1798.213987473904,569.7881002087682
3735,3723,14,8096,1,8096,False,1500.7796442687747,602.653162055336
3735,3723,38,12684,1,12684,False,774.8721223588773,635.5614947965942
3735,3723,75,40092,1,40092,False,133.78364761049585,1200.740247430909
3735,3723,113,3984,1,3984,False,1798.4759036144578,569.8734939759037
3736,3724,14,8156,1,8156,False,1504.4862677783226,603.8281020107896
3736,3724,38,19396,1,19396,False,815.6264178181068,602.8266652918128
3736,3724,75,38760,1,38760,False,134.94189886480908,1196.6684210526316
3736,3724,113,3788,1,3788,False,1797.8389651531152,569.3067581837381
3737,3725,14,7900,1,7900,False,1506.9283544303798,605.0124050632911
3737,3725,38,16844,1,16844,False,860.7441225362147,612.3180954642603
3737,3725,75,38408,1,38408,False,142.7701520516559,1190.3173297229744
3737,3725,113,3996,1,3996,False,1798.0975975975975,569.478978978979
3738,3726,14,7692,1,7692,False,1510.0039001560062,605.2436297451898
3738,3726,38,12568,1,12568,False,863.5725652450668,602.5025461489497
3738,3726,75,37260,1,37260,False,142.53993558776168,1168.8285024154588
3738,3726,113,3772,1,3772,False,1797.3419936373277,569.3398727465535
3739,3727,14,7408,1,7408,False,1513.5075593952483,605.4049676025918
3739,3727,38,11008,1,11008,False,849.6293604651163,598.8335755813954
3739,3727,75,39892,1,39892,False,144.79459540760053,1132.4943848390656
3739,3727,113,3760,1,3760,False,1797.236170212766,569.3872340425532
3740,3728,14,7200,1,7200,False,1516.391111111111,605.9911111111111
3740,3728,38,8740,1,8740,False,868.9979405034325,597.5077803203661
3740,3728,75,37736,1,37736,False,154.32679669281322,1128.4154123383507
3740,3728,113,3748,1,3748,False,1797.1616862326575,569.4156883671292
3741,3729,14,7008,1,7008,False,1520.0353881278538,605.0958904109589
3741,3729,38,6688,1,6688,False,892.63995215311,586.9617224880383
3741,3729,75,36908,1,36908,False,162.98704887829197,1118.689227267801
3741,3729,113,3736,1,3736,False,1797.0824411134904,569.4122055674518
3742,3730,14,6616,1,6616,False,1522.4081015719469,603.5604594921402
3742,3730,38,7416,1,7416,False,901.5949298813376,587.1332254584681
3742,3730,75,38088,1,38088,False,176.18704053770216,1112.1817895400127
3742,3730,113,4032,1,4032,False,1797.2599206349207,570.2261904761905
3743,3731,14,5676,1,5676,False,1520.2646229739253,597.6092318534179
3743,3731,38,7136,1,7136,False,911.0863228699552,584.2690582959641
3743,3731,75,34780,1,34780,False,202.11081081081082,1095.630994824612
3743,3731,113,3940,1,3940,False,1797.0340101522843,570.4837563451777
3744,3732,14,6400,1,6400,False,1522.35625,590.58
3744,3732,38,7148,1,7148,False,919.3304420817012,581.2330721880246
3744,3732,75,32980,1,32980,False,230.03135233474833,1084.9288659793815
3744,3732,113,4020,1,4020,False,1796.7527363184079,570.1039800995025
3745,3733,14,6076,1,6076,False,1526.8528637261356,584.1379196840027
3745,3733,38,6616,1,6616,False,924.2061668681984,579.3536880290205
3745,3733,75,29132,1,29132,False,250.30063160785392,1065.66380612385
3745,3733,113,4024,1,4024,False,1796.4960238568588,569.9870775347913
3746,3734,14,6212,1,6212,False,1533.9977462974887,581.4079201545396
3746,3734,38,6544,1,6544,False,928.6992665036674,575.341075794621
3746,3734,75,27876,1,27876,False,266.90177930836563,1047.9624766824509
3746,3734,113,4028,1,4028,False,1796.448361469712,569.9915590863952
3747,3735,14,6264,1,6264,False,1536.2305236270754,579.2228607918263
3747,3735,38,6464,1,6464,False,932.2784653465346,569.6460396039604
3747,3735,75,25008,1,25008,False,286.352207293666,1026.6103646833014
3747,3735,113,4036,1,4036,False,1796.3493557978197,569.9846382556987
3748,3736,14,5908,1,5908,False,1538.2291807718348,577.986797562627
3748,3736,38,6628,1,6628,False,936.927278213639,562.7884731442366
3748,3736,75,23352,1,23352,False,301.2954779033916,1004.0649194929771
3748,3736,113,4036,1,4036,False,1796.3493557978197,569.9846382556987
3749,3737,14,5652,1,5652,False,1539.4412597310686,575.2841472045294
3749,3737,38,5908,1,5908,False,944.4526066350711,556.8331076506432
3749,3737,75,22752,1,22752,False,309.92018284106894,984.3997890295359
3749,3737,113,4040,1,4040,False,1796.3772277227722,570.1138613861386
3750,3738,14,5760,1,5760,False,1541.8708333333334,576.2847222222222
3750,3738,38,5944,1,5944,False,954.199865410498,552.7584118438762
3750,3738,75,21276,1,21276,False,317.3095506674187,977.7054897537131
3750,3738,113,4060,1,4060,False,1796.4901477832511,570.4310344827586
3751,3739,14,5912,1,5912,False,1546.2821380243572,573.8870094722598
3751,3739,38,6064,1,6064,False,965.6688654353562,550.3390501319261
3751,3739,75,20868,1,20868,False,321.29125934445085,967.4530381445275
3751,3739,113,4044,1,4044,False,1796.3674579624135,570.286350148368
3752,3740,14,6052,1,6052,False,1550.926966292135,571.1701916721745
3752,3740,38,6160,1,6160,False,976.2051948051948,550.9935064935065
3752,3740,75,18224,1,18224,False,317.3173836698859,945.1518876207199
3752,3740,113,4064,1,4064,False,1796.3543307086613,570.3464566929134
3753,3741,14,6312,1,6312,False,1556.0893536121673,569.9397972116603
3753,3741,38,6220,1,6220,False,987.4633440514469,549.0852090032155
3753,3741,75,17992,1,17992,False,315.66273899510895,929.3216985326812
3753,3741,113,4052,1,4052,False,1796.3953603158934,570.3400789733465
3754,3742,14,6504,1,6504,False,1558.570110701107,566.5578105781058
3754,3742,38,5852,1,5852,False,1001.2997265892003,546.0434039644566
3754,3742,75,15988,1,15988,False,317.07593194896174,921.348636477358
3754,3742,113,4124,1,4124,False,1796.5523763336566,570.719204655674
3755,3743,14,6996,1,6996,False,1561.3690680388793,565.13350485992
3755,3743,38,5616,1,5616,False,1015.1752136752136,541.9985754985755
3755,3743,75,15960,1,15960,False,316.5105263157895,913.8388471177944
3755,3743,113,4128,1,4128,False,1796.5794573643411,570.7538759689922
3756,3744,14,7184,1,7184,False,1562.0712694877507,563.586859688196
3756,3744,38,5432,1,5432,False,1029.919734904271,539.9182621502209
3756,3744,75,15552,1,15552,False,309.74331275720164,895.4182098765432
3756,3744,113,4136,1,4136,False,1796.4187620889747,570.6566731141199
3757,3745,14,7608,1,7608,False,1562.9805467928497,564.2707676130389
3757,3745,38,4768,1,4768,False,1042.5788590604027,534.6375838926175
3757,3745,75,14124,1,14124,False,302.9542622486548,876.9027187765505
3757,3745,113,4132,1,4132,False,1796.2212003872216,570.1185866408518
3758,3746,14,7728,1,7728,False,1562.136645962733,564.1687370600414
3758,3746,38,5048,1,5048,False,1054.8581616481774,532.3446909667194
3758,3746,75,13724,1,13724,False,303.05494025065576,877.6774992713495
3758,3746,113,4156,1,4156,False,1796.4595765158806,570.4769008662175
3759,3747,14,7240,1,7240,False,1560.16408839779,562.3121546961326
3759,3747,38,4832,1,4832,False,1071.2450331125829,530.3360927152318
3759,3747,75,12284,1,12284,False,297.699609247802,876.485021165744
3759,3747,113,3944,1,3944,False,1795.871196754564,570.1186612576065
3760,3748,14,6696,1,6696,False,1562.121266427718,564.2801672640383
3760,3748,38,4652,1,4652,False,1082.8645743766122,530.1354256233878
3760,3748,75,12240,1,12240,False,287.11764705882354,866.5908496732026
3760,3748,113,3976,1,3976,False,1796.1579476861168,570.7897384305835
3761,3749,14,6440,1,6440,False,1564.0055900621119,566.195652173913
3761,3749,38,4512,1,4512,False,1091.886524822695,529.5904255319149
3761,3749,75,12688,1,12688,False,272.1292559899117,850.6916771752838
3761,3749,113,3964,1,3964,False,1796.1690211907164,570.6735620585267
3762,3750,14,6952,1,6952,False,1563.9683544303798,565.047756041427
3762,3750,38,4616,1,4616,False,1098.6161178509533,529.4982668977469
3762,3750,75,12456,1,12456,False,267.014450867052,847.3631984585742
3762,3750,113,4296,1,4296,False,1796.1480446927374,571.328677839851
3763,3751,14,6340,1,6340,False,1564.2968454258676,561.9548895899054
3763,3751,38,4512,1,4512,False,1109.663120567376,527.8723404255319
3763,3751,75,12424,1,12424,False,262.590792015454,847.2875080489375
3763,3751,113,4232,1,4232,False,1796.4017013232515,570.4073724007561
3764,3752,14,6416,1,6416,False,1563.9426433915212,563.8965087281796
3764,3752,38,4024,1,4024,False,1120.5139165009941,527.6053677932406
3764,3752,75,11012,1,11012,False,259.1988739556847,849.2664366146023
3764,3752,113,3956,1,3956,False,1795.877148634985,570.2007077856421
3765,3753,14,6380,1,6380,False,1563.4504702194358,564.0122257053291
3765,3753,38,3920,1,3920,False,1130.5204081632653,527.0571428571428
3765,3753,75,11312,1,11312,False,251.4724186704385,839.2418670438473
3765,3753,113,3936,1,3936,False,1795.6666666666667,570.2235772357724
3766,3754,14,6572,1,6572,False,1562.5657334144857,563.0903834449178
3766,3754,38,4200,1,4200,False,1137.2333333333333,527.8961904761904
3766,3754,75,12136,1,12136,False,238.71423862887278,818.7610415293342
3766,3754,113,4172,1,4172,False,1796.114573346117,570.6208053691275
3767,3755,14,6172,1,6172,False,1561.4060272197019,563.8519118600129
3767,3755,38,3696,1,3696,False,1143.9588744588746,527.1450216450216
3767,3755,75,10072,1,10072,False,228.28157267672756,806.2084988085783
3767,3755,113,3872,1,3872,False,1795.599173553719,569.5268595041322
3768,3756,14,6304,1,6304,False,1558.3083756345177,561.4416243654822
3768,3756,38,3876,1,3876,False,1149.7445820433436,527.3730650154798
3768,3756,75,9420,1,9420,False,223.00615711252655,802.2528662420382
3768,3756,113,4180,1,4180,False,1796.1306220095694,570.0004784688995
3769,3757,14,6092,1,6092,False,1554.8414313854234,561.193368351937
3769,3757,38,3772,1,3772,False,1154.992046659597,528.9793213149522
3769,3757,75,8568,1,8568,False,219.83986928104576,804.4794584500466
3769,3757,113,4216,1,4216,False,1796.0559772296015,570.0521821631878
3770,3758,14,6204,1,6204,False,1551.2027724049,560.6508704061896
3770,3758,38,3868,1,3868,False,1159.6975180972079,532.4731127197518
3770,3758,75,8648,1,8648,False,211.5037002775208,798.4750231267345
3770,3758,113,3760,1,3760,False,1795.408510638298,566.9468085106383
3771,3759,14,6476,1,6476,False,1547.529030265596,557.6488573193329
3771,3759,38,3896,1,3896,False,1165.2802874743327,534.8839835728953
3771,3759,75,9420,1,9420,False,199.44607218683652,778.2282377919321
3771,3759,113,4144,1,4144,False,1796.1486486486488,569.8378378378378
3772,3760,14,6576,1,6576,False,1545.4963503649635,556.3686131386861
3772,3760,38,4540,1,4540,False,1174.0295154185021,534.3960352422907
3772,3760,75,8916,1,8916,False,195.00515926424404,776.1276357110812
3772,3760,113,4196,1,4196,False,1793.5028598665397,563.7030505243089
3773,3761,14,6540,1,6540,False,1544.4584097859326,555.5018348623853
3773,3761,38,4080,1,4080,False,1177.1960784313726,536.4980392156863
3773,3761,75,8296,1,8296,False,193.1798457087753,775.4334619093539
3773,3761,113,4364,1,4364,False,1794.17919340055,565.9518790100825
3774,3762,14,6104,1,6104,False,1543.0176933158584,554.4449541284404
3774,3762,38,3828,1,3828,False,1182.6650992685475,536.5752351097178
3774,3762,75,9280,1,9280,False,189.73103448275862,765.676724137931
3774,3762,113,4076,1,4076,False,1793.950441609421,566.8748773307163
3775,3763,14,6300,1,6300,False,1542.764126984127,554.1253968253968
3775,3763,38,3940,1,3940,False,1186.1223350253806,537.9253807106599
3775,3763,75,9956,1,9956,False,189.47790277219767,763.4843310566492
3775,3763,113,4288,1,4288,False,1793.714552238806,565.5671641791045
3776,3764,14,6228,1,6228,False,1542.23795761079,554.1236351958895
3776,3764,38,3700,1,3700,False,1193.5983783783784,537.4816216216216
3776,3764,75,10088,1,10088,False,188.6490880253767,761.2850911974623
3776,3764,113,4240,1,4240,False,1793.377358490566,564.6698113207547
3777,3765,14,6204,1,6204,False,1541.7894906511929,554.4007092198582
3777,3765,38,3788,2,3756,False,1201.3891235480464,540.2001055966208
3777,3765,75,9908,1,9908,False,188.55248284214775,758.6655228098506
3777,3765,113,4104,1,4104,False,1792.958089668616,565.3070175438596
3778,3766,14,6232,1,6232,False,1541.5847240051348,554.5
3778,3766,38,3868,1,3868,False,1209.3293691830404,541.6354705274043
3778,3766,75,9536,1,9536,False,189.5729865771812,757.6015100671141
3778,3766,113,4140,1,4140,False,1791.499033816425,564.6178743961352
3779,3767,14,6112,1,6112,False,1541.511780104712,554.7670157068063
3779,3767,38,3712,1,3712,False,1215.9375,542.4568965517242
3779,3767,75,10500,1,10500,False,189.812,747.5460952380953
3779,3767,113,4188,1,4188,False,1789.5582617000955,563.1743075453677
3780,3768,14,6072,1,6072,False,1541.264163372859,554.9571805006588
3780,3768,38,3756,1,3756,False,1220.3381256656016,542.342385516507
3780,3768,75,10180,1,10180,False,189.82495088408643,746.130648330059
3780,3768,113,4432,1,4432,False,1787.0505415162454,561.6588447653429
3781,3769,14,6060,1,6060,False,1540.9277227722773,555.3052805280528
3781,3769,38,3720,1,3720,False,1224.8096774193548,542.9795698924731
3781,3769,75,10240,1,10240,False,190.45,744.84296875
3781,3769,113,4280,1,4280,False,1785.4775700934579,560.4196261682243
3782,3770,14,6064,1,6064,False,1541.1108179419525,555.7110817941953
3782,3770,38,3652,1,3652,False,1227.9523548740417,543.2907995618839
3782,3770,75,10148,1,10148,False,190.76566811194323,744.3336618052818
3782,3770,113,4076,1,4076,False,1784.562806673209,559.9995093228656
3783,3771,14,6124,1,6124,False,1541.185826257348,555.9356629653821
3783,3771,38,3544,1,3544,False,1231.2742663656884,543.5090293453725
3783,3771,75,10292,1,10292,False,190.95316750874466,742.4160513019821
3783,3771,113,4200,1,4200,False,1783.0180952380952,559.2847619047619
3784,3772,14,6120,1,6120,False,1541.4398692810457,556.4490196078432
3784,3772,38,3676,1,3676,False,1232.81556039173,546.6022850924918
3784,3772,75,9960,1,9960,False,190.34016064257028,741.3449799196787
3784,3772,113,4260,1,4260,False,1781.4784037558686,557.4859154929577
3785,3773,14,6100,1,6100,False,1541.268524590164,556.5904918032787
3785,3773,38,3724,1,3724,False,1234.6439312567131,548.3302900107411
3785,3773,75,9708,1,9708,False,187.7871858261228,735.3380716934487
3785,3773,113,4260,1,4260,False,1780.449295774648,556.6107981220657
3786,3774,14,6036,1,6036,False,1540.4615639496355,556.4562624254473
3786,3774,38,3796,1,3796,False,1235.9415173867228,547.9014752370916
3786,3774,75,9572,1,9572,False,183.13267864605098,724.1690346844964
3786,3774,113,4296,1,4296,False,1780.4813780260708,557.0512104283054
3787,3775,14,5996,1,5996,False,1540.0770513675784,556.5026684456304
3787,3775,38,3736,1,3736,False,1236.1338329764453,547.0032119914347
3787,3775,75,9032,1,9032,False,179.56554472984942,709.9322409211692
3787,3775,113,4256,1,4256,False,1780.1203007518798,556.8853383458646
3788,3776,14,6072,1,6072,False,1539.16930171278,556.5013175230566
3788,3776,38,3684,1,3684,False,1237.385993485342,546.5369163952225
3788,3776,75,9468,1,9468,False,176.57351077313055,710.8523447401774
3788,3776,113,4404,1,4404,False,1778.9759309718438,557.5426884650318
3789,3777,14,5964,1,5964,False,1536.9386317907445,555.9741784037559
3789,3777,38,3724,1,3724,False,1237.7137486573577,547.1680988184747
3789,3777,75,9472,1,9472,False,173.53209459459458,707.7331081081081
3789,3777,113,4456,1,4456,False,1778.0619389587073,557.2289048473967
3790,3778,14,5816,1,5816,False,1535.0405777166438,555.5577716643742
3790,3778,38,3764,1,3764,False,1237.6052072263549,547.8347502656749
3790,3778,75,8904,1,8904,False,173.20979335130278,711.9330637915543
3790,3778,113,4344,1,4344,False,1777.719152854512,557.9917127071823
3791,3779,14,5808,1,5808,False,1533.0206611570247,554.6473829201102
3791,3779,38,3852,1,3852,False,1237.7689511941849,548.3691588785047
3791,3779,75,9236,1,9236,False,176.11368557817238,716.4878735383282
3791,3779,113,4580,1,4580,False,1777.2196506550217,559.0816593886462
3792,3780,14,5984,1,5984,False,1530.072192513369,554.548128342246
3792,3780,38,3912,1,3912,False,1237.70245398773,548.9744376278119
3792,3780,75,9212,2,9192,False,175.32848458532348,709.7427268779852
3792,3780,113,4544,1,4544,False,1777.3309859154929,559.2693661971831
3793,3781,14,6132,1,6132,False,1525.2697325505544,553.1810176125244
3793,3781,38,3936,1,3936,False,1238.0650406504064,549.6544715447154
3793,3781,75,9488,2,9472,False,175.73524451939292,711.6155143338955
3793,3781,113,4228,1,4228,False,1776.3429517502366,555.849101229896
3794,3782,14,6088,1,6088,False,1520.7023653088042,551.1714848883049
3794,3782,38,3976,1,3976,False,1238.0311871227364,550.2323943661971
3794,3782,75,9956,2,9876,False,176.23402973081562,712.102249899558
3794,3782,113,4428,1,4428,False,1776.5975609756097,558.0085817524842
3795,3783,14,6224,1,6224,False,1515.086118251928,549.3020565552699
3795,3783,38,3972,1,3972,False,1238.2019133937563,550.487915407855
3795,3783,75,9992,1,9992,False,177.10288230584467,712.7009607686149
3795,3783,113,4472,1,4472,False,1776.5483005366727,558.3926654740608
3796,3784,14,6324,1,6324,False,1510.0420619860847,546.3241619228337
3796,3784,38,3980,1,3980,False,1238.6065326633166,551.5231155778895
3796,3784,75,9900,1,9900,False,176.2010101010101,713.6725252525252
3796,3784,113,4372,1,4372,False,1776.1413540713631,557.6454711802379
3797,3785,14,6392,1,6392,False,1505.3648310387985,544.9580725907384
3797,3785,38,3940,1,3940,False,1238.7213197969543,551.8989847715736
3797,3785,75,10072,1,10072,False,173.08538522637014,708.8876092136617
3797,3785,113,4688,1,4688,False,1776.2252559726962,560.3515358361775
3798,3786,14,6456,1,6456,False,1502.2893432465924,544.1133828996283
3798,3786,38,3912,1,3912,False,1238.9069529652352,552.1155419222904
3798,3786,75,10180,1,10180,False,169.63320235756385,707.9954813359528
3798,3786,113,4480,1,4480,False,1776.044642857143,559.5178571428571
3799,3787,14,6644,1,6644,False,1501.4488260084286,543.0382299819386
3799,3787,38,3980,1,3980,False,1239.1773869346735,552.6125628140703
3799,3787,75,10204,1,10204,False,167.68855350842807,706.7759702077617
3799,3787,113,4228,1,4228,False,1775.8074739829706,557.5709555345317
3800,3788,14,6792,1,6792,False,1500.7921083627798,542.030035335689
3800,3788,38,4056,1,4056,False,1239.5591715976332,552.3954635108481
3800,3788,75,10544,1,10544,False,165.3854324734446,703.8975720789074
3800,3788,113,4436,1,4436,False,1775.9770063119927,558.817403065825
3801,3789,14,7192,1,7192,False,1502.2174638487209,541.3787541713015
3801,3789,38,4064,1,4064,False,1239.7854330708662,552.7480314960629
3801,3789,75,10552,1,10552,False,165.5803639120546,707.2422289613344
3801,3789,113,4372,1,4372,False,1775.8613906678866,558.5512351326624
3802,3790,14,7180,1,7180,False,1502.3016713091922,541.3300835654596
3802,3790,38,4016,1,4016,False,1240.085657370518,552.7410358565737
3802,3790,75,10388,1,10388,False,169.72988063149788,710.5754716981132
3802,3790,113,4292,1,4292,False,1775.249301025163,557.6276794035415
3803,3791,14,6648,1,6648,False,1496.832129963899,539.1016847172082
3803,3791,38,4020,1,4020,False,1240.2094527363183,553.0810945273632
3803,3791,75,10136,1,10136,False,173.42107340173638,714.1574585635359
3803,3791,113,4252,1,4252,False,1774.4548447789275,557.6232361241769
3804,3792,14,6884,1,6884,False,1497.770191748983,539.793434049971
3804,3792,38,4060,1,4060,False,1240.5137931034483,553.5600985221674
3804,3792,75,9916,1,9916,False,175.414885034288,716.8170633319887
3804,3792,113,4336,1,4336,False,1772.8985239852398,558.3394833948339
3805,3793,14,6704,1,6704,False,1495.7673031026252,538.8961813842482
3805,3793,38,4024,1,4024,False,1240.7604373757456,553.5238568588469
3805,3793,75,9276,1,9276,False,176.5025873221216,726.2041828374299
3805,3793,113,4428,1,4428,False,1771.3563685636857,560.3861788617886
3806,3794,14,6708,1,6708,False,1495.9621347644604,538.8255813953489
3806,3794,38,4012,1,4012,False,1240.8848454636093,553.4611166500498
3806,3794,75,9292,1,9292,False,176.3743004735256,727.8448127421437
3806,3794,113,4220,1,4220,False,1768.8431279620854,559.4345971563981
3807,3795,14,6684,1,6684,False,1496.111011370437,538.6508078994614
3807,3795,38,4064,1,4064,False,1240.9625984251968,553.8208661417323
3807,3795,75,9068,1,9068,False,175.61513012792236,723.5613145125717
3807,3795,113,4272,1,4272,False,1767.4007490636704,559.2752808988764
3808,3796,14,6760,1,6760,False,1496.5650887573966,538.6337278106508
3808,3796,38,4144,1,4144,False,1241.2972972972973,554.5135135135135
3808,3796,75,8992,1,8992,False,175.4590747330961,723.7384341637011
3808,3796,113,4256,1,4256,False,1765.7368421052631,558.1315789473684
3809,3797,14,6768,1,6768,False,1496.4408983451538,538.5378250591017
3809,3797,38,4064,1,4064,False,1241.6751968503936,554.6771653543307
3809,3797,75,8560,1,8560,False,176.02616822429906,725.7598130841121
3809,3797,113,4272,1,4272,False,1763.4756554307116,557.3970037453183
3810,3798,14,6844,1,6844,False,1495.8711279953243,538.176212741087
3810,3798,38,3928,1,3928,False,1241.968431771894,555.123217922607
3810,3798,75,8356,1,8356,False,173.85280038295835,722.9710387745332
3810,3798,113,4268,1,4268,False,1761.836457357076,557.1354264292409
3811,3799,14,6960,1,6960,False,1495.1724137931035,537.7873563218391
3811,3799,38,3864,1,3864,False,1242.363354037267,555.6159420289855
3811,3799,75,8836,1,8836,False,172.72634676324128,712.2818017202354
3811,3799,113,4384,1,4384,False,1760.844890510949,558.0583941605839
3812,3800,14,7228,1,7228,False,1496.0938018815716,537.9709463198672
3812,3800,38,3864,1,3864,False,1242.820910973085,556.0983436853002
3812,3800,75,9936,1,9936,False,173.1425120772947,707.9162640901772
3812,3800,113,4316,1,4316,False,1760.854031510658,557.497219647822
3813,3801,14,7196,1,7196,False,1493.9585881045025,535.8451917732074
3813,3801,38,3796,1,3796,False,1243.0626975763962,556.1143308746049
3813,3801,75,10192,1,10192,False,173.5188383045526,706.8720565149137
3813,3801,113,4184,1,4184,False,1760.7122370936902,557.008604206501
