video_index,gt_frames_index,rgb_sha256,file
0,0,b48d56a74a37a73d5df0cdc9fb9acba3d54ab2313becad2eb98406949a4f7639,000000.png
1,1,8a1d49a03f463769d8cd94dd8128bf38f6061f3e0b6da8440cbe8793d7e0f7a1,000001.png
2,2,37f54730660faad85af2027eca761a55a8112e4fab94a2d2add9ed63307f544f,000002.png
3,,17b24554602b7460e853283a9b64589e2ebbd88d444b4756ad0826a9abf6fd74,000003.png
4,,086878bcafda92e34fec4510cf1bbf905b41f2c3d41cb8b9b4fc532b0bbf3136,000004.png
5,,d51fcf30d5bb23dd5c75b1b813524848ed415167972086ff8d2b69b02032ef4d,000005.png
6,,9f5e5e1887190ffa38de505f9242ee1eb0856095f7ebdc3483c9fdbf20090453,000006.png
7,,578fdfc8990dc5f5420c13e3717198a3ce73e52d91d2bf3b851292c86ce370f2,000007.png
8,,c8c433e3d637f11365af8d552ab335fc8b60672f93debd1ed1ac81a643dd2c8b,000008.png
9,,f13ed678e9dd4bf68ac16b2b92ccb1acbc793a900aa3dc929c21e0bbf4f9c280,000009.png
10,,216213577168f8d0c7615cca85ecd3e499c00569c6754bbbdf229e9bda51fbcc,000010.png
11,,38d2c45b9b241c3a6481a6caf80065f90285822901c914504df27f9f273f1942,000011.png
12,,946faaa793b70c1fde50f1aad0b4aececc53b4288fae731f6f460470c4930087,000012.png
13,,639b64d71a1d46176c967332bdb3483ae4a000ff984fd510c9558062b9827f76,000013.png
14,,ede4583461af1a06083240b59c82699199b32f4773329cc27530652faf3e438c,000014.png
15,3,d38f9d88f8244a1999664a9c8abf4310374a75ec7b122315cd47aec5b5d0b313,000015.png
16,4,10ed1ec7161759501a626d0fae37e474b062f70f99304b9bf55b7e5b35ed66b3,000016.png
17,5,b0f90f17388cf039202077e41c7e9f8e206096beebd1dd454ef08458df0e2090,000017.png
18,6,04f5f8d1f391a830106be00155898dc5223f890787ed35141306ee3b7e8a9965,000018.png
19,7,5d60d0e319d853b49ab9a40f874fb4ee5b9b9cbab22983da53109aa79f6d0425,000019.png
20,8,43a313e2b73145bd83a9c27527e59d25a30106708556f76c03ea882d6854b34c,000020.png
21,9,a8639ea4c2142c617a6e2a0cc1ee82388bc90d4576f8059b40deb156229ad3fc,000021.png
22,10,ab17ea2200dca6a1ed54137a2cb23df26e8b7399ea3998a64fd819edb59087c2,000022.png
23,11,34788615a26fc265196d5d374f915a6f11113b77c74dfd19d003aec592308dbe,000023.png
24,12,5e9b890590fb9ea870fe3565a03c8384432b8b2e76b6f59c5e6cda6868a9cc48,000024.png
25,13,93c35efa5a6dd02e544d00a4104bb4326294c7a49c4f755970d4bff98421417a,000025.png
26,14,4fa83a2082b8eade96c8422241481f3016e599520dbc56cb77eae8daae050710,000026.png
27,15,43dea234d45c4aad71d5388306d7c48395db033b50bc90bde21048bf78d5e4d1,000027.png
28,16,81076a6e3385a909e6340ad0028dbee7a0a4b19719dfda9d8909a08051f4f865,000028.png
29,17,d7ad42e0c5435d7a16aa3991c6111cb55c5b2a391ed51d7c4064640f7124aa76,000029.png
30,18,5c85ba10ee1420a21cdec861f2034937a0ca100216ab9acdbb4812ad58c55b45,000030.png
31,19,1d0a293a67da08ca63ef3061d89292a1825fb60c982f08b1508055025bc75bd2,000031.png
32,20,318f9e6434e54c2f4b3928be9b40b0a4ea447d78386e68ecd43a638c4e258251,000032.png
33,21,cabccf25ebc1a20b9f31e42b45b881804482e3a17c748426779942086ab44551,000033.png
34,22,6647b30a68150101bdda6143b89352d386ffc31770d50d377144c66543490ca5,000034.png
35,23,ce5b0b41e844f6dc6f19dcc5190ac86c4563a38bae55346caf90b484772edec4,000035.png
36,24,41f02e7fdffd261f2c180ce18e79f666941c3ecc168fa45fedc3173415d55b70,000036.png
37,25,74de0a8ff06455ad5a0917307929cf4c451ca78b2e4d4ec9f331174e59b37ebe,000037.png
38,26,2665b31ce2c82895c32d333c49a0fb5faea04fce409d1d18ecc302918399b81b,000038.png
39,27,1b1c99980677e6d3284707ec134cf3dbe1db144c4e4afaba3c1ff85f3fc4d6a2,000039.png
40,28,18d7a9bcb5a1bebee5a575c04de19cb74a8f6a3269f7f8c4784a83a9367af86a,000040.png
41,29,0d4dbac0fdd37f5957a35d8aec856484c78c98f62c7ccb58ee770c6e487a6764,000041.png
42,30,b71c336e3fb4d5193e76a9f6e5b663b043390b42d3f5244818fc8a1d5dfa796e,000042.png
43,31,8d50467780becf596f439d847ec1ea64351dc7f4984ebb013beab2c68bc6ce41,000043.png
44,32,2124568cbb7a1f610baab225b86c2acf83669bd71a2fdb4f86219936b3e4a385,000044.png
45,33,8f50aa10db2f902be9a8f5b8b17f91d754831eedcaf82ee0d42a0a4ab3c3fdaf,000045.png
46,34,bee1e6faa711a3e295f29d3e39d1114ba4adea832c18b55317292704ae01b94d,000046.png
47,35,d61f7f2d9f64678a9be838f629569f5db02c436e6038005fc2afe1b3f34ab0d9,000047.png
48,36,ea26ae28df7e5ff7961b1357c0049ac77404bfcfbfeab3a2d817117bededb29e,000048.png
49,37,d0c063653a0b3fe2e03251b638913d8b2a957534bef4d0de0660164d1a114be9,000049.png
50,38,3d83f41942cd86f7d60f1a6a02e5b5a834de114adb7e053e2e5cbfded412c007,000050.png
51,39,6d62a52aadc3a75bf151fa3fdb82e577895861fe0a7c70891a9b827fac8a6d14,000051.png
52,40,8c82426960f2ea6288885315efa0cde54d50eef07a1348c4494f2b8e2343b213,000052.png
53,41,d72dfbcfd5a5a35f55191c50649ca1d1a173ea5ba52610d2640cebe0fe5f4d78,000053.png
54,42,de6c822795cdd5812dc1c765955ddd182e96a1f08da4c82374da009dd621f587,000054.png
55,43,e3fe73e5a4751a1918b50575440dfe018932dfca6c5b2f2b1b41a40538c3ef99,000055.png
56,44,2283bd93b731c969c2e8f71d98a5df8f4670c22e44ef531cbf657a3bc43f3e85,000056.png
57,45,71a412c93c667d0e966b828df735d83406e8862a99b0bf8714988501bc015549,000057.png
58,46,148b389508a7b3bfdfca89320733ff41227b05df65f6df6e110fc4ac335cff03,000058.png
59,47,ce50a75a03454cd3de41f80ee0a73839f5197e9657a3d34ebd634ed51b40523f,000059.png
60,48,38963d21ab2593abee9ded22dba9844528359b205c603fb173b14e44fd1cec3d,000060.png
61,49,846d598b62275ee0461a784ed3a78cbdd228c28519baf66c1184b192ad721bde,000061.png
62,50,29191a88f1355507dc6a8398ec73d47c6794fa16038c2a4a7c4f1b614ce35d1a,000062.png
63,51,474a318b20fa799ed810679820b9704bfc831dfaff557c87a64d38b3d6c41e6a,000063.png
64,52,262697ef8263145357a5bb2b505e646080a1f7fd2f1c2b7dd92592fa75e750d1,000064.png
65,53,de1bd4d21d869dc54745a5060648c54f4f21ac24173f97089eadfca61e5661d9,000065.png
66,54,b5b565b9cc696994bd7bca9a306369c0cdce9f9e9d58d60f20312bddd397da37,000066.png
67,55,f83ed9450d7fa3dacf66239809692263626fefc5f91a6e8ba373011c2147ba78,000067.png
68,56,51febd8b5494ff4c8ccb401828242817a4fc0530dda33c6a539fab33ef2f3808,000068.png
69,57,ffbcfec1bc77a1ddea99c4083515d1ff5a86493ebc9957b0a4024bdb561112e5,000069.png
70,58,81ca63b19d9da664ec285138a01878a5dca5478f338c5773644a8aadfdc28c2b,000070.png
71,59,0e7e58db3d7f23dd21b1c9eca10e97ca18c6bba52a5f39c09236d2c7ddce84f2,000071.png
72,60,cee4cf8becec41a70021adc403ee23b906ae166521956f112232aaf1ef316a9f,000072.png
73,61,11c9b9ec47268e18c16a12385edbc0e651bf433ec6dd9c2cc1ddabb4b57fb30a,000073.png
74,62,9b044c7a1b8dc775555bbe16c3cae3d92d9d9ed2be1615578d8a126823027c75,000074.png
75,63,1eeb2869d5be94c2d0661c3136807fcc1231f3f4e292a95b429c21132e8bf22b,000075.png
76,64,c516df10b893f1a5f7b190048f71c612ce9451ab7ee672b5180b7272789dfbeb,000076.png
77,65,706137966a772e597206586b0705f883626baf64782cb875e62f094f6906cd4e,000077.png
78,66,a0c91df01d3ce332022fdaac4f66388c8cad2557ca135c65f8057bf37d696ee7,000078.png
79,67,49d823d1f623808d20f8eff3a4fbf7009b2e7a3d3f0f898958e5c95f07691038,000079.png
80,68,fe70ae285e93c8b6b3b856098bcbf84c8212a10ddeaeaa5b14b1e519d4e80c80,000080.png
81,69,d727bf4baa0bcea503c8886638f79d60179119c020ba31df8e7b822d74871e25,000081.png
82,70,ae9ffe1b5aafada890253d466ee8519613541d70ec2db2cc7bd383a9b9f4a32e,000082.png
83,71,20f5ddf5de5ab65ea3363b87087514872cdcde904c3e2611c8f3bf260bdb863f,000083.png
84,72,6b13047e43de5b2eb4ad8e7e844c9b15a08c8d0ae1fa36dc907a89d34f694a8d,000084.png
85,73,debe0cf9b9db8e02d0e97e444c28f40fe745b3090a6d90a70ada3277a5bf1d16,000085.png
86,74,a8b77a215abf7f540b6b26bc017ffb032d7cab4912eca4e5a1cd01d29fd1cfa9,000086.png
87,75,d3c3a7604efd2bc4366e42266aaef315d8b82366f0e7ba149777fba9c52fb8ea,000087.png
88,76,eb7b6ded9090b03dd8adbaa43604663c31683ad2dcdcdc7546a35b08b6f6015f,000088.png
89,77,ae1a179d011d2e98a778350d52e885d6eccaa2c4255c283e9d1423817a69a269,000089.png
90,78,050245033e24e1beb03523f3d9b35e17012bab9fa36b7a7513827a28bbfef9f3,000090.png
91,79,151b06ff5a771aeb9d65221cf77ca86bebc4ac70be9bba60570b34294f56dcfc,000091.png
92,80,387879d87f353969422f5b811e7801a094bc585716c939d621b5ec606f61806b,000092.png
93,81,d79dbc7b3b7d93807471fcd3109c83bb2e8a93abc13553d0ac94ccb46f536f1b,000093.png
94,82,8280218dd1b92ceafdc87e629965f90c747cfa5c9d4748b7b303cf09603a207d,000094.png
95,83,a62b40ad630d87532cbb889b46107ff3b6d95767eb2f1830bf7de6a78e5cbdff,000095.png
96,84,59218d81ea7d866d6a549c8bb773727fb08b77987288d120b55f7b6158999028,000096.png
97,85,8f3543be5f0a0f282561880fc76581aefe962ff5e6a52b6d18bde4cf5c87c1c9,000097.png
98,86,69fab8e056b1923522798207de4e4ceb0c733580a5fcba751a16570e6bd75ddd,000098.png
99,87,1445a3d1bd9ee6193200e0b7a25a5572e80bd46ee76c8cd24514361fa59fc320,000099.png
100,88,55310a872f4a10aff5d055b7ea36a0c4da783b668b3726dc515d0dcb15d274e3,000100.png
101,89,bcfe52725ee7c86531c249ac92c268aa127a260ac9b0be0c52ea6cbff63c6f8f,000101.png
102,90,52c07580cd78ded45402d12231e74bcad74a8ff97d2ed2f5daca5acfe2baa1ab,000102.png
103,91,ea28e96918033ef4ee0cb50b27abc67f9323dec00ed24b53c5f6c5ca4aa4151b,000103.png
104,92,45d9949d869dd42d5028ef004bfb97f9490c56d3b42f31ff77ec3fe492410e7f,000104.png
105,93,a73b9e5a2009dd2e312ba83ef12f548f0a68a6054ab91eee9afcaf6e245108d2,000105.png
106,94,934ddaefd24dc181e4c40bb645d51b50105b0d4c77ae8029a4e3fd0fd0438a1c,000106.png
107,95,919fb4f912da09e09f57d4c4f49bf2e26a928d548a42dea652779238a2e516e7,000107.png
108,96,bb2cc111fc0978c45a23c330f4ee9aad7e6bba495355ce60896e52e7731dd8f9,000108.png
109,97,e401ffcb8aa2bf9f18d81481438e0b1e4a010e4b8883fb40c49a31bcd0facb99,000109.png
110,98,8ce2acfb1e6eacbef6e3cecc1729207101a870f48be8f2e60a0aa497dacb1524,000110.png
111,99,9e4ff666021a86d4d64a6c04076ad2216bd7457ae05d25f20a2f481300209002,000111.png
112,100,e15102e3dcb731ba6883d15fedd1a8acd8a2df1636688b524bff1086c05921c6,000112.png
113,101,196b211751bbae964d3e1e366273b944dd9d05a1516b96c5a7b2fcd7e023a034,000113.png
114,102,0c548c7248cb203ad6cb1af77173df281a2684edd373ff8cb1578d82ee03af1b,000114.png
115,103,55fe1337ae0b35f074793c672791bb5a7c799e71e7b330e8330e8056eee9f687,000115.png
116,104,4624a92c9736a98d64b852be0364db5d7ad3ad81f0931ef5f38ef6223177e33f,000116.png
117,105,9559950b3f427b356217ecf8d0a42902f4f0abab4fccb8c0ad84d9705f0fff6a,000117.png
118,106,1439032667043f9a0dc075ee67b9dd2f3975e5ad837acc09180dbdfb502f5a74,000118.png
119,107,1bc2fa66a0cce35aeca0c7ea2f52edeec1440127e948918bace8930f0d5f8d47,000119.png
120,108,9bf26b00779ed6d6f9d4cce46be6a7c7fcda2ae106daae9485cb92f924a63006,000120.png
121,109,859dd3d9eb8a0d360ac83dc61925a7ce681b49679bc9653e84cfbafd748de192,000121.png
122,110,67a868b1d8f15a8c8c4497caeb1007c82f6f7c25d0a9e38a2ad1851a0c083850,000122.png
123,111,d5612982308f70bbe1daf16d982d3601ed6304a7544176a50da6d35258d842e6,000123.png
124,112,ef139e9287083d8b555b59c333a5d03394764e105baa93bddb88c57dcddd3c34,000124.png
125,113,8d6dd0bca8633d55e610ffb7b76137ba7f6b6c831c684c2317b88ad1a3564dfa,000125.png
126,114,8d95bdd38c0479d3e5b4ebb96ccea535adcd0e3717304d2432bfcc94937bc866,000126.png
127,115,b42b50769e08de76e37936bd5e253285d5388177a463ba58e003fc8f15762553,000127.png
128,116,51dd6e6f89f1c47c002752c64814c856e56a7662ef9369442ecebe31350cd5ca,000128.png
129,117,6ade56abb3a124d9783c69b8f02ea6e2944a457a4564675d58d978566c4576b9,000129.png
130,118,97e83c17391e1ef4482389286d379ef23010461600d34f0260f84f0027b71164,000130.png
131,119,766b87e53b6c718b8fb16eb6ea95c2e20dcb2986a3c3cd56f8d34582ca1de46b,000131.png
132,120,0ed74e3e3548e4db2dfa28ec0ce11953455c09985b17bf8b2f8afcd1be208039,000132.png
133,121,68a42e821b2a5f1c268a3942dfb681f43fc77f78c04eb2317976c36e77348b95,000133.png
134,122,e707eed18661f1ae69fed40367eacba5f88a874f1e9a9af27e1d7b5a8b113cb3,000134.png
135,123,2e0cf3be0c26a54aee275066a944e1eefadfa441c39822fcb2686f04e4ef52ff,000135.png
136,124,305285eb43dde0cdee0dba0a891f2e2dd9dfa494ae30d4781c94d0271ced5bb4,000136.png
137,125,a6654fdb99961bb11491ea7be82c1227c69e5dc89bacfd543c853a2ceb2df740,000137.png
138,126,fbc6b824740d74273bf7ffc613aae7704eb7e7ad793b2c93fdbcfea7ade99716,000138.png
139,127,f17fc1644faf82dc25074560487bd5523d6f4a5b7a81f71d6d44b7b8740cd02f,000139.png
140,128,a64fafb145a56407974aad39d18fce6d1ef99f974cac2375cd144a56b0d3d7d1,000140.png
141,129,d4eade218cfa6cfcb8a4286ba335ae7a476d394175b639f77ea8310ca46149fd,000141.png
142,130,cb820a72a037ec763113ad8b4f66dbc5faed9785fb935f0c00009659e936bd76,000142.png
143,131,d166f3b67073c385c3013ece35cc17c384ef5d9a173bc3d9c17dfe6529b33314,000143.png
144,132,31318f0923884afbc02619596695c606473acfbf5e083cd1cf03d38e5f86c669,000144.png
145,133,a35a4f39fcd88ec04b9db0c0e75f9681243922e157440f864fe0ca30efca945b,000145.png
146,134,d2bc322a2ef621db2eb1fcce0aeef468852f0c2a10dc450d4fd92de84f873d39,000146.png
147,135,0f7f969fbfaf089a13b6ab73b147353045f3613decb543154a830a2072819fc5,000147.png
148,136,974fc98da0542940d6664763009ed0226b66aab57071ca2c4a5cf038ba2e1c5a,000148.png
149,137,e370c8dd1671101657951ea1206b0dc02ca667d785a423ea9cf06fe36b4d7cbd,000149.png
150,138,5b4b281a1f1210003d5e615f5f8afd4414836fa3cd2a6136fee906d43e86adcc,000150.png
151,139,a90d731c692cb6cf6034c0f6711474c6da51b09ea6eb351a1ed072584ce6344b,000151.png
152,140,d46496fdf7021257b5000b46af2fe5abd754a80a9d84f7b4e741f8d3ed3cf9ac,000152.png
153,141,97ad96c47e97199005810eb34ea5025b61876ed6109b9743ea249cbaf17180fc,000153.png
154,142,c74a74d10428b823ab220d19265bce8e142cc894256b2085fc6f36a5c430ba6d,000154.png
155,143,7b1ba9211ba587e79e62c4f354a8f2ac3228b389862148677adcf5837160c812,000155.png
156,144,aebd516b0fa6d5d5c9c237e5e150e3fb613ff8a991033f35a5d1186c64b1325a,000156.png
157,145,8a709ec4106a96599ea0b3fe92cf7f5b7c69de3d492bae6656e67f657805e272,000157.png
158,146,919f46b1e681b51f9db15f3e8fc7e8ff314be7ae876580424ef43c169c1bfb82,000158.png
159,147,dac6886909c8302eab8aad62c5917a4302ab73d2c92645767f1e7736f534e6fd,000159.png
160,148,e3315d369bec0b7c486a4e6426a66249c80756e4acdb71840380d594ae886368,000160.png
161,149,4f16da4314c495df88f5fc6a3c51c56f3579f54270233edf8611e8c2342122c8,000161.png
162,150,b75182320602bcc3579b884882545bbccc79af125b0abb7fcc6941675418c1af,000162.png
163,151,5c82e3c2435dcd79e5fb1134edc7647766b23f4488774bc15ead63a8de5727bd,000163.png
164,152,d57434ff5c21cd9a30a916af2fbf49c8360cb34ba52a7bc5a3b2e5a30dd4a3f0,000164.png
165,153,a79756e3cdb334a843f63672a002401383c90dab295e04f004ea12f1836342ce,000165.png
166,154,946bb39bc6e7e1a88793bbc5c0ea052e3ce374fa9809bc471bda8f0fca5056e2,000166.png
167,155,ac1cff2823df28acf8bd3da5e8a20e94286dc065fe9addaddff7bc46bf230e00,000167.png
168,156,45f39d9b9faf0d56f84dcfc469b0083c4a81b9a01b2157ca98abc586ba1b0b4e,000168.png
169,157,c6524811e64f2030e13100337cfc4de322d661d810c1195669b3889d93a4f691,000169.png
170,158,7ad1fa32d405962c04bae2e4940e1ff72df5e92101ae5c186c2fa2fb6aa187ae,000170.png
171,159,43fdac3837e990ba8d7523740a97122f991026c090e4e2af2ef777a851b2977f,000171.png
172,160,d08f7c76e4a9d3d78c68de03e8fc379c933b65d9bd8773ae7e2490b9331d69e8,000172.png
173,161,f4ba2ef3f3b593d0c866ab424faf3f9b9d6c4b96209378609d6c3a77dc8fb4d4,000173.png
174,162,144224260d5f7ff5ebe4a391a4a2a0645f1262cc7082af2748c114e0a87bb80a,000174.png
175,163,5cf6e9d4d3d047906c24af9dc25c2c7a59dc679533c385fc214afd011a4e4f8a,000175.png
176,164,25c65dd7819af77a9ef77432572fe88faa5f39b7a1c1ed23aad52fd0d6e64584,000176.png
177,165,20e19f643293837fc51a46ca75217e53160c6430d9f51304f5c11ca1c99b431d,000177.png
178,166,8b1874f6193a2b85cd0438bed517241c14a801f04c280b1d06c76257bb86aef3,000178.png
179,167,d611c4c91e08ee1b89c54ce33414a610ebcae17b27cc5303e3e1b64023c36eca,000179.png
180,168,12c92b8745c8ad54c5776cec8bef25dd85395bc644257b33af0def370cbf77b3,000180.png
181,169,0c1ffd30da1d5528bcd64d8f4559ef16d53dee06965a16ef40f363e605028601,000181.png
182,170,7502e9cc226b345d0f51d953806b213634eaf36396b503360e6ebae8b1df37a4,000182.png
183,171,5d5c30a0d412d6265d256801b0cca02231bbe6da4ebef793a66cac30d3e88560,000183.png
184,172,19a238b81df849993b6285b82af10d93089c0a4e0c05b95d15bac93f1929b646,000184.png
185,173,e826a1af3b9034284477bb2b865f6ce3b72ff815c7dd4609cd84b5a41e6439b1,000185.png
186,174,f5b30bd70910ba428a582d9620d7450f38c354c60eb24242792f0bdc5df906bc,000186.png
187,175,8074b93cdb21100ac79fc9d259b367813e82fbb4883a6539f4c8b679f25d4c90,000187.png
188,176,0212b4ebed56b2c83f710b4b9f70d226e19fd095824ad105338e822e4ef00e8b,000188.png
189,177,383fa3319200c798e2f4d31a2dd5d5692748c8fac83983aacad1ef7bd82dbbc3,000189.png
190,178,07cd5a9815995900f7893883078e72f34d314f6152d61996c8d328179cbf1e3d,000190.png
191,179,451a26d077710c76fca45a0ef06f48b08e6da95fcdff7a6526fcd822e40a03ae,000191.png
192,180,86b331c43cdf363b3d61d5220fc4c700264e726f95f2ba9bb173ad4134708075,000192.png
193,181,cf26427623efd52d432d63a0894d4d0164a93a972d36e5ba8388878622ab3efa,000193.png
194,182,22c5ce59efbb53dfcc7c2b51e155e163ee5c6820ace1e45bbc17f9260e297435,000194.png
195,183,e5e34a4b566d85a020a612e3e4a4335863db4eff60932cafb096a031f9b0af9a,000195.png
196,184,6cf0cb0a0bc111221605cca22efcbb285b43733bc8e7ff9c75426f1d97557f08,000196.png
197,185,ae86fcdb04773ef2d0597a17d7d1ee7f5b5b300305f8ef0fa0858679dd68400d,000197.png
198,186,f18bd763206e971c9474eead1d1ac9d05ab02e0e1bd0cbf8ef58579d306f18da,000198.png
199,187,fc5e10efd0c266da50c8ae8c06b908597cffeef6dd6f39880590a52831980f09,000199.png
200,188,ffc077e4c43f937ce1f920c7b35c5c47c58dd6c5a88a160b843998522d0fb30e,000200.png
201,189,9344f0f417aa11e2948ce856450ba386378152fb930d4ffbe145a001a2b5c938,000201.png
202,190,2b0a2999f5fc6b1218ded87e00dd771490153ea24fd6b8c4f0a282392f28095c,000202.png
203,191,3e2f21a2890510e75b2f8f439f49c1d8cabebc7feb601f66e1954ceb83f72aba,000203.png
204,192,d3c03148971229ef56e1d6262205a367bc32ee0246b06eb0e6a43c4e8dc6e644,000204.png
205,193,035a2b9c08946b4a2aba6bbfd907ce90b20c325f0617bdfda58a4d4d4fcc27df,000205.png
206,194,38a0d00351593ce8a0d58844cab9934132f224eebc042c5bfb53e65aebd58e01,000206.png
207,195,50bc563fb753a54ca750edd851a3deafd3d6b97871e86a10ea50a9313a0a230e,000207.png
208,196,93a154aadb8a2aa96e607d9dfc4b134e678f24ea69c5982cbe9ad9a04d48113d,000208.png
209,197,3f13f7772dbb82cc28483c06893c382da67afd824f64768dd9ccec1f27be9797,000209.png
210,198,bb418081d4fdf2dae5d3efd73a2c2abad3ec3c26b7c507c05ed647d6eed113a7,000210.png
211,199,f1fb11085f014a03431493f915e4b7ab640ef026d2134a8b46d45472f4b8447e,000211.png
212,200,6ae1a67c70fa2f5780330f5bea298448f8057150ccbc91de8342cedd7b36c4e5,000212.png
213,201,4b20da1d48071ff9a8645057a436dcedb624abe1279c7bfaa3c38101cf82b755,000213.png
214,202,7914f9ec0239c72959aa67d299b36ccb8a288b1c6192ba0c5514dfb464ea7ab4,000214.png
215,203,4981b8693dd232be31ad6fceb422f32b634ac5a408a3533912bffa4d2fd4e001,000215.png
216,204,eb15ebd371ab767e2cfcf444005178727cff992de8cbfa62bb51db8f83512a83,000216.png
217,205,16e810c2089c2f18728d9af2e36e52d11bdedbbe7ba99f05629588badafd474c,000217.png
218,206,a297e62168106f6a6bf949776e2eda5fe6ae8649cc4ce5ac6cd99d52e6df5a40,000218.png
219,207,9655d87c00a61a40f2bf5faaa6e45ce892327af8ceaf31151094bc989c36a156,000219.png
220,208,38cd48a5016fe2959d240248d52a255aee7e8b6917c7ac59b3f726045489b24f,000220.png
221,209,b39c59692a0736d46d127f61215158a97118f3da192ea2da07c545bba3045fb4,000221.png
222,210,c53bce6b03842e0bf77b2f1a7608fd7f58be99392c07e07542aba4b5cb0932ad,000222.png
223,211,947a049b7f8d3b58e2c06c6846e8c7f6b346fd70539e6533ad3f5c37c23511bb,000223.png
224,212,170f275ac86a34fbafef472726c5194ff136d8a71a68488e40618099d8b1a7a4,000224.png
225,213,ce802ed26d1b9d5717d3de94563e1c3acf1bf52ba8e106ad1154426f79af6a38,000225.png
226,214,03b731b8217137b0b647a005b9dfd04877998eacda88d91797b2ee169dadf921,000226.png
227,215,6fab9d762ce8ac688efb9a7e54118df937e5ba44774e0e7c73a65037c3b2f223,000227.png
228,216,ce6c0a39007c7fe6def261d2f78b3388f3b9003cc6b8663f88a6ea3824229681,000228.png
229,217,fa1ad48473b113994cb8d1ee49b09869d0667687a81e45eaa81fb924bd68f944,000229.png
230,218,7fb50865929b90228272eb782f76512f54ff413d998fb50b6752a85b9d6930e2,000230.png
231,219,eea4e6a58053bd15d279d1648e24e5a9ab390436be84943a50f145ddb4c08fec,000231.png
232,220,aab4ad760b6439ac48b80a018e1977e857f5089090b29afeeca83f1f550edd0e,000232.png
233,221,d24f3153d81fefe48a75dc711af8ee705b258d765b669799cad626632ddcf27f,000233.png
234,222,5f8757b53eb7a341abf83451fd6c6c3eeb83e0aea0cff730ea163625b6b783f6,000234.png
235,223,4254e58dd07b31f3393a532c2d84db46f2fa05a3e1c22ed1798f98238d0d5c48,000235.png
236,224,bfc7a13a5008373768fe6360aab423a544a59796b4ce44c91a58e7073f5cd258,000236.png
237,225,0f59a4db8c7de055c6e3ce19a3f22431dd66b88c6658a5eaf4c31005a7ee79ea,000237.png
238,226,5cc398fa8c1038950e489de01f316110ded18d45e654d46f04e6c0bf7e1aefb8,000238.png
239,227,6ddf68a27fc2dfcdad4ab7f902197ee2628f72a1d58aaab83d8f60a44726c14f,000239.png
240,228,f680e316039c2f1cbe73a30b417aef39a47b98cabed8e44326e3789cb69ca989,000240.png
241,229,d29b24a2fc7c408d6ce1cc6ec0bccea83c17e840f0426431536b2376cd518021,000241.png
242,230,a802072f4783acf20949a11bbaf638a24e31b26f02f8e5bf3a816d5b1771fbdd,000242.png
243,231,919c5fcd12477674b7156a7b62032a9f9d6f00feb02908d5f720af9f3aafb354,000243.png
244,232,621e7b1dc7cefaf5045aa721f229262e04a03674dd43ff3e51bd1eb87ba0f2ef,000244.png
245,233,5c74ac10c16fe71279b000f10a3c4a986ae3d54bc2c4f55e184080aac1c59729,000245.png
246,234,b55b626c836fbf36bce97e0ebd75a2d99109cf59ff9b71bfe047de90f6e87703,000246.png
247,235,645237f199390f0f256a6b0d6c501c861bc64c60671430f588ce64748d4c8a8d,000247.png
248,236,92dbceefeae6161b8e76e2e0dbb094474c29ccbc678ded7f4a0d8d6f7a0ecf8f,000248.png
249,237,dabc9473a67dc21afdebd211c799fbec6a79f9b443ab9ec9d1bc7b938f3bac5f,000249.png
250,238,b60f01c46f0816c58a025121509e3e5d4d251ea4457c978b0f255f76d8632e4d,000250.png
251,239,9fc487aa12f6cf2a912490d20ee16e7b09cec14f45dcdebe37db755e7ab95f6b,000251.png
252,240,263a3d2f91c9eb7cc93422b1d72ccfec76dcbdf00a18eea40896ec77f9d483b1,000252.png
253,241,f2902210220a74e331f30686a5b4ddc41cf3bb4e791b07a9b67c271ae9c66ee9,000253.png
254,242,77427de6b97f20952fd4faa3b4a767271436bd2c2114182d9c321d002f3ce159,000254.png
255,243,a58c3b6ec23ce81e633e53d3c409f35956b30a8ace0b475820c41f609bae165a,000255.png
256,244,3569f0362122d9bd089578c683c70653eddc45be7f98b79bafa275d79a8f63fd,000256.png
257,245,cc0bb5cbee17672df7bbd4d4d5daebc28932cc2ec96b5bc227ade42df2164bb6,000257.png
258,246,d86d96839bff314714f20829535768dce2e8119e92bad0e7c00fd354f92d1486,000258.png
259,247,442f076d01abcb5a5b927e9cf23950cb1019355bd7e564b08b2cd0c4edd2f118,000259.png
260,248,d56ca5404cba1d7c77b6dd2a98b8176c1ccfd9351be4abff8a617aa6d7136828,000260.png
261,249,ce37d68c205e04498f2dc8facf3fb299d9347d5fdf5d18a0f4fbe037f2759d9f,000261.png
262,250,852195cc9fe644fe8b7f6d33882f6dae2f522b753eb7f2894eee8e047076532e,000262.png
263,251,f17a497c096b250844799190d94934064a24806607336130cfc48fab210b3283,000263.png
264,252,8279c084d8cac1f3ba6e8331cb82d68c698497f68d79be16f1bce45e58d83288,000264.png
265,253,4155a97f1bc68285624251ad2dbe077a93a0f238fd31484264c62445fc892156,000265.png
266,254,72bce0e9df3b48976dd114d8749a214da667e5f0bd99e4456f848072df692919,000266.png
267,255,d8a67d14ee0da9f21c6a13beb1581af15d0c533972f9c5a5013d5aa642afa316,000267.png
268,256,c744c136dfe23e36dc67c3314db97d7e763cebb6835acf948aaafce739d31e1b,000268.png
269,257,33fb2c3b34a3fbc3e0b0bc0d181b78638822d0df9737b39847e197ae93ab1fb8,000269.png
270,258,d26e93ea65253b8d393b77c40725c63302974605217514fbf0705381defc6800,000270.png
271,259,8736823491290183708403b08e2547e5cbe5a9a28c6ff2474b325fce3fc36b95,000271.png
272,260,b28db83f33e8cdd0dda7c4ed24494438cce322153766833ce66a5539f041a037,000272.png
273,261,1677fce751572a1498283c67f98b335051dcbac98cd4dc316664956a0e996865,000273.png
274,262,96b87876488828d03ab0786a4306f04ad33125c36b426b21e7b0a5381e8030aa,000274.png
275,263,996deceb5cdb237b8ac5165f74542f99e749e4ddc520b0bbf0dccee080df3a20,000275.png
276,264,63ba8cb41b5888aee696c22a11393474d40a47d987173b8201f97883340e718e,000276.png
277,265,6a56dd9e40cd6ca10529c6ecb660a74b3cc91c8219832f13782bce2d16036871,000277.png
278,266,dd80ad24c29144ec6da731b2d22248f9df22ddcfad97483a500aac9f478cdd4e,000278.png
279,267,a12f4839717ab2f6382cb4c4f619c23d9f0d96698bcdb6096cdcbd61e6b0bbaa,000279.png
280,268,73acb5d71d5e2f49af27ccbf65d4dfda02c9e691b0a9d4b34198978096e901eb,000280.png
281,269,b1a2c5a3b2c1056daad99788f4c0c8f7f3cec617c8454ebc5b6cf368c2d79754,000281.png
282,270,d177aa20db923da4199d559a2e7c80782f679c565bc8fa8542ab9d01ef3e79ba,000282.png
283,271,5b64c827b228fd26c3ba8b6de66a7ddc5995861e89824c3fb92208db3f9cba93,000283.png
284,272,3967ca6c5c38c73f2c43b6c87d22188a0cb7f21be39d6f87104692e73c9943eb,000284.png
285,273,c39a098738ef5de587d53ddec915bb20783c3a1b99e7766fa5e1eeeb51079de2,000285.png
286,274,a4a26985dbb6db0dd82b8e7f6f74478c3da8bf909e08e87fba3d76d7eb85a5b0,000286.png
287,275,0fa4c539e4d312b4f60e8f6ffa4e52988072655b625d2a4bd6e6081dec95f754,000287.png
288,276,b5673f3b10155cf8cb9771965d47aee3ac477110297cd1c2fd21fe448fd3cc68,000288.png
289,277,5673a7bbdf33fab0b429d699904cca0c3d1052ede026596287496a393f1a040b,000289.png
290,278,e6aeed19ec6378e3ad10cd70062c355c70c7498480da240fbb36ea40c4e99b4e,000290.png
291,279,d9de2e4029e8fd9cc9628d32454517f1b1657c257efe58b87860f3eef7984bff,000291.png
292,280,415997578fd12cd7f208920d05ad1aee0b4695c92a876b14dd94f722ff84d9eb,000292.png
293,281,e7c40f59b8e910ba556debf60e548facbd98b98b6ed3a56d8200e155438751b1,000293.png
294,282,f0cedfa46974a13033da05a5c56e1196b235bc2a388cbe14a6a4f311bfa9c2a4,000294.png
295,283,974d2e75a2ddf43e27960a59531c03d7f14cbf950265f1549bcf6be1d7a6ecd6,000295.png
296,284,1333e2fa43ee6cf27ee30fd612eb6acb2d9745d9e222d8a58067227d2650e695,000296.png
297,285,b62cc38d6a74e857e8331fb5a768652bb9dc8b579c690b5e84ca427de6a47fcc,000297.png
298,286,69d5736de8e95f36e9fd40121825fb20dfec8dea4ca6b3f88e0420a03a980184,000298.png
299,287,ba6f41e2103fadd71cb0d55eceda2711da9c627b3c59a4a3cdbe25bc93135252,000299.png
300,288,3129d978a1f19e865f7e6afc912e13e340d65cf92ca7922eb49141ef441502d0,000300.png
301,289,4841d0dd6dff73f570fa34b1c94990a8039fba04873058acc83cc230a1b7716e,000301.png
302,290,47593c529b933bf3faf6c4e9bdee1e5957baf97117214d2d6d08831418d93b43,000302.png
303,291,d6d9ff5e0a9702eecaf2c92bc1861429d976f79641851263d7beaadcf313ab8d,000303.png
304,292,99fb0982350552f5b09a37d39bec7d6ebfc7108e628df26092962d86e9d3c6c8,000304.png
305,293,8b6a86077f22af1b1937af52cbc2a1f7068191ad820b36960a78448c54bf0dad,000305.png
306,294,1512a8ce6a45d64fbc5bba1b91e54c25860f50d5bf5f7fc5b6a8c78ecf6b9c80,000306.png
307,295,2b72c2fd04146ff341e4b59fd15e7aeb8617eef0d2d9ff41b4a51b6ad752a983,000307.png
308,296,0d6f7d4ff0a55bad54bdfa4700d1645191fca7e0b3513f199789f9b419c30679,000308.png
309,297,00caf32c87552696b5fd96547e6d4f0e23d4402f087d29d1e08f3c00fd8c7b2b,000309.png
310,298,e1550efd31e002230c708926bf6ef1da2dc5c48ec2a4be9b4d56e62ebab18b7c,000310.png
311,299,eec7e5acf81e28e6cf3e824229d5c19544977dfe0d196434e972245b5c2022f6,000311.png
312,300,b041952a05ef9ccaa794c25562dfd8d202b8307309e961eae1a2869cd21c8dfc,000312.png
313,301,ea3b3d8f135663ed2858e70fc6d816fa3727b50860350f24a711c756beb5eadf,000313.png
314,302,abbda54ed52b41ff442df6142945d12cb19ddbfb99574cef7745c85a4323dc56,000314.png
315,303,c6f284293c19b68f8e65b1df1108f270b6a5d2f0ca13799579023f5d7246d38b,000315.png
316,304,ecbcf4b73e70a4565cdc96bffc057b2469d4b14e6a7aec1a75bec9d943055715,000316.png
317,305,5c03f80992709d405ab875dadb1d913e089b5a6b5c9fea8ffd2e8c8b4518ab3a,000317.png
318,306,23384916073a0a4b48fc4cd137a479e67dae059a6bd8b36161c146cf8acd7c68,000318.png
319,307,eb472b1f2a6209a6910188d65aa69c1857a0aff8d2d5d44bd005d974e2e3bf7b,000319.png
320,308,f95ee65a326207677f2579867460d45722fae2844b07a254566fc76cc084264a,000320.png
321,309,a9efa99a6522b952888343cfb55906ae815f5db5312e1eeedfc5c6bde71bda80,000321.png
322,310,0c40d31d09de94e0d24a94318c71476abfde8834a7c0c94563eb66f7837c6a2e,000322.png
323,311,a23051029cad58073c7f545e886ed241e94198bd167b03c9eb2df42292cd5ede,000323.png
324,312,f85a905a9d62e54a869839be0d803f3f0aefb6e77d0235c470c4e009a6d5e7fd,000324.png
325,313,a45b530c8fc958b0f19820bc429e20875033e9919dd8e3bd2c8e638964cbb281,000325.png
326,314,02fab4a0118d5efc2db48d6f8043ff5944d7b70f725c078848aba1acee6ea212,000326.png
327,315,140454d897fd5efa9b734459c50421a836006f5ef2e9074128163b8efdc40aba,000327.png
328,316,46925368f4cd5df1f0127f59a1d416b4bffe4f9500d6337be0c8ce86621de7b9,000328.png
329,317,c54517fd49a44a8a0bf83121e70d92f5e7c819dbe50376ad4ac34b5eddf01be7,000329.png
330,318,03f0eddf7115b15a61ce368a0da82814021f9dccfe4170404df9c581a198d438,000330.png
331,319,9ab2a8256a6d659cca4fdf4ac1aa55f1774ea36417f6e34afd75c43856442657,000331.png
332,320,be2508725ed737260e42ca3f638ad51e4562cf7d68434f2d25feda7e08b73208,000332.png
333,321,c0cec30d8240d5eaffa0fb13dd18bdc7d2b62f1c097b2442d9f96d90aba4d65a,000333.png
334,322,77ff6e59ca7e83af468c156078d76fcc68b69b3c8a2d94f668e87fe5e4cc9bf8,000334.png
335,323,66154a7b65f1c98e35203606983f3274848d4ec47ec0a007601f05c9e0277aef,000335.png
336,324,40eeb453e597f1433af5cd48ffeeb805ce0a69cd05dc951ffacf5c134a04f9be,000336.png
337,325,412f69a29beab1d0e50ff60275d62824ff915542e38db866323e9fcba3f094fb,000337.png
338,326,084a46cd75061a1cffff29d9405b4166d1b444609a6606bce6b9de21798d3ee0,000338.png
339,327,988a142cca3f9c4b806a956dc0a4a0a7d28ef99a0ebf6c41de7542476d3cda21,000339.png
340,328,01dbdea5f7b80a4012d6d7129374caa89f51ac836a11093bc08266dea41aecc6,000340.png
341,329,7a25c4fac73f639d39dd186489bbcc5cbc245165ce9e34909d169e86858e21e3,000341.png
342,330,ec8a6479c2cdf690078fcb50f40f71d2fcd56d482325047f954e1550b6897de1,000342.png
343,331,3fb98c3b1972987c102a8659879fa694645a6a2b8cacb149e73e7b056f08646c,000343.png
344,332,ee807882b6db2e897b7539fbfad082c42d357bfc19fb32bc14683d0eb44a7999,000344.png
345,333,64fd84e49f4a2e165b3c3e7f900606f8b7a32b83e0560ed91b00a1a2c25a5746,000345.png
346,334,1e6e7953e03be2f2ef068b35d332e61e8cbfa2193b00da9f836a2b298dbfbc8c,000346.png
347,335,555dadbf4c8b66728c4148d2f4d1587e936b3fe7feffbdbf2446ee70bc8a40d7,000347.png
348,336,f6767f63b89cd8f3b87425c26c8992ef7b023b681deaa7c5f1c950230d052196,000348.png
349,337,e2e54abb28a3102c5799069b7868248f1aae8257000a21490fa9c2f2ecf44f48,000349.png
350,338,4ad098d03f5d5270b4157cc3ebe4b1adb1493a72fa999c4137b4f39f3812241e,000350.png
351,339,f8634661c5a1937d2ab86712953cc891225f8feeee419b823693d62f4cc2dffe,000351.png
352,340,c10350fcfb83d6f0b7f81d02f7348ea24e180995d1125c1558c71d224bb0ff20,000352.png
353,341,3e3b19d191ea8ed091d485d61aff33cc28885698ce8a31c602a60207d0c62b06,000353.png
354,342,45d37b5d4aa53278012de55221a8dad75b770c74e011e89b2b623882df5ca6ca,000354.png
355,343,b5457d0555acb7d0fc5928de7c699bd1bc8a7a5e953b4c7ba9cd3ba73d209439,000355.png
356,344,4ca879c318653eb3a9aa8e5f59b7e7cce00e73de70c9709c2b2e7135f1418c32,000356.png
357,345,7631a6885809942df8cfea66d49c09e99ad5f8ae1cd12519bbc598badce94a56,000357.png
358,346,43722889cf99b3c93334a67d1a429590df9a4c565304bdbc6da69e22b11e9a8e,000358.png
359,347,f8865e448f80423064eb1c5485732b9b1be159cadd3eeb2e9184307b26992a0b,000359.png
360,348,3e2a72dfb310fcfb8b1cb80eee5f3cd2d29e11230461030488bb10df218a8f05,000360.png
361,349,fa4bb4cc0ff81e5266ea9dbbbcd6c1fd4458243985d306122fa5ee71e80f3ec9,000361.png
362,350,928e2a83df77d231112b06f6ee422e91aefff8124155260ac47b059055313028,000362.png
363,351,d386ea1bcf37b3b231fc21b001543288fae62527fe0e10b09ce91e9e2151454f,000363.png
364,352,caaca8ed0caa2df23e4b7e389fe88674103166d6ca081dbf6ace9dacb4068b4a,000364.png
365,353,c7ec138b93c108b6234a4147731118a79078ea5f03eeb9709f60a0a5eb8ce1af,000365.png
366,354,df7c5d4b9bf95673574b436ee28de90a1ec428cc29f6fca657e8361086baaa6f,000366.png
367,355,e65c74c733eb5f88987c16a832f557d1ae9ddb94776748ac7e76ed8d417823a3,000367.png
368,356,1b7222d5dd30216921c65cd26ff630c31a113d5fb77d8a4cfffba33b2de14fed,000368.png
369,357,9fcc2ed3640dc03d4706b4556a7d263867de555ae27eb5e05b7729e5d0ccf7e8,000369.png
370,358,4104d1f91772f51ee63e6bf37edc821a1c70828b457bb6a2c14468f7ea4bfdb0,000370.png
371,359,9bb0cdba1e16052d1b1c6abaf9464181a13567f90bf5288b69c55de1e5027b9d,000371.png
372,360,d1c6ffe5c182d02fbdc8510610daf03bab4f4938f397a5de2284dc5d82530f3a,000372.png
373,361,4f23a2377d9264073143d36c09a943d3dd3ae7a57ac9a358ca55e05bd821731c,000373.png
374,362,360aa1327f7c6623f073910eecc55477e4a0a2ec2d38c7484f5fcd8be7f97058,000374.png
375,363,3e27d85aee1a679feac7def57818eaecb49890b118db1d8e5d5f57e894e99d01,000375.png
376,364,e4d823175085b250a62020546ba8731590efee0ff36c58a55ff286305e814be3,000376.png
377,365,796718e398ce7aaa42b7c1c4229db5ce5421eefc2d3aa0cf697720dbb347c058,000377.png
378,366,41453e7e6d1301e9f35c3e49f30bbb547ff55f7876585b58a546c82b5a34cf48,000378.png
379,367,bd4102a01723ec0047e8369543f8a0288036c856e8e383c9c0265a7ffcf5deb0,000379.png
380,368,c7874e43b2306e7121a7941d1508c4d12f15179d1ec288abf98d5a61a0f2f9dd,000380.png
381,369,6512af96f071c1b44fecd26f2038a19e1f8f3f63c6d83bea924fe3e28ff6d22e,000381.png
382,370,a4c99220a59d4907b32f7fc60cb83104f2036132f998ffb4835ca2d1789abd21,000382.png
383,371,777b29a7b15509a51e2e46a8419fb8c76e91694eb3b5dab366ec3072e478437f,000383.png
384,372,88d50baaf1e211c64300f3ab3dbcea88b98ab0f098f118e05bd39da43245052d,000384.png
385,373,cff66f0c190a81d4b970f6a329a55e088c24e52d29ead901fc76e2d22d49d5c1,000385.png
386,374,fe8f7f2a3cd45139b7d20530dc514ef8edcbc4d427d89e15bb7dfaa7845c2c50,000386.png
387,375,ca60c6b5777fadc2865142cf6635def73b9720fb1f6c4fc813eb7a1bc0a06996,000387.png
388,376,d8918db9cdefb8efd563d4a33e3fb4c2599eb4819571d9405ef24a3c49af9f63,000388.png
389,377,527ad4d428b0fd904e5e8cff8709e56234b05ab33c96cc70be05a0ad1e7e57f5,000389.png
390,378,84cd1fb56edd91c721c6ba261049e89f15089b246a5ab513c09f1acdc4b4681c,000390.png
391,379,164be80f6413581058469389e628d886b5147c6b6db74d7379498dd6162b3c17,000391.png
392,380,6f98c7e38e53e897b4ecb54e1d71c5dd69bdf1b4e21ac9cbcde78f6ca0c8c341,000392.png
393,381,2da0b0d2143d1a40897de6a4d6d0768ada9c221e2c269d88130dab6fe62cb23c,000393.png
394,382,35188262a9cfe34b8757b0b53a0956ba3fe101c4ff9a006e5165a5c69ab38463,000394.png
395,383,0f490015d44dec32c84a6dd62ab8873a0f6fab49c65207f3c8fcea095f95fbf6,000395.png
396,384,45197d5382a3461005f3fb485c71958a6508882ed9484b09aad6f58067b273a6,000396.png
397,385,ff09df2c82bab7632d305fe85599855930a17dce601a5902462a339d44433204,000397.png
398,386,ba6f13b5130e3830278a5fd2c6e77693009dab4cb6b4afe9114a376a6d4593a4,000398.png
399,387,bb9e9349daf29f052bb9c7e7cc854e010f5e31947627789d0ba2b12e5826d0b5,000399.png
400,388,7362b259f62681dc8abbe5bdcaf29f18e9df0d0959325ffcb8f9cdafc5bd16da,000400.png
401,389,681ccebaff4537f81f57826d9168768a654f9dafada6c2dc54f77281fa0fecaa,000401.png
402,390,b8bb60655910f7b98f1768bdca740eb0831f06108a1b3857e5fbd2157cef30b7,000402.png
403,391,29210b7a181f27c1bcaff44fefc6b27a5025877b870eb3732ff302232bff0ee3,000403.png
404,392,5437abb36d624c490a4cc484aed2050f5ef07cd71438bfabbb36da72d981544c,000404.png
405,393,585c63474c687faebb8bcfc8b55ae2878142fe45451e835482cb2b43f3dbb892,000405.png
406,394,89c1e62e90e865162309eb3defaee504e003474d63afe6dd426ef5359df07c83,000406.png
407,395,c836be291c4ee46717814ede49ce6b3d9c2ad663ec926217b43f4d1a40acb766,000407.png
408,396,48ca59d401bb7bc976b3cf34f28ad0dfa35bdbc0cebb3b0722304da302e16055,000408.png
409,397,1d87167c5c4e5b42b418885df8bace6695298b68341dc8eec4e9247688c75cfd,000409.png
410,398,81b78349996c18ded09b5f1dc6118ffc7c224a1e5ea7e7e9b401f62a9ed30536,000410.png
411,399,afc0b0f0f62769b55ee1780917861b3964a1bc7342c417cfd27da014cbf96edc,000411.png
412,400,97a9200b71ae80064264f5e09bdf8a7e23ce898a2026e1ab8066249bb4b8ed04,000412.png
413,401,73c836757d4e965b641d9653f1f8743b3a58324c6db49e5fcada7961ab55e191,000413.png
414,402,236cff845e6047bd0660706fc5edc4fad0186a179b73daa0aff025693cff5d42,000414.png
415,403,9ce41d69849e5b3391ba26d8c8cb656ad20c47aeb619014f0969c4681d0c72ef,000415.png
416,404,5a71cb6d3e2fc4c1f13a8b96c2df1d895ce144b5b2797affedfb37db7ac3dd20,000416.png
417,405,e827b1118b5951ea3419826b35af46b6f837efa4942dabe2ab8c6e5f14f2a391,000417.png
418,406,12eab45ec09989e137bc2a29ff0cbaeb2cdf4fb37368ff31aa916339fcdf5f91,000418.png
419,407,0b4a45cf5cd8ccd83b791cf9efdbb1969c9baa60a35bfef998d1d6ac6e9c8c8d,000419.png
420,408,e148986120573e0bbca20e3c0120f41666dd71cf078e756896d83131512bb893,000420.png
421,409,4fd0ad2f44b7fa055dd2b06a034c9d7a17222c5516d16d9bf56a20e63a8d7b03,000421.png
422,410,ff1664de6d702e571eefc66e5d889201b70c0793138a19a136980840c373e251,000422.png
423,411,71a2ce6e5354554fdba4ab9aa763183e5990f1014a2bdf015de6ce9e8009b4b6,000423.png
424,412,fda21900fa8ef39b614ba6d158812bdc1acad561350703b1f45ae3f90b3bc4ec,000424.png
425,413,67ae36a1ef07fd93449f05e639fe039d29b79980a626dadeddc5698a200ec805,000425.png
426,414,93280f94318d65e1aece93b8a2a4e5b6ac7aa2a3e79acd49356f007e6de8163e,000426.png
427,415,0183faa6029342fdd53d8b813e645db9c82cb1c3954ad9e73ff1935bc5acfe58,000427.png
428,416,1ca232c5ac94bef71f2f3db40eb7ec7c90480fbb96290e75fbc25e4eb4186f92,000428.png
429,417,7804d6b778dfd527f2eb7d276163a4c7c5baf95ec6d6826e92d6395306e8e129,000429.png
430,418,0e902b1688cfd613e7a6e30bb32e68b8f06becda17ffe520419eb6636782dcae,000430.png
431,419,cdb8c729e848ef48a3d9692c840ed6c6ccbfd6e366db7047670a52a4728e410e,000431.png
432,420,12982f2419b4845c7c0fcb0c30784d243d781a6de6253201177404069e42cee6,000432.png
433,421,edbb7a2b9be0fc638a1e16fcfbc2b8b669ad9b60a31afb7c29a44fac3063045d,000433.png
434,422,ba7552208915a991eff76d693a6668236e2e0647d59dff3f3226f0f0f98e5647,000434.png
435,423,be1090117bf4ceac922ea7fa47e1819ee19222e2e1a29b4fa084d4e5e59bc8cf,000435.png
436,424,16346daf056a3fb31d89eb67500688dcc78f1ab551f4efe87ac60bc3c74db492,000436.png
437,425,1dbbade7f6d00d97f450b022471329984709dbe355af152c927b37d9167117b1,000437.png
438,426,4f118e669a41e2230fb5db0c46be4e83024dfee387234d1f3d77ff972838847c,000438.png
439,427,a4419db766a061b9b38f826f7bee10980d9ee28d50a22d590d28abb040dd11cd,000439.png
440,428,5160109ed3eef0154860ab48b54001e0cbc449867ce0cfcd54743982d758945b,000440.png
441,429,0de41f3433fe5df5e14f257bffaee8021569bed528b80265f40398aa85223a29,000441.png
442,430,0091bfe7ba914e0517932f49e3b8f5b1d361cb05798b6fcaf73d97f5c5aba49d,000442.png
443,431,d737e20cfb92bbecdb70086e9117cf6c1525d884100f9aa6c12ae75c7c82d354,000443.png
444,432,f6cc165e573bf638d59f52050f584be7eae063787a8083f2b352d1875436f9cd,000444.png
445,433,915b89fe99c06ca0d175477c932eeb390fef9a9e447ecd31a6a727fc5144a7b5,000445.png
446,434,36eab1b7f7a3a137f3c835d4b2330669192bef49af6cc05433d74bcb8185ac0c,000446.png
447,435,73dca36c1ef12b2ee74dbe6bc9ad4d32fcd62820532c0d6fccf071e0543c7ed8,000447.png
448,436,bffe42fc7d4a7d544709508edd2069695706ae4dc56cecdf6789b24ccb549906,000448.png
449,437,2b747980dfe96d171580343a8f24e5bf9d9f90750c8f0552401e66a5cca8a4c7,000449.png
450,438,f5b50920b6c692845124f9356b9116e325da85a00a96d352d4d6bf0234e2dbc7,000450.png
451,439,021749687a4bd8b87bb597ebf08f198f8f25cc1243df648a16895bb24cc9c114,000451.png
452,440,8fc8721d83e52d49b6985498f53bbd78cc99d0b806421bb87452c1d338500dcf,000452.png
453,441,756f035bbe4a65e37f7a85b0b45321418ac1a613deb922d9adcfdffa821c476d,000453.png
454,442,4e6bce732a2f66199edd1500f877e37a92b3385f208317eb6a17ac1682408a91,000454.png
455,443,395621c8a2b6f62dbd48df7231a0fefd494ec02bdfa3c234b4a2b2538e152332,000455.png
456,444,8253493284b57717d10d3bfcccf690e39ecd3a8efddc5d6def3f9a355e192aec,000456.png
457,445,d7ae7d8a08beaa2edd5462c3ddebfd065f0d41d03fd069cd193517bf47e2b03b,000457.png
458,446,9e040424c7e7a2b39d8d8e02fe4501310d4f335ca58a9c3f70c8a9d83faa8b7d,000458.png
459,447,c22d959e7b546fcda44c96b89243872f0f564c8ba4276aa4e98ba02ab194af7b,000459.png
460,448,34a9c14630b0fc64a74b1de3d6f7612ff42d95368abfceff44d42ea40ef183f6,000460.png
461,449,81a7478dc17dc3643b380e92d432fd134aaa8bd9fa4188ed53f14b9811faf2da,000461.png
462,450,8bf5bd2ed1584abb460895cd8632249340e29f93fb39ef2b418c0678ffb1dac4,000462.png
463,451,4ed9cfd3033c4f99735efb440786c3d4924d7473c6fa3af050da19592d021ded,000463.png
464,452,74268b5bc94bf9125dfac9624ab372bab7c798ad89d2ec865c7d591451b3e6ad,000464.png
465,453,91aeb9cb660d413ca13136a3683bff32e23ac1dc65c3b5dd8bcfc08f7d9bc71d,000465.png
466,454,819fa85e8bf1d90ee85e57be7a41835e96ea057022fa6227d98a3af1caa1aec6,000466.png
467,455,4b15008a04c46c64af21dc5f85d66254a75990b9a7208b4d8982897354304f99,000467.png
468,456,9a07cbc380c2738d6adb6c1064a85d290b54c3096b16349bd5b334edcdb310ba,000468.png
469,457,797b8a4ca26a0421f44efb84ac4d65fd30fe9305b4765cb673c10d96b2082894,000469.png
470,458,1e687a9226b22dc5710823694eab6cf096290fa2217f33aa76a36a87bf1d2eef,000470.png
471,459,8a68872268dfe266d536f20e1d644e23c36c6241e5c9549884d1254de225fffd,000471.png
472,460,22c8a36aa168055dbed85f663870ea294b9ae7fe83b0a1ba585e4f32e3b39de1,000472.png
473,461,ca46ec9d804c9c59b5005adb00b8e7a4834e02fd2d87aee66eb33e09a6c329d1,000473.png
474,462,d922038d83db984ca175dfc0fb2abb6b967d735cfae0c651d18a6b504e53b80e,000474.png
475,463,3a7ff62bbac23bab48f6758474e6643fafd3746583e0bd9e3c0d80b8e37a37bb,000475.png
476,464,cc9b9e16010d4095ec009d0e8a3db788def361828b241a86f46c17fd4463e47f,000476.png
477,465,61de098c70877f56bd5164300b8be658014e6dd539c41962dfc81506f2103d3b,000477.png
478,466,5a6ae76afeabbed233b2ae76c65c510fcef997f42d9438a687890932b64699e8,000478.png
479,467,90529103d9b0647e95e8d26084c3a756837fe7ab41fff241812162b25212ab8d,000479.png
480,468,8d39bb7935847f148473a3e096c8382c36a85f540830cbc9822c765c8bfb43f6,000480.png
481,469,3b8e4c87fd1f316a9cc8657bbe451990503886c6cb4f9315e22d3eee9c1a481d,000481.png
482,470,1c514f11d432437cdc13ed250716c2ff397018215fd834523fdf05a37f3e437e,000482.png
483,471,32e5e1aa79309f0084a56378e5dc3c9652725f5f8c6bf7f47d4f9e33f5c8b272,000483.png
484,472,722ab9d0b8b702372abc62058bfd764e565481b656176a0dbf80c61dfe636636,000484.png
485,473,247af6d1358a13b0121c145c4459da73677e68f472f0a70b41aa4509736c3b90,000485.png
486,474,8303f0eb5ddf475f6f216c912724dfc503b42c916d5ac78fe6c19b6f4ee603b6,000486.png
487,475,b195044d82083c2498b2d43a6f81494f4ca8384648c300f54ece9ee7cd25e71a,000487.png
488,476,ea31b00011dbdedf4cb2c771ddbc70bbf8365afa5372cb544f987f34a524538e,000488.png
489,477,b1d40df4d8292a2f36f7ca1fd3082195d58b325ffe4a2ffd598dcfe39a366f15,000489.png
490,478,c5fe9db02983fac762a3617d122f5e27ebde1f8bf01f83415cc213886827948f,000490.png
491,479,a422685e0d6d7b162fe93135d7d604cea25e0cb48e3c5769f50aa892534c83f8,000491.png
492,480,9d7ddd9ffc250a0af073064ef53f8f26288c20910aca3da8306e7c07c806e386,000492.png
493,481,dfc13a673a91de297c44bddc82cbcad39241d27d97d0fc15430968721c2b2329,000493.png
494,482,f974aca2e72d7ac6ddf2257a7e2bf2f999f6f5e04d8ff15ed36140dbbeaf76cf,000494.png
495,483,0eae3cd0a657a25c58ea4afde5d06af3089489663ab6f59d81e1ff2d301486e4,000495.png
496,484,edeaf39514d26207b0121f32de9093e1653a13a22e6aed56357fca86c9f0f625,000496.png
497,485,af67aa4bb2d772ed1f4e1388e79fefbacd56a88e4e543c08c7972f26402c29fd,000497.png
498,486,28b6b8bdc223a21aac31a02089c34fe78968f4a6b09b3c981bf2a44673ee05d9,000498.png
499,487,9af63c40dfbe07e6c2277acc5f3959e79e15889e549c960de5f8e28b0ab60fc1,000499.png
500,488,c210ac337e9faa1569a286f8dca18ebe05ecdce937175c9c4dd57a8c75b69b50,000500.png
501,489,5beed384db29c00cca81cea4f1c982c45817830ba56c9b845b669b87572046a2,000501.png
502,490,a55381b2e36833631700632cad69e9af92ef13a5afe6964973857b87246715d5,000502.png
503,491,3b89fba49d93e3ce93decf43d8814465aa5b07e65784f9ed291cccd1664a3624,000503.png
504,492,4e78d6fd4b6ad09d64ba6032b5bddf6f0cddd9a59ae2ef3253626c9bd81e13bd,000504.png
505,493,a698c3add2ab2f6758b7c34011d918d36e521c84308ba0fb373c8d15c20c56d2,000505.png
506,494,47375457514c49a7c26a8a5923c95388c57347b1f48083b9357c2286cd915f94,000506.png
507,495,701df2b839b2e0cde01d0e40f9822082b3f07e7fa2d82f9efa4e9f204f7cca40,000507.png
508,496,445a9688862fa1a01c9c641aecac23398e90a66bace09b687742e4e441fd83f1,000508.png
509,497,d299b11be07d62af65e6ea4481cc393f078c43a3f8127d005dc4d4210c26d46e,000509.png
510,498,1b879f1e057a824b3f52703ba6052960c56967ffb061120d24cc525e8a1423db,000510.png
511,499,2254c6fd51a8a8d95fe15f9856e01727e958778451bd244e2a13fb073eee0ef5,000511.png
512,500,87f8c2734794a4c6c6c6a10d46c1d16efd95d9d0106bb91e04d0506282be1489,000512.png
513,501,d1bdee665c7532011dc580dad153031f0d8616d34e91ff9595b9343b4ceb17bb,000513.png
514,502,2852e75e8d4eccae2b742847f7691a134598817140726bc46e50d3fbece3895a,000514.png
515,503,9d59a881e3f357f77b7f81f818908d4c319f2dab4086df7c0813feb04d72161d,000515.png
516,504,11730e2abd2593406d42e85c0b6f804c07bf2a8e9be4c69bd1a87e59a905ad68,000516.png
517,505,21560e6daebbfa19ad9937e3ad881cf16fb85edfd5ef74a759a8fb4afa01b6a6,000517.png
518,506,a7adaf5750279ae2adfbef542485cfec27d4a5801d78ed4a2d668c9a25567365,000518.png
519,507,00e7f09c18891be34c1e4f87c2d5eee457b2e942a7e59888dac3c6876571bf46,000519.png
520,508,fad0e0dfe0e06203d2439878d2b1f5b0c17334bc6cff8c583cee655d83858d9b,000520.png
521,509,f3f7082060ed448a61d65d35a8a96e4f960581ed7d5a35859b2656fd820bc6f0,000521.png
522,510,e3879abe70393b265b464c54836346d9707debe2a8b25bece722eb12208c0b66,000522.png
523,511,2c922e4c4cc102a533206c1fb5ae1503fda51b28a3b0e589c456dc065a9598bc,000523.png
524,512,be99e0af86028e3eda123cfb5f383ba5fbdf1b45c38719b0f57c32d3d60e9965,000524.png
525,513,4088310d43df75d96d4aa32d64696ac7e7596c64d357b945dacfb5b3d240aa5c,000525.png
526,514,ba17f5b8c379a0866afa98e1eaf2849805d8779df34415096c159aa762f5295c,000526.png
527,515,4bf2e70cdca6e6928396ed03f7e90e894a0735a08a9652325b9b0eab8c84ab63,000527.png
528,516,726026cf4302df0b985898bbb24d8eae922ba7aa5767faae9147e25602111945,000528.png
529,517,446babebada86880c9b539d16b1798f02c357138dda3b325b19f26a6e5533a6f,000529.png
530,518,30be24f0afb21b43aa3c7ca3f1247ab90c64928c8437169dfa03fae993bda12f,000530.png
531,519,a073da7fcf78721c4427232fb11ff378fbe02dba01391f8d272132be7467e20a,000531.png
532,520,571a5aae2933ec1243fbf8aa357b313aeff0334e81deee152aa5da3267be4652,000532.png
533,521,2f8f13e9e275e7566d42e8bfb1201f2a1666bbbaa376399eee1d5ebe212e2693,000533.png
534,522,5b32994f42f0bca48883179802a6e2d7dc01a58cb7e70408e1e5e8c995535e67,000534.png
535,523,5325a2e3f66f4cd4f4e413e1b91758f69e1666158c133087c5df60d40887d410,000535.png
536,524,86ddb59a124e59866c57ba25a3be5d9af8e94663313375e5715748efcab61c8f,000536.png
537,525,f38c3f5c1d7cebb08802d4c99c304214ad3b2386eac3b88f5cf4ffb9dcd5c25c,000537.png
538,526,e7324a8b6fa37cdc12ae5815c644308c7df91e710a7974fb09b2bbeb19c38708,000538.png
539,527,ba9268b38091981fb666cda5a959d5d00c86f5a745056e84c695d7adcd70287d,000539.png
540,528,a3679c2a838c152c6fd4ed64da53de6dbb99c47683c7a2fde5060d045fe9a949,000540.png
541,529,92f092f118df9b9bb3daf06892888feabd0aa5c11ef7ff428f9aba93e236b4e5,000541.png
542,530,0219e2c3a64418e9d17cfe6e0088a93f2c4cb15b3a12a7c71e18d436bc6899ce,000542.png
543,531,f272fd1c3b0047e8e8f399842a3a2a3588fd0c8047ba8a14cbe2f1e9ad3d5256,000543.png
544,532,fb34658b9297f873e1bc3e521aca69b453ec8cd9e96385a69880316c0421f234,000544.png
545,533,e29eb5d6c474bd1e85ad9d62deb625450b245a42c1fbfa9d3e1cb97b086e05b6,000545.png
546,534,db5bc2f448c66c0d65f86e54f48fe1c4fcd0d8b19ab3efb12c767b0b8a28b4cf,000546.png
547,535,4d3fbb53dfb437ad4dcbd5714278fe214e553a997c382fa97f1c8b0bec369058,000547.png
548,536,cc2b225f9a07a8cdef6a5e1ca5b72157abc7040e5add8fa4d1f7b9d39532cbf2,000548.png
549,537,ee6075d9cca1782c8f1f06aba77f93675bffe21648961598395c72ca5eabee9c,000549.png
550,538,118a886fd124d0eb200881a1a2154081af6bb0ebc73ba0566cfeda823bfedbad,000550.png
551,539,12456c8b7a6da0c4c101e02d272bd910a14a99898545585018e78aa90d8f0aaf,000551.png
552,540,cf5880b2058d8e6060b9d997d7f6ca6ff8eee080ffb31244c874140092d11671,000552.png
553,541,acf86f5a8b45bf575092a55f96baa1320658169267a9f5966a14eb5910e9d366,000553.png
554,542,39dab1a37e44d59f3ac7eaeda74f1a2dfebc8c9792b866b3ec5c6d986db342c1,000554.png
555,543,e7327dc791ec14991e03938cb237ece0d6641054a9a407eb3972863b31f0ee48,000555.png
556,544,f70c4cd6ae321ef1cddbf72ecc05bcc65cccd36ad82da52eb045099937e89f27,000556.png
557,545,426f5a96140502708b0dda22b1028eb476f3f19c9126a0dc28f5169d50169a55,000557.png
558,546,58649e1298f3e43428320d3b74720660d7d0ea7d0074350c81e6a211faaca33d,000558.png
559,547,867878f6ef923376c0ce4c6c15c828dfa47425629c22718ef61f3b0ea866d250,000559.png
560,548,72bc08cba4b5e94cafcdee07eac2914457624e2953c1687d71f61d41885090f0,000560.png
561,549,7539bc43178b5234380b54f7e78b823130c681857a9218a43669d01aa37a8bbe,000561.png
562,550,34bce08a1eed71ea7584db577261c0b5cf32eaf307d250637cd138ad1ff323e0,000562.png
563,551,3add1963ddfb535e936de3740f9165731b3e0379fdd110f53f2c9425286249fd,000563.png
564,552,0fa1f52397f6b063b7ca6ca0f58ce5a803fd8ae9cff4bb5e60313fcde009a882,000564.png
565,553,0e277ccce6e62c63ce857c10101d5220bbf5b9f1a4141c3159471dbcde7f1e6f,000565.png
566,554,0afe6b3f3f5d7cd7ade728ca2ea6816bc4017c97e916de9ee820e415d42aaddd,000566.png
567,555,e6a14660e25b2b1607ba17bd995c3bf7834d65cb0d17b7e935171fbd8126763a,000567.png
568,556,a0cab71f3fd843b002687f2c016dfd7b3de470e82e8ff92a538713fe05f61622,000568.png
569,557,4b18cdc34e9c115b4d70ffa71c5c40ad71e2ec2ae01921b0b51ffe1ba5359c9c,000569.png
570,558,a00f677d3f3c1ebe779bda452597db72cc144b686edaf26b179cc1dfd95c482d,000570.png
571,559,875aa6959efd122f85628e1d58f85406dd37517fe7c83d7942b8af7acb192083,000571.png
572,560,5ee3ef7edfee46197f9d47ba76929348faf69797944176597263abc4cb088110,000572.png
573,561,7144b6cad80ca244b9f60933b4f30e6434b746875bbc73f6e982970817bf8c7f,000573.png
574,562,5e0490cb9497318954023762a20cd4c8e4d9b335d0c0170d2e1af062d5556a44,000574.png
575,563,f6fe1022d119edb1023e0aa3985220f2b903be4eaeb7ff553502dc269fb582da,000575.png
576,564,ed3d5bf809f2ccd1f77c928e67a9142558a586e31a7240f979cdfb120312bb3f,000576.png
577,565,e7635e705f72e750a3d9aab5ca2b764b441bb161726be0262cf4180acbfb29fc,000577.png
578,566,d69bf825f14c6d004b5e0ed369b31bb028dd14643c9ec95dbf155e9c18f79ce9,000578.png
579,567,f14f5f4d1bd817dba71910b81358571cf252aa0fc2025f2285dbf0687a4edbb5,000579.png
580,568,8850faf9ea86eb7d87c6a6c4e55120622d22ae4626883ed973abecb00d05e752,000580.png
581,569,df16ac738f00fe815453dd98d4b193f4043b39003cfc34232113aee09c90ac48,000581.png
582,570,5fdd06bd151f7787c696f46c2163718b65429c21b9d349a957c127d471be05bf,000582.png
583,571,e7116b94260ee7dd3b0d6776a940e4b57a9666ede9d660f470f7fc718a79085b,000583.png
584,572,99af089b52ec4d525330d5dd7318ca89064d0b7471715dd72df87de1051b8462,000584.png
585,573,8c4e11e8a6d007cc40c441c75e031c95edbd8aa0d9f9e28cbf78f90ecb3c60f7,000585.png
586,574,abdda3394c204cc403226551aee3cdb8918c5ac168c42e9d8d2ec42ff0aa2535,000586.png
587,575,77788b952f7ea85c81bde7b61d27c77c551741560c0463f586a5aba9b6128b92,000587.png
588,576,b9f4896e37d0c3bb0d8497815d49d84d93172b4455eea92406939a2730379ba2,000588.png
589,577,b307eb525abdb1e92719832e4031db14d8c1107a740bd2c8afff9b148e0e61f5,000589.png
590,578,9198804b525035db918eb15e683cac2a0b601d68a87b8b0ae51f0af5e12e0d45,000590.png
591,579,441ba1deb5744d877d19bafbf21cfe9fa72d66a4761d31530dfae1db40abc55d,000591.png
592,580,7ba46e5e45cfc5d3855625ae621809691eba772ca2b91a77e890c478df5dec34,000592.png
593,581,59550f7525ca7a45e70d2972fb2db7ef42a54b25bdc2e9fe23a52d108f2caaa0,000593.png
594,582,4509bce3816989405d519cff4800dad590c6915034c9baf003d9915b0600c444,000594.png
595,583,19b140c127bd87a4b163856822c91f0c65604856ca794b546b6ff4906a0a2790,000595.png
596,584,059d1d357c9b0c536b9e3b4e08428fdb24269334a0212a7abfea354e6f00e4da,000596.png
597,585,103b6b86e1e2eeb721bde38386188f35792d356348259397c1dc3ff5455c8259,000597.png
598,586,e276bab4c14a7aa6aa35071cd2802e1ffce49770d82eac7b970b427bedde2ca7,000598.png
599,587,2b7fb3a560c2dd4026d1a3736a31b88806328bf9bed53587dac6fb3192071ed5,000599.png
600,588,304da73b6e0e697dfd8151441b0ee2fdf6f11033efa96cee7f6fa0c1587cc991,000600.png
601,589,51c70df19537a183e274aa92d0a1df5f53ffb4f8ab4ca8ff4fca455dca0247a3,000601.png
602,590,fa9a1c8c1a53911d840ae29e97658b26f0e726219d480964f2c668233d00a11e,000602.png
603,591,9bcf44e8de2b1d0303d519d6b790b55e67c72258431edae0213b88257127d781,000603.png
604,592,fde7e0717421a216b444cba74d98747fe603b7c2135ee71046f7a3cb14e7746d,000604.png
605,593,3423f0beec8d20bb6fb8722a00d1acd8b093505fbfad4ff1ab560a1b4ab32e7d,000605.png
606,594,89111290f50d1480d22bcb0f587e29961ab1becc117ff2e3db164d0bf2f6c2f7,000606.png
607,595,2aba68aff8516349ebb82072acf649bd5d6e9a633b38f8d74f97e2bf9f8581d6,000607.png
608,596,355d0f0df29c301aa9dae7822ca74955daed07c22b6d671a0306001f6f9e367e,000608.png
609,597,1e706181fc4036be09b79e2550238c01f0be4268e26726283f9372663d881697,000609.png
610,598,8d8bfb2165c0754351ddacdf424a21888c0bee7851503bf9bee8784031e999a3,000610.png
611,599,0a45986b97671674711e7dbcaac9b8e2fbdc19606e65020a2f4c7a9ebd1708cc,000611.png
612,600,73bfbd880fb690342d5e6a8645fe47e2b800b0c1c2117c40280c01ae49c9e6bb,000612.png
613,601,859949474424cf9c2f83b23146c582e234df8a603498cfd747696e806ef6333c,000613.png
614,602,98f25bbb15e8fda1a121f11a30c62967cc17b45e413cae5f06a328a08162b3cb,000614.png
615,603,7a08f5c20a55b612b6358862e2bfe18c1c0ed052893da5653ab00b7871e8f4e5,000615.png
616,604,9a7a51ff07ab5f3ecbd6cd847f66e3188412f09c9a2f38f8a8f6918d4bda1fc4,000616.png
617,605,a0086d4835a502f0a2db303d7f46ab773a25b665eb086106424076d164ba676a,000617.png
618,606,1fb336fd1b08994eb0ef00b1ed806e134ff57f708de60c1d4e982c0e2989548a,000618.png
619,607,989485a1a5201f457f2fcbd963420d668c0027daf798a9e6c3f5eea15e333552,000619.png
620,608,2d95694a3c2def7a6e2cbbdc516bbc60cdbe6cddfc2d04e84903f9f170259ca2,000620.png
621,609,51695c9a4b07c12f580c7c1baaa7b132e91ad415f64c8393ca9c03b492867790,000621.png
622,610,3db1a78aa0151d12729fc49761fec627b4bf3ea9bf4aaf5fde16fd07dcb667e6,000622.png
623,611,2065c8962d81943fda17a08d772184aaf66858afeb142f92368edec9347b9aba,000623.png
624,612,a138d72aed73786dda500906d3ee74acd2e9ddcd564e8c1f2b64b7f114de1dec,000624.png
625,613,2c32e4383345e6b9f1f669a31882cfdf365280ddb6bb919416f6be6aef7074f8,000625.png
626,614,c834c8b8dfba240dd3ad2dabbaf6bf9b1bc3ff3bb4ec82b68aefabd839e69e85,000626.png
627,615,78e66225e7afa94344990cf38e06af20d4ec4aff9b0e625b8991402687f573ea,000627.png
628,616,ac03ebb5134c7891b55bd33220e38f446c747d5816cbb8c91bcacf7c8f4958ad,000628.png
629,617,bfe9f5455322a6c7af11593a67f6b5f3b6477eb270f653f7611bd5456efe04c5,000629.png
630,618,6b62d34125f18a63d11c12ab195d8cc291028314aca618639382429694e0aa02,000630.png
631,619,811a47dc1ad686acf6ab98617d7f54b7962ac99dda6df768494cb9b495ce810c,000631.png
632,620,6a1abcc299b9417252402abbe82bdeca5da49f5c404744da33aded5607074f6f,000632.png
633,621,13501ecc9043bccdede6666233e521d7e0146f9b483ef28eb7f42e409b7e4021,000633.png
634,622,407c20d5b011a9b2da4d19297bc177f21efa834ffab815ad8eff0fa28bb1581b,000634.png
635,623,82143627b06c424a67e3f3a3295604907a74f9acc55ecb0d796c1168b677181e,000635.png
636,624,3186ce2153ed556b325163b0d99588127ac25ddf79fa1c0ee5b44ea00b6687ec,000636.png
637,625,5b3b26640ecc42d9dc6f2bc78d2c705b3a66953da7ce3c19fd9d4ee40153ea98,000637.png
638,626,2a377e5b83bb98c9722777c75563e2ca218e114dacedd888e83310f08651e29b,000638.png
639,627,041fc11f9888395f75f88af34d20ab052abb3e61006fc499d010ae75df3c50ba,000639.png
640,628,9f4e4c24e0431ecf2b5f33683a50c5eb67800e75e8e07bd9f4da2469852da780,000640.png
641,629,973b69b170c4b538112630352dd944a554ab45503f38628c92f686e96da15c05,000641.png
642,630,18f5cfa05b26c2b6d7fdf882f105c537481cfbbd0f443aec357e38ea9a97b651,000642.png
643,631,ef3a20009fdfc30b46ffbfb4a1890c1511cfe39a3b274bdbc7a1d64800e6a276,000643.png
644,632,8650f6d7f3d7a753146deeda4d5314648c5c3c9318d64b0fb2101e1626beefac,000644.png
645,633,b32ee1ff8d0e3674097d677bd54f8e261156a5848455e44c671fb15b9f74817a,000645.png
646,634,cea236d7c36215081ebbd4eb1eb846c844cf62cc998c3aceb0933014a333b495,000646.png
647,635,0e24f4cfea66e148d2fe709201d51d6dc383ae3c39cfcf2e8eba578240c2ea97,000647.png
648,636,5684524cfd94de9ab3c55ea2f795e414c6639cd6883f829cddded6a9020d5604,000648.png
649,637,33714d58946507b48feaf24821f3dc7d98f175bec35ef9d369447899435ef14a,000649.png
650,638,74e43338a3a6fae6c4cee98434b5931c6917906e36696dc486b339fe97874553,000650.png
651,639,ea4fbc592f069769b914864077d11eef9a852a89ef0f8bfdcac961714b98eadb,000651.png
652,640,b6ccb57d48493ba3705d1c6f40696384a4a254f6e025431cdef162b10f29eff9,000652.png
653,641,41162e95a4a9420c8995b40d8fd198738b7e469a7c33ff7c97953419a525eaaf,000653.png
654,642,0cb5e7c4da4a3ca2bb43811d321cfb0678c9e04e5f10d5f199e473d609de1cf7,000654.png
655,643,1e9f595929d34ea7973f4348ec9c458a998f9d5b31ea9e37da108b7a088a7151,000655.png
656,644,2d89038f1a4e799a4f0874d37cd5af6049d20ce0f51d33621c1ebe1c6a45e32b,000656.png
657,645,a3cee7b8a3617f2b7714e1c5c7762c2ea3a228afed8b68b931704847417a0cbc,000657.png
658,646,72f92ea9b3023afdae6f6faa7cd32031dc3ce92c8d01199cb472fa9f1724b91e,000658.png
659,647,c08586cbd1328231eae94a44c120d05395696271cb44297d11f04004d41d8624,000659.png
660,648,1095e7ecfb1ffa5bfe2a85ec4db2515e8837b91a12e62dc3227fac845aa63846,000660.png
661,649,e6ce6fc07a20b4bea25b100cb77a88178f50b59653ce0a39ef63f15c8d39a6f9,000661.png
662,650,3794806e3fbdfed124f85e137664c3764dbc35bc453dd9acd5962d2dfff15fb5,000662.png
663,651,5ae1bf7b7283e996b26d7793fe6ae75f63fa5d497400e8d23708d328926780fd,000663.png
664,652,d1af4d44f7b52e0fbaa2407e8c19e743a669fe9205ec4ede302d1f16be13d01a,000664.png
665,653,f73311ad53c726835d5aa0c4b2e292b9318f1016994b8e8060b31a60c457c15c,000665.png
666,654,eab0fc33ae2f40553ecf82fc2b4440d394d3183797d7ecad7326bf48a6cae6bc,000666.png
667,655,e693e79f1e81fe3fad76324e7ac6af1793be586273ae9fd9236eb111461b7efc,000667.png
668,656,6272dda23f828cb18e2bbdebd1a6253eb662b3ad2fc6f0d063cd9461cd3c8d5d,000668.png
669,657,0193903f77d2be9e7c0136b402c8d4725cd2e5f91aeaddb8c436b0ae3b54dd37,000669.png
670,658,3125f2ba991232b9197fb80cf66415b9b1966eac501044f09ef74c1a2b9132a9,000670.png
671,659,0f9250a1790fcbb2faa455d2ac570013c677e01050f20a002195473ace22b98d,000671.png
672,660,b698b67f8975df93991f7760fdd505bc2ea5630769beb33aa55903f13f08b804,000672.png
673,661,469936854bb21b82d57484eaaf92b9cbefe967be37371071ab99a8b7e150ea15,000673.png
674,662,aa68f3a5eabd65df66cd23505ab8ca498e6cff085de9d273229c0c3bb15249a1,000674.png
675,663,8aa0be2a7fcf36dfb6c5bcedfa4d76dea75eff0c00203426a8308f9c425bb01a,000675.png
676,664,13c2325d0d18cb8ddce6a6d4fa0eccd871655ef338343ddd1d29ebaab34e5270,000676.png
677,665,787f3f724aa318a5c240febad3a42061b4132ef96a9f1c7ea9dfd2f0c1d19529,000677.png
678,666,83c99efee92a2763f4c2cd4293caab66b0f74222b9d2193ca032620a9d9996e8,000678.png
679,667,2951da6952ad09c05171de60cd4a60b771f936671ad496af415b67caaf434d43,000679.png
680,668,e85fcd69ff13a00b40dca3a386e76c6f50a5c1be205b6db95689d6ac1fc8f6e3,000680.png
681,669,28590453cf49a81750ff691dbf0dfd3c253e2ac509fe66936de5995aaac622d8,000681.png
682,670,0a4f12e82da4a69a8e75c444a99d0886b8872bfa25a7d8880743374f7a05b119,000682.png
683,671,8d7ca2d10e808e2b211243290afaaaff2338ce12589c1a0a94ca4a748d62b158,000683.png
684,672,7b4409614d6b4fd6d4efe5360bba549664c26fdd61a361a5a02773d6f0762619,000684.png
685,673,8ac0f600090772bf4bd4b390367fb8ac0b43ec047bbf9848b8e3fa3028d3784d,000685.png
686,674,b1416b90001675305528012f36607318c918c8529b56289d3ffc727dc40a2b8d,000686.png
687,675,f03347f20cbb53ac63609af898d1eeec9974d434d96c19a93b54e73b273d73ba,000687.png
688,676,6e720b97ef5300bd07224270e85dfc9c963a7a4c2c3ee6990078c50211302afa,000688.png
689,677,247efa286d384ed137e82c3350e74fda034a9c66635d6916d6d204fb4fa6e1c0,000689.png
690,678,a3fc8d6f33988913a2433ab7db46a7c994e6be007e7d2a1c8b1ea26cc3a3c91e,000690.png
691,679,ce5e120d6f1bb975cfbf726725bd9f72b1f93f7b25fc2de9f45af704bd7a0ea9,000691.png
692,680,83285e6490b504ac1fba353ea4616bf0ca09864ad010215f50b212a2101d7a13,000692.png
693,681,bfa5f0f4357209e1d7646126a3a80d9756cc7ad375a9b27e200e299786077a88,000693.png
694,682,1da199e5e4a148ecbc945df462d32be8c99b70d4939ab702dc14b0c1bf837969,000694.png
695,683,fd3639146a18ebd4c1390b9da6e0656b2d0861db237d0bd8dd1af33a2edb7938,000695.png
696,684,2c4e1ec3deef0c68f33b8991e3507adea088195f94c35a9d860249c0dc8d5707,000696.png
697,685,bf566891cce33f455a725f59ba4733e1f2dd0a159b9dd7217582398b08cabfd6,000697.png
698,686,1576bb4c25e5c8a80aebcf83845e3f8fb6130044c08cb1f871c4d97e87de898e,000698.png
699,687,b2cf594606a768b4ac3930e00a608ed5424d0af600f83d76097eef502c64afa1,000699.png
700,688,8aeb1a3da9898a7a601e9ff67bdf452f7d6ea79be9336b73cc4196286fd2db7a,000700.png
701,689,5f9f0fe38a55571818a44cb2044737b988694159d9b782ca20cf586755893d03,000701.png
702,690,e2a527fa69ab16367fbe5d9097393020d4d11f3fe1b72d3811f014919bef8fcb,000702.png
703,691,f1c792140480b54d24b4d0e0a1a9ef39ee8a4b0b31bd62d1b916e184a4ed7d3a,000703.png
704,692,3907b973f340f604f4b0261935868cc6aa51938a2dd3760e0d77cd100f95752a,000704.png
705,693,0867754a5ed06ab64d55af4347ec0dc9699f3ff1fc017c7d993d64e7cbd4b354,000705.png
706,694,5a1297f94094be458df04658d1cb2dcd6500b16e9534b59b08d3bc0f01fbb257,000706.png
707,695,df85c7d95d62292f65ba36aa175da45ef5bbe29ee2ab4bb007e583f31766cdc4,000707.png
708,696,508b2fcaf78ab515b415a148ab2106fbc30bf3870d8922506af3671d2997a624,000708.png
709,697,1ebb4adebd5fd13c10c64c40908850783a51b2d29e9efe0c41dc85a751def711,000709.png
710,698,5114538abf20dce463784fdba6eeb39be4d2da414e2f6d7487f881d68dfa6ef9,000710.png
711,699,728173f7dbfedcf79e84257c5ba1a7c62c96e674f6d2c5150513b567752aba99,000711.png
712,700,2d69347f3b4981d1d7c9c7d1e92d491fbf2b8fb02700cd51d416486916f5f8f3,000712.png
713,701,fd25d5f5dd33fc71737fd75ba709ab7248028c41e409afc2b2a02ea19a2edb41,000713.png
714,702,f1357e7b9bbe555101dfe6879c61da2f3642e927c2aba26089587a0ed2e58c3a,000714.png
715,703,b6b0a9b78b0348de32243b46979066c81a3316202cfd1c4ba2b9bbd51b21ac56,000715.png
716,704,c5469e1b95f83c8c27e2b148fb1ee66a1be23faa170cf3f38d28d0fdfd19ff3a,000716.png
717,705,05e5d25967a2ca551bcb45f4cda8b43d47709dc2719a37254c87403fc128315d,000717.png
718,706,36e8b7383d7d2f296685227c607e690e0781326acde81a885fcd8cb49df4f20f,000718.png
719,707,b66ff783404b736b710f09b74e920e31917b3fb1948a681e862d6072a6c19b89,000719.png
720,708,3ec6c1660e4020aa9970dde6940ad3da4b3947c9dc4d6eaf490ef94811823b50,000720.png
721,709,99c16d58a567baf35feb5f09263fa8507b05b2d6418a3136acb1e1ea24f5ad1e,000721.png
722,710,7e2b2fadbd34ae55e5fefdb0b793ef8ba3bae4836ec553da8a4c13b7712dac13,000722.png
723,711,c778af1b3fb28a701fd03719932d2438da39bbe2799731ec6d5ee8e54a6c735e,000723.png
724,712,6ccd5d3355e81302339afc875c232c96607a68bd749ea697568f32bb3b57fb40,000724.png
725,713,2760bf764ba227a7a63d5b45f75054f4ba0c45da95f35b40bef1f39d2817bf21,000725.png
726,714,b5e21d406e63534848ce8d2564798f9bcb08cb6c402415609c3d110d9ee6e331,000726.png
727,715,6bdb049e6af028464ff05a752b3b9e9b235033d0d2717ab111247c3865892d81,000727.png
728,716,5c5cfd2ec66202d48b665e0220ffb7116cf97e69629a129c555389fb29a7fef0,000728.png
729,717,f752c90c205eb23a18fb39a6ba6cb0f2c581cc384ecca191269e4ddc1c457a6d,000729.png
730,718,13a3d225e1633bad0e68b1a0e2db9901366656e1e42f37aec1862968bace4e3a,000730.png
731,719,2841b2a75de09ce8b5eddec7f21f6b4f4905fbdc82b9cfd465e4434160193d6b,000731.png
732,720,1a7ba497bd938a55a40934dc64d0aab549ce6eabbe2e5a41df0835128a0e6682,000732.png
733,721,b62141ff91b8bd218c71959b5cfa2526a15fec3f9c9804d28cef05cbb6609156,000733.png
734,722,5c8396d043ceb6a7ef079c2f09c9b31fa610868a2d0ad242d65bd1d1df10fc6d,000734.png
735,723,8b358632caebe8ea580afaed445dccb2a7fada73decc17f1c182586fe139a0d1,000735.png
736,724,e07ea5fea6b71b6a6ebf4bd9f35f274c35339dc9d731a721ae1a3d8d637d6c3c,000736.png
737,725,22f9e12c737e9f82d4f93bd3a705774fafd8dc72c259df214b3ac1a2eeb2c9aa,000737.png
738,726,b74fc81e5763e99533622e4beb764da38f5ffd7eff6f86076cdb1ceacafa2764,000738.png
739,727,0d8e8047cb8523a6a34dfb4f95048f2369878cb9eb713661cc1d3671da849019,000739.png
740,728,405ea0227802bf043557613c583c79dab70296fbef74459b257d8b2ccaec96ac,000740.png
741,729,aa8da04e221bad966c3a1190ada8609c07f214f484ef669626e516468cc5b3f0,000741.png
742,730,5332a2cb641cd64e8419eb237d2a6cd6f4a416f2deaed89bda0ced1648e76b52,000742.png
743,731,402c992a71151cb8c9c5e0681fde59e47c8b4277348137d6484486cc2379ca29,000743.png
744,732,60ff7ac1a6d94f958de3d44cc6f678682da0440903ee90862e91bf34ec1ba43f,000744.png
745,733,bdc0bdb4b7d66b606d66ceab88391a651d7a1c51ddf7b6e8385523fff534c6cf,000745.png
746,734,e8aa4c1fcdbf5e57e829ed5e94f7219817e4dbaf6cafb9a3aba0daf0a0e37d2d,000746.png
747,735,b32d28f7804699dd84b11e20ba377a6a6b1272334a1d3615181497cb64ae81d5,000747.png
748,736,36257c53c68c73d94016137de5d98766575b6c03a64465d22d8eac3f1ff45ba6,000748.png
749,737,1c3c24e56bdc61debc10e0068e6caaf5dcf9ec548275f75749ce8b17f0285d52,000749.png
750,738,a908c8f035d7a3d8ab334d74fedb2595b9cb5b4a78325170e0f04af848def75c,000750.png
751,739,c3388f54dd78e035e9ab7eaaa9b6cdb73f22536f5962a57d03604740980ab3fd,000751.png
752,740,06a743626f433a8b249a88b6f6bd4ea6d889c01ba5050ce869ee8b701e117ee8,000752.png
753,741,39ed7989258ba86a5fbbee5d1875c2fff7708ae5c5e8f35e14abb44a8613e4b6,000753.png
754,742,caf8a2c1cf079e21723645f9c429b86a7168bda349be2ac6a3207658bf913d28,000754.png
755,743,1fb3ff9f9825491c95d9f9c1a67c350349afda6fd15199f0b2801240a590cade,000755.png
756,744,f13f4a4708e0d8a5f029d138f0a98ededd5b9bb38e057893559e7400d00b0889,000756.png
757,745,d8826d5c2847c95460746139ccc5acd219c4c7cbe34c4c06e325d1df013d87ec,000757.png
758,746,6cd3f71a8fdcd362fc5ff383a1efc593ef5c4fff55d88d17d46735c89b10db73,000758.png
759,747,c984f2bf859b2f7ade6e07612a4d4455fdcc139a85dc1a51788f38fb6fe1a68a,000759.png
760,748,8dd98d04e2805ab2e615f8a56dff43e4488d5a9f7c4b2741cd1acfe36c59881f,000760.png
761,749,f09d2b5abdf76794b264f8c28616127ecb6c5fb571fb835305f323b8d4c2ac0b,000761.png
762,750,1f067268f78c0e50f61141130688c047222fc5fcbcc442f7dbd1cc7e891bd38c,000762.png
763,751,23d69e89cd3b2c0b242dfcac30e57cea87df1009b77b63573d128a5eb762903a,000763.png
764,752,c86c24161bcc332a98385d139422b22c9403e5dad2fa2f31b690273e5c5c3572,000764.png
765,753,bd49b91fe469a3177f977086dbf6957cc34b12bb4588cfa6fdbdb61ab8ed6859,000765.png
766,754,372eaaa5b32ab0b51c20d8d0ab6714d16c9088f9f220e43c8c67252529d50f25,000766.png
767,755,1b9b52e611e692c1a3ae312c1f0cae41d890320597dc5f81a9e45220ca59666c,000767.png
768,756,8f54f35aef0f5d16e21cc801ad62bc675c003ede89083bf5ba7feeea1404e57d,000768.png
769,757,866998bf4240c7f17ae5c3818a93c2898c8778af0b9fcd2d75dd00a3cc4436e6,000769.png
770,758,83c2e5621ab6d469ddadf37073c99f71211cd8762b868bb3f2eda833ee097b63,000770.png
771,759,2d02dab997c5614952aa57328e55f80fbf90d5585ed16338717a6f9c1ad9037c,000771.png
772,760,f107dc3265ea29339a7d8693e8d38658334a8d8fafd5ff1555d1c92be700ff51,000772.png
773,761,ca0d93bf01948d36d74fd4259fc09d4f1d70231d000ab7f97cffd26382ad5c38,000773.png
774,762,814a9d342f0d808e9918a6e488d680ca12bc60de181c39156cfcd9857399ad07,000774.png
775,763,e62d100083e5fc06c71fee6d86b207a2444a3a203b253cab81748e5f7bafefbb,000775.png
776,764,81244a9b845281090ccdcdcd8bc2db18c4fca9487a2e93b4553f0c9bc849690a,000776.png
777,765,3ed7aad02569b3e9a816fc9a8b916526bb42c7a91317df14d9e1196df9e1d157,000777.png
778,766,5e39c4fdec98a31a7ead93e7cee42ed09411b3ea14632ebd6cfef5ad0ef6b07b,000778.png
779,767,09785a7dd363384acfbacbd3b5c072f64426ee56d0dda8b4f42b71a482a174ab,000779.png
780,768,a6dd946e1267b01839cf63a77f8097df92666a1fb3eb1c3c82417df5232b0e18,000780.png
781,769,8e9d4c379fcc7d6f28c05ba803d830225ff60bb756311e93d63d2c16d608311d,000781.png
782,770,0bbff2431b3199efe50f57e5d7dfa75d30860f9e00e087b14bd9a793b9ae6d6b,000782.png
783,771,0a2fdc3c7bc4fd717e90009145788382e4b1f2336a216bfcd08b552a7b4a45d9,000783.png
784,772,050ca85c044f6ebfbc8dd579d5f77587036cb8c8e9c7de03b514b3c93b5401b5,000784.png
785,773,f9bdca309371ca1dd82b6bf27950aeedca110d5cdbfe3472f63ef1fa55c18111,000785.png
786,774,4ddd9cfdf486547fddf4fde113b64491bfecaf21015b05a591bf653693689604,000786.png
787,775,4ec456358469c2d703e3d9e8a49ef7a4c3266f3199d993e4fec45f0723d05ab1,000787.png
788,776,ef61954d45c67d1ff11eb67f4f82c8546abcbcb09c1b7d12187b9c302f49adf2,000788.png
789,777,f8545417502bd43aff63229980b0cc1808c97754999f82603124dbcd589fdb1e,000789.png
790,778,7ca890cfe8f99f902400943d27d56f8362575adf31367ab34bd36bbaa645f035,000790.png
791,779,441705103b4db8bf48b62c0dc5fefc94d023af1e7f2105d3006bae91bbce3f7b,000791.png
792,780,c982629207b57b5e91125b9bacb56959641391a9438fa31e2d4aabc6d76cdb8b,000792.png
793,781,4d6cb4c4c74376e03ef9bba126203ac64070c611eaeb243d08d41ead9c92ac9a,000793.png
794,782,628b562243c829ee8bd7953be63cc6245a2c9d4c7c08ce82a9a61ee335181298,000794.png
795,783,65fde63386e71bf813df645ff939552e26fbf97e1484159cc4ff72cbb3a6485a,000795.png
796,784,17d140804f9873ea060abb0ce8fa8a8612ba1a47339812bdc8ebe1a9b330892e,000796.png
797,785,7fcb8081a7ba7a904db92ae5e6997219311ac731b81715c37808ad740f072001,000797.png
798,786,648d8a0fc7a504881623e4dfdb04d84e7f0c2757dab06e4ecabfc40204ecbd84,000798.png
799,787,2930a068ebf4dfdfe4a94107fde3730994ee8fea45960d9945fc095ad0bec79b,000799.png
800,788,e1fa8c4b67563c9448f594146c4eb7ce99a25d04e006193f84dd7707dd95ac85,000800.png
801,789,778317595fdb85bde322f15cee1a5efb23b7d64b3065b3c3c9c05261ded0b892,000801.png
802,790,61ee7373758e85bd47dc2453dc6c25fe8a5093abc474305c8e33c32e33922e66,000802.png
803,791,8ee1facd4b8464f142b0abf96878e36373f687efbb1f4166075c6f799c76afe3,000803.png
804,792,c6f75f7c71eefced5eb915351092844c9e0994de23d0a0f1a40a83437aa19dd5,000804.png
805,793,0901d9a83ed149123183a24adad4e1ab08905098911c2c5dcd8abfd51c3afb76,000805.png
806,794,ca660309296497cd191024ce4d7a7e209abf136c701e7a6b27620162fb7d244e,000806.png
807,795,9dee23964a051e171ef2a167079770eabddf9d2a9e960e5b8cd1023a2251cbee,000807.png
808,796,2816e63992d66c34aede2ecc76e7c2ab675991e79c175eb68f030c53103c2c16,000808.png
809,797,a5e7ed6dcf884ace79323671c3fc2ef36421740d34ff941b030188b17977c953,000809.png
810,798,be9851052da1160d11c659e0bf039a89ab738ef997bc16d9710a763abd0167b6,000810.png
811,799,0de183b8119a17569c99c6339e061e1999954f01a29800ffca42133b6fc0070a,000811.png
812,800,b20870a26fef34891f981ff332b6fd82ed8d5c38dba34036d0a94dd6c457db8e,000812.png
813,801,657c31ebcafe492bee57bb688dd7a556bc4b0edc31db358e4ef7c4088eb19a68,000813.png
814,802,7ab40e487fffd97fa18cdd9abf9dad6dfd95e9d111870fd5b4453517a64d662c,000814.png
815,803,7f61f4ef66541f4d0b051f7e333ac23b4b5a01ea77b4d3af609cc13a2b6bb41f,000815.png
816,804,b249d9dfc7df443c1ddc9690a02687ff666d403c870d91d15d260602881ee800,000816.png
817,805,3060eb53d320c56420d734b19d383c51dc672c82695013fb177a6dd6a6f5f696,000817.png
818,806,ff2607d73d67baa4c46393b1f8c1a9aaed4b915559b958fcc10a715d88b59640,000818.png
819,807,ce479fcc0ce5b7d58a573f371cdbc06469635a0642addda1690af9b6d162f726,000819.png
820,808,24f7afb37c43b5f1515e2cc8ddb65ffc01433e5cce0d861b2560da09d413c3cd,000820.png
821,809,9e9c44856d2d25c08fb382b19019538fd9b7c404551ada7f68224f9ea74aa4ba,000821.png
822,810,6fe1246c8c56c903203700a5745029d4c3c26b21ebfe25f80ddeee4c0ff6e0cb,000822.png
823,811,bd94fd57e82867a3d05f88b7380ff2d1f0efcafdced37a09de201554fb6d4be3,000823.png
824,812,070243d76c0b2f30474dd7e361bf37fbfd1767a70112fc4e72e76bd33d6460f6,000824.png
825,813,6f124507d97a50b5807c6664132533a5e04e0a17c75548e01b0f05b42b60a4a4,000825.png
826,814,9ee37c38415ef1f622afe907be90b380e0efc9f354cd66fcd5fa7ad07561a921,000826.png
827,815,4f70de81b22fdece606ff1b343bca632357df9306fc5277da7d517d1654309ba,000827.png
828,816,c23961e8739f3451999dbc0f993d5b6b484f4a7c5733ac1504be0e14335ea193,000828.png
829,817,40a0593102aaba01ed051938283602da73f0a6ca6b13ec4e29ba72682fa3c7af,000829.png
830,818,462121cb1bcea41721cf89280a3889df85eed5b4370ccc49e5b53d92dd6a2dee,000830.png
831,819,ae1ad0800ddc4d3bca7cea52e93d8fd0d1702210e5ed2bd700bfa9b2da76ecdc,000831.png
832,820,86818479acfee8301b9f4bda9c0470f7b8b947e2d8fd4b381d7a79be13fbb087,000832.png
833,821,b5320654ef4e0d82652debb05c66478332603a8c81db9c83cf62268330316a78,000833.png
834,822,fcb399af2fb125e8f8f28a35f88accc991d4ef8324636ba514adcf19d88844b0,000834.png
835,823,e10e7689e6524d6fe41d65214dbc237c363f03036b328b882276aac51aac8d1b,000835.png
836,824,549176747ec29f239fb9450ef532b89c670374e386ce1103a8d74ac8032792a4,000836.png
837,825,4068f079708e4e3030af7f15253017819c0c0ea78146ffef4558b56212df870b,000837.png
838,826,796677a35316100169ae031e7b058c2fe79549006804de1cf0646e71ff1558dd,000838.png
839,827,8d14e12bdd4d840380f421c1a1c48a3661497ff760ef37ce3f814eb57c9a4f92,000839.png
840,828,6829b2817db1445bb318e7363849a394a77e63fa4104bb5d7f09a8caeef2eab7,000840.png
841,829,09e89a7a28f342f29c69c71a5605b808a5e6bdeec05ece356af137e3481929b4,000841.png
842,830,6eab65b2e3be6c5218f4facd358b2edf2f8807eeef56e99a4a246ec5ae24e6b1,000842.png
843,831,898237d69878705167b4bcbad1bfb9ca599ab78228100283c1a283d392354f70,000843.png
844,832,861493c88f72b26114d3e05cf77645b22643397187bc0b4736f0e88feb417708,000844.png
845,833,4d92a680259ddc6cafffd5adb9d976fa97f8bfb1aafaf8649700d70453b487eb,000845.png
846,834,66476545ee5380d0354c092d1b134f655ac6a71d0755236c172b8d4a80eb0809,000846.png
847,835,a80c259a574e2c176c1f2cf837fe424928e6a3d37fc1b055657071155b6cd122,000847.png
848,836,f51518ee9a57cfd9d8a2ea7dede81f4818e6084b22a1b0048e7276e1c9633e0f,000848.png
849,837,6800fe8476716dcb84c177a020cee1201e62bc0992bba22298da4aaa3448649e,000849.png
850,838,06bb060feac06005d3f238750c0ea9cbdd829c7dca9455c8947d8870f6e0e873,000850.png
851,839,d17c689bee638355a5792f664c5e2f8ac5ad9dcbba64ee59d2f0a3889ad28e6a,000851.png
852,840,9a60f0c71ca25a9eaf05d02e3e463ca7e4c4688fe0704b6286e0da731c518b72,000852.png
853,841,c5d33ab4a29ff54afa6e3f196000e61ea3f6e6631f2a408091f4ab7578a08db8,000853.png
854,842,478051332a55c1cb214e5c1c79ac4367ef5cf0300961feee6511556fd4bf12b5,000854.png
855,843,4e02034d4062d9841f6692726cf13ab8ee26d9c0c97f68c00c63a2f35bcafea0,000855.png
856,844,53d9df00af74c53a00fe30794bb141f8349a60a48a5e45b1faafbe7f5a477f17,000856.png
857,845,f9c436ba171641bba04974933d2440e2ec9bccf6fe641fbfc0cadd83a843725d,000857.png
858,846,7d01c1eb354d48b0c238e4e71246e1ffa3fdd293d9bf2c0549d20dd2dd8cbf4a,000858.png
859,847,8493833f67e48c28d5cdd955ba3b401f02123a60d9ad890ff6515444ee6e96d0,000859.png
860,848,180902438241f7aa80837d6ff29b2c5e49052a1e12f51491eee1afa1fd307ef0,000860.png
861,849,62a4f06fdccb668156dce79ce587c29b19175b87f77f6498fd42a3978bbf6b08,000861.png
862,850,e5098f7a176c233fad3eb6ede97f0fe0683b52b92f9e597b5a0414542a3c893b,000862.png
863,851,9846fb9189d3b128162194a49b3ec38b9e388f08aa37193a53e11df6a4086fdf,000863.png
864,852,d8f4abb7d1ae00706878d0c8f38c90e9e107a1a80de1ce3320050dc8b6c85e98,000864.png
865,853,d1a591244b04899090e625d81faf27da756d66a8863501ed2328fe7a964f979c,000865.png
866,854,758bf7ffeb4bff838231c3b08cf845bd7545b3abfa8308b9ff06598085432886,000866.png
867,855,535521b9d5bde6008637add0360b50eb9ab3d2f02a91a220edb480bbaf45aea6,000867.png
868,856,ab3483a6839fe810dc244f9ee4a04325222032f6a5f4f7a0e0ee87c6a06f21e3,000868.png
869,857,d4616e0cbb305e156fae061398dc1f7d3b4c85d29bf96d6077609b87a07d7b3b,000869.png
870,858,357cbe66137e3ddcde4dc25e8a90d94dfa81319827684f512826bd27ca1d13de,000870.png
871,859,17c109f67afbc9497713763fa3fd2b4d2a607ba47485dcb8c2a100224968ef4c,000871.png
872,860,2637e4a4d13e8b48e5e170882bc9ded7bee7ae95318f47808a7f74632d52d8c6,000872.png
873,861,0245dfe3198a58a88fee50812d0b9b736a0e1a866b09789cbd17fc3e216c207a,000873.png
874,862,ca2ab5f86cb31af925641a51f535b3841c589b51a41cf9fa1596acc2bf223dca,000874.png
875,863,491c77fd7bbd96ec44efc696f1526d533101e32987d96d9ce2bc9791bda8d13e,000875.png
876,864,b7c7d867042dbbb6e0e0f67f6b0c5baa25daef0ba841ac07376e944a4d6e75dc,000876.png
877,865,8ca63c1d4b559902df5140d4d9e25721a8bf1d5b2301ac25549c0efe56d94b3a,000877.png
878,866,3e58cde66c32b94b708b5e9901bac3c1ec7a5bd65fec0847276b06bc10798591,000878.png
879,867,5e3dc0aab863e811b75332c2c4338446c493b919d20dfffb29aa10dd7dfed039,000879.png
880,868,b1b66da011c39bdd060fc5b9847fad7e29f3dd2a5c7f0b007124af4c005367d7,000880.png
881,869,9f2ce15b3b11b5d897003c524189b2c1edadf86da44c6dab0d706365d13f975d,000881.png
882,870,c31cd7937d766b8cb76ce043949bd360a545b3af1980ca8438f044b081473a9b,000882.png
883,871,79efc555aa32dad04c215a261c61b401d0f6a4e05a1b174e87576fa2834bcfa5,000883.png
884,872,42eba12eb4fd00bbcb3efed3536400afaa918043d7a4c71b92875814cdc0bb73,000884.png
885,873,b507ff3d7b2513a67867f93ce289eff6ba75c66e528e4b74e8318505d3363562,000885.png
886,874,354437505d7581d41178fbd0d5d0ef109b3da786442706a60b3249542fbdb9df,000886.png
887,875,5086d856a41f56af2352c59e8c1ddf86be50ab4622248fd4152e1d188029305d,000887.png
888,876,fb1b12bc11bb5ed6ab70362f1368cc1ac39df076e6ff17d7247598a1b1071025,000888.png
889,877,23d856788086fb5048fa81b9689f00f651ea247865ae0d7686e41b008e2c5af3,000889.png
890,878,fcc5c4ca922e57d4d96345c1872617a5359612ce7484d1047e7fadfae455aa50,000890.png
891,879,3ff083b4e72995ced4c236869a4bd9fe09dcb871e3f2f9703d55399ff363f043,000891.png
892,880,89f43ed255bc9bf1e69feec6272b1a8798513de66604f400af3d7ea6b5825303,000892.png
893,881,843c98ae3143b3f54409bbe958560fc28a3edae96d24b41fc52a6997882a3f79,000893.png
894,882,56675d32166f84dcf7369a109ce8f6361c2d6ea16bdc541df1824f7debae83e0,000894.png
895,883,cd80e66f46023c6fb2515856109b5a2e3f298c60bd8cbad38a95b1411a426a91,000895.png
896,884,2b107c4b7f669eed7d72f66c2ddd188e2cd9909b4e33e07713700b797b30814a,000896.png
897,885,31dd6d38ce59f7157efc46d464d225f13e8efef09a9e4a235fb411df7831bea2,000897.png
898,886,f41c6e272c59d29f2911f9f72180244807e6922173d9ab27fdb9bd3c91021661,000898.png
899,887,1400128b078d80d794dc201da2d2ecdba22df1c01a1f51583bf97dfb5419d8dc,000899.png
900,888,73dcdc737fa4c3be963d47fd9609eeef68e9d6d4f9467f84556f800529b074d4,000900.png
901,889,46c990f445d80a65256af23fa56331b074cb1d9429cd08c11096a92e57a5f0dc,000901.png
902,890,38e0e5db09b43f12b8e5bac7a409126bba0d159b6860d15a32e013238edc7ce7,000902.png
903,891,9dccaaa439951685593910196bf0d9b23565a081c95482e1807f860ae3949c6b,000903.png
904,892,226c6bd39169a8398a4fbeb1788cfb21b7beca609d19e6f9aba8a5928e33b308,000904.png
905,893,e171c4ef484ffca5a4a2bfeddd1aae288ba587a376564a6ad951fa18249ee277,000905.png
906,894,c0ac54d01c53ef628a63477969de694952aae429f42eb2366faf6422f2b5584b,000906.png
907,895,11ffa3bbab39d81a675d065af52403eb6afe6c4f7064785f27e861c2d9c0c00b,000907.png
908,896,c9471abc0269a587f3f5202c8aaebe89435b10e1f8b00054ad7221eaf55b4223,000908.png
909,897,cb209429528f718f478f0d695dee54cb66b5c9eec0f5598329391ec57a91dd9b,000909.png
910,898,23bbd2ad31cdaad4204e2e4d30e43d5da5faa6bb36c50a404843553e124faa8b,000910.png
911,899,94ac3801d591a5049a249de73946635073d00ed8547f22c45d56e67732586a2c,000911.png
912,900,bbfedde07e6bbf0425fb06c23300e1f3c2ab6d7f38ccec0750d11c198c05513e,000912.png
913,901,d039f65d74b9b76ee30923300133af18a9aa97cea2eed53fe3da35cfca161413,000913.png
914,902,19af47894fcfa0f972187b521dac779ec91312daa7c824fa92076c1513adf413,000914.png
915,903,fed739700749c73d4f185e722e82e3b267b74a1b69b4859b5db3ede015c6ebf1,000915.png
916,904,773f22a3bca861c167378d84c27be7090c37dd9349ab61766a139b31db16d6f6,000916.png
917,905,fa4e628daefe628cb19e7766406da1b1f0d8b5ab420bbd67e7da14d2251d9232,000917.png
918,906,44587e3ffdff1ca020bc287d316b5cfbbf26f889415f79c456d55d33c4f6f8a4,000918.png
919,907,6d8998dcc2120efd82128b38d5b00e20a0a112b1c4f9de4f4b4364cf4a2ac60d,000919.png
920,908,dfa2e8e31207a6f5a908c44f38fbd599dff8652a10cebc2838cf42a3917bd510,000920.png
921,909,391b022ef11ceaa704ff7e516538acf439c65d4635bbd2bb66f8b251819dee9c,000921.png
922,910,ea1d88be98871008837bdc4280daa0a8f16ecfd40fcca50a396a14a1b52fdc37,000922.png
923,911,0dbb27a4b58e9de519f724b341c6068b9715d2e1da198d6f2da0e34676ef506f,000923.png
924,912,0ff84c8a3f360c35b2711ece8a276f14a8d5fa700e0edcbb90b91ab2a540c9d8,000924.png
925,913,11bfc66d647663c4831bb03d1033f0438ebfe9ec75e9205283ab0128a4d42dca,000925.png
926,914,974358c191d94ba698506671e56c0e96e799b6e000a9989dc370084992e14082,000926.png
927,915,1965db5595b5ab66637a8f217b3b05c866d8a355542f50df4dbb356ae920df1a,000927.png
928,916,79a69e2032638e8209ee06185338f2085cd4d5394d8c87d94b534a36887ee793,000928.png
929,917,e5543ab3b1a96cf1e7861cb63ffe1073b86e0ebb0e8f36596e1a8624432b520b,000929.png
930,918,01ffbfabe9dd8763c976b973405b6a1d93bfbaa3b99b65b631f44298e118962a,000930.png
931,919,4186570b2722f070eb20940dc4c6833f3458aaa1b4feb4369b691be40ebcb604,000931.png
932,920,611d6b623ef7e407683d9b9e06c4938a2ce5440e453d6f7a0e8026f93c9ea21c,000932.png
933,921,53141d7125bfa25e9b5dd409a09d75910490b5f3a310bbf52eb0a13d0a13188a,000933.png
934,922,41a1823b3cbded6b1806f330b1cff1d0be0500b78e91d3d6089d20841b8e9710,000934.png
935,923,ff8a033938faf5229ba9181ab9d1f3956526819d90e6ddb387bb6b9ebdd64174,000935.png
936,924,89834264f4e3b656a2b91309262dda075c5f8d27ed3cf29040b44af682938d77,000936.png
937,925,883d8a52429e014598fd4c78815bda746c185e3b166ecd940f6963d6041ebe42,000937.png
938,926,6d33c2915d5fac107b3dc4b74189039d680621e183a6c429b09eceee977f6328,000938.png
939,927,25fa90cd5c01b12615339402fc45e2a0a8ce81cb93983bc6e359f3fa9e8f2df0,000939.png
940,928,1427ab86509b4f942326f0315f3290d1907fdfdaa946102f0528b8092d29dc6f,000940.png
941,929,e09aa49f4c65c9da5cde717d040c44295558ccdbe4d601974ddc05e194fb5ba8,000941.png
942,930,18e8a5684f023466def28f0971ef82ece06b2d03cfdf96932e66e906769fa25c,000942.png
943,931,8f4ca3389f1c94015eefb12769b8368c8e0d9d836884f526e946d4ecf320ccfe,000943.png
944,932,5f45962d080906da0a35b90da01197fa0b7f324f0061bd17b13f303c7f822a41,000944.png
945,933,267a70d81a46046edbb7b560b8890d691d3dd609cef003fd5f28138ff2144343,000945.png
946,934,76d1844e4538f4b91ab8ee841a7cb8fe6e0fa722556463036bdfac0c4401ce4c,000946.png
947,935,cf393f9e8274c6cebb13f07aaa0beb1ec86b95be8b9e76469b07f3f10c4514cb,000947.png
948,936,55a335b60f0632975be4e3df31531f0dcc4034270216cf3d5a6573ba334348eb,000948.png
949,937,8e33301856b5678b318292b4e9e3ec960ba6d455c2fb12d83fc0161ac90d9e24,000949.png
950,938,e3707010bf0be0fc14ba593d1791844e72578a6f1768a4554f6c0ad3dd05fcfb,000950.png
951,939,8d1c3455f320918728d4017f47845fea20d4107d07f7babeb7b50f67ff0f839a,000951.png
952,940,3d8c2432b7e82155ea4dbc37bee04ea354a29c77d770b3bf2b9861ed5e37c51d,000952.png
953,941,b9966633a37498ca65889cdd40534bc8fcc614fe3f13be5f86d18e7ad1c13093,000953.png
954,942,e5139553f6dda28461826201c079a3f7e4064ebda1a3c65bba0d0dc3ee7e7738,000954.png
955,943,b9235eea5766fec6438eafd389d1c0f93e5e26e6334590a671c2bdccce1ddbf2,000955.png
956,944,39eabf86bef2bcbb866ba83f87804653ace4b38c73fa5060994ce90d89a0a864,000956.png
957,945,8836103a22fef57c6092d16aa19636bd2226b72f01ca62b311dfdfc328b1f17b,000957.png
958,946,95cad9a7b99107d11f047a00985afd09003c69d58b52f4f86d7c785fa0e2b95e,000958.png
959,947,67bbd95e668ab3ecf64cdaad51c24dd981203358d69b53563b232959d220aef3,000959.png
960,948,c92482993945ef793ec2301ec4413ba7f84796f270f0c3560fe318a16dbdb0c5,000960.png
961,949,254c66a33205346226af62d2e5ea9f075f884591215ffc267658962e94a18b00,000961.png
962,950,4a75ad6c97fa3c02896db00cefc872d5103ac2c1c6384d76d54bae55ce83d6cd,000962.png
963,951,4d271dd9a0711a2c3af29a3a68ae6ec85f69f7daae1a09078ac11299971c6fd5,000963.png
964,952,bd2e118d501a952db806e4ba936ad959559f6581dcaf09f0730ba6ddaeb2678a,000964.png
965,953,358e2d454764b364db7a2f94fb958c6a770c79462ce36b5e79a22b29e1b27915,000965.png
966,954,9346f6c65b251384d97ff966ade6f3255637da9524f8075c9e275a7b378524e3,000966.png
967,955,47363521fd7bcd89ec3caac21c02d4e6b022d33edb097ab751eae80bbadea41f,000967.png
968,956,623b2ba2ab3c608c008c697952a06010f18b1eef0f555dbe1a13b0baa53111da,000968.png
969,957,369fbe3b99530ed493cb365cfb628bb943d0503c4e408e73a1cfeee0bac36e1a,000969.png
970,958,b2593cde46f046f725a4072d1f5378c2ccef1e1cab08f72be055e6410da3c6de,000970.png
971,959,0263c7da6c98ccc2ee8627ca65ff6f5b6544d9e5ac4aa0984b94a67d5725a2ff,000971.png
972,960,dee70b197dce85a7eb99c843eaa5e67be8a7698db01f9866c2a28bf3e9b6d95f,000972.png
973,961,183083850b84d98e6aa181876b2fcbef9dd2b3f369a1b6187d876f37243bb2d3,000973.png
974,962,b005a5cfefbf2babaec0d563823bbce190cb9dfbd22ba6ab558369412b048629,000974.png
975,963,f0e27a60bdb6e588e24ef3f094e3a16c5d893ef8290ef7ef639c976c6d3817eb,000975.png
976,964,0fcebd8f0fa36f2871dd11f9fb45fc16825f97e40aaa0f3100d00df867aebd38,000976.png
977,965,5aeb8b1592e5f1f0a41903d797e5ed213f744a6b5ef98b2c4aee648a8833591d,000977.png
978,966,134bc28ac5575df0ce8c2412bf26d81d2c01f5f95d8e84defc89f1264e4395b3,000978.png
979,967,1ff88a7e0ed2c17ea058e6fed00b72ee22796563075de7f70debb24d6be336de,000979.png
980,968,51ae98375e56e0ebf2793dca2334b7622573dc1752cdb1920e19813052684b7c,000980.png
981,969,bdb852e24af403ca5b039d8e1c8cafcf20f06d15985d92ce76513dbeba08d97d,000981.png
982,970,e24d58cdce682236d8cfecf2e74d4bc83d47d4fb3d2786479c0f65758cdcbbbb,000982.png
983,971,895225f5b88610ca94ca99e1e6f7ddf5f56d157f389afc5fefb5c8147e674249,000983.png
984,972,bfa03a9276f8fd6a27eb2bbede0e9bf266bed7a4f560a6c8c20f610f5f690052,000984.png
985,973,3005f3eadd0c85d75d9111295f2b93c74f2e7f8b66626a66237224771e983a85,000985.png
986,974,1e7e11c0d85c6c738be0f437e2e91a6779e907c0ab3b41eb11ce481adfadc73b,000986.png
987,975,41011050efa1e09494705e2f9b52f6845941cbd9ba4f9522c3438eb4a67a2ce4,000987.png
988,976,12a861f82a820696d674c8eb540b4f738e370caf88feb1934e988067e9fbb744,000988.png
989,977,b90ea8412e1f9c4bf8288641b19af314d3fcfd1f072ee6af41cf0f65a44f7a8b,000989.png
990,978,ec7023cab1f382b838010bd468772d2eb29756d1ed73974ebba1570a5e0cfe24,000990.png
991,979,2f7ad5a4b2efa8397ce13eec41e6f0a7a39ae3ee9ebb2de46f6455515012573d,000991.png
992,980,5a60346445b0382a707a2c6051f111be105f33faf85adb900cc2fb7bfc4845cf,000992.png
993,981,3974c69d1baf43ed1cb9600156aaf043d11673ed433c4f382c06ef6501102c8f,000993.png
994,982,10839c944be5a4e1815f49c3fad934d9068461a9221301714cdfafd63e97a239,000994.png
995,983,5c6edb27b0f081efbf42007b85aed51a9b0792b203cec4efe80ffd5215b8345b,000995.png
996,984,aa6c6983fcaf47eb4f7697450dbb787ca1da280bb3f823d76e4d980c6e01a04d,000996.png
997,985,a4880fa156b9dafce6d979d90fd4388effd4d44d9a7b83d9ad61e54f0aeee1e6,000997.png
998,986,c05c5c835b3c7ff21e4ee404c3461a33774903461d5274ee99c90c8820f6c8c7,000998.png
999,987,23e6f56c8a6bceea1813278e03750d5e37110992df4488976250cec17a1f0308,000999.png
1000,988,0c3acfe680c46aa84f5325c188a35143b1a4f8a7431036ff83d0beb175ac5a8e,001000.png
1001,989,0e2fbab89ce10f6ff9ca218c79545266e568f9fcf6d7419c904ea6bbd762cd0b,001001.png
1002,990,a6be2ca457ba5a5013e00936ab83b45138c763067f2f01b19d935cbea6f00bc5,001002.png
1003,991,489d2ea4a1055dd80451b7c4472b72df716534fffdc38855b90b79385c407092,001003.png
1004,992,6a27e1c0971c9162487c0211dd9a8aca7139b8410b1f1f4c0d9718d5f5301d0a,001004.png
1005,993,9460f1b3d602fa4a2a9152bae593ed0ef78f6845dbbf980b6b56dc6a8f8f73bb,001005.png
1006,994,0aa239ee6b8122d8c6196e86dd7b9c8df2e7e9bb978adcd6719267fdd7c1fe51,001006.png
1007,995,a15d2fbe3f02d9a549adb4b718754a7712d66fbdc57d660d3333acce58bdaecd,001007.png
1008,996,06189579393f83446eec28c7563dc3fba6753fb73dcad182ed14194c01084e5e,001008.png
1009,997,5668b694c4f856a94a902a26c410a7433200d90850139fd36c68394dcda6fdbb,001009.png
1010,998,2360472b7e8f4d21ddd77735783fa36c85f3d0a0c8ef1f32cda4c18457395f85,001010.png
1011,999,b104152a7af45e1c568baf4dd6bc5eed835fb6d320bbb72029986bed1c243f33,001011.png
1012,1000,b3bdbf8a0c8b449e25f549e5f86c5aedc889a838d90bff177951449145065134,001012.png
1013,1001,49776727f02e94d37c16daf352b4285ff5036498370416b6f868b874d1352aa5,001013.png
1014,1002,4aa6cc43d67c8c8c49072a73faf97c839e177066b59ca4a960058bc48d778a31,001014.png
1015,1003,0de0e916058bf7a6cd52602bcab706a1c05a00585cc48d4b804179764aafff1d,001015.png
1016,1004,bdd1dcd92c0bfccc4c4feef312ace4839eed07e20e1de66120cb55ee82031475,001016.png
1017,1005,1b5a646e4aba204a1d7673f9b2436da7decc8c10a538b2f706bd485547ae3bb2,001017.png
1018,1006,02187eb4f3ee34afec5d7a94f4af8fb8794bee09a36e407091522dab1b791f95,001018.png
1019,1007,7e34431db2e28572de3a140e13de4359537f3bf6cb9d53b75d83e12df0734f83,001019.png
1020,1008,9512a79ef94e782dd181361716aa1996b9c0235353f098585954ca5ee6f33774,001020.png
1021,1009,aa76507cc344d85482556d59778c3e774d5f88f073f6ca939d99b7d030f25521,001021.png
1022,1010,0b9d167d26ca50189c72935425bb4cc49c1ca2d37019a4002b1e5f62cd8f03b0,001022.png
1023,1011,c59b816b662609f6d69a612b7478e30f373eb9641c542142013dc9f115b9df5e,001023.png
1024,1012,ea233a41ed58d22d247bc506aa285927e6da91feb136343f4a4ead0ce7c6e394,001024.png
1025,1013,22037d3520fbaf210c29ae6acf9135a6e2d4fd9ba037f4dbe744a55655d34d53,001025.png
1026,1014,3112c46c78c86946a2359f50302fd76f8bf6f1f79b05b5cf9d2a3bf7af619552,001026.png
1027,1015,40e3f708ec273565ae91e4df962850ce691f3131468a4a8179c6ad820cea89ea,001027.png
1028,1016,db39bf9761111fda1740f13017b4231c1cef1d690bdf3de827292111b7192af0,001028.png
1029,1017,575f1eec3037de3739a38727e0b0727f5a301afa074c3ff27bc1f84887c80794,001029.png
1030,1018,2ead5aa72a19d4990a851ded381f719a08523a78073a7ed31cebd70216ae1d00,001030.png
1031,1019,287a1d53c8356b6be591029b5c5cb58ed7fb11c1ab7a8223a54a1ffbecdb4e4e,001031.png
1032,1020,bf4b20fe8cb233588b01be6ca1c39bc6fa676d26d5a60bfa812eb88866605080,001032.png
1033,1021,7f225909d8375b2faefa51ddf60d288675a0dd9105f6d912f8334ed5a0553748,001033.png
1034,1022,bd6b8cbdb890f97da23eae090f723cf61744e9cbb46cd873cb6bff507f1f2cfb,001034.png
1035,1023,16289d00e3c130569b0dbdfad2074ce0942260eca3b7f5e58eba3f70b3b11898,001035.png
1036,1024,d5b0b374d21011be9c3ff8140640a19ededdf0d24d6967a1cb92da8dc141a269,001036.png
1037,1025,98e701e5202e077e5301ba91d2d69c280fa33e7adc742ff8d0b04d50893ccb05,001037.png
1038,1026,0a9cba89e04a7b01d42f3c9d7ef1518f5a5ff6d62d69b6ebefa8466b792bb4cb,001038.png
1039,1027,a3316c8776d4a969331844411d532dd13a6cb5f7ba3f4bd9a77650bf3f3be44a,001039.png
1040,1028,751ed5b2eca2e05ceee7e8b910a2b1cfc54269cedb3d9d4acb1ff2dbee564e67,001040.png
1041,1029,166e4af76c7837cc565248702cc5c907ad423aa4e42d15ba208ee25f311b5fe9,001041.png
1042,1030,77a357bfc2e8d1e825ef65b905f6cca076a9329c148506a469c2a0b290ba82d2,001042.png
1043,1031,eee3e2faa36d1f222349002b497f9f6987d7ae1bb80be0fa4bbc70e0dbf90bc7,001043.png
1044,1032,362f463212ff736a355ce480e38f202a6bb1b75ead28c5ef0efea0b6f23787c5,001044.png
1045,1033,62c402ff0d680c07ee39c42bb23e0472fd688dddfbf4ea4c3cc8a1146ec26c3f,001045.png
1046,1034,485e332d054078deb6da765d052f70da5f4fa63d9d0612d44e26aada0f60c65d,001046.png
1047,1035,945e0eaf72566b7f363c25b8b86b1e29c17e5de17213a4be7555453f48b5c889,001047.png
1048,1036,7f2580bb3b5d041389d9495784efc4af89e8dfe1ada2369ebe02d88d01cb4222,001048.png
1049,1037,5aec7c7aa5d00a5e7f06a866c7a19893ab3285037f4a161034dc4d6abdcae283,001049.png
1050,1038,f08cad4c4013bc57cdfe729fff3f850fe29178a9cf1e5bb230760093b7b020e5,001050.png
1051,1039,8a2497c65190a2043e0a00455bc4584ddb837bde20eec3e81ce1b991bd99665b,001051.png
1052,1040,93d469de4afb751764020c06573358719b18fe85deec841c6b17d750a3426815,001052.png
1053,1041,16db50e75817ef1fa57727b1e044dd77ca24d3adda8ac5a907b433179329cf8e,001053.png
1054,1042,fd1fb4cd1d4a796830fc54bb4e353cd45d431ae76067766ad586f42064ee702f,001054.png
1055,1043,637bbbe28e02a8c52efc24ca0d3b376d9114150047de9e36cbdc0b4c87405463,001055.png
1056,1044,05c43d20b12a8b902ec636b64254bd44c39d1ba3d6d6ea1502a0cc8b748caafa,001056.png
1057,1045,b1ee9dbd0629dd20bada860163c710f8f55a1c0f4e8338dc433fa2258b1346c4,001057.png
1058,1046,7d7d8233a484fbfcfc27348d691517d38fa7fc20adf1345a69b56a336e5e1636,001058.png
1059,1047,0bd3f6b6ce8d865e9ada6137b3f49da9b9a94b489cfeac223822df763a6b8eff,001059.png
1060,1048,78f278a0e28716c7014748dc8422424db0818b3eb1fa15ede5ada3e206a0c537,001060.png
1061,1049,cae01b30b438809c1dcd0509d472b248866861d24f9440a5639268e9f16069e4,001061.png
1062,1050,b7f9827ccdde88c1631ded90633799166c8fd8f8ead758c317c33898d9eb2f24,001062.png
1063,1051,4a2670df40351bce60151ade76d416f3c78a7cb99130c50c2b9094e385406388,001063.png
1064,1052,c050f3a820bd43b7796c384e0483a1fa9f9cd9fbbe005ac709e50f55b7daff02,001064.png
1065,1053,574f66f428e359a2a2415ed27888f02aada3c1c83f5767029e6e19b056ca8480,001065.png
1066,1054,e3620a0c67ee62405600675a24255d576462188e29cfbe93d2a99ded745e7753,001066.png
1067,1055,d7e146d9902082703bdcb0b8a0f822dd8c7c2f9e55fd50c0aed64e2466e68acb,001067.png
1068,1056,ae6ce0c83cad4770f974798f86486b598514f9031e8d0dea20df905f577eeee5,001068.png
1069,1057,ef2a601041075ceac8563b52d4c0f0e0a9b4c78710a0ab7e39c3c06392c22539,001069.png
1070,1058,561ef3a6ac69487abc30b2954af725829d34579342af33f8790c995937bed059,001070.png
1071,1059,7c4a788e17f837f4ca75a9d46b9570f82a55d71d6fe096a740fcbf7981f76834,001071.png
1072,1060,0802605eeb2b496b11da0c0664e10daeaeb71d0eea7205caa2b4fe496bb035fa,001072.png
1073,1061,63b69f155cfeffa8699912bf9f04f3f4f1e6802618b3307a7bc9fcd58586cf0c,001073.png
1074,1062,f9ab1f1be88e426296627cba5962fc5e1ca1c98f8a2b4c35b5f152a48804b8e9,001074.png
1075,1063,4ce0bface4d24cc2c681d77eeac72195c416e3093a4a19d28976ae3f152ce6e7,001075.png
1076,1064,38c36fb75e868bd2132afe79ecd90dd7e8a2a59ac4a67a715a37bc72eb7ebfeb,001076.png
1077,1065,ebd307e93097e24772a218863d7158e33cb80d69481a5342d9858544bd15e1dc,001077.png
1078,1066,a6f804fb4fe5bb63b70850510241052145982287a7340c2a9e51608ac07e173e,001078.png
1079,1067,a69dbd5dc3ed5c71d44ee2614d6b200c85f94d790f77702340cdaa7cfeed0b1c,001079.png
1080,1068,9190e53a1af1b585a7dcaeb01e6cb81deadcd69535c720d089a88847432ae91e,001080.png
1081,1069,619e5ef6ccc87eb85d116f8056991fd241e598220f5b9d36f8a04c0bc53b8b63,001081.png
1082,1070,34c56fac189762aba47b6987e409fc91fabcbcc12065a5a5b54913e35c0d3981,001082.png
1083,1071,4ff739633f7aa118469fb4bc3f8860e9b388fbc89ad4912a4915bd8814668fce,001083.png
1084,1072,d1d1dfdf3e0487fe665b87fb5f9c906164efd99f4e1857538e8fc2981b4dbdfd,001084.png
1085,1073,376a7bbd06e53820d6fc96b1efe85507e830ed2c795bde24f9e6b56036d2385b,001085.png
1086,1074,2ed469c0f183a1bc4c3b15609454c06b46b8b0408056460bae4e093279216057,001086.png
1087,1075,cd9c61c87a61647d301cddef58411241accc54e7e9c5b177d385290c5d11cc09,001087.png
1088,1076,def5e6e7748a43c4ff784a188a976f234b2178d9f407116c1c577d5737b5936b,001088.png
1089,1077,33c5445433d10bb1ab4c9ebaf45519ad60d61bedad9fff52553a56fd6287703a,001089.png
1090,1078,888b61c9e0227e0e8eb07cc8f360870df5d04c8f584f075287855bcf23ec53d4,001090.png
1091,1079,57c90a051b3292f414b7bb31ff8bf872488dc76a8552ea40227eb5a1a88bf679,001091.png
1092,1080,4d780a6590460b3157c16011de4b337b8bd3a4f94e00dc5868d0384b4cbeee02,001092.png
1093,1081,f7d4221da5733a4ae3927fc84c024b17f47091d9b822176d0bffeb0c753f3520,001093.png
1094,1082,88440525f726672d376e4f33c4b88ab9c82400f44c081c81dc20421f1bc52771,001094.png
1095,1083,93cc47aa925d4dd3ebc27536d2acf58f17b51566c04aa40d3a8044d8c2a18d27,001095.png
1096,1084,c60469e377c8f305d0ae95f43097cc75b6298be9d80b0b1544077cba9707028f,001096.png
1097,1085,a8f9abbd6e2ec4f3962944186b6dd09505d582aa3285d4299247438b48f5f477,001097.png
1098,1086,528744f4757b7db1ab3184ed3d93d2b73ca561fe239e42b173c2129041801d85,001098.png
1099,1087,9639aa0b75a6c27a9a4d873ad95a4696af5c41ac95fbd415de1b78346e2c0a41,001099.png
1100,1088,90b8d8db1f478aa0504482a14872bacdcf367a194fb0bc9fc2fb2fee9bcd6309,001100.png
1101,1089,8952bb2828c52578caac65ad3181116b04265eed6b3fff705b35a2b3a9ecb2b3,001101.png
1102,1090,7f72c9e94b988681ae87c365fd6961df54d5a32ffb0645935bbbd0890e5f3e20,001102.png
1103,1091,d7792d211dbed3afc10a7b87c2d607ce9bf8d9285048a5fce23ef0dfcc9e8741,001103.png
1104,1092,9a2997735204e91c18046de38e89ec55701702dc9d0913fe445807b72249a8c4,001104.png
1105,1093,45c675a75ef894b97bb833fdbdcbe0cd905d58aa42ceea47b2d3ec2ad8bd73e4,001105.png
1106,1094,d3bf43638ae27407c39a512ba17e2e2a4475497a9f66a4a57ca53dcdd7e5a912,001106.png
1107,1095,b286a6665fd7f234bd7fb2088e07f9b0ed3a3e7fb341e782369913e0fd96ed1e,001107.png
1108,1096,092a154d67827120b246410e8b1ea4443ca5d7f86c211ac9439d5dec09a087d7,001108.png
1109,1097,da6d535d777ef71ea562560ca9d782194eafc5472738fb7ad4c9ff9864de88df,001109.png
1110,1098,96be1ec990da75eb9a4e482eb4a6695497b7eb6d8a1d1303204e5af26cc5d331,001110.png
1111,1099,79b9531c0392167a1d59b45513ae1ffee4e9f83e6f8eb0e33cefb33a2f05ae69,001111.png
1112,1100,9e0a02cba2f25f64d1175b03e3286320653a07a417bca875c931606f68043b1d,001112.png
1113,1101,fbed77d48de2098b30fc48f0f825b5e26a497164f15acb3dcd5b385dc6ba0c6c,001113.png
1114,1102,8e831203d7fd2d6ab9ef362cf75ddcba1da2ef14dc7bd436e2361f9f401c8f7e,001114.png
1115,1103,52ad1f677edd9b72814d18e17a7b6d1d2cbd80bfa926a8968bb8a896dd7d3e59,001115.png
1116,1104,14d6c6d85f63738485c418ef226bbe74f1787fd3af014830931365b69594ab0c,001116.png
1117,1105,57c823faf9cb3ec06f56d7ed00ef073da68b0e90b7a2f252702595cbba8823c6,001117.png
1118,1106,4d29e80e985be069c93a24519a80e7aa1d427fe0dc9c2b1f7779b9d463787861,001118.png
1119,1107,1b9df43db6a741fdededf26fb37c7e45db50fb9c138150476204537953b768ae,001119.png
1120,1108,19d195bb4bf2c577be6d5974f947d1e9ad2e5f515943b598a9476ced41b0f0f2,001120.png
1121,1109,a135ada0f1d7732cc251161fd1dacd93b081eac166e5f674314443c3505da051,001121.png
1122,1110,4e79b1bb1c403e8513c121814fa7b6bfeda43f0b8a87495afcc3a92ef67899f4,001122.png
1123,1111,5c1baac7c728c51e0c8d99c0b3612b6db0a5ff2d4aa2725729a7db595b27a3bf,001123.png
1124,1112,d4756cb861c5da2f59a71971a2c0b96a713fd451d7163a1931beaa9168d18172,001124.png
1125,1113,16a76deacd6475ec3444f731e7b13b70ac3adf4d378449e43cec0cb40b4d2df3,001125.png
1126,1114,a190c60c70557a661d82ee19513983aaf629ec6c5a22feb77165c0f4cf36b5ba,001126.png
1127,1115,9acb6f2ef020c96afda2574cfa3804a26faf8a1a8d63c182cb648930cad4d70b,001127.png
1128,1116,62803e3e52e8da08426f8412dcaa2ae31ec2312cc348295c65a65519e0765a6a,001128.png
1129,1117,a93ece3a87758e5b80079521ae9ed0cdd0a2c9865d25393f2cac2636034a492c,001129.png
1130,1118,b28696fc0b0419cfcc5be26c93c371bb871ea09d28f5707606606042621609cb,001130.png
1131,1119,97370bd90bfad7bce04112543b3d902c1511ccdbb5789bb55d6263e3cd6981c2,001131.png
1132,1120,17ce38bd20ec16cf7bc06e2ee8e00ebe4c46e1fe37ad239149325ac1cc1858e1,001132.png
1133,1121,c05050daf190700c80408a2163ef7004b7e90aaa8d4213a17c56cb5130e68296,001133.png
1134,1122,40a8ed3c2dca45bd2d4319d96e8b34623a6934b1ccc02b6a14e0b83059ea5371,001134.png
1135,1123,10af36e247bfdd98ef32de1cb9ad3a5b4f574cbb21fa89a01295975f6ced36b9,001135.png
1136,1124,9a720d78f691a3d805b34d44af2bf3e4c1a7eff03884faf3bf77235c23baae9f,001136.png
1137,1125,8850344229a1ae32e3cdca07611fe4989f78b7f0ebdd72bd7d4086bf4ce71ffe,001137.png
1138,1126,2caa7160c51f04957b44cb2ea77141863c99c8e957c79d24af42bd5a70050457,001138.png
1139,1127,d1a39a93303b86b2f889f0f2ddbc59ba71abfa838e3ae2b8f044e92edccf4d9a,001139.png
1140,1128,d6b99a5dc64bed264153237c9ac4fe969a0e70920b2a677223b2fbef6da11806,001140.png
1141,1129,a45367934dbe067193af7cb882d15e02c56dcf6a56b6313399d3c626800d30fb,001141.png
1142,1130,4016dd3e29cab329edad3926f246723ea13804d85b252ebef3960a5407ceb87f,001142.png
1143,1131,8c173ec200d2bc193472a517a28e4e6373aaac034c81cf2cc3e08f83e065a52b,001143.png
1144,1132,5ecb4611454a4af1728612e422bed9824ed027507d224354070a4615c88ce254,001144.png
1145,1133,7c7d6de5162a4b9f9803e1ce9882db67439b10bcf3f56819f79eadd8ce5cab5b,001145.png
1146,1134,57debdf7c8fdb77831dd3c97e86a257fe1b3f3fc723c24da92d8824cf85a89d1,001146.png
1147,1135,d7e5c15ef027314eb55ccbfe6999b72e75e216f35ba314bc4fec4e772ca3dd72,001147.png
1148,1136,d54daa9552bf34ee91f9f7fd37378a7fb24d41c9173146e77023fdc01331ebb7,001148.png
1149,1137,61f519b5cc30eeab23be47acb5dfc9ff3e8d562cf40d936b64d6bc9c12be8472,001149.png
1150,1138,d5517f4322e5f8a96b30041521c6f48833a094b0d0a75881b54a6b55992de471,001150.png
1151,1139,aff8288e8bb5f9c80426a56b245887e15d3a23e889ece48fdcf9e551c9b32490,001151.png
1152,1140,e10a9c92ba5098c9e16ed1d253062455ff85415f4f1490908d036a9c5b163505,001152.png
1153,1141,8084f6bf9348227feb59bbf5faf8f259b827286bf3b1a74add96b166769b3944,001153.png
1154,1142,903cdbb95cbbbe58a49ccb48501f49ab65b7a5da19c9c885174c6cc3a728adc8,001154.png
1155,1143,2364d78402d1df9d0eec503bd83e0cc39349b16d35ff842d3367e1920b39ff34,001155.png
1156,1144,d564b3f478a5a8e062e9a08bc50c7e97dca82afa2328ef1eea4e331dc814fe25,001156.png
1157,1145,7b68adfa6677dc7ea1e0f2995fdea8df45dfb6805d27cc17e72d701a9cda0476,001157.png
1158,1146,66614cba475223f3cb739954f1a24c25f405dc3ae01665932db0821356747ee9,001158.png
1159,1147,ff04968f9c579b04eff2baf472d1880508b7c3e3dcaaf6eec2641b2abed61560,001159.png
1160,1148,5803e1f4de5cf5c4b021b7d483cde53b0c87b28a2c47c7b30317eccf5bcdbea0,001160.png
1161,1149,1d8b01e813965a68403f9a66bb97942de6563bf343d7ead0da38ea9bf729736b,001161.png
1162,1150,5e329c6549d02adb6c047f6512393d8ddc14d36bf23b6b25e1999c940856b19f,001162.png
1163,1151,50882bb1e3b7ab38a1a6dd7dfb14a9ec78aee027adb34dbe47752e42c06974a8,001163.png
1164,1152,2395d28cca8ec4857507225388762e180dc7c1e0461764f7a90536732216c1cd,001164.png
1165,1153,247216a6064a502ee1faac87fa3d4439d1e5fbf8432b71219030501272d795a3,001165.png
1166,1154,e0cf2f8b7ea87f5d8518820b6672eb388c325836f279a823ba1e3f254bd8607e,001166.png
1167,1155,116451cd1d2f7ac371e7b6e15a8cc3e54c20fe428c8df340b639921d70117f13,001167.png
1168,1156,c72bb16462b5d45dd6328a889bdd303d718170719df1d6c1fe1ba668e879b32c,001168.png
1169,1157,b5483dff5311f9a73a03c029b99fbacf097ff9c5fea24de4cfbe863536a924a2,001169.png
1170,1158,03a17c978a34bfec055a9d36ef5988f615f851053887018d02de4c5548f87199,001170.png
1171,1159,52ef596e5e482bf1835b3fcad1a62a88c1cbdf65a3aeb36340717d34d9b326eb,001171.png
1172,1160,bac15289cd97ff1898bd270ff22718ce0bf20f5d1e31a3e2456aececcb814186,001172.png
1173,1161,601df760aeee52b096f3bcb1864f31679adb2d88b6910546ff1d4afe0b77bcab,001173.png
1174,1162,3b4ee74b815690fa6021b76878beeb63f2e33d784fa658180374e76a7cd4ab49,001174.png
1175,1163,964f9634aa848ff39888bb862c6fb35049873f5173bb9d0db19b235b6cc7ca77,001175.png
1176,1164,7a5f6cff97bd4cd36168bb80c021b6dd05350a2acbcc9d3e5751c012c7a73daf,001176.png
1177,1165,e978ade676e7be64c5a80047c4431bc58212396935bcd0bc854986c9388677d0,001177.png
1178,1166,c94dba9a95dc59dcfb1e630b6d3938ac0089fb82e595bdf7874ef9f2e8780241,001178.png
1179,1167,85d8232bec5506f17a7d9849968873b8ee6e86256d1d112d874ae9284b849943,001179.png
1180,1168,2eaadabbf9da6b87912e639448db5c701c6bcb84a0576aa64ac74bbed23cf77e,001180.png
1181,1169,e1cb1f43cbccf24a6f1ed1ed5de586278fa313850b441c0ef98c6978ddf82c0c,001181.png
1182,1170,aaadd49877729b370fe9fb25f30bf867fa7f026ac93c08ee3f7df9b83e4c9867,001182.png
1183,1171,7696a7e623b753a99e047f29732eafc885baf45e31e8013b2fdaa3bfc897583d,001183.png
1184,1172,a03c6156add677ebed8b23805779a0ddca62b7e0f4051c2f0bf3ab5be048d3c2,001184.png
1185,1173,85ffd5798ae8f8a2f92e6f7eb343df97a69bd2b2d7182b6385da179864bfb8fb,001185.png
1186,1174,cc9f8d9fd375516189ec06186b69dd1d5031a61c284cfb511a9771b447c5d124,001186.png
1187,1175,0eff92d1bd7afd29d1527568f341786b3a38a91b183bfc15f8409409edd81668,001187.png
1188,1176,5aad645fb96026534f5e7006b40f20b5e83b9948e1034e38f20c8420d0a528f1,001188.png
1189,1177,a6ae1e8ee3047abe227dad5897fb91ade10de4f297bcbd93587ad38535b31eee,001189.png
1190,1178,bd3c4987f290e909d49a4e480e53e8483d139216282f6c76ed90fef0ecbdf56c,001190.png
1191,1179,4d74d4a6954c419ac2bd9fe390286d339101718ded3b0eddb881efe65ba46607,001191.png
1192,1180,aae5fc3f5515f38aaeffe7f44388ac2cc694cd6d21d7cad669f6666b261a375b,001192.png
1193,1181,db9a3899e59ea5874ac91061c757183e92bcd9fadeba9b404abbe55494520ed2,001193.png
1194,1182,3c6c8b0c014f3557a190eeab259541d97a0a697072a5a240db88565d64567633,001194.png
1195,1183,f37090637e9adea893f25f3bca2b3629cadb31b49352a36200d6b16130456a89,001195.png
1196,1184,56f03521105e041dbc5eb0477fceb9755e17613c7ab6a133e5020a177aaf0638,001196.png
1197,1185,f6a9b67fdf0fd60d02db934fb8991f6de7ba2ccbdc40359bef8cc37c9985d6af,001197.png
1198,1186,0c3e775f6f4b57ab640dd91d8ca516a9529ee9cd00e2f58030d4e730f9a29597,001198.png
1199,1187,053eb1f7123f07cb6b197ab43ee55d7ba6767c70292d1882cecd1d302a5dabdc,001199.png
1200,1188,a7916745a543cdc9458f497dbb9ebbc91dcb837a831be5ebf1da7c8c141a06b2,001200.png
1201,1189,99382c5acc487003ce0a9f8ebba1191a0799aeadea904c2c35238e3df7495afe,001201.png
1202,1190,ef2d3b24874e1af4e368e6c64a4929e14425f86da6ad4516adf182680e1d8ec6,001202.png
1203,1191,7064e5adf0107ef40a1e794e7e64e0ea51e92a0ef4972ef192a444a99a2b18ed,001203.png
1204,1192,9e4ed23daa30d21e94104d7bf4fe6c50ee0a350e19f45bda888c2cc18ac75ea3,001204.png
1205,1193,a40d6d44487240ed1db6ad4b7e5254d4428e42cc40deb165b6cff12a68784e28,001205.png
1206,1194,f50681cde5dbd9823a8c580365a85c1fe403e0681d00ad8b508a9e0dd1357a7f,001206.png
1207,1195,767072ec21ddc29655c9e5017ba072f5b214bf36596d93730625acf254010506,001207.png
1208,1196,ef3fdc721973d69c8c8f0bd438522b216de9a54af3bb9f49817dcebe61ced644,001208.png
1209,1197,b732655c6ffb073b75ddeffb733f11c0a520da0d3895e7344d56053429f4f751,001209.png
1210,1198,f71b60bda15d8b8d0b6579cbb2144c687fadf065b4975397a5fbdbca9e64ad37,001210.png
1211,1199,aba07028cdb53c58293c286082ac5ec6969b860620b0e76242fe9ef28a5c5e2e,001211.png
1212,1200,9a1436e413490fb8eb6ba74bf856c1fed8b98a922522e0419dcefc0acf758978,001212.png
1213,1201,fd6322c23184279930b4dbd168ea75b7bb0b251f9c54e7709023cd0dc2d2b0cd,001213.png
1214,1202,83ce9c76a1361178a7fc93eb856ca4889f02ddccb13ed3e5bac2b73de816aa67,001214.png
1215,1203,3196cedab5633cbf289c6bd4da11f79d46ce496a94ae8c265636701be307898b,001215.png
1216,1204,65dd620d323b6c666b624f7b378dc9a0393f8119a78affd2296e792e6095f30f,001216.png
1217,1205,2c91e13883187e28d3fbc22de2568d0511795d943a0e5bc65708265a58929fc8,001217.png
1218,1206,0e0d047afe55870fb841928b73d04b7a450392c1de7bbb4a3e5081c7ae327b7e,001218.png
1219,1207,1c49c1d01caf0df61281dd8049252ceb8ffa7e71322b64e3e6bf7e674d571d01,001219.png
1220,1208,79f9219c35217489b514178fef9f6748f365d0ac35ef067b2f64e8370ba87911,001220.png
1221,1209,5f6dce842c7524ca6b18096ea74e25cdc563c7ef13501baf31a1f06d221a33f4,001221.png
1222,1210,3bb70cc74e1ceeb651e9f534fa91e3439b70002ef700da4dc55d7a73c2cb57f3,001222.png
1223,1211,69acbaa2fb2c0b274e1f582bcdcc9cc7ecb53cdd939b32f973fe7e11b5f38bf0,001223.png
1224,1212,f11a42c142a27dc18b66a0f5175d73cb17bad2959ba3c09c5919d166fe321e94,001224.png
1225,1213,4f7f40384dd8d30c720562b1a031e8f9b4b1f9b36f624aeff08055309c8e97e6,001225.png
1226,1214,4758fcdce9e5b7e000fed06b1968abdb2d4ffca658a3e8973c0ead03fdfbdfbf,001226.png
1227,1215,1e0ff3c70313cff3303de1c7933a51d752f69b4f86a4e977b9783b6b69dcb616,001227.png
1228,1216,db94c8429ead2226c9badd4d256bb7cb90d363861cbf5ad3901c4735e382befb,001228.png
1229,1217,64c319b59bd84500e7dc0b927c6dd895a0738a7a97fa17b1562416863f749f4a,001229.png
1230,1218,93990d4c2d91eb90227703240fffebe3f9df438e783bda134948f68f3549bd1e,001230.png
1231,1219,c74cd789c69c2d0fcecfe1c346682f6b1f532fdd066e5da19cbcb2ccfbfd9a7f,001231.png
1232,1220,9527a68100e4abdf027c2cfd38b8c29760c6b773dc344f8a1e9d409ed117dc18,001232.png
1233,1221,b047d6f43dc4e3b0dd3fad1561090310f55919f0743018b5e91fed56025b4c69,001233.png
1234,1222,5e7d2a8489aa628b3a476693ff575e78bcf23429725a2e96f67b543c88a7c500,001234.png
1235,1223,37a6f042f1cefa81c6b0a875b7c0fd46379ccc6d85a994c3cd6b5d9818d9456c,001235.png
1236,1224,f320c7885eabf6f4dff49bc88cf1081e569240786a9628b2a28916dbc6d647ed,001236.png
1237,1225,e6a778fdd38a3e5f5091be8a3d5735eccb2a47e12e610e58e19298e535b59f3b,001237.png
1238,1226,0647e6991336de05d91c9853947d9c42ba4e27e3fbd1e84af96aa577271949f2,001238.png
1239,1227,783db516bdd98a2f0dce260dbb10f2712e887ccf86874708f35c33def3ccd40d,001239.png
1240,1228,8b842747e28fee10e6bb8c9cbf2821648a96afd77e1109f86fab9b204b1c9f10,001240.png
1241,1229,c613e12376236bfe2a1e86363584e857dd922a173ba31ce1828e8132dff16b4f,001241.png
1242,1230,470102e30ff52523a133bdb73b2a71ac00a8bdd114aa3855fd6a104a49d44f93,001242.png
1243,1231,2f7b1c47668287362ae3730665a8dda5c433ccb32b4309ed0ba7ddcc5295ecbf,001243.png
1244,1232,8d5adf18bfb7331a3860233c4eb5ae688e841e84b052fc8d8c997f95acc90491,001244.png
1245,1233,9f0be8c93617eb0e7b0c611e8a019bc3e09a3c1d217a16940b2b73fab4ca9fb9,001245.png
1246,1234,166b9e53705d63a2c6ae4b9f919b6406cd3ec2d9fe18f2467a07d3694935d2b6,001246.png
1247,1235,2405251a902b07ebb006ca4f7ca2728a361e0d692e586511939c97d12698895d,001247.png
1248,1236,5cf5847460b5e89abc4ffb5ebb7881fb61042a6394f83baadb5fcb1cea0eca84,001248.png
1249,1237,c4363c64f687203bbccc0910fc3b361ce452d78403ccac76ed8c9cb930f7edff,001249.png
1250,1238,1a25d3b8e9f733d7f888288732191657475a45b7f3c0f802a2271c44373f6054,001250.png
1251,1239,35c0b7cb1b4a526e5a80f6f21834598a1db9f48ef8a7b208e650fad753705db2,001251.png
1252,1240,d95a020627e7f96b9755361730bbf14a0e913a8e3a5c6f606bad4e03ae524ea7,001252.png
1253,1241,e55f39b39320ec413ff677ea34eb82e4adc63727427b73d7fb69dc49fe53afe6,001253.png
1254,1242,5ce651a9c1732f189218cac1bfad97d65cdaafdc8836d055b016860678ed6d91,001254.png
1255,1243,bdb363f980bc53094948f82166a947d489e0949927802f6537939d7a1fb976ac,001255.png
1256,1244,2add1e15151574302c653ac9ff36221e43a262cfa3eea1683c5b292d5a1cd51c,001256.png
1257,1245,1913537dca85495739e3fe72076ef6af39ef22b9eed8702590d7122ec59aee3d,001257.png
1258,1246,3a625313945a2ab61939064983a100242b52ea3ef648c909709b2379302d6aaf,001258.png
1259,1247,6512524843411167b05205128dd4b061ad3f2bb0dae16fcd833742a2f1f4afe4,001259.png
1260,1248,f7ca41bc3baa737b76f0cf4ece5a2db8a2a2db5829fde8b01019ba1f4d034297,001260.png
1261,1249,94815716652cb6431f02888751398c2735b57c535bf87500c5698221711c8bf9,001261.png
1262,1250,b5f0072fb4069936fad45db369ee27fec9d388ad079980725db18fce134975a3,001262.png
1263,1251,865e349e481509174e0ef78f37f42078479228594991fb7df2d2942e69548793,001263.png
1264,1252,22d8b59337203b2871119f7a943b82988bff9db193b9082b81560b2307471c71,001264.png
1265,1253,25ce7c4e2e406fbdb5b74ba3ddc2594efdb0ccbeaa29ab554315596d283b5957,001265.png
1266,1254,33f4aa02114e785752576f77f06828fe873cb44dbddbc9be61528c6b9ceb0f55,001266.png
1267,1255,85314be2f8613922cf7bbb3fdbb0994e44e0670700b2d0443a394a004c7e7ce4,001267.png
1268,1256,f49501bbcead08096930d86567172c115c489670b6ba3b717cf54bf02a59c928,001268.png
1269,1257,18405fe775439fccecdf3eee5405818fe5da07f7a8801585fc83364d5650dbd4,001269.png
1270,1258,5138f802f34ede8561afbe64d592467eba64ff4dcd7a854380ec2e5173a548b2,001270.png
1271,1259,f51ef3e023408dc84cc27af4f43dc8057760eada1c04120cfa55765daa344fa3,001271.png
1272,1260,eaeaf9bea0cb293517cb401a9a9dd198ceb81e410148620abab8446a893d279b,001272.png
1273,1261,ac39434c10cca183162dacf22aae09d85c8393f8fd4ef5a58e69e47802e94d7c,001273.png
1274,1262,182ef32005821777476b14a2a04caa9b2a0ffb8b894326940918a1602c10d300,001274.png
1275,1263,7a2f202f6d17082557b20541f05de1cbdbec8bc57af7a778a2131d3f1a31e98e,001275.png
1276,1264,cf25f0f9c5e9a5a9b3bf805ba8dd41b6a7284d9acb0efedbd40d85bd2f3043d0,001276.png
1277,1265,bf101b3db2b7b3eb3629a5d767f94a7ce88c38c0e70a1bad91a481447077e0db,001277.png
1278,1266,266f1625f8523a83bea5a688240e6f1d7b7a5ae50917d93ae990967f211d7123,001278.png
1279,1267,c8ad276919dcae5195f9881fde7e2db7bf45e994f84cc65cb5ae65db69ba6900,001279.png
1280,1268,d4302773428161b6e01460cdc357f4198da163fde68e3181256cd0d29ed58ff3,001280.png
1281,1269,2f20605a960b70fc3ce917c61d4b5ff5c541207f75d171a54b6a825a1dc39f3a,001281.png
1282,1270,01fcfe94d7d6fe660a2533161d7deae6403e58e3b07611a746e1ff11e110f53f,001282.png
1283,1271,38a1c00ac64ae0e718018de8c2ca40543b45185007639cae40ae9ee29c69b53f,001283.png
1284,1272,d0eed154e3e8e969ca7ac11c9de7d14d0102fd9fd2eb3715abecdb1b56e304c0,001284.png
1285,1273,e04eaed19714751e8e86dfab416db170cc7bb5029c278b78697b409350fa9323,001285.png
1286,1274,81b007f39d9dfbea1543d24f81ac9c1815e9ea225c5a6547d403810f388e3a69,001286.png
1287,1275,d55bda2879dd9f92137041af130d48daae43daea29aef187c5f38a7144016a7f,001287.png
1288,1276,ccf985cff7ba82c1047f54606ff154980db904943b54ac0b3805340957de915a,001288.png
1289,1277,3c6f26ed839335ccec8171d48f3d6ab2c6e74d013cbefe3bee392cc228147d49,001289.png
1290,1278,d825ba26a6736c76807a62f533d993684d8fe2eacb3b5eb7c5af0871a46b1da0,001290.png
1291,1279,40e571b75e8b009053eda41275d0256cfb7098bb3e3952f68bda961a348e3de0,001291.png
1292,1280,fa65115a4941721ada966d097a2e3adce4105db91d8e7391121274576f3cdbd1,001292.png
1293,1281,33c873486466ab4f5508e71b0779a9d7cf53282d901b5e16fc3621bb09202270,001293.png
1294,1282,14098d81bb40515448795fce5674f6db1bd35016d51da0c1542e1c6b44783abf,001294.png
1295,1283,b6a88154e944c0fed2da21835b4b35ceecc3f5e9e962187bd6020234eecf4161,001295.png
1296,1284,dee0f99c7a12cf07e8ea598e56eb4930307bcf97789814c4373c77f7d7924554,001296.png
1297,1285,9d6596e12c27839fcfa2afc86108b26038e7e154ed29ff2f5c9ab0bf7d4eeb49,001297.png
1298,1286,058580c3946b0ce55f57b17cc4e51b76ad23d8ebcb1a694f67862a4c193dd7ab,001298.png
1299,1287,815959dbd49040792a0f4e53e925c8a929b0ad83c2d01f8252d1e78ec7ced1fc,001299.png
1300,1288,16d25d3f646d8dfb22124e662ebe40a6886e8a5a73f6c80e3f58a46ace548ceb,001300.png
1301,1289,a2e6ee8a3144f56a20db54d19a33406e5679872a007bd4a543d3dcc0f4fb22f6,001301.png
1302,1290,876b88418628b6f376c79820ed70d1fb4275ba33eee5240d9cc3c982217a7fd1,001302.png
1303,1291,0abb80908608b88f8a63046193e4187c103485813d7c7fa839a63ba626edfec6,001303.png
1304,1292,60b5946dc53ea227869e02b99c5c4eeffcda44624579ec068f9bd20c8aa191fa,001304.png
1305,1293,9b5c41da54a6a0d254656b05c19a3bca46be1c70823da1dec1752b935e92f51d,001305.png
1306,1294,8474f7510478a598d06f7efef13330380728abe33705504be22b9a7c2c09a911,001306.png
1307,1295,d3f3e73e7fb60043963a4e8a15e54331736f0fac2cb1002d1f6950a40f4968c5,001307.png
1308,1296,96981d14d31e4f4357a276ead7c52c6884ad97dc01d90e4cc3a85f7599ead5af,001308.png
1309,1297,04f35d93fb1bb661e302fd540b4ab9f78417a839844f489990a913bbe88e746c,001309.png
1310,1298,326137a588b61c9f20ed7a075aeb3274e845992b61eb0259b3e136bc836f2a68,001310.png
1311,1299,cbd06b651e042d4491e91875a6cd1262cb55dc29100f1875faa8d4c4400da53f,001311.png
1312,1300,55c2ba3b50e358b334cd039ed7d64c148a743efab79b22e297a8d8c1cd42470d,001312.png
1313,1301,b460ab5b4c59e0c3bc621fd6bbfdc571c91d8afcb3ed6e1fbaf8772fa55f538d,001313.png
1314,1302,f71d59c61a76520d9dee2cf6301be92361066adbf25f31e49a49afa6e531f84e,001314.png
1315,1303,5a2327fc61b8e56ecf6cb1d127b3d37f07e00c731394271539702b9e02083568,001315.png
1316,1304,94612704e3ecbf262facd502e72e966fdcb45300dc31af2760d50330511d39a9,001316.png
1317,1305,eb3740b3f20180875bac92b54dffce0a2f3b88ab5d127c1c30eee77858e4f60a,001317.png
1318,1306,5fc58396c5ac50b0b8f16714a1afed0b7d1f355a70e1f1c79c34193d28d87f28,001318.png
1319,1307,71494a132091ebc829b6796caa2c6345a6ffd1cae72016011352b93a46b6a8c1,001319.png
1320,1308,4ef7689148f87c7785f7fcfb1f2b97b9df503654bee5f953ff0a8833819f18e6,001320.png
1321,1309,5a1e244dccd83d79069b0f27e9222ca345cd218499a259bc4a991c8422761b2a,001321.png
1322,1310,ee3c8f50102c5621045a716d9ae246c4bf1636f4e0275d1840db8e80b320ff34,001322.png
1323,1311,da4dcad26e3eb5981be13537eb97ee86e5440231a9fd22cdb483e6abedfedf03,001323.png
1324,1312,70634936b6e6eab0ac1f0f476c0b9a69ce897b7926e5c67c155af71ddad213c9,001324.png
1325,1313,332005acebb41e118960c92d48618f880569ecf3a559e00691d23373058cf878,001325.png
1326,1314,3362955baec0d8979414fbc8496dce10a5436c6769818737ccc1de0501cecfb0,001326.png
1327,1315,faab00b92a5d6d832f841ba5a34a6bb7009dc6e876430f54c43b48258c5cfb55,001327.png
1328,1316,fc15ae1b64823a379ec80deda5dfe2e48c8de8bde92c07169e6fd54099a18a58,001328.png
1329,1317,40d46862e493db4d2346c2e67050114ed852a5cc81f81ca1d81282566fe4a34c,001329.png
1330,1318,d58f9914bb4890ded99ebd83eb1e311c06be9e86b6e7233e33278e63d0faae4d,001330.png
1331,1319,b2e68967214223fd6bd0150aa4bbc5d19abba7600e27d5b68aa9aa342f9ac1ee,001331.png
1332,1320,aefb7395c1850e0c4900879eb15c621287eaf2eb95f6568daa21f3ef00682368,001332.png
1333,1321,9ad2d10b44011ef73afe57e9ca38c8c020f0796ce5054d13f7ff9bf7e70c0e09,001333.png
1334,1322,e24cde871e564f89ef242067365fbc0999a2a31a9967c4e0f1585f087dc0e9b8,001334.png
1335,1323,179bca7fd100cf5f3a34f6a267827048401c3de61cbcfb0c73a824b9708ae861,001335.png
1336,1324,12b3011de98b5edcbe337b924d61a9651dcdb7295e80a488f676e10f2110f168,001336.png
1337,1325,8e667184f8cfbb547f7f719650ef31080658e072e77e5d27404756c74430212f,001337.png
1338,1326,73138a3873ce0baf70fd51216be75dd0429ea80a0378ef5e5094545da66a5677,001338.png
1339,1327,fd7dc9f106bab0e7d490a89861f959f50ca16cd3cfc5db9b2402caa86aa9e05c,001339.png
1340,1328,30415f45137a9ae4ec1e65e436bef69d4cad46fc7f9be2c609dcd07995c06f46,001340.png
1341,1329,8691fd91b1324a3f7b8e02ebba00febfda142f0ce8534912b1c1a7e6b7093dd6,001341.png
1342,1330,745eb44ab32c99e8b16e634d1129d86fb1c083cad9204961ca68d3e6e9958624,001342.png
1343,1331,8d3216210b4eb86c1028df8bf133cc6a742a90b8d22e7b20be41543705d11ace,001343.png
1344,1332,9b4a9eddc0a93ffd165468482a2a75e2c8da7fc63c79e9974fc40590e9bc6308,001344.png
1345,1333,efd9f72a425587ea261188723cb47d6ffe2c6853388abf71ca480ecd0cd23176,001345.png
1346,1334,3d75d2b3de8e8a392fc1ef0395f40b5f32558b4abac44b2e48619e4a69e9dd93,001346.png
1347,1335,afc592a1533af81a1a36337755440ed87bf25bc93e2385d676b4bde8150fa2a1,001347.png
1348,1336,0bda3c81a6fcb21ce6d50f558fba21f91a81f01f364831a366daa825b2169621,001348.png
1349,1337,8e1a5e868fe20d7b07a95f538717f56584cb25f3b2cf554d6c2f8bc9bd2867b5,001349.png
1350,1338,5e6e0f6cf4fbd423d4af30199accc614135ca5ee06d85739a335e72f65a8eb43,001350.png
1351,1339,ae37681da567893f3089e32baeec37626f390d978445c95df2c58c6ccd4f655f,001351.png
1352,1340,ba8a146e8742fb72bd9f9ef7c27c43c0390d49185aa4d0b0ab8c6f309e059ef2,001352.png
1353,1341,e9a860daa4576d6413a3d7c5c19b67187109e1e1e2dee4569754182b650d5ea7,001353.png
1354,1342,14cca33ee41fbfd8a39e39324680ff568067c244666b887718d3f40a8a863604,001354.png
1355,1343,93722cde406e17ade657a36bead9ea9083360398a564205723cf84172f8add23,001355.png
1356,1344,24dded9bd5b7747839cfc67ba9ba786b75dc90e43f6e1cde2481a5b36a46834b,001356.png
1357,1345,85fd4b09fda01d83353e953310d158a85742b1b023d060b20e7b548643503ed9,001357.png
1358,1346,5f8ed360a971bb8af4b46a33d3c70c63547fea49da3b4ae962ab432b6d4ff8fe,001358.png
1359,1347,9f78b3354e51525f5b4e9d92fce5b3173c187972efdfd7885353ba09cebde824,001359.png
1360,1348,8c23f358c7adab55a45e10b8e45c90932a1def793814fb9c6e2ff4c3e88cd0d7,001360.png
1361,1349,fdbf9c45c824019272bc3140a5353eff3d2e0c6ade4b3b3ba894bcf9642fbd6e,001361.png
1362,1350,6bdb870f89748b85bea8377be881f0d730fe01f78b3095fcf84af5d4e6162e03,001362.png
1363,1351,f0c64eeefe7d3a0c6887bfac2dd02af66a2a5a123b70867913a0d719e440a286,001363.png
1364,1352,dc33e347a6a048aeb93a0801ba168e92e9a7da4fba77b223d73690adaedc2422,001364.png
1365,1353,07a904a3c9b996ca515ff219c32bf4324392f4e9cbb84bd9d7e097fee7a3edb1,001365.png
1366,1354,5b160bfe6fbd57f26b1c9d4cfbc70102d184972c0ced3b90b6e4ce25b5ea3309,001366.png
1367,1355,4bdb66a3a90ba07365d607b1f66e93d451a2dc8d2f7c8d3a1ae6b1c0591645fa,001367.png
1368,1356,7162b7efbdc70e87adecc363bfbe3baeceb767bc5e8f7a8e852efe73c3bdf842,001368.png
1369,1357,99c0355416e5a19bee8af25899b0ab8e7bac3c894444f25ef7374b8a870206b8,001369.png
1370,1358,8325f86c3feb8e58fb81c6e1a5b1ae661779f658fd3dd4edac286a4b1382ecf4,001370.png
1371,1359,f3a0611aeb9502724988967f7e3e472b63aae373bb961b16d1fa4c6c225d67cc,001371.png
1372,1360,ec64d38c0126b17a41964d937deec79b1f23b93b4bc4f2736715ebe5c2936512,001372.png
1373,1361,4517970219e1851f82067e45cb6dca484ecc6ac1ff40949bde0417937a49c803,001373.png
1374,1362,84731ef391e91427cf64e824761fb54e0923ad692c021c4bf9b87efeffe1cd10,001374.png
1375,1363,6875cfe60216a49b18aedc96b07e0a3c4c931382b5b579ba24dec7d8db7a9cde,001375.png
1376,1364,fcbb28d9b62a636e2d2e86136deaf81d50609225f7fa5b18488a8670172c5485,001376.png
1377,1365,368a210b7271fc312d7cc41deb89451feb00fbac1d43aba1d9c2d5c5eea03dac,001377.png
1378,1366,1ded9bc8ff66ab19d8589289337bfcf550b7a2db2f4b4a254a59894341310b5a,001378.png
1379,1367,adcb40f62a2cf59ca7377b999da4f6478b39bae80bfd8a1b0b9bedce386e430a,001379.png
1380,1368,f00429358f292557bc397e3e0324fa4ff1ddf38c947937034bcc886523e1a30b,001380.png
1381,1369,d26470270431a8b4ae31ac77b11217d31442fabb3eb9f5a32f2ef91a067d6846,001381.png
1382,1370,4840058f959b0e1ab97cb586905ecb2a39caf397615faedf924fcd1a72360245,001382.png
1383,1371,2ef5c756c193c098abd98f6753c10caad7c903efa8f25e9e8c96f97718e70145,001383.png
1384,1372,2f5d515525b3e4e57a10f05cd123d8b5bde4f2247a215e6aa1150d8e9c3dadcb,001384.png
1385,1373,44650b3f3e39025b99705ae0f4767daccec5a4a114c53e6754bf50eb229adb20,001385.png
1386,1374,9d80b734b783322d7c5b5ccfa70b39b42c483089b0ad1e2f3eb846a4b4619469,001386.png
1387,1375,5e7d1a20162bed3fb9c3d0215b4796e7bf983f047de99f37c9052779cde7acfa,001387.png
1388,1376,3ecd58ea8e1d4ab023684296593bea047a141c86a472224f66fcd91f98e3009e,001388.png
1389,1377,29a5789420e11e1b42820940b4e129a37c5e16b1fc4958933fc0f3250c687ff8,001389.png
1390,1378,8aa2b81e5baf62394c8ba2bc60e18de2920e5f6f0b7bec0ba829ece70ad9c9c3,001390.png
1391,1379,3bcec4f8c60cd28e14fdfab9231b313b3b93e669ff810ee32f6cfd0e5649b31f,001391.png
1392,1380,aa96977346dfdea3424845fa9cc9fffb8683f3cda442035d833db2e0937125d8,001392.png
1393,1381,2d97263f3d080a64d075c137743535d156ad074bfec1654e614925fbbddfad9f,001393.png
1394,1382,ddd3cb265089896b549d952d75aae51b163675a275c98d6d22af0dcf1a3c9d0f,001394.png
1395,1383,d2c77d9efe651b0600f8bdd9cfd5985d3461cf05d4d4a7f180d00598e3fac58c,001395.png
1396,1384,0666766d3bff11b283532725e2969d6414fe40cd603f2d287942b5dc0c432296,001396.png
1397,1385,0a2b74fcd6f983f10f1f91151b96162d2bb6da47947d9f9a8fee8b7758c863d7,001397.png
1398,1386,9ffb019bcb0e1a40e6afd9733172d9999031abf3b6ef33d359a3c3eb51278e3a,001398.png
1399,1387,b148a05c615a1a661106d83d6ba90ab6bb7be7eb8cfc980a615ced7fd3aa43d7,001399.png
1400,1388,76383ec12d9f48818c4903b2229087039bf1863005c80ff26d9777822a4410ef,001400.png
1401,1389,3405959c439cf602a226708efffb8bf04a14613bbd7701b6ccd16a3acea2f68e,001401.png
1402,1390,60dc7c7f481c80732f8b8f30b0783c81237fca01889f350e3635f465e2f9300d,001402.png
1403,1391,6a84b6177ce1d1d41c35771dea07daba22dc97e9988887ae70b2c058cbfc3129,001403.png
1404,1392,405f11c903948ad336322f1bf1a33d69ce9d4f1e057523bad4eaa7a1ab30c5e9,001404.png
1405,1393,497dec348b72f723d394f39108ae95780d52c27d40d808adac8de0b9f79d2305,001405.png
1406,1394,a7fe276e1ae2806be95d70a6207b7d9c7ce6cfde62dc5202311f47125d21fbec,001406.png
1407,1395,696fac87c29b535995abe7efbed5dc8c57f43bd68d9d52dc61e33a7e913e07e4,001407.png
1408,1396,f00cbb1d9ff2a1851347079bce21a185be44878b3a3030cfe37f2ec474738a07,001408.png
1409,1397,e77b698d8a9e2317d82922fde54a8b5652ab67ec49ee55245b51580c48fd9fdc,001409.png
1410,1398,8675a0c60b444705b76da045528374cdffc47ed84476d527a5f6fd2203c26a34,001410.png
1411,1399,193310ec67fee8da173a726bf71dc971c887b331528c3bf39a3211d154fe99b7,001411.png
1412,1400,7236a068bc45714a15d880c20212be6d6a32d0324bab57b7f714989c537ac238,001412.png
1413,1401,046ac525764fcc111c3ca8902155c0d747021820fc9fb22704f7ce6bbe639454,001413.png
1414,1402,bf579c9665db8105bdc33f980d18134ed262dff286c5fdc84e67722991caa1f0,001414.png
1415,1403,0a710fff63e6ff37a7fde68c9ad06f11bc2cc9f733d3a6d965e219ccc780b9cf,001415.png
1416,1404,188faa8863a744981eafc809c498730d8bda23a3f96784c2cacc4eba9be04d8e,001416.png
1417,1405,3a9194a0c8a5b4224c82557da7d3dc9ec539b66e9dde45a3bebf5d19952bc197,001417.png
1418,1406,a0e8384c3c3ed20e64c9e5ed03510b9223b5a1239923a2dcb811d03c9409d4c5,001418.png
1419,1407,cb5887c688a0f1ee2e972c05a409e0b6d6a8a5c8ab22054dfd2fb052b3a32c6a,001419.png
1420,1408,30237e649b9e6386bbf5f6f9f1dae2936dc2b46e863dbff21d09d7541bba6943,001420.png
1421,1409,298aef6890868ffe7515e2bb4c2e75e6bf77ac2c6a54ffab0571c3953cd0ea81,001421.png
1422,1410,526f8d958db24d4417c0eef4f9fe730f4cc3f5583dcd8b86253fb4f2e48d7318,001422.png
1423,1411,1a50cf1639b00df834b911d5d26a24f1cd40ef2164b427571ad97d589848df4d,001423.png
1424,1412,cf7b9c0e4f197fde14be3d7085f4058ae2af33404bf1ec1c3f0bc3796be706b3,001424.png
1425,1413,87c512255be2d7b4606d960ec219895c5b358f6e3a0818868721afd8c47c68dd,001425.png
1426,1414,9fda00f6b528d99888d72a5045c520a16e15af9f1093f5353e1429ed50cec009,001426.png
1427,1415,2d6afa4f4b99195bcd47dea83ac5fee24d04a8439e0e3e808f4dbb08394c2304,001427.png
1428,1416,a6b49276ff10912017de50842b028c15f6945f9328fc114b73d2b4b8a1128735,001428.png
1429,1417,908f69f22713e4f750c1376c14af78d1177a2bb2d7f5419d5ec6fc69c063a6d1,001429.png
1430,1418,6b42e7043fc4dc7dd3e96d8919420d3d0bd68a1c469cb00854b415bea2eb3529,001430.png
1431,1419,d54a2cda35c08e403a258f400dae61a7f2aa0dbc96919eb27decced009686f0d,001431.png
1432,1420,3997d68abfa7f4d579eacf035b80e52d4f44280604bd24c7e4d6c67bec6f914d,001432.png
1433,1421,ecade573872dc8bdfb908120ac3ba162762b9430d0d5263a27ffab5c27111f58,001433.png
1434,1422,5437b99a6016afcf0ab3962bc79e85dda6c70935b0ef9e9b14c3d041437105af,001434.png
1435,1423,180d613b51656d9e368f4062dcfbd6db050ec2f39560d1bfb305976fec98231a,001435.png
1436,1424,e40f7cae6136baa9fc5a70dcda783aee174e0a3a79f5673f78bd9e1ce115787c,001436.png
1437,1425,4f0223132cd6d8c0c3214e20bdae7c5b4ed76b21a83bfaf66e133bec2ae06451,001437.png
1438,1426,30546a37701480e6524f1482b0ed8ec49a017e28b35f0274e5e9bcc2f0cafef4,001438.png
1439,1427,8b28045d132472c320e237908d361ab173fef0b02e078aa30a12ced2b271e243,001439.png
1440,1428,b3f11869317d92765e181408555518b4bb4a13faaee283afed3d6d2891bd4907,001440.png
1441,1429,f97b57c883e78f6647221fb0332ccf9e6b884c9a6c99f50d60a7b562a9c177cc,001441.png
1442,1430,10524e98b61e697ae18ae8e5b5646930f9032ff2ed964984391202b350490b37,001442.png
1443,1431,d85735efe88b718406f8de46fb7faea808d8597840c761e8606e73095382f803,001443.png
1444,1432,406e72897cab8e32a7d6ac96e25d03c2f9355a9c0c40259894c2d3d65d527d10,001444.png
1445,1433,ff53ec2fc839487f0c8abe032c28e652be058954a3eb56b4ab8f0ac13fc93aaa,001445.png
1446,1434,c522c2f4c46b4adc038b1513d8ae3ee13f1d9d43a814432f8b0cd01831de7a4b,001446.png
1447,1435,f6c36ca26b48766fe58241969e6bba6cdf9d4b75bc0c8155b020a3020e321cae,001447.png
1448,1436,ddd2e28c95f6ea563881961d5c52dbe42383452509e3bc15fb47110685a841ee,001448.png
1449,1437,40845e8cc26530259593655d69483373d04874b173c7c88666724ca18226b8f3,001449.png
1450,1438,313bbf5cf30a3b0d35c28a0d7203414a9ab9512217d4037e898e401e115e69bb,001450.png
1451,1439,6df1423580fd33821a119c329ce3fbd73687493029704de5e147a6480a73ce4f,001451.png
1452,1440,7796fd04564e8c9f8b6516a2c44cba3e892a052e741f61352f9290017bbb3cd5,001452.png
1453,1441,b9e9a21e960035a98653e1a709c4526bf17b259f6e97cc37c652b4e0e565cd21,001453.png
1454,1442,4ca872ba5b94b6cb4469dadfdaea8fe1697f0752c3e365e876b5f567bf25198c,001454.png
1455,1443,590e4f1856a2c02c2f2983ee1509220d1c6c7efd7b161930f2f75683e9ed7f52,001455.png
1456,1444,83f68bd7d1914f154cae2814c42bb5deed457323dfab50d0504e9c60f14fc11e,001456.png
1457,1445,ae4fb6a871749bc4fbc5fc6b4771a8c3a13790152176adf248abac6de75ae34a,001457.png
1458,1446,0b206abe9b7f2a5d2b9388b0cb6b4e0f4d22e0614ac31fb2280bb2c83f5615ad,001458.png
1459,1447,eb9b42764e0ec39eacb4171d717b28067fa230ecb365a8d72ea5bc009ff0ca92,001459.png
1460,1448,3ad7b699ac76ac2ab454a688ed70d61e4078418788dba98453749caa3659d7eb,001460.png
1461,1449,22a962c1f110c0bf6a55af593e0e88b329836ef953b9bae9a1fbf715a5815783,001461.png
1462,1450,058f24ff7853d6a891b1303055bbc4d2b63fb4f46480b2e26c5164a7d071a536,001462.png
1463,1451,3ac34906d700d74c72423828fb4b17f5309412f1a3d901878cc89e2b1184d919,001463.png
1464,1452,600f1d71c272ca7cc3da7a1fda2d5548118589c4db2245013a84d8eaf8670ae7,001464.png
1465,1453,9ca33011c19c6b1dd9b7a53b0ab64fd08c7ea5139f8d463b9ec7eac8cdde1f90,001465.png
1466,1454,516cd957f8b47d397253ce8450c2daee096622e655dfb0b33bea2c7f860c30a7,001466.png
1467,1455,4f173153b204fb3a705f18919dd1e6b42a30b5404221ac34298ac1bceae4cd2a,001467.png
1468,1456,cb4c9f52662062040ef8e98f586b046e9b99e89e794173d522b76565eae88c3e,001468.png
1469,1457,760b2ed52aa2385bc591329806c0b81956896b54b60d123a31c7d725fd4b7ad7,001469.png
1470,1458,41d61ca9e6acb8b5fa297b74fb15b1d960cec3c6e23a557937f3991ab419bb73,001470.png
1471,1459,a83d0495c0b04a96846acd88fe086243faed4d0182a1c17f31fb7f78bd7c94db,001471.png
1472,1460,533fdd5ff27f890a959104130c880a369fe5805e66468023fd4dd24407e5de95,001472.png
1473,1461,b3cfe7f4e22cd801b0af7e0a5ac9a8dd8e67551d0e58d49caee8cd3c567b5dea,001473.png
1474,1462,0c51cbac7ba7c6fc3fd1795d7e27362a21777f39f351f41e27c6aea3fa217958,001474.png
1475,1463,1ef3bccae5ff24781306254477d7bb5cd54954a385ff3e93fef8567bd06f99cb,001475.png
1476,1464,b3ec273b5245165bfeb983d3789829d5fd49bbc7b9b18035b4faa3e6b3f99e02,001476.png
1477,1465,092b82cb087ea8d679cb76cfb201530e01233bdc3c840af8d8b434ee44afd144,001477.png
1478,1466,54e5370d348f9c912816a8ee50b97afef9e256c42abda0443ae3e8459187dae9,001478.png
1479,1467,98c9beb61a0ff5a9bf47bc4bb48e68d714177249fcb5f9fa81de40f535020c09,001479.png
1480,1468,2365f946dbb262ddc428ad080d366a6f85496efd10876e47ea2f718364160222,001480.png
1481,1469,51916174f11a4c82ccec39a089e4b59fba7926f98e0f6b0488f390c837b52e61,001481.png
1482,1470,d7ec9ccab2cbf3fae78e718e202ad44c4add4f0535631854404880ffc3139775,001482.png
1483,1471,18c0c965122415dafe1b5168e0093622dec8ea4e9e3ed0c3f9b8aad41b43a9b4,001483.png
1484,1472,9377ad4a13fdf29ac7beb20274031afc6482c6aa31868776680138bc55d49623,001484.png
1485,1473,e30570ea49c70ddb6a2b15002db7edd265ec503f74a2de06b378a232ca1abd5e,001485.png
1486,1474,06670fd7d67542f350ee57559c124d4b74573149a269c52378e30451f76eb8f2,001486.png
1487,1475,596776a1d3676731d8185fc938e3ff1361efea559a02430bc3f9576afad4c3d2,001487.png
1488,1476,bce251adcff0180f09d57ef384d3b6a0d34fcbe4f3e21e014433633822aa0413,001488.png
1489,1477,595e2f6217b4f9fb7a4fb3eb4de6530bb471e370c6f994efa91ced5e7133b798,001489.png
1490,1478,1627cd968752c18e834faefaa9ea5310a8951eb5658cbb07bbfdafd71a49713c,001490.png
1491,1479,835d3dfd74ea9a41931c80c0fbc9df87e593979827c8708b4ecf1abf1e3aeb8d,001491.png
1492,1480,df0bc342048431cdd584f0df9837a74346d869db502b1a60ab2084d72b8e3ebf,001492.png
1493,1481,2c21ac1f1c9788f06a8632700f0ca94886936baeb937a7a27b92d1def88b4135,001493.png
1494,1482,f7880c6eae43c7233699b928332253e2abbceb079a64d54dd783a85ca3f800e3,001494.png
1495,1483,bea81c34b3ef5bae2cc36aa38087467c84d6e55ae56e32017e8f273a6ef0fed4,001495.png
1496,1484,709c1db2e8bc472eeea34533f4109840400bd65260a528bac449c620fed0bda4,001496.png
1497,1485,3a4067b6c7ef8f901d5ddede24ab3a7448ec2723968ddde9d905a3513ffb58a8,001497.png
1498,1486,90eb557bd012035e42f6bf82a150f075b05a6aadeef8f95301d0f8be956f7d48,001498.png
1499,1487,ea97c4541f5d40f4bb8348b36bf1078850e47544b6a82ef7878e6b2b0199f36d,001499.png
1500,1488,96c9a386aa1e031691899e00ef02c3172b8284953f943d1ba0979bd790ca6ac6,001500.png
1501,1489,328309c35b33b04062787a66da0c1c9723e6373e6abb552fd60ab9937aa3e7ef,001501.png
1502,1490,0127ba5dd5e5bc2f5581a43ea4ed311fd8713ce966684a23989be4c35e671274,001502.png
1503,1491,69fa85edfdfe5c68f1afb6728d11705bb33314cfc5c7ed52176470949e672d43,001503.png
1504,1492,a7470fd276c06313f55eae3612a2c28b9db212c4ccaf577021e6207def84a9cc,001504.png
1505,1493,980781cfce59dfc0d9f99d008756ad9ec2d3f4ec74ef926f48bc8281d7f27b59,001505.png
1506,1494,f0d3ac0080f2d10ce58de763f847533984dfcb28b614863b8aef784789f05928,001506.png
1507,1495,c50e47279770f6a303cc8157e476a4f41db78eb5962a2cdb6c2b4adf408f12f1,001507.png
1508,1496,c69f35efac155c8bb33204be03ce3722e3618e0f1f570a3f31c34685e2b70b11,001508.png
1509,1497,0c2d55fd9a34ad0bedc3eb511c5f97ac1b4c6054b5109f5f2a9a53d1472c4034,001509.png
1510,1498,99a56c396e52bd3506f7e28690dc7d952e6f5851bfb9d1651c1f73b25652c056,001510.png
1511,1499,b85cdfa85e0514eab35271257ba435a5a2d3c0fe292f7b0deca407da919d1ff8,001511.png
1512,1500,f1f4250cfb6200b2fe1092b6332acbcc990ee011d088202436ddd2da8797e560,001512.png
1513,1501,3de01a5254e405197d3ef7d5ab243c20c78f2698db328c7d1338ae1f4cc748ad,001513.png
1514,1502,20d1ff03743d95383d06f231e34e707e8754f7141278ab2068cb9a06b830b7b5,001514.png
1515,1503,27c2b873fe2157d4ab3cb1a5efc1f3dd819a3a76d5b573936352415dc54a7ad7,001515.png
1516,1504,286b96bef48576560697226317f0140c94fc20c055b29ca4697c9485a86da61e,001516.png
1517,1505,20b4d98e683544000c73c5e289864b5d9d8cf0edaddb38e5656206aca95c947a,001517.png
1518,1506,602e0b2691c8b3ee65609a673902da8cd7ac50d357cfd03d7af30017acfc1bf7,001518.png
1519,1507,60d72b0f6c8a048bedddd362c4b2f49a6518ebefd5c01c17e997085086d2ac16,001519.png
1520,1508,dd5d8b30bee0456ff001f98e1a0a75081bf93034b1e004e24d84dd7dee723ed9,001520.png
1521,1509,f4077fbb85880b4ef23341bcec8983d8b98e03bf9bbfb2aca7df4a732b949c7f,001521.png
1522,1510,137ff081e220b74eaf4b226ba3b586bfb1479a20f3e983b4b8e93fd6c8ce5c20,001522.png
1523,1511,4916eeeb9c3355f7cf93d5ff15c016d577454ebc063af61cf86b6b71f8e12484,001523.png
1524,1512,7f5fea04448d45a6da8b519a11feb8a9f8a6a021f28ac344d0aa9ed45c43c7d7,001524.png
1525,1513,f12fde3554eec5acb9219d7fc7c66d0f8fac91c35bcce7e98f243beec6e36647,001525.png
1526,1514,4672fa7a7b2466697c3b4ca47eb127fb45ac56449f611aa4ada2904ce70d2973,001526.png
1527,1515,8a53fddd2f6473d83f15b99309858233ff1a5116022d0caeab43a3fff4eda711,001527.png
1528,1516,fd530f9844cd98fa42924cd413f44abb6647320667e09cdfe12863fbdcf30461,001528.png
1529,1517,dc8fbd595190f18a254433434ba0da4397f9d955f71446ef91d1e39c3edc2e7f,001529.png
1530,1518,9e5e11c3b77010aab303f83b15e5aed876730edcc3f7e7f16effcc5f315f48ba,001530.png
1531,1519,6ee927ac9fb5c4dee2b3a54d899cd79f8e224294ce7780f2561fc610474313af,001531.png
1532,1520,75758818f475fc4a778f4dae2aa8a2c5b9669a5a488007e7ce114b0f324269f1,001532.png
1533,1521,e3d0a99187947aafa7a0943b91ba5b774642b7f8ee73e27745fbf5cea1a4c29f,001533.png
1534,1522,ec23fe5d6f87c6b9109533d58d69c9ac1338a868625ac8d63aede0db026430ae,001534.png
1535,1523,da500d7ddf1fd5d359d3882d77bfd863221dc225ec5f74199dc29aa11cac3887,001535.png
1536,1524,2c4e7bce1e8650ef6f479787a265d4a6d6b9f002436647ff48bca7d98fccf095,001536.png
1537,1525,3bf04acd46a3fed9513b594d45e83097f752d4e8c2b2ea14ddb07f12d84046c1,001537.png
1538,1526,129ce073c96753576e9f63ac341b19cd4b75f8df11f75cea6cb7bd2d40b4e122,001538.png
1539,1527,28ca1216ca090cc0643a8b527384e65b049425778909485648e69d3770107cee,001539.png
1540,1528,5e6db236f3cf8fa771e45920562debe0eea425b47654f3ad5b7e0a0e739bcaa1,001540.png
1541,1529,23a17821ab704e56fee1f0d8c395160f1a30d13a835161194b147962e13b581a,001541.png
1542,1530,c4c34af18e017ecf197c3847675fa418e23a8693424b61a1df6a31d202ccbd2e,001542.png
1543,1531,69314dd12e236015b74b53534f2b640ee954061daff4c8d3071e3cebb236d0ec,001543.png
1544,1532,8f2b23055e57184f77417789a574518bbece53480b0932a82bc6a12443c42419,001544.png
1545,1533,8415013db59b55d4d406897f6dfa9c79baadfea00bfd7f38e9605d61fe2dde14,001545.png
1546,1534,541f1afcb1bf6a17ae8c9c9ca2fa704c889bdde12387ee169a5a3aef9a376c8c,001546.png
1547,1535,dd214b240e6eb238a7d8f9c135e3723ebae96d63d888d9179ad34b6eb9eaae18,001547.png
1548,1536,9083ab927220c19debceaadf28ff97980d2cd5ae7f6f4985dee519fb319a70ad,001548.png
1549,1537,1a3fa90f0367f434a8de07d71913e7306edaf6ac660fc30560467ff26fea8a79,001549.png
1550,1538,958a51ba023ff288e96d4bbd19c5e4d13f3884a7ddf41b8d601302fd721c50b4,001550.png
1551,1539,3ae16765e69df7778ff3983719660f8fcbbfb2bda1183c8226490bad02c6a5f2,001551.png
1552,1540,0bfdbcd9f8553ab37c53dbbe1e2ba795d768eedb43a37cad7204dbb33d8739c1,001552.png
1553,1541,7b7823a2019e904f5e1e60f31e42ee34e32a2deaa93540a48325a37860e0b01e,001553.png
1554,1542,ca3d3f4ced890d0115f87a8867b51b2922deb7efd9ea2fcaacd3e55c7f914629,001554.png
1555,1543,3e30d291dd7da58a1cbe05b367f2986e06ff37b0a5e32da2660ef38683f223c0,001555.png
1556,1544,095771ad60e988131fb5c3dac5fea58d1be6740d9ee6d15b2c70edc58969ec2b,001556.png
1557,1545,52a6e17c83f6528efcbc603812529c8bedb28377bd506d819e4382f9ae1a15dc,001557.png
1558,1546,66ea742aac99c692d7d50a05e2de4e5ba1774a149598b576e15453c0e46fcbcb,001558.png
1559,1547,136be6636519b1b355b0ff17fa0808955c00b71ba62d5cc5d031a31868d31265,001559.png
1560,1548,2e29aae0e1fb904553c51795b6e8c971479ca651155fd84d230c86965f356f46,001560.png
1561,1549,ae0dce23f61f2d5f9a676eb5aa51d56e6ad3f9d9699ac223c98dccd1355ac655,001561.png
1562,1550,cc356c4bb750c49059ed2a4106df54d47b9532b4cf051bf2f52141b8042b01ae,001562.png
1563,1551,395dcdab75777c2421085b4bbb92c61dac0b3eec0819091d03504daab6d0d379,001563.png
1564,1552,a2dcfb4c4089bd9f898256a657916c1943c3acdf4667e814fe650de396448031,001564.png
1565,1553,84e917f5442b371ce018e7ec1e8904a3865271be49f4efed43a83a57b1b83d5b,001565.png
1566,1554,f35182aac8a50f2df24a90d1124faa20e3fffae68b12967ca04d2c592fe12335,001566.png
1567,1555,c7d8584e19a2acc27876c93c0a147823a14e9e7df747610d765c8f030ca44eff,001567.png
1568,1556,544e8b2fee8b394b55625155a52af8b0c444a514c77e65913240373742d5b0c3,001568.png
1569,1557,6a7ef764d7d86a43125dafb6fc4617ed0a648aaf043756209b44fa7e708e0dd6,001569.png
1570,1558,1f7f741ff3ae66558cfae1b1f1d0f2ed6eab8e27438b189f3f8126079ef4f2e9,001570.png
1571,1559,9ec0027a405f56052069a19bed9966d453b0b99fbbf6de5dc1e485c1a4f9004f,001571.png
1572,1560,30af55ae4dc7a935536ff5da08eb6af5435f07184f4140c1b14a18274d8b72b8,001572.png
1573,1561,ee5d4c02d6ac5374d2ca63414ce73629d293ad6a98c143f50ea587d12db96d59,001573.png
1574,1562,0d726e470889ddb46f7f049bda7bb993d0d3fbc69791fce7ffe9564c3c7f62fb,001574.png
1575,1563,dda9d870bb7991e89c2c1f2aab541e709c7e7010b1e143703f3e34f76f9ec89f,001575.png
1576,1564,e150288970eef9459d7772d8572cd7ecb097dd73d54a7a5196a37b8b6175b24c,001576.png
1577,1565,e053df6a46ecca2fefa3c3f7aacc8db4c740e0ba5011e8a2183ac9b816643972,001577.png
1578,1566,7b9b7e242dd036335e0b0e98012b25f6c6071e6e78512ca7e374ea390dafb59c,001578.png
1579,1567,b1f72db04596a833c1844408e595ce4d3c4b7658840cdb0432b2582e2fc0c316,001579.png
1580,1568,1498b2d3df5ca344ed90546ca7823f101ac1888034ef2962fcebca2349b4cf81,001580.png
1581,1569,9f041138dbac92a543738d83c40c661746faff95dc8f6ef786e9852eee1b85c3,001581.png
1582,1570,94fb084e565f1f6692cce7124a7d3e2cc2f9e52d4fefce520956c77732a9a564,001582.png
1583,1571,721b4bd4a7b70a88476348251ae92c803b21af33074e3408d3f03c3821780a61,001583.png
1584,1572,20b415768ae41794e6078529a2d8b69da58e5c58c8cb42d0494e55284b6500a5,001584.png
1585,1573,ca62310d7cc500b3315e22804c13b245912c00128153a7ce398be71599c66868,001585.png
1586,1574,660bba931ff1cbf64173b11c6e4f9f755cc9df2d4f37e2ebf7765e15b385747e,001586.png
1587,1575,04ba6a323ea9e2263f523c450bcfa4b32e413b32fddc5abb2490a87d8bdf9e1a,001587.png
1588,1576,bcce8f7d840090aefda2649fc721417992f2f52abf327f186d00c1e521a9c230,001588.png
1589,1577,234aa6c62dfe07702e08df468ffce7dd28a5b48ee34c77310812506b6199d412,001589.png
1590,1578,5e07952af255d5a2fefd486df0bc3041c1f51e413d598de8356808fb6abf9b0a,001590.png
1591,1579,1f83fb7530b0e52c265d4fc819b97784bd030d18e4bc6fdc199b8f42c3bce489,001591.png
1592,1580,520b96a0819404ab69e061f0ae3c11bdc3a609e4c540c182004d7cbe9cbc0464,001592.png
1593,1581,8ce817950c0a281ac5da2598035e71e8dd9e64e906113237fa6e90b3bdf6d902,001593.png
1594,1582,17e57e6447913b2d5e368bf3fc5f75f4cabdc444df7c04e3748431866cf94086,001594.png
1595,1583,3493b19e1979be1797f24178b937148864378e946c67f3a19f8beba86179f260,001595.png
1596,1584,bfbe92aa12e5a3760711207b99052439e7d8042fc193c0fcc8bae1d5d06da5cf,001596.png
1597,1585,e6c5aff758f0ad5edb57604607b4c6aa8ee131ae32cca6ab7599b82fbf6a1585,001597.png
1598,1586,ca3892276ee49d92ed3daccaaa0a88ffcb043993658b697a71f9425fe3aa018a,001598.png
1599,1587,1fee071f1c1fc2c71b81646f6cf9df962cc6f63ea713a500a51d8812d1e876eb,001599.png
1600,1588,ce9688c1e56a661e07d2f2c4982bfde2776e4cf569b5016fbda2d2dc8361da64,001600.png
1601,1589,961869e0f4ed0a1a56c15e3eefb4b47624af43ec16a3242b7c627cdd2ee24623,001601.png
1602,1590,9feaebb63522fb37999b8bbd9fb0789376bd2490a578c78f984ef5cf74918f96,001602.png
1603,1591,4b14738b1e97675477cd5f5b630ca0d9e0c7d19a368ddcb7ca4127bb474cab64,001603.png
1604,1592,556c1d78e71418323e959f2f66feb65e1306359182470ca38ee16b12f7f2951d,001604.png
1605,1593,2117d5a7d0f2958df5e06438ec48e0dd1d6d82dcc29fecaa2bc81ec1dbd21084,001605.png
1606,1594,5584797ffa8a7a1920cbaf0865b6728f50864d5faafeaef1710e1e96fbd93906,001606.png
1607,1595,3b35c98cc18990db3d4dd4a0186267480a8786103b8a926619d966a1dbd9e762,001607.png
1608,1596,fbeb413cec39891fb914797fe4ba809f4b5566c023cbe078c29c0ba4c7b31576,001608.png
1609,1597,fd7ddd3282253e54940c365457911e3b0ec774324810c8ef6f22a9b5421f3aa1,001609.png
1610,1598,99b7d3b2250b00b0da0c2724117a9518f83b0e6c09f4edcc5d7f33c8f27805fe,001610.png
1611,1599,f8f2f524c11661b912c2b8b59e244ce8e32b8c33d62ca61af3d295bc1b98dff1,001611.png
1612,1600,575745b9180e539d4a52b4751cbb563d524496265506ffc9e7d1fd401b0c0d6c,001612.png
1613,1601,db145ebd797b995fd218efdf67673dfe0622fa4fcb690e54772a53e658dfd258,001613.png
1614,1602,ea6b3a18dc4fb5c8167994dec84271a070c4b13e6dd5c6eb5e6e914cdb3951f5,001614.png
1615,1603,1568cda4ba6f75e6bc74821c1cc4d581607a5b3f70b6691fccdc7c38e2fdaecd,001615.png
1616,1604,0386657a0cc3dc44324e86ccbe5a39f7ff42e1a73ac3b5272695d3f3e65a0e6e,001616.png
1617,1605,5b6a62afd970a40542aefa7392238a16642e85be829df63643ed908dbf534b43,001617.png
1618,1606,4bce79adae7c88c14f20e31f88d613dc985512ec292073bbbe9ef1770f83fc69,001618.png
1619,1607,4ba0c54c2b0bfeff2b1676c3fee2cdede83424e0400cf59101a1e0cc35088edc,001619.png
1620,1608,b2854a7c5cb25d9d91853325b1110e6d7c9178ac60085695984ebfdbec4dfba1,001620.png
1621,1609,326419586fddb77c375137e0431eb530868ae2407e2ca42ebd2be0d46c51a32c,001621.png
1622,1610,4b92ce941f532c7bc65f26997da842934f84885d866461b60a59c1ab625ef5aa,001622.png
1623,1611,6f9fe5c793719e846fcd237ffef7a1fc8b50d9ff31b5bef724cf1137704067a4,001623.png
1624,1612,acfb5b2fd0cf047cbfb3767c285f13b4f0d89948e30be22799aa85174f1c1832,001624.png
1625,1613,cbe297c9d7004a85490358375ac3ac97ccb66382363d84b8841635a14650a63e,001625.png
1626,1614,ea60eedfb7531a82be388127c20c509ac667820993789ad4beea70c6a89338f4,001626.png
1627,1615,172d0f99b480b118a0e5e7a3edde59a21cf1949d36007b709aa0cd38bf15d006,001627.png
1628,1616,912d45aba609a2ed8d83bd46852e9dd1243f16dc9e650a1e72f8d188c3a70e4c,001628.png
1629,1617,81a51172a8d865789caf12fcc9c4dbc5fea173c6d054efd56fbb24860e7ced1d,001629.png
1630,1618,b895b64986a0f86429fd0a7ee9206549dba892d49f7689d81f58d91047a8dfa7,001630.png
1631,1619,438a026714a08052a8c47eecaacbb714cc7c73e678de1ccb721683b5e73d9e31,001631.png
1632,1620,03fb0a9a9f7ee8ff7b3baacd0ba7085234d904bd4f2a7d3319b205645a80c6db,001632.png
1633,1621,85b82463a17bb34157dbe8310d603a33fd7ed8923716e9c9c0534cf5a66a1250,001633.png
1634,1622,5f09844df63096c65ce563641d1c9f247d5cffb1cadc933d9512378f70b664f9,001634.png
1635,1623,1216db8d489091f85485a641044a33fa4d0b9d174ffaa07fe974022b2a1a3113,001635.png
1636,1624,697aaf56df82df242e6b6ff469347f0409dcd561a984605a0772a5a1d268c81f,001636.png
1637,1625,dea2fc408f32f86b74724efc909610f7a1e2cf66d0f4555a91c98136dd6cb504,001637.png
1638,1626,2e082324c20fbc483d42c8fa8e282d5d1db39166c165ed0c5873aebc40f2ca57,001638.png
1639,1627,24e44985da0e248ffd760ebdad057565fa555aac1b51dfb4d7a799c801898387,001639.png
1640,1628,b151b4555464453b40a5c4691feace3ac35906fc6f161d9d9f40d1e739ec8a54,001640.png
1641,1629,051a6acc96ba3038c727df7677d1b65e06bd5d8d8fd75671d17de84d0a31a6a3,001641.png
1642,1630,156a88f7018e4b7477d51a18cf6f21b4ba3758380aa2f012532515608d90a8d9,001642.png
1643,1631,b73cb272e963985787c7ec4f3bcd5f2b5a5c3f9ae93f528670a8e2a34f469d9b,001643.png
1644,1632,7ee4aee03de94d0dd12a645b9d91881cb9757db3e61c5d365d11f58a955e7188,001644.png
1645,1633,e304f4b534ca9634e98ce6ceae588693177b3d545a9f9b8b651f46f8864afe1b,001645.png
1646,1634,8bb94085f1d677154ba7018457472a08bea5985cba4fc06a504faf98c3875b4b,001646.png
1647,1635,85962a7d18d622ae2a5533ff7608ab725627b5cfccfc50e0681b9bf36f9875d3,001647.png
1648,1636,ef5af55fc3d635347141f87b058edad863999602726ae4f07bcc21e471909048,001648.png
1649,1637,1febdf677dbf046cfede01dccf8738e96f1e4254e3d482913c47c8a531856e72,001649.png
1650,1638,867660e77adec0b67b3c96f8bc87d4d478f945cdb7a1dde297e6ada782446862,001650.png
1651,1639,215c97c54acb933d23d06081814acdca31387ad99c8372b8866a5db44c7793ca,001651.png
1652,1640,047682e4206801fcd7119ed086d7695311cde8d72ab0a0f66d3e58a08563a654,001652.png
1653,1641,2133d93cc73fd13b1819aca4de205effbd9675307bfb2da9e9d76348a3300028,001653.png
1654,1642,9fae695ef046a11d3bed70b194d76f156fd724dbccec0ed7b0c5a28c04bc12c9,001654.png
1655,1643,ab1b162a4d889151260022d51783b3ed04b1497eed9f2d680cc65cb7709b73ac,001655.png
1656,1644,be45ea1b2212b8682c7b17dee86a2c257307cfadc7fa489f3d1ee5cc45830320,001656.png
1657,1645,b538424ab24de6d1ae31a423d7997fbb496a1fec1a4f9084c9484963b575a47b,001657.png
1658,1646,364fc7e631ba74f1a12c63d6dadff925b7ab9831b258e84ad9282ac7fa903dc5,001658.png
1659,1647,29b158d23d1a321f3399b665ea617421d78db66f7fb4f14b56b0751c3c12713d,001659.png
1660,1648,7d14847343699184cb94d988b11c638d27dfcafba2bcebe4f61730e058e3b1ec,001660.png
1661,1649,f07fe83e8d9e8e917d20b207fc140c63fbcd6edf94d84c7148002e83ac24f808,001661.png
1662,1650,02704a87ddc80eba61579c53ecf0f72dbe0f38b7a5791d41f112053dd547d93d,001662.png
1663,1651,6b3a903de2ad8039cb85c1f56e163a475dc4cf29821e5268d80a35cfef592591,001663.png
1664,1652,e3e619af97109dc5874f85a7c2cb0a349846bde9e6ce16c095f19ddc033ca0e0,001664.png
1665,1653,c27b9c65cd61d5e0dc385a011f7402a5ab6bb9a4425d6a0ee197c7b89f12abc7,001665.png
1666,1654,e319d01725195c68d46ff23d01bcf698c1d9d706c642d10d68644df8635a05da,001666.png
1667,1655,a58a804e79186efb4704ea9949138463c7344d89330adbe00ab87ab72e680173,001667.png
1668,1656,c981b57cf80c621315c392916a156dd8592171c56e52cdbf70e67654e5534bbc,001668.png
1669,1657,5cca3098a9e52c417d8ffdafdb655f9f3856d752d8fccb0e48c761600c1571bd,001669.png
1670,1658,03138e6a40dfea157540c88cca7405baa37cfe7c1e3886d46805ceb65eb4169b,001670.png
1671,1659,1f815c6afe45fc4d81c0050dff6f0a2cc147f76a76a8ca848211d3e5fad3d16e,001671.png
1672,1660,1eaa9f1a96f8a0455b07c40b166168e0a1952ad623c8bcd0c769264bbabf079a,001672.png
1673,1661,3797f86455fbbd52b7786916ab599ef8c5f5f266ce38ad6d944c631797f5f0f9,001673.png
1674,1662,c10c26da29acd1cd843760a89559638d70724614fd5ff3840653b8eeaafd524e,001674.png
1675,1663,7961350b013fb9fa7a8a4b37b38060b96dd12caecc2b4e7704a384e213021818,001675.png
1676,1664,99a20cd179e5a2167111ee8d84fe79e6f8a3f45ad0e3cb849d17f59863141b80,001676.png
1677,1665,4f85cc8b7b5a8005924ef6fe88ee36443c97b9462e48594d452b791a0da36a67,001677.png
1678,1666,2b6bbbe16e4f1c9d4bef8e67fd8739f577c3b1f679e47f6829e6fc96ae9cb1b2,001678.png
1679,1667,ddd468a6c7509b4f5c7e396243c893726f68cb7702ea583265ceaf5f7e469532,001679.png
1680,1668,d85702ec3e79e8f88b8e72934339239f53f22b07cb0f7f7228380e69775e7223,001680.png
1681,1669,20b3ba22af46421207a28bb9db38a8f563fe0005090ce2abdbc2e023c5b07e5a,001681.png
1682,1670,1c5e78eababc0cd9f0c1410cc17b8372412841669e9798e35981231ec2d06e31,001682.png
1683,1671,939bd3e76df5bb6d9b2b59d5daf95fee13a9bf8538ac37e91d8953573024d1af,001683.png
1684,1672,a898d2a9e1e5f9704813586211e580744a1387a12927ea0779b8a275c2e1b85f,001684.png
1685,1673,535386b81cd7d68ac1bbb8ea85574dcd7d774458bdeb23179a0d951748003cce,001685.png
1686,1674,7db2702969024ff3cf0b54e564f714e38536c7b8753628e87e861de421d2ebd2,001686.png
1687,1675,2a4a1ae0ec11270ed956c3d9b79561b2c77a4a20ef74f49383442ed2f836cf83,001687.png
1688,1676,7384e585c204a173975f1822847dd36b4edb0f6d72ebc27264aef551ea11136b,001688.png
1689,1677,17ef4d60dbda5b74edad10353f33bd36a0f37e73ece1f75b139bd5bb7e370f4d,001689.png
1690,1678,15a13de1973c9a01f151f9261645e4beaaf2a8dabb68a414b1e5f5b364f0f5ba,001690.png
1691,1679,924a4d11eba43f5a16cdb0342a242726686cef489c3780d06180d40373a21fa4,001691.png
1692,1680,a0f0a4b075c83a30373a873ce68b029eb806a740121038b87e48890b3d4d91d3,001692.png
1693,1681,07fae773202f66a447c1d1f131370da36f26094892a7f59188980dfd96701162,001693.png
1694,1682,dbeea12e27177b7d8c3a43a46413fc6b9219a2078c39527d507b41cb42a3076f,001694.png
1695,1683,74ff0728d9e0af80af990b0c66a7e66750be313e4b40ed7c4d3da1190bb3934f,001695.png
1696,1684,d9648e40e932e753080a095a9bf31872e67832ded7d89b728c4e91d303a62442,001696.png
1697,1685,d754e3e35e0001422b330df1d6c3eb6e0bd653cdd010f05b12827e37c6fea225,001697.png
1698,1686,e6e9e2c8a853a26d5129de3d552fc8d1d2c7e0e906a5069481b221113127f870,001698.png
1699,1687,eab47c5122ddf1570559e5069d7ec199531737580a586b91060fb12c6ea1a0c2,001699.png
1700,1688,e1a02876ce49687ead06327bfdd176df5890271b1e675abe316d8dec5c8257de,001700.png
1701,1689,21b6017a08a7a055d625ef6640092f7de649175e324f243a5e20d3d2a03f1887,001701.png
1702,1690,c45cba759c9698f163b3b7363256cac557ce35972dd127ec0b67c048fbb6eda9,001702.png
1703,1691,ed3634cc97e47798c301ef04c707de51831b1e0bf1734cd947112333b65554dd,001703.png
1704,1692,ef87e9bda81a4167bd4cfc6e6008cb9e4480f9e3e42abd022de888d4f221f2ee,001704.png
1705,1693,396ef7a551459936318946a7517d88360010859f5fcd4a6decf7c1a5e0e4dbd3,001705.png
1706,1694,3c3dd38acc1ef86d0e0921b076aa9b48583a556417de91e736381ccc10bf0528,001706.png
1707,1695,b2c543785748b7abf1f9441333dcabf3a96e4151b0fb7854f2b59f2363d3fe80,001707.png
1708,1696,f7a0dce31f7a0659086e35de037c603222822a3f7604875f927bf4f31c0d59c9,001708.png
1709,1697,9dc3a50aa0137977abd3c8e91d8d1d3d1f792bdc7c00fd47b2a861dc39d073a4,001709.png
1710,1698,42d50a18481a5dfd753f3d9226e45e098098b6b2d776426343bc2f6117e16089,001710.png
1711,1699,6056ce1aa803d0399031fe127af1a0a29a269285290a06047a83fdce00caf076,001711.png
1712,1700,e89430ce5b2b3fbc46c54ea6fab29985874e21d205ce698a1a9c945fdb0583cc,001712.png
1713,1701,87382bb1cbda4008b81a130acf9a4f4f4aec4cf591ee4c15ebf4048fe0a50a78,001713.png
1714,1702,0d8121c62fbbd24ef08d5ee04b5a5e1630f28a1fda15d0bdb42c8a6e38fea9ac,001714.png
1715,1703,c411f4b2e709a13e1bccf20057f5bb74343dde053b4d5c617534a7ca7985c3d5,001715.png
1716,1704,26574ca5724e4a8f7872b63f4d7b26adcaffe5641b9b683cc07bcc6b0545d445,001716.png
1717,1705,7d0242f144d03bf7bcfde5e0c994502064532fce9df8a7bf977fcf7adb6ce9ca,001717.png
1718,1706,923e91bac0c86f7d6e19cac2b1a3335ddb751621eb8471e7969ffe64be1b0312,001718.png
1719,1707,ad478f423bd737dbd996270736fecdd4e2d8d9e1293c09c6e681f28d9629b990,001719.png
1720,1708,e5514d922b5357f82576cca02ed0a9926cf38d4da26bb04081ccd9573f921ae9,001720.png
1721,1709,ca2c86872d9f3242990428b31b18bd9cb7cc5e3fb90e078a99a452dea8adfadf,001721.png
1722,1710,8025a5d6317b518b9a588e3262a6ec67a930b11b0eb18dbb51e98c7016739964,001722.png
1723,1711,2ead33d2a20c7309b705af5835e7ab936f26d51753648c82ef51a2421b719280,001723.png
1724,1712,fe3b17138350ba70846e934ed8b43f40987a258a93ed11a27bdc90849f6fbf4d,001724.png
1725,1713,133d3a25590d601f4a6ce09681918306a85dff9a51a290fa60d39107ab243903,001725.png
1726,1714,f34f08544a39b7f8dc9638dbf750b5d8ad44e1f21f31078b7e437244d8ca82ba,001726.png
1727,1715,e8dcf8d4a0220dfa68d1f874083b936b5444edd01d3ecc591df38dfa6d3af4e6,001727.png
1728,1716,e08691ccffc44921b46f7e1bc77a2d8f325ecc1de7b318fe0f2574fb9baab280,001728.png
1729,1717,36b07ab75b2be63ec4e79302598448e6e2cec89f7f5b0c5d3cef9644ab3f8407,001729.png
1730,1718,8e9d4b75710ee9da8d947aae76328baa22ef0b2cec0a6db46eaedad1512c7c2b,001730.png
1731,1719,79aba40afc5cfea43e9f3ab425a35834ae8fcb5d5322a6c1ce8281f0884db9aa,001731.png
1732,1720,6a846181aa528cbfc838b258530d9760a9b0129df3bb85eced6c064b3e37fce2,001732.png
1733,1721,c854d8e3f3ba9540575fdb7eef3e8444c89801e12c783b47d8ecef5bb9fceb4e,001733.png
1734,1722,325d747c9be493b0b39416f3269a472e7711e63c29b0e76702e466a1d1cad2e7,001734.png
1735,1723,d7e7a027bd4aeba8679af00169ca5fcdf63c0af8918d4e92347e4e84f922c0f0,001735.png
1736,1724,e9caa812ca5a463743d01fdff823f9d1c19d6c116bc3a07c667b0cadca55316a,001736.png
1737,1725,6b9a5de57de3ad268f302d19e8540fb67a4efeefc0a4b49fa01b8883960384f4,001737.png
1738,1726,c7d0baf3a93fdde3b3bfc41863e19bf1313f244aff204d5b8a0210175b184e64,001738.png
1739,1727,de44e6f79fd1c712bd8a5267de6ef3980ec4034681c27750249c3a4234599888,001739.png
1740,1728,d2af5cb96cbacca2434c950c8fc6b6a84f4dd5877cce6887f9b904b88a97e020,001740.png
1741,1729,f1a6357acf3d1f91dd4c93100af495e06be811f5617a268240281d01ba9554a9,001741.png
1742,1730,d02646ecef9203a6143db67be584f4060b26ea5cd551e17df4ff0b3716ed4aea,001742.png
1743,1731,b807cb9a85e571248d403f4764337ffb6ec81752f8e475b5f4c4fb4d7ad295c5,001743.png
1744,1732,21c99e6d814aa5506d4c89de41295a5155dfc5e484d80f308d800aecf6db7708,001744.png
1745,1733,4b118a2efe8ab7a54d3345452e2da2128b3b56743dd44e27bdc5946be44ad7c2,001745.png
1746,1734,c7cacf7004773bec3405a7ff2ed363e3e9a0dcca8ff6318864ec5b07eb72963b,001746.png
1747,1735,eea91936d9a9750f8231cd3894b19e30ed65092a65341e4546df94342d14fe0d,001747.png
1748,1736,c392ff35c908551549a5bd21d95cd5850beace6b10f85778bdacfc3f94058c21,001748.png
1749,1737,4a18532dca94f992efba33f7c83f80e7be83aa468a47cf7a64f947a2c9f795d0,001749.png
1750,1738,4b379e4824f4614b380ba6a092926ea9e38758a0a3483d5dd487ff5c028448ed,001750.png
1751,1739,d3f225912cc7834e600ce7769784322dd2cd3f240ca323a5630fbb3758ab5188,001751.png
1752,1740,c5cb00eef15fe825b23dbe7c8b8079b086814edcacf947af60aac52d2c373ce8,001752.png
1753,1741,dd2ca282811e6116a034306137277902aab0932fbfc5345b16ff27fdf16423aa,001753.png
1754,1742,96b5d73f26e74008bb387174118b8e9458a9305c128324f106618340d30b483b,001754.png
1755,1743,d6f247c1a8ae96d0feafdfbd2f1f616adb6fb16ebed08189ce8264ef56391e83,001755.png
1756,1744,e038fe42861fbbdb73e288683cbac72e165c07895f1c40a7e3112da4d1dc5a48,001756.png
1757,1745,fdfc78f7a706d62dfc05fb33355b0525c7d433ad8d921d443c2b2a8e8fcf22ee,001757.png
1758,1746,44c85e69c4be3c73d2ccc67bb53bdb7211c09ffc62736569c58c9ae143aa2abd,001758.png
1759,1747,d31c1ed6cbc0f9d3811eddb864d3831cc8d095a15ed8e959d58e7d5e9d06cb7b,001759.png
1760,1748,1a4ab9a6d425e474d025c57b71100e4d71fd89895fab3ebea7481613b925e8cc,001760.png
1761,1749,5a8badebfde9d6c28b71a2704e00e6eace7e652cdcc835ff143aa18724dc45bf,001761.png
1762,1750,c183914048ba56e586130630c90edee762d70628c8d5d86f6dcac1231b6b5766,001762.png
1763,1751,dd40325ad5bd1f6136c717c68c29910c2c8f728b5e1ffb7c04a9f2b9a2a6281c,001763.png
1764,1752,8ee0e5c1658c96b9a1667c6b383b4a06235127531ea02647bc2a1ca0fdf7fd00,001764.png
1765,1753,d2e4f5428317cb4dc694fc0182ca5fd3a0f21fdec9788f9cbf2813bb5ca3ff50,001765.png
1766,1754,32532a338ed248c5a842afbb8ae3eaf9c9a5b6282e125de946c6c8d1a006a004,001766.png
1767,1755,76f8f9b94d54302fd94f56e67dea532005d44c05528628af74b5d8dd2d440588,001767.png
1768,1756,e06fd75ae888b082a6d6a560eae4c67d23907fd38e191ed4fa073a81d730bd2a,001768.png
1769,1757,fe69a77cefa72b64f1b46ed2901ff5ac2aeed229fd1189c22de1f260b827d4e8,001769.png
1770,1758,26d973adda4003dec48f98c41c6823790c038130ca2f9fba7d7215e328497ef2,001770.png
1771,1759,14fc813b352f426ca11a0af860b37d1464adee394d795ae5d0efbc8f5bc89aba,001771.png
1772,1760,95e35790a9d0c5fccf8f169ff6342c44bbc9ea34af93ab521dcb822d763c3f4b,001772.png
1773,1761,f1e1d7841fdac14438e5c57b17a3202d74d8d5921c40f9382d01a6093dbecf7c,001773.png
1774,1762,83a7684759daf09b2256dcbe09a900c037f8f24b161f74fb0d38693f44fc6256,001774.png
1775,1763,6ef61dc3d32b5d853a86b53cb5cd8a8e9f0c5c1a778c17706a97af8ba8f8dec9,001775.png
1776,1764,bad29f48a48bdbe107d84b1ae48be79e38a0f4a922e051a11d577c638ea254db,001776.png
1777,1765,135ff1d7da737ff9dd8c3002be4a667b94116f883cdfe875607abe9c95be840d,001777.png
1778,1766,f983defdb3f0e501aa9e90ca9beaa289f30992912298b0d509e1c1f358ab841b,001778.png
1779,1767,16e3aeb7958cc4696768e738a18ae2eddc44ddea89029a46470a499ec55414bd,001779.png
1780,1768,bc3b25eb50cec713b1cbda0b426681b1538ebea1b0c3952fcd4105ea1e23527d,001780.png
1781,1769,6c43302e3c924c9aa55427aa1ee7d7aa0ce215a7b5ae790271ceefd73036cfe2,001781.png
1782,1770,93d3b32575f73f7452d5cd8fad7c7f21785f040fb2688f6b40927ae2f7827ccb,001782.png
1783,1771,c4200a42c1ddb21f1aef2298d90a2dd2ccaeb96b2bbf6a50088bd0e13151b0ef,001783.png
1784,1772,ef8e84a85189954db50b984abf24282664ca43cc8fcb75bba3683dcbbd7822e0,001784.png
1785,1773,373966eb7c59c378c1ed74887030249ee1b72912bb1047cf0ddd55d50acb2238,001785.png
1786,1774,28821f861d56a5c6904793b9b61e5761d43c8c49b4a4346bf8bee000d9c97418,001786.png
1787,1775,7ef435a231cf08c7301d442b05f25fd02495b74fdf2f8775b70457ea96dde050,001787.png
1788,1776,6f84f6e33346086211f56b7db6a301ea11fc352d95c90d002f9c9d48d721fa3d,001788.png
1789,1777,9809ab792990b73299abe9144512820385a92c3ac6f6ba03e74556c0adad9c75,001789.png
1790,1778,72403f5ab38c1f86065f7effbe7f26d4dff0d74f0d8d49f78c4a34e7c2e26ea3,001790.png
1791,1779,2080465543d809de0ae4c6e125551d151a66b22bb875024f99c35cfe62c5f8de,001791.png
1792,1780,ca930c27461d23cb5483f46e8818f583789ea131d6b053c8a09e557d60ff7094,001792.png
1793,1781,fc57c6ebbb4e7aca58152d0f8215c4c4fd3c16a27420f41ab4d1dcb9fde3ff51,001793.png
1794,1782,f4c933ca0746538b774eb2d41e16d03c4ea045fe45d5b786fd33cc79d51fa47c,001794.png
1795,1783,203d1a444d1a4eb5cbae67630106b99d74d5abe84b6e56d03566c75aa4e4b35a,001795.png
1796,1784,de7b542dd3da9cac12d95e7298b61a35e80e6dd58be06239d48289776abf9ebe,001796.png
1797,1785,1444eb2e5f5f93d2407e502d28702bc077540e875f72a757ca5e87a914214b20,001797.png
1798,1786,3b04f58ad28bffe65c1a5b58393fad779b809585fb3096eb6ef42230365e320b,001798.png
1799,1787,58019dbf597b48bb80c492068c32d8437dfbacabe605a9b632ab41b130dd0977,001799.png
1800,1788,649a6c92f07bc4d58b9de559c388ade901489a253e47dbcda27ff027b9837c9e,001800.png
1801,1789,ab3d76bf34f6a31a09a6b4ea9193b2d4c0320ada092c1118a4ffaa9120a5f738,001801.png
1802,1790,8bc6fae54412d337f6bbb87c8737d93d0a0b4c1dd70ee29f4fcacfeed802eb8a,001802.png
1803,1791,29d7ca492d1e52cf328c0e9fd6db989de6c958ac55d241d2281bd71c71da0d5f,001803.png
1804,1792,ab28c1c38040b5e3e55fb2de2972d7dd6978537337d1ba12205628e9012e723d,001804.png
1805,1793,e0cca5ab2b9bb5a7a343ba41a5f56791ae37ecc62bb5071b80d8f95248b5cb3e,001805.png
1806,1794,c6d0d9545fc149a865c4c168e1da8615a84b4113f80ac83b21e9972e36279b37,001806.png
1807,1795,dabce183b383c5d3f8e557cc1e351ded0ca92955fbcade014056dbd97bf67b04,001807.png
1808,1796,fe0f9f8890ffb4dedfc7134c0b180c3a4f5a79411b348bf2b8a71bc805f3a39c,001808.png
1809,1797,27780c4bf44e42004b760e55f5cfd6ee12e93ab8fdf4471c28051af9bbb3e16b,001809.png
1810,1798,02abe529d04da3e0bdf9bdc87f082b8e30fe096eda97caf3d711fab05354d90f,001810.png
1811,1799,0c08788ba2f435efed97ea3807141fc097fb6532e59718b93e983f295d1e054c,001811.png
1812,1800,00ce3b7dc3af0c0b7828d35a90634515586a6c0c8b0c25259e8bd21a90817817,001812.png
1813,1801,a6cf9823bf7946dff0bffde747fbfa8225ab72b60e4dd762b1a1ddfe36734c9a,001813.png
1814,1802,2c38f475e3339c5876eeee9831b2cad88c6bd74b970f36ff24a43db46429fc3c,001814.png
1815,1803,3c00fe13ea3b1264034d2cd8a7b013575ed57eae3741917c4085eae18f91b060,001815.png
1816,1804,2aaa1a83bbbca69e15f2a2362beedafb5bb6a39e5260997d3f083bf705cac9e9,001816.png
1817,1805,0e9a741d49ee1ae8b6cce725783695f1d3d087c85c247ec0769f4758b5172a17,001817.png
1818,1806,d04530cbc4874254309aae7e5f365163cf067776936c21f697f367a9707b4dba,001818.png
1819,1807,e2c2e4ad44295a41d0f731d12b77029a5902ae99756067ff3b9809d28493015b,001819.png
1820,1808,a9793f5931ef2ece4012f4c56a360e2d8106aeb23f2264572c8a5b67ab7f698f,001820.png
1821,1809,8d5ad01be6a7e1e5993dee70119a41d48dd7ce886bb1b48881367ce4125cada1,001821.png
1822,1810,72cfea23a9822be5206c75f19df398199e27ddb8517ee52ec747a501e7fc3488,001822.png
1823,1811,113edbaea6af250e3d6c107e28727d48b3d8dba13c5683e5f849aa0fd77375a6,001823.png
1824,1812,1f3e42f51ebcbbdbdf3552d27f0565d5c18be2afd36d4a9a369a09a8c16a52e8,001824.png
1825,1813,615ec240b257bd6b66610728c3450a0abb27eb31a3adfc63bafe5fe42bce0b6c,001825.png
1826,1814,a58256fde1a475b25defa9438a2334936820aa7a20b0daad27b1b3ec8dd597fc,001826.png
1827,1815,5c4a2f42c83b7877d21fa9380c3044564a9467a73d70754f54d1ab13274b755d,001827.png
1828,1816,37835b5fe79f3e12016e89de7b6b3a7ef1c0b4a92d62d43e1f75f3526c81efb2,001828.png
1829,1817,081b18759cac02cfa377f03aeacef5c94fdcec07198423331ab28d83fb11e308,001829.png
1830,1818,40878f219864832238da72d74df8525ac5bf15c0e5d22d95d6c8ec474f92e8dc,001830.png
1831,1819,485d64333b2294612059f9cd95b2892bcffe0248e1c30075cd6b5da8740db41e,001831.png
1832,1820,89b0b8fc68034acf6b6ad6288d7038174b499a89acfeae100968c38bbd6503bd,001832.png
1833,1821,2b022b6a1360e64f31381e9a67d55f4fc913c9cc10acb90a9d6430e0b28bcb68,001833.png
1834,1822,97bdc2218b7d649bc30f31d2bf1101996a4d20a148e31d4facd48f46b225e4a2,001834.png
1835,1823,b0746d5a075421b48737365f9a4b04a0d8ee4b15ae0141c0b31c3c59aca7c829,001835.png
1836,1824,d536f805355786161edc486ba1795146e578d8330e55297fd7e7dcb30efd5902,001836.png
1837,1825,dbb8c03dcffe753f52c759a93765e38f46070a9a108ef2302d550192e2acd437,001837.png
1838,1826,6698ef25f567b60d097e7ccf6eec9b05b477e41c49523eb92c9208dd7a12f6bf,001838.png
1839,1827,f3fb303023f884046ac00ac35a2a7009e48daa33d32689b2a1fe9bc213ca0ed3,001839.png
1840,1828,6636984b6446a5f70d94f151b782dc1e8e755ab8aaab347c0679e37b1d1f8340,001840.png
1841,1829,c38a0cc00c9f41dbc1c3a05ec0d3a4fb20822709a620f60e7c07b9c0a432007f,001841.png
1842,1830,ac03c9b641deebcf6a18930d91dd84d034e1947f803cb24b6419b414b8f6bb5a,001842.png
1843,1831,561dd1da2442be2fedac19763b7452bb147bdb2ae74e0b234185cf524ebcbc46,001843.png
1844,1832,4cc9211e60dbc8cd9c93d30356e490b337e74819b8de0b9c57513cedb6d75aee,001844.png
1845,1833,e612485ab4b9b462d957f2076f9250cdbaab6becb293e86516c006c8a98c6992,001845.png
1846,1834,c36952c64683fe5980c0ce3ae04a7c7ca0ae05781f6cda2b8900f43827a3bc0d,001846.png
1847,1835,2ae22fbc607a4a66dc1ec4eb6071396833d5cd23ca362a7f3be0fa90a3cb4e0f,001847.png
1848,1836,015c4a5a9da22384e230e53ecd40d77ae23cf73ee710fd9959e5a7e67e51a165,001848.png
1849,1837,4bb87f4424b1bc3f9852d02d2fc465b157115ec02ef22d5d37752e46f7dde883,001849.png
1850,1838,c90c0636c4aa92575d108c76ff3fdf2c8a5e5b1f65ff38532e096be489342990,001850.png
1851,1839,7cd38a39058951791a2d3318f7b919578afa5219ffb89e6df76294039d25a306,001851.png
1852,1840,359070940ae33de3a132b4a1073d8ebe31fc1e070842f841f72f41dc4a8bf51b,001852.png
1853,1841,edbd17bc66df660668c096c14be31c352a6852b2443635a3f53e78fbd5377ede,001853.png
1854,1842,796709364710260039c6a01eb6c8c532b499e7aa121ae86bd18ac317f95a6104,001854.png
1855,1843,1dc4f3259e4f6ccdb0ac509c68ccbaac97635790132c958b0b1f44a6c6abf557,001855.png
1856,1844,0ee570ba4613b794350f245bd91707c6eb3d2781f6379631ca72ccc4e8d992ce,001856.png
1857,1845,b72094b98e01333d524483c178ab3da5c5c6d109b6dcfbc7f83e85789249f4aa,001857.png
1858,1846,e26a4a9b3629fb1e992d2280e55335fbfa7543fd5388c7643541133beea51712,001858.png
1859,1847,3892d948dec8a5129d9e0299804ede2ea9954aed20a3676b0a84f2304482c460,001859.png
1860,1848,1f00ec26d4ae129b9d906812c709a9db4077eda7246f8d42f2fc21b82b423388,001860.png
1861,1849,69f170b0e6b124ff246499c7fd731a500c3b1effc9647f5ed34cf3ed3bef6d4b,001861.png
1862,1850,4273f8d2216683e035862576ebfcec46cf6dd910147c084235f4a4ca0eb5605c,001862.png
1863,1851,dbd5730d12b67b1960803f12e7d55b24641b3e0b055f09130ed575eecde3698f,001863.png
1864,1852,a9fe6395748172e4db1a6ead0c1e4e7f48510a3d8bc3fcfb22e4eb0145c10d25,001864.png
1865,1853,343fc231c6a2629969fa20a6f3b2d43c66be97b852471f7b6a47c172bf552d02,001865.png
1866,1854,6b2f9f7590e7f3dc4112120634226e216519d60986c9031e85b68571b908be1a,001866.png
1867,1855,b71d046000a6789bc1540bb238ace4cfbdcb0be491c24535e09b1a4bf7de093f,001867.png
1868,1856,f78c7d97aa8e4c74c7b80f97c187104a492f3efe7fb24d9d9cc16473dd415c8c,001868.png
1869,1857,c244453d3991c000e1138b261616e55582e3aecf5e191768066c3a8b5ce37e18,001869.png
1870,1858,3690805d0f4cfa2e20bcedb4fa39284966d39d0b8709dfdcdf21963e1594889e,001870.png
1871,1859,db09f8db548f45d7972dec9ba0508a9222ed5ac54e74d5092793cfc47e91d846,001871.png
1872,1860,31c3eb94be0e710577b98b611ff7ab6c5ae972301a8f34d29e6c55e914306422,001872.png
1873,1861,994ee95f603c3b3413b0a2e9e169aa1164cadeb0a7e67cf32e215658f6e2272a,001873.png
1874,1862,ae71b5faaa75e6019f12de06ea2b2a6570f8ce546d14e1a7ecf309841552ab07,001874.png
1875,1863,0f1841c2d46a520ccf017312c5115ff60fa4a3319b64281788419b28359bbb5e,001875.png
1876,1864,3f890158a21772a7eea7c7d298a910fb3e9b0c69fcde3067575391a37cce0315,001876.png
1877,1865,768aaeb378f1b8acb162fe2d203443a41e3becd5031bd5e9a7f3d203a90c8890,001877.png
1878,1866,875ace5391d118d5bc7b5fd3a622247495e2c8ff1ab49a316db2a1d00e806fe5,001878.png
1879,1867,50f989ab3d76d133d6d9e6ffb4ac225cf5924c03be91a148d93064f07219e2e3,001879.png
1880,1868,f01d6e070ea2883bbca5435cd8799753b691d66ed25200ac87788fa529fe7c96,001880.png
1881,1869,b63a1d8838e46f3ef9dfe2522df107f65d5fd540901291a58e91e576346edd08,001881.png
1882,1870,72cf0ead80963e201d056b7ba8997af5d52fd4e22a578744a5e22cd1712c3143,001882.png
1883,1871,9262869679841e6fbeaf6afc9fc1dd685d30fe7ee39b22579cadc8d8bd2ea180,001883.png
1884,1872,b377cef6d390df466d2c66a563252a3ca88b5282054439ecfe9c320033b25c59,001884.png
1885,1873,17b5b9c6cca4696658881406c456fa10f3fd3be3d3cdba70ab066e70a0d3c930,001885.png
1886,1874,68cb992d24ea4cadf1bfd650a46af7de91d08bfc9df57ec00a78e63971916189,001886.png
1887,1875,0a6176138fa3ad8c0320487e733effe0e4977c3128bef584fb08be6e87ed805f,001887.png
1888,1876,168bbefcbbc8d4ff3acd4face2511e9acda4b989768dbae1bf6035df0c614429,001888.png
1889,1877,166193202469474a2d49dd22daea85588816f3b71472d15dffc52aab7dbbbefb,001889.png
1890,1878,8b8285d96768385bee3605ea1b46320968b840093eefd72b14ecf133f7647270,001890.png
1891,1879,95c78c838306aaf3acbdc5b35093ebc505507cfd6523d3330462fa3c67eb22ed,001891.png
1892,1880,437c009436d66efa213a58fc8da7fa98c2d66dd8f44a3dbd5ddffe0c3a41475b,001892.png
1893,1881,1bf10a0ad1150eae006e11860271461dd6b6ee4fc66ffc67d13dd00a4f7273ef,001893.png
1894,1882,4e44693c2df064c8fa69ee55b420325a73dcbdcf862b3fcf5a8697e7269c0ae0,001894.png
1895,1883,acdc6a10b207e29dda2ea943710348bc25df9afd64c4d5f29f45cece59095cb3,001895.png
1896,1884,860080d1ff331c86fd84ec4aede76ee8e6b4baa549dc57d863a3574243e56096,001896.png
1897,1885,157c04b53151bf60788cb4a842422f59a57a9f4046a2f62c536d48fb4b756009,001897.png
1898,1886,f9b87229821cfc6d0c3bb488e529ad6afef08ed35fdfcd57f98cd87c6b7a1785,001898.png
1899,1887,f50a3a59c2b873cdb868acfaae300975f99df5185591660a1c3ae012c1a180ea,001899.png
1900,1888,d9926c1753b87f57c981d60264e0fd05c40f25d588c500df9b0337780e64d61b,001900.png
1901,1889,c6f976511d8930276ddeb2f628e78d307f01f6b0780d06ddcc33a55fecce78ad,001901.png
1902,1890,b586041275353253d89d3bb527ed4ce96de9592b1e146467095c3bba2952710d,001902.png
1903,1891,25e1e13e4aa0384bb0b4123d7dc4189ba3e61f3df23ab0565dfd4dbf5b18f28e,001903.png
1904,1892,8fa8c50bd487a924784e4593d949f7c409630ea37107f30a51777642645d4d76,001904.png
1905,1893,e16e08679f171711ecb0e544ee0aff7e6ba8e7488384af47b8df28104e567e59,001905.png
1906,1894,8e76330a2e9629ee93bebbd68750f4f6582a5a5759d8bc89e99e3fc71e43120f,001906.png
1907,1895,8146c95610bba42783b886a8ff430b7aadb818ddf68c99f7f50b7e9384fb165e,001907.png
1908,1896,e01a7a0df5ad27894dd814d5292ba100623bc7ed261e6646133d814193d02332,001908.png
1909,1897,d4c0cc75b7f0d381dac35bcfb995c98816c0fc985e62e76a0fb1b491e82d7836,001909.png
1910,1898,3715d6fe74077d577e958b017e76d0371fb4028cce3f41b57e0947d3b6bf4be3,001910.png
1911,1899,4d65bd69bdc9ea4d0b429485470d99d1ab040e821aea39dce635cd67a6457ba9,001911.png
1912,1900,3b75ad727f5f8b4bb3edf8a7d251d8d417adf41a423b018bc033db7b674f8a16,001912.png
1913,1901,9718ef4a5227ffa4a6c767a0ca08c5b79ba3f6e2be39dd092f2dd3ad682d98c9,001913.png
1914,1902,ca0ae6adac41768c2c31cd78272250dbebacee0595bf11207713ff904e9569da,001914.png
1915,1903,431bf3e197937db29de3e0e28f5a75c4f93ac0e92c78cb2b54257032525ac7dd,001915.png
1916,1904,941a9e4efa526415823cded8f0bc74b8bcf5e5d2180ae2a3d55601d5a4f917ca,001916.png
1917,1905,b33224aa44eb428e4766070f075cb0398bb073a75e19cf6fc2d214598518127c,001917.png
1918,1906,0924ccbe716e4605605ab82e63080274e01250f4f8ae6e6296351c3254dddcab,001918.png
1919,1907,b7c805a183d19bd1554e6340232e7da26d1c8086169da47f296b16be276cd251,001919.png
1920,1908,2ad3647df3e45223329b17c65acc73d588065b43e63c7d732e103b27402c44c2,001920.png
1921,1909,f9739fe336fa6944c507b2953c0cbce65d5fde7e02ca176eb93e1ef78411e8b2,001921.png
1922,1910,adff0a57e14d1a770a594d02d14b91698d725f736911f0cc709af9381fe4a257,001922.png
1923,1911,7e8939f37df64cdb1a2ab9268bd41beb1994dea2eccadf82c7ca9fc311db0556,001923.png
1924,1912,56daa79824e97c46a1545ab999db77590d96e4dd80783dd0e9852d2eb1da483d,001924.png
1925,1913,7b2a7e036d435a15f7f3b890679f671e19d0117cc351f4b1050239a33845ccef,001925.png
1926,1914,9a2965a39d5a46842bfec80b166953d49e49efdb322d8045f8a5a110d14cad50,001926.png
1927,1915,0941a22a440bdc491985ff9d7a417d36eeebdb77af6325b0d50b298803ca3fd9,001927.png
1928,1916,3dc38f8d5bfeb9ab51e922468fec8c31fd58118621c571dd7731ac6b28b3d62f,001928.png
1929,1917,46c473cdce7ea4dda41dd12ec35da251a645086b99e81a8e59f5f6e7ccca0fa1,001929.png
1930,1918,59f049b0758304cd65737fc9e8b4b90c239a38c3d9ea85a5c1735c86b8561a25,001930.png
1931,1919,bed43f72087bf723b8b988566120141c1cf52b937b762e005bd55dc7d3cec9e7,001931.png
1932,1920,df53fa409b24a0b41a3bd8cf75eeadd211f6727d05261921591fcf49940510a2,001932.png
1933,1921,bf4250c7ee53848778f1a80bd027a547fb4f353cb09bc82b4d37ae64cb983b79,001933.png
1934,1922,b0f05d3621e979767c89400245b1f2f7f652aa6c70ca3bb13ef001507b372839,001934.png
1935,1923,c8a336b6624fa33bc1dc1dac7e525a145ff4c363d2a259efcb8c2d8ba8872890,001935.png
1936,1924,0650b6ae246f94ffb5d27f7d4e234ff610ee4af1c511ba43f0b6cf95a8ec61bf,001936.png
1937,1925,d4b4e7144f93ba845bbd822166a46525ea1e3d6fc1440199865e27bfd1b665f0,001937.png
1938,1926,a1483053a6982764b66f1fe64d66dc7c1dc464cc167e554823c9ebda6d747e62,001938.png
1939,1927,52247031c3c8e182054e0f3b60595631801d32797334ff90b08bac63aa9d5e17,001939.png
1940,1928,a377d684555fe0c6cd88e8ddb612ad26d492ff4d62a6b8dec50d61d0f256c69b,001940.png
1941,1929,ca0c914b6764b5d7d52e1f2b4870e0bf73f5a8046038990c4888e113bc7cf548,001941.png
1942,1930,b89e4ac28108bbb6372fab9bf24fc500806028ee7d13d65d231dfb1321941231,001942.png
1943,1931,a9ef041390c9798e1a0945154ce22d4615df2ec555c57af163022a14d84e2aa6,001943.png
1944,1932,c87a7a7aa07bf46e619131179570688f476633ea35370a2717cf3e009becefcd,001944.png
1945,1933,bdf7b680010c703ae1cdf314cfca67058455281612ba30da8ca81d69068f79b9,001945.png
1946,1934,f30d2c32859b87feff2ddb8fcc4c34e8ea1483bdd1b208f056ed11e4b127d969,001946.png
1947,1935,00d5bf564fb67d446c8592b82b2f134cd7c0185375f62af2bda4b115bba51721,001947.png
1948,1936,308583a96f89fb1e1b2e02053d6afcbcae644039b2b84a16f578a003e3dba801,001948.png
1949,1937,9195ba3368bb6523313e4efedc82823aa2d16dc194d35c4bddd239d8e4c6cf29,001949.png
1950,1938,e3ebc906e89810416a2e310e8ab41c13a80d276277a24d4b50044902f00152fc,001950.png
1951,1939,408fcd6f68dbf19712f4637213207263e708c0f8e8039224a0d3a70b40f4163a,001951.png
1952,1940,80028a631eaf5fd3d729dce454deb56ed893070962b048d2d2205fd72a7ea1ef,001952.png
1953,1941,f75ae3c5dc352e08fe0832a7a1e00dc4075a95caf4490b3a6d88f6ed4e627a01,001953.png
1954,1942,143996e8323faead86e2f80027792dc8295d4081843b0763d6706eb3ba045f63,001954.png
1955,1943,5da08b9b3e8db2e1dd03e91174d90f3fc145c5938530c012a842c5580bf178ab,001955.png
1956,1944,1aab6d9e68125c359eb1d4f22e423068ba470cd21944bc39e2023216368c66a3,001956.png
1957,1945,f816db41a7bd70af9c16762936a4fed358446a3c191528f2b17f02157ab15e73,001957.png
1958,1946,9b28674d6d586a5ea29329e1a2c602539252ddb242f6d5c50a53c2cb59b41a9d,001958.png
1959,1947,1222d2df89cb9a26e23803043568766c4cc7708d2662d371e9b65ff676c032ee,001959.png
1960,1948,c22a2fe84fc69d482c4e0ffd72d0e97f82d4705f92ff6fd96494cf126de95707,001960.png
1961,1949,60b668f75315b6b6c76a4268fca240f4a2a5ea00a2f4f45e6be3d02e5ccb85eb,001961.png
1962,1950,17c93e3b9f838e81b38e4fee108d670c4be09625e2e6d307ad6ea4a7dc44c60a,001962.png
1963,1951,9614fb741d06db732c3c145559e65f7b77bd43c3f90dbc39b20eff764ef45bdc,001963.png
1964,1952,2659ad9d5c32086fcfa4bf13b30d7da2d90a686975fdbbf57e97a9a8e3e17a34,001964.png
1965,1953,09dfb86e97a5aae710b833c8176fb4d09dab8a8a1178eeffd49788fe64dff8f5,001965.png
1966,1954,78b2102d961595a8f2869ff04bb78fde915e67770bfe5f4470caad0d3d6a89c0,001966.png
1967,1955,35e3e7a2374005833785d04259f23602b06794670d0ced54de44fd235c0ec483,001967.png
1968,1956,a962eaf1c06b5f8553a20214842062f430c7ad55c306e238d062affb506c4450,001968.png
1969,1957,3c9c2859c204cdcd2408b7caba04f885aa45282a88a8daba33e512694dd934f7,001969.png
1970,1958,a2071381781afb60da232add22def6ca5d095ad1df5950be1cd54b3f6b68a912,001970.png
1971,1959,1471a1d331b5b76af5883a5fc32db3f1bb92778d7a3fc155384850365c4884ec,001971.png
1972,1960,97d970f9b05afbb2a654ab402f9b51614c1d88428e85e7657f158add19176c54,001972.png
1973,1961,7127105601cd4df724a044bb73df7689ca9b2c58fb8683fa3418611b2f728daf,001973.png
1974,1962,f3c6fea3306e5d0225e4d6d7c75340212bfbfa24c3acf7f1715f60f98fae3954,001974.png
1975,1963,e5809b51b93a271f41ea999b4184679afefc9622b7485c33ff0e27a562238b37,001975.png
1976,1964,508858ff5ae1793ba6760983c7cd5e922c838b6f6d26b5bc7e9ce964ef94d9cc,001976.png
1977,1965,b44dc50b7461f3573ab2efbb087d4fd1de3115b6c40c8e90cd80d6c728c90ff3,001977.png
1978,1966,675ddbfa00c589fdcabc207a09cd083e3922df5db390535c5df1e2787447cc26,001978.png
1979,1967,1a1e5db0c66f030406db41053c35bce3778b36b3d1ffebaa638132b21b987652,001979.png
1980,1968,cec95fbd8000b2806d25d79e430640bf73f9ae1ff42229f155f0ded7ab1edc38,001980.png
1981,1969,3d97359aa96e398c2706ca7bbff0a1486e4bf0b0069a14fb668a0cfb37b0287d,001981.png
1982,1970,39f09d72aafdd03e469097450d162f58ac02b34408dc4726b2587305f35256b5,001982.png
1983,1971,38127a4917524dbc5626140c8359eeb86dc1f31d804b025f474692aa8fb80483,001983.png
1984,1972,5f9c8299148125096e859801a1c5dc648db80c251e898cdc5c4dcdb7a32c193d,001984.png
1985,1973,1702ca95e95dd8511e760987541b70014ba04fd4843c6c837190f03d747c17fc,001985.png
1986,1974,33c7ce9853b478b409fef4fa6565f5c15e19ce1b99a1fe19c939d1361aa65450,001986.png
1987,1975,972496cb0f076d969c01d87e405e46363ba69d715743946dfc42d5abc1850dd6,001987.png
1988,1976,74b1b936811a35b4beb307685a07e65bc22d2c81192a6f97e885f2cfeda09749,001988.png
1989,1977,439bba6e44350d726ff6ad25a4567e00022fe8b529f865f28dfcf0621f58eb3c,001989.png
1990,1978,64b33bf0e80c40dc0eb246e7c7e5e557dcb4fe196880805eae2616029f8df373,001990.png
1991,1979,d322d89053f8a8ffbc2e78d08eb90262ac87a42d2fd47cfb3bbe1cc8b144b3fc,001991.png
1992,1980,dd408b4c264bc8a4d8e9862bf166ea04d5e88919b9230c82993220694e820a7e,001992.png
1993,1981,cd219a7413a29ee121c2ef43802f960fd6f503d4a96557e7342f45ba05171bf4,001993.png
1994,1982,55e596b4e1fb0f722d57d1f50ba73e0f1c12b461b9d8be793e0976ad8649c90e,001994.png
1995,1983,5d61b7781a8fc95660d6cc8dc2a85cabe07e76300d8f22207090ccbd9e1251ae,001995.png
1996,1984,5599531a155c4622ee9aa29fcbdac38553d5d7be1094d9ece654297cd8bf5470,001996.png
1997,1985,57909587668e4a10d8ef1f06291da6971db58fb38dc6332fa111f72c72446b9f,001997.png
1998,1986,e5d8e9a93ec9d546c75e2429e319582a51512e12a2203940b25990a0eafddba9,001998.png
1999,1987,bfa558875a69ad716006ea7f49327ab087a9feba69cf2eb900245ab87b8403f2,001999.png
2000,1988,38c22d51fe2fbc83438f28b002a780a4d525d7b19ad3580c797810a2e1c29197,002000.png
2001,1989,fed9b6f18186e989f521889361a356cfb2525f9cba84e936e377fdba93ad00f0,002001.png
2002,1990,ae78015ee7ab78760129ddb5a30745afb7a0f73911f554036595b7adbc1c88e6,002002.png
2003,1991,e39f6b88797f9f9e05b55b3e6bd382838e23699ed126a331676a686cdbe0bdb2,002003.png
2004,1992,747633153fd66a97c5276e4c05f48bd4306a9d72495b25bc6759eb85cd63a447,002004.png
2005,1993,387898873bf94ba9d896457214bfd35b563edea9ef62f3c0d44a467314502342,002005.png
2006,1994,36c68d93e263b6f7e9998b808c1fe31018510542db6a86401608ac85b4dcdff0,002006.png
2007,1995,e630dc89b9948e20049748f93c906aa8130e78a2018a0f2d9ea1c8a598d76b7b,002007.png
2008,1996,c1b79d3a39e8e41a29ad98800a7b9a7f8dde315fbd260d88b3f3db22b15b157d,002008.png
2009,1997,5a059b6778e00b3a28a5e04344fff26eb00cee2f162e7b7e82d614a9da65f437,002009.png
2010,1998,740f5cd4281bd2fd888311000c49c0cb430d072b846659ae886294c4aad50239,002010.png
2011,1999,d2c61d1919ba2c84ebc9400758159ec938c4b958ee57603a23d28f6eeb275d77,002011.png
2012,2000,863596e72216e6f8cf6df44cdfb48a88061fa238ba1eefe328931433dc57fd84,002012.png
2013,2001,5affe491f110925e9ec7779e0d91bd8cde43809909215a9d43c74d015cd087bc,002013.png
2014,2002,21e841538e1813d3e1cb2d0461fa771550d799fc268f9167b270498fc2202d3e,002014.png
2015,2003,ede425cc91e9f1b9de76ca5ea6676c67d64f476cbf5b30f93c1721fbf270ec96,002015.png
2016,2004,5a132a6050463d2ceb79d61bc0754961a6f2adbbc3f036489b1384c179682aba,002016.png
2017,2005,333b00e9a1a7bdf09d0650b3f9f2b46fdaff1b8ba3c1079317ce2d33c3acdaa7,002017.png
2018,2006,dcfbd92848403605eaf1bf31600afdb57bcc8ba975e8b9e5ae0a7094d53760d0,002018.png
2019,2007,53d83a5064ffea87d0d0622d5949a82f84ec62cc3e54d8778aa3141628bf3108,002019.png
2020,2008,c988825ab8a415cb20b3a5d52be68dc764413548de2bc89841d7588e8fb33a54,002020.png
2021,2009,9d99439ce187ab8b69bc95cbde55cc759cff2bbb2d5bc0e07267375d3a39b900,002021.png
2022,2010,8f38fd125559214cdd51b5d0ba9b1108c8fb3f4db1df40e1b84495aeb99bf327,002022.png
2023,2011,9756b4991a381d3fe97ab99b6e9a29ef0c753e2ae10ef75684ffe99422d23a43,002023.png
2024,2012,87018c5ed5f525f52aab4e8bb14999b863dddd5ba261ab876d1d48024966ed34,002024.png
2025,2013,b2a10c03db202ef843b98d75c30a373927221a5e30f785bac1ce6fbcc3291237,002025.png
2026,2014,fead3659c765a54da352727231b5623acaabf4570265e340827e77497ac631a2,002026.png
2027,2015,b9fe9e52943cf745d943b4307bd7f7565caacec4f9450dd004ad1f3f8a108aa8,002027.png
2028,2016,f22afbbc7933e654d654c918e0eb05a45905edb0d8fa162bd60bcf017ef0d827,002028.png
2029,2017,3efaedf8b24e5a64f3d5614f07c78f27564f69c3b4b195ac192ae410f73c868a,002029.png
2030,2018,e4e629e635223ccbe34bdfb041dba9b2f5a6616c955797c4f5aab763a3b79077,002030.png
2031,2019,e57676c03e4b47118522eae7b3972b3dde2476f4ad8f1608b49a2059e58f18c0,002031.png
2032,2020,65a9896ea1d36c1ab2605b7a494ccbe0be682df294d63924349524bd654550ce,002032.png
2033,2021,bc91c9f3bf12ac7b348a9a6d0836e79d914fd9d74bb7f73b6f23dd03e0c23324,002033.png
2034,2022,f9320eda7fed83fad196e72ac4d2d34dd971d76d3dd039ff8a8a43512525537b,002034.png
2035,2023,e0bfc89f6ce66d2cbbdee89fb6e03eb0c90bf57ac2fda149bfd28329ac8233c8,002035.png
2036,2024,45d61344c70389854d5503e841ef2b05f7f73c4ba0c767c5a01966fb7bedaf42,002036.png
2037,2025,323132453066d4d1757be05dde7f8632c71bacb88bb8d6e8fedb5de8b41911a0,002037.png
2038,2026,f11eca2c480b0149ef2f09794659aa2efe0bd4d028fb95b7b71de52b8e1e139b,002038.png
2039,2027,d91fa468c764216eb825d796a294de91930372754b7253fbe513e826a6b5eb9f,002039.png
2040,2028,7bbc6fc2f11e6187de2ac1835d7a7de2ed6e8ad9cfd757ef4b59cc3979c72272,002040.png
2041,2029,f600c46633c68e8342c6faaedf6b84a1164fa7c71b2b3b76e7943cf41813f477,002041.png
2042,2030,35b1d05ae713dd125fb44493cd7592ff2bb6bb7c0899b1590468cbf27fc31dee,002042.png
2043,2031,efa8e68c80d6fb9cfac980ae275bc79c871684a13ecc64a2f6c36fc661dd2544,002043.png
2044,2032,201a6cc105a4697051655493cc8dcd1f5483fe924610e51a05f7d97f14fba0dd,002044.png
2045,2033,c4d8d60c4153e5f18fb4ba7a6a2324b107ab3fd19b74d2e39ebbd7f07ba093bc,002045.png
2046,2034,b987bb56ff6eb040d7da41f7dbc620685e17aea37a902151a04835886ee78715,002046.png
2047,2035,0c89987f0d947d6bb03df8587caad2499a27d767daaf9fe4bd7e803e6f146463,002047.png
2048,2036,b79bc8c6dbaf18a2642e1947a4e90db3e45d62736451ecc867d898b63ba87044,002048.png
2049,2037,433b3747d2bfaff68d2eb6e990818201c9e3c71432628be9c226bc356eb937a0,002049.png
2050,2038,b9cb52d2e1cec0e87403f739a60dacdc4a7f6e483c965b38b01fa9dd9502c397,002050.png
2051,2039,dffeb7a8a109ac046d72a564bdb560e9a92cd8ce33a7d5cf70a00c92b97d5fc6,002051.png
2052,2040,c82111582aecdbe80f970d8f9e258ec33b00b3a5d51d10fbd5b88083acc868db,002052.png
2053,2041,85c717807353cdc6c20ea14fc3b987d33b7ef2f9669896c985438fc37ed0db56,002053.png
2054,2042,ea1ae637413e4c228c087857d5d2d29e753b6812a3a305d8cb7612afded9c1e5,002054.png
2055,2043,2c1f0faae237a310fed6ce4ec5b63e71f25e39de71eb2e795e9a5ae47bf2d139,002055.png
2056,2044,6871d8da9c8bddfe6b7b0b772fe0c08445792c86a9c4f724667fe299b9d0f4f8,002056.png
2057,2045,daf113387b5368465b9839ac1c956630ca0dc0e9bfa338515c398402d4198216,002057.png
2058,2046,4974d692040b8757c74ea1d104448115384ca8b52eb3125bde926ef1227a01f0,002058.png
2059,2047,d5d11ec31666cf643e070735489d7a88677368f7fff665c0755d38643a3ba07f,002059.png
2060,2048,8d370f78e3a462f9e79fad1fd399719cf5b9307a464e3bef7f0b47c2587f0ec5,002060.png
2061,2049,d039c02bfa75395c221989fb3513f6bd4ed2e947ab2787de7f3ab9b397db8934,002061.png
2062,2050,adc2dc9f8d53180cf032e856b17668f75a5c6961d1a79a7c5d77f6dbfb951ada,002062.png
2063,2051,9953259c1e1567268d96308524f000cbd551d681dfe02db4a231912aaa2aba58,002063.png
2064,2052,85cb3ad8f245584c0a5f5d739e269a56e4b90e6731f98f98483ce81625a67e3e,002064.png
2065,2053,cf7aeb59579404c1b9052822ffcfb797dd9ffab55638e939542a9248de9c8ae0,002065.png
2066,2054,46e3357333d58da0c544cc93f3ad8cbb0cc3fd769aea12079ae746f16657e660,002066.png
2067,2055,d2db2a0ca8fa934aee2df82cd862416ed659c81995a8b3b30e9d258d89c44747,002067.png
2068,2056,a5f7a1f7b90f27fda321324dc86c8b830c634942ad15cd5a57a0d1ee7027c2e6,002068.png
2069,2057,b5fe5eda236336231e8fc54d52967bb75fd11d7698a25e934f4026971ed1fb86,002069.png
2070,2058,b781ffe014fe830d2018c6c46d8654b6ea134ec71a95e5b0e8c5bb7344d9d6f3,002070.png
2071,2059,72dd7a40a9f739b15664d52a7d29156e7613c3450252fbee156e9fa30c97b904,002071.png
2072,2060,1293a8a5b6a96204ebb85bf3694d7e4513146fb0604891c5bcdc27a53b7c76d4,002072.png
2073,2061,fbd724457bc22f065fde583d03abcab4f793c5eaba7c0f53d00720b265e62033,002073.png
2074,2062,409b5f83e3bb7f7d42ab0119ddcf7fdfdddd6a07e2c8fd5502edb5f2130a6bfc,002074.png
2075,2063,5eb163c3cb46ce04d0788033d37e2b88ad314a7cbbaa40ee9bbab63603ba1086,002075.png
2076,2064,f0b6f3c42945a982de466c58a60f24f6b6351a2ca9881cb108654434ac7341d1,002076.png
2077,2065,3a0df634593ce88c46509c9d8d07d2bb9973dbe14221faaba20d024474f1618b,002077.png
2078,2066,d211a0de20f76dd4e9fa9696df150cf1487577a0a4930c5db04573532aa481f6,002078.png
2079,2067,84a435343aee08290858cf52047a63265c29db0bbcb6141d79578d031a11b0b0,002079.png
2080,2068,2465a88fa129d69c9f13f803813b5664984ec581957470fae0e1dc24348db031,002080.png
2081,2069,354e582dad9e0e582fcc988664ebbe7de326d15e17477c63f88d6a7d65007925,002081.png
2082,2070,4e149f50cc2035d5eaa5f9b293a59f9acf7604322e841205f2180b1ed30789b5,002082.png
2083,2071,25c2a38556d25f5d169fd4287a0b56955dd3acec6ca370bb9e036911de916ba3,002083.png
2084,2072,67fb43db74a9d5119602d13613ad37c2a864f4bbc444922a777bdf1372f40338,002084.png
2085,2073,7af02e84d4ba35d5221a887c3335dd39b68ba2eb6b3312fae37b66da1f1fdfe9,002085.png
2086,2074,59a2a438a0c8721a1be60665cec9c3b9d7261b86b1514ec468e049b05ff37ba7,002086.png
2087,2075,50f0493a975a9927c61e534ccce6e02adf0eddcd5b7dde01e39e366feb8c8bec,002087.png
2088,2076,28204e5618f2ae6851bf3ab0a719cef65f4a7ea65904bde21380a057aba8966e,002088.png
2089,2077,4d27a4e4472ca12aac8de11b5963954e0f086e359be3143ad653d1107dc8cfd2,002089.png
2090,2078,7443276391e842ca8a38f4fa0e6fdfb20f5eea56d6dc375946f433e23bb5f066,002090.png
2091,2079,5c9796620339b7d267c145d17a997e6a6f9998243313874c6920b631ae7e9615,002091.png
2092,2080,a55bb81fd11a24d10ac0785f7aefffc94c3af4c62ddbe2637355df72411d2eda,002092.png
2093,2081,fc9fa6b2933f0a872e95976806989341ebb6ebfc7e6392afd9889a0704e8074f,002093.png
2094,2082,6acc2ac4be847354be1179d27629e105d49ea18e50917b3e82db7f0dc89b15d5,002094.png
2095,2083,15341a70c11d27a4b2b187bc341111f86e40a8c0f685070004e7b7cc741e41d5,002095.png
2096,2084,efa10b3fc8d63bf0bd1ae4dfea56332825ac08ba1985903b3f95324729b641e7,002096.png
2097,2085,025a721e87320b9758aef74a69e75d65f5a3c5b40026312c69d6e3cabc840b12,002097.png
2098,2086,0f820d58c5fb20d5e661df51e8648651e98141f1aa9561004e9fa0c149ce6626,002098.png
2099,2087,04219362e604e32f63cb172b858d45d77bdda1bb048a16d58a1363e87a91ccbb,002099.png
2100,2088,93eb3784f0090d9d53ef6e3c3890dfc6c65c58da9a892ffb52d20bdd442be226,002100.png
2101,2089,d2c2acdf7ca6293b0d19054ced0296c284a69570c74f9f74d55ae0e07d26da45,002101.png
2102,2090,762550b89865f7ca4c5356be949b0d10f3e52e21f31ede2a956429ceb9ada907,002102.png
2103,2091,831e90ef73cb128e8926ae8eb169bc6bc074a6dbde411d601975c062241953a2,002103.png
2104,2092,e40eac7575279352afbc7430fd399e0f9e77065d7a4ae324bf6a82ee4a2c0b15,002104.png
2105,2093,1f68aabf69c68d0e687085e1024042765fbee7bf571a7cd12c17032fd610cb1d,002105.png
2106,2094,9de4d53eaac5e7859046cbe22b1bc5fbe46569464684d0cc8ed5f42f1f3d1358,002106.png
2107,2095,4d15dd7e29bf62e761c60920c6ea541596478edf9655557b13558dbe0d8fe1e7,002107.png
2108,2096,48bd02ac251bd0257501ccb33c3b95fd3059f9972b829cf427349cab16c584b1,002108.png
2109,2097,8ef8c1e99d5603672506c75641ea1cf309089885c9f8797650a131a2017812c2,002109.png
2110,2098,e34326e2d2db32b094afed2849bf83aef27c5c0c6cf999d68944d1d8213c65c5,002110.png
2111,2099,acb78a1077eae643bfc922a923b2525c580bfea2fc3c8771925b0e1d17aa053b,002111.png
2112,2100,70e2ac4e82315fd4f1f7036ee3f2a25fac8a0d4530f9d6f129e045390a80aa9c,002112.png
2113,2101,cc3e5afa7bd6fe5139315ab85a45736473c615a1551c923efae20defd1d4f42c,002113.png
2114,2102,2f8fb1d5007ec9aa38c39132eea4034ab201037634da9fed4ce41f0378f66d1e,002114.png
2115,2103,3fd45375c6b11da3a07166d931ac7617148afe65a93d622ec91137105fb4c4f9,002115.png
2116,2104,5ed5d91d6dc502803a2884fab98a0bb6ecc10897991d5b187c4cb3ca62e4b47d,002116.png
2117,2105,e27eb6150c9b50f8c985fad11148d2d5c1478760ec3f9fb9e6b9024f5c70800c,002117.png
2118,2106,62a84fd7afa9519303b8c252b7824e1906ab03f629b1f0f6af8c067b6d0139e0,002118.png
2119,2107,f21e5bb22fdb8a001516bdac434655b859a1e5582eed67767137f2d2d4f08106,002119.png
2120,2108,35b178c2cce8cd315aeab668f78f62494a1c57db43852cf2e0201c0a18cca054,002120.png
2121,2109,8e4527c173537f6e7c3437b33165231c1fae0df149184bbcc29f56a48ea40f4f,002121.png
2122,2110,ee7f01579d2bfee0dcbd1c723fa63458655174cbd6145463bab745bc74824a81,002122.png
2123,2111,c7c4100eac6b010b582e423ec7cca5a77a6a03964be2b6bdc71666ba7aabe25a,002123.png
2124,2112,f1a5b1f7eed1dd573ac0910a999194d0b4a5f216f33c5c38b6a1e26baed47b85,002124.png
2125,2113,4431a2284d94e751694f87dc277d8f55f2088d57ddb393742cdfa0dca55beff5,002125.png
2126,2114,d0a59f584295b196255aaf57a7651ca612306574cc42f866d61d1cd0fde117b8,002126.png
2127,2115,311b98e22e3c8b8b33b02cc379c49f0cf5332a58c21437212564b3e10d2eff6a,002127.png
2128,2116,bd59e6c4d4f6af4c660189b11ee693bed7f1eb175532fb343fc03061bda0fd5a,002128.png
2129,2117,42d28c8b770875eefcd8a7a0aeac46298f17c007e6b4a4e52440bcca802e422d,002129.png
2130,2118,52e1e2b3682459a1d80a7728776fa08b662995b3b082a76286e7d79c26a4b58e,002130.png
2131,2119,12d0118c34919a5e6ad09518465b71daffc199927f9b61dd6520901432b1015b,002131.png
2132,2120,dc789d8278a2bf49c56de1d0701eaf11ba57656c2a06ba537eaa3fff59c5a2ff,002132.png
2133,2121,c216dd7615a6c1682843b9a0ab26a5de1f105be70bb551b60ffbe3997a0b4d81,002133.png
2134,2122,b129a45ec64c101537ce619e6600cca0acfe3f14d0d8a443630d9762e85c606c,002134.png
2135,2123,f36bfa17e6218b6be30b2cfcdcdbed14d5616d50e022f1e876f6e0213a944b57,002135.png
2136,2124,a605e78b978db6975d2f8bd5506bd6d0e9dc7b10bd0fed05d943dfb1f0b7ca35,002136.png
2137,2125,de73319577dc1da42ec970bf80df53d7e1f0623f8c0a8868a6961ff116121fb8,002137.png
2138,2126,8bf7fd3ad694a94a5bcb9ca4a39b4416e3c3a745f80245a4998becff78161580,002138.png
2139,2127,1851086e5f3f83b184fbb2ceedbb6a72711252dd8da9e803d7cf671059b0f90c,002139.png
2140,2128,c45c6481a94f8aface2e207456053496ce6c335cb4bcb0dd8988eb1c390f9a49,002140.png
2141,2129,f3db9004ea414de1309e0179d041b62871e022fd7284dca9842f187f9e3a10b2,002141.png
2142,2130,5e1613edc01df0604e7e34043a925275a015b7513c0b78be7c22d7d151b7cce1,002142.png
2143,2131,fe43c63240b8cee5b50fd9509fbeb2cf5ab47a6c604fd34515288152bebd1f61,002143.png
2144,2132,cf5d3d32a62df77603c325069579a4efcd0adbdf0ead7e3174b82033be936156,002144.png
2145,2133,3346d50eb600192765489032c87b0ffbfbf0011d0f1a29b223c27fb3283e07dd,002145.png
2146,2134,7995d35e920781262f777ce83239a4fb98c2de078ec187dead0ea044cd0bad83,002146.png
2147,2135,29d6a6cd96bbfd3be0f4496ce2ffd8c1a0b30b70a94c121897c459ffdaa38550,002147.png
2148,2136,7de281fdcdd9112433df9a47d189650bc11b4988265867da75554d95e82d610b,002148.png
2149,2137,03014ad2d3d5bb1a9e03bbde56a1a8cfe641aad82ebac5763fa475b963dc8ae6,002149.png
2150,2138,031b47e40c6187ec26f2219b13d404c1d5cc57abf45df1e26aeebf71638d7375,002150.png
2151,2139,0171be6741758358a236673ae262978eea69abe3326957426cac8a724aa6fe68,002151.png
2152,2140,e406ed6478a6bcfa9f87de36555670018ab686ed26baab5245c0172a56eb4612,002152.png
2153,2141,fc3407da007fd4da30d2367f8a2dcb3e9009b0dda1e8fc5b87dac0407ba56855,002153.png
2154,2142,1c701ea0d175d78c9ad1d3084f734714c5b08b890464869fc4249330ed03416a,002154.png
2155,2143,dc508de51944505b1d8f421f63515775df88db1fcc35d98dfdc71ccf486c1502,002155.png
2156,2144,986d8460cb3a2c2c48ed3d9fe287279c66b1f0d921305bd0967f620e159ee8f6,002156.png
2157,2145,b508dccb97bb389a4d7449d91dcfd2a3fa2d746278a595975e1fe06a9f28099c,002157.png
2158,2146,f0786c3c95603f8344dc54f3f45630e337faca6991d37bf8f54f0b00226f8703,002158.png
2159,2147,fdfc90d3678bd5fee19e3113def891427cc021e1c25087e94a22aa2bc399c2d4,002159.png
2160,2148,bef5ebee4285c7998bb2b08dd792b6a46eb9ab110d9f5d8092daf53aa7184367,002160.png
2161,2149,6a30261ae34f89c8f84f363b9b45ab2ac0ba88ee522b054c11ec51b2667907ef,002161.png
2162,2150,eb63e43ce96c384ceeb274df47bf5e57ef847070a73a7408544d828346fbc6af,002162.png
2163,2151,8daf8f710c8859576956121ca117916cac0cb22da05503ad501b3be47655271d,002163.png
2164,2152,970eea6aa1a5dfbe8d92d15bd7366bf750a6a76925a952f689a1a5277e4d20d7,002164.png
2165,2153,0e1636d094e2fc236a67e7fa7c14e5d54689f78887dc016cc06e1dcb63597619,002165.png
2166,2154,15e8e8f2be25ef72b6b58217182cb8075a5ebb7f2838fbffa10f7927b0f3957f,002166.png
2167,2155,816e3306969f8d1e9765c0a464202647849a53983b6c9970278b6bd16f4726f5,002167.png
2168,2156,e660f6f3f8400d15d2c20498f613a9a04529fb9ab9202a34c58e51d554915254,002168.png
2169,2157,378414b91c234f85d6e35e2ea4a96e2c275a6ece70da35b08a0020c815c4ead3,002169.png
2170,2158,f1e269e18754f96ef31f98c9209304755c35fb84ffe7e1d4d45c606ce17efd09,002170.png
2171,2159,fb6cafb090b12f7e2d8078c1f84be61c6dba8727bc60502d0619d438b3b7bbf3,002171.png
2172,2160,04cb3807cdb38171ebc189a5a86d08e56a93270bf2b32cb7e39902d64d761c23,002172.png
2173,2161,26679d9616f4d7e0a0cd04e1ef21c80e0c6f94c3da0d2da0297e4581737126d6,002173.png
2174,2162,c13dfca0f1c9bf8d5b02766330997e45467294c6cc13e18417be594edb0eb18f,002174.png
2175,2163,36cdffd04b423fe53bb6cda3e634745d14c8c6dc9d4141f365768f48191b5480,002175.png
2176,2164,e0b70a6b84d13b52958edd4d8e16aca819f524f86770ae1264c538a59450aabf,002176.png
2177,2165,73f48bbc3bb1f7023ddd351a569029d35b23c3c78ddc06043b57940ecf5ccfcc,002177.png
2178,2166,6d6dc85a7ff4a0aebe82576193f2a5eb3cfcf82623773552e34f4c1d8cec1561,002178.png
2179,2167,4d5591b4fb81e322e6ca19ca6b560b7aa998ccfc86a3e7765734535e5fedbf53,002179.png
2180,2168,62d0637470d84a33a980289fe4559e416a2920847c0e6278758669f631e4402c,002180.png
2181,2169,ba530fa9d84aa60ff40c7cbdd8ea8b19faafd7aecf54d02274d431f809938fce,002181.png
2182,2170,07aedba0f53e8ea1f29f62155f8e01eecddbf66751c73b26c05a58af19d7ff4a,002182.png
2183,2171,738dfa1ec0d16caf95363e08379416e6a6c8c59a0a6c7548c175c34813aff3a1,002183.png
2184,2172,7921b7bb1e51378e059ce4d3e0f1f6ec903b5dca4e2a1e2de52951ff4e94659b,002184.png
2185,2173,9872fc7e3f9a67e764e51638f0ef425c879080702fa2eb37046f7b0c4aaff76b,002185.png
2186,2174,1c9d36405bc9b618bf3a40043af2df5411f68529f81a28044d13563a39ef2ac0,002186.png
2187,2175,c811c0eb2695d7c67a050b7b4d8aa959932c6d6a0199c476733a4f2fdd204876,002187.png
2188,2176,49fdde0ee62151bb32514b305f94f8be904e12b9cf3036b6ade3a9fd366b9027,002188.png
2189,2177,d49daac4d9e9c16dd3a1eb50111a270cd85cdd9a325fbc96f0e6e176e096c40d,002189.png
2190,2178,5933558473a094ff7becadb73a1fbba671085e3b773b2c8e70a5b322f30413bd,002190.png
2191,2179,12579dc1f9c73aa2a7820d3565ff7c099a71d0aae5afa1240d107621a0b3c850,002191.png
2192,2180,d6cd2e8ee23c588dac8ea89027c2f3b21c91a2642e67c0b10326eb9a22fded22,002192.png
2193,2181,a0e25543b09ecd14b40e577f7c086e0609cec29088e5855d951178561885564d,002193.png
2194,2182,663a48816b431810a7b11ae1d1572fbca896b731264091064fc46175ea53d2fa,002194.png
2195,2183,954131d250756350ed3102788737f88777ec2320d3283833348b43b090f57f7e,002195.png
2196,2184,8702ffbbad89f7248a2c1b3aab2ba65c05f2727635e0122ce7fbbc509e326ac8,002196.png
2197,2185,0516def5fccdbe8535341c5355d041911779d18e19b807b3303cf1a4da9e7881,002197.png
2198,2186,0b5817073bedd28f1e04f22b771477c6100148da33fed26e7910e9299aae3b7d,002198.png
2199,2187,812ce05d6bfcc0482143f2aa7691cc0773bf41202fc0a99fb444571dd7efc470,002199.png
2200,2188,41aa49c03f31b99b0d4d1aa7c00efc54070afd6c78983585ee73dba2398caf77,002200.png
2201,2189,b4e351ed25a5fd452af577e1c37c10dfdcb7207c2975b901275daaf3a5fe50bb,002201.png
2202,2190,2fc473a1aea7844b1b30039c6e5eb8a470a1801ea3dce75c57d1065573a533b0,002202.png
2203,2191,02a5c8e4fd56f64291a805424d827c297c3538b8a64b578623219210ca3a7910,002203.png
2204,2192,cba2842c1fdb722d2ee46fbd73d738b67bc2175f9245bb745dd5de2c8cb05d81,002204.png
2205,2193,0ef395c12879239b294cb962cc0ddff2becaaf06d2bddfcb5debcbcb71e89948,002205.png
2206,2194,872ccabc1f3c9b2b9720f3acecd1853eec1a417005b5fcc644816fd9c7201bf1,002206.png
2207,2195,c3c5944a742164c11207f6ac892021dafe63a82a8899d54c87dac5432ee58f17,002207.png
2208,2196,5f36e1bc7c04fcc6247cdc8a6b783b200207e76b822a68cefa18a49bc73ee4a8,002208.png
2209,2197,4d9bfd5f232300580b3fa8c78cb3d9a587711607575f8416a4e757d3ab442f9a,002209.png
2210,2198,f38dcd683480c1726492322c82a4fb1e8b2b3b04e57f3b8099967ac1d7b7f5fe,002210.png
2211,2199,7ce72440140db27c4cc3c2bb1c325474477baf282ca9c595ece9e1c782ec1009,002211.png
2212,2200,9405a7b0842e4263dda43e910bf9932d77abb9fd384ce4dee451a7ac35883d0e,002212.png
2213,2201,b2ebef14f055d1bc002fa3ebc0aa714c2345008bb8288dfbb75ce62f4e4b8bf0,002213.png
2214,2202,8e1f0c6deabb723a94271b5d57dd2520e47b4b7dc12b0668a08a4ae072000b7f,002214.png
2215,2203,6db2c709fe4586e169eba6c7210201eb29064d5777ef26700e42359cee25bd2b,002215.png
2216,2204,6443624bbf076593cce2df5ec0f526a0a954cd88a7787191e196dfebf4c343e1,002216.png
2217,2205,ec38334f723d65fa8387b1eecdcac539ca862b9a0e18ca2ac0370bbad0a236ee,002217.png
2218,2206,d6574e979b07edbadce26985880030f44061f8384a941f8bc2fe0fd2fbe7af85,002218.png
2219,2207,40f369406e0e0c09e0dbc35f9998097cbd0a1fac31f894be204c67cf83a37b5d,002219.png
2220,2208,8f4a92c6aa71a2cd6d1646b71cd6f0dbc7e0c246aea20d1b1be136b594f22ab9,002220.png
2221,2209,49ed33030c2823758f8c413152e3189278decf7c28ddaef2495065807229e9b4,002221.png
2222,2210,7c5c0b911ed7e8f0564ca3645bf5090378635a3bfd017be238043c634cd435d8,002222.png
2223,2211,92b494588b9e1269152f7e557197b7db08d2829ffbd68f5089a0d78b7e1d74ee,002223.png
2224,2212,eae4c3c4d1083925ebdd5bee590df2a3df795e33fe80ac673990a5529c6171cf,002224.png
2225,2213,f461d5ac0c636764f12d6bea721853cebb469bba98f8dc67ae2664979e368313,002225.png
2226,2214,8ba6fc37bed7d3f9ef3b594c031a3eee8b4256391b7a862cc22bbb4ff339b047,002226.png
2227,2215,601a1e30a9fb78896f8aeff16c21af01c30cde5c878faef5d3320551c040fc6f,002227.png
2228,2216,4dd4f40fd6455d548dde850e98ccdb0649a888691ae84920fad4b60c11e5d412,002228.png
2229,2217,904fbad1facc579436bfe82375beba08f4e9bf6fc3321e0e3b25d85951e65e89,002229.png
2230,2218,c903ae2fc26faecfec777d2dcac117605b745d80223767aba7e72f7092ea19b8,002230.png
2231,2219,a4ca373024861c496803ae6f20ae4ce728d80a5164b2cbf83dba2fc9e51715ca,002231.png
2232,2220,97feeb69a9791bcec37bfcdba6a183e70d14fc91dd4266812736cfc0d8c0aa93,002232.png
2233,2221,916332fc8214a3175872693ecd56a6c0d4003f55b237cfa5c35ce33fa222f22b,002233.png
2234,2222,7a85a0ad884867e9a9cc961f9cbcb4d94662be74de159d259fb61e5712a1d67f,002234.png
2235,2223,93080249b177aec59e21d954a8b449d9ff102210b3cd1deb5108e2ac6304fd19,002235.png
2236,2224,fd03af4f73007d7c753609284171246e70c070d8145046bf8a057e5edca71413,002236.png
2237,2225,8cee07f4d91687c6b7ea18a3310b68e6a2a94eec833a035cc84a674a73caf285,002237.png
2238,2226,52eaeb987f045bde1788900dd09c060147a5f6535d97c3c056a01994c42b64bf,002238.png
2239,2227,30aa59014e54761cde87e3cee2a65f065f9a2544ba278a4c05587516bfd3aba6,002239.png
2240,2228,54a54aa8539e11bc67ee090efc4bc7498d2a715fbbd7d295ffa2f7ae84e4c7b0,002240.png
2241,2229,e6468d4755c04c9a75f00cad7b4f78186be5ee0802bc9bfb0a7a1dc89c5bdf6a,002241.png
2242,2230,071d6ecfa87c1ada655a41872b39c5b3cea44aa2eddd97907d315a2b0e81150d,002242.png
2243,2231,5515d09b404f3cd1888d5e3f989dc2fc457832075a6d5be7cba3ebbb37af5136,002243.png
2244,2232,cb91ca59d85edbae12374546b3f6e2d9500cf1808df868c3e2ac87e395434f33,002244.png
2245,2233,21afc82a9475ce6415ee86cd1f077884b88df89e63a19dafb6ce7b6b7b248dab,002245.png
2246,2234,a745819b28fab2224b48741e18587bb690a77260b0f1cfe9d24114ea1d2988b7,002246.png
2247,2235,af66baaf7ef3b9497682c5ea5a1348fa3a9e768b49a6d3f1ad9a3ab7ded097bb,002247.png
2248,2236,63c97757c5d9d805ec804ac129990a9192b34c1bfbcbaec713033489f38a2540,002248.png
2249,2237,e90e5264b200846641ba9f9377c2fb4d107634c74f09892572c48a64a2bb955d,002249.png
2250,2238,213441fcfd3f48a8ec1d0e714d631df52a5aba5b46200ecd1065f9b3dafc5b97,002250.png
2251,2239,22360bd51986744db5630a56af8ece581b1ab64721cd8d3b5135588dc484085e,002251.png
2252,2240,4d90c50182962a8cf70ff331dbb61b54e6b9d8595d52d3d1dc4c49fa4215a5d8,002252.png
2253,2241,d6fff42d9a2e038f528f8f91e728d3ac69ea02e7bde011ce3490faef2d0d6ad8,002253.png
2254,2242,fda442030824745032d9d4187223a4cd78080cab0b678ec4dd0537c5e8c11efa,002254.png
2255,2243,871956f0fe3f8aa8cf8a7a2ae6856ac8225691d6514651dfe414803d537b2cab,002255.png
2256,2244,fe69075a7d736b8d99c6ca3a001ae3fce46de4df378d3d6aa3d91282060754da,002256.png
2257,2245,758bddf0f39c1ac5dff3dea8b44b3fbd8f8962fa28e8cd9d5ee5634d7b7ead4e,002257.png
2258,2246,cb742fc33a8b2fa7aae2cd65ee4403ffddc1b8251f1243a26d05f7d457b44d34,002258.png
2259,2247,4b13fcebaf03ff1f7b03f226ad927f56dfaf02cf30cae276e0413c9bcfb8176e,002259.png
2260,2248,720a89abfe884736367bef2393cc6617eb9d47ac87538c41d966e0b7e1f9385d,002260.png
2261,2249,cb3c9e49f93bff16582168435cfab6600679394389f4cc4a48043f7f9700aa8f,002261.png
2262,2250,f9d27769d57976547aeb7ed9590d315731a7d0f4debb334dcd51e366e24d85d4,002262.png
2263,2251,28ff4a6c9f33d8efc5b276c6f5c1635a87fa65b03f0600c1969de847bdff7685,002263.png
2264,2252,8114dc4f485b42679a8a7f8d33de1b386df5c5fc74c3a02e815d6bbd5bbe735c,002264.png
2265,2253,5c252dd93f6f2e49ae1af17456f2ed77d85cd28a23fcd60ace8de0f7e89aec80,002265.png
2266,2254,e5c6087403073fab84f12d38c6e04324cc8a95f00202b368b9cadb5f7720b567,002266.png
2267,2255,0011c0628d6243d90b57537d606c80f1106f6e17224f39e053bc4076e1206d21,002267.png
2268,2256,b82bb52fcbab42547d1ad9818d92af225b9535c1f5a747cb4ceb7e95ce971b7a,002268.png
2269,2257,66a1937a9405b180d7bed50435324f154d5be3ca5303c4877b0c44fdd95ab408,002269.png
2270,2258,dcf83f9f57e5c89879a3619aa060d0ca19253155452185de2850c085cc97aa2b,002270.png
2271,2259,9413f40ff7d25f79f785c9828cdd19dbb7639a430a3d838c2afdea053bf0ee77,002271.png
2272,2260,aeef926597651ced92e51a2ccb91aa629aa128cab38b81a476bfca168f6d6704,002272.png
2273,2261,f0df0757f28ff1b42841da6b308a52629ed9239b30b2cc2dd18765b65d645871,002273.png
2274,2262,ba9ee44fcabcfbb013f57249f500df0246e5fa317dff27cb1a696b89910c4d60,002274.png
2275,2263,52c9da251fadad1c8c9551b4a58227a5f117d94c1f0f68df9c970ac07f41a555,002275.png
2276,2264,2a00cea76af20b40f42d25777fa930c3a08714dedceb357919e48951e6c7cbea,002276.png
2277,2265,7d727120909cc6398aa7bde467cbcd07c5777b60d47569d4ed043c0d1d7b97b5,002277.png
2278,2266,e17270f03f56ab251646f38363722e682a88d1464335acd87700c63063e4f844,002278.png
2279,2267,e032a60f818dba396a818f62bac8c6698ca6f9110516abf5268554edd00a8788,002279.png
2280,2268,94272ea08d1bd9f8cf7c353c4298b9c35afcb9fe45ee8396018428eec6426aac,002280.png
2281,2269,183a1c5e98fc620020e034fb542164b27b6f48d7b3ca6edc9938c906c64dc0a3,002281.png
2282,2270,b08d22a1bf67c8fe5a1fd847f71d85caac8e7a0a391113c40d27a1babfb0c6e3,002282.png
2283,2271,2b989a83b7c8cffe48d5c079d04a8dec6588899841b3b333ce39b6683261e60d,002283.png
2284,2272,ed8004e18dbc7b3456509aa12fb8c4fd394ce9ddffb3fe1c4c42d0a15344c493,002284.png
2285,2273,01fe0e813e6028edcf1db38bf7736e73ea58aeaa60bee4f92510938234663f31,002285.png
2286,2274,4085472bd07f3a4e205aca054c7b89b3560042e077098a7e2ec5fc9753a9bbc9,002286.png
2287,2275,b660f3b5d4c659427ccdbb3bfa1b8b5bacad55fb31bde401513ad5a45f0bdd9d,002287.png
2288,2276,5ee29447be20d5a4bee8783485f7e907b22d0300f664e921651f417ff925f0c1,002288.png
2289,2277,5886f7a92abab80ffed0b3e6071819aeb03a6540c422aedb85083ccf3acb5931,002289.png
2290,2278,59f8f8ceb060ce670b11ab13edbf289cbe53d00e9a156b9ad07a679cfa929de6,002290.png
2291,2279,2d5a9bf7ef758ba92bb408200aef60a17ef0dd1c859e9796eada3dd7f90101a1,002291.png
2292,2280,957b6837ec2866578d0288c695bc6aff1d5a4955070dfff334ccbb85db801199,002292.png
2293,2281,cfafc023b604bfd8fc65159759d96110474602fa9a2276a761a75da33d83387f,002293.png
2294,2282,132803f7bdc18a3403dcd5d183ac32e30dd6939ca0eebb139961ae00616c8f2a,002294.png
2295,2283,8c8e024be0250563f70608c40cc5672c8d398f369695c9608045ea8f9fde8fbd,002295.png
2296,2284,466d1e3bb029dfd91f818aec8b1d1c5e4e043f472f0c5f6e551fd12eff9b3d67,002296.png
2297,2285,45d22c2f95826f7e236b08afc3e1905bfdb15fda0b30a105db23758a3a0c10ca,002297.png
2298,2286,765e270497f273fb1902419b094e2034953e913faf6ae869f6568d6248217806,002298.png
2299,2287,ace368c5d86f7921fe8c696cca9f71ef7a92a66dce2c2f18dd615222ce4728af,002299.png
2300,2288,f5ab66fd1880b3d1f1f62d0e44c6b53556f8a1993864f3dad625e04dc94e0bf5,002300.png
2301,2289,2e73f3d36813dae5e0383754a761d39dcde8afd4b3e814b7f389b9b28d48ba95,002301.png
2302,2290,e5817e15c6904eee2a99e1b2e3e0829b7e4bf725e754bc375382a6084caaaaff,002302.png
2303,2291,2e66d981beabf626c1bb98eaa1ca0f5a0a5dbb5e5ac0ad1524d14c5398369ab9,002303.png
2304,2292,82abe8cbb81c19e0b3b0faeea7026b4adf17cf3bddf1553e588305b1bd06de3f,002304.png
2305,2293,fed75a64768a411fb695efa6eaa69ff9b76c41251ef53f22c00588fc7176ba45,002305.png
2306,2294,d519edce235efe4710904b67e28a57461eb2af89caa9b8e464059415cb080448,002306.png
2307,2295,ce03f067c8775a7cf7cc4d9143b8154c9e47618512e44b108010f473fab718a0,002307.png
2308,2296,ffd916f734d14f1b4ad4d41b4ad8554bbf5ea10db796fc2655516544e5c1ea7f,002308.png
2309,2297,4fabf335576e9cc0ac29a37170019b25c81ab51ad613f3037b09b2584dffc443,002309.png
2310,2298,874d8b071d99869f70b34cfa6fce0a3be56dbd81d13d537a7e23ce6201117590,002310.png
2311,2299,dc734559069e80a2ee72470a1361447893152ce22b133e74f30178a551097430,002311.png
2312,2300,8e05e278cd7e7690552c976ce7f7c1998459cc3ab5e6f357cf9a558ec4d79148,002312.png
2313,2301,6d91d52ab27408845f904f1205fa5fd20368f0772b9ba8c75f979653a86a387d,002313.png
2314,2302,f809b264be6e6e466ece9bed0bc089aeedb1cef7c5a2b74fcb4aea00b55a47a1,002314.png
2315,2303,3fedb10be1f6f08c5add6693341fa5ce6037ef9a872f705a111069642c3c37d9,002315.png
2316,2304,1a7172537047e6ecb6b0091adfb32ec875f1d59ff3e5949c13ed2e799ddaab0d,002316.png
2317,2305,5b9b448b5d76b9b78fbea3e005eb9b21821c9dfceb29bc117f83fb4bcba57fff,002317.png
2318,2306,2adde5def529abd5f6f91dfc076b226f37fdf1ca4f0c7fa0ba3646d7fdc69316,002318.png
2319,2307,0be8e30c34fcf410f657f51830b4cb0b4983e5dc73cf3b3b3f13ec82340a7123,002319.png
2320,2308,957f1150f2b64c02cd655bd73eab57993cc68d1c016c9225199ff4efef1e664f,002320.png
2321,2309,444601bb6141be79aaa4fcc14f4888d05356ac0f49a9cebf4a3a4e4ea90fa414,002321.png
2322,2310,a2b99d94b4b05aa29e5d46f62dc319fb74c6d5a40e974438745c306a34f26eac,002322.png
2323,2311,beffa8f8ee5209bf49555b77efb59b859ac2024329663aef7581ad966bdf5b4d,002323.png
2324,2312,f84c9cb7252c2d09eacf914b9df1ab41a19ffa94ca2d16ebc7182e65ede3e398,002324.png
2325,2313,98bf7a666dead62cedb6d95b7044fa0429e9618ff10ceae51286f5a115f98557,002325.png
2326,2314,3184bafb31b031552740f0e8fd8297088fa3a39ddc35eee42ed842813f205f2c,002326.png
2327,2315,352cefe55d7298f82d3f053a2c04a5827c3711d2eb4bd6c3459d6c5b8ca3ce48,002327.png
2328,2316,5a7494c96d7da9c4072f34b377f4d3ef1d3dce634a1d6c0312292c00d138a6b2,002328.png
2329,2317,a5485f1ca75b4798c49499637991f668d658ba372fb038082bca80e3671b9228,002329.png
2330,2318,657648b6e9535fe90f8b581c44363e6150d5c2f76488422bd57f757aba5ac748,002330.png
2331,2319,c7fe8304e53676d1f024312a8b57daae75776cf9edabcebeaac6de3c4c72d1de,002331.png
2332,2320,c4ee631c9092ae94297f62cdbd47748fb6d92f31b4e68ad7551fd10a175de55b,002332.png
2333,2321,7a912f6b0db28f486ec558d0be00ea30401455bd5f56bc21730b2a32148a27a0,002333.png
2334,2322,8c7ca4e213089b96850cb12c4154672fe85b63e333b9ce2b6ee83b43e1d478d3,002334.png
2335,2323,2d9babe8d6dc209dacac05367a05bf1ed16a2ab23b28e9a388457ba4289181f6,002335.png
2336,2324,8bcc03db4da8c88807f9f055d8ba0f4bd580f34428573dc472e193aa086371c1,002336.png
2337,2325,5f74694621231a8de96469883e6178bdd2797e9ae19a6ccffeed1d77109ec715,002337.png
2338,2326,8cb08701316c3ae52493c01850c31bd1019d3bfd0e14e28db72d079374ef42bf,002338.png
2339,2327,813b4d2b54f1b9e56ccca58c1a6a1bef13ab8e54a371904e6cd9519ec532b39d,002339.png
2340,2328,81fa9de599716c01453b8d728d01a741b4457f7b89c575d682862749113c3b39,002340.png
2341,2329,befac84afd326830f34c48ac2cb8236ae9e0f0e33d72bcd5760b3400740aaab2,002341.png
2342,2330,530a5bbdf9ade66a0dc35a882f6880c79d6484f9f00f6320d5a564a8e4380d99,002342.png
2343,2331,ba732e4455d29e09f5e7f5c24133a2ff99eb382e402018c3fe1943dd97d96d19,002343.png
2344,2332,eef41b63117b3eac05939714f4f56d89ff50a55e044b35354712b16fd4a8fa0d,002344.png
2345,2333,92d1e43de069879b624d1beec957c67c168a95228e3c7f3d209f8cdc5b512d1c,002345.png
2346,2334,c27745e7bb6fc1f46f23a0ac83a45e57b0f3cc4960be83d6925bfe779298b4f6,002346.png
2347,2335,d8e22562b454d89a0896c38ce21d2e1a93778bfb344f9b5ab273502e01cdbfa8,002347.png
2348,2336,6835cb2e3cc01786c6d430db30962eac57912d7557dab37b9116db628a0df623,002348.png
2349,2337,62daac8471e5aadc2ec0f3086ba02d6c06672c17cae371de7e1ef8ea2d40eca8,002349.png
2350,2338,11d4bccae736901a150216279a1039db86d2aa99a57d78e7db925882f7fbf222,002350.png
2351,2339,738cc457edf6152ce3fe9186ab9df7e089fda0cc5c9af6aafa2e0daaec2d12ef,002351.png
2352,2340,eede0f8708a7e2f6e6f15a403d914d67d24daa09f28ff318db182b60acf7915d,002352.png
2353,2341,590b14b7d87b09f029e2fa3a4bf4f3f5b24ac4151c6ab320b4037992192ba6be,002353.png
2354,2342,2d875d59e97994da10d01ac8e13ffe17620540aa879013370fcf1901afbeec2d,002354.png
2355,2343,8b46892a17cea0fb6dc63e7a7ff45eb9fd5de1d76fe216e4c75508f456bb5532,002355.png
2356,2344,26ca88702403bc35762ce3343cc7761a70522ea8935819f351ee1c53ca043c02,002356.png
2357,2345,c18da2707a2dda3d9d8f54a8ba890b2d0c11eb8ce82535435d8310428d8b16c5,002357.png
2358,2346,316c523021dc638d6865fa2b74f53664430fc0ac06110fa64d3a0b360fab5259,002358.png
2359,2347,4b13b0cf7789bc56ad41a51ec2cabb6d926bbb6247e046ca365792c28f6de142,002359.png
2360,2348,0b1f101ed1362ed7d0455bf96fc2571a80672a672c68f4b3b8ca13d93df0594c,002360.png
2361,2349,30206a79dcbb7779f646f0715855d9282d64810bedf49cb290d977e1fd7a3525,002361.png
2362,2350,6d77bbb8b0952e964e37bb300303ba3b1a45fe7e78befba6457d37a6245c29b6,002362.png
2363,2351,7ce17603f0efe7db138cbca2be3f6679a2046ae3f00d74e2c4d68160b65bde85,002363.png
2364,2352,7d2d731dccf456ba56ae7f3cefe8fe777d40f99926586539804a7676b43afc26,002364.png
2365,2353,2f71cd4cc504acfb12b93ca3291dcc84feebb745726409026e16cd1c3fc39f82,002365.png
2366,2354,52507ed06f1bdc4e1b1071b5c3d2c478d891bca6fdde678da563b82c823371b2,002366.png
2367,2355,9953c74ee1d470ca79bd7383a791d6937b8eec5a5a1ddfc1f2198589e5ac7942,002367.png
2368,2356,a762717f8d42b87d3cb3c3b04e93d43465c43a9116c42e80d55658c2e72a6e1b,002368.png
2369,2357,bbec2d0d854938f70c77b983a9211208e82fd36ca6a836f8624cf416e3b89942,002369.png
2370,2358,66b4da42f6835c0487af47663a387532214ff0643af33ffcc97fe3a286cdf80e,002370.png
2371,2359,2bafe39635e01e49de45e590dee23bd45d5adc0801db65ff092059c638e772e9,002371.png
2372,2360,4c4b640d9b633ada3cb54e62633b3fac6861644652125a4711d23489b80b9d56,002372.png
2373,2361,2d9048c262dcaf475c4a3d534a2dc7ba5d4ca77b05258554b70de3c106469f33,002373.png
2374,2362,d5d18b4ff830a6c8e454353cec939f7f35304efcc992a9f00b254136449b3d37,002374.png
2375,2363,3843205962668d6d032faaa4c05a97f212c13efabe043513466a5cb5cc37e7df,002375.png
2376,2364,90e791b90a462cedec580082c04829b43a3971c06ea56399c597508606dcdc96,002376.png
2377,2365,950d2eb33df33ab5273abfb1e3ebc57036c7f36384926a7159ee4f7e6d7d0a8a,002377.png
2378,2366,41e74cb41817b49e5434c68cc7ec85325b59775ac9d299e4b6d84083afb81a20,002378.png
2379,2367,f531612d9a4ea00d754acdfe292fa220960ad057f3989abbae62aa6f5ea1b0de,002379.png
2380,2368,a13905d9b5bda8cb40b6550fc91f32911bbab74a1440ed0d632069b7cd60a913,002380.png
2381,2369,7f29666b4618fe8660befb5562ca28e96b034c95906757f0ca1f7b8c3ff9dec4,002381.png
2382,2370,09b2a30a0aa37c94c20a6972489b9705e12977f05359fbfd622ef622cbbddc0b,002382.png
2383,2371,7c9b6624eac2aeddcd9f0f8ee6b799587df00c1518022eda62af0ca52006186e,002383.png
2384,2372,a94c2e2909d1f78afc1ed27dbc9135e2646208069ddfb3e272ac3bc8069feb13,002384.png
2385,2373,ac14c92ece377eb123559105da03b762c4edc9583254af263b906be6898d2e46,002385.png
2386,2374,bf12836b88b906ef475b784a040c6f79a5de94c9dafb9572f1ed06f35b9ee6e4,002386.png
2387,2375,69c6cb7e8600fe75d8c37c50fdb00540a6d52f3423d135f92b6e8066db716a64,002387.png
2388,2376,baa18904e5bd08598ef5bea974928ca8e629c890ec3ffbe0ab4dd0a610407581,002388.png
2389,2377,43f5a4ecd67358713e389f85ff68613a7b78b682ddd7a8c6020265da01eb43de,002389.png
2390,2378,026bdb174ecadc0109780c1ca128a6b20787962370577724f4972f7009c7d1dd,002390.png
2391,2379,90bd736d3bbc0d1ce0a4a3be0c482c499ab54b029992c4fe17f53910122430d8,002391.png
2392,2380,3b59d744f74534ec7cb4d811d75929d939294142db64758b97080d12a648f3d1,002392.png
2393,2381,5ddb0d8f125d81acd89f5d2e7778eb9545756caf1e4048baebbec18cb205b450,002393.png
2394,2382,b2e5b452c195dff438f3d1bb400d10fc23c80086a62bc8453274b7028f1c7e9a,002394.png
2395,2383,84921499c60e28a0abd59069104e7b60ae7159cb27707e4b93a0c260657b6461,002395.png
2396,2384,eab41671e302aaf83ec90dafbbc9a0ac382a1e8a1fdaa860acaa7241aa9a2a97,002396.png
2397,2385,1a1e9d963ec240267db45d97199a76a9da2f2319aabe9822cb77b70e5dfd5d85,002397.png
2398,2386,b060fd6c59fcbd863501b8c41a166ce0a7f8798fbc7848f406484db53ade7775,002398.png
2399,2387,532b5ebb73cdce9a475e0955fb3486d23441d42b17d8f853f8c1c10ef4718858,002399.png
2400,2388,a77005be4ee0fe3c398dfa370aa1ec4eec38e88932606756893c3d8315d64e74,002400.png
2401,2389,54128c19dae72fcc7ea9df1173c8c9305e98471f86f83b02afb455bd5f35ec54,002401.png
2402,2390,a121f648de4086b6e8139a67530a6dc6bdb4f1e9b6c54ed2a3675ccde0cde13f,002402.png
2403,2391,570332c6ec47bc03a6e9c414ad5e4c8bbbe19941726a7d5c3878d2d19dc25822,002403.png
2404,2392,74ad1e898809b16d3ebf25277d277a618d21cb81077a6eebc561ed650cf50a70,002404.png
2405,2393,d7baaa359566f48f081aeb99ba9ec4e2c50b88e24f97209db6073c1a794f2483,002405.png
2406,2394,8b1a3f3fb834cf300f0cbae92d9ba04b2191b22c4227f0517220ef25b84f4822,002406.png
2407,2395,d837a4382131e3fedb67a6b624687ebeb1ee14f81a9f332cec0218488664ab5f,002407.png
2408,2396,f474e09febdd254e35ab670de17c2b23814bba35d4e457f3e35b8483bcd78d22,002408.png
2409,2397,95e0bb3a13eeb42f1e3ba5ab256594af4164ad6ad19a6245d769beb99715c336,002409.png
2410,2398,3a0dcabacb5e3b0f166f6912622ac43a61e9b8d2bc9057ae956368a4c794a2b1,002410.png
2411,2399,eee978b49c554aa0249961b7cde8b625a1563bb91ce9842bf50ed2243f80de58,002411.png
2412,2400,aba6337a723eb284111d94dc4804c866e83208e4995ad4e0e505808a9deaeed1,002412.png
2413,2401,ab9634d8ec9346f8a9cc167fda56e9b16afc755e1364854d8363b847304491bd,002413.png
2414,2402,aaf417721fcc47c8f470839eec26f1a13ae53a6d4fa294287035d4918f44d896,002414.png
2415,2403,c57bb13dfe996fcf5af07654916658606ec2fb3687980a39435d8adb16df8834,002415.png
2416,2404,83dcc7471f73c7fa05745832d93c50440f2ca24bacccc9d14021dfa2698ccda1,002416.png
2417,2405,9caf733096d42be2c9094be0f2f7b23953167d9fc26a71a541430bf9d03c70c9,002417.png
2418,2406,834ff3b0b9f9e1117906e98138a7d938f682f3e0391243cfa92e909e9d91d4c6,002418.png
2419,2407,181667bb4c343c179a8806a3e8b5dec647d9aa2848b6f2a884861cd788b6efd2,002419.png
2420,2408,63bdc53e11b87902f9215aa1c80b953fd5fa4d9f22c2aeed6ddf7ba3681a92bf,002420.png
2421,2409,5f8c09ae1c45d86589a8f3e170b25a057e4b7d22495a218024892839a3e3a174,002421.png
2422,2410,a72f5e78204f2747d630c5d8624190d3b4a3683a6ed5f349007c6990b8298c0a,002422.png
2423,2411,64026b58755bc49d8f46fe0eb66558edc5be3b1840334153fd3b9ae5d5f48567,002423.png
2424,2412,feeca5a7274804ec5ae669028569ce51d7fbc1a0db0161c9d45d551ee39be6c3,002424.png
2425,2413,8bb9c4ef877264b2eb0080a55bbef9871495c854c0475481499025f9e302cedd,002425.png
2426,2414,6cc591bc608ab08c782d3bc6577b3ddab0f42ead63f1d6ac56f904f32dab24cb,002426.png
2427,2415,e83a33ff4e450c2eb537706823224e7cc0cee46af3f468de4270c331797b267d,002427.png
2428,2416,ba8f838c1c468321564c678656726c12cd7d86cde628dbb7baa1935be6c2ff90,002428.png
2429,2417,529cc4bab4422b02cf2d4e135511297d216a6c9d2fe7e5931e89b135f8e84f63,002429.png
2430,2418,a075aa2b3bfdee8c3085b141bae6c9d2184898c6ef051ca5c89379eb1321b502,002430.png
2431,2419,a200907173e2c741132635cb031780032e55febc4d2932f0585e8aa21a8a0488,002431.png
2432,2420,e48ec9fd333e34f800fec83a2877d03954ce8808f8e0512a3a0e73e1320e8a81,002432.png
2433,2421,c47b40079759f18ebb3a0c8b87805a8e5f1046d41db7b97cf844b60d87da0f47,002433.png
2434,2422,21d47cd85f0d4250c1693cab5b194053a266e6b8b1e770ca8929ec2644324452,002434.png
2435,2423,ec0b13b406c74e121bd3c1fabea3297891a576ef8f4a1afd7a3f6845df0810dd,002435.png
2436,2424,850299a46d44712c7d5042cc4ce25a89769c24fd50977b0a0b4fc758ae03efd6,002436.png
2437,2425,39a356582527543a62c7efe180484878d8831e325b33da5b327fd86cd6cd1424,002437.png
2438,2426,8faca7199429277076744975eb7782c6b6155037842693c46001394f46df5783,002438.png
2439,2427,5273e8a13d952fcc07b1851fd7abf25da29ad74c8d01f9943870d3e0731cda41,002439.png
2440,2428,87f6879a778dfa17fb901cb603da912880eec13948607955b96d44edf2035962,002440.png
2441,2429,f55f6b008241acb4098515332ff5e84c2e79cc8e7a84326df83531ee6ed51c08,002441.png
2442,2430,0f9ad2bfeff3d582b56faf14d7f17ef55c6001e3243cc95fd4aed1e534ecd359,002442.png
2443,2431,30556021bb797d2799a7659bf7a52edb43dfa5d4734bd676f2bdeba1368153bc,002443.png
2444,2432,b0464665efe541dc593ccd02a2d008233512dc9f1c93a8763f261d11f8729933,002444.png
2445,2433,310afe2acb5956e42caf4d26809a78b7a96b08ec7be6c0c889e8c91117d3ae69,002445.png
2446,2434,ba1a2f7ddd730ac2553f19bb3f38f737b68f277fbe82a2196f2d8043ed30ccb2,002446.png
2447,2435,9f401606cf4a8e15cadfebfd07769524cd2a503b399c0e4d8978b1398e0d2ba8,002447.png
2448,2436,5f03b0d46199b1d60e73e2b21f529d528241512cc6ac1a0a000ed2e4c2a74d1e,002448.png
2449,2437,68e06ea5853e25d06bf3e13fe536ba1350af1e397f23b8c8f3a6f82fc846e5c6,002449.png
2450,2438,ec1374484bff32118e48faa419707b357f4d826c12bb09135979b3bda62a97a2,002450.png
2451,2439,1089491401d9b7c6387314c13bd00e62d98b7c6ad06345d874c901955797a8f5,002451.png
2452,2440,4200918cf3bcb7b954da3c6b0fd004e36fcfc52171176355a524bcd60e4936d8,002452.png
2453,2441,1fe61d8f55ed7decc6c1b0495e6ede4010060fa94a0a99ed49577f8ac7bf9d7d,002453.png
2454,2442,aeb3175ffe4f85913efa85c655e104443616e940bd4ddb1b32798c6c8b40422d,002454.png
2455,2443,09d80e6340cb51ee8927e266ae184ff4e6b279f1abfacb1600ca7a01cb1d9700,002455.png
2456,2444,c8dd94d3cccaa98bc61a5054266a7f7ebd7a03775ef7b8c7ddd7e2d05ac9ea28,002456.png
2457,2445,3fb9467afc95a591bb4d502dff9a01fa1370c0e6a773a9cfb63ab1d420bf6164,002457.png
2458,2446,a21fa77a19fb0fa8dfbba05ed8f6f8e1f1eefd8197237557f44db9b6569a21f4,002458.png
2459,2447,d394d7aaf153102fe97362531c646a82bf9fce8ff507156a3e644ef72aaaafd2,002459.png
2460,2448,ff4c73680b4eb2346351a206e9c32ac14c78b856ad274035410fded54cc6673e,002460.png
2461,2449,bd5dd781483ebeb954a6f5b7a3b7d3fe0586412ac69769fcd4f8b7ef3ff668f3,002461.png
2462,2450,ec14c3153c7cf0c8dd55961c2c53b443345ee069512815ea451049d6600e4fd3,002462.png
2463,2451,1b8dd29cda26095d21818ccbb86c58c0272962414192d01f834230b3cce75dd1,002463.png
2464,2452,145f4efbe8b6aec30abf200c642636ed5053d410f91d6a7fcdeacbdef62ace8a,002464.png
2465,2453,fdd1fa06aaada36651bd34b9464b9f9f2641db9090c4ea95850e9d5f6f7ba870,002465.png
2466,2454,9a7f362537df3871de06a3a6abcc7b7a87aea9bb55e0d25c5cb54fa376323b2c,002466.png
2467,2455,038593b910adb7e22e47e2d9bd44fcb8107759b5aff8f66bfa5bd3b2276fce84,002467.png
2468,2456,4be169fc8ada719bce7f25eb5a463d8fa236714618effee1ac43ca8dea0f0af3,002468.png
2469,2457,62756acf4d99b0ff8da6c751156634696f583296150b8c5556b4f594451db4a9,002469.png
2470,2458,5c24219c95e96a9848f7e68c814f3ac7d6d378bd802eb407ee83aed9a858d3a7,002470.png
2471,2459,d4260ef3ff7a6374f55daabe927a48183c78d3256befcfe3ccd690b51bca2aef,002471.png
2472,2460,ed021e84e320ef66e8711d52fcab495ecd64b2abcf66747a7d1c44d99afc4674,002472.png
2473,2461,5323b6824b2d600db595eb4af4b3b296bfe2818246bd98b86612ea57e77d6109,002473.png
2474,2462,fcc5fa4e5cbac03013909780b88105c5d5adb008cdc5fb618d285ea083561cb9,002474.png
2475,2463,805371dfb0ea7a68fb10b5f16b60dee08c82c53f8e6e724c8bc8cba959ea3691,002475.png
2476,2464,956b76c51cc01d2a26fe29fd9da2679965e61e5b599df5954ad0842cba2b4eb0,002476.png
2477,2465,e435b72026a4a799ab1d648b0dffce8f93de1271cc32c833575e6aff48e921da,002477.png
2478,2466,2dd3f7351d479697e3753b7a6be0a8579dab8e57d2527d051f64ec4ae1ae9626,002478.png
2479,2467,a5e4557b6f9b3185082e441ed943f146db250757bb81ba7ae64d50844f621f9a,002479.png
2480,2468,0a406adbabe94549dc6ee649fce3e343e7600e7a6d5d9d98c0e92d4eeb7f278e,002480.png
2481,2469,9e07e94bfbc0ecdb511a6823f7016cabd6da84e8b93636e0cf07cf74f9c62574,002481.png
2482,2470,08c5dc5f630a3a6b81d33ee1e8c0f9649e5a89598befdbeebe006dc23e34a2c3,002482.png
2483,2471,32189d7ff974c81183aea0f31f029d03676d2370a2e8f520243823d70cc09d18,002483.png
2484,2472,370875126d5bfe376c23fe79df649c15757144aebb748a3ffa72ca4f72c9841c,002484.png
2485,2473,0be6352567f69650cac0761e4d231c098873dc3b8f3de9c20f4c2ea6868adbc0,002485.png
2486,2474,1ad7e636761937302b7f169b0c606a3430e49d9f29f9b3cf3950c12aa2422b5f,002486.png
2487,2475,9464a709c5bd610e6efbcfe58eea3a3d2d7f74ee8916cd0922c4878342c060bc,002487.png
2488,2476,3d61fb5b84b6dcaf6834640e3f168d62db7ca290ed2faefe9a513060fa074f41,002488.png
2489,2477,e6fafde6f83d24ec742e1135df5e3e63f1b11432baa1ffd93882b7c4e84a6212,002489.png
2490,2478,99e7619f06edcee994499a0067b714bf1011200d0d05deb4a4ccb2a66223e0ba,002490.png
2491,2479,3861fa4bc8487a85e6290c0bfa17692078a4a09c83b88b7ff4ccb64667dafd62,002491.png
2492,2480,c276ad281efdff216c3460a272f08abe496e6c6ca94d2c75a50e918f8e9ee21c,002492.png
2493,2481,63fdb431d743adf8c9390efb434a0db81dc247d9d3d9ca9f8a5a98ff934e6c0c,002493.png
2494,2482,467a14f355c4103731e44bd35f14149136b4a535cc9d6ee4e83b01d439982d27,002494.png
2495,2483,2f6304ec94087f2feddfac448df27c52efabb44891d2ddf1847614ece0d0133b,002495.png
2496,2484,fe1fd86673546a629c7c57a42f9df16bdbc6a5b71d5ab84cf553185fafe6752f,002496.png
2497,2485,4ea188247b7df2d0d093de8cade6f0f4717328798301a63e4fd8a85036d9b381,002497.png
2498,2486,325363c79824ce8bf2f68978bb59e7b482fa2189096d0ac4bb02535b8b9b87cc,002498.png
2499,2487,2f87901f6fd9cd736b00fee279f5eefa25d6fb0fe5c0f78da62d93795f652b19,002499.png
2500,2488,2cd695f4fdf2901bee7a35be58f173c1761f7f166ce7919808beaf1a647f7f4c,002500.png
2501,2489,a32ff50e2cb0593f4d8374e951154e90324191195b0adcded093526ac85b8656,002501.png
2502,2490,5f40a715763e081cb31331e8ffaf49351d3e48298893e9d82dddbbfab58a5813,002502.png
2503,2491,a427f7aeb83d9111f3142192e3c417de281ea0a68819ab85933d8695bcce119b,002503.png
2504,2492,c13171c2619235d30a82ed2cdd58576848f8239362d77724fafa0e147c5c78c2,002504.png
2505,2493,d26cd4c1a11b4d691d2591ce8fe93a1e3d23866fc7fde227d452edcd4d51497d,002505.png
2506,2494,98c7ed978b9bbd561dc990b19983951d8a772c15519b5079dee69b3d52abc8f8,002506.png
2507,2495,14f9cc940fc53c23c96d6b212789561a1ebe7e71b59adebdc11660c84042c866,002507.png
2508,2496,61fbf8ded21146ff14c1e86a11c30e6c6ad3662e795ccacf80cdad1d204eca82,002508.png
2509,2497,d1bc6e8eb1a5c41d165cff01a8ec1e2deb1b0537d3da4ceb1d9cca1040cc1a25,002509.png
2510,2498,2b4bdf8a55bbea87c8e6dfdf6162eb7832400ff49e911c05a56344b718f077e5,002510.png
2511,2499,47bf28f86e70901209bcab963b1d6ab3d7aaceb0004e508877bab5879a9dfa19,002511.png
2512,2500,3d5399764d3f884fb5b6cb199571e9a141b75062b32638a13c1a4ffadfab3da3,002512.png
2513,2501,c7a5da050b0c2eb480a38bc91873108553b0c0ca16dd47ef4e7cc47746f41352,002513.png
2514,2502,e1822f3d2559f8aeab211b4e8ce9ed9eb145602728bf04229d59b676fe251349,002514.png
2515,2503,feb6a06201524b44bfcd7b72298e423335e7fa66601b269aedf1fcaecef57bc2,002515.png
2516,2504,d0129e89327f84954b53ad5221d3189dc9309cf918bf944cf95c9d7714739367,002516.png
2517,2505,9ae3f56bc42247f07a5c88db774071abb693a5f0f243db963ad2c20bb1ef44a1,002517.png
2518,2506,6968e7426e93523cb16a957f01c7c2313c4d6f501819881f48769c5dc68ef6a7,002518.png
2519,2507,6f560d855672d8ac7e90d3294df46263297b4df9e5268800fe91fe9564f4b99c,002519.png
2520,2508,3189be64a7bb95dd36b3e42abac3405d4d692713cfd092cd8d6e8c994d8926d5,002520.png
2521,2509,7d7179de8c39996bc06e0e1ecbab496b7655094ddd2a3cca3413b3dffcebc6d3,002521.png
2522,2510,b8bb41a5c4d5bc50d928fe5fbc1a2a668d08d8eced57e58d989b9ec7b35f5c1e,002522.png
2523,2511,d0b82c17b03166641b7dfadab2b1236d585d978078c0f1e441f8ce5b701f7e0b,002523.png
2524,2512,9a05e61e00f7a6201501d494b3cd6a8fa6ddc814be48037cfb6df025a753a700,002524.png
2525,2513,ca89904272d41d4f519f493abaaf6ec203c268a8cd6adda3e2802da752e1b4b5,002525.png
2526,2514,7a5d72bd6d4d7c0e44dcadecda3394ee78c7de9f61bed9c8a3d5b05654483388,002526.png
2527,2515,a8f15b7367431054bf05d779bc178922bd01db619728347b400f88ae9396e8c8,002527.png
2528,2516,90ff3d0f8a6d298715695f8889d503f066c84c4b9f73f623b3eee6dca5642bc3,002528.png
2529,2517,6eb5e199be2c44e5fd284bb5dea20e4b68482d48ae4d27ca6289f3687c7045a1,002529.png
2530,2518,cb1417b5848d198bddceefa1a08b4b50a5db4e7103f694c653609ceed2943510,002530.png
2531,2519,da793fc2d3fbe7191089148e4525b375fd09246b9c63b137f907879884984f12,002531.png
2532,2520,325197c959e29635670e46979f4e7d13512fbd588bc8b7fbd4b04e917da8cc41,002532.png
2533,2521,910329398a9ed306c4de343398be89232e6d5dcc75030f8d6fc4382e08c3f185,002533.png
2534,2522,d5b8b629a28e555e87372dad19fe3e101b25781e58dea59bffc6b459b2001c3b,002534.png
2535,2523,c7fc8510a80fd3fd191ab39927138b3429ced5c1935194d5bc6a6e3b8e2d43fc,002535.png
2536,2524,c2429e1fcd1bffcf817d0db9ee5886e2ee0d367d2af8859d946b69105de2865c,002536.png
2537,2525,a42a55fe2429253aab9501473be84ae4e8b1dd1a054f35ab9f2a7a21218daefc,002537.png
2538,2526,9c570fe598b3c68ea4da1fffb2f4e604d9054d60656d0e4a4eaa7db6b7882461,002538.png
2539,2527,60f699a7ccbff2ba17bf58b24da670b1c6df225c089c8f114c7cbf9ac07332d2,002539.png
2540,2528,a17b623085891dfa18028a3ab5cc8201fca7032a31b54ad1dc005946e65d565d,002540.png
2541,2529,0cdea49c3a08277f8bd9af986b81c1fc4322380478c245ef6d4530c74474c2f0,002541.png
2542,2530,8331cd33a094ea96e07eb9ced28d7f4303c06b88316c7842379eb803b74c50cb,002542.png
2543,2531,05ae9a7331bf236fb3bc2bd8624dd98eb3f56a05ba97b6aec4e30b87c32b66ef,002543.png
2544,2532,8263f9649feda8f218b3579ab8bd8542dc20203f54a764535fd0afdac4627447,002544.png
2545,2533,e0afcbfa37aa01a5cbba74ce6f405321e959b32cba4a7a85b7497399b93e9214,002545.png
2546,2534,86b2f6f628a079880f57cdc7a07362526ada8d581e9b20521a9c704be07a18f1,002546.png
2547,2535,867f0ec85747d87cc68025cc21c06744c324c73d13c232f4f7aff47b89603501,002547.png
2548,2536,07feb53cace5a19efdb2516e1717d8f3c9cb69251856f6d00fb9c6ad450c51a6,002548.png
2549,2537,5786c85c74305429908097a9d853c806383b6f36dd9262246e0faff01857ebc2,002549.png
2550,2538,d59431c55b8b9a02a4ffd08cf33fc4d3f834a23b92de421de8a2ffbd3fb0afd2,002550.png
2551,2539,234eb0aa3463ad04976a98bdd187160042bafe4ed4244ce04377c531ca107344,002551.png
2552,2540,806a549aac7e721a9e9abf1f55c03622f47a45d93e97f9a7b6301d366a47e336,002552.png
2553,2541,f1cca58317391493df7180f536b49b5e24a961807b06bb5cd2b9093a6432a85c,002553.png
2554,2542,b9de3589565e3cb6713fc7c228e67213011f680f5c4f8dbfc03f717a07007f5b,002554.png
2555,2543,fc45c356e1a24c7b11ee8dc2bc734c4009c12f35e52a404a962346521f606279,002555.png
2556,2544,2e5f6c4305bc9e29edba2ef204cb6f5f97641d64a177a900ea5b763ec8a7e8b6,002556.png
2557,2545,66cf59e145c5d1800d9fc2d938438a8c82aab010b499733bc36dce05d3629db2,002557.png
2558,2546,c589fb77fc669097ea37bf67395ea9ce0d299918630c87b4500b43072c912ffc,002558.png
2559,2547,d56773ed93451d714f63349c6bcb46c0501e7c39ddd3dacd60f8701fb31ee9d3,002559.png
2560,2548,d6f1291606e6818a63435637a026c55f621da0cd1ae164aa64bb12671ca73ab8,002560.png
2561,2549,824afc7091efe06aa5f61b14005881959937420a6edf09a7ae62dfb7532d7791,002561.png
2562,2550,1fcdd47983fa9add2019e6a9d933d9a8a093513a8f16ec32619e705b17a729e0,002562.png
2563,2551,9e526830f2e3c6581635b27e5ab985d31210331a4e5927e36eb50c257f6243cd,002563.png
2564,2552,d470d2ae3d9fe49748d50ef83645b66f740a3e86c132610642bb96ab134231eb,002564.png
2565,2553,9e37667a99c64fe9f7ce4c5e138bafbbb3d2878dd719b8c978a94fb8097cc5f9,002565.png
2566,2554,004e71483023dd8f489174ab848f63104ff75551615f2a3b7b45483a36e203f4,002566.png
2567,2555,2b298fecb91141d0b8b5b653d40d916e803427ea78eb30c508042923ef2a0587,002567.png
2568,2556,deec308dbedd38a2e4562d559e2803fc26f7842f1ebde17e2e3149f23fdcc7ee,002568.png
2569,2557,592f5702b354028539a7506bba3f1d60a4b1a3934801f9767287f2eb3f036993,002569.png
2570,2558,1bccd45ef57d99a9faba916c2ad0e55afcacb627d7b86134245aa23b899a8ddc,002570.png
2571,2559,62f9ca13a6dc8052beea1a852770afe989dd8069f263231dec8b272fa6cf1cfa,002571.png
2572,2560,e4274a6798bc7cb3387b08d396f387188385dcc46a3148440db401894172058a,002572.png
2573,2561,5083acadc59381afc617a8bc56f810fd5ac247d3ea3af46889a5a0f6ff73131b,002573.png
2574,2562,92111643ebdc446703d92bbb276123bbfef2a2749a9c47988bd5c88b7e1f3c07,002574.png
2575,2563,8137965ed84bcdc424283cb29144558bebbd491c0df0fb6c31e565fe0f477d6b,002575.png
2576,2564,70874a30da620179d67da08141686a3d861784374e4e54539b3b5fe2bb0cf678,002576.png
2577,2565,c4907ae0b64c42b5928c02e6872b10c9c2e91784a4ec7e39f6454a82df4d40c3,002577.png
2578,2566,7d35caf913ae1186f1eb0fdf0e7a515d25688a55cf29552567cc28bea0635903,002578.png
2579,2567,5e7b3ac5ade0d10912fc3413e7987b7f642642957d261890b21037fb2804246a,002579.png
2580,2568,29867697ebeca29267e4a2c4fd8c6dab27c4146df3f5e5776450575c1b9e7fe4,002580.png
2581,2569,b23c8381aaf0dad575008343fab1ade9f4e64ed6989eac85281870281de59b68,002581.png
2582,2570,d11dc68145aa6904c2ea78464701758e14cda5be24181417169cbd71328dccaa,002582.png
2583,2571,a2912a6ef16032a894f4f60e3fa1b8cacacd38453448c1976f2344c2850de33d,002583.png
2584,2572,ec29bd0b6b4839ca53b51bd5acc84e3184d2b0611ce00e1b58590881afd38da6,002584.png
2585,2573,ab628c61ad7051abc56981d641e973c8acbcfab4880971c5ede9f92a6fc72dd6,002585.png
2586,2574,ea580ce6fe2f8415f37d654b19f8eeabca46bc4e9519c180f6afaca6ae156d48,002586.png
2587,2575,214850bc8238544add29a8f853dafb834515b3f80b71f065fcc73d59b2e3fc7a,002587.png
2588,2576,1060e1f2104444c84fd38ff0fe4ad9b89a825932a0197938d9d27817a9928634,002588.png
2589,2577,439270ce1cd41dae799b6b84b806061685121af1fa2a784e45a01d8e1fa1d4f7,002589.png
2590,2578,cefa82a35ec5095bd112d2127ccda0d18b6432b8d69f5a778dd0e026b7af861e,002590.png
2591,2579,a01f2fd47f72b41b2e15f65f618f41efea4411baf1d2a35eab5202491592bd2d,002591.png
2592,2580,6507cfda6b8a321b4c3a503c5f5349488e2a02ce58c9530e7b2c9a79b0980679,002592.png
2593,2581,935637fb871dba7029ce9ee7421e60fd428971b3ebf24db0ea7d1c0ac8e47492,002593.png
2594,2582,15963d16554492692a50a8ba0f99bbd8d5d02cc00812f4c3c20c4007dfd433b7,002594.png
2595,2583,6958aa3713bc5b0df0d67dd742de12dde6c09c3322f4aba4ca54024115539883,002595.png
2596,2584,caa517a9eac6fbca2a4bf40d75cf97e9bd6fae26989f8d53d31883fa24b0a36f,002596.png
2597,2585,57fe3218c8ad67102a60ab56ff4e53c754dba4e134bf0219ef570907e6cf94e1,002597.png
2598,2586,a40fb277317ec61dc5d3699fd70af84cfc1ee7361f1d89c76c8f92ccbf0df143,002598.png
2599,2587,a953fc79ce1445f85ada0f6d41ffb2f53702a4658e62d11656622cd10dedc200,002599.png
2600,2588,07c65997658b9e0e412d6779d63c188e55c82c2e243acfc18f6548ea64f8b850,002600.png
2601,2589,8a4430777300b6ff1fbabede854c5adfc1083860576dec3e89f56fa3e8b4a461,002601.png
2602,2590,d02be127779d493fe5b6339a3fe92dd40efd9bea43f9afa8a23c0ce341665686,002602.png
2603,2591,851b184406460a2731f6fb685ff8d8c600e9511fc1e8fabec134af6254c063ed,002603.png
2604,2592,6f5ff034d508211124922df00db7afd9b87a5edf69483aae853c709a355451c1,002604.png
2605,2593,3faef8cbaf02eeb8fd745448d10521588d8438c3faccd4c67e1048422d96db9d,002605.png
2606,2594,756c9c150c68c55dadc33f37c9b606dc47735a4ddba049de8338cc7e7e75a1bd,002606.png
2607,2595,32950624e59cdaa82833d80442834cefe6c51a9d93a9e0ee881efc6d85d567d7,002607.png
2608,2596,9da1218a16fc6a0f41f415aadb2a9f78c854b72e07ff2aa728a39503320a7946,002608.png
2609,2597,88d196344b9065e6a8032f57e0e0a205844e75c301aec0f12ce9b48c6f167b00,002609.png
2610,2598,409907a8953e93dc5e94c881d798ad4deb9fcfd584d1c4a5aaee46cbe21fd0e7,002610.png
2611,2599,01c867eb666b289acaed0b8cee3656ed4404c27ba0c4b8559f942f296b9c49ed,002611.png
2612,2600,9f49e0811b189306290c83d5ab7318163325b819111e5b0dcc1ae05d8d816d72,002612.png
2613,2601,d45051b4eff347187216ded409b8da0ed264d011b288d90b7e45645d82523599,002613.png
2614,2602,6739cb2bb8c944050bbd17208574178ff5bd682b466ea61f2c9b706dbd357353,002614.png
2615,2603,86788e6e1197fc43427c9866232b82f99f2e8db24903fd7b4a52fb529ec93415,002615.png
2616,2604,6f843a864ae1034a35592d791d947bf2e047ee7b31007d28283e7ea4b44cde6f,002616.png
2617,2605,69c064956df0d13fdb72a7ad0f1af67e25f12e23a599c4f7f9fb3a0233f5e879,002617.png
2618,2606,54273048cad127ecadc3b9864a79313067f6f55d99eaff4ff02721100b336455,002618.png
2619,2607,8a6d1b5d70ed6863716127c101550163561f98d4300b36947f57fc8563e1da2e,002619.png
2620,2608,86a34c6a916c4d6bf6eb0d942ba74317e9411769ea0e3105baef0447583d6a4b,002620.png
2621,2609,9faf417bce5c5a2c947543bdda0c92195a97c491ee70766a2a68e13d055d2b08,002621.png
2622,2610,176bcf260ba39f7e91acf65f1fddd5e7c26cb6c33d41f282d188ca86b8efed97,002622.png
2623,2611,7e5ed1fde05dd6bed3f1a64f24707fa5045a83a3c58e5f4518a57cc644f21b17,002623.png
2624,2612,09114d837e1d6594fc316fb2b72e2dd9e6007aeaa4c7e5a127dd695efd63128b,002624.png
2625,2613,d70663080278821b2244700745b642c67b09d1654c110230cb2b8bf07c33455f,002625.png
2626,2614,4640cf148ea06af86530a8fb1e6403492fdcf16ba972388789fc3aee5e8f9569,002626.png
2627,2615,2ae16705c311bc3144ed3fdab3e0066d6e4da12c7c92d43100582c011569d713,002627.png
2628,2616,0e8309bc979ed870aaba6ab466403f8b0d6caba6c0a7792fea6381723c8ffb29,002628.png
2629,2617,fdcc5034793f84b1ed8676a5892fadf69c552a58b6448774e09534fcbbecc6af,002629.png
2630,2618,55395543a6223011b33e4ed075b570a8128a94a9a80074cb2c507911606b7d4b,002630.png
2631,2619,71259293696aae2b0c2983d9dd634f6fb993e6b558c0bb6a93c8ea189bd950c3,002631.png
2632,2620,e10404edc09fec35f870a3bd6f7cc61ec8d24fbd057e89a9537709828e206468,002632.png
2633,2621,4c26918663fbf8975c98a2f80d41c38de8928930e828db35cd66059f585c7b30,002633.png
2634,2622,19fa1116a3366e885fe8fcdbc5775568ecc8c5fdc1d6b5e337493fe1a6de608f,002634.png
2635,2623,95928016715e37177708434579fac57826a13bb25ee0da424efbb0f912435003,002635.png
2636,2624,2faedb0bc9153cd35602686e31633efc64e36cbccd2851581e1448e9bcd9210a,002636.png
2637,2625,cd2cf4ef7fe2b2ea547d6d5c17d3be1461a279f6632e40b580c4fd63455da2df,002637.png
2638,2626,b46324789d8821f9f54c2f718cf6136e0613aa7beb3eae11e33731871efc7221,002638.png
2639,2627,90b730ca59404b5d979b035f49e5eaf714dc615bec47ebfa28f2f323969b5511,002639.png
2640,2628,1cf88097d67145bfbdd88f466061d41d24d761b88dc786ddb3ff40e207c4ccfc,002640.png
2641,2629,5841fd9358f433b57e4450a3dfbf939fcab82c9498a9cb7acaed95a9a2072d30,002641.png
2642,2630,507d6cefcc0a0cf6d6c99ee2049d2190b6cb4c885fcb8f1e46674203d7374261,002642.png
2643,2631,4a2e5752ed7a9582dd94eb06181762b9221b323051ff6e9774d424b44192547d,002643.png
2644,2632,6212946ae5c87ad3d40e6e58a13488823386a6d57dc7c9f5eb235b3cd5654dcc,002644.png
2645,2633,2a6b459142561b169803b553e91fa857680d7876c130cb8816fb4074c9c112fa,002645.png
2646,2634,c6a9bc74ebe8d256f9ffbb8b078c2ec37769f3ee20c1ecb3e3db600e91387a1e,002646.png
2647,2635,cadc595b6de0539aedbee0d5bc32ee286bf23b8aaec61873097c412a88d6bf4a,002647.png
2648,2636,cb4215e556f9a1c4a68ddb7831bf46072dce8b0fb3afa2ccf48afef391ebf492,002648.png
2649,2637,dd990bccc82b86ee9d79c1b156b40851f0250a1724da8474306ea62f9eba2146,002649.png
2650,2638,d91f11c98367a0fa1f5a328f61088c68f858437f4f0536a376e5afcd8d0e4205,002650.png
2651,2639,fae66fbfcbe0770758922bba317aa435bb542d7602f7e2ee40133ec7c1a000d2,002651.png
2652,2640,eabdf798e0c1b769f5d8e5601e2623f03dbf25b1765aed8fb815d46f00bc7a05,002652.png
2653,2641,c44d6dfd3e75434f1d616c43122a33118db53ae8dcf340a0525a10cd3e0ffcfd,002653.png
2654,2642,18713a9a720359a0df2117a57635e4c06ec06e4e4391d43276b888bd5bf9f43f,002654.png
2655,2643,6dd20b754b5452c4b88302ce26860bb14c5aeb0267e9b27c3f5275ec292e97a4,002655.png
2656,2644,ed252bc5a97324d2c2aa350b0d566c38a7d58b432b3e0a845b7baac06c241e57,002656.png
2657,2645,3b9d3470d0bb51be9045db848306921043fb2c3994250e737160ee6adeceee2c,002657.png
2658,2646,e4cabf641a7f483c5b592ab66f1b5f12998a4ca6ed22b4c8102ea8d6b00341e8,002658.png
2659,2647,ab500557efba8042f9f958fa1e7958a7b3c767ce4259c34e5c506597857c308d,002659.png
2660,2648,76ad40b5916089e6b8fb405cc7179b60cd0024c90ee887938625019d56db9692,002660.png
2661,2649,fb8b8e08f8a732b592f4f053fa23c63cdee91ad1ce281bd42dc76f396ee8cc1b,002661.png
2662,2650,145936d0c6b943c494197247707d5d928588f431e9cdced7b4f701dfdf7b57ed,002662.png
2663,2651,2a2a74ebee48e3e0962ec99da970bcd272e698de21b86bf93c66609c00099a2b,002663.png
2664,2652,3eef86368068572dd4c8aad6f0543ab4dcf86b76bf90ac4f2ddf3555163c4d2f,002664.png
2665,2653,7c8226aa0c1c947ad614e56f8126b7e89b65e11e9dcd4f7ad6df5b80e8dc40ad,002665.png
2666,2654,5284f0d38224ddb8fa509b2e8fd45314f5c1a65637f401bc15c189c821a736f7,002666.png
2667,2655,e4c3e9e78ba1238252812bbac9c4a79315ab80ffa280a6dc1cc97ed51d481ba7,002667.png
2668,2656,3371fcb90f9dd71d3387d7f1c8a1010f36b6cce70d50ef497e3941ede9d64247,002668.png
2669,2657,e91ad81ce2565e2a70cbd4bd6da3add70eb0cd120da11e25ef7d9d07d79644f0,002669.png
2670,2658,b0ba6f88759a69415580220e3c029402d90c8e8c6b49142aba9288439bbf091c,002670.png
2671,2659,408b20c9fe73d7a0df4d20cbbdfb4c9e509ac886dae5a35d09b0e56a3641de8b,002671.png
2672,2660,94e2dc5a075923f2e7866e06ba43690dec73ef3db01bf7db93c7be0440c8efa2,002672.png
2673,2661,2830824a099cb066652e2e14f31f5ef50a893d4705019910c1e7b30b07bb2042,002673.png
2674,2662,b6d7b3835e014279ea390f768515c50fefdc3ee9ee71003028120824b5261512,002674.png
2675,2663,6d1cd88ed1f5d138ee40310224056149618eb24648847bee4bb03e5c98bd3898,002675.png
2676,2664,b829c448baba4b5898a1b9d55c93c6fe0e2d2111a3a0a94f482365535f0de087,002676.png
2677,2665,d86e7432e2dc4d8fbb12d5a6c08a1525ced628ec04bb5bcd91a1eaf2fddd3acd,002677.png
2678,2666,a52333452a27d8702efb3589c7b7be33519017fa5e3031759f22f289a10ef245,002678.png
2679,2667,47b6eb5d5a4811b3eb44dc8f4b0810ab7c18f761d65205e21490a219d3971229,002679.png
2680,2668,1756277af9227cda2bb97320aba4eaee6dbee4ca5b757f7d15e1ca73ebc61621,002680.png
2681,2669,f9945c17e71c78832ede4b4c12524a27ada312562c19fec174a82164e8f72781,002681.png
2682,2670,a268e8df763dce01699a682991401eccfde83118e59c7849a7e7438051863d27,002682.png
2683,2671,c0afbfc693a55fc6b4271dd6d7fc6f0952bc9514ee53cbbccf95d6980a4114e6,002683.png
2684,2672,087d5b940d05780480a152dbc79fa28f75e8e5bbae5a24d6d108d94faf27abda,002684.png
2685,2673,7e8bf6e0abd1b3b8947e380e403ed3d53a97ebef3f21259dfab0218a451d88b9,002685.png
2686,2674,294a57b845852b7fbca5728fac3ab145b41cfeabb7886b399a2b742734636c02,002686.png
2687,2675,f75e02d4da691b6a91a0598eb01cefd6eba01a12ed325364407795f402a3a4ce,002687.png
2688,2676,74f42f9f1e3fad3913964c12e90746feaec88e1d61110d9f7bec6bee92f65f91,002688.png
2689,2677,ac3e986633d80dc6df16b963c4714b1e093f7c9a3c5fb76c216052ffdc23bc57,002689.png
2690,2678,b23ad985e897ca03f6da825cad9f8c60311f0b1bf36604d12cb2cf97b99bd320,002690.png
2691,2679,e2624da65b60895ace5c8f4f86e32008728d75422c793d3901820f6c81b3c75a,002691.png
2692,2680,ad3d7001215d0aea5d613cd02cf7cd55e0f429789b4ed98cb279db84e3e27473,002692.png
2693,2681,da2ddeee4ce61df5b3693ee3682618f7fdaa50a81246388e16af1da23d1f9a25,002693.png
2694,2682,cc65554bae71c84ae1d8176635c98bb567997c4e7be597de169414695e9b6447,002694.png
2695,2683,5f7e1f8827222aba17370878030d7bfef2b37d96a0973caf635fee7d9cf86ea8,002695.png
2696,2684,f5ccb75f4429be58a93acc593ef161ac7ba2ee848bc4ae5c231a657e72e24204,002696.png
2697,2685,985a9f538a289252ad1efca282ca8aa5f82dbaecfd40db174046bb4730330c46,002697.png
2698,2686,1921d01900e94fe1d9a74f01ec0309a16bb7cd119af078cd79d34b0beabae9ee,002698.png
2699,2687,d6f631d8eddffaf45c36f70e931593bbad475439c02daa7d95e16401881f90b1,002699.png
2700,2688,7a5c55a5688028c2cd754463aadffa4e5ce48edeed6ae0968b6c9ff3b96e14f7,002700.png
2701,2689,43cb302091328041aa53b9a54ef8d7885623f6e684c92756d428dc86d600648a,002701.png
2702,2690,21abef0190d200916ff054ef23068d6256fe218d37cf1793bb535e16a87b56c4,002702.png
2703,2691,cfe8762cd198a3227a68fa5d1f242847254b2711a65d9bf6ea0a4b96ef45801c,002703.png
2704,2692,fab0f076aec5fd06a578d7da4d25afa0a2eb9783342f7be9dd65d89754da9dde,002704.png
2705,2693,ff8cf68a30a2902693c44d60316865303273a840a6971448e6bf44abf99c8aa5,002705.png
2706,2694,803687aa02e21946af1140ddbc8e2bc08328b081c7c629da36cbfa65b05338b1,002706.png
2707,2695,87ae22aa1e7d9ada383b99f9c8ccc8f49d8b06faf205501a5097d836c7c1953a,002707.png
2708,2696,34214acd58a513278c568d07a092da4cd84caf99d2c090d3e319b0ac7d36eea0,002708.png
2709,2697,f2018e7db8f76727892e12051eecc76bd7025526d91b6cf5ecfdedb8d5d13ca7,002709.png
2710,2698,0290e1e2df125e0916ef6265e15d9d84f7b23a388d9188dd3b26ae48501767c8,002710.png
2711,2699,efa9dedef701a2545790b7bfe07f37fae479cf9cff9e8bba31f8be131f45a3f5,002711.png
2712,2700,816394fd0579dfabf13bf884b258c21b63cdf0b64c47018e1c00504db597ff2d,002712.png
2713,2701,6855e502bba8e04f826bd987f9aa8b76fa3ecb41656940fdc3fdad618d93bd3a,002713.png
2714,2702,11b08cca92326d47d75fba1a326ec38a4a8798099704f90078aced3d5e0ed6b1,002714.png
2715,2703,4e089a40ef3655b890fadb90a8331c5e1f11ce166099d848be12b79fe4a151d2,002715.png
2716,2704,1ad32f26c0b663e949d492fb4d331a40e0779c2843b506e00dc0207959d52421,002716.png
2717,2705,3f31ed40b90c5500695c81936105198a44371995f071e10f7f449ae51d7b5e65,002717.png
2718,2706,d821a3012fa102b883a21bf29e704619364a24a5363c3c0ab7d8dc45c4175f89,002718.png
2719,2707,8fb5beb63dda71567ea2efce5437f7051950f4d86fdf2a758697832b8565ae7a,002719.png
2720,2708,551d550443d2fef2e5ed5cf6f1daf7047a9dad71c08c76bafc9b8782a87a4d21,002720.png
2721,2709,6edd5e359369ea899ef97881b1a79eabbda9c9d5b5da02316a25a9f2bcec8622,002721.png
2722,2710,9d5d464cc51e9369d84f800ba7f992e4d0c95edfd6848f651e6907d26d89f40f,002722.png
2723,2711,e4db23b7b78e05d0e74ebc24d772c991f0b42c3d509ca2b406d94ccd6cb375c0,002723.png
2724,2712,a873b3d951e2dad35bfd24ece1af65c3f6285a4555779a4fa72753fd304a70ae,002724.png
2725,2713,21d0e5058f8e5f127e38dd551364a30861f8fa91c863073708b47aef4373729a,002725.png
2726,2714,3b18db9a3c4f89187cee5b1820900b1499ceff4678f0009b355a2a0378801c50,002726.png
2727,2715,922a19eed97b991f8444fb085ca290ce9a64db33ee388d660cfff962282229d2,002727.png
2728,2716,13363aee0452996803759fa7753d9ad9275ffdfc4b06152fef03ad2db1c8cd77,002728.png
2729,2717,534fdb6762cbb95d13e1691ee51cfa48e1a69a98eca05bddd7bfb770cba564ab,002729.png
2730,2718,d8746a7f00ebf7b723d9479cc90c72bf4afd195779ddb467d7a757364848e7ee,002730.png
2731,2719,7564aece18dc8d05fc4b5d3b9800463b133a6faab3c6ff7c6c54d5018308e418,002731.png
2732,2720,22e41910f90df9511ec18c06b80e46745ce97131dc3b3accba9d4149851affa9,002732.png
2733,2721,29e796b35c5216a47b1fcce08c46c07e233c0a4bc5e63081f0737c68230d8dd8,002733.png
2734,2722,9c09864a1a6f00c8f3459a183dcbd829592becac83526f9f5965482e904ca305,002734.png
2735,2723,1454767a04921c0f5999d2d8d9146329c0bff7217ffdb243c9b1d6c436e0f8bb,002735.png
2736,2724,ba23ec61e304f614289e216423d0bef2d977e3925d5c2400c79a9cb95a327445,002736.png
2737,2725,e22de0a9469e871a4ff46cd3eaee042cdb843a23ac69b3aa0a221b56a0a3ce0e,002737.png
2738,2726,a5ff10306c5d78cd8a52a0db89a4fcd1a425adf1430286ab81ba3a5adc3d49fd,002738.png
2739,2727,9fe24085b0ec5b7f2f6a37a5e23bb2367824f0ec15fab9a7f237b2c40ec377b1,002739.png
2740,2728,1cbd4123766d0fae49083ad480a7e26bedd7a37bbca4aebb244cfad37188ee06,002740.png
2741,2729,fef0182df39a9ea4ef05596e9276e58bdb18bd38a68c42ce913fc8b0ac158c37,002741.png
2742,2730,faa71cd15d0309799cbedfc088ebd2b42248c4b8dd4a20d9cf375bc615d322f5,002742.png
2743,2731,23ee00c3f073dc18bebb7b67a3bba0204cfa052da875abc0ad2b69a21d952373,002743.png
2744,2732,d1a7c321302ec1a2d0c3b44ec9d43cbeccd5fd29ef3d4b9e06b0d926ef42a083,002744.png
2745,2733,47b92f20e33b8f5f3601da861fcaa7496c36d1622632bff445ef9b414f82d9c3,002745.png
2746,2734,90333cebc01bc91326a5027c9f1c4878a3a1b86eef235577decc0c32619cdcab,002746.png
2747,2735,cce3417d110cea2aaefe122c230e39a57351481299176a809795dd0f90a518fb,002747.png
2748,2736,e3e93b02fe7f95d985c24b9d62627467f54b1b8b5281190b88acef6e8e1ebbf9,002748.png
2749,2737,3629ea8b1a7906ee645deaf8b057ad4b74db571bc75e4e0120c15246365f9029,002749.png
2750,2738,b6c1f70f775132f7130fca7c955ff77b5083b0f33c6fda07c2611fb094180e99,002750.png
2751,2739,a1f46091c99d4069a1646dcbf88e986df2690ffcb96e5b1d5fbbdc1d67b5649e,002751.png
2752,2740,2812b2ed73cee49bb21e94e5de564e5db29cd91cbbde878a7ac5abcf728ea2e9,002752.png
2753,2741,c9c237b65c4af605ed3ffffecdae2c21e6a4318fc9afb5016f34f17ceae838b9,002753.png
2754,2742,180fc26a9bd8c6bf717a276ca1d44c8ecd3ef343f90a15701f93baefa4e199bf,002754.png
2755,2743,b177bedb135f62e8bf70c63b40ad9e07f52775c79c830cd6d0689c24b2f9bf98,002755.png
2756,2744,7c077d739350efb535519e7c4b1763907904718ec00ea103bb3c471187f8bdd0,002756.png
2757,2745,11b8b0b05aebead2085ded5f04e88c0c5cffa17a4bc18064b2654ece74e5f16e,002757.png
2758,2746,cadb82fba166579d380b3c7ef2295d42d952b766136031bcfa139d22cca18450,002758.png
2759,2747,e58c0245098f3d1a9924b8752a95927400bf4f5c17ec16cdf0924efeccee6406,002759.png
2760,2748,84f003edbf93f7dee70d20e1e72c354023369e49901aca0a223b289ea5958946,002760.png
2761,2749,6d922daa12891a4806a16993bf11e24f4267e849827a5a97f12e6753bb1c13ec,002761.png
2762,2750,8ba15fd73d48ae6d54ba8c798261db4558e472aed7e3efc608ead0b07cd1c337,002762.png
2763,2751,a08af71c391c1cbff04a9aab0a6c030bcc4b22ac00dd67afeb5cb474c04d110a,002763.png
2764,2752,e4f47903351d11b878e6ebea67e646229978e8e93fe24761e781136eb372f289,002764.png
2765,2753,18de542d48f60e0dee9af9b2213583337045af906dc85e4593f62508fc426791,002765.png
2766,2754,2ae358470ac1009be5dd182b5b61f13a811bf3ba1f0f91b86711b7c125c308f3,002766.png
2767,2755,171a029cf24be13d9d0211d2f22a87534c4e6620b0416604dc2c7351baa60335,002767.png
2768,2756,7c5ffddb9f5c5a859f1fc48a175a12e6dacd9a3e359289ed7170ddcb283d54be,002768.png
2769,2757,f4a7e94aa66856b6b8e0e5d4ec6439f76378244590f8bac5754a7568c6de1caa,002769.png
2770,2758,b7d8a89e032d99cf24033bb52ba0ca6710af0d6f7c97986a16bbfcdbb45afd12,002770.png
2771,2759,a7a13fc5fd3e790a7cceba7553d3895d22a0787f546f02158d908e3c87829679,002771.png
2772,2760,298d65bd03dea061dd30d2f24250e389410493b9eed1b8264d8256d1150d30ff,002772.png
2773,2761,d2e52f4a2f9f1bd713c33b88f0ea82e03679ef7b479e94bee2d906da0e9e5117,002773.png
2774,2762,047fcb85141b4a7bb560cfe0398f1679e60e42e0351e1a88e45bef727f244a26,002774.png
2775,2763,5ba446bf75043837aae3b0de952f92b72b9f52db40bacc0da5e45d33edfbbf1d,002775.png
2776,2764,04e05ca7ac3f883d1360aa4b5650af60c8138fc49c56b1938cbd4f8fea51ae5e,002776.png
2777,2765,b0bc8094bad6618bfa52a59883f00c0658e5a984b6d4be366a329ed60c9bf599,002777.png
2778,2766,19bdc6815e40cd90b1b6db9b859884c4f97c4a63b040bf0f4fbee61d7a2cdbe4,002778.png
2779,2767,cfc9e8c60b61edc8f065785b0250876a3b5ca3d8a64207b1e072dcc871c5defa,002779.png
2780,2768,05427a70532d3f4a8fbba5d86ad254ab42eaa560fc732491f7ab424a45799ed8,002780.png
2781,2769,fb5f1922d0497c393f71b639b7386be252b9e6182f4416f748666be6f6205abe,002781.png
2782,2770,f853431e54ae623486307f2c2627f1b4e4287dd0226802d9f5a30bd4bb802301,002782.png
2783,2771,ad1e1f78b1341ff26105c7749cd3a537d8b854a025e3c2b6f6a4ff0ddd007a6f,002783.png
2784,2772,74bec1901c92d4a13b4163f169e9259370623ae6aa9285679b11692fafa5061c,002784.png
2785,2773,150fd9f46080f1722d8a6d394ed10290c47f1e49fa3a6e8a8a9cbb08e4403c53,002785.png
2786,2774,77d47b0af19b78a9491e89469b0179e9864897fdefa2206bad0028afa47198f0,002786.png
2787,2775,597cfc828408c184c44678c9ab48f0b9eb44d9c5a03ddc305692ca8ec9901da4,002787.png
2788,2776,50064657fa989c1b6168538b3c9071b6783faba05eef6d509d730d8082d2d819,002788.png
2789,2777,7d52250593877df1b0c5052514778b721e71da2a4e8228617730d858956aa330,002789.png
2790,2778,f6ab3495f909e96eec0f80c64ce443bc0f501a24868628129de0cfd8ceba0026,002790.png
2791,2779,ec7e7b1ce795e2f4dfa9ebabc568875bb9b22e292b9ed20a58f5791b5aa7a38e,002791.png
2792,2780,ff6f7b68d50067c05163a0407dc89077d697e2add304e678629c4a3b2df6d101,002792.png
2793,2781,13de6c561fd44e8917d1bf6e81628aba28355c682aad7f837860bdd74d4ebdc9,002793.png
2794,2782,6ab9376c366e4f03df687cc659188c0da1ae1ebed2843e77f3f5b49e95069710,002794.png
2795,2783,9fe5908c5780795896e0d1b3fb5137b6e7ca762a3186ed225d452d5dbf10c48a,002795.png
2796,2784,1816468110a0b7814254f324a5ddba57b08663bd030f7f0101069e57710fa886,002796.png
2797,2785,35305de43520596410944506e10fe6ae37db2999c2ef376b575c560f5f2e961d,002797.png
2798,2786,b66152eb759462b828af63a129a7792f1aff4c143bba21c99a6bb821ea93b226,002798.png
2799,2787,d082784aa8c5192ae42f25056689512f038592cfa4cf1775d27f3d768d2bd96e,002799.png
2800,2788,56aff5f2aef164fb0e2e9796e7cac481e774a3bec5d96e346160ebde50e72ac4,002800.png
2801,2789,769f04165e5586801c9cab4cf7c9f0134483b9b388698cef6ca9e8d5ded7fd4c,002801.png
2802,2790,8776dfc7e09b466a6ddeae9787e066effb649d96eb1c8afdd540b52de710c193,002802.png
2803,2791,270198b5a1a7f9cd03dd8c901568ffff95a75928e2c1160f2951efcaaa5ad945,002803.png
2804,2792,2acf46485484b11e6fa39c9591f6411085459178b99701c56d229530da856d3f,002804.png
2805,2793,c331ed6072abbc4fc29bad313f236b824322114a87908c5b45df1815723978b9,002805.png
2806,2794,f216c61f47789228e987999ca244af3ae1b96f52da9cd2f5aec7f8f000a55b56,002806.png
2807,2795,e7ecdd255ea693dfeec40146e2fef1722e3a0e4fdd31dc522de1590e610607c4,002807.png
2808,2796,a60b7659bb000fc1eb6c484494215b1d7ef722074e0607b53f34270dd10329c2,002808.png
2809,2797,05f0b1739770f28cc832c8c7df9d53dde0c1350bbc760718cf555856cc837164,002809.png
2810,2798,76840d17ead26f59b1f30f696781493df4005ad82933a1d7e7f49f75170c66eb,002810.png
2811,2799,735990511b37314b43538a5c456a29212868473274f5f5b809b9244b163a511c,002811.png
2812,2800,877af5abb705f727c854f99458c2af40f96294a625c1fc8e5db1fe06d0f87abb,002812.png
2813,2801,470990d87f7f1b4501323f9347f9ee0bab0175e44e7b3dd49e395bc2e63de66a,002813.png
2814,2802,430b279e18516c4e75dc196fba431836a1af0d69d4e4394ccd3a2b0427b3f543,002814.png
2815,2803,0d84cc8a8c878d5b225fb7fbbeb58a5bec2f7f45a4c09dae27639287d629f03d,002815.png
2816,2804,c3172a15301d2e4afb2fe5cb602c1c6a3e9f0d19ffb6678c5c7b4c4b685942a4,002816.png
2817,2805,6f6dff9c8b0b3784795b0da8d39b97aa726372a21d72471728a070f3a342e53b,002817.png
2818,2806,3e20487ce99649d1926211ead14d662c72429e909587e7600e90f555e8474a81,002818.png
2819,2807,d61615dae38988d5dac46d9843bd58c2c026089e20bf1b2264796c796d14fdfe,002819.png
2820,2808,c193b8c680a0a44f69810fb5518ef8899a8d9faa9224d2d26b290c4170121495,002820.png
2821,2809,ffd42a024e0b5f80175fc36764d498e72dfed2e0b37b464d5c0804d9f959fa5a,002821.png
2822,2810,2f03be089f37aeab410fc1d6dba217d798c9744ac0227e09b05d48351ddba93f,002822.png
2823,2811,0275e9e0c9f58b77114bc363c681d64289eb8118c4f67058cafd662b1113e90c,002823.png
2824,2812,3018d35238988a1169931a481ca2a501a70445af6e456dc550f4897c26e326e2,002824.png
2825,2813,eaf83c9b206c05c432322a6c4c0c57d6407db4426f4bf7dc73f60df7c2fbfab3,002825.png
2826,2814,6f37ae405594470c669100cb2c2ccab68d3d9cb689e920ae6068be62e8a2fb1e,002826.png
2827,2815,006a1e605535fb6066dc86422b6c0270b73f2d81c19181d58c988b44ac4328d2,002827.png
2828,2816,15673612d7999224fbdfd90a9101db4a0d269bccc7523350e959e2742ce23238,002828.png
2829,2817,2c371767d7dc05c184cf82d9afde73f61c2233a98f14a594b695324eb4886af2,002829.png
2830,2818,68acd0ef809269b0acdc54867acef5000ce6bf27fb093fba99390fc8d8a922eb,002830.png
2831,2819,c8ba8e7eb1668467eb454ff76a7882d108856fab50b99ac139c696c45ad11eac,002831.png
2832,2820,e33e9d5d5acd39e79a4577bba9589359fa3f08f3e254eb6bbecd27ecd455ce67,002832.png
2833,2821,27bf251239457f7e4315c9874a79ba740ba737d3941e36839bd84c6ae99df49e,002833.png
2834,2822,379e271310683fa1639da34affdecf80f5706ae214f87ff1530b5422c952ba63,002834.png
2835,2823,d3d70480f7ebad53a4ef3e64acffa1729333c7b85f411b173c592a7ad3b4b97f,002835.png
2836,2824,d6203eee2896c39da8762664073855d9b5b1e1fcf999533570a349bc27ed3054,002836.png
2837,2825,d310f893d615163aec7b55693619828dbcd3b7f73bc3c7145399f7b7f558813f,002837.png
2838,2826,b980127e708aaaf67dcbf81afc1633b8977916bf021756e25cc2fa1c854f6f58,002838.png
2839,2827,9405b734059943e624ccd0dbf7477fc7a7c83664031243242b3291b46976d7dc,002839.png
2840,2828,f77cc1755f1d5300448d1f707dd275e2f759b70fadf3966585e0657d60b822d1,002840.png
2841,2829,dc254b9302fdb3383e1a6057589c99fafdadf7a601998d157041f9545e15ceb5,002841.png
2842,2830,23f249e0534226c579059b03a7e9f41a7ca318283c9ca0683c49932a35fd74a5,002842.png
2843,2831,0d99fc4e5117e9162f74f3b84658303354339e733f177484722432e9d79f5e81,002843.png
2844,2832,548aa06bf4ff47c4afa014de3994ef6becb5e444ef92d5edae7ccb2676796974,002844.png
2845,2833,ff1e0f5a9a84db8f9f4b2dcd7a430a50ab276c10564a375230b7d97e24e11a52,002845.png
2846,2834,1b86b14c50eb4a463a72e5a7c6da8b92c222e9cccc1c20ce6dea695060dd3310,002846.png
2847,2835,573248de9f7dc768ea3aea66e92f6938ceb455611c632c73ee1e688b1b33ecb0,002847.png
2848,2836,17fa26b15155b785bfef3f330ccc2b7d754092443eb3565dcd73c9c78eb1616e,002848.png
2849,2837,c1b14eb505cdd90007fa255d4f28795c4f9cd95eaba4b7fbddf2c5dfe7089590,002849.png
2850,2838,ad7bea5232f18b8892424d994d0d0791bc21f2890cb6b0b43c470cecf6a23694,002850.png
2851,2839,5b38520e0089a148346f735dec48d733681b3dece788884d72f7af9025d0c5c6,002851.png
2852,2840,522ea2642a4de879f16ca871e88c4637c9466d5d0ebbba1da6b645dff742fc1d,002852.png
2853,2841,65dd42975a2570f78d78ac1f2434a4d72e6d6fa11e90b636ec0bca60f4b4ab3c,002853.png
2854,2842,f30d5ee6759dd041bad7772b5e4259cfef969a266c45b19272732fe0c9ab1d4a,002854.png
2855,2843,17b2900d1b73a3ca43e91d17aedf2b3ecad0bd7e79d09d72cf56739498d50305,002855.png
2856,2844,9ad860d77cf7772c89154ebd9c3e6ba27e92da1fc1801fa49349e76898839430,002856.png
2857,2845,a86eeeac6cc0899994e36ce70c26dc809b100d572ece14f1197026db410ede53,002857.png
2858,2846,5c97d70507a84763998c306c88857852dd3870ae2b5c00150f61fc8a4a935d8b,002858.png
2859,2847,4b810806ae91b9123e98ba3323b111e3406842dbf4fb4a0e87c46f0f6576dca3,002859.png
2860,2848,04bac9d70a3fa81f818bc72552b4e01b23e9c764a3fe3dc969323a2394a55342,002860.png
2861,2849,a49b94d70a2040bdba75227c83ce6fd8beb09cbb3866ba3cd35eb3e36b2ac350,002861.png
2862,2850,dd9038434ca174e856c136650be208cbbb6c82104b38954a0c549970f4a7474d,002862.png
2863,2851,3e05f30ec3b483ef975d02a230ff29b08fa01f31043e80ac0039911e4988f221,002863.png
2864,2852,ed32150a9b23ce9e6cc00ebe6eba56b7488f0282c1b8ab1173c8c56281ef7cae,002864.png
2865,2853,8fa28d394ed4d99d6fd8128cb64f3b1fa375a64a233d6c3cde6f1b704ae146f5,002865.png
2866,2854,9d619d952bce85891adfc79c39c43038b55702de40740f30d18da320e750d1ea,002866.png
2867,2855,6806de274d83374ac4da2eee082e74902d2bc969c161d6c564cf6d13a5d50cf0,002867.png
2868,2856,bb9b255ef8c04511a5a99d80d002f93b80ca2fa46eec22fb9e041e0a154395e2,002868.png
2869,2857,1a8912dd0d36bee11f3dfb4999d3d0e68571015401e0c421cccebdd1b2e95ce3,002869.png
2870,2858,7a4bbf75455d646498408743f64ad4ecc113292adccad523f44a759a8267d625,002870.png
2871,2859,6603ca2f819c1bf92a5c4d4976d841573a72ca5a983b8bf057158bb0ca2da220,002871.png
2872,2860,1cd52f9b301300ac306c7f43532e472b4a8c399fd4fd20bc3422cd81fd9fb97c,002872.png
2873,2861,b2570327197ada7512790ba2ef9c9531ba592d8fd3f0d00f5adda0344304e932,002873.png
2874,2862,ce2396308408f3e3bc4662473513904ceaf61c6c9ee59f061accb2cec24ec811,002874.png
2875,2863,3bd0be95837076cb23b21e7d2feea914d40ad51ea201fec2305e0de1d730f5cc,002875.png
2876,2864,0d8a3965f14051e3d01de65c83d42d1473ad18811f629ae5faef4b7911c74cab,002876.png
2877,2865,f20da24da82b8cfebc02339be3a91bcf21b31d335f834115766ffea20a60f518,002877.png
2878,2866,7176df255d15e76a8f1a86b3f44fd571282c4a4727f65bc2139684621da25585,002878.png
2879,2867,827c13db7bceb87b75b0b7d6306caa8860c7ff0430a81f45335334740f70dcc8,002879.png
2880,2868,58fb0e50fb31fa0e4bf44fd057f21fd1207ef5a17d5b07cb783aa274839eb695,002880.png
2881,2869,b92bdc5a7a4ac4e7afc0b2f1f44a4594ac400a572ec3b08239377e741d2da733,002881.png
2882,2870,9c3a37946d958937a53b3da12610af9928abd3b4af0f601819b68df5af0b85cc,002882.png
2883,2871,d0987a778502aedb4c3eed5d4c77d6555cddf784eda4a1772dd7fbde58c2c3f1,002883.png
2884,2872,95fcd9f4ec2b047683cf617127c314ba4ed4f4495be783425da9737b33334278,002884.png
2885,2873,cc83160f3006c70eef47ce4f7d982cb9e4653b1f743ce9a82562950e120a9d55,002885.png
2886,2874,015a846f95a7fd4fc3bfcb3f4b5868d54741f3ebd31fb935cb4a5ec4f274047f,002886.png
2887,2875,6645fffbb75a143c4649e755a6ac516e2758933606ba12f41341385f4acadd63,002887.png
2888,2876,734276c12ccd4b1e1b89ec10664116b2ed0bbaf8767fad0329bb155e9cbd444f,002888.png
2889,2877,5789bda0d160d5bbfe7a0785adbd00778f8196ce38eed36ffdb75c0fa3f9baef,002889.png
2890,2878,f8166f7abede5283df3ecaa6c8aa9f19a39c6e15cef188b214068e394f82736d,002890.png
2891,2879,d3c37815957359c7d69af7dc5c59d6613863b7e192caa2c9331778dd0bc99dfd,002891.png
2892,2880,a5b0975912dfecb1e07e931e33d928c5a02994fb556135f19501417a1955ad64,002892.png
2893,2881,939b06b7ace952be11c4d6fbe3f9c1a56bec3526cfb451f51d84c258a687f300,002893.png
2894,2882,893bcb54809eb3941f509dcc7d2bf70229603a05beba97e22073d401463bcac3,002894.png
2895,2883,dec9683fb6a0100cdc85369e41b7edd1d6f8f494c5f1c5481beb275386d67268,002895.png
2896,2884,a6d53ebf54c79aed631d4026088272878fa9c607167b9a4ad715e571ca27f943,002896.png
2897,2885,2dfcc157981c4e85973d8d26bbb5bebb190bc0ca6a8b24d3c55d8e8aac30afe8,002897.png
2898,2886,646828067c816bd91787b4e1601a8348489d139f33ce34ab2f14bb5d5a29fc75,002898.png
2899,2887,1d6bdb774c5b24a94c45dd87640d2e04b3cc84a724c1e3e17acf0879e98ab5ba,002899.png
2900,2888,2103dd04b478c9da933b370ff23e6cb279c8d5c70a7618e480f81f8e25297c51,002900.png
2901,2889,337b71e478dd882f48cc2a512e65fdc56ae64280bba86fcc75ca632bad53da6c,002901.png
2902,2890,3b73a4374fc8d16cab233f9e13b1d68f5c8fc01588637d51cb9c52080370b948,002902.png
2903,2891,8439e7112ba1047424e925c4dccdedbe4f6b4e4ca0a337e06f17ec5536a4e9de,002903.png
2904,2892,65281f187ccac2098bd657b6e3d93de023c3b888f47210237e01989f2e183e75,002904.png
2905,2893,b994c74da312645a9d16f7ae9b7ab45f168876017e937d08da85e046f60bc203,002905.png
2906,2894,4a0e14c1b5f30ca866bd2df66620bcaafffb5d5af6022e47ce0a622ac3f43dd5,002906.png
2907,2895,c1893e997672f9e4e174373ed5b991a5dbd7901413728a638faca906a9abf7a5,002907.png
2908,2896,0e07498b33c95cf1ecd603d9a8f0a0f497de56245b584e1c016e0060a42ab977,002908.png
2909,2897,99af9f10489d8198850ab1dca53bf339a56f07158e8659c17561433079e82fdd,002909.png
2910,2898,da495a802b829d440a9085a6614b6419bf3fceab791e1081305c578e7db1d378,002910.png
2911,2899,e7e18eaffb6d5eabd18c2596532efb41296b991e2d7da52e9671c1df5ddc39e3,002911.png
2912,2900,de130c8f78524705c1490894f4d8bb3656e2fee367c773c29878ddf4fcaa85a8,002912.png
2913,2901,0e580514eaa2f9b8a3e1fd5ff5433cadf21f2e15c9b0d4d7903c137abc5378e9,002913.png
2914,2902,a7e64a77c85b2946ba2bd3a612965b44ede31f5b38f691e95fd82a9b60cfa76f,002914.png
2915,2903,b948c18f36e2ce5dd05da1b79ab2e8b1e9fdccb67b33098e0d7f405623da5168,002915.png
2916,2904,8fd78e7bec04f6a74d013d084371d51cc8cfd0933116f88742807b980757b65e,002916.png
2917,2905,5e8c3f5b643da99089acec80f593719ab491cd1d956ee0ed2f43db396aa76ba4,002917.png
2918,2906,9f84605fe6c5573e868cf42d0618ba5abbbfff45ab3c175217a22ca1f2c5afae,002918.png
2919,2907,862bc7ecf33f60aaf74506b9f98004446cd8132bc7848b73175ddf98742cb535,002919.png
2920,2908,a6abef608be9f6dd385dccc2b30efbab550e7c0099ee2580c6f4537b409a978e,002920.png
2921,2909,bb7c5a9fed78dd2b64b3ab72f4f4a78176edcea081d6f8ca2b901b27e364a17e,002921.png
2922,2910,e29cd606b80939be61a71eb8caee5d334ca734d936b20995a250a9673b0f4255,002922.png
2923,2911,95dc2917165d803d60dbf2c819a3e8178d4fe324b48a73167a938262c2c4ad66,002923.png
2924,2912,98593c0acf338cd911635b1163b3f64cdb430f32893810ddf597efa288b5c00d,002924.png
2925,2913,2c6c824f57a75cd11996e678c101ebde10d0667a85b2bf1bda626646f27da3ec,002925.png
2926,2914,8a7cd0edcaac6edb50b0c8082701cc17a0caa5ffac409117b9352d0e3f6e1063,002926.png
2927,2915,d5b691f65f78ebc51c5b75ef2ef5f203d57e72925d92bbc1c3bc7dea37265123,002927.png
2928,2916,3470d2aaacb129a9506b06f47169d797e9194d107b372cec504f68baacfa08e3,002928.png
2929,2917,87f4e3b9f857e7f785ee7cf9748de831ab637e19b5d8b450bcda0fad66f7bf23,002929.png
2930,2918,9def869df996cbe19b9c14196074763973f0b5fbb25079a1396125dbd8daacbd,002930.png
2931,2919,82bc0f13360dcb91a3f82d03630032a193ebffa1f978e23adb36b1136b69be7e,002931.png
2932,2920,d42745ad7910730ccdcb41b46ca808bbc79b077ff19f01c323581411b7e91631,002932.png
2933,2921,22f47ab5c52eaefbdf9be26472338df21ba9288973d72acf209622e2f26348da,002933.png
2934,2922,23db7c2bef5fe5eca314ad38dd1ecc96c4216909ecd14afa44f5644838ca08c0,002934.png
2935,2923,7f51642d16ef2ec3878ac4e0b91b884b14265792cc3342e912a5845c40ecb7ae,002935.png
2936,2924,96268b36bdd4166848f7db00f49606df54bc3c4944ebe667a21a53f5739967d7,002936.png
2937,2925,97fbdc500e2c5db7e891e59ede37b8a8da2acabaa4a6001f65f119010788ded9,002937.png
2938,2926,bf48767e5a1dcb190b19cb398dbf451c4e66eba2794a669bb862cbcceaba6d07,002938.png
2939,2927,fbc8d4070a257d25d22725874177eff804b106d2efe0e62679c470a69828ce6f,002939.png
2940,2928,eb7f802157756e1ac65162d124d151e6fcbab8613ac78a25e571b4f246e2e121,002940.png
2941,2929,663375742239189fd912c77a2f15a9c8040652c46eaba15d6113f7500f5cff41,002941.png
2942,2930,f1c3d93f566a5697ada0ff92dccede2d38f8f863cd07319c63bcb3ebc75c6943,002942.png
2943,2931,439600ab64cbf2d9c7804086bfc61f46db1e98f2b1b3ca4fc9311be38fc7a43d,002943.png
2944,2932,e7d47feec1c183e38265409c1a5c15c48a4a37d6379b0ecf1d9f17a06cde8e16,002944.png
2945,2933,704ba986ef4139c3973080846e0c4f5fd53e4c3733e8b1f4b4ad8b64c804bfba,002945.png
2946,2934,4aba9a839c1239856ffe166970b59ee8ad65018c9e064d0d56ef22b55f7aeecf,002946.png
2947,2935,abaecf1b77e4eb7d10cc5323723487c9e0e28a3f5b0d3f667e84daa44a0da321,002947.png
2948,2936,3d2ed562c07a1b57c5881fb54ba942473170339654c4fdd011dd370f74024984,002948.png
2949,2937,03e5b33d0f760add3e8be4cec39139ee3e1bf06d59e4fef24dcd81f5303ae088,002949.png
2950,2938,9ef8b3e10f275d2ecd4021350f0349cdbec53b9b8ad0a214b5557df63b3190b7,002950.png
2951,2939,7b356264ae98c9d9bea54d7c0fda50e0c714303fb37de0353e3b1f34c92f70f8,002951.png
2952,2940,46ac163c01145caab2fa28154c3a4961f398812226f614f6fe6be90c96a9b7af,002952.png
2953,2941,63fb816531fd8ca4e4e6902621914116ba2da57a19b11d905d3ebd0cfdb14f42,002953.png
2954,2942,47c0563fe6b0466a1ae32b49e36019e2a1c52c8a1bc544c4271bdf83ef00ad74,002954.png
2955,2943,4e2f6259b6da7b207fcf9c17686fa2ac00a52f416106ae0bd839d7574d64c692,002955.png
2956,2944,62e329b4acdf297b90213c1d2242a96bb91bc1456aa0c5c65f647578002a104f,002956.png
2957,2945,fe95851c5c6361116a4684cc8fdfa0eeec70a256ba99eb0eb320283e7bbafb07,002957.png
2958,2946,c8186f440ca7701f3f94e82a55dbbf6db4c8d8a58388378ca13b5b7f23d7da04,002958.png
2959,2947,c337b92ad3dd17c91c08f21b7bb10b8a371b6eb2a2b92434e43cbe72a041854c,002959.png
2960,2948,ccc77f58b2b221a91a5c128716c6d4f36866617134941a258eb594aae63eb8b7,002960.png
2961,2949,d9b1229f48e16811d75646e136b8ffbd9cd5e60eb721c20b7294366bf16fe396,002961.png
2962,2950,57a569a8ce10a029486356baaf122ecffdccadb22a0287f104c8e92e2ff3978a,002962.png
2963,2951,d84a32f36128b8dec9c0f673dffefaf7894ee424d83a7db83bcf7599b98491cc,002963.png
2964,2952,23e2444262ecca7960c57d679a4ba4c2e87f592e94faa009576e70d1cd4d3b74,002964.png
2965,2953,27ad07750393c055369c86b7f8d97dc11461dc27fef05cae9327340703322023,002965.png
2966,2954,c7adfbe403e248f31e08cd971e6c2731eb052c2f410cc8b4c9d58532b48cc880,002966.png
2967,2955,5b64e7861ab945bb700cfb416d70ac456726f07c87bfdc1ad3602d89859f2a71,002967.png
2968,2956,df67bd15be5e448ed72cf84d5b844ce580f5b2b2efd633b05b0b06eb48113a6a,002968.png
2969,2957,f57f3ce397fb83834449a68a07c0d615b55884b5f201fffe9bd17bacec48fa63,002969.png
2970,2958,ec6ab3b904fb450871b8a15ee7c4e5d56713a7507bad3c86ce70cf9aa1639784,002970.png
2971,2959,1f84a0dd517f27e99b3050990c23495b43cd205963b2d32ee2182bae5ba35df4,002971.png
2972,2960,ea466eec3a5db956dd5d5a2e9e1e0ca6aeeeefffa568e1b39355743418e5559e,002972.png
2973,2961,08a269ecc549bb30e74a84ac8cb64002a44686c4cd740f243b384ac1995e0009,002973.png
2974,2962,57fae7afffd1819f94b502f84ead5449b4bc00dab88bcfbefbe6aa4cf92fab23,002974.png
2975,2963,d19b545261ad24559cde8bf8bd761c82ebf105c52ffb7f7e2bf0cdce73cf0b98,002975.png
2976,2964,c26ab381367d5cda2a8ef97d42932b7e28ab8bcd5cce540e7dc0a382d6aa9e8b,002976.png
2977,2965,6db72a5851a22ebfd1760ff4798f96f17a6ec0aa0e86e0133a4d258d20d6d628,002977.png
2978,2966,4a728fad7a9c2175df35ec6085c670abf16ab578f91ee725e93ca1e599b40477,002978.png
2979,2967,ee37fcbd00fb7c8d5b5578e56eab1e0710c45526e72ee635cbe629fc0890affd,002979.png
2980,2968,de86ea4184cb81a31608fb7142864cf5678593838e9cb03c24ffba19b80a7a1c,002980.png
2981,2969,9e7d2979b27ea8b5b1102d8f4f15463e6c871af11903efa109eed3808d88e3df,002981.png
2982,2970,3df18a3c4fd71dd87b94635b7206d1353844538c8542e9043ec8ee6d8b67ac7e,002982.png
2983,2971,4d0c0a24fb9c2a2cf6723c642ce03ef03186d28a38eb6808350c7dd5f42698fd,002983.png
2984,2972,2a6c0c957cf06ea9786ac97f3a145b5e96c3bb246867db96c50a823f7a92c28f,002984.png
2985,2973,ee566a00f6e7397ae5d8843fc8bdcc2a2d14f885bf89ebdee52981b1e91fe942,002985.png
2986,2974,f82ac39b3701e8f313ceb9bbcf6574fd496b7a0f288e542d205d2c3455af442c,002986.png
2987,2975,974a63db60360b89c29686032e8b1cf5271dcb83e69fe6b4a9b419ea921d5a88,002987.png
2988,2976,2e9a29966f80b2098a9a99090ca4db560c93bbc2a53a0b77d0fb2e4009759a83,002988.png
2989,2977,3f0afdd0f252096293d24a67d6c33ffa4a43c6b5cf2e734dc1eb54463feaae24,002989.png
2990,2978,fdfbc70b2b6a5a9f929d067fafb8b1369c48d4e616327169c8dfc1bc8bbc1d04,002990.png
2991,2979,7e0aa079a020ea4da552fbfbeb0faa1003f4c5a69a17b56fc12476ed3a8be034,002991.png
2992,2980,ccaf25bf76f039a7e131f6cc5c1ea764562498bb801555aaca287f70615a1581,002992.png
2993,2981,007ca3a18ec2880dbe73de8e0192be10b7a8833735cf631f65712497ceefe145,002993.png
2994,2982,be65217f59969036c2637f57e9749b02cee91302351b13018d54de4e130c7ff6,002994.png
2995,2983,08ccc558ef0a961451d8769f65664e83c42b2d445e4a101a6613856a76a25b56,002995.png
2996,2984,a208dfd6902fbbddb754d26f98c7ede7b80951b393c2880e9ed84805af02c708,002996.png
2997,2985,ce9030b5dc255f13553c8a16269d043b91729a04cbbbd20b07596085c8ca647e,002997.png
2998,2986,f60d5ee939cdbd686cd407b3cabd548429ea5c169af28605384f5978634ee9e8,002998.png
2999,2987,c5b67ad3a0fc859a0f53ad99a98542096f471ec29abfdd854c0dd3f09c6b5b3d,002999.png
3000,2988,e36fde9bec7614101fea1adae1a45ab3657806d504509e15ab37c6cb73d4cb39,003000.png
3001,2989,139a0ba5f461f7f26c43d00cad4c80606302af2225b9832c79c036b3f676e9bb,003001.png
3002,2990,2b009deb6f1408ca3b3eaabfb7bdba4fae9fdc659719981436ec702135a64a1c,003002.png
3003,2991,20438a1e6887fabc55210c2d985977c9ced2c82c400b110cb3818a68f0e45b36,003003.png
3004,2992,0d947d0e9d72c368a512588aed6c1c50c9ad3d9976c98af336e6d87af2b7d199,003004.png
3005,2993,01718814d581d7d2534cd63ece88af91c2a847ea32ba5fbee304a7538da9ed6e,003005.png
3006,2994,1c4688405fa3087fe7deaf185e33eafadd0d4a4a9e601a856f3d290131265899,003006.png
3007,2995,397dfac9f1057d7b9f250451df1f01aa9b4cd67a3ef4c35135edce63f0bd506a,003007.png
3008,2996,7fef9a806e4980e65c91657b9f41f5d9cd23c6222fffd620fdae441240dc9091,003008.png
3009,2997,55d9c9869b3cfac3721a158c0f51dc99dffcf32f83eac0a9b4434d6450c7d142,003009.png
3010,2998,a584181b2ed3d825e1a74202a3846bc66442974c98037127588074a968728ed1,003010.png
3011,2999,c4c19508a62bfec2541844431dd8fff3607a076f9906f07761f536843a72feb5,003011.png
3012,3000,1ef9d09e26d80dbf1b70a47ae19652a2facc7ccda2ed17f90ed821956feafbed,003012.png
3013,3001,6974fb8a90ecb1787fc33350a9e8c6c7e3d04d449fbddc4e2125c5e902f9a470,003013.png
3014,3002,4fee2af7414bad3c785255cf96cabae0d0b20b10400e02dc189bfbf45cbaab4e,003014.png
3015,3003,cf8d4f5e68448335aaa524256440efaf11a303c7ef890e0eb34edabbefa3fd93,003015.png
3016,3004,b927fb499c30528a8e47efeb3e27f4d615296c3727284599f98b45e389c57306,003016.png
3017,3005,650933fc06559309364cce9eb7c0ea216ee59c1b73494eb14ef852a69068c37b,003017.png
3018,3006,e6f57fff1de079c62c731b9c9971fc0fc07c0e5e551c164e606949fd24f9e941,003018.png
3019,3007,f28b6cbf48e536a42f59fb5f76fb44d46ec9802ccc96d457273ae09e0a059853,003019.png
3020,3008,61363f2da0e312a7f020f51d2f89979e701eb4c5b13ba2f1d113b9b9e0b8b29c,003020.png
3021,3009,a10f6186fd1f517cd6614a93512b9a759aa15449b6d63b1e96c2c8037f899f03,003021.png
3022,3010,9751f626022c7a9b19f2ac974b4611fde3f95a78146d9597eb8919586dd7991c,003022.png
3023,3011,3d64928fcb959d5fc75412dfaa2fd37f0dd85b725b55b3e0337831c16e92a2aa,003023.png
3024,3012,74ecdb977b2db7caa1ec4fe1ac74ee17e45b39c42b38c808e713eef7a5a8c662,003024.png
3025,3013,f51f05344084a0336e94faa917718a9275f4048d3cba6ec8400c946e56a1429a,003025.png
3026,3014,5a6cae12a7cac60c74639b1ad851ff08cecb101284bc9eb1dafd7faf0262ebac,003026.png
3027,3015,791d8436fb24bb19d72d4365ddaceee37a2945e60214ea60c355b65884c90ed3,003027.png
3028,3016,9add32b3530ccb8cf57eaa4939665ca93676c011973962eb7efe72cac17e0feb,003028.png
3029,3017,603e23639939ce119f7b0124923d3ce29b4d2db158adac56aae2c2bc91920963,003029.png
3030,3018,f96bfcb20a119e4902f4be0824cfa05dea8a19e2fb6131a577acadd57d18acdb,003030.png
3031,3019,786e836483a994e798c7be07964d6f172fcfe58045f834b0ae88f59eddf24bdb,003031.png
3032,3020,48f2eff87e406acf73995b00b14f76f536f4bdfb12e54c0419977332fa90df13,003032.png
3033,3021,7a595295f04379f970e948ed0cd4e06e3a32d357a4988cd9039ea46dcb0b25df,003033.png
3034,3022,5ffe6c21ab22e65e1dfee46bb47841f481cb54d5b70aa617551291e6fcf8c3ee,003034.png
3035,3023,210557d70cc588e100145d10b13d06b8e0c48b36f30072bf275da15bc1ea385f,003035.png
3036,3024,37660af143494476a7ef8898022941fa8fb8e16c76eedd4ea6e0a7bacc6cfd50,003036.png
3037,3025,1ec4dc479c210c1ae65c0cb159b80ad43abaf2f472f5f212479a5965257cc037,003037.png
3038,3026,bb52ece8108070193b3fea5f4880fcbc26485f81a5ef84b5492750afe7edfcef,003038.png
3039,3027,058af8b1835b86e5ab11075776b98f882e7a3bd12671b1ee229154c5a233ebc8,003039.png
3040,3028,b687bd5c9855c9894911ce58f6e4a3eb5eceff233397fbb15458806ede872101,003040.png
3041,3029,3d2becd6d699fdd2cb3c10c1139f8a7d8b5b5e6e7acef51b583aabf0ba7e29f8,003041.png
3042,3030,88def215f62d11102d8ac38fb4b193e2d799ab6cfdad62770eca617733f4cac1,003042.png
3043,3031,28274c9eb48280e7a463dce821f067569780e2ceb269cf6dd66c1f180342592c,003043.png
3044,3032,3fdc232f950bbe4f4982e99ea3edf295deb7db43a0271a3df3f46127956c18b6,003044.png
3045,3033,9a3315d50624ed385d7a11251cdfe55da7559fd9992839180033b99d1690ea90,003045.png
3046,3034,3da7521a8681e7cf7128ff63642ce57b84211f3f0aa2940e495187577e531a42,003046.png
3047,3035,d6f1b7cf9eb22afcebac48df4a017f9654c7bd22261769a1e26c5d568443abf2,003047.png
3048,3036,d8bd33399dface16581dfe4282d006feb883e5708a960f73ddea3a7f783e72e8,003048.png
3049,3037,285982aa9b2c54095658f923f8cdd5319c42b21d9625e17663ced13144f13b63,003049.png
3050,3038,794324abfaef68833319f664c219b7b4f798a9e6ad172e7d687143508851f2e5,003050.png
3051,3039,33a052f70cd728623b3119de4e7cb854b48914da5897285cba88a3a0a38731c0,003051.png
3052,3040,273b5da341fe030646c90bccf559b9e1cecb80b6558c3e1353f4f3f11c048020,003052.png
3053,3041,8c3bf847ca6db8b1aa7ec48c21b6a92d2533db51f8a9cd1123f401eddb34a3c4,003053.png
3054,3042,102c7da6d7059aeab588a9a982b4eed155368423727382e830b612869afe4352,003054.png
3055,3043,324eb2f25dfeb326f13824ba8c4cba4632dd5d32c3d51585dd3e299ada7ca63f,003055.png
3056,3044,8e2233417d104c90252c2d8ef897b98b15846660f8e2f0c25d1a0e0444cd4461,003056.png
3057,3045,17c1412f45cca697c51b4a3083ce667fcdcd656dee87ea8617bbdb093753a48e,003057.png
3058,3046,30603c71b2641118023369105f2c1fdbbf5b115c6667a3c36b4f12cc9f58c7d1,003058.png
3059,3047,78e2e03fc9c4188fe94c558ae3f8e6acb5b04409875db172df733b526c79f9dd,003059.png
3060,3048,5174c649292c14955f25facd5c6fec4afdd93c60e6755258f56f4f9ce261a16f,003060.png
3061,3049,610b2d68ae03c46ed8581ed20d1870125cb1bb418c6c8e06779b2d4e48f91346,003061.png
3062,3050,51c2fe2d701e0f8a67b8519d09ee198ae7273ff04ebb6fec616da4679e5d562b,003062.png
3063,3051,a59de7b5b57feb8f09fc3c822c0e7af11eb420a1c99c0e74bcaea3a1ea484099,003063.png
3064,3052,ae7d0f837536c0700f2e6a752d8b81e9786b399c11c5650715adf9fd9d07195e,003064.png
3065,3053,87e4ea1e6bc2a8d46ca87d0b9a0031416c89494e58c53a59e590d687d9846338,003065.png
3066,3054,95723defff89206ebedd393f0ea389f1e8803bf7cc32ffc4aa38c57af53a6c8e,003066.png
3067,3055,5995d955fe95b88162977700892b32df2af0245d73a5e3f8fd1945109f24236a,003067.png
3068,3056,7e1611a6f74cfcd0b3325e7505653402dc75ec55b32e8a6eb937d05ba765b67f,003068.png
3069,3057,fb414186cb26acd8214212c4d181e2d50f86c4eea8a3eaab40c9dace9ee6b2b4,003069.png
3070,3058,101ef01a432f109feb11c7c5265e6f58823b42ac92445c3632e578152f6d5df4,003070.png
3071,3059,2e068a4a7111ffd8f0ae44e6de87d1dc39c390eac6543fab323bc4374d37fb28,003071.png
3072,3060,d23dc6d8a9887fcab2faf56c5e6917a6c12a2afe3db1774a51c4cb59bc27eb0d,003072.png
3073,3061,3703f685b040edff8322d50812a1d977a14a22de3633a7c0bf75347b35a68ea0,003073.png
3074,3062,5b76b51bbdbc992be4a326b955109d9fb4e7c85e46dacb9d8a09605106e083c4,003074.png
3075,3063,2b1166605a72f0bb363202442cda42ef66914eadbc76ea0abae02a5614151141,003075.png
3076,3064,a308907bb8eb0a94d17564bd94d91e44fa49eab00660e85271409e1d9ddfce65,003076.png
3077,3065,140d72094ad54c40b9f0ee4f7ddb24d41b23fdcb5838456743b3e52cd9fd15fa,003077.png
3078,3066,d993ff58bf77ae771c4ac18d372666fcadf8cb59f5498254f5bc4992b68f446b,003078.png
3079,3067,d0734c07fa75cde6548b01ced9ad41bef8c943b19bb6f946b31b8904f4314d3c,003079.png
3080,3068,ba40bccf7e150a3ad146963b56c37547a95342668fe94abb14be7da54dc83830,003080.png
3081,3069,fc0109121a64dc867039b76c33d82927a960ab060b6f5869a46d866d9adfa65f,003081.png
3082,3070,d27dbb35236bf64ea13550b004e9267a500f66caccf15c50bc78e2027b2f9f02,003082.png
3083,3071,756b76348f389ebc1f8049080032aea1e1affa8d9aaff3e3588a072ac762348c,003083.png
3084,3072,ce6909cb00fce6048ae13249dc22f80cb23050aaddf17fb0cc29909ce834f4ba,003084.png
3085,3073,c165e58d26e4b945345cb8286c5d06821440999bfffd60f13976690332252bed,003085.png
3086,3074,d824334a1703b245866474c05ec954b05f2006241ad76f770d02a7123fd43d8f,003086.png
3087,3075,701fa30d4b13d41e554b0084e9fbc028ddc2258982b5a9b80e2c9537a26fa9f9,003087.png
3088,3076,d00ea1d805f60da08029cbe72197cb235d5ff983cba23c68d142724443cf4c59,003088.png
3089,3077,81e25718a3b89b45864e2b9d368434820a4c83f1fd38419aa45b9112a2be9ad6,003089.png
3090,3078,cf3a04f81b39bd4ade2127a067aeaede0a86b859a72f1dc426b1ad4348ce0a5a,003090.png
3091,3079,e86a83156348bbdeb6d2ffa3425e764d8e374009c279b4ce009e1ecd19f62f4d,003091.png
3092,3080,66b101bd52682f0299c2038be22c52bf1342bd02defb341f23fa9fa3e23c68cd,003092.png
3093,3081,ee58c03bea5d6cd47f118522e1a8bb1ef251e856e83e711b3389e87712deb340,003093.png
3094,3082,0241eef4e2a27dfa8854432b875063e484bb3f23fd29ae4dd4371ba61e877b28,003094.png
3095,3083,404838a0c614883620c8463d1581a57085ddfa0de797f3849ccf4eba761a5248,003095.png
3096,3084,97dcc8ccd06bdfe10d5d980b9f398ae11269adcd0cc8d20e6799f85612bf56e3,003096.png
3097,3085,753621a6caec6960e611fed12f4baba2f951ca66d8bebafe69a64a70fb91674e,003097.png
3098,3086,ede9f94bb7545d5ffafe07ae7c0629cecc5776e1de7217ab74b52e8ba4c9b080,003098.png
3099,3087,d79058dfba13e45517f264460e373dbb883c2ad62142377f4707c986c38edeb6,003099.png
3100,3088,50d4e2f97832e45ac44313144d6821c57f904383d730d5c806d66ff9196d5f86,003100.png
3101,3089,cfdbd0679f4d457b97836adcea1ecbb63e301c1f80a7919058b79a1f7f64fd34,003101.png
3102,3090,48dbb96296940df7d8892253ecd186c90f8a55522e0331196afa1661f3ff54fe,003102.png
3103,3091,32dee373d55e1b625020777a65cc9cd4f41f7ef8c35db779ed962411bd73b396,003103.png
3104,3092,80638f81767cfcf67b0ad0899bd4b12c97dc44cef7182d2d64697f2066e3171d,003104.png
3105,3093,5026307e90cfc34e54f89d19e72672b061e9994219f1045048b85a35e78379a6,003105.png
3106,3094,d75d625fc82cc77754e8c46b731940063750f107780f9b91d2f132acfffe8d70,003106.png
3107,3095,3666f7604ec655c598927d92a97088f91ff4920be6b0e70d0d2205fc1cc44917,003107.png
3108,3096,57224ea51fe26197b62ef985e6414a615319155091c8d22b7e6e7a34360e0282,003108.png
3109,3097,deb8baf0f4fdc66a9c55cf0e5b66093c0794d2d14ae6bc3899a66639eccca717,003109.png
3110,3098,6fbadbaf4ca21307b89b476fffaa46e5c920aecc1ca99d68cf95b979c873a541,003110.png
3111,3099,a20b3edee4c25f3c056b5c1b9695b5cbdfb82f9cafab7c4675a732de93874057,003111.png
3112,3100,755afe29114ee9ad76451a4ed7bb3d383ab259ab3c5274c3968481428d65164f,003112.png
3113,3101,46d0f6c43b37ac9e1b01a386ef86cf1680e4f826378bac03d285eefeb58aa027,003113.png
3114,3102,a4b7d3bc1af37d39a23a9944f58aa26c3df1ed58b20135aed6fa3f340e999433,003114.png
3115,3103,88f1d766cbe915cc8f757cffad7efcbd667b5bd98d7e303fe6c89f63328fb839,003115.png
3116,3104,5fcf5b0541619a5dd420ebac5f79057715c1e2dd8d8f680c107dc4a03fe5bf88,003116.png
3117,3105,2cb9363cc079c7e3002f20f971a73e13ab3ddbf9d64df62a673ed49d2c413bb4,003117.png
3118,3106,f985efe55e90e2174e62043ff8ceb17587e2f47a69b510d55b1eede8c88f4206,003118.png
3119,3107,fcbbd6a48b1a5e51647d1f29f93c31bed7eb22157c6d791d9b832ae39688874b,003119.png
3120,3108,0d6920e856ab8e6a169d4fed40b0a45223da7f17b81f46c2f4861480104a96f6,003120.png
3121,3109,78c3eda05d57963a0413a2f78ea8b7b7968b1f0c8f6617f7e1f7fd4994d60511,003121.png
3122,3110,2adf755e382b12619b73e336feaec145baba9850af16dec8c631e4a8aa710c17,003122.png
3123,3111,820590c531ef6dc2d43238d4215da260e74d44162c49a2b8259e893244ddbe19,003123.png
3124,3112,2cdd0c9c8c730fb4b852096acdf622e0df4cd7d4eda22413d101c753c675385a,003124.png
3125,3113,e68bf70dffd569045d5a6c0b752f14f0316c752e4d37617c0b812e306f1d7787,003125.png
3126,3114,f262b43dad98d6a4873b0d2860e43bf4a09ddb06fbb64ab28abfa110b1a3c7b5,003126.png
3127,3115,3b85cf2dbc7499d8adb83ef2860d22e9b5a888d38fa662c6eb151aa94d0f777e,003127.png
3128,3116,32db00690e43ba1a6a4781e2ad9e53cbf93a6daa919ebcef471a49e8f7f0245a,003128.png
3129,3117,4b572855070db59a9c3e71e55558f6bd17794b3e6a8383ebcf45385217296ff7,003129.png
3130,3118,5a038efa8995c792723151ddeae0b6681468590c655d8b9ae1915a3440ed26fc,003130.png
3131,3119,61d51e44e16c31dd8df9e2d9be25d500d28ecb21ff69e7084778d5121ecb459e,003131.png
3132,3120,ea8c5e33949eb9a378ab2c97df8ed4178f8a8dbdff995dd9e62c725621c2c67f,003132.png
3133,3121,bf3a2f39364da02dfc0db80876bcf386f0538ab6654e7c8698cdd17245220bbe,003133.png
3134,3122,f019343dc2c9812c04b5ffc9949684113c8ed34736e994c7507dcebdddea3421,003134.png
3135,3123,95d9207e15e6cb231978fa3dfda1e2c1ffcb71edf2709e379d30a0f8dca6c48b,003135.png
3136,3124,ec158d741900535418b01252e9666d7de9a02032b600ba9e1fd65feb30ff0c36,003136.png
3137,3125,1dfb2d792bac4ae07f9439dbb1ecc9ee145ef196ada1cd76cc69e6d1423cda72,003137.png
3138,3126,61f6e0446c078f2dab6a03965d171a7300436697cee97d7f906a526f0798e5bf,003138.png
3139,3127,c885878ca1151f7b9ad08e6b77a78b3fdd6ed4403bf70dc483ce6705b2bda27b,003139.png
3140,3128,593e287e480f3da9fb44c2ac3966d927966c0932d611a9697a6f9293551d5a88,003140.png
3141,3129,b20abbb69d9f84eaf95cc56f73fcaee73ebbd6a7fff7d1511dc86efe2abf6987,003141.png
3142,3130,c61bf87ae2de6aeea9c7135e407a626caed8526878c89e47201fc29edb6544d6,003142.png
3143,3131,0696b30da710bde3a6c5f4258a7df1eae488e44b13a24b8d0ea63b27aac56cbc,003143.png
3144,3132,2e3c0e84d2cf34ece81f1fefc9adfb8a4838353c10bd023bba3ee1d775178c61,003144.png
3145,3133,563d895a6c97f946c69c7845582e82013710dffc8c1bb63899a201d4bfc12b60,003145.png
3146,3134,97a39391f30ccfb13377eccd770388c76ffc48119beceb3e590b6a4d27d1f928,003146.png
3147,3135,a99bd794aa7e39831d564ffb22bbbc8403764185e8f5f989b28e02e00cde0a9b,003147.png
3148,3136,7652b47bc1d0ecc6cf7f2cbdbb880eb28caa4b31714a17d33da2323ff8624f61,003148.png
3149,3137,227f27c0ee213b00b27a091d93d22ec5706cc3acc0003992b0eb678f0d6b6cc5,003149.png
3150,3138,d4eebe47280291a07002d2bae7f7474b904430efec8d7fd9a8fc01d1187544c8,003150.png
3151,3139,e2bf00831e60d7d374a802d1265707b291c2a65a6aa8f345abd0639d8663ba0f,003151.png
3152,3140,ff3288d2f117876ae9f3bcafd3eb63f839a181e37b8be45082a25cbc5772a28f,003152.png
3153,3141,5c51db69995a202937bafc1d923d4f6b81055da2bfa23369ef976fb4dcd9b722,003153.png
3154,3142,6d46743df8905cb6e7cb55aec6f93f1c473616aead406a517ba25ac5b4febfbc,003154.png
3155,3143,59c7a0f821aacf17c93a6a2887435baa311bb2f010469293d3c45fae71976e8a,003155.png
3156,3144,2c6d25cf70ce270697d6bd0edb6b2e15bf614c1b70ed4a13fe7344d1196830ee,003156.png
3157,3145,e370e71ea954f8f8a9268257d35262bc10b63afc907319fedb488a6ae5987a4a,003157.png
3158,3146,2f4144e07096f6d22988b2f89568930effd17e435d4e30402ef783dc6ee83e51,003158.png
3159,3147,648799a3683b468ccfd3e0774f353a98da65310ec520d4cb2055029f37a02f8b,003159.png
3160,3148,0453539a9da925ec1a7568c199537b31866a9195143ccf15ca43fef510a33c71,003160.png
3161,3149,cd03d9409b51c9af734449728bbc2a491655a68b49c7062c144f5b89964a0091,003161.png
3162,3150,b17f458e88c27ecff99daa2ee78d83e21036031fd9ff797e2a70d9c33911adab,003162.png
3163,3151,ec0c238117bdc505b8f0bfbe18f78c128d39d6ca777e7155467f8dce2344e062,003163.png
3164,3152,47418fd6b23ac0cd0a1052dbab2afc6eba094ad2ea13bf9fd9cf6689549ae27c,003164.png
3165,3153,c0ef40da06845cef7d83b597bca24c45ea2db0e1ec12bda3615b5594ac9d3aa5,003165.png
3166,3154,e5f5591cec59a2de48c981d1442fb7fa8d48e318bafad028e935d676bbeb1bcc,003166.png
3167,3155,256827020564351cfca1e7e38cb8aa095d005e74af6807ca591939140742c4d6,003167.png
3168,3156,376d2ae9e0727f172a96dc65fae592750b750adbd5f91f2ccfab975792f2064b,003168.png
3169,3157,ab9c885e951e58578de2895eddf45ead27ce7a973fa4ca213ab46c6e8953576b,003169.png
3170,3158,142a261a669ff32e42dcb6eb81b475b06b62d59d3e977b6984bf06eb83591cd4,003170.png
3171,3159,e38184dc4db07c6789cb869dda586cba3315d018d3e083a97950363bce0860dc,003171.png
3172,3160,3ebe563f41f805fdb0073f7fac5a40dc47e467c845ae8118b9388589b26e7e6d,003172.png
3173,3161,4cafd0534283fbc73b03c0b2217c4f02d88031733f05f70a39aacbb6c033c19f,003173.png
3174,3162,f7920c872ba727af86f0da880ac1389cb78d9e161625c65d362561dac62c050b,003174.png
3175,3163,f9f7e2a84b481bb1f9b5a0724649c13a28da8322b5f24764a0d40f9835525bd9,003175.png
3176,3164,9e6dfe4fd3811745ee0e3b0a6cab68045795d7b20d4ea5e77aa65b2d5ce1e0f4,003176.png
3177,3165,134b2e01b7723c3783ff34d1cbc322ccf4dd4fe0178d516ebb3ae37997e912e6,003177.png
3178,3166,21db6b3289df8259b0e466e248c29542973e1bf9af54070d895b65c4e25120fe,003178.png
3179,3167,63e6acd6166f9ccb27aed0a7c151d0443b9005aee26546be02db3cf8d0753015,003179.png
3180,3168,c7a646cee97b78559ceae62de4aa68a5fa756ef86c47ad82fd27d09ab6fbb31f,003180.png
3181,3169,1300097dea018f3f8c042466e41e3e13e028663638800291a8e720aecf716267,003181.png
3182,3170,52a4460a1d0799747045e9d53a2e13bd2b054c38f5c726d48c7a2aa8c3fffd8c,003182.png
3183,3171,dd1dc51fad86e366663e56b519f9adcd528d6138e7818967ddf7803a751378db,003183.png
3184,3172,8214be34367d64c760eada2179405bc76041f83ed33b10e09b356a6b12bbcc6b,003184.png
3185,3173,72c1e9e6dd473b1d64624dcbbdeeff5fb4eef91f5e787d8d02ab59d748ac5fd0,003185.png
3186,3174,399704f6c287dac8a454279ff94babc76a991dde922b52b69ed3ef11b0189923,003186.png
3187,3175,811006e856a26468748f60833817f9192276883a6770682d73521c67c9a3d7e0,003187.png
3188,3176,8d9f17fe8310b6f3d9bdbfa634e42e157841f30184d1468984467c9d54e697b6,003188.png
3189,3177,0c6804a8e27b5d52cd53e4e85a51cd83bbb9a4f024d2117481e42d47d09661a2,003189.png
3190,3178,a1e4ec139f318140615c33f19ba752cdf3df952564147d47331897c71c80b537,003190.png
3191,3179,7561b28ddeb26436a25906279baf66d6177cbfc627fb214753d250c04859ac22,003191.png
3192,3180,1aa93a813a64d1b40d6c39ccd19a98b92c701cee4e5f64eba992e3145ebb7197,003192.png
3193,3181,ef95b44ebd06d070756a34c9ded0195287cce0ecf54a892b58977fdd60c6c4eb,003193.png
3194,3182,9e657e89c230860af6cfe799eb080578d99b2328ef05b823365c04c571a50f9a,003194.png
3195,3183,c3c9de85941bdf186d0df2587f3685edc2632fd9301c599f2687371b2ab0a75f,003195.png
3196,3184,54dfee9e019192f81d785185732b039c14af16e867799a7c5cda776da62791a0,003196.png
3197,3185,04e97e3b67af79b5ad3bde811a7bb9e8aeb4aae70dd30ec2b37da12c4b07e61d,003197.png
3198,3186,e693babfcf312c94ada61eaec4adab551454dc59c0bba0462ffafdd6af8bd76d,003198.png
3199,3187,829eac6ae189c409e9f0be41ecbf26e56efa0de4d569b3ab5741bcbf5c75f255,003199.png
3200,3188,8a7aa54e6fdc276b1317c39100ebd0998466fdb0d578aa1d7f2b660d916e440a,003200.png
3201,3189,07d2fed2aa53b0bbfebfaaee34947f4f285ec139747cda40896417c8a7597fa3,003201.png
3202,3190,a42de6540daafb319964442af90b51e00e329c030bc80ec41a703d8f340ff031,003202.png
3203,3191,215cac87feb56ce0ecdab21fb6b4250ff224bbe2c8272b1d8addc64f4334cb93,003203.png
3204,3192,7868d28a425d2e530a040b9ba8121c1323bbb67ab55e1c416f952f64385ff9d2,003204.png
3205,3193,0853bf9e24555ecf891e86a6c56b652d4cd13e989e921295a557992cbab2b17a,003205.png
3206,3194,f9f623721b29a542c94380136348d84ffc5569cb53148be989f55b7963a518d7,003206.png
3207,3195,dd757e092e72a4466187ed4298da8fcf348ab0203f5c818b0fb40907f3ac5f7d,003207.png
3208,3196,a0379cfb5a943225c0e277409ba89a0dd10148520b2a401fdaba497875cac834,003208.png
3209,3197,4932be82d8cd48bc3e46dbef9f22f23a33b9e1fa5d85d5cffe768311d79b9a60,003209.png
3210,3198,5845332c4fd955ce0a34e798cf1b26ffdc2aff860b2c803d983ebe6a933dfaac,003210.png
3211,3199,c635c09a1c648d7150f09e522e834e9be17881d2010631fe9ed1e8c6b50bf027,003211.png
3212,3200,13bdec27d1e4574edf822baab00241d5e5d3e37e0778e0bb0a44efd09af4e6ce,003212.png
3213,3201,9a327eb20dce30ec2c94a81dba3d96209acc89c72f64b98c00a43379083c5f2e,003213.png
3214,3202,bcbf592a75abc8514a0aa81cb27f806ec8dfd3ae37931e68ac8cab83adb8cfeb,003214.png
3215,3203,cad142d8a288a5dd173a2154f9a7b0b56e1065143f16d764edab6a6e4b974b70,003215.png
3216,3204,e25637d2b15ee62d9289ad5f928a2ed61951dc8e6f05e0570b49eb96be622538,003216.png
3217,3205,c4008af5a4c392bd1f9ba2641bef58d83484fb3f7bc26f63105088f6b80d95f3,003217.png
3218,3206,34be23c9e0e1b906237520390a9fada848fa220910e7e5bde205d9294ec8e6b1,003218.png
3219,3207,2bcd93ce8d871a056bfea7ebacdcb3501923b1300d0771d3d8b2c10b00940ab0,003219.png
3220,3208,f56451389a53795408d0b0e96813111b831e312a3876af6580a676b5be8551dc,003220.png
3221,3209,97c5eb0ab421f52c3ef9e859771c072a882342bcb72b3d5e421e374ddb483da3,003221.png
3222,3210,30c311f32949a4d0818a0c626198efe17ccb620faf621d3955c1c6e411cad86e,003222.png
3223,3211,6ba309504b3bcd852d728abd9eead30718415399fce573f9dc50fe8a71946af6,003223.png
3224,3212,7ab08ccf828bdc0fc9d3235c1738ff90e4c85e6dad871e5edc67f424fb43be25,003224.png
3225,3213,d1633ca9756393d1e155de3dcdfcd44da56ccfcc9de93a8c77b41db0f7cab8f5,003225.png
3226,3214,165076b515348b53c3bf145986ee99949ae4427a287bb4f622b8aba10359938a,003226.png
3227,3215,b4f916130e002f98f70b478de154e444d4944781cdfbd0860a8773ec9a287ba6,003227.png
3228,3216,4ad2d91de8917d3e2ef9104d265be6e37fe41aca01556cfcecdecca5cec0d835,003228.png
3229,3217,1d4580fe0e4cbdd1ae19130fe7a6515f4a7f9f80246819fe22f61346c5c7f624,003229.png
3230,3218,eacae067f111a164c2b0144b913557691c5e5f5c224c369a0c33863a9b2e5298,003230.png
3231,3219,848b13b8d2e50d80e812d8a37e5ee821a689362c65a3934ff95299780c60534f,003231.png
3232,3220,51fe0e23648a29c9dae9b6f93362296740b678baecdc99b88786a48ccef0fd44,003232.png
3233,3221,870db42a6c6bf79894d46fa7b278ddd7d9422654eacd6edc856b07fabd2ba08a,003233.png
3234,3222,ea4dcd425159df97418f29aa20fc45ec7bdd032b1ab3c913ea0d9da2fc7f935f,003234.png
3235,3223,5c721e4b3b532a732fc03ffb771df8e9868864b347aa6073afd4ac454156607b,003235.png
3236,3224,d0385e9737b8d81ed6aa5ee4cdf2733f636e86e2c2560679f56aca094a1d1ec3,003236.png
3237,3225,2cac5a1c710d56404f19e8ca282b4cc5d2920d9fdcd941a2d6af9cdce8db78bc,003237.png
3238,3226,347669034f7a5c2aea066088e56f4ae6c3de10b72e91ee69759a35fd2b0415d7,003238.png
3239,3227,cff798a955383247f6e1c81cbb547cbc649a4f122c1af0d833a0c3ba0d22f79b,003239.png
3240,3228,bb956044b8af75cdf811b6dc7ce0f6b721e3bfa9d780d9dc729a7ab3d94e3110,003240.png
3241,3229,056ceb6ed6346cbc2ba5d9128889cfa37ef6ede1a3c97904daa4598153bd995c,003241.png
3242,3230,b3dac63bd090e2373b1c8040accdd94afac1d2bad8f1c8f6551d6ad317b86241,003242.png
3243,3231,f627e3c80d15216e4bc01f6682d09ca7af1f5dcd2d970c99ba14a308c2ff7847,003243.png
3244,3232,1e2feadaa37843f5a8a8d994f7c2b5091a708db1bacce5389cef1533157030ce,003244.png
3245,3233,f57aa59eda5fe303745d1f582624303b36953b4c549bbca2254f09efbc2fbd51,003245.png
3246,3234,e3f1ee73b2b37ccd57e31e117466200a3f1d2753bc5a39b101b186d136671f29,003246.png
3247,3235,8d48b55ae723ac3cbbde5ab202d47f2cf42ee0e22decbb0f3cd21ef224589671,003247.png
3248,3236,69f40c8954722ee46e32c69fb888d546cc0786f5e21bc7ffadc8766122ba9444,003248.png
3249,3237,fcf4d385a51191fecd0ded8ae922dada277f6419991a1054e86c4ff37bb80bae,003249.png
3250,3238,37d18543d11c020f2bde875c5252deec6b430cdc6e23dab06ace881e82ac6ccb,003250.png
3251,3239,0c6e7a1b586bd0e186aa11aa0d0a2e8cf770aaf7a6703d6bbf71dbdc8bf4d188,003251.png
3252,3240,14d193a9234c777f993aef349439d34d26efa9a59175aa85d6100606382a4175,003252.png
3253,3241,cefe6a2c54f5a7f34221f1257a81e1b4c525dfa6f67d26ff8ff177f6249c3822,003253.png
3254,3242,5fa8e31056efdca1eff8570e949108218bd239decbf6b97b1e142165eba31d2b,003254.png
3255,3243,3546507842f537d8898bf743745cccb37d6cbd39754d57e51da528801d191acf,003255.png
3256,3244,99ea7a8590039c2a0f862cbf8479218222abbec0fa9fde84f7cb1a7abc4a438c,003256.png
3257,3245,2c7a4049f93a22595c43d3e2cf74583324f6f7d94752b415cfbf43c9e39ae963,003257.png
3258,3246,4c38ccdb9c82f8ea72d6d02434303906d0833947a0d402a5954f77df37b5f680,003258.png
3259,3247,0b164392cfb095e2db5ca28315198d9e9bcc20b5274bb7f6daea31dcba68d08e,003259.png
3260,3248,ca820976ea7f5930a34c3f81632c36cb5c1ce433cb0c3f41a2e673b8cdb97316,003260.png
3261,3249,57a9f95f9607ab80116cc0b8e19423156708e55b8cfbd77622fcd49a9179cc4b,003261.png
3262,3250,21f58f2601f1d878fc15eadb605d36e0bc5e019974f9f9fd53837e7fb5a16329,003262.png
3263,3251,09fe0c270a01ab38cca82796fed75a51da51bd8099edf4bb8bdb832981728af1,003263.png
3264,3252,c5d30b25c533bba64ce589c756c8a12f2819922e0d13ceb70dc99698b1c47ee5,003264.png
3265,3253,781bec6b47b88801a65bc7ca1bf9542d410a9634b52eb9fe4a2a3954771cd580,003265.png
3266,3254,15ae23d6b6b7966c4c0802fa47d1bfb409f8a174bbebb81ceb5266b1b5a06dc6,003266.png
3267,3255,0a2a4698f6872394d0da5f9f54d4842b26b59fadc9b85832da72479b59ddec36,003267.png
3268,3256,24dc22a1ad57eaa0faa435ddf158af6b84df427164c23a6c65d90886fab50322,003268.png
3269,3257,e193d782f789023bd2fb54ba4279a9ae233c6ab3556bd77d0eec2a0f55d6013d,003269.png
3270,3258,4e7337b6c0bcf0f9e311b0055bd9e5c3d27bef8a8f3907c218b48e6bcf78d3c8,003270.png
3271,3259,6adedfe29de1358f25d90276fb24c72fa4c9cb0c99222b6f059ce301297da588,003271.png
3272,3260,a4f5e9931820a25697cfaa29bffd519471c48b5e00c6a92de137c5bc4e0d4474,003272.png
3273,3261,1d8d9a7a125460b4147eac2cca2dfab7419c359312a4fc2a4bd63c97034eef8e,003273.png
3274,3262,7c4f3c8cd84aa62d50e2524f7e8217ddfca113ff0f5a08e189183a2967f762e4,003274.png
3275,3263,1d7b98836eab2ac041a327595d9543e91baa564e6596d24af5486f8323640708,003275.png
3276,3264,e0e272bd72030ad78df21b41dada3f103f882cd803b2edd697d13eb0950b0f28,003276.png
3277,3265,1e4e8de59f49263667a6395e601dc04141126c701edd13e5b3f39e73a057e226,003277.png
3278,3266,30be533ff160f403435c8b60521dd141ae2520e7270df68b3de393e84baaae80,003278.png
3279,3267,f03d77e67a5f9165049110d8e0a027f36b737c371c343b585fb3c9c85e644a9c,003279.png
3280,3268,91e161b0e634ed0267b682bb2e7e995e101862c091fb731818b9ea726c2ab7f0,003280.png
3281,3269,3d3d82c242536225a116b922e269b6653870b8e811602d409a6086332e1b691b,003281.png
3282,3270,e2bb1f39419a7307011d9ea39466afc4ee8d6e141de4bafccf7fe776b6765c7d,003282.png
3283,3271,226e632d57a154970e771cf2d46eba040f9e7e295142813174b785b1a86d99b8,003283.png
3284,3272,b0fb8d4e387762a779c2906797090dd6878656b9fb3f020324f107e4f3a9bf80,003284.png
3285,3273,4d5f025382b25e57d9b5ce30db6c3af2e8a6a2c045798fdf098ae2f83b545e1c,003285.png
3286,3274,25dac24118288df1738694d268883c1c810226ba094a2cdfb776bea91760f75f,003286.png
3287,3275,22870f371589dfa25a0454a42a7caa70778a349d63a7a25cc7ccb83e43dea47f,003287.png
3288,3276,b9d866a679fcb2e73c5fbf4dd2e8c20f238ad8b1e87925ab448bed21b2cd632b,003288.png
3289,3277,27cb464f8072a6cc6c20cf7d5ebae454800c5eadc51b00bcdc0156f7571f91d0,003289.png
3290,3278,e65b2f62dd9452b2f2a287a7eba4baa7bc387b16ad26d3a131ce54b42dcc864f,003290.png
3291,3279,e4f5153b6a91c7c5cff8471b17de50fff0d8b89ff6fb3bc511a662f46c5da756,003291.png
3292,3280,87e838da132da8ccd79141362aad28b86f4d497103465dbe693fbd924e119353,003292.png
3293,3281,b36a6eb68deb513185d57d637dc3469f37a167f37df59df3ec6410da733352be,003293.png
3294,3282,65dfea18bac05b459f62ae46b6de12006e871f5d597753f8db6e29fecfc47a31,003294.png
3295,3283,ca54dc10ebd4b16d7cae753bfd06516b3e08cdab6ffbe873d49c360c8385001a,003295.png
3296,3284,f35368ea404616dff7f7fb9461944e9f2180de40e8f7f7f3b62da1e5eaddf327,003296.png
3297,3285,cc9f005c3654247378921f1ad792e060bebe1ba6e66f2e536644fc161d6e251f,003297.png
3298,3286,036fbf6302b208b46e9b6ef8c12ec6977317f7f4578688266f7f6f8172d5c018,003298.png
3299,3287,4400bf0ea3f062f06ff60e554599135b3610ce9b22deb1bfcb60ad1eb66102f7,003299.png
3300,3288,19e18508481b9a181bbb6d1fe381fbaf13a5bc1b3741d69724a69ea7d0125ee8,003300.png
3301,3289,e24652f90a5404b9eac1bcc51c59ca628a762835cfbab15c47258ac569b5a72c,003301.png
3302,3290,328659aed2ae6efb1849fe9b11c207611a582ac376048b19a824397f2739f38c,003302.png
3303,3291,4dc3b2d4a93cfb7169fa9de52981a10ffe01a964343adea6018e27c81561433b,003303.png
3304,3292,66791d85b66d9800411ca772619941005e260d8f427fa497d2d9d5bec1c6b787,003304.png
3305,3293,f0d5ca3c3e4cbb7fa3db315584f4ad1d402befdc2b2447bf2a4d5f63ecf7a14f,003305.png
3306,3294,ea57b00f193992707c7e6f22020a9c0202feab0ae4a4e0e31df8a05c390d5495,003306.png
3307,3295,5e2a3baa6958a543651f7e0096de6d36836007eca62736a045a459d5ef8b9f92,003307.png
3308,3296,66bec5db691be3820733709b5836b041e16cd2f6b8d1a38cee08672a364d67c9,003308.png
3309,3297,7c84d6400f62023ea010f3efabb4e017214b0828243d85f882ba816bcf9750a8,003309.png
3310,3298,1fde68ec370dcbbc35cc14feb9e49788d6be98ff26dcd8a2ffcadb51456021a9,003310.png
3311,3299,5b36a9d213689570da9c8debe0e70c4c6eae2e45b6db705923d72ffdb049c0ff,003311.png
3312,3300,c7ea7dfffde549fcc19014c7d3a02dccde9f5aaa7a6d5b4355f3f2f33b2b0b8e,003312.png
3313,3301,9e8f90ab91d702562789d5435a53b7c2556a25738bb8120e49c41e20a23d122a,003313.png
3314,3302,439eca6c7781ae3087f791328e1a07c66d38005ab449196bb931fdd75583d17d,003314.png
3315,3303,5637ca7445867eef60ab7e4343f18724cc64a5f56a80d4656a996a164ee4ffc5,003315.png
3316,3304,e06971cfa3758f03851209a75188ebc07927819790cd9c87813056e03200c455,003316.png
3317,3305,5a52cb8e261461c79881373e4cfb01eb347ca10fa28b662085547d38f453530b,003317.png
3318,3306,4a424ec2ee12caec499d7faef354e9f96ffc4d8df118e0694cc7d6111192618b,003318.png
3319,3307,38050380644704457786ba1b4e59b7d82ca82056f7c731969f639d80bbc2992f,003319.png
3320,3308,fedc711a18939bd3c0bef977cfb09720a383349f7e52c7194c0317615f03fb07,003320.png
3321,3309,f4c34b213efd8c1edaa41d13c2fc308590e28e7abf0616d951e339668bb7b648,003321.png
3322,3310,4b531d2fc3a7f9781665940df3071ed1204982b4667ac62988c593020f41ffe1,003322.png
3323,3311,06bd081df039469a5795ad941ca5d242c75ae0d2647b2818da575239cac04723,003323.png
3324,3312,d8edd5b88f147417650985e069a4a165c6ffe7ad2d469315e6717684cebcf96a,003324.png
3325,3313,0080aad720663785c07a5406cb2ce152a91c8e0d91d1e3f56270b81920c28a4d,003325.png
3326,3314,2e05f40989d4cf99ef26468846cbe0f734059b62815217f12ae994e74541b03d,003326.png
3327,3315,03f5a17acf1a51ed3b53b4f5da3f8be529d63cf99c0d38e0735324df2c59466f,003327.png
3328,3316,0d5906aa7dca5e4dc96d3991a7d86cda9388b08fc58043271f57285e1a0175da,003328.png
3329,3317,0b7c6d2ceac1a5fd06d659b7f936bc5cef83c352925077659af9fb246df5b4ad,003329.png
3330,3318,2d535d98b6d5a93c4da5214e1457ba553f973e072ba0d6739939e50829ffe836,003330.png
3331,3319,3568cad6995ad386625a2b809ec991ec4432a644a6e2612ba43ae061f8e6fb77,003331.png
3332,3320,ba1fb4acd5590fa406ad125714981491ba5f0a727cadca8cd62c8203749a1b37,003332.png
3333,3321,b39930a6f0bc23aab4cf8fc77d44a7dfd7150bc5995182141a89cbcde8338166,003333.png
3334,3322,d705cfb5a0d0516959722f989b2deb46e1e99f8efb38915838c5c63b0bbab64a,003334.png
3335,3323,cbbbc0f6ba8315dcf8baab558fee16cf484fe61576c3ec8df88aa9b63ce9c6fd,003335.png
3336,3324,185cb24239a1098efb934fbf60acfa0381b65c93d420f3e5c99e558f011528ae,003336.png
3337,3325,3b69752e399d3fc1853dcc12d26513c6ca9e06f941401c2edf8b9fce18e4b483,003337.png
3338,3326,7998ebbef872eadfba07a0cdbed8c68939373d7f4f7adcfd0ccbc3d983633493,003338.png
3339,3327,1b5c3b342899e333492dd0eb8875dbd268de134b1eadd1e94cb52ec154ba0511,003339.png
3340,3328,04b2db05b4151d01d0219f4f2ce25b95bcd8d234db825de6e63fb683797d306a,003340.png
3341,3329,849ecc19c2f6c58501b368cbbb032ed5c83858b393416ee63416b11a990045fb,003341.png
3342,3330,d3560e37843c1ada9d699c431ff7f1e458f1a2f732ccb82c2c3cf07fa5e53ead,003342.png
3343,3331,56dc1fd45621008698b962c305e4bbf099f2e8b1a3002892190537033864fb31,003343.png
3344,3332,d5fef13945ce8696bf978feb13f4181b5c1f64581624b8f269e71fdc8be245cc,003344.png
3345,3333,8490664d5e9cee361688f3b7859697d71f4e080cf63531a07c77b309f3254493,003345.png
3346,3334,7c94c1bb51e70c7bb7c4a3c512409cd01abfa29f38f0ae33ed81d04bfee31dbe,003346.png
3347,3335,0187fa795d279af534e4d7bb711991a256fe188763832c1cdd1d88153cb8deda,003347.png
3348,3336,d6160141c9914c87b4cad700a135bc014180758c5d6f0e5fb7c270fb9b484093,003348.png
3349,3337,a1fa54a934db97fab92836981f504190c4fa70e6f7c392f867d86aa07ec10658,003349.png
3350,3338,c9f64d25b9af284d7a2b7f1219f59f6fc4188224343134816669d16344d53c3f,003350.png
3351,3339,14f629b78fd1ba704d5b2352a5f8497a0ed65d7a9a018a310cbabcb3d0d55cbc,003351.png
3352,3340,7ed6e1cb22bcdeaa4abcb0ab5d71b05bbffb6b1f0a39c753c3d7e2a300b0a8ac,003352.png
3353,3341,c1a7bca4533fafc4bd3110f7eefb63b981223ac6d1974075c28ce1923fd0440b,003353.png
3354,3342,dd2790d4586b1bcfa39fa475cc23f70046d94acb11fbac1be88fe70caf06e922,003354.png
3355,3343,18c7ba1ac946648b68a4b94417d1ec3e904a866bc91a8006e03265a967bc3941,003355.png
3356,3344,f0d1144fedc3c3fe61b24671c7b816779d05b9b79dc4b2fe19a2af9caf3e3bd2,003356.png
3357,3345,eeb94bd6c22ad86ae5dc2ff33e645f8ab8d524d161a3ece79befb79ead441e57,003357.png
3358,3346,3b464b4a349419079d6fbc9aceda207e3ab33e3785904c263b5a5cfe8e6360e6,003358.png
3359,3347,b49d0a62232fe8faf034d57ea2939ec1d828199f7b1ea405e24007e76ea5fccc,003359.png
3360,3348,2c648ed7bca02d1dcbd5351fda58cbbb567b4c65b8ea52b789ddf02389cef549,003360.png
3361,3349,b16eeea5c2cf47b547256ebf059ea65842473ca05962a6561c5ac697b32e35f8,003361.png
3362,3350,dfddf9aee9f8289d9e3ab640d49c37172a7c04c7c239a64900c193275ba8761e,003362.png
3363,3351,3f11ceaa78e0fc42bbd518f49748fed050cd30d6df34036d842ea630861380d8,003363.png
3364,3352,95e71fa0b865c888ba1aac81abc1ba2b362208edecdd84a0867de02190be787d,003364.png
3365,3353,51b8e6c43c22ad7b2f374c57780da029387f2c77cb966d09b075a2c67212c29b,003365.png
3366,3354,b155beefd589b1b29a3ee0dfecc3bb9a8045969a3d283dc30154a10c97343ea4,003366.png
3367,3355,f9ef1fdc9b1ae1b02ef374e4a0eb6cd31c39732e2694a4c31c27168dd201bea5,003367.png
3368,3356,70ea816bca995ec1a4c815554aab44cfa2be083cd40352ea9c912150fff2d04d,003368.png
3369,3357,de6057cafbad6c12c1a30bb2cb12d84105654eb9a51ccdc0f3b71cbcc56c7b59,003369.png
3370,3358,c1758725714719d0f40d25be6fad6b7549c919733849e250c43ddac49c0f653a,003370.png
3371,3359,5906176109b30160ecd0eb306d9cc2afc87d4f62a768dafa68ebd672d561b1ad,003371.png
3372,3360,59e45a4051fd8216dd66369c33efe08ec68a139603e8d2e29dbd750aeccaae21,003372.png
3373,3361,994db1b38981dff3504582a5eee1e13b93c70df06788d8485f131bf918db4a72,003373.png
3374,3362,ff28b482de8a69d694aa01040ae8716da6a6dc0d566cdc83bf1946409babbd6a,003374.png
3375,3363,72b21ea7d470b6550ebb3eda49e0431b491525d5f7796a313cb30a37b7eaf0e6,003375.png
3376,3364,ac71d153fa27a4c11d66667d21bb044e4f47c5819afe3e08d7353d7a57397ecb,003376.png
3377,3365,2b38c7cb7846d97f305ece34183417cc9be5cedcbcaea24c88705b5c8a0ac2d4,003377.png
3378,3366,1617cc15c06578f0996c09e20c5409fac256749b2e7b0aa10bd8e1e9f2f40115,003378.png
3379,3367,0084f10845b356a84b0d1750f9b13dbbf2bccf48b86f49dc0fffc42e6d374c65,003379.png
3380,3368,edfbcdcfbcec168dc7250cbe9b02635167ab64179a016927dde4503a292770eb,003380.png
3381,3369,a766decc1a12e479402b0bb6e7252a9af678a6948a89f2fd138c4129940f9216,003381.png
3382,3370,ecc1f98b4f7645d477eb654e63bbd680d04cf4cd71bfe1c9a09d0a18aa8235ae,003382.png
3383,3371,5fb19114d5a1bf9f973db368cae22422c8adc1aa72fb87c85360716f6bfa4bdd,003383.png
3384,3372,e9e2381c5128273193f533b98cc0e64471c66306bc4d2003de5821f0c6b07e77,003384.png
3385,3373,79aef4f66d3fa9eef13811ea2433ea2897c93c67c92eb6168856179793998b21,003385.png
3386,3374,e8342700ac486b815bbe65a8ee460a219f27a637a22c81dab2624cb4e315fe08,003386.png
3387,3375,102574b4b73fe38f2e97a7606ac2f1fb892f442a7c5b986a41bf4013f5e3d277,003387.png
3388,3376,876508a2712f22c09d31038006329a3b85a21ab68104d4ad33b2e3db9e9207d4,003388.png
3389,3377,82cd1b44b296111c48a8d61de681b7a40aa866d5b955316be34221e52072977e,003389.png
3390,3378,cd288b49afdeaf5be5105c00010389ad72ccd2f15417f929d37edb96b673864e,003390.png
3391,3379,562d699b99d80b47fc3afd2409d4ea660163ffdecb65d009854d2e254cc4fc19,003391.png
3392,3380,c5bd11bb73ca8f103dde9871fbc2dd3bda4e590d4ed2e00d998fb9cf7e557b65,003392.png
3393,3381,5645811ed69b63959c78d0cec08b34ac9ece24d70218a91f814d5a54e2cd552b,003393.png
3394,3382,fd7b2b893af6a90f87a6bc75ebca01e57c46fe028daad15a2e50c35e79d03a3b,003394.png
3395,3383,2a18d068832958db48d7807490e05872486d185174f5a83b418a924ebda89d7f,003395.png
3396,3384,5b91ab165437d26d2b4213fe808466bf047e4d7d044b285cb11358bde74dd63a,003396.png
3397,3385,1d8144414734bf5297d31e828daa3adfc12caaa0cfcf9b6466da369d6e9fff30,003397.png
3398,3386,2473aa0d66a4d3c262fc7b17c1245d018f2197f60be76cd50866c6f536a1fa96,003398.png
3399,3387,327b92af651a3c7c1f4830e4335039a36168b81cad2f98a30f376fe6b7e6b8a2,003399.png
3400,3388,8e3ec9c69a8dcac4c3d00d6ea7133f30a72a7c30aa2bf3783bb2686ea486a89f,003400.png
3401,3389,023ad38fcf8d8426093e026524e756a80a9e85c62ea6f87197c30eab8ad20f5e,003401.png
3402,3390,082ef7bb8a2bb05510951c5f0f730d89e4099080b70bbfecb058a4c2b9c7537c,003402.png
3403,3391,0703f223467fc23ac37d0d3a3e34a4b08ac721ce02787992720f3d9461bd5730,003403.png
3404,3392,95b449a1a879b8119b4b0754f4b7bc89481a4f2b8181aa3eb0053292bd17281e,003404.png
3405,3393,3d67685d3f2e31d7649c1535e4efa71e12c07e6929590d8ae57c32f6cb1355d3,003405.png
3406,3394,7f0afab6b03e85ecd8f3716b87ae41986594549badcd803f582e44fe6e540565,003406.png
3407,3395,bfcb3f2dfe0e5eca9eb1ca3ef2e30f001f399c992de33b404db3f2d7bdaa6aa5,003407.png
3408,3396,422e351fecf5ec08c78edf6169b7d9f5858e83f224d44a1ca45e381131999593,003408.png
3409,3397,538163626d22a167e700c191eecd33d43a26646c9e6c60164442ff6ab17acee6,003409.png
3410,3398,0bab44d734dfa88d53adc21d464bbd70918209566e4814d5a99afbdfe2946904,003410.png
3411,3399,53cafcf6a2176eabd6c62d83d922e60ea9c4bf711745e09aa1cf5777456f8a42,003411.png
3412,3400,256fb7bf9732c8a59cbb8fcb8be1d7ae02db9f4a8517b128c82e53e81b9f8b69,003412.png
3413,3401,3bb79f71c7c3b59a6df9a900d9b56875a453c17b30309e19a5e725484abb311e,003413.png
3414,3402,f094bce94d7d721a7c0ae9ce6583d6a73e3035b8706980cf1182feaaf9621103,003414.png
3415,3403,bafe6d6c747f6bd16275256d6fdbffa53ba29b000431692fe50fb3d75f6c508d,003415.png
3416,3404,c68479aac0b66c66b29e22a24c726a516b2ed93fea57b6544458fc1f43f9bdc3,003416.png
3417,3405,c7e67139052f85b36fd0778d93c1acf540923fee6ffa8b8fdd3271da8c41b5ce,003417.png
3418,3406,816fa78d078969c6a7607550993d17727b0f5bf29953df76ae96fb5085b491e3,003418.png
3419,3407,9ce00a070ae3b3bd47df385b73008011247b1f313518e0335a5ee6545c05608f,003419.png
3420,3408,482be4d0bb33e96b9ccca1bd0775a092b2afd676ba0fd3b89a7fda8aed5f5830,003420.png
3421,3409,31fdb39b31e9d4717dacfb1940d7d22cd5dddff775708ebf92cd8de87b19637d,003421.png
3422,3410,8732ca52c023b02b8814e6ac668ea2b6d306e1547404c538a80406621914eaff,003422.png
3423,3411,a3f195befbea9462e1d4c13bb1acd38012b4143f767e916a9ab9774cbf49ef49,003423.png
3424,3412,6b8ebcaf679ad9f251da361a28278daf1d573e0d79d624f6eefb4e50b243c0d5,003424.png
3425,3413,20ae18b08514d004f384fc419f5a19a8f62421b056b70cc9ce5f5a911b486582,003425.png
3426,3414,325cd5a873a26e95fbdffd419b2428d2929d21f33cd22fc1f3e65a87b4b2e292,003426.png
3427,3415,f186b3b5b4c3c6eb06c05a6e5ae7f47fab800973610365458424b2b6f832c83c,003427.png
3428,3416,c257ff4eb831ec644729e36daf2ceb6a05dc041741be1c70749ed6a06824f90a,003428.png
3429,3417,788ca8ba92959cadb6e1276ff6370c1d202c29299cd476073e1247b8120ce93d,003429.png
3430,3418,b28e3967c97aa6093890f691de58780ed439d5dcaa593a6100722816fb488510,003430.png
3431,3419,90af3e0bd4be4f6e47a6ffd13a2e594b8164e7df71316996ee7a9c99df7a6069,003431.png
3432,3420,3afd90dd2c83a375846ec021f5dfebcbb1939673f519897942dcee348ebd1f2d,003432.png
3433,3421,bc181ee176e0f1ce130bf40fa023a8a5c5c267ce8f0ec7746172eff78bf1a5eb,003433.png
3434,3422,d9ffef30392c9431901f710c61bdf66d13cef19004f28f3add85d91737242341,003434.png
3435,3423,0b1b443e792aae9bf6179ceaf565273389a5af15261636d3bc289ccb2d87d6d1,003435.png
3436,3424,b861e4659fb6c7b8dbcb4db0390d79e91a94e91caeac45e7e9fdba7d4e21f616,003436.png
3437,3425,1fb945175e405013959d64014eb73636658811435efe97eed61f7b5475551cd0,003437.png
3438,3426,765024a97731435a928d8aa30a9092a9ed94372126dff99326e3b1b191529759,003438.png
3439,3427,eaaa8edba84899d6d7faf269fd1a8ec87dcdea9a14bb147fb3e0332fc5fe10e0,003439.png
3440,3428,5a2f9dc34e526a987cbb35cf44401b742315dfbb030445fab0dc13ea13347c49,003440.png
3441,3429,288212e796b5177f88db1f4a4b29a553ef9d304a6040ef7e0ae1bdae8df657fe,003441.png
3442,3430,80638fd8c49a8021c23e5ff45bf71a4a36bdc5af425a9f01928fda08ff43c3ba,003442.png
3443,3431,fe30ec64ccd64336c7ffa95e0ce75ac5a4139bfbaf79f339f6149a96a79411c9,003443.png
3444,3432,059f9da28a167b5aef40ffc8c1bbb874c0c4af095b3034eb95bc920224bc4024,003444.png
3445,3433,6a7dfa48555b1fad4fcd0e9e01fbb7707b7353383e533a7d43ee22c94d008ea8,003445.png
3446,3434,2e01a3c60a56331c32b50e2f656c562a049f092917db2159bbbb074a0980e739,003446.png
3447,3435,bd83b2a83a949ed0a3099bc9dc93af4d7eadd4a2a87f1f3e5efd5beea279e442,003447.png
3448,3436,3c3c6d72d1b13ae207b944a683924691e40bebfd154cc283a6ba35294969578c,003448.png
3449,3437,d617bbe9751513ddc5c44121854e4b59a992cd869e777f49a6b4eb6450191943,003449.png
3450,3438,e6a9f284f487abb7a9bcfbb9ea06b18cc28da266ad790881203ccbbfb4f4f0a9,003450.png
3451,3439,c0da9c2bf34276136618e0ab00f08484e7612cfc9e44c6ec72689acfd421cad2,003451.png
3452,3440,c447ca87b98954ac1fe9be6f5b99b9ffc49fa97187db99f65f152797fc7a138b,003452.png
3453,3441,6b1021cb423e87e389de1bbb73fef71fb2a3738d835b94ec15a7a55c32822925,003453.png
3454,3442,6b2f6920b8f181b77ab4f9dc76bebfec4b129f91e302c05e46e3f64a15baf478,003454.png
3455,3443,fa69ff501c709cf0d3e7693af4311a950478665f5d040ce1c8797ddeb50ea550,003455.png
3456,3444,b8497af92aaa8ddc038d20a495e6ecdcfff436442180a919a05539763b190767,003456.png
3457,3445,2429dfb9fa94333d2bb6cb975d173adacac874806e350c1ee4ca70827c219c77,003457.png
3458,3446,607db948a90f9b358db3a7957a526b63a1f2acd35ac8d2de855cc5fc6dbc6804,003458.png
3459,3447,5c26f4bd74a5f19ecb8a9b6a95a911d483f16b8164f29ee99772524dd442917e,003459.png
3460,3448,06c75262d557445fe6c17325fc82646dd6c0775efd470cbf6b8c55514ca52ca3,003460.png
3461,3449,4c93c43c0a0e179de66253ea0476a601f4d7dddbc6e0dce57e8ed274b55ba069,003461.png
3462,3450,b63f5edf2ddcd572408ffb4cbd7b985598e36493737aec3f29bbdb7212e3015f,003462.png
3463,3451,06f3d7b0acd53084ef2fa942650ba8c952169f13b7142143d306994c4038291c,003463.png
3464,3452,aebf9bdfa3da89939f8d3f69e4d9572c13dab4a3a93ea9e8ea5a59426fb0705d,003464.png
3465,3453,007bdc4cb07521c783077abd3c9eebaca59192fe652dd8a38540f7a40fa2177d,003465.png
3466,3454,bd7fff75fcfb8cf16eeb3ad0d07c6010510fd55536c83e20a6ab6ab36bd0596e,003466.png
3467,3455,5181b52d554a549bc96e045b3287884db94de6077ed60aecaaa98022cf621113,003467.png
3468,3456,c9a33c790bf171c58d1cb9d9bdfcd37e3d2674785594f10febde04de18c0f6cf,003468.png
3469,3457,76267f8d1a4a439cb38b17c42866952bcc722decd90383793224f3f1c235650b,003469.png
3470,3458,f3a62376b6079ec6d72715f68014d22547a833f52dab38bda974136b1caa9689,003470.png
3471,3459,743edaadcac2205e8251f91140af4dba4c7a80186f2d75d9ecb7d8b3f1580260,003471.png
3472,3460,a2433bfc10286c59eab55b236964a66d21c8e88fd5520b5a099be2a8dd8b7597,003472.png
3473,3461,c15d804f3e304e7411a769cf497f183b0ba95f36daab2e7a6f6bb409f6b7eec1,003473.png
3474,3462,0535b6e04a45d64a1aa396752b3277fddeba01eac90a38234aceb47df9c65a73,003474.png
3475,3463,025f777869610a599b2903f137bc858f005e013981e15a906d0b16b4d81de8de,003475.png
3476,3464,9c4b86aa2a2c665f27172e15b242649f8a7a38e958f49cafecb2b8a7c0eb93fb,003476.png
3477,3465,5e6f5c21bc661f1e458598302a859542dad8f608fe1480f231572f914d23bd9d,003477.png
3478,3466,a7cac34efe9a8c9c474b27a6f1a38e1beb4bb5fbfd9fba19c78a61ccbbdcd485,003478.png
3479,3467,5cc954b218773fc500ee2ba1393bbe1191f84a2784e3e66bcd878b29684e0d1e,003479.png
3480,3468,1a6f76e24fde1689eee8ab69705502c5b8ae80d0ac73fd23a367102b69a87827,003480.png
3481,3469,88a7b286bc0e7ec4ba23d3f5765d17f5d9d5c2755f9b5b61dd916bb8728f9a16,003481.png
3482,3470,db0b60841aca6661da1734a53752014ecdd04cb9c8752a693cf1b8e584739f61,003482.png
3483,3471,9587c5816714e0f7e50361ba9cf87634f84cbde9c4377b5ee084c710658b6332,003483.png
3484,3472,dc22cfadcb46110bd66bd7b6b8baf00583919459081db4b959b7d48789a65d13,003484.png
3485,3473,e74d8b0b3a9a3213f91e1dfb7937e3b1c9d200fb963dd1a314189e6a498aff62,003485.png
3486,3474,4928037e98001346add96464450ffc0bd5085a9472771bd2b9dedf7a8b9dfac4,003486.png
3487,3475,27decdd5d96aa8ad9a0e77c23a1e8cbb3f72180037b332c86478284deacafb54,003487.png
3488,3476,214e6c4198db8bc3d168ccbe349eaf540900791db6a053597f4fb48706b292ad,003488.png
3489,3477,bdf9c201587f44cf12d4db5955cdff021f18760729c04bdfce828bd61104dd19,003489.png
3490,3478,3b79da02577761321f19332f4d7262b5c6ae8dc8e681eaaaae44c59c777fefc7,003490.png
3491,3479,007c58db8d1bf03e3256cf58a6152087b85ef593e80e45d50b4c5d3a68223fa7,003491.png
3492,3480,c71deac1acc1794a21ec5e321f84880fdb34520751d4e5e162087b7a232309e9,003492.png
3493,3481,642fc830b3d78a5bceded61afa6066772ddc94e8ee1d0cba8e2ec1d913c74ea9,003493.png
3494,3482,dcbc6533bc8e113a7d64e9c5c5a7f7e64bf67ae2aaf8992d2082d6bfbb40a2af,003494.png
3495,3483,60d4282d627551c3f5e5e0560c59901d4a567724fbe13562ec5947b732d77e32,003495.png
3496,3484,e5b7159f4e6e6c04b5adb6e83241ad5a3b94999f9863dcda72402604587c99f1,003496.png
3497,3485,5de17362efc809f75faa6e5d3f7161deb71d1b139e7d0194be082b5c22f6bacb,003497.png
3498,3486,0a65cd9db2a434247941e08366f492464325c608a5e6bb76845a35d0d5fdfec7,003498.png
3499,3487,90012584974d24a19d64320ead1de4c87bd744cd49b31e17a9b5f501ed5c7383,003499.png
3500,3488,c3f6852e2b04dd42883ddf78d986eaf9e9bce9981c4dd26250e58d60e81da419,003500.png
3501,3489,50a34e744b8db6e6d5df3808d4f5912ed16e1cd69212cdce53988688dbf67ef5,003501.png
3502,3490,54702eef2d086a335d28ebba2a8dd64f788278ed87b3f23b960cc7240b3736e7,003502.png
3503,3491,a32dcc12715db8009a64e4efe91992e557d8159f3fc3129902bad9c9dba823cc,003503.png
3504,3492,05e61c8844ab1de5331b9e0a5b97c31194da61480e7122dc2bd53646d2915c87,003504.png
3505,3493,e5b4ecb7339a8ff8b3e44c12d13c9ab48e2a0574309a5732ffba610d9f2d1efb,003505.png
3506,3494,095580bb6501fb3172ec7ffe49a9f9563440e7d4ed34d1e21f58070f568590fb,003506.png
3507,3495,eecc40cc6335b0e976488ccb49820b578159cca5b0f019d61977c74a237f7a57,003507.png
3508,3496,ceace3532676d8210b1d8ca8ed5e628dbf289b6255ecad3d6ab1719793cc9d8e,003508.png
3509,3497,ecf21227fa01f74f11c0fc763058db4bef0dccbb383868b9739302e231fa1114,003509.png
3510,3498,5ea575ad282af043be71f878831fcd7905f1f2e234e0f56509f588728c1347f3,003510.png
3511,3499,68701e0b21f733b25367b0accdd254b2affb79b90087cdc2053b0b1dcbb3812a,003511.png
3512,3500,197970eaf6d400ae71a0e62d6cfe7570bb3c02e12374ea7273d606050fac7d61,003512.png
3513,3501,8808cc9ff9badb471142d6a264cab1acf2ed8e8d3fbe49dd71730db74ae8189d,003513.png
3514,3502,7b0598f6211603def58cd13af7d04389c3007b1ab146e27963bb426ee7d16190,003514.png
3515,3503,ff633697e7d4c5e69c5c8a923990cdb084c159210c434232079aafeee9ec8e22,003515.png
3516,3504,e79d74f270c8845ad052e90ad504b4ea2717d7f0d78a0607cbdc0068966917cd,003516.png
3517,3505,df125f0b192205b1a03b0dd8fbe48198dd741339f98c383b0669602e2854e284,003517.png
3518,3506,f105563ef38555777d92b43445554ee8607ca08984495f82d2695eb9b3e14289,003518.png
3519,3507,9b978dd5e89662f92aed7a0ddf6105cc0be3ac1d8f8904465aa2169e2ac099f1,003519.png
3520,3508,59f73b3d6efd9ce0125e19c9caf8b0e618b6b02aabe3c9fa8a0bbe6cd843b466,003520.png
3521,3509,e20e00a0152e74ba581c2334dc6617a728b6f74d3aa769574bc4a748344e9eb0,003521.png
3522,3510,d9e0c0e0adfcd683599c787e68c59e710285aaafeb067213a02947eb7d9c581c,003522.png
3523,3511,beae498d130861630c7edc064eeb2885a22711f0d4bf515bc811b00a8e488241,003523.png
3524,3512,a92a325853eeb42d04dfb10cf28ac4b22d53d053ab8babec933025e86d0f4dd1,003524.png
3525,3513,8c057b0e950a7008e0c23d81541513a05ff1ae5c931d4c40c98c15527b152bfc,003525.png
3526,3514,be8737ed77b6902ae2981f1f0171af1a3bd43610e98cdad371af213249d2fd50,003526.png
3527,3515,65e931c090ede51fb7e5e283c61675e23162bb9b8253479de0c27b8407e60cc9,003527.png
3528,3516,a182a8064bd7e154072ec2272ab9e1dc9d154aa18de3620d6943d8a48bb7ec14,003528.png
3529,3517,f7e04431057a642db6695fb403f3d4bb95e2f0bfc6f82a4224f8c7d24d956109,003529.png
3530,3518,cd2a228a6bc34aa25284243571560579106c0f881cd800291bba1c68e0ac1eee,003530.png
3531,3519,8fd0c13c10308dcfde115afadfd54e73093385941ee3b55fd72671e4c7c6a529,003531.png
3532,3520,5667f731061ba23a9e67260ccbbdb43433bf9b1b662e9fdd98dfb1eae4e155be,003532.png
3533,3521,b3494ad174a454d13b7e434709930700095dad4bed0f699d5a2020cb0d171bda,003533.png
3534,3522,996550c9cb73b64dcf1f958777314b26c68605765fe41bbef3c35bf91fd2444e,003534.png
3535,3523,100ef178fa8f7cf1a0292d140e0ffe63723174f24fdfcf8e6246deeb5b9d8db9,003535.png
3536,3524,e8356cc00cbe22ed4828bc4ebccca01d997ffd07943c64b1d412bd796a95e2d2,003536.png
3537,3525,12f5065d6e6b520c9844705cc32bd398865786380f37a7095c736fb4280a8db3,003537.png
3538,3526,f18c859867b74b1f51f123ee8e749f91a16fbf0bf242b91c896cfd1fbf490ac0,003538.png
3539,3527,32f141757085d230b27893e44508805ffb2ce5857023e1a9c9904b770e16317d,003539.png
3540,3528,1d10e1dc7c4aa75cb4935a9121323b79ccecdb85c7bfcecf48723de548d769a2,003540.png
3541,3529,d9ab4484aa8240d04a8b4aac592aeb676af5b00825e1474ebb01e4c6fb8c2da1,003541.png
3542,3530,1d3ece185dfa0d01dadcbd400e93efd608d49b79f5cc53a3e24466f35014fddd,003542.png
3543,3531,54ea9c02c2bead1ae6e27ebc9da88c0e106dd3fc32494744e35eabc6e5df6db0,003543.png
3544,3532,ff8a70c4341984c4031229fa3f6ec542506f37b21f1ce6fe7989d14d62ead94c,003544.png
3545,3533,a62c341bc3177f857e13668ed976ed2a6ce587cd66bce9a474aaec40da4a9949,003545.png
3546,3534,35679a89554cdfb2fffd577100483080858222b4bf6701bdc058c26d0301eeb8,003546.png
3547,3535,8ea9f14fedc9e667cc276f5d3aff8441fc10805579bdc0b298c1e117154b5498,003547.png
3548,3536,7c6b48c685c32a9fa14a916250e2a5ae3fd9507f932665a0c16fd96a4a485c6b,003548.png
3549,3537,5203fdd4cec70ed838bf8f9285e8754282cb2319c042715ff1026d8b80297873,003549.png
3550,3538,98d6566d7beb60bb6f25df355644e2f3d9f77a95bbad0cf5dbf087baf31ff4b0,003550.png
3551,3539,d9e9b3da2c72105e38387aa5def911b2aafc04136b40112712f036432ea4ba15,003551.png
3552,3540,a9ad86d1121f8e649a51fe368328bba6572b6b2c6d49f024314ff218d2639c49,003552.png
3553,3541,d528dcf9cffe9ead323f3cbbba7428262a656784f6a08158064ac7435d16184e,003553.png
3554,3542,a47bd48de2b6b33b2bbf9cd9dc5326a2d54d3e9d13d3ddf1870406308002809f,003554.png
3555,3543,4c2bf7dc15e7550d3ed5709a7d09c955575d7af4dcfb19dd4e67f2e0fe993b2a,003555.png
3556,3544,610d887454c4b63a06af8255b0edefec636c3648e76f82bcde751d61ac20af8d,003556.png
3557,3545,d505c08d5321bc665b784cdecd619a0a2e6a036806bda2390da8fdd992f54f5c,003557.png
3558,3546,77ddececd3acdb9c5021f63b56e79b1ed4d700be4f55cb6fb779cbdf96520461,003558.png
3559,3547,a7d8e4ba9ae74128e884999878f58c708126dcb2fd6388989b07e7579f08dc1d,003559.png
3560,3548,4804d0932e09892fa07d60c384e0303eb3ee393430ebb4df373ba56c5dc6ecd8,003560.png
3561,3549,d64966bbd3b4234c0e4a12c6f905726f7db015147c5af10411deda83d65fe17b,003561.png
3562,3550,b0af182f0050283e0bef4018ec570033de7b48a7c43732e11e7724758c38cb7e,003562.png
3563,3551,48f9562bd94482939ab0e1f8ae729c30941c23c0cd372dc281cbfcc6d504a74d,003563.png
3564,3552,e037b019b0aa9eb9ac2a50785775359e803f7ae1592a30aa1523ee2247023140,003564.png
3565,3553,bea6a8f1a16830d14d2df80196ac22e4fde5f481c22eabf342a6886022b61721,003565.png
3566,3554,b98c9fc5448f071c3f0c1106058c618a6a5f060a6b915d12325524787c8e7713,003566.png
3567,3555,b683938e1c45d5e681076f21658b539cab05e4a3c8670cb9543aae168e108b57,003567.png
3568,3556,5e9661fab5c6a8f55d4e1ebaeda08dd5be833e76abe053f9b99a36aa5cf77eb1,003568.png
3569,3557,ade4b99f2223d3a02749b609a771daf668bbcbd102bb4f38af9b4a72e73e8340,003569.png
3570,3558,d7d3618c5057fc22055b4aff0626254e2b492c9c39e774102f4289fbc5b1af72,003570.png
3571,3559,285e43d33d39ab637efc7c1455a6b0f98e63fa8aa6438d60c6c5e8b46bcb21eb,003571.png
3572,3560,aaddb15e89b6c845316eac8f5ef3a9939ebce47b688b3b402fe23f074d058a62,003572.png
3573,3561,9b06753e4fcd0033b7faa663597d5f84f452fc689e6607533d77e4ba18d25030,003573.png
3574,3562,1a9d8f16a86aa5073721da0dbb4b4e736bca6c0ff1315c0f5d75d3a4248e6eaf,003574.png
3575,3563,06823d8b5b5f26639fd60bd721483188eded5bd3445c2d2c20250608f3146080,003575.png
3576,3564,14504aa41ead1c8bf4f4467842d02170d0e708eb5271085f80b8fe38b4c40abd,003576.png
3577,3565,dd4233af2740d231a7db3469b1df50cc13ee5d8e05a24c3e6ebb92f695baed8b,003577.png
3578,3566,852f51439bee28643cf535ab7bc51e26bca08bc3a6ab8895463e87fe0777410d,003578.png
3579,3567,78aeb5393ff4e789ce51fccb48b22e91b795bc18bbcd1ac8c70313af7906cbbb,003579.png
3580,3568,c0830df2cdc1567c4c1bf0a92e6fbc0c4a498f025df961ac0f834747c95c0eb5,003580.png
3581,3569,adaee2573e3bf2a6fe0a52be376bbd951ecba4bc05666079cf0ae49a57f2d612,003581.png
3582,3570,b78dacfa23d28115c53c9e8af10eb548f8de0dc0469bf8246574d09f915c80b4,003582.png
3583,3571,b276663bb47ebb45046ec235605c89907655acb7ddda5b62dcea05fc2be58ec6,003583.png
3584,3572,3953d48e1f97d04ab7cbcb3f606daba158e3469312b6ff716469c6715a7ab5ca,003584.png
3585,3573,19ae10144d43fd50e9ab29e64a4b051313a736b4e79b7616831ae3180b318965,003585.png
3586,3574,e31f83123fa8e9359cf7e251c8d047ba73e50159758e8fdf305e9f73d5d4ab8e,003586.png
3587,3575,27ebc367242b6b567a310031521f18f323e6920395d2e0feb8f8013e4061b0f3,003587.png
3588,3576,b59f3b84bb8a9d97e679403e3599a8bb4cb7edce62466689e9fa79187e92e040,003588.png
3589,3577,7c6fdf21e69f3f1e65cb23ddb07f56cc08b3b6892a0cd59b3ffbf429fdc9fb83,003589.png
3590,3578,fd25f32cb348247b50aec72c37779ef4ae265e65f5d5ef36ebac314c71701f58,003590.png
3591,3579,67f22dd070ae7c6acf27336e5089b362fc519be8ef100fa65dbe66352ea0ad46,003591.png
3592,3580,e00869b0043c4b7c9bcfe8338bafeec81eda45a08ea4d68c3d9384400c529553,003592.png
3593,3581,f0da677402c0cdab1b650c9f8920b7c040f04a17fe22aba8a034de8b765872a8,003593.png
3594,3582,9a9d96f48693115232652526350f63e08e7cbc661fccac164268133e3dc673d8,003594.png
3595,3583,22c5676a91d3c8b376ee404ba6b83e94f77ce00c53ab8c44d8b42cf97832dc20,003595.png
3596,3584,ba7e053bb57737b542750d1b4dca6d6bd493e543538575acdd9448a4c1194f03,003596.png
3597,3585,8fb003873dd1c263bed3f6232dfc41cdf042a055d9a3e8c1a0bf62d777d09746,003597.png
3598,3586,d9f799f739a256d6972539dc9cb5637aba9b9769f625910207bb619556b1eaa3,003598.png
3599,3587,0fa667cf3b06eb3a66c3be8071fdce6f6d7b1a58f37315778dc16df8b653a3c1,003599.png
3600,3588,2c970cf96c62189924372df804d6266441c633af125723ebf01e5a8a26da376f,003600.png
3601,3589,1b482fbebdb857622b4f5a01e4ba2028db5fe9685f8467d73e7ec49a71582bd7,003601.png
3602,3590,be4a0d6deda7593fc8423c7e6bc5c6250702b6662526d8ea1e4f7a065f9acfc9,003602.png
3603,3591,8e6b75145ac9074665a486c12a8f67127957dc1228ec0eef8505c4d88aa6fe3b,003603.png
3604,3592,9508bc144fee53d84b3afa4399e311046585e662922c784d8928ebc361e586fb,003604.png
3605,3593,165ece813cbde13805396971e19d67fdeeaf81389ce046f43e054f9270346837,003605.png
3606,3594,0b66041c8b5b815a0db62c37ba8fef1530ab170d3dde6392bb9b7b6f688eeb8e,003606.png
3607,3595,854a27b49e41aa3085cf31e2e8e9fd5084078ca95ac9964fe541551ac070c1aa,003607.png
3608,3596,8f1e4d265ae98b5829407ad72405d2457ddd7275465e650d5bc0ddb560a42cf6,003608.png
3609,3597,0d7663e8c08aada5d2303b8172e6d11ba1e2c6b52b472b01bc88de6c1eb520b4,003609.png
3610,3598,e9c5af87a58a5cca268b266975a2bc27061eb8f61ff8bd963ef5d9897baaab20,003610.png
3611,3599,30f18003a9885f7549d35a9eb5588c244a19587654d3ff0be6f5af27e93e81ee,003611.png
3612,3600,c4f99513eef6bc43de2ede984e25a2c611bd6ef91210ab44300d661be52eda90,003612.png
3613,3601,d74444cd41c34f6d1e9da71a0cb51c26ae87a778dde39a90dcab1ac0c4712e5f,003613.png
3614,3602,ae215ece96d07564214f8bf65f9fdb59c52b18fded71068b551728bd26d6100a,003614.png
3615,3603,db465cdc7fb0a75da0480267307b7c7fa6151e5e13891db2d47d460593c136b1,003615.png
3616,3604,5bd0ba04af0fabc72c1cdf67df407713d669c95eaeb4886b3d035db9b633d9ef,003616.png
3617,3605,2df276b81e0c29cd789550f9dd1e92e467a21e85110298b7c09f43e336e43926,003617.png
3618,3606,779c7e66f7d75e02fd33c7b08161c36f8d438ffb576ec59ce6c6755f7abc3978,003618.png
3619,3607,5baf890faa0a925412911899b7d7b57b2e37b1990252bc0a84614111c1886d32,003619.png
3620,3608,ca676f5b5a844db672fae45a76561f70854baa866d0588ac05e10d7b8fe2dba7,003620.png
3621,3609,2c2bbd1fd65e78addf1abd47be19e634dbcadd84e371feab0cafb2661ad2dab0,003621.png
3622,3610,51fc67a02bc260ea34028c99268798bd97a999e404a6acea29ba0016297e58e3,003622.png
3623,3611,7dbc7ec94f0a08c84acaf25138dc9fe06484dd350c0849464124729a43da2382,003623.png
3624,3612,5868952fd6a9cf087c0c66ad7fd207acbd818b36f01544955a163573a3b5bb1a,003624.png
3625,3613,3be9ed4b5a99767c82021108ffc00285be70265cb94c9975b6600e55e8937be9,003625.png
3626,3614,22981359b156101bcf3596a2020093c7509df1df6fe97ca25a363cba46c6d486,003626.png
3627,3615,afed4276bede91e2032b0742e553a4ec1ae480d11f5b476280997e7a49b5bd0e,003627.png
3628,3616,cb1560bfb5f450dc58b0d1cb6328fd1d6403f1a9d700ce2b44e33b63374f79c7,003628.png
3629,3617,b32296e73f0c37b34c81f6dbe7bb5806b1d0e7919f83d116583fd0531494d7fd,003629.png
3630,3618,d20852bb2c5e173b82110f3cb96e638d46decf1db4bb24a2046b664c8bacdfa4,003630.png
3631,3619,9a286fd7b658f65fd432460a75e6e6b268ed150e42854121489a1a6989afa796,003631.png
3632,3620,f70fbf4461d3ac9d8edd0f05631a6343617aee3e4387db653e69a337e00193a3,003632.png
3633,3621,aa75502240b2b01164ca2a31168c9256d3ae15fbbb29daf5455a6338f85a0b7c,003633.png
3634,3622,9580cad1c34eb8a133182b2f8bd60d072e57d03d9148f3f6f6dce0aeb145a49e,003634.png
3635,3623,9de2be1299c7666b20997d54494d562b76caa10a0b3ff7f0e82a848c8c85588e,003635.png
3636,3624,f47064545bcfe4c5eb0447d377641f8f14fd093c9d119cbca106c7300c9d4184,003636.png
3637,3625,170f9a7f9b3421376a26daa07089d4a66ebb5b625640d5ed762b615d031d25af,003637.png
3638,3626,ec20869390db94b4a8ba6bd1f3ed569322216a759404c3b15c25e9dfadad39cb,003638.png
3639,3627,9f16a85eda7154d883f9ee51453aaae4ba8a4cb4eb4acf61f3c4201c6c1536d8,003639.png
3640,3628,b64167c7c296744251ed01915e427c16e2351290d494d68016a3d126a0801ded,003640.png
3641,3629,17ae37ca82b7d4431590d53945934a196c5b78da489e3d5a2d3a4a62b3f93d84,003641.png
3642,3630,547d592a7e929d0344dcbe5afcce2387e72b9b0033a7282fb6bedda8c07cac6f,003642.png
3643,3631,cfc6366c219866e953aaa676a4f4ca552d2676f0cac9a7d1bea25e4713a46a62,003643.png
3644,3632,d1b9cf76d413d11575a76a32ebe21fb0f01fec849f0d772c74e13e84a7e55e03,003644.png
3645,3633,76ce96e3c261800ae3ba76227d1b3d39f2d670e7fdeaf33d04e4081a83b2935f,003645.png
3646,3634,5254f281d12d33eda5e7206e0cdb645f13a062168a9b90e3381e11013767d467,003646.png
3647,3635,e13c2ee72c1e090a6a3b6c792e3d26df2c1a2bf0959d69ad3590b08d33bffd92,003647.png
3648,3636,66c20b0c2a8f234db18141af4b3fea4e1e205415b1ffd8afeb4cb3887393f295,003648.png
3649,3637,faf165ba1541ca3b5964a5be7f77c9eef80143516857183686965718b12247d6,003649.png
3650,3638,e8a12a2e801d72ace8a90bb5bca152afc9d06c872641300ee4502961a1b5a36e,003650.png
3651,3639,3485c14235c5293957b3ef6e023417e75adf6b73fb49c12bbd64315437e5da80,003651.png
3652,3640,e967287c43da43c41c0ab36e0829258130546c165ce2e6a0d9230bd388ac216b,003652.png
3653,3641,2faefd429f1e18ff2478d00401c9ae610cfc503d9a1e89b61cda228336c6e9a3,003653.png
3654,3642,0433ecc1267c5747cd60b8c670b45e6e27903d5121fcad3937c1eec72052a8d6,003654.png
3655,3643,ae30bc3b398e59dc24b95176bbb5d9c2b5f9538e9c7519e2b880f7555f144d10,003655.png
3656,3644,c6b2d50b12fd9f13f5b3b08dd40ce0cb56270616aacafd40687226a7ff083fdd,003656.png
3657,3645,6e15829244141267639fbe91684ff39f26231d1b6009664f8eb04718151e390d,003657.png
3658,3646,29fd4d6d9b727b655cd5f91f52597d5efd0cd0ad7a34b0f409bc3bd05d9489c1,003658.png
3659,3647,51e48fedd7f4af141d6a5d1143bc6f0d8853047aaa1939d820930166c192d854,003659.png
3660,3648,05ccdccfe4aae028767174f3685a583a9805e24e466faa3fe09cf5e1a8fda01c,003660.png
3661,3649,fffd9f6c77a7e14f98e728d9a6960974c822b44fd250c774543979ca2faa640b,003661.png
3662,3650,e149fcac1a62d108f27a3daffa14db505bd5d87ee4d348c88e77e2e683baa677,003662.png
3663,3651,83b1890ed3172248b2b24bb2f8fd281fb983dddcafe8c7aaeac2e38ca4075dd9,003663.png
3664,3652,8c0460fc10dd3fb61ce11a7e4d73ea42366463c01fff74c7259e863489999438,003664.png
3665,3653,4a790174634d3365859acf8a2826d43cb45a5130ddbd483b43854417485763ff,003665.png
3666,3654,7afc332971fb8d4f2e30ae6ae1d36c3e6a9c4ac77542fe1fb2eccc0a2dd81fb5,003666.png
3667,3655,cdb0abb6601afeb284c589a624f4204c6998205a6826305935f612da95c317ee,003667.png
3668,3656,d2baab80af820e894ad78de365ad1a5165a41d540d2f74233a31f19e6b3b0d7b,003668.png
3669,3657,bc0ac425683b64d749870e3161a1ee09b06ce8219706f2a0fe24f8f0f17a338d,003669.png
3670,3658,23f9ffb8ae1092697ca605ed3598f732e6cd9f4ea0ede8f792276ba2aa480f4c,003670.png
3671,3659,6f9d8f1c40da215b3f1b6dd51d9f6102ac170470f66e16ee9fbb2da018644c3f,003671.png
3672,3660,9881b79bddb3c859052e3b3c797a7128e3d43fd542fe38501545beed5ea668e7,003672.png
3673,3661,1793c66388751d90d41a9ba531c66564f06e38856502bd1a4751160f2d338f4b,003673.png
3674,3662,fc462bffe3d8f407f1fc1a86d2412761220143b0e155366771ac318aea17a54a,003674.png
3675,3663,b0a63b14de0ea86d9086f522b93e6e6960e4a73d8daaec7279b478527765f5cb,003675.png
3676,3664,df33e62faf6bd52682aafe316967c7b820ca7a63e7dbcb89763fcb8eb26ec5ea,003676.png
3677,3665,5409cbaff0ac36f20a408489568f542a948f8f06e395be0227ca0b13e513cf4b,003677.png
3678,3666,56c24952db5fa20a96bd507bcba34260bfa41c3f701b6692c8923d5b5f28a4b8,003678.png
3679,3667,313832161ef695bdb5150935db56860fdc910d05f69de78e34472cb701efe245,003679.png
3680,3668,0d8342e5294af385b76aba1d59cbd23182bed136d1a783a9e2092c7a0074abe9,003680.png
3681,3669,ab953539eaec39d7e5957b8cc6f1b0b2c6dc88e72cc0fcb1527c1174384a9847,003681.png
3682,3670,fc29a472277101f44a6c82d01935b48e8f62029a4f3c3938294403434a9fdf19,003682.png
3683,3671,74bdd22d0d2d93083b904813888ade620143cef0b842c3a7df832c1f11355fde,003683.png
3684,3672,c5968db86992dfb71a71c1426e2dd61dbd77e1cb37887515d6259360b898239d,003684.png
3685,3673,094568fd33ae304837458242ad1f95937772f2e573be2fc182ec20d0431d8e67,003685.png
3686,3674,dc397ce90d8f74def50d07761bb6c111e43c38c32a964282c8ba7802ece3c596,003686.png
3687,3675,e10bcc78fad89c3ed4dd8891b1e0aa1b698059e8dbced79853f585e030613b12,003687.png
3688,3676,19af19f35a7d9e5f8a66341471d64d9f4b0ca3301d98e70d482b5dbd4282a45c,003688.png
3689,3677,42223a9c926f0fd3d3e4100e0fa08baae4b9c98149e8bdb55f8f0b04fda4ce30,003689.png
3690,3678,e7dd09e4e3d9d8efc49379216d0a7b21f8cbb372baedc6523fe2ebe658753491,003690.png
3691,3679,7838cecc27480f45fe2b236e685b2757fb544d9359e615bf87d7a32f3b1f462f,003691.png
3692,3680,48e62fd8f31883e7b0b6949c6b6de58f0b914de0aab20bf520d28e669e37dbbc,003692.png
3693,3681,b8c12213dca098afc19c38e6bfc4bdd040a9109015862a3d2cb7949207681677,003693.png
3694,3682,344d5f034ec6bba27603154ebb3cca0b2cd38f86a878b2f6e906345756ee4525,003694.png
3695,3683,113de32fbc5206539750ac17db0b4180c3a0818f3685ea031c143c97a3fd3925,003695.png
3696,3684,a385fa715d0aed9184418b739c7a3ec04e60c9fd19b32e6ef9ecb9b52dfbf877,003696.png
3697,3685,b7481700c2f5b42b3ac6b38ed229c64dabe6ce1e600aa944cafdd222a8696c4e,003697.png
3698,3686,e8b0a4adc0a6bdc167d3af00c93f5fcd43843562f45f139c7a2647fd0c488d06,003698.png
3699,3687,5310b9eb750bf590f102153bd3151caaca4257b14e9f55a4cc11c52af2d077e2,003699.png
3700,3688,93f0502438630719cb1aefae436d261b0b1c5d2844184afc509517eb9160afa0,003700.png
3701,3689,f45566717c7ef535fe236323e030d8c17b2b988ef84eb3c7d3bd069e7b95718e,003701.png
3702,3690,c907d4e11514c6dd1e93b601f18f45358769789219bd6ad3642115e4d4451554,003702.png
3703,3691,3b2955cffca0617b4a110d1d190a7dc1724fee743a1b662f9266d81aafc5deef,003703.png
3704,3692,a7618a9a19820857278276ec7c9889cdce5452459b4e510a9eb14036a262d3da,003704.png
3705,3693,e1050ba2f7c2fac821bb5b2dc1f22d0c59b8cc8a38526815b5ea1c4a4ed59af5,003705.png
3706,3694,289a5b44ae1d30576b25fc4da9a02de69782801671ad529ec3d56d1a45d4101d,003706.png
3707,3695,bb55188251d0d8eee3248959a7921e293e0e2ecd28da0ca93222df19d2786ae6,003707.png
3708,3696,fd83d225f7fa64f91a889fd3042ba7f0cce3f2c1489023378273d49a0f2a26ad,003708.png
3709,3697,f0f91207046ca3d7e180059edf19c3175f663f119e2cf9fa689eafb3b6286015,003709.png
3710,3698,7c2394e7615c721a9ad3f99254fdaea402003f1aef84e51453de237fee934d36,003710.png
3711,3699,db08082a7b47f931636daa42a08afd8f5b54152f57664393694769f6918f05f3,003711.png
3712,3700,3246ed9cc65dcb9badb467cb16b57fe7a52b7a442feb8d3b7e9f5277e4b6a3ea,003712.png
3713,3701,75af6f7d447a01e4a00d5958fef75dfada9e3da0f4d5b49c74b40332e4c03af1,003713.png
3714,3702,5163b5221e5d319451e385ba6237f22f80a4c4f8e589326ad011d9a5809b7f9d,003714.png
3715,3703,cc6b983120bde1be4816e701341e8dd19e328c68df7f3d6ecd0bf6e952a366b9,003715.png
3716,3704,bc30edd7cc26b0daf018323789379457baaf9ec8902d44d6e04ccedca3bf7264,003716.png
3717,3705,7beba24b8d39768b9298565924046be71b40c20d95b8c122fe0d5f53af0d506b,003717.png
3718,3706,a32b5f297cf1e600be787c7803414b29367ea7f8208937d4bfa49b8553187dbb,003718.png
3719,3707,ac740b9b96e1d5215d6cdca98a0f0e900fb403e7933f2923c58e2f539375dcda,003719.png
3720,3708,342b7710655508cf89e282d7d8cf5749599253c9d251e461f4590d958500c1d4,003720.png
3721,3709,7be889fb9e32d8151892419120c360378875aed7c9b424c2866355d3fd9b7e4c,003721.png
3722,3710,7b4fb13e8fb11a05676648760db671d47ac89ab9bd7f03d7216be4af290fd6e9,003722.png
3723,3711,29c817b6d010ca0495a30289bc2485ae9a21c2cda5ae4b3aef10779e9e73bb6c,003723.png
3724,3712,7b08140d1881fa02d785c743d2faa3116cda10030b542f0e97bc6ccda59e0cf2,003724.png
3725,3713,75678151dddf33b22d73fd2c006141b2e5059418835180532eca2910dc374277,003725.png
3726,3714,f22e7528045f0672a520322d60717e9df8a8ac6ac3e239fa277c5cc2ef254942,003726.png
3727,3715,b4d5ec4ca9affd864fe3d91fb1601b7a5b71b2cc15550b5c43e1a31ac794e96f,003727.png
3728,3716,9df7acf94655e8fa69dba8974bf8cfbee2399d1a079afaa41df073057c271e00,003728.png
3729,3717,7d9c68cd77402386c3111ee3cc9ad6c198a5e09983bbcfed6c1e0f9830de99b0,003729.png
3730,3718,b9b4ea815ece7d36b04c723f4a7fd6719a6abae7781730eae4b8d2aaa63b45ff,003730.png
3731,3719,556772baf67839bc9036a3659dedf09d2104967d2ffbc97f2a634746ac785ab6,003731.png
3732,3720,7c728184310c27def02a8d67bf7b6fe877f0d9b28d5f40fdd7cc9cc6558a2dfa,003732.png
3733,3721,146a5c7a0f5c0d53171f33577eb33db874081183ca355918c49ad95dcbb6ede5,003733.png
3734,3722,75cbb726af8d62c69706c100ace27d1e27a7b22f65417b9772e57540fcb7c474,003734.png
3735,3723,c6459c90cd36b09a55685fabe6177dd2503503f52af182e8a870b09de7e6b15a,003735.png
3736,3724,ae7ad33e6351d94e177fecf60254f23f7550090dbfb5fe741c456462e610a80f,003736.png
3737,3725,fdeca1fa66b0419fa620d1c746de2a382effc27b7acbe69272877d81c50dc9df,003737.png
3738,3726,7dcbc89a65ed7e6e201750a07bb91856cf0c348f94d88fb661de71c59b185574,003738.png
3739,3727,2f5ef7cd41dfe40b8c5a22dd382db2fd3cdfe5a443e397765516439e0756cbd7,003739.png
3740,3728,135273724f1f8ac7d95184788e2275947b25edc19c1fab656de98dcee5e093c9,003740.png
3741,3729,4e09912834a80eb3e56633f7c9907e7d4c7706f3057c95313459e47502497da1,003741.png
3742,3730,a19fcff1d3d158faaa66bb41dd26931d1d0bf68db7c24b4769f1ba196cab9b4a,003742.png
3743,3731,703ec06cba872fb7238b7317801874a83557214cfa986e5666ee6e4ae5c525a4,003743.png
3744,3732,37f2468e0ac61c815141b80ed3db0d70a9fa02ed56f2dca9d5958c1d20d6349e,003744.png
3745,3733,4ce9d1a845983a9b6d542f0b5e2020396c437eb164ebbf69413f336e272ed2c2,003745.png
3746,3734,3283c06484eba787ca6e846f1d5a920671ac2218a5cf6637a947e7a524e2df31,003746.png
3747,3735,b22167665300f789c292b3a8d55d68cef6d4435b3096abfd99fb486f24c5bd1c,003747.png
3748,3736,fd6f0b4fccf8312683efc1f9471cb4ce326b42d753e561c9ad35b2157375d8eb,003748.png
3749,3737,27d97a6c3a4c2e91220dcde4095333f77364ba1693e8328f18a9997856a9dc0e,003749.png
3750,3738,236101c2994a483007281fa122afe479a56197820ff83444dc35d66ea71b2900,003750.png
3751,3739,e7043ed3c62e3605138d8ea44029e1773460df72fbdfa068185f1e42e30008e4,003751.png
3752,3740,fca5c64f48929ff2167afe7a2d3893d39d2bc37fb71720154ab6179f6ec93bf7,003752.png
3753,3741,512a13331ed5edd418bbffdb7744a53f3d8224c2d2be02775cad3d820362e784,003753.png
3754,3742,47751be4dd99b27567b28c6092f47c1a7fd9f74a457bea21bfc610032cc5bab5,003754.png
3755,3743,a15a413602ebc76e60692f98236009888b19671181771f031db8132282aae105,003755.png
3756,3744,8f42d946d69593eef4fe9d57690b891592a99cffa88dc743d594da1c54caa9c8,003756.png
3757,3745,d29e4ce913ad1bc8fcf2fdf38ebe47d58e70c73d0c5d5d052f89ce6d972b2535,003757.png
3758,3746,cae3624a37151f26fcda1cb73d809db2d16db303fadb478b2fb8bedf5351a40e,003758.png
3759,3747,ad6fa0a14f29628e5cb6ead63bead60c07cba65fd95edd933d50f212b03b90ce,003759.png
3760,3748,53642045406d1dbef765bf07a238857ecdac3cc3cad6ef44c37ab8840cf85c6e,003760.png
3761,3749,1409664adc6fbd41451f16c25df81de3b776da98753c2e0abb24ed10498fa9fa,003761.png
3762,3750,cfa1f0024812a5f84e08e929d6dd470f0468c04adab0cc0a0a733ac4c96f45dd,003762.png
3763,3751,22bd282bff6ffd5a2ebeee64699089fe64ced41f4ed51242d93e6cbc6ae84947,003763.png
3764,3752,abe674f6b6b0e6e873e2cd6d36ff7ea03861945dd320c45fe5768e132d35acdb,003764.png
3765,3753,09708d496ec448908de4a6240c672743338acdc7a722a41990379254467bb496,003765.png
3766,3754,e5a685ac3abf5266d9be8c1219c7df9215ff0d70f44aa76da6c194eb04d514fd,003766.png
3767,3755,7846b5f9a5b03adf6e3462000cfd16d3845738c5a4c2f659664e8b88e1ec13ba,003767.png
3768,3756,af1b25ff6256ac47fee4fdb5407d7241b0cc7db796eedc85cfdcf09d56ecc811,003768.png
3769,3757,2ed6e1d19e61f41d97faa78af02310c21563778d47247fc169356f9c65429fdd,003769.png
3770,3758,10c94c36330c10c9a17a2ff879bdce30041ae1a164cafa5738e3f445e1ef6cb4,003770.png
3771,3759,d7d7b536e436cd5dfe7497abc14127cc3c15056a3bf15667a6c05adabec95b26,003771.png
3772,3760,f74d6d5757f2ae866ebb9fe0d4572ba73e6a17089a8e0a08af34d8363540b3e3,003772.png
3773,3761,672af99e5f8b44e2ad7a3c36b89a737e2d55b3012383ba9a70f13ab223f7c3ec,003773.png
3774,3762,15265940b1524b4440f98856e1a0a08bdf06a2bcf4ca0991bf3e8b743327b51a,003774.png
3775,3763,526a92286a7c58f85894c1c7b915ad1e8dacc3c6bea33d159db959a884131e05,003775.png
3776,3764,74eaa2de6f5c4111d1cea94dcca650ab639723de50dcef95d7f0b15fd4b9bdc9,003776.png
3777,3765,19effa89d02b25b7f43c66e9f66c9a920a1a166bdafb13d174ba574692212975,003777.png
3778,3766,d6dd203ea0ad433d1e766fee268a70a10da10765e6282eb5f6e438a544032b66,003778.png
3779,3767,c87c9efca8efc80a2b286dec18e9bf9adf77b0bfc163b775a6db928e1359f252,003779.png
3780,3768,0f933a0b5111d03bd0877e0a4b11524d8371a5d046d09a0e0f8c3a0afc5be1b6,003780.png
3781,3769,a636acc8ecb4b7442c737ba2e51afadc9ffbe6140ec0e6b3681de6cb26f8714e,003781.png
3782,3770,d66c779a6a5ee73506a06570675bedc710ff11cb110141b8e1a8f06b894f3298,003782.png
3783,3771,6fef91767753e2e8e290d4ae327375366091f4f20e26a0520c72c2715967885c,003783.png
3784,3772,631602e40e599ab594945a185eb22532b4d04cd04aba85fd9346f472812d7940,003784.png
3785,3773,f100b9c38f4c61b4f45918980fe03609447360e0491c02e1a2d63c09dc4a53ef,003785.png
3786,3774,82554aa43dcf3c259901b3e0bcdf4a57329b1331221a727e1730d61f4bd74bf7,003786.png
3787,3775,9b71250d3741572bcc6f2de7d41eff51b2cb3e8280af89f60bbd81d24b2e7b39,003787.png
3788,3776,9b66f62d8ebc237e020b379faddd00e054845cac3c9485fcd8f4af8092897d6a,003788.png
3789,3777,4d7d6fe2eb641b33907ada8bad90b288ba72ebbb4496615a15e77f308f9f907f,003789.png
3790,3778,aebb099252ad44a93e48f5852776d2cb87ecc3134b568317a62096efa18be692,003790.png
3791,3779,ad339ecab41723a1ae69765911bfb0ac59d5292d8804b629952c2e23f98c806c,003791.png
3792,3780,f2a48d300d50233972ca0c12ddfc494d24fba01a09ffaf4a7190080b68219a59,003792.png
3793,3781,608073254b4f0033185415cf04da23c053f0f2260e91406533f77f654f3a5fcc,003793.png
3794,3782,26cbd264a920d5d6ac83280dd28464553a17b0e176ac077fe5a5f3a370c43008,003794.png
3795,3783,ae2e698db0bc86ea7eb6cd7e9619ce33a4dbfc37677f81b7ff200c9c53b23dfb,003795.png
3796,3784,efa7b4b6ae2aa74a068f276857ecc4e6a76ba80444193d39842211ceeaba27fd,003796.png
3797,3785,40d35eb9f82d8296e831a77f709d60962a8deeb1acb16a63df516a7e815e7a3c,003797.png
3798,3786,ce8517a3ec295ebf1aef741591ffdc339cf76f456ee04821be9e8bf792bbbc8b,003798.png
3799,3787,2d39eecd0d3adbe593d37c4abc63a9cf5ed943de0b4913c2e39fb2a851d8bdf9,003799.png
3800,3788,07ffe1a25f5d4cd2a2fa18c11c5def56982ce7c8f59341d45f2c657e2978064a,003800.png
3801,3789,55859ff39e8804c4ca35536a767b49b21f562e393b157a74aad99a60b6e9fcb0,003801.png
3802,3790,21c12da62ccef49fd76047cf9e8f9a57a7a7ad9a72bbb368cecd5163ea88f77f,003802.png
3803,3791,d3869e67bda3da374c4ad7f743501b13440f64735a7b10ae6da16acb6d45c6c8,003803.png
3804,3792,452db6f234d8f13ade558f821549a71e488fbaca8013fb7fc7a822e6a987abea,003804.png
3805,3793,93a000ae9768a7f2eccca304df081645156c342dae9a8ba1ba9ff4ebbcbb45a3,003805.png
3806,3794,4b1de238c48db17f8a3999a357f665956b3fd13c6f4e2e6700252176cca0d7ef,003806.png
3807,3795,2c635c7c22940b59b04438c5c44fc4df0e9de2492f94f2135ce9bbd441b4ed11,003807.png
3808,3796,ea2ebc098cabf4b0faea88583358393be7aec842d23b89c5a9ff74c0ac90d09f,003808.png
3809,3797,4ac7a2284b4fe722aab522e380d7f3e707d7ab0db814339ef5ba6aea79c802e4,003809.png
3810,3798,72526d326e43197dde8fbd5a5b20e56f6135bd0bb2cdd1cff9ff85f9aab5ff99,003810.png
3811,3799,dd75682f2b2ba52bdaca5be668f5fd995b84330d360dab841608d981f76d2502,003811.png
3812,3800,a417e5fb252d08bc59b16fc59fe4ed3de17a141c97179649483dbc7b2c4a6f9c,003812.png
3813,3801,6eecb16f0c4f7b3360d1ea3ae312fba5ebf7820a05c0a5098d2ff122690cfd2b,003813.png
