frame_idx,sam2_label,gt_bird_id,iou,is_error,iou_threshold
0,2,113,0.805,0,0.5
0,3,38,0.8031,0,0.5
0,4,14,0.7893,0,0.5
0,1,75,0.6983,0,0.5
1,3,38,0.8293,0,0.5
1,4,14,0.8168,0,0.5
1,2,113,0.7281,0,0.5
1,1,75,0.6687,0,0.5
2,3,38,0.8367,0,0.5
2,4,14,0.8104,0,0.5
2,2,113,0.7751,0,0.5
2,1,75,0.6654,0,0.5
3,3,38,0.7809,0,0.5
3,4,14,0.6686,0,0.5
3,1,75,0.6145,0,0.5
3,2,113,0.1404,1,0.5
4,3,38,0.7409,0,0.5
4,4,14,0.6173,0,0.5
4,1,75,0.584,0,0.5
4,2,113,0.2172,1,0.5
5,3,38,0.7457,0,0.5
5,4,14,0.5994,0,0.5
5,1,75,0.524,0,0.5
5,2,113,0.2958,1,0.5
6,3,38,0.7495,0,0.5
6,4,14,0.6279,0,0.5
6,1,75,0.5583,0,0.5
6,2,113,0.3497,1,0.5
7,3,38,0.7724,0,0.5
7,4,14,0.6613,0,0.5
7,1,75,0.5002,0,0.5
7,2,113,0.3825,1,0.5
8,3,38,0.7796,0,0.5
8,4,14,0.6825,0,0.5
8,1,75,0.466,1,0.5
8,2,113,0.4558,1,0.5
9,3,38,0.7867,0,0.5
9,4,14,0.6831,0,0.5
9,1,75,0.4993,1,0.5
9,2,113,0.4849,1,0.5
10,3,38,0.7874,0,0.5
10,4,14,0.616,0,0.5
10,1,75,0.511,0,0.5
10,2,113,0.4952,1,0.5
11,3,38,0.7846,0,0.5
11,4,14,0.5366,0,0.5
11,2,113,0.5206,0,0.5
11,1,75,0.5136,0,0.5
12,3,38,0.7806,0,0.5
12,2,113,0.5596,0,0.5
12,1,75,0.5431,0,0.5
12,4,14,0.4701,1,0.5
13,3,38,0.7757,0,0.5
13,1,75,0.5427,0,0.5
13,2,113,0.5134,0,0.5
13,4,14,0.4127,1,0.5
14,3,38,0.7853,0,0.5
14,1,75,0.5513,0,0.5
14,2,113,0.4295,1,0.5
14,4,14,0.3685,1,0.5
15,3,38,0.7713,0,0.5
15,1,75,0.5519,0,0.5
15,4,14,0.3735,1,0.5
15,2,113,0.3517,1,0.5
16,3,38,0.7658,0,0.5
16,1,75,0.5677,0,0.5
16,4,14,0.367,1,0.5
16,2,113,0.3037,1,0.5
17,3,38,0.7971,0,0.5
17,1,75,0.5889,0,0.5
17,4,14,0.385,1,0.5
17,2,113,0.275,1,0.5
18,3,38,0.7743,0,0.5
18,1,75,0.6049,0,0.5
18,4,14,0.3567,1,0.5
18,2,113,0.2619,1,0.5
19,3,38,0.7656,0,0.5
19,1,75,0.6097,0,0.5
19,4,14,0.3529,1,0.5
19,2,113,0.2507,1,0.5
20,3,38,0.7549,0,0.5
20,1,75,0.5809,0,0.5
20,4,14,0.353,1,0.5
20,2,113,0.238,1,0.5
21,3,38,0.7553,0,0.5
21,1,75,0.5511,0,0.5
21,4,14,0.3898,1,0.5
21,2,113,0.2105,1,0.5
22,3,38,0.7318,0,0.5
22,1,75,0.5485,0,0.5
22,4,14,0.4211,1,0.5
22,2,113,0.188,1,0.5
23,3,38,0.712,0,0.5
23,1,75,0.5376,0,0.5
23,4,14,0.434,1,0.5
23,2,113,0.1893,1,0.5
24,3,38,0.6712,0,0.5
24,1,75,0.5395,0,0.5
24,4,14,0.4273,1,0.5
24,2,113,0.1953,1,0.5
25,3,38,0.6543,0,0.5
25,1,75,0.5365,0,0.5
25,4,14,0.4049,1,0.5
25,2,113,0.201,1,0.5
26,3,38,0.6839,0,0.5
26,1,75,0.5384,0,0.5
26,4,14,0.3661,1,0.5
26,2,113,0.2273,1,0.5
27,3,38,0.7851,0,0.5
27,1,75,0.5437,0,0.5
27,4,14,0.3292,1,0.5
27,2,113,0.3121,1,0.5
28,3,38,0.7934,0,0.5
28,1,75,0.5412,0,0.5
28,2,113,0.4412,1,0.5
28,4,14,0.287,1,0.5
29,3,38,0.7075,0,0.5
29,1,75,0.5627,0,0.5
29,2,113,0.5417,0,0.5
29,4,14,0.2347,1,0.5
30,3,38,0.637,0,0.5
30,2,113,0.5923,0,0.5
30,1,75,0.5366,0,0.5
30,4,14,0.1855,1,0.5
31,2,113,0.687,0,0.5
31,3,38,0.565,0,0.5
31,1,75,0.558,0,0.5
31,4,14,0.1564,1,0.5
32,2,113,0.7005,0,0.5
32,1,75,0.6139,0,0.5
32,3,38,0.5571,0,0.5
32,4,14,0.1271,1,0.5
33,2,113,0.7278,0,0.5
33,1,75,0.6675,0,0.5
33,3,38,0.4882,1,0.5
33,4,14,0.1042,1,0.5
34,2,113,0.7372,0,0.5
34,1,75,0.6743,0,0.5
34,3,38,0.464,1,0.5
34,4,14,0.0925,1,0.5
35,2,113,0.7323,0,0.5
35,1,75,0.6688,0,0.5
35,3,38,0.4448,1,0.5
35,4,14,0.0833,1,0.5
36,2,113,0.7144,0,0.5
36,1,75,0.6868,0,0.5
36,3,38,0.4204,1,0.5
36,4,14,0.0662,1,0.5
37,1,75,0.6693,0,0.5
37,2,113,0.6653,0,0.5
37,3,38,0.42,1,0.5
37,4,14,0.0531,1,0.5
38,1,75,0.6632,0,0.5
38,2,113,0.5891,0,0.5
38,3,38,0.4957,1,0.5
38,4,14,0.0379,1,0.5
39,1,75,0.6668,0,0.5
39,3,38,0.6574,0,0.5
39,2,113,0.526,0,0.5
39,4,14,0.0348,1,0.5
40,3,38,0.7114,0,0.5
40,1,75,0.6553,0,0.5
40,2,113,0.4914,1,0.5
40,4,14,0.0306,1,0.5
41,3,38,0.6838,0,0.5
41,1,75,0.6476,0,0.5
41,2,113,0.4317,1,0.5
41,4,14,0.0355,1,0.5
42,1,75,0.6472,0,0.5
42,3,38,0.6393,0,0.5
42,2,113,0.4231,1,0.5
42,4,14,0.0356,1,0.5
43,1,75,0.6397,0,0.5
43,3,38,0.5855,0,0.5
43,2,113,0.4337,1,0.5
43,4,14,0.043,1,0.5
44,1,75,0.6406,0,0.5
44,3,38,0.5154,0,0.5
44,2,113,0.4306,1,0.5
44,4,14,0.0358,1,0.5
45,1,75,0.6322,0,0.5
45,3,38,0.4471,1,0.5
45,2,113,0.4379,1,0.5
45,4,14,0.0272,1,0.5
46,1,75,0.6044,0,0.5
46,2,113,0.4326,1,0.5
46,3,38,0.3681,1,0.5
46,4,14,0.0367,1,0.5
47,1,75,0.5917,0,0.5
47,2,113,0.4445,1,0.5
47,3,38,0.3149,1,0.5
47,4,14,0.0526,1,0.5
48,1,75,0.5897,0,0.5
48,2,113,0.4806,1,0.5
48,3,38,0.2983,1,0.5
48,4,14,0.0669,1,0.5
49,1,75,0.5569,0,0.5
49,2,113,0.5409,0,0.5
49,3,38,0.2936,1,0.5
49,4,14,0.0816,1,0.5
50,2,113,0.6001,0,0.5
50,1,75,0.5334,0,0.5
50,3,38,0.2935,1,0.5
50,4,14,0.0978,1,0.5
51,2,113,0.6319,0,0.5
51,1,75,0.4972,1,0.5
51,3,38,0.3262,1,0.5
51,4,14,0.1137,1,0.5
52,2,113,0.6183,0,0.5
52,1,75,0.4429,1,0.5
52,3,38,0.376,1,0.5
52,4,14,0.1301,1,0.5
53,2,113,0.6027,0,0.5
53,1,75,0.4017,1,0.5
53,3,38,0.3885,1,0.5
53,4,14,0.1521,1,0.5
54,2,113,0.5655,0,0.5
54,3,38,0.4174,1,0.5
54,1,75,0.36,1,0.5
54,4,14,0.1528,1,0.5
55,2,113,0.5641,0,0.5
55,3,38,0.4163,1,0.5
55,1,75,0.303,1,0.5
55,4,14,0.1651,1,0.5
56,2,113,0.5357,0,0.5
56,3,38,0.4448,1,0.5
56,1,75,0.2332,1,0.5
56,4,14,0.182,1,0.5
57,2,113,0.5064,0,0.5
57,3,38,0.4101,1,0.5
57,4,14,0.2031,1,0.5
57,1,75,0.1981,1,0.5
58,2,113,0.4668,1,0.5
58,3,38,0.3365,1,0.5
58,4,14,0.2204,1,0.5
58,1,75,0.1838,1,0.5
59,2,113,0.4572,1,0.5
59,4,14,0.2448,1,0.5
59,3,38,0.2396,1,0.5
59,1,75,0.1818,1,0.5
60,2,113,0.4558,1,0.5
60,4,14,0.2635,1,0.5
60,1,75,0.1859,1,0.5
60,3,38,0.1635,1,0.5
61,2,113,0.4589,1,0.5
61,4,14,0.2933,1,0.5
61,1,75,0.1968,1,0.5
61,3,38,0.097,1,0.5
62,2,113,0.4756,1,0.5
62,4,14,0.3208,1,0.5
62,1,75,0.2066,1,0.5
62,3,38,0.0412,1,0.5
63,2,113,0.4943,1,0.5
63,4,14,0.3669,1,0.5
63,1,75,0.2186,1,0.5
63,3,38,0.0004,1,0.5
64,2,113,0.4394,1,0.5
64,4,14,0.4082,1,0.5
64,1,75,0.2226,1,0.5
64,3,38,0.0,1,0.5
65,4,14,0.4381,1,0.5
65,2,113,0.3992,1,0.5
65,1,75,0.2397,1,0.5
65,3,38,0.0,1,0.5
66,4,14,0.4974,1,0.5
66,2,113,0.344,1,0.5
66,1,75,0.2629,1,0.5
66,3,38,0.0,1,0.5
67,4,14,0.544,0,0.5
67,2,113,0.2928,1,0.5
67,1,75,0.2729,1,0.5
67,3,38,0.0,1,0.5
68,4,14,0.5957,0,0.5
68,1,75,0.3063,1,0.5
68,2,113,0.2495,1,0.5
68,3,38,0.0,1,0.5
69,4,14,0.6429,0,0.5
69,1,75,0.3228,1,0.5
69,2,113,0.2201,1,0.5
69,3,38,0.0,1,0.5
70,4,14,0.649,0,0.5
70,1,75,0.3182,1,0.5
70,2,113,0.1882,1,0.5
70,3,38,0.0,1,0.5
71,4,14,0.6547,0,0.5
71,1,75,0.3459,1,0.5
71,2,113,0.1763,1,0.5
71,3,38,0.0,1,0.5
72,4,14,0.6688,0,0.5
72,1,75,0.3586,1,0.5
72,2,113,0.1968,1,0.5
72,3,38,0.0,1,0.5
73,4,14,0.6897,0,0.5
73,1,75,0.3582,1,0.5
73,2,113,0.2172,1,0.5
73,3,38,0.0307,1,0.5
74,4,14,0.6815,0,0.5
74,1,75,0.3568,1,0.5
74,2,113,0.2373,1,0.5
74,3,38,0.0819,1,0.5
75,4,14,0.6769,0,0.5
75,1,75,0.3581,1,0.5
75,2,113,0.2838,1,0.5
75,3,38,0.1511,1,0.5
76,4,14,0.6848,0,0.5
76,1,75,0.3846,1,0.5
76,2,113,0.3538,1,0.5
76,3,38,0.2263,1,0.5
77,4,14,0.702,0,0.5
77,2,113,0.4784,1,0.5
77,1,75,0.4351,1,0.5
77,3,38,0.3033,1,0.5
78,4,14,0.7035,0,0.5
78,2,113,0.5789,0,0.5
78,1,75,0.4828,1,0.5
78,3,38,0.3402,1,0.5
79,4,14,0.7129,0,0.5
79,2,113,0.7073,0,0.5
79,1,75,0.5565,0,0.5
79,3,38,0.3652,1,0.5
80,2,113,0.7583,0,0.5
80,4,14,0.7148,0,0.5
80,1,75,0.5674,0,0.5
80,3,38,0.3783,1,0.5
81,2,113,0.7424,0,0.5
81,4,14,0.7131,0,0.5
81,1,75,0.568,0,0.5
81,3,38,0.3903,1,0.5
82,2,113,0.7493,0,0.5
82,4,14,0.7136,0,0.5
82,1,75,0.5072,0,0.5
82,3,38,0.4072,1,0.5
83,4,14,0.7199,0,0.5
83,2,113,0.7131,0,0.5
83,1,75,0.4388,1,0.5
83,3,38,0.4043,1,0.5
84,4,14,0.7131,0,0.5
84,2,113,0.7004,0,0.5
84,3,38,0.4413,1,0.5
84,1,75,0.3763,1,0.5
85,4,14,0.7078,0,0.5
85,2,113,0.6932,0,0.5
85,3,38,0.4744,1,0.5
85,1,75,0.3207,1,0.5
86,4,14,0.7111,0,0.5
86,2,113,0.699,0,0.5
86,3,38,0.5134,0,0.5
86,1,75,0.2556,1,0.5
87,2,113,0.7067,0,0.5
87,4,14,0.6906,0,0.5
87,3,38,0.5557,0,0.5
87,1,75,0.2225,1,0.5
88,2,113,0.7271,0,0.5
88,4,14,0.6792,0,0.5
88,3,38,0.5865,0,0.5
88,1,75,0.1962,1,0.5
89,2,113,0.7392,0,0.5
89,4,14,0.6636,0,0.5
89,3,38,0.558,0,0.5
89,1,75,0.1954,1,0.5
90,2,113,0.7563,0,0.5
90,4,14,0.6467,0,0.5
90,3,38,0.5366,0,0.5
90,1,75,0.1873,1,0.5
91,2,113,0.7534,0,0.5
91,4,14,0.6329,0,0.5
91,3,38,0.5262,0,0.5
91,1,75,0.2064,1,0.5
92,4,14,0.6362,0,0.5
92,2,113,0.6333,0,0.5
92,3,38,0.4836,1,0.5
92,1,75,0.2507,1,0.5
93,4,14,0.6273,0,0.5
93,2,113,0.5546,0,0.5
93,3,38,0.4415,1,0.5
93,1,75,0.2602,1,0.5
94,4,14,0.6173,0,0.5
94,2,113,0.4942,1,0.5
94,3,38,0.3783,1,0.5
94,1,75,0.2595,1,0.5
95,4,14,0.6099,0,0.5
95,2,113,0.4388,1,0.5
95,3,38,0.3134,1,0.5
95,1,75,0.2996,1,0.5
96,4,14,0.62,0,0.5
96,2,113,0.4135,1,0.5
96,1,75,0.3484,1,0.5
96,3,38,0.2525,1,0.5
97,4,14,0.5887,0,0.5
97,2,113,0.3944,1,0.5
97,1,75,0.3887,1,0.5
97,3,38,0.2755,1,0.5
98,4,14,0.5388,0,0.5
98,1,75,0.3819,1,0.5
98,2,113,0.375,1,0.5
98,3,38,0.3029,1,0.5
99,4,14,0.491,1,0.5
99,1,75,0.3618,1,0.5
99,2,113,0.3578,1,0.5
99,3,38,0.2987,1,0.5
100,4,14,0.4311,1,0.5
100,2,113,0.339,1,0.5
100,1,75,0.3245,1,0.5
100,3,38,0.3043,1,0.5
101,4,14,0.3805,1,0.5
101,2,113,0.3428,1,0.5
101,1,75,0.2983,1,0.5
101,3,38,0.2877,1,0.5
102,2,113,0.3591,1,0.5
102,4,14,0.3442,1,0.5
102,3,38,0.2916,1,0.5
102,1,75,0.2716,1,0.5
103,2,113,0.3832,1,0.5
103,4,14,0.2977,1,0.5
103,3,38,0.274,1,0.5
103,1,75,0.2426,1,0.5
104,2,113,0.4162,1,0.5
104,4,14,0.279,1,0.5
104,3,38,0.2784,1,0.5
104,1,75,0.2097,1,0.5
105,2,113,0.49,1,0.5
105,4,14,0.2439,1,0.5
105,1,75,0.2093,1,0.5
105,3,38,0.2072,1,0.5
106,2,113,0.5598,0,0.5
106,4,14,0.2053,1,0.5
106,1,75,0.1745,1,0.5
106,3,38,0.1524,1,0.5
107,2,113,0.6251,0,0.5
107,1,75,0.1626,1,0.5
107,4,14,0.1563,1,0.5
107,3,38,0.1024,1,0.5
108,2,113,0.662,0,0.5
108,1,75,0.1556,1,0.5
108,4,14,0.1238,1,0.5
108,3,38,0.0593,1,0.5
109,2,113,0.7024,0,0.5
109,1,75,0.1425,1,0.5
109,4,14,0.1091,1,0.5
109,3,38,0.0353,1,0.5
110,2,113,0.7132,0,0.5
110,1,75,0.1195,1,0.5
110,4,14,0.1117,1,0.5
110,3,38,0.0223,1,0.5
111,2,113,0.7468,0,0.5
111,1,75,0.1159,1,0.5
111,4,14,0.1115,1,0.5
111,3,38,0.0099,1,0.5
112,2,113,0.776,0,0.5
112,4,14,0.1072,1,0.5
112,1,75,0.0692,1,0.5
112,3,38,0.0088,1,0.5
113,2,113,0.7651,0,0.5
113,4,14,0.0957,1,0.5
113,1,75,0.0589,1,0.5
113,3,38,0.0159,1,0.5
114,2,113,0.7682,0,0.5
114,4,14,0.0913,1,0.5
114,1,75,0.03,1,0.5
114,3,38,0.0193,1,0.5
115,2,113,0.7726,0,0.5
115,4,14,0.0946,1,0.5
115,1,75,0.0135,1,0.5
115,3,38,0.0106,1,0.5
116,2,113,0.7516,0,0.5
116,4,14,0.099,1,0.5
116,3,38,0.0076,1,0.5
116,1,75,0.0074,1,0.5
117,2,113,0.7414,0,0.5
117,4,14,0.1043,1,0.5
117,1,38,0.0,1,0.5
117,3,75,0.0,1,0.5
118,2,113,0.7344,0,0.5
118,4,14,0.1207,1,0.5
118,1,38,0.0,1,0.5
118,3,75,0.0,1,0.5
119,2,113,0.6901,0,0.5
119,4,14,0.1212,1,0.5
119,3,38,0.0001,1,0.5
119,1,75,0.0,1,0.5
120,2,113,0.6833,0,0.5
120,4,14,0.1382,1,0.5
120,1,38,0.0,1,0.5
120,3,75,0.0,1,0.5
121,2,113,0.7304,0,0.5
121,4,14,0.1516,1,0.5
121,1,38,0.0,1,0.5
121,3,75,0.0,1,0.5
122,2,113,0.7365,0,0.5
122,4,14,0.1958,1,0.5
122,1,38,0.0,1,0.5
122,3,75,0.0,1,0.5
123,2,113,0.7224,0,0.5
123,4,14,0.2231,1,0.5
123,1,38,0.0,1,0.5
123,3,75,0.0,1,0.5
124,2,113,0.7295,0,0.5
124,4,14,0.2555,1,0.5
124,1,38,0.0,1,0.5
124,3,75,0.0,1,0.5
125,2,113,0.6799,0,0.5
125,4,14,0.3056,1,0.5
125,1,38,0.0,1,0.5
125,3,75,0.0,1,0.5
126,2,113,0.723,0,0.5
126,4,14,0.3411,1,0.5
126,1,38,0.0,1,0.5
126,3,75,0.0,1,0.5
127,2,113,0.6535,0,0.5
127,4,14,0.3578,1,0.5
127,1,38,0.0,1,0.5
127,3,75,0.0,1,0.5
128,2,113,0.6123,0,0.5
128,4,14,0.3664,1,0.5
128,1,38,0.0,1,0.5
128,3,75,0.0,1,0.5
129,2,113,0.7177,0,0.5
129,4,14,0.3746,1,0.5
129,1,38,0.0,1,0.5
129,3,75,0.0,1,0.5
130,2,113,0.6383,0,0.5
130,4,14,0.3879,1,0.5
130,1,38,0.0,1,0.5
130,3,75,0.0,1,0.5
131,2,113,0.665,0,0.5
131,4,14,0.4181,1,0.5
131,1,38,0.0,1,0.5
131,3,75,0.0,1,0.5
132,2,113,0.7631,0,0.5
132,4,14,0.4169,1,0.5
132,1,38,0.0,1,0.5
132,3,75,0.0,1,0.5
133,2,113,0.8201,0,0.5
133,4,14,0.4581,1,0.5
133,1,75,0.0002,1,0.5
133,3,38,0.0,1,0.5
134,2,113,0.7961,0,0.5
134,4,14,0.4722,1,0.5
134,1,75,0.0035,1,0.5
134,3,38,0.0,1,0.5
135,2,113,0.5738,0,0.5
135,4,14,0.4826,1,0.5
135,1,75,0.0097,1,0.5
135,3,38,0.0,1,0.5
136,2,113,0.7754,0,0.5
136,4,14,0.4735,1,0.5
136,1,75,0.0135,1,0.5
136,3,38,0.0,1,0.5
137,2,113,0.7777,0,0.5
137,4,14,0.4775,1,0.5
137,1,75,0.0137,1,0.5
137,3,38,0.0,1,0.5
138,2,113,0.7687,0,0.5
138,4,14,0.4135,1,0.5
138,1,75,0.0119,1,0.5
138,3,38,0.0,1,0.5
139,2,113,0.6988,0,0.5
139,4,14,0.3969,1,0.5
139,1,75,0.0169,1,0.5
139,3,38,0.0,1,0.5
140,2,113,0.6519,0,0.5
140,4,14,0.3931,1,0.5
140,1,75,0.0111,1,0.5
140,3,38,0.0,1,0.5
141,2,113,0.6804,0,0.5
141,4,14,0.3952,1,0.5
141,1,75,0.0309,1,0.5
141,3,38,0.0,1,0.5
142,2,113,0.7037,0,0.5
142,4,14,0.4118,1,0.5
142,1,75,0.0481,1,0.5
142,3,38,0.0,1,0.5
143,2,113,0.6844,0,0.5
143,4,14,0.4352,1,0.5
143,1,75,0.086,1,0.5
143,3,38,0.0,1,0.5
144,2,113,0.6618,0,0.5
144,4,14,0.4708,1,0.5
144,1,75,0.1833,1,0.5
144,3,38,0.0389,1,0.5
145,2,113,0.6553,0,0.5
145,4,14,0.511,0,0.5
145,1,75,0.2248,1,0.5
145,3,38,0.1103,1,0.5
146,2,113,0.6619,0,0.5
146,4,14,0.5565,0,0.5
146,3,38,0.2827,1,0.5
146,1,75,0.2672,1,0.5
147,2,113,0.6511,0,0.5
147,4,14,0.5598,0,0.5
147,1,75,0.4655,1,0.5
147,3,38,0.3923,1,0.5
148,1,75,0.6516,0,0.5
148,2,113,0.6457,0,0.5
148,4,14,0.5837,0,0.5
148,3,38,0.4481,1,0.5
149,1,75,0.6773,0,0.5
149,4,14,0.653,0,0.5
149,2,113,0.631,0,0.5
149,3,38,0.4059,1,0.5
150,4,14,0.6816,0,0.5
150,2,113,0.646,0,0.5
150,1,75,0.4541,1,0.5
150,3,38,0.2937,1,0.5
151,4,14,0.6215,0,0.5
151,2,113,0.6069,0,0.5
151,1,75,0.3399,1,0.5
151,3,38,0.2124,1,0.5
152,4,14,0.661,0,0.5
152,2,113,0.6327,0,0.5
152,1,75,0.306,1,0.5
152,3,38,0.147,1,0.5
153,2,113,0.6487,0,0.5
153,4,14,0.5588,0,0.5
153,1,75,0.2578,1,0.5
153,3,38,0.075,1,0.5
154,2,113,0.6697,0,0.5
154,4,14,0.6383,0,0.5
154,1,75,0.2407,1,0.5
154,3,38,0.0256,1,0.5
155,2,113,0.6829,0,0.5
155,4,14,0.5507,0,0.5
155,1,75,0.1727,1,0.5
155,3,38,0.0095,1,0.5
156,2,113,0.7091,0,0.5
156,4,14,0.6446,0,0.5
156,1,75,0.2122,1,0.5
156,3,38,0.0,1,0.5
157,2,113,0.7265,0,0.5
157,4,14,0.663,0,0.5
157,1,75,0.2369,1,0.5
157,3,38,0.0,1,0.5
158,2,113,0.7101,0,0.5
158,4,14,0.4731,1,0.5
158,1,75,0.108,1,0.5
158,3,38,0.0,1,0.5
159,2,113,0.7061,0,0.5
159,4,14,0.5871,0,0.5
159,1,75,0.1856,1,0.5
159,3,38,0.0,1,0.5
160,2,113,0.7193,0,0.5
160,4,14,0.6635,0,0.5
160,1,75,0.2393,1,0.5
160,3,38,0.0,1,0.5
161,2,113,0.7219,0,0.5
161,4,14,0.6499,0,0.5
161,1,75,0.3453,1,0.5
161,3,38,0.0,1,0.5
162,2,113,0.7325,0,0.5
162,4,14,0.6219,0,0.5
162,1,75,0.1801,1,0.5
162,3,38,0.0,1,0.5
163,2,113,0.7268,0,0.5
163,4,14,0.5138,0,0.5
163,1,75,0.3132,1,0.5
163,3,38,0.0,1,0.5
164,2,113,0.7154,0,0.5
164,4,14,0.579,0,0.5
164,1,75,0.3516,1,0.5
164,3,38,0.0,1,0.5
165,2,113,0.7117,0,0.5
165,4,14,0.6254,0,0.5
165,1,75,0.4015,1,0.5
165,3,38,0.0,1,0.5
166,2,113,0.7187,0,0.5
166,4,14,0.6729,0,0.5
166,1,75,0.3638,1,0.5
166,3,38,0.0,1,0.5
167,2,113,0.7171,0,0.5
167,4,14,0.6658,0,0.5
167,1,75,0.3447,1,0.5
167,3,38,0.0,1,0.5
168,2,113,0.7198,0,0.5
168,4,14,0.5973,0,0.5
168,1,75,0.3561,1,0.5
168,3,38,0.0,1,0.5
169,2,113,0.736,0,0.5
169,4,14,0.5802,0,0.5
169,1,75,0.2925,1,0.5
169,3,38,0.0,1,0.5
170,2,113,0.7614,0,0.5
170,4,14,0.6653,0,0.5
170,1,75,0.4157,1,0.5
170,3,38,0.0,1,0.5
171,2,113,0.7639,0,0.5
171,4,14,0.6451,0,0.5
171,1,75,0.3186,1,0.5
171,3,38,0.0,1,0.5
172,2,113,0.7813,0,0.5
172,4,14,0.5745,0,0.5
172,1,75,0.2119,1,0.5
172,3,38,0.0,1,0.5
173,2,113,0.7852,0,0.5
173,4,14,0.6136,0,0.5
173,1,75,0.2632,1,0.5
173,3,38,0.0,1,0.5
174,2,113,0.7829,0,0.5
174,4,14,0.6235,0,0.5
174,1,75,0.323,1,0.5
174,3,38,0.0,1,0.5
175,2,113,0.7882,0,0.5
175,4,14,0.6316,0,0.5
175,1,75,0.3216,1,0.5
175,3,38,0.0,1,0.5
176,2,113,0.7874,0,0.5
176,4,14,0.6119,0,0.5
176,1,75,0.2435,1,0.5
176,3,38,0.0,1,0.5
177,2,113,0.7679,0,0.5
177,4,14,0.5989,0,0.5
177,1,75,0.0252,1,0.5
177,3,38,0.003,1,0.5
178,2,113,0.753,0,0.5
178,4,14,0.5885,0,0.5
178,1,75,0.0199,1,0.5
178,3,38,0.0084,1,0.5
179,2,113,0.7444,0,0.5
179,4,14,0.5636,0,0.5
179,1,75,0.0209,1,0.5
179,3,38,0.0142,1,0.5
180,2,113,0.727,0,0.5
180,4,14,0.5773,0,0.5
180,3,38,0.0304,1,0.5
180,1,75,0.0195,1,0.5
181,2,113,0.7308,0,0.5
181,4,14,0.5814,0,0.5
181,3,38,0.0459,1,0.5
181,1,75,0.0298,1,0.5
182,2,113,0.7253,0,0.5
182,4,14,0.5591,0,0.5
182,3,38,0.0562,1,0.5
182,1,75,0.0167,1,0.5
183,2,113,0.7211,0,0.5
183,4,14,0.4953,1,0.5
183,3,38,0.0609,1,0.5
183,1,75,0.0132,1,0.5
184,2,113,0.7129,0,0.5
184,4,14,0.4904,1,0.5
184,3,38,0.0724,1,0.5
184,1,75,0.0219,1,0.5
185,2,113,0.6951,0,0.5
185,4,14,0.5025,0,0.5
185,3,38,0.0681,1,0.5
185,1,75,0.0106,1,0.5
186,2,113,0.6567,0,0.5
186,4,14,0.4776,1,0.5
186,3,38,0.0661,1,0.5
186,1,75,0.0236,1,0.5
187,2,113,0.6378,0,0.5
187,4,14,0.475,1,0.5
187,3,38,0.0586,1,0.5
187,1,75,0.019,1,0.5
188,2,113,0.6404,0,0.5
188,4,14,0.474,1,0.5
188,3,38,0.0556,1,0.5
188,1,75,0.0155,1,0.5
189,2,113,0.6563,0,0.5
189,4,14,0.4632,1,0.5
189,3,38,0.042,1,0.5
189,1,75,0.014,1,0.5
190,2,113,0.6629,0,0.5
190,4,14,0.4527,1,0.5
190,3,38,0.0319,1,0.5
190,1,75,0.0085,1,0.5
191,2,113,0.6757,0,0.5
191,4,14,0.4559,1,0.5
191,3,38,0.0241,1,0.5
191,1,75,0.0021,1,0.5
192,2,113,0.6704,0,0.5
192,4,14,0.466,1,0.5
192,1,75,0.0971,1,0.5
192,3,38,0.0278,1,0.5
193,4,14,0.7776,0,0.5
193,2,113,0.6654,0,0.5
193,1,75,0.4602,1,0.5
193,3,38,0.0361,1,0.5
194,4,14,0.771,0,0.5
194,2,113,0.6678,0,0.5
194,1,75,0.44,1,0.5
194,3,38,0.0449,1,0.5
195,4,14,0.7826,0,0.5
195,2,113,0.6757,0,0.5
195,1,75,0.4794,1,0.5
195,3,38,0.0558,1,0.5
196,4,14,0.7694,0,0.5
196,2,113,0.6906,0,0.5
196,1,75,0.4751,1,0.5
196,3,38,0.072,1,0.5
197,4,14,0.8553,0,0.5
197,2,113,0.8306,0,0.5
197,1,75,0.4265,1,0.5
197,3,38,0.1048,1,0.5
198,2,113,0.8274,0,0.5
198,4,14,0.7539,0,0.5
198,1,75,0.4159,1,0.5
198,3,38,0.1465,1,0.5
199,2,113,0.8478,0,0.5
199,4,14,0.7513,0,0.5
199,1,75,0.4547,1,0.5
199,3,38,0.1595,1,0.5
200,2,113,0.8507,0,0.5
200,4,14,0.8356,0,0.5
200,1,75,0.4598,1,0.5
200,3,38,0.1792,1,0.5
201,2,113,0.8459,0,0.5
201,4,14,0.8385,0,0.5
201,1,75,0.4675,1,0.5
201,3,38,0.1872,1,0.5
202,2,113,0.8461,0,0.5
202,4,14,0.8339,0,0.5
202,1,75,0.4657,1,0.5
202,3,38,0.1872,1,0.5
203,2,113,0.8476,0,0.5
203,4,14,0.8328,0,0.5
203,1,75,0.4695,1,0.5
203,3,38,0.204,1,0.5
204,2,113,0.8453,0,0.5
204,4,14,0.7199,0,0.5
204,1,75,0.4949,1,0.5
204,3,38,0.2156,1,0.5
205,2,113,0.8472,0,0.5
205,4,14,0.7189,0,0.5
205,1,75,0.5116,0,0.5
205,3,38,0.1957,1,0.5
206,2,113,0.847,0,0.5
206,4,14,0.7219,0,0.5
206,1,75,0.5255,0,0.5
206,3,38,0.2004,1,0.5
207,2,113,0.8429,0,0.5
207,4,14,0.7203,0,0.5
207,1,75,0.5151,0,0.5
207,3,38,0.2074,1,0.5
208,2,113,0.848,0,0.5
208,4,14,0.7138,0,0.5
208,1,75,0.5187,0,0.5
208,3,38,0.2011,1,0.5
209,2,113,0.8507,0,0.5
209,4,14,0.7115,0,0.5
209,1,75,0.5945,0,0.5
209,3,38,0.2104,1,0.5
210,2,113,0.8485,0,0.5
210,4,14,0.7097,0,0.5
210,1,75,0.5823,0,0.5
210,3,38,0.2047,1,0.5
211,2,113,0.8508,0,0.5
211,4,14,0.7195,0,0.5
211,1,75,0.5374,0,0.5
211,3,38,0.1803,1,0.5
212,2,113,0.8686,0,0.5
212,4,14,0.717,0,0.5
212,1,75,0.4937,1,0.5
212,3,38,0.1773,1,0.5
213,2,113,0.8742,0,0.5
213,4,14,0.7125,0,0.5
213,1,75,0.4585,1,0.5
213,3,38,0.1925,1,0.5
214,2,113,0.8628,0,0.5
214,4,14,0.7084,0,0.5
214,1,75,0.4257,1,0.5
214,3,38,0.2,1,0.5
215,2,113,0.8571,0,0.5
215,4,14,0.7037,0,0.5
215,1,75,0.4175,1,0.5
215,3,38,0.2164,1,0.5
216,2,113,0.8568,0,0.5
216,4,14,0.7019,0,0.5
216,1,75,0.3792,1,0.5
216,3,38,0.251,1,0.5
217,2,113,0.8467,0,0.5
217,4,14,0.7056,0,0.5
217,1,75,0.3764,1,0.5
217,3,38,0.328,1,0.5
218,2,113,0.8396,0,0.5
218,4,14,0.7142,0,0.5
218,1,75,0.4287,1,0.5
218,3,38,0.4129,1,0.5
219,2,113,0.8212,0,0.5
219,4,14,0.7171,0,0.5
219,3,38,0.4682,1,0.5
219,1,75,0.4373,1,0.5
220,2,113,0.8051,0,0.5
220,4,14,0.7195,0,0.5
220,3,38,0.5175,0,0.5
220,1,75,0.4659,1,0.5
221,2,113,0.8032,0,0.5
221,4,14,0.7244,0,0.5
221,3,38,0.5505,0,0.5
221,1,75,0.4645,1,0.5
222,2,113,0.8065,0,0.5
222,4,14,0.7362,0,0.5
222,3,38,0.5756,0,0.5
222,1,75,0.496,1,0.5
223,2,113,0.8044,0,0.5
223,4,14,0.7328,0,0.5
223,3,38,0.5989,0,0.5
223,1,75,0.4842,1,0.5
224,2,113,0.8018,0,0.5
224,4,14,0.7178,0,0.5
224,3,38,0.6168,0,0.5
224,1,75,0.5256,0,0.5
225,2,113,0.8047,0,0.5
225,4,14,0.6996,0,0.5
225,3,38,0.5965,0,0.5
225,1,75,0.5466,0,0.5
226,2,113,0.8083,0,0.5
226,4,14,0.6876,0,0.5
226,3,38,0.5994,0,0.5
226,1,75,0.5716,0,0.5
227,2,113,0.8083,0,0.5
227,4,14,0.6774,0,0.5
227,3,38,0.5981,0,0.5
227,1,75,0.5693,0,0.5
228,2,113,0.8047,0,0.5
228,4,14,0.6648,0,0.5
228,1,75,0.5853,0,0.5
228,3,38,0.5565,0,0.5
229,2,113,0.8142,0,0.5
229,4,14,0.6597,0,0.5
229,1,75,0.5805,0,0.5
229,3,38,0.5176,0,0.5
230,2,113,0.8511,0,0.5
230,4,14,0.6459,0,0.5
230,1,75,0.4833,1,0.5
230,3,38,0.4556,1,0.5
231,2,113,0.8726,0,0.5
231,4,14,0.63,0,0.5
231,1,75,0.4529,1,0.5
231,3,38,0.3875,1,0.5
232,2,113,0.8676,0,0.5
232,4,14,0.6149,0,0.5
232,1,75,0.4118,1,0.5
232,3,38,0.2718,1,0.5
233,2,113,0.8687,0,0.5
233,4,14,0.5946,0,0.5
233,1,75,0.4009,1,0.5
233,3,38,0.1613,1,0.5
234,2,113,0.8579,0,0.5
234,4,14,0.5768,0,0.5
234,1,75,0.3639,1,0.5
234,3,38,0.1223,1,0.5
235,2,113,0.8483,0,0.5
235,4,14,0.5567,0,0.5
235,1,75,0.3569,1,0.5
235,3,38,0.1192,1,0.5
236,2,113,0.8485,0,0.5
236,4,14,0.5391,0,0.5
236,1,75,0.3306,1,0.5
236,3,38,0.0927,1,0.5
237,2,113,0.8605,0,0.5
237,4,14,0.5215,0,0.5
237,1,75,0.2976,1,0.5
237,3,38,0.0766,1,0.5
238,2,113,0.8302,0,0.5
238,4,14,0.489,1,0.5
238,1,75,0.2915,1,0.5
238,3,38,0.0511,1,0.5
239,2,113,0.7917,0,0.5
239,4,14,0.4292,1,0.5
239,1,75,0.3102,1,0.5
239,3,38,0.0267,1,0.5
240,2,113,0.7961,0,0.5
240,4,14,0.3396,1,0.5
240,1,75,0.3157,1,0.5
240,3,38,0.0151,1,0.5
241,2,113,0.8055,0,0.5
241,1,75,0.3276,1,0.5
241,4,14,0.2213,1,0.5
241,3,38,0.0237,1,0.5
242,2,113,0.8385,0,0.5
242,1,75,0.3222,1,0.5
242,4,14,0.1556,1,0.5
242,3,38,0.0296,1,0.5
243,2,113,0.8426,0,0.5
243,1,75,0.2661,1,0.5
243,4,14,0.1195,1,0.5
243,3,38,0.0576,1,0.5
244,2,113,0.8408,0,0.5
244,1,75,0.1899,1,0.5
244,3,38,0.1075,1,0.5
244,4,14,0.0846,1,0.5
245,2,113,0.8049,0,0.5
245,3,38,0.2088,1,0.5
245,1,75,0.1326,1,0.5
245,4,14,0.0563,1,0.5
246,2,113,0.7408,0,0.5
246,3,38,0.2958,1,0.5
246,1,75,0.1024,1,0.5
246,4,14,0.0321,1,0.5
247,2,113,0.7354,0,0.5
247,3,38,0.3234,1,0.5
247,1,75,0.1566,1,0.5
247,4,14,0.0098,1,0.5
248,2,113,0.6832,0,0.5
248,1,75,0.3916,1,0.5
248,3,38,0.3622,1,0.5
248,4,14,0.001,1,0.5
249,2,113,0.6158,0,0.5
249,3,38,0.395,1,0.5
249,1,14,0.0,1,0.5
250,2,113,0.6922,0,0.5
250,3,38,0.4347,1,0.5
250,1,14,0.0,1,0.5
250,4,75,0.0,1,0.5
251,2,113,0.679,0,0.5
251,3,38,0.4784,1,0.5
251,1,14,0.0,1,0.5
251,4,75,0.0,1,0.5
252,2,113,0.6808,0,0.5
252,3,38,0.5796,0,0.5
252,1,14,0.0,1,0.5
252,4,75,0.0,1,0.5
253,3,38,0.6439,0,0.5
253,2,113,0.6164,0,0.5
253,1,14,0.0,1,0.5
253,4,75,0.0,1,0.5
254,3,38,0.6829,0,0.5
254,2,113,0.5473,0,0.5
254,1,14,0.0,1,0.5
254,4,75,0.0,1,0.5
255,3,38,0.6938,0,0.5
255,2,113,0.5007,0,0.5
255,1,14,0.0,1,0.5
255,4,75,0.0,1,0.5
256,3,38,0.6774,0,0.5
256,2,113,0.4463,1,0.5
256,1,14,0.0,1,0.5
256,4,75,0.0,1,0.5
257,3,38,0.6558,0,0.5
257,2,113,0.4158,1,0.5
257,1,14,0.0009,1,0.5
257,4,75,0.0,1,0.5
258,3,38,0.6369,0,0.5
258,2,113,0.3052,1,0.5
258,1,14,0.0007,1,0.5
258,4,75,0.0,1,0.5
259,3,38,0.6598,0,0.5
259,2,14,0.2797,1,0.5
259,1,113,0.0033,1,0.5
259,4,75,0.0,1,0.5
260,3,38,0.6339,0,0.5
260,2,14,0.3979,1,0.5
260,1,113,0.0496,1,0.5
260,4,75,0.0,1,0.5
261,3,38,0.5762,0,0.5
261,2,14,0.5401,0,0.5
261,1,113,0.1773,1,0.5
261,4,75,0.0,1,0.5
262,3,38,0.6073,0,0.5
262,2,14,0.52,0,0.5
262,1,113,0.1285,1,0.5
262,4,75,0.0,1,0.5
263,3,38,0.5923,0,0.5
263,2,14,0.5417,0,0.5
263,1,113,0.0899,1,0.5
263,4,75,0.0,1,0.5
264,3,38,0.5731,0,0.5
264,2,14,0.5211,0,0.5
264,1,113,0.0773,1,0.5
264,4,75,0.0,1,0.5
265,3,38,0.5609,0,0.5
265,2,14,0.5464,0,0.5
265,1,113,0.0596,1,0.5
265,4,75,0.0,1,0.5
266,2,14,0.5349,0,0.5
266,3,38,0.5333,0,0.5
266,1,113,0.0404,1,0.5
266,4,75,0.0,1,0.5
267,2,14,0.547,0,0.5
267,3,38,0.5262,0,0.5
267,1,113,0.0293,1,0.5
267,4,75,0.0,1,0.5
268,2,14,0.5402,0,0.5
268,3,38,0.5309,0,0.5
268,1,113,0.021,1,0.5
268,4,75,0.0,1,0.5
269,3,38,0.5373,0,0.5
269,2,14,0.523,0,0.5
269,1,75,0.0125,1,0.5
269,4,113,0.0,1,0.5
270,3,38,0.5435,0,0.5
270,2,14,0.4348,1,0.5
270,1,75,0.0107,1,0.5
270,4,113,0.0,1,0.5
271,3,38,0.5588,0,0.5
271,2,14,0.3562,1,0.5
271,1,113,0.0036,1,0.5
271,4,75,0.0,1,0.5
272,3,38,0.5816,0,0.5
272,2,113,0.283,1,0.5
272,4,14,0.1526,1,0.5
272,1,75,0.0,1,0.5
273,3,38,0.6019,0,0.5
273,2,113,0.3061,1,0.5
273,4,14,0.2028,1,0.5
273,1,75,0.0,1,0.5
274,3,38,0.6367,0,0.5
274,2,113,0.344,1,0.5
274,4,14,0.2133,1,0.5
274,1,75,0.0,1,0.5
275,3,38,0.6516,0,0.5
275,2,113,0.3856,1,0.5
275,4,14,0.2824,1,0.5
275,1,75,0.0,1,0.5
276,3,38,0.6784,0,0.5
276,2,113,0.3679,1,0.5
276,4,14,0.336,1,0.5
276,1,75,0.0,1,0.5
277,3,38,0.7109,0,0.5
277,4,14,0.4078,1,0.5
277,2,113,0.2709,1,0.5
277,1,75,0.0,1,0.5
278,3,38,0.6391,0,0.5
278,4,14,0.3754,1,0.5
278,2,113,0.0877,1,0.5
278,1,75,0.0,1,0.5
279,3,38,0.6061,0,0.5
279,4,14,0.3637,1,0.5
279,2,113,0.0888,1,0.5
279,1,75,0.0,1,0.5
280,3,38,0.5552,0,0.5
280,4,14,0.3619,1,0.5
280,2,113,0.0751,1,0.5
280,1,75,0.0,1,0.5
281,3,38,0.4547,1,0.5
281,4,14,0.3756,1,0.5
281,2,113,0.0569,1,0.5
281,1,75,0.0,1,0.5
282,3,38,0.4153,1,0.5
282,4,14,0.3748,1,0.5
282,2,113,0.037,1,0.5
282,1,75,0.0082,1,0.5
283,3,38,0.3811,1,0.5
283,4,14,0.3557,1,0.5
283,2,113,0.0353,1,0.5
283,1,75,0.0312,1,0.5
284,4,14,0.4077,1,0.5
284,3,38,0.2606,1,0.5
284,1,75,0.0457,1,0.5
284,2,113,0.0295,1,0.5
285,4,14,0.4239,1,0.5
285,3,38,0.1782,1,0.5
285,1,75,0.071,1,0.5
285,2,113,0.0181,1,0.5
286,4,14,0.4602,1,0.5
286,3,38,0.1297,1,0.5
286,1,75,0.1202,1,0.5
286,2,113,0.0069,1,0.5
287,4,14,0.4839,1,0.5
287,1,75,0.1807,1,0.5
287,3,38,0.1015,1,0.5
287,2,113,0.0078,1,0.5
288,4,14,0.5031,0,0.5
288,1,75,0.2399,1,0.5
288,3,38,0.0662,1,0.5
288,2,113,0.0051,1,0.5
289,4,14,0.5193,0,0.5
289,1,75,0.3131,1,0.5
289,3,38,0.0541,1,0.5
289,2,113,0.0017,1,0.5
290,4,14,0.5765,0,0.5
290,1,75,0.3596,1,0.5
290,3,38,0.0211,1,0.5
290,2,113,0.0172,1,0.5
291,4,14,0.5888,0,0.5
291,1,75,0.4435,1,0.5
291,2,113,0.0312,1,0.5
291,3,38,0.0098,1,0.5
292,4,14,0.6285,0,0.5
292,1,75,0.4956,1,0.5
292,2,113,0.0164,1,0.5
292,3,38,0.0053,1,0.5
293,4,14,0.5798,0,0.5
293,1,75,0.524,0,0.5
293,2,113,0.0187,1,0.5
293,3,38,0.0048,1,0.5
294,1,75,0.5827,0,0.5
294,4,14,0.5709,0,0.5
294,2,113,0.0208,1,0.5
294,3,38,0.0004,1,0.5
295,1,75,0.6237,0,0.5
295,4,14,0.5728,0,0.5
295,2,113,0.0271,1,0.5
295,3,38,0.0,1,0.5
296,1,75,0.6383,0,0.5
296,4,14,0.552,0,0.5
296,2,113,0.0203,1,0.5
296,3,38,0.0,1,0.5
297,1,75,0.6466,0,0.5
297,4,14,0.5143,0,0.5
297,2,113,0.0158,1,0.5
297,3,38,0.0,1,0.5
298,1,75,0.625,0,0.5
298,4,14,0.4828,1,0.5
298,2,113,0.0156,1,0.5
298,3,38,0.0,1,0.5
299,1,75,0.5328,0,0.5
299,4,14,0.4834,1,0.5
299,2,113,0.0121,1,0.5
299,3,38,0.0006,1,0.5
300,4,14,0.4963,1,0.5
300,1,75,0.4412,1,0.5
300,2,113,0.0171,1,0.5
300,3,38,0.0092,1,0.5
301,4,14,0.4947,1,0.5
301,1,75,0.3167,1,0.5
301,3,38,0.0329,1,0.5
301,2,113,0.0175,1,0.5
302,4,14,0.4946,1,0.5
302,1,75,0.2412,1,0.5
302,3,38,0.0355,1,0.5
302,2,113,0.0061,1,0.5
303,4,14,0.4842,1,0.5
303,1,75,0.1886,1,0.5
303,2,113,0.0033,1,0.5
303,3,38,0.0023,1,0.5
304,4,14,0.4761,1,0.5
304,1,75,0.1636,1,0.5
304,2,113,0.0065,1,0.5
304,3,38,0.0,1,0.5
305,4,14,0.4859,1,0.5
305,1,75,0.1462,1,0.5
305,2,113,0.0115,1,0.5
305,3,38,0.0,1,0.5
306,4,14,0.4766,1,0.5
306,1,75,0.1337,1,0.5
306,3,38,0.0861,1,0.5
306,2,113,0.0154,1,0.5
307,4,14,0.4926,1,0.5
307,1,75,0.133,1,0.5
307,3,38,0.0809,1,0.5
307,2,113,0.0153,1,0.5
308,4,14,0.5172,0,0.5
308,1,75,0.1518,1,0.5
308,2,113,0.0238,1,0.5
308,3,38,0.0,1,0.5
309,4,14,0.5281,0,0.5
309,1,75,0.1739,1,0.5
309,2,113,0.0272,1,0.5
309,3,38,0.0,1,0.5
310,4,14,0.528,0,0.5
310,1,75,0.2011,1,0.5
310,2,113,0.0258,1,0.5
310,3,38,0.0,1,0.5
311,4,14,0.5901,0,0.5
311,1,75,0.2453,1,0.5
311,2,113,0.2284,1,0.5
311,3,38,0.0,1,0.5
312,4,14,0.7221,0,0.5
312,2,113,0.6695,0,0.5
312,1,75,0.3155,1,0.5
312,3,38,0.0,1,0.5
313,4,14,0.7444,0,0.5
313,2,113,0.6779,0,0.5
313,1,75,0.4151,1,0.5
313,3,38,0.0,1,0.5
314,4,14,0.7688,0,0.5
314,2,113,0.632,0,0.5
314,1,75,0.4942,1,0.5
315,4,14,0.7984,0,0.5
315,1,75,0.6387,0,0.5
315,2,113,0.6237,0,0.5
316,4,14,0.7818,0,0.5
316,1,75,0.7034,0,0.5
316,2,113,0.6023,0,0.5
317,4,14,0.7023,0,0.5
317,1,75,0.678,0,0.5
317,2,113,0.5897,0,0.5
318,4,14,0.7156,0,0.5
318,1,75,0.6671,0,0.5
318,2,113,0.5504,0,0.5
319,4,14,0.7138,0,0.5
319,1,75,0.6608,0,0.5
319,2,113,0.513,0,0.5
320,4,14,0.7183,0,0.5
320,1,75,0.6515,0,0.5
320,2,113,0.4858,1,0.5
321,4,14,0.7364,0,0.5
321,1,75,0.6549,0,0.5
321,2,113,0.4554,1,0.5
322,4,14,0.7384,0,0.5
322,1,75,0.6506,0,0.5
322,2,113,0.4361,1,0.5
323,1,75,0.652,0,0.5
323,4,14,0.6349,0,0.5
323,2,113,0.4618,1,0.5
324,1,75,0.6318,0,0.5
324,4,14,0.6254,0,0.5
324,2,113,0.4701,1,0.5
325,1,75,0.6232,0,0.5
325,4,14,0.6096,0,0.5
325,2,113,0.4919,1,0.5
326,1,75,0.6136,0,0.5
326,4,14,0.6089,0,0.5
326,2,113,0.5411,0,0.5
327,1,75,0.6061,0,0.5
327,2,113,0.5976,0,0.5
327,4,14,0.5649,0,0.5
328,2,113,0.6515,0,0.5
328,1,75,0.5886,0,0.5
328,4,14,0.531,0,0.5
329,2,113,0.6825,0,0.5
329,1,75,0.608,0,0.5
329,4,14,0.4777,1,0.5
330,2,113,0.7039,0,0.5
330,1,75,0.5982,0,0.5
330,4,14,0.4412,1,0.5
331,2,113,0.7052,0,0.5
331,1,75,0.586,0,0.5
331,4,14,0.3955,1,0.5
332,2,113,0.7026,0,0.5
332,1,75,0.59,0,0.5
332,4,14,0.4226,1,0.5
333,2,113,0.7174,0,0.5
333,1,75,0.5958,0,0.5
333,4,14,0.4264,1,0.5
334,2,113,0.7318,0,0.5
334,1,75,0.5845,0,0.5
334,4,14,0.4933,1,0.5
335,2,113,0.6861,0,0.5
335,1,75,0.5517,0,0.5
335,4,14,0.4979,1,0.5
336,2,113,0.679,0,0.5
336,1,75,0.5472,0,0.5
336,4,14,0.5042,0,0.5
337,2,113,0.6857,0,0.5
337,1,75,0.5605,0,0.5
337,4,14,0.5269,0,0.5
338,2,113,0.6719,0,0.5
338,1,75,0.5564,0,0.5
338,4,14,0.5438,0,0.5
339,2,113,0.6853,0,0.5
339,4,14,0.6121,0,0.5
339,1,75,0.5581,0,0.5
340,2,113,0.6754,0,0.5
340,4,14,0.6462,0,0.5
340,1,75,0.5075,0,0.5
341,4,14,0.6795,0,0.5
341,2,113,0.6543,0,0.5
341,1,75,0.4593,1,0.5
342,4,14,0.7199,0,0.5
342,2,113,0.6208,0,0.5
342,1,75,0.4258,1,0.5
343,4,14,0.7318,0,0.5
343,2,113,0.603,0,0.5
343,1,75,0.4035,1,0.5
344,4,14,0.6728,0,0.5
344,2,113,0.602,0,0.5
344,1,75,0.3951,1,0.5
345,2,113,0.6174,0,0.5
345,4,14,0.5702,0,0.5
345,1,75,0.3952,1,0.5
346,2,113,0.6291,0,0.5
346,4,14,0.4548,1,0.5
346,1,75,0.4109,1,0.5
347,2,113,0.6377,0,0.5
347,1,75,0.3854,1,0.5
347,4,14,0.3848,1,0.5
348,2,113,0.6367,0,0.5
348,1,75,0.3815,1,0.5
348,4,14,0.3454,1,0.5
349,2,113,0.6521,0,0.5
349,1,75,0.3973,1,0.5
349,4,14,0.3219,1,0.5
350,2,113,0.6668,0,0.5
350,1,75,0.4036,1,0.5
350,4,14,0.302,1,0.5
351,2,113,0.6323,0,0.5
351,1,75,0.4074,1,0.5
351,4,14,0.3077,1,0.5
352,2,113,0.6261,0,0.5
352,1,75,0.4207,1,0.5
352,4,14,0.2907,1,0.5
353,2,113,0.5606,0,0.5
353,1,75,0.4843,1,0.5
353,4,14,0.2817,1,0.5
354,1,75,0.5511,0,0.5
354,2,113,0.5232,0,0.5
354,4,14,0.2729,1,0.5
355,1,75,0.5709,0,0.5
355,2,113,0.5058,0,0.5
355,4,14,0.2665,1,0.5
356,1,75,0.572,0,0.5
356,2,113,0.4938,1,0.5
356,4,14,0.2846,1,0.5
357,1,75,0.5682,0,0.5
357,2,113,0.4861,1,0.5
357,4,14,0.3035,1,0.5
358,1,75,0.5758,0,0.5
358,2,113,0.5105,0,0.5
358,4,14,0.3719,1,0.5
359,1,75,0.5987,0,0.5
359,2,113,0.5577,0,0.5
359,4,14,0.4393,1,0.5
360,2,113,0.6026,0,0.5
360,1,75,0.5965,0,0.5
360,4,14,0.4781,1,0.5
361,2,113,0.6255,0,0.5
361,1,75,0.579,0,0.5
361,4,14,0.506,0,0.5
362,1,75,0.5903,0,0.5
362,4,14,0.5551,0,0.5
362,2,113,0.5404,0,0.5
363,1,75,0.5743,0,0.5
363,4,14,0.5077,0,0.5
363,2,113,0.4573,1,0.5
364,4,14,0.5997,0,0.5
364,1,75,0.5497,0,0.5
364,2,113,0.3916,1,0.5
365,4,14,0.653,0,0.5
365,1,75,0.5803,0,0.5
365,2,113,0.3777,1,0.5
366,4,14,0.6527,0,0.5
366,1,75,0.5392,0,0.5
366,2,113,0.3642,1,0.5
367,4,14,0.6463,0,0.5
367,1,75,0.4626,1,0.5
367,2,113,0.3433,1,0.5
368,4,14,0.6302,0,0.5
368,1,75,0.4227,1,0.5
368,2,113,0.3409,1,0.5
369,4,14,0.6318,0,0.5
369,2,113,0.3607,1,0.5
369,1,75,0.3471,1,0.5
370,4,14,0.6443,0,0.5
370,2,113,0.3962,1,0.5
370,1,75,0.267,1,0.5
371,4,14,0.662,0,0.5
371,2,113,0.4149,1,0.5
371,1,75,0.2017,1,0.5
372,4,14,0.6516,0,0.5
372,2,113,0.4071,1,0.5
372,1,75,0.153,1,0.5
373,4,14,0.6498,0,0.5
373,2,113,0.4349,1,0.5
373,1,75,0.1171,1,0.5
374,4,14,0.6224,0,0.5
374,2,113,0.492,1,0.5
374,1,75,0.0858,1,0.5
375,4,14,0.6199,0,0.5
375,2,113,0.5756,0,0.5
375,1,75,0.0583,1,0.5
376,4,14,0.6104,0,0.5
376,2,113,0.5945,0,0.5
376,1,75,0.0323,1,0.5
377,2,113,0.6149,0,0.5
377,4,14,0.6081,0,0.5
377,1,75,0.0144,1,0.5
378,4,14,0.6237,0,0.5
378,2,113,0.6168,0,0.5
378,1,75,0.0003,1,0.5
379,4,14,0.6232,0,0.5
379,2,113,0.5997,0,0.5
379,1,75,0.0,1,0.5
380,4,14,0.6258,0,0.5
380,2,113,0.577,0,0.5
380,1,75,0.0,1,0.5
381,4,14,0.6266,0,0.5
381,2,113,0.5616,0,0.5
381,1,75,0.0,1,0.5
382,4,14,0.6186,0,0.5
382,2,113,0.5375,0,0.5
382,1,75,0.0,1,0.5
383,4,14,0.6186,0,0.5
383,2,113,0.5134,0,0.5
383,1,75,0.0,1,0.5
384,4,14,0.6269,0,0.5
384,2,113,0.4592,1,0.5
384,1,75,0.0055,1,0.5
385,4,14,0.6579,0,0.5
385,2,113,0.4097,1,0.5
385,1,75,0.0425,1,0.5
386,4,14,0.6721,0,0.5
386,2,113,0.3578,1,0.5
386,1,75,0.103,1,0.5
387,4,14,0.68,0,0.5
387,2,113,0.3195,1,0.5
387,1,75,0.2012,1,0.5
388,4,14,0.6864,0,0.5
388,1,75,0.3047,1,0.5
388,2,113,0.2847,1,0.5
389,4,14,0.6824,0,0.5
389,1,75,0.3933,1,0.5
389,2,113,0.2674,1,0.5
390,4,14,0.6879,0,0.5
390,1,75,0.4501,1,0.5
390,2,113,0.2523,1,0.5
391,4,14,0.6883,0,0.5
391,1,75,0.4912,1,0.5
391,2,113,0.2567,1,0.5
392,4,14,0.6851,0,0.5
392,1,75,0.5398,0,0.5
392,2,113,0.2634,1,0.5
393,4,14,0.6857,0,0.5
393,1,75,0.6209,0,0.5
393,2,113,0.2707,1,0.5
394,4,14,0.6839,0,0.5
394,1,75,0.6382,0,0.5
394,2,113,0.2778,1,0.5
395,4,14,0.6861,0,0.5
395,1,75,0.6605,0,0.5
395,2,113,0.3175,1,0.5
396,1,75,0.7113,0,0.5
396,4,14,0.6819,0,0.5
396,2,113,0.3741,1,0.5
397,1,75,0.6898,0,0.5
397,4,14,0.6876,0,0.5
397,2,113,0.4816,1,0.5
398,4,14,0.7294,0,0.5
398,1,75,0.715,0,0.5
398,2,113,0.5933,0,0.5
399,4,14,0.7277,0,0.5
399,1,75,0.6832,0,0.5
399,2,113,0.6544,0,0.5
400,4,14,0.7251,0,0.5
400,2,113,0.7071,0,0.5
400,1,75,0.6876,0,0.5
401,2,113,0.7242,0,0.5
401,4,14,0.7229,0,0.5
401,1,75,0.6871,0,0.5
402,4,14,0.7183,0,0.5
402,2,113,0.7092,0,0.5
402,1,75,0.6713,0,0.5
403,4,14,0.7159,0,0.5
403,1,75,0.6858,0,0.5
403,2,113,0.6834,0,0.5
404,4,14,0.7087,0,0.5
404,1,75,0.677,0,0.5
404,2,113,0.6519,0,0.5
405,4,14,0.716,0,0.5
405,1,75,0.6957,0,0.5
405,2,113,0.6486,0,0.5
406,4,14,0.7163,0,0.5
406,1,75,0.6976,0,0.5
406,2,113,0.6097,0,0.5
407,4,14,0.7096,0,0.5
407,1,75,0.7041,0,0.5
407,2,113,0.5819,0,0.5
408,1,75,0.7228,0,0.5
408,4,14,0.6996,0,0.5
408,2,113,0.5821,0,0.5
409,1,75,0.6839,0,0.5
409,4,14,0.6649,0,0.5
409,2,113,0.5872,0,0.5
410,4,14,0.6567,0,0.5
410,1,75,0.639,0,0.5
410,2,113,0.6144,0,0.5
411,4,14,0.6715,0,0.5
411,2,113,0.6441,0,0.5
411,1,75,0.5169,0,0.5
412,4,14,0.6777,0,0.5
412,2,113,0.6733,0,0.5
412,1,75,0.4563,1,0.5
413,4,14,0.6779,0,0.5
413,2,113,0.6775,0,0.5
413,1,75,0.4117,1,0.5
414,4,14,0.6662,0,0.5
414,2,113,0.6552,0,0.5
414,1,75,0.3717,1,0.5
415,4,14,0.6635,0,0.5
415,2,113,0.5947,0,0.5
415,1,75,0.257,1,0.5
416,4,14,0.6384,0,0.5
416,2,113,0.4965,1,0.5
416,1,75,0.1834,1,0.5
417,4,14,0.5922,0,0.5
417,2,113,0.4169,1,0.5
417,1,75,0.1503,1,0.5
418,4,14,0.6453,0,0.5
418,2,113,0.391,1,0.5
418,1,75,0.1089,1,0.5
419,4,14,0.6185,0,0.5
419,2,113,0.3723,1,0.5
419,1,75,0.0841,1,0.5
420,4,14,0.6331,0,0.5
420,2,113,0.358,1,0.5
420,1,75,0.0894,1,0.5
421,4,14,0.6349,0,0.5
421,2,113,0.3041,1,0.5
421,1,75,0.125,1,0.5
422,4,14,0.6472,0,0.5
422,2,113,0.2492,1,0.5
422,1,75,0.1549,1,0.5
423,4,14,0.6595,0,0.5
423,2,113,0.32,1,0.5
423,1,75,0.2342,1,0.5
424,4,14,0.6737,0,0.5
424,2,113,0.279,1,0.5
424,1,75,0.2656,1,0.5
425,4,14,0.6872,0,0.5
425,1,75,0.28,1,0.5
425,2,113,0.2419,1,0.5
426,4,14,0.7067,0,0.5
426,1,75,0.3067,1,0.5
426,2,113,0.1892,1,0.5
427,4,14,0.7166,0,0.5
427,1,75,0.3351,1,0.5
427,2,113,0.1088,1,0.5
428,4,14,0.7355,0,0.5
428,1,75,0.3878,1,0.5
428,2,113,0.0831,1,0.5
429,4,14,0.7424,0,0.5
429,1,75,0.3729,1,0.5
429,2,113,0.0544,1,0.5
430,4,14,0.7393,0,0.5
430,1,75,0.25,1,0.5
430,2,113,0.0242,1,0.5
431,4,14,0.7323,0,0.5
431,1,75,0.1709,1,0.5
431,2,113,0.0388,1,0.5
432,4,14,0.7354,0,0.5
432,1,75,0.0621,1,0.5
432,2,113,0.0239,1,0.5
433,4,14,0.7277,0,0.5
433,2,113,0.0171,1,0.5
433,1,75,0.0087,1,0.5
434,4,14,0.7226,0,0.5
434,2,75,0.0232,1,0.5
434,1,38,0.0,1,0.5
435,4,14,0.7377,0,0.5
435,2,75,0.0499,1,0.5
435,1,38,0.0,1,0.5
436,4,14,0.7322,0,0.5
436,2,75,0.0733,1,0.5
436,1,38,0.0,1,0.5
437,4,14,0.7308,0,0.5
437,2,75,0.1292,1,0.5
437,1,38,0.0,1,0.5
438,4,14,0.706,0,0.5
438,2,75,0.1833,1,0.5
438,1,38,0.0,1,0.5
439,4,14,0.6748,0,0.5
439,2,75,0.2277,1,0.5
439,1,38,0.0,1,0.5
440,4,14,0.6252,0,0.5
440,2,75,0.2781,1,0.5
440,1,38,0.0,1,0.5
441,4,14,0.6204,0,0.5
441,2,75,0.3067,1,0.5
441,1,38,0.0,1,0.5
442,4,14,0.6189,0,0.5
442,2,75,0.3387,1,0.5
442,1,38,0.0,1,0.5
443,4,14,0.6302,0,0.5
443,2,75,0.3566,1,0.5
443,1,38,0.0,1,0.5
444,4,14,0.635,0,0.5
444,2,113,0.1927,1,0.5
444,1,38,0.0,1,0.5
445,4,14,0.645,0,0.5
445,2,113,0.2764,1,0.5
445,1,38,0.0,1,0.5
446,4,14,0.686,0,0.5
446,2,113,0.3478,1,0.5
446,1,38,0.0,1,0.5
447,4,14,0.6823,0,0.5
447,2,113,0.4061,1,0.5
447,1,38,0.0,1,0.5
448,4,14,0.6921,0,0.5
448,2,113,0.4513,1,0.5
448,1,38,0.0,1,0.5
449,4,14,0.6761,0,0.5
449,2,113,0.422,1,0.5
449,1,38,0.0,1,0.5
450,4,14,0.6884,0,0.5
450,2,113,0.3811,1,0.5
450,1,38,0.0,1,0.5
451,4,14,0.6198,0,0.5
451,2,113,0.3671,1,0.5
451,1,38,0.0,1,0.5
452,4,14,0.5816,0,0.5
452,2,113,0.3397,1,0.5
452,1,38,0.0,1,0.5
453,4,14,0.4514,1,0.5
453,2,113,0.0611,1,0.5
453,1,38,0.0,1,0.5
454,4,14,0.3418,1,0.5
454,1,113,0.0182,1,0.5
454,2,38,0.0,1,0.5
455,4,14,0.2875,1,0.5
455,1,113,0.0384,1,0.5
455,2,38,0.0,1,0.5
456,4,14,0.3271,1,0.5
456,2,113,0.2568,1,0.5
456,1,38,0.0,1,0.5
457,4,14,0.2927,1,0.5
457,2,113,0.2597,1,0.5
457,1,38,0.0,1,0.5
458,4,14,0.3104,1,0.5
458,2,113,0.2803,1,0.5
458,1,38,0.0,1,0.5
459,4,14,0.3028,1,0.5
459,2,113,0.2801,1,0.5
459,1,38,0.0,1,0.5
460,2,113,0.2959,1,0.5
460,4,14,0.2651,1,0.5
460,1,38,0.0,1,0.5
461,2,113,0.322,1,0.5
461,4,14,0.2497,1,0.5
461,1,38,0.0,1,0.5
462,2,113,0.3551,1,0.5
462,4,14,0.2209,1,0.5
462,1,38,0.0,1,0.5
463,2,113,0.3795,1,0.5
463,4,14,0.2098,1,0.5
463,1,38,0.0,1,0.5
464,2,113,0.37,1,0.5
464,4,14,0.2099,1,0.5
464,1,38,0.0,1,0.5
465,2,113,0.3683,1,0.5
465,4,14,0.2236,1,0.5
465,1,75,0.0146,1,0.5
466,2,113,0.33,1,0.5
466,4,14,0.25,1,0.5
466,1,38,0.0,1,0.5
467,2,113,0.3036,1,0.5
467,4,14,0.2724,1,0.5
467,1,75,0.0049,1,0.5
468,2,113,0.2791,1,0.5
468,4,14,0.2775,1,0.5
468,1,75,0.0207,1,0.5
469,4,14,0.2565,1,0.5
469,2,113,0.2197,1,0.5
469,1,75,0.0458,1,0.5
470,4,14,0.2778,1,0.5
470,2,113,0.1998,1,0.5
470,1,75,0.0742,1,0.5
471,4,14,0.3051,1,0.5
471,2,113,0.1775,1,0.5
471,1,75,0.0956,1,0.5
472,4,14,0.3245,1,0.5
472,2,113,0.1591,1,0.5
472,1,75,0.1346,1,0.5
473,4,14,0.3497,1,0.5
473,2,113,0.143,1,0.5
473,1,75,0.1417,1,0.5
474,4,14,0.4125,1,0.5
474,2,113,0.1297,1,0.5
474,1,75,0.1213,1,0.5
475,4,14,0.469,1,0.5
475,1,75,0.136,1,0.5
475,2,113,0.1225,1,0.5
476,4,14,0.5312,0,0.5
476,1,75,0.108,1,0.5
476,2,113,0.107,1,0.5
477,4,14,0.5705,0,0.5
477,1,75,0.1149,1,0.5
477,2,113,0.0933,1,0.5
478,4,14,0.5678,0,0.5
478,1,75,0.0885,1,0.5
478,2,113,0.0812,1,0.5
479,4,14,0.6254,0,0.5
479,2,113,0.0905,1,0.5
479,1,75,0.0327,1,0.5
480,4,14,0.6111,0,0.5
480,2,113,0.0678,1,0.5
480,1,75,0.0039,1,0.5
481,4,14,0.6215,0,0.5
481,2,113,0.0592,1,0.5
481,1,38,0.0,1,0.5
482,4,14,0.6255,0,0.5
482,2,113,0.0554,1,0.5
482,1,38,0.0,1,0.5
483,4,14,0.6275,0,0.5
483,2,113,0.0501,1,0.5
483,1,38,0.0,1,0.5
484,4,14,0.6272,0,0.5
484,2,113,0.0477,1,0.5
484,1,75,0.0095,1,0.5
485,4,14,0.6199,0,0.5
485,1,75,0.0429,1,0.5
485,2,113,0.0413,1,0.5
486,4,14,0.6154,0,0.5
486,2,113,0.0398,1,0.5
486,1,75,0.038,1,0.5
487,4,14,0.6162,0,0.5
487,1,75,0.0624,1,0.5
487,2,113,0.0318,1,0.5
488,4,14,0.6107,0,0.5
488,1,75,0.119,1,0.5
488,2,113,0.0295,1,0.5
489,4,14,0.6313,0,0.5
489,1,75,0.1556,1,0.5
489,2,113,0.0372,1,0.5
490,4,14,0.6341,0,0.5
490,1,75,0.2122,1,0.5
490,2,113,0.0377,1,0.5
491,4,14,0.6006,0,0.5
491,1,75,0.273,1,0.5
491,2,113,0.0302,1,0.5
492,4,14,0.6367,0,0.5
492,1,75,0.344,1,0.5
492,2,113,0.0528,1,0.5
493,4,14,0.6373,0,0.5
493,1,75,0.3898,1,0.5
493,2,113,0.0608,1,0.5
494,4,14,0.6243,0,0.5
494,1,75,0.4159,1,0.5
494,2,113,0.0588,1,0.5
495,4,14,0.6203,0,0.5
495,1,75,0.3602,1,0.5
495,2,113,0.048,1,0.5
496,4,14,0.6312,0,0.5
496,1,75,0.3781,1,0.5
496,2,113,0.046,1,0.5
497,4,14,0.6091,0,0.5
497,1,75,0.3995,1,0.5
497,2,113,0.0553,1,0.5
498,4,14,0.594,0,0.5
498,1,75,0.494,1,0.5
498,2,113,0.0658,1,0.5
499,4,14,0.5856,0,0.5
499,1,75,0.5449,0,0.5
499,2,113,0.086,1,0.5
500,4,14,0.5665,0,0.5
500,1,75,0.4619,1,0.5
500,2,113,0.1186,1,0.5
501,4,14,0.5814,0,0.5
501,1,75,0.3726,1,0.5
501,2,113,0.1644,1,0.5
502,4,14,0.5767,0,0.5
502,1,75,0.392,1,0.5
502,2,113,0.2254,1,0.5
503,4,14,0.5762,0,0.5
503,1,75,0.3996,1,0.5
503,2,113,0.2727,1,0.5
504,4,14,0.5662,0,0.5
504,1,75,0.4096,1,0.5
504,2,113,0.3442,1,0.5
505,4,14,0.5749,0,0.5
505,2,113,0.4322,1,0.5
505,1,75,0.3734,1,0.5
506,4,14,0.5738,0,0.5
506,2,113,0.4978,1,0.5
506,1,75,0.3574,1,0.5
507,4,14,0.5591,0,0.5
507,2,113,0.5386,0,0.5
507,1,75,0.3854,1,0.5
508,2,113,0.6263,0,0.5
508,4,14,0.5232,0,0.5
508,1,75,0.4497,1,0.5
509,2,113,0.6735,0,0.5
509,4,14,0.501,0,0.5
509,1,75,0.3462,1,0.5
510,2,113,0.6357,0,0.5
510,4,14,0.457,1,0.5
510,1,75,0.2159,1,0.5
511,2,113,0.5918,0,0.5
511,4,14,0.4561,1,0.5
511,1,75,0.1594,1,0.5
512,2,113,0.5568,0,0.5
512,4,14,0.4379,1,0.5
512,1,75,0.2438,1,0.5
513,2,113,0.4952,1,0.5
513,4,14,0.4495,1,0.5
513,1,75,0.2275,1,0.5
514,2,113,0.4528,1,0.5
514,4,14,0.4401,1,0.5
514,1,75,0.1224,1,0.5
515,4,14,0.4302,1,0.5
515,2,113,0.4253,1,0.5
515,1,75,0.0981,1,0.5
516,4,14,0.417,1,0.5
516,2,113,0.4159,1,0.5
516,1,75,0.0569,1,0.5
517,2,113,0.4237,1,0.5
517,4,14,0.4078,1,0.5
517,1,75,0.0396,1,0.5
518,2,113,0.4297,1,0.5
518,4,14,0.4137,1,0.5
518,1,75,0.0496,1,0.5
519,2,113,0.4551,1,0.5
519,4,14,0.4265,1,0.5
519,1,75,0.0777,1,0.5
520,2,113,0.5009,0,0.5
520,4,14,0.4466,1,0.5
520,1,75,0.1655,1,0.5
521,2,113,0.513,0,0.5
521,4,14,0.4694,1,0.5
521,1,75,0.3884,1,0.5
522,2,113,0.5459,0,0.5
522,4,14,0.5172,0,0.5
522,1,75,0.4891,1,0.5
523,2,113,0.5959,0,0.5
523,4,14,0.5316,0,0.5
523,1,75,0.5032,0,0.5
524,2,113,0.6718,0,0.5
524,4,14,0.4866,1,0.5
524,1,75,0.4642,1,0.5
525,2,113,0.74,0,0.5
525,4,14,0.4156,1,0.5
525,1,75,0.3757,1,0.5
526,2,113,0.7761,0,0.5
526,4,14,0.3442,1,0.5
526,1,75,0.3326,1,0.5
527,2,113,0.7591,0,0.5
527,4,14,0.2825,1,0.5
527,1,75,0.2618,1,0.5
528,2,113,0.7128,0,0.5
528,1,75,0.2254,1,0.5
528,4,14,0.2129,1,0.5
529,2,113,0.6661,0,0.5
529,1,75,0.1831,1,0.5
529,4,14,0.1537,1,0.5
530,2,113,0.6645,0,0.5
530,1,75,0.1404,1,0.5
530,4,14,0.1198,1,0.5
531,2,113,0.6469,0,0.5
531,1,75,0.1214,1,0.5
531,4,14,0.0915,1,0.5
532,2,113,0.6317,0,0.5
532,1,75,0.1311,1,0.5
532,4,14,0.0688,1,0.5
533,2,113,0.6267,0,0.5
533,1,75,0.1185,1,0.5
533,4,14,0.0571,1,0.5
534,2,113,0.6372,0,0.5
534,1,75,0.0986,1,0.5
534,4,14,0.0391,1,0.5
535,2,113,0.6476,0,0.5
535,1,75,0.0854,1,0.5
535,4,14,0.0319,1,0.5
536,2,113,0.6532,0,0.5
536,1,75,0.08,1,0.5
536,4,14,0.0294,1,0.5
537,2,113,0.6641,0,0.5
537,1,75,0.0551,1,0.5
537,4,14,0.0149,1,0.5
538,2,113,0.7315,0,0.5
538,1,75,0.0485,1,0.5
538,4,14,0.0266,1,0.5
539,2,113,0.7487,0,0.5
539,1,75,0.0542,1,0.5
539,4,14,0.0357,1,0.5
540,2,113,0.7561,0,0.5
540,1,75,0.0666,1,0.5
540,4,14,0.0325,1,0.5
541,2,113,0.71,0,0.5
541,1,75,0.064,1,0.5
541,4,14,0.0308,1,0.5
542,2,113,0.7084,0,0.5
542,1,75,0.0603,1,0.5
542,4,14,0.0241,1,0.5
543,2,113,0.7572,0,0.5
543,1,75,0.0503,1,0.5
543,4,14,0.0212,1,0.5
544,2,113,0.7602,0,0.5
544,1,75,0.0432,1,0.5
544,4,14,0.0076,1,0.5
545,2,113,0.7584,0,0.5
545,1,75,0.0353,1,0.5
545,4,14,0.0024,1,0.5
546,2,113,0.7155,0,0.5
546,1,75,0.0467,1,0.5
546,4,14,0.0007,1,0.5
547,2,113,0.6141,0,0.5
547,1,75,0.0512,1,0.5
547,4,14,0.0001,1,0.5
548,2,113,0.506,0,0.5
548,1,75,0.0596,1,0.5
548,4,14,0.0,1,0.5
549,2,113,0.5676,0,0.5
549,1,75,0.0603,1,0.5
549,4,14,0.0,1,0.5
550,2,113,0.4526,1,0.5
550,1,75,0.0687,1,0.5
550,4,14,0.0034,1,0.5
551,2,113,0.4428,1,0.5
551,1,75,0.0845,1,0.5
551,4,14,0.0055,1,0.5
552,2,113,0.4446,1,0.5
552,1,75,0.0787,1,0.5
552,4,14,0.0025,1,0.5
553,2,113,0.4212,1,0.5
553,1,75,0.0631,1,0.5
553,4,14,0.0128,1,0.5
554,2,113,0.4179,1,0.5
554,1,75,0.0691,1,0.5
554,4,14,0.0196,1,0.5
555,2,113,0.3889,1,0.5
555,1,75,0.0659,1,0.5
555,4,14,0.0434,1,0.5
556,2,113,0.3533,1,0.5
556,1,75,0.0831,1,0.5
556,4,14,0.0716,1,0.5
557,2,113,0.4035,1,0.5
557,1,75,0.0941,1,0.5
557,4,14,0.0891,1,0.5
558,2,113,0.3131,1,0.5
558,1,75,0.1351,1,0.5
558,4,14,0.1335,1,0.5
559,2,113,0.3255,1,0.5
559,4,14,0.2209,1,0.5
559,1,75,0.1945,1,0.5
560,2,113,0.3319,1,0.5
560,4,14,0.2567,1,0.5
560,1,75,0.2425,1,0.5
561,2,113,0.4228,1,0.5
561,4,14,0.3539,1,0.5
561,1,75,0.2755,1,0.5
562,2,113,0.4786,1,0.5
562,4,14,0.3926,1,0.5
562,1,75,0.2753,1,0.5
563,2,113,0.5076,0,0.5
563,4,14,0.4005,1,0.5
563,1,75,0.3113,1,0.5
564,2,113,0.4916,1,0.5
564,4,14,0.4212,1,0.5
564,1,75,0.4146,1,0.5
565,2,113,0.5329,0,0.5
565,1,75,0.4908,1,0.5
565,4,14,0.4235,1,0.5
566,2,113,0.5543,0,0.5
566,1,75,0.5048,0,0.5
566,4,14,0.3988,1,0.5
567,2,113,0.5332,0,0.5
567,1,75,0.49,1,0.5
567,4,14,0.3371,1,0.5
568,1,75,0.568,0,0.5
568,2,113,0.502,0,0.5
568,4,14,0.2852,1,0.5
569,1,75,0.6429,0,0.5
569,2,113,0.4615,1,0.5
569,4,14,0.2391,1,0.5
570,1,75,0.6355,0,0.5
570,2,113,0.4576,1,0.5
570,4,14,0.1927,1,0.5
571,1,75,0.6366,0,0.5
571,2,113,0.4522,1,0.5
571,4,14,0.1867,1,0.5
572,1,75,0.6687,0,0.5
572,2,113,0.4693,1,0.5
572,4,14,0.1828,1,0.5
573,1,75,0.6916,0,0.5
573,2,113,0.5353,0,0.5
573,4,14,0.2026,1,0.5
574,1,75,0.6925,0,0.5
574,2,113,0.543,0,0.5
574,4,14,0.188,1,0.5
575,1,75,0.6527,0,0.5
575,2,113,0.585,0,0.5
575,4,14,0.2116,1,0.5
576,1,75,0.5962,0,0.5
576,2,113,0.5795,0,0.5
576,4,14,0.2274,1,0.5
577,1,75,0.6079,0,0.5
577,2,113,0.5691,0,0.5
577,4,14,0.2747,1,0.5
578,1,75,0.6019,0,0.5
578,2,113,0.5173,0,0.5
578,4,14,0.3216,1,0.5
579,1,75,0.5897,0,0.5
579,2,113,0.4628,1,0.5
579,4,14,0.3873,1,0.5
580,1,75,0.6003,0,0.5
580,4,14,0.4676,1,0.5
580,2,113,0.4553,1,0.5
581,1,75,0.613,0,0.5
581,4,14,0.5648,0,0.5
581,2,113,0.4142,1,0.5
582,4,14,0.6398,0,0.5
582,1,75,0.612,0,0.5
582,2,113,0.3694,1,0.5
583,4,14,0.7093,0,0.5
583,1,75,0.618,0,0.5
583,2,113,0.3578,1,0.5
584,4,14,0.6702,0,0.5
584,1,75,0.6643,0,0.5
584,2,113,0.3606,1,0.5
585,1,75,0.7087,0,0.5
585,4,14,0.6721,0,0.5
585,2,113,0.3953,1,0.5
586,1,75,0.6841,0,0.5
586,4,14,0.6464,0,0.5
586,2,113,0.4328,1,0.5
587,1,75,0.6826,0,0.5
587,4,14,0.6462,0,0.5
587,2,113,0.4923,1,0.5
588,1,75,0.7042,0,0.5
588,4,14,0.6334,0,0.5
588,2,113,0.5618,0,0.5
589,1,75,0.6943,0,0.5
589,2,113,0.6385,0,0.5
589,4,14,0.6347,0,0.5
590,2,113,0.6927,0,0.5
590,1,75,0.6742,0,0.5
590,4,14,0.6347,0,0.5
591,2,113,0.7312,0,0.5
591,1,75,0.6679,0,0.5
591,4,14,0.632,0,0.5
592,2,113,0.7495,0,0.5
592,1,75,0.6421,0,0.5
592,4,14,0.627,0,0.5
593,2,113,0.7537,0,0.5
593,4,14,0.6342,0,0.5
593,1,75,0.6244,0,0.5
594,2,113,0.736,0,0.5
594,4,14,0.6167,0,0.5
594,1,75,0.6101,0,0.5
595,2,113,0.7232,0,0.5
595,4,14,0.5961,0,0.5
595,1,75,0.5811,0,0.5
596,2,113,0.6925,0,0.5
596,4,14,0.5926,0,0.5
596,1,75,0.5759,0,0.5
597,2,113,0.6758,0,0.5
597,1,75,0.6052,0,0.5
597,4,14,0.5935,0,0.5
598,2,113,0.6543,0,0.5
598,4,14,0.6438,0,0.5
598,1,75,0.5879,0,0.5
599,2,113,0.6595,0,0.5
599,4,14,0.6423,0,0.5
599,1,75,0.6124,0,0.5
600,4,14,0.6599,0,0.5
600,1,75,0.6422,0,0.5
600,2,113,0.6354,0,0.5
601,4,14,0.703,0,0.5
601,2,113,0.6612,0,0.5
601,1,75,0.6609,0,0.5
602,4,14,0.7126,0,0.5
602,2,113,0.6842,0,0.5
602,1,75,0.5675,0,0.5
603,2,113,0.7072,0,0.5
603,4,14,0.6715,0,0.5
603,1,75,0.4528,1,0.5
604,2,113,0.7206,0,0.5
604,4,14,0.6163,0,0.5
604,1,75,0.3925,1,0.5
605,2,113,0.7243,0,0.5
605,4,14,0.5568,0,0.5
605,1,75,0.3086,1,0.5
606,2,113,0.7221,0,0.5
606,4,14,0.4978,1,0.5
606,1,75,0.2381,1,0.5
607,2,113,0.7438,0,0.5
607,4,14,0.4278,1,0.5
607,1,75,0.198,1,0.5
608,2,113,0.6743,0,0.5
608,4,14,0.3764,1,0.5
608,1,75,0.1589,1,0.5
609,2,113,0.5967,0,0.5
609,4,14,0.3501,1,0.5
609,1,75,0.135,1,0.5
610,2,113,0.6011,0,0.5
610,4,14,0.3277,1,0.5
610,1,75,0.1236,1,0.5
611,2,113,0.5482,0,0.5
611,4,14,0.3137,1,0.5
611,1,75,0.1234,1,0.5
612,2,113,0.5675,0,0.5
612,4,14,0.296,1,0.5
612,1,75,0.1453,1,0.5
613,2,113,0.5349,0,0.5
613,4,14,0.2847,1,0.5
613,1,75,0.1908,1,0.5
614,2,113,0.5812,0,0.5
614,4,14,0.2796,1,0.5
614,1,75,0.2223,1,0.5
615,2,113,0.6077,0,0.5
615,4,14,0.2967,1,0.5
615,1,75,0.2944,1,0.5
616,2,113,0.5948,0,0.5
616,1,75,0.3659,1,0.5
616,4,14,0.3054,1,0.5
617,2,113,0.5005,0,0.5
617,1,75,0.4185,1,0.5
617,4,14,0.3289,1,0.5
618,1,75,0.4485,1,0.5
618,2,113,0.3953,1,0.5
618,4,14,0.3621,1,0.5
619,2,113,0.4802,1,0.5
619,4,14,0.4459,1,0.5
619,1,75,0.4332,1,0.5
620,4,14,0.4941,1,0.5
620,1,75,0.4221,1,0.5
620,2,113,0.3083,1,0.5
621,4,14,0.5236,0,0.5
621,1,75,0.4012,1,0.5
621,2,113,0.2244,1,0.5
622,4,14,0.5195,0,0.5
622,1,75,0.3806,1,0.5
622,2,113,0.1506,1,0.5
623,4,14,0.5117,0,0.5
623,1,75,0.3519,1,0.5
623,2,113,0.1118,1,0.5
624,4,14,0.5006,0,0.5
624,1,75,0.2969,1,0.5
624,2,113,0.0977,1,0.5
625,4,14,0.4937,1,0.5
625,1,75,0.2705,1,0.5
625,2,113,0.0842,1,0.5
626,4,14,0.4649,1,0.5
626,1,75,0.2879,1,0.5
626,2,113,0.0699,1,0.5
627,4,14,0.4235,1,0.5
627,1,75,0.276,1,0.5
627,2,113,0.0707,1,0.5
628,4,14,0.4052,1,0.5
628,1,75,0.2849,1,0.5
628,2,113,0.0766,1,0.5
629,4,14,0.3463,1,0.5
629,1,75,0.305,1,0.5
629,2,113,0.0973,1,0.5
630,1,75,0.4162,1,0.5
630,4,14,0.2513,1,0.5
630,2,113,0.1224,1,0.5
631,1,75,0.4956,1,0.5
631,4,14,0.1894,1,0.5
631,2,113,0.1636,1,0.5
632,1,75,0.5221,0,0.5
632,2,113,0.202,1,0.5
632,4,14,0.1536,1,0.5
633,1,75,0.4481,1,0.5
633,2,113,0.2294,1,0.5
633,4,14,0.1135,1,0.5
634,1,75,0.4088,1,0.5
634,2,113,0.2445,1,0.5
634,4,14,0.0765,1,0.5
635,2,113,0.2762,1,0.5
635,1,75,0.2578,1,0.5
635,4,14,0.05,1,0.5
636,2,113,0.3119,1,0.5
636,1,75,0.2385,1,0.5
636,4,14,0.0351,1,0.5
637,2,113,0.3488,1,0.5
637,1,75,0.201,1,0.5
637,4,14,0.0371,1,0.5
638,2,113,0.3369,1,0.5
638,1,75,0.1167,1,0.5
638,4,14,0.0518,1,0.5
639,2,113,0.3495,1,0.5
639,4,14,0.0839,1,0.5
639,1,75,0.0836,1,0.5
640,2,113,0.352,1,0.5
640,4,14,0.1165,1,0.5
640,1,75,0.0677,1,0.5
641,2,113,0.3532,1,0.5
641,4,14,0.1495,1,0.5
641,1,75,0.059,1,0.5
642,2,113,0.3249,1,0.5
642,4,14,0.21,1,0.5
642,1,75,0.0384,1,0.5
643,2,113,0.3097,1,0.5
643,4,14,0.2523,1,0.5
643,1,75,0.0225,1,0.5
644,4,14,0.2865,1,0.5
644,2,113,0.274,1,0.5
644,1,75,0.0262,1,0.5
645,4,14,0.2794,1,0.5
645,2,113,0.2344,1,0.5
645,1,75,0.034,1,0.5
646,4,14,0.2851,1,0.5
646,2,113,0.1964,1,0.5
646,1,75,0.0252,1,0.5
647,4,14,0.3243,1,0.5
647,2,113,0.1706,1,0.5
647,1,75,0.0172,1,0.5
648,4,14,0.3584,1,0.5
648,2,113,0.146,1,0.5
648,1,75,0.0166,1,0.5
649,4,14,0.3807,1,0.5
649,2,113,0.1432,1,0.5
649,1,75,0.0051,1,0.5
650,4,14,0.4245,1,0.5
650,2,113,0.1346,1,0.5
650,1,75,0.0,1,0.5
651,4,14,0.4685,1,0.5
651,2,113,0.1299,1,0.5
651,1,75,0.001,1,0.5
652,4,14,0.4897,1,0.5
652,2,113,0.1317,1,0.5
652,1,75,0.0138,1,0.5
653,4,14,0.5228,0,0.5
653,2,113,0.1594,1,0.5
653,1,75,0.0681,1,0.5
654,4,14,0.5532,0,0.5
654,2,113,0.1744,1,0.5
654,1,75,0.1744,1,0.5
655,4,14,0.592,0,0.5
655,1,75,0.2548,1,0.5
655,2,113,0.2016,1,0.5
656,4,14,0.631,0,0.5
656,2,113,0.2264,1,0.5
656,1,75,0.1887,1,0.5
657,4,14,0.6454,0,0.5
657,2,113,0.2619,1,0.5
657,1,75,0.0814,1,0.5
658,4,14,0.6471,0,0.5
658,2,113,0.2936,1,0.5
658,1,75,0.0393,1,0.5
659,4,14,0.6612,0,0.5
659,2,113,0.3383,1,0.5
659,1,75,0.0119,1,0.5
660,4,14,0.6738,0,0.5
660,2,113,0.3765,1,0.5
660,1,75,0.0024,1,0.5
661,4,14,0.7069,0,0.5
661,2,113,0.389,1,0.5
661,1,75,0.0,1,0.5
662,4,14,0.7382,0,0.5
662,2,113,0.3965,1,0.5
662,1,75,0.0,1,0.5
663,4,14,0.7427,0,0.5
663,2,113,0.3887,1,0.5
663,1,75,0.0,1,0.5
664,4,14,0.6471,0,0.5
664,2,113,0.3676,1,0.5
664,1,75,0.0,1,0.5
665,4,14,0.5521,0,0.5
665,2,113,0.3757,1,0.5
665,1,38,0.0,1,0.5
666,4,14,0.4414,1,0.5
666,2,113,0.3549,1,0.5
666,1,38,0.0,1,0.5
667,4,14,0.3589,1,0.5
667,2,113,0.3463,1,0.5
667,1,75,0.0303,1,0.5
668,2,113,0.3,1,0.5
668,4,14,0.2961,1,0.5
668,1,75,0.0393,1,0.5
669,2,113,0.2767,1,0.5
669,4,14,0.2535,1,0.5
669,1,75,0.0387,1,0.5
670,2,113,0.2654,1,0.5
670,4,14,0.2133,1,0.5
670,1,75,0.0179,1,0.5
671,4,75,0.3414,1,0.5
671,2,113,0.2695,1,0.5
671,1,14,0.0002,1,0.5
672,4,75,0.3508,1,0.5
672,2,113,0.2687,1,0.5
672,1,14,0.0,1,0.5
673,4,75,0.3365,1,0.5
673,2,113,0.287,1,0.5
673,1,14,0.0,1,0.5
674,2,113,0.3055,1,0.5
674,4,75,0.2569,1,0.5
674,1,14,0.0,1,0.5
675,2,113,0.3172,1,0.5
675,4,14,0.2644,1,0.5
675,1,38,0.0,1,0.5
676,2,113,0.3296,1,0.5
676,4,14,0.29,1,0.5
676,1,38,0.0,1,0.5
677,4,14,0.3696,1,0.5
677,2,113,0.3484,1,0.5
677,1,38,0.0,1,0.5
678,4,14,0.4203,1,0.5
678,2,113,0.379,1,0.5
678,1,38,0.0,1,0.5
679,4,14,0.5075,0,0.5
679,2,113,0.4686,1,0.5
679,1,38,0.0,1,0.5
680,4,14,0.5743,0,0.5
680,2,113,0.5447,0,0.5
680,1,38,0.0,1,0.5
681,4,14,0.6102,0,0.5
681,2,113,0.5971,0,0.5
681,1,38,0.0,1,0.5
682,4,14,0.6574,0,0.5
682,2,113,0.657,0,0.5
682,1,38,0.0,1,0.5
683,4,14,0.68,0,0.5
683,2,113,0.6747,0,0.5
683,1,38,0.0,1,0.5
684,4,14,0.7176,0,0.5
684,2,113,0.6929,0,0.5
684,1,38,0.0,1,0.5
685,2,113,0.7195,0,0.5
685,4,14,0.6944,0,0.5
685,1,38,0.0,1,0.5
686,2,113,0.7264,0,0.5
686,4,14,0.6627,0,0.5
686,1,38,0.0,1,0.5
687,2,113,0.7208,0,0.5
687,4,14,0.6194,0,0.5
687,1,38,0.0,1,0.5
688,2,113,0.7204,0,0.5
688,4,14,0.6825,0,0.5
688,1,38,0.0,1,0.5
689,2,113,0.7313,0,0.5
689,4,14,0.6983,0,0.5
689,1,38,0.0,1,0.5
690,2,113,0.7433,0,0.5
690,4,14,0.6808,0,0.5
690,3,38,0.0044,1,0.5
690,1,75,0.0,1,0.5
691,2,113,0.7913,0,0.5
691,4,14,0.6719,0,0.5
691,3,38,0.0048,1,0.5
691,1,75,0.0,1,0.5
692,2,113,0.7559,0,0.5
692,4,14,0.6718,0,0.5
692,3,38,0.005,1,0.5
692,1,75,0.002,1,0.5
693,2,113,0.7676,0,0.5
693,4,14,0.6784,0,0.5
693,1,75,0.0532,1,0.5
693,3,38,0.0257,1,0.5
694,2,113,0.7639,0,0.5
694,4,14,0.6838,0,0.5
694,1,75,0.1309,1,0.5
694,3,38,0.0105,1,0.5
695,2,113,0.7665,0,0.5
695,4,14,0.6912,0,0.5
695,1,75,0.2156,1,0.5
695,3,38,0.0252,1,0.5
696,2,113,0.7579,0,0.5
696,4,14,0.6915,0,0.5
696,1,75,0.2667,1,0.5
696,3,38,0.0112,1,0.5
697,2,113,0.7696,0,0.5
697,4,14,0.6885,0,0.5
697,1,75,0.3135,1,0.5
697,3,38,0.0051,1,0.5
698,2,113,0.7686,0,0.5
698,4,14,0.6911,0,0.5
698,1,75,0.3568,1,0.5
698,3,38,0.0002,1,0.5
699,2,113,0.7775,0,0.5
699,4,14,0.6939,0,0.5
699,1,75,0.5114,0,0.5
699,3,38,0.009,1,0.5
700,2,113,0.7817,0,0.5
700,4,14,0.698,0,0.5
700,1,75,0.6663,0,0.5
700,3,38,0.0027,1,0.5
701,2,113,0.7897,0,0.5
701,4,14,0.7113,0,0.5
701,1,75,0.6591,0,0.5
701,3,38,0.0008,1,0.5
702,2,113,0.7817,0,0.5
702,4,14,0.7281,0,0.5
702,1,75,0.537,0,0.5
702,3,38,0.0099,1,0.5
703,2,113,0.7947,0,0.5
703,4,14,0.7212,0,0.5
703,1,75,0.441,1,0.5
703,3,38,0.0128,1,0.5
704,2,113,0.7637,0,0.5
704,4,14,0.7205,0,0.5
704,1,75,0.3993,1,0.5
704,3,38,0.0087,1,0.5
705,2,113,0.7665,0,0.5
705,4,14,0.7222,0,0.5
705,1,75,0.373,1,0.5
705,3,38,0.0106,1,0.5
706,2,113,0.7568,0,0.5
706,4,14,0.7199,0,0.5
706,1,75,0.3292,1,0.5
706,3,38,0.0047,1,0.5
707,2,113,0.7521,0,0.5
707,4,14,0.7226,0,0.5
707,1,75,0.2968,1,0.5
707,3,38,0.0,1,0.5
708,4,14,0.7233,0,0.5
708,2,113,0.709,0,0.5
708,1,75,0.2775,1,0.5
708,3,38,0.0052,1,0.5
709,4,14,0.7216,0,0.5
709,2,113,0.7162,0,0.5
709,1,75,0.2706,1,0.5
709,3,38,0.0359,1,0.5
710,4,14,0.7215,0,0.5
710,2,113,0.6997,0,0.5
710,1,75,0.2966,1,0.5
710,3,38,0.0346,1,0.5
711,2,113,0.7294,0,0.5
711,4,14,0.7242,0,0.5
711,1,75,0.3462,1,0.5
711,3,38,0.0361,1,0.5
712,2,113,0.7611,0,0.5
712,4,14,0.724,0,0.5
712,1,75,0.3711,1,0.5
712,3,38,0.0428,1,0.5
713,2,113,0.7548,0,0.5
713,4,14,0.7262,0,0.5
713,1,75,0.3607,1,0.5
713,3,38,0.0707,1,0.5
714,2,113,0.7787,0,0.5
714,4,14,0.7259,0,0.5
714,1,75,0.3973,1,0.5
714,3,38,0.09,1,0.5
715,2,113,0.779,0,0.5
715,4,14,0.7423,0,0.5
715,1,75,0.3948,1,0.5
715,3,38,0.1243,1,0.5
716,2,113,0.7518,0,0.5
716,4,14,0.75,0,0.5
716,1,75,0.4084,1,0.5
716,3,38,0.1666,1,0.5
717,2,113,0.7723,0,0.5
717,4,14,0.7533,0,0.5
717,1,75,0.4172,1,0.5
717,3,38,0.1791,1,0.5
718,2,113,0.7785,0,0.5
718,4,14,0.7376,0,0.5
718,1,75,0.4531,1,0.5
718,3,38,0.1915,1,0.5
719,2,113,0.7889,0,0.5
719,4,14,0.7529,0,0.5
719,1,75,0.4959,1,0.5
719,3,38,0.2958,1,0.5
720,2,113,0.7933,0,0.5
720,4,14,0.7533,0,0.5
720,1,75,0.5349,0,0.5
720,3,38,0.3786,1,0.5
721,2,113,0.8218,0,0.5
721,4,14,0.7532,0,0.5
721,1,75,0.5644,0,0.5
721,3,38,0.3425,1,0.5
722,2,113,0.8232,0,0.5
722,4,14,0.7625,0,0.5
722,1,75,0.6031,0,0.5
722,3,38,0.321,1,0.5
723,2,113,0.8257,0,0.5
723,4,14,0.7382,0,0.5
723,1,75,0.5995,0,0.5
723,3,38,0.3406,1,0.5
724,2,113,0.8199,0,0.5
724,4,14,0.7666,0,0.5
724,1,75,0.6228,0,0.5
724,3,38,0.3685,1,0.5
725,2,113,0.8233,0,0.5
725,4,14,0.7577,0,0.5
725,1,75,0.632,0,0.5
725,3,38,0.3488,1,0.5
726,2,113,0.8041,0,0.5
726,4,14,0.7514,0,0.5
726,1,75,0.5999,0,0.5
726,3,38,0.3785,1,0.5
727,2,113,0.8223,0,0.5
727,4,14,0.7552,0,0.5
727,1,75,0.5833,0,0.5
727,3,38,0.4898,1,0.5
728,2,113,0.8226,0,0.5
728,4,14,0.7553,0,0.5
728,3,38,0.5325,0,0.5
728,1,75,0.5289,0,0.5
729,2,113,0.8463,0,0.5
729,4,14,0.765,0,0.5
729,3,38,0.5766,0,0.5
729,1,75,0.4683,1,0.5
730,2,113,0.8327,0,0.5
730,4,14,0.7415,0,0.5
730,3,38,0.5894,0,0.5
730,1,75,0.4126,1,0.5
731,2,113,0.8422,0,0.5
731,4,14,0.7315,0,0.5
731,3,38,0.5811,0,0.5
731,1,75,0.3872,1,0.5
732,2,113,0.8431,0,0.5
732,4,14,0.7511,0,0.5
732,3,38,0.582,0,0.5
732,1,75,0.3758,1,0.5
733,2,113,0.8512,0,0.5
733,4,14,0.7522,0,0.5
733,3,38,0.6285,0,0.5
733,1,75,0.3537,1,0.5
734,2,113,0.8453,0,0.5
734,4,14,0.7424,0,0.5
734,3,38,0.636,0,0.5
734,1,75,0.3097,1,0.5
735,2,113,0.8477,0,0.5
735,4,14,0.71,0,0.5
735,3,38,0.6368,0,0.5
735,1,75,0.2837,1,0.5
736,2,113,0.8566,0,0.5
736,4,14,0.6957,0,0.5
736,3,38,0.5781,0,0.5
736,1,75,0.2885,1,0.5
737,2,113,0.8516,0,0.5
737,4,14,0.6627,0,0.5
737,3,38,0.4774,1,0.5
737,1,75,0.3068,1,0.5
738,2,113,0.8419,0,0.5
738,4,14,0.6328,0,0.5
738,3,38,0.4181,1,0.5
738,1,75,0.3454,1,0.5
739,2,113,0.8475,0,0.5
739,4,14,0.5982,0,0.5
739,1,75,0.369,1,0.5
739,3,38,0.2867,1,0.5
740,2,113,0.8358,0,0.5
740,4,14,0.5389,0,0.5
740,1,75,0.4326,1,0.5
740,3,38,0.1802,1,0.5
741,2,113,0.8503,0,0.5
741,4,14,0.4942,1,0.5
741,1,75,0.4801,1,0.5
741,3,38,0.1102,1,0.5
742,2,113,0.8503,0,0.5
742,1,75,0.4958,1,0.5
742,4,14,0.4546,1,0.5
742,3,38,0.0414,1,0.5
743,2,113,0.8528,0,0.5
743,1,75,0.482,1,0.5
743,4,14,0.4309,1,0.5
743,3,38,0.0302,1,0.5
744,2,113,0.8654,0,0.5
744,1,75,0.4785,1,0.5
744,4,14,0.4081,1,0.5
744,3,38,0.0531,1,0.5
745,2,113,0.8643,0,0.5
745,1,75,0.5038,0,0.5
745,4,14,0.3901,1,0.5
745,3,38,0.1071,1,0.5
746,2,113,0.8639,0,0.5
746,1,75,0.4572,1,0.5
746,4,14,0.3875,1,0.5
746,3,38,0.0661,1,0.5
747,2,113,0.8607,0,0.5
747,1,75,0.4289,1,0.5
747,4,14,0.4054,1,0.5
747,3,38,0.0,1,0.5
748,2,113,0.8554,0,0.5
748,1,75,0.3738,1,0.5
748,4,14,0.3688,1,0.5
748,3,38,0.0,1,0.5
749,2,113,0.8571,0,0.5
749,4,14,0.3335,1,0.5
749,1,75,0.2765,1,0.5
749,3,38,0.0,1,0.5
750,2,113,0.823,0,0.5
750,4,14,0.7704,0,0.5
750,1,75,0.6514,0,0.5
750,3,38,0.0,1,0.5
751,2,113,0.8128,0,0.5
751,4,14,0.7814,0,0.5
751,1,75,0.6031,0,0.5
751,3,38,0.0,1,0.5
752,2,113,0.7946,0,0.5
752,4,14,0.7505,0,0.5
752,1,75,0.622,0,0.5
752,3,38,0.0,1,0.5
753,2,113,0.8097,0,0.5
753,4,14,0.7795,0,0.5
753,1,75,0.4758,1,0.5
753,3,38,0.0,1,0.5
754,2,113,0.8228,0,0.5
754,4,14,0.7853,0,0.5
754,1,75,0.4799,1,0.5
754,3,38,0.0,1,0.5
755,2,113,0.8292,0,0.5
755,4,14,0.684,0,0.5
755,1,75,0.3947,1,0.5
755,3,38,0.0,1,0.5
756,2,113,0.86,0,0.5
756,4,14,0.7104,0,0.5
756,1,75,0.5073,0,0.5
756,3,38,0.0,1,0.5
757,2,113,0.8062,0,0.5
757,4,14,0.7042,0,0.5
757,1,75,0.5972,0,0.5
757,3,38,0.0,1,0.5
758,2,113,0.8201,0,0.5
758,4,14,0.7108,0,0.5
758,1,75,0.6745,0,0.5
758,3,38,0.0,1,0.5
759,2,113,0.815,0,0.5
759,4,14,0.7382,0,0.5
759,1,75,0.6292,0,0.5
759,3,38,0.0024,1,0.5
760,4,14,0.8159,0,0.5
760,2,113,0.7512,0,0.5
760,1,75,0.7072,0,0.5
760,3,38,0.0324,1,0.5
761,4,14,0.8029,0,0.5
761,1,75,0.6988,0,0.5
761,2,113,0.6861,0,0.5
761,3,38,0.0157,1,0.5
762,1,75,0.7813,0,0.5
762,4,14,0.7627,0,0.5
762,2,113,0.6364,0,0.5
762,3,38,0.0135,1,0.5
763,4,14,0.771,0,0.5
763,1,75,0.7543,0,0.5
763,2,113,0.6451,0,0.5
763,3,38,0.012,1,0.5
764,4,14,0.7764,0,0.5
764,1,75,0.652,0,0.5
764,2,113,0.5638,0,0.5
764,3,38,0.0228,1,0.5
765,4,14,0.7895,0,0.5
765,2,113,0.7254,0,0.5
765,1,75,0.696,0,0.5
765,3,38,0.0244,1,0.5
766,4,14,0.8046,0,0.5
766,2,113,0.7589,0,0.5
766,1,75,0.7383,0,0.5
766,3,38,0.0116,1,0.5
767,2,113,0.816,0,0.5
767,4,14,0.8008,0,0.5
767,1,75,0.6986,0,0.5
767,3,38,0.0054,1,0.5
768,4,14,0.827,0,0.5
768,2,113,0.76,0,0.5
768,1,75,0.6704,0,0.5
768,3,38,0.0,1,0.5
769,4,14,0.8206,0,0.5
769,2,113,0.7979,0,0.5
769,1,75,0.5709,0,0.5
769,3,38,0.0,1,0.5
770,2,113,0.8251,0,0.5
770,4,14,0.783,0,0.5
770,1,75,0.5624,0,0.5
770,3,38,0.0,1,0.5
771,2,113,0.8192,0,0.5
771,4,14,0.7756,0,0.5
771,1,75,0.5122,0,0.5
771,3,38,0.0053,1,0.5
772,2,113,0.8527,0,0.5
772,4,14,0.804,0,0.5
772,1,75,0.5276,0,0.5
772,3,38,0.0083,1,0.5
773,2,113,0.8664,0,0.5
773,4,14,0.7913,0,0.5
773,1,75,0.4957,1,0.5
773,3,38,0.0,1,0.5
774,2,113,0.8113,0,0.5
774,4,14,0.7826,0,0.5
774,1,75,0.4821,1,0.5
774,3,38,0.0047,1,0.5
775,4,14,0.8275,0,0.5
775,2,113,0.8204,0,0.5
775,1,75,0.8107,0,0.5
775,3,38,0.0223,1,0.5
776,4,14,0.8132,0,0.5
776,1,75,0.81,0,0.5
776,2,113,0.7934,0,0.5
776,3,38,0.0409,1,0.5
777,2,113,0.8226,0,0.5
777,4,14,0.8092,0,0.5
777,1,75,0.7945,0,0.5
777,3,38,0.0646,1,0.5
778,2,113,0.8292,0,0.5
778,4,14,0.8083,0,0.5
778,1,75,0.7443,0,0.5
778,3,38,0.0185,1,0.5
779,1,75,0.8801,0,0.5
779,4,14,0.7925,0,0.5
779,2,113,0.7794,0,0.5
779,3,38,0.0005,1,0.5
780,4,14,0.8266,0,0.5
780,1,75,0.778,0,0.5
780,2,113,0.7556,0,0.5
780,3,38,0.0069,1,0.5
781,4,14,0.8178,0,0.5
781,1,75,0.8105,0,0.5
781,2,113,0.7952,0,0.5
781,3,38,0.0071,1,0.5
782,2,113,0.822,0,0.5
782,4,14,0.7996,0,0.5
782,1,75,0.712,0,0.5
782,3,38,0.0093,1,0.5
783,2,113,0.8442,0,0.5
783,1,75,0.8151,0,0.5
783,4,14,0.7636,0,0.5
783,3,38,0.0196,1,0.5
784,2,113,0.8017,0,0.5
784,1,75,0.7997,0,0.5
784,4,14,0.7736,0,0.5
784,3,38,0.0,1,0.5
785,2,113,0.8108,0,0.5
785,4,14,0.797,0,0.5
785,1,75,0.7896,0,0.5
785,3,38,0.0038,1,0.5
786,2,113,0.8227,0,0.5
786,4,14,0.798,0,0.5
786,1,75,0.7208,0,0.5
786,3,38,0.0202,1,0.5
787,2,113,0.7948,0,0.5
787,4,14,0.7869,0,0.5
787,1,75,0.7266,0,0.5
787,3,38,0.0348,1,0.5
788,2,113,0.819,0,0.5
788,4,14,0.7275,0,0.5
788,1,75,0.5018,0,0.5
788,3,38,0.0001,1,0.5
789,2,113,0.7823,0,0.5
789,4,14,0.7477,0,0.5
789,1,75,0.5228,0,0.5
789,3,38,0.0,1,0.5
790,2,113,0.8345,0,0.5
790,4,14,0.7031,0,0.5
790,1,75,0.3737,1,0.5
790,3,38,0.0001,1,0.5
791,2,113,0.8215,0,0.5
791,4,14,0.6956,0,0.5
791,1,75,0.3175,1,0.5
791,3,38,0.0132,1,0.5
792,4,14,0.8058,0,0.5
792,2,113,0.805,0,0.5
792,1,75,0.6045,0,0.5
792,3,38,0.0034,1,0.5
793,2,113,0.8287,0,0.5
793,4,14,0.7884,0,0.5
793,1,75,0.6312,0,0.5
793,3,38,0.0,1,0.5
794,2,113,0.8505,0,0.5
794,4,14,0.8096,0,0.5
794,1,75,0.7816,0,0.5
794,3,38,0.0001,1,0.5
795,2,113,0.8057,0,0.5
795,4,14,0.7906,0,0.5
795,1,75,0.765,0,0.5
795,3,38,0.0,1,0.5
796,2,113,0.8117,0,0.5
796,1,75,0.8089,0,0.5
796,4,14,0.8003,0,0.5
796,3,38,0.0042,1,0.5
797,1,75,0.8269,0,0.5
797,2,113,0.8092,0,0.5
797,4,14,0.8004,0,0.5
797,3,38,0.0,1,0.5
798,1,75,0.8731,0,0.5
798,2,113,0.8017,0,0.5
798,4,14,0.7974,0,0.5
798,3,38,0.0003,1,0.5
799,1,75,0.799,0,0.5
799,2,113,0.7872,0,0.5
799,4,14,0.7538,0,0.5
799,3,38,0.0014,1,0.5
800,1,75,0.8248,0,0.5
800,2,113,0.7114,0,0.5
800,4,14,0.6942,0,0.5
800,3,38,0.0007,1,0.5
801,1,75,0.8388,0,0.5
801,2,113,0.7687,0,0.5
801,4,14,0.6845,0,0.5
801,3,38,0.0,1,0.5
802,1,75,0.8158,0,0.5
802,2,113,0.806,0,0.5
802,4,14,0.6954,0,0.5
802,3,38,0.0,1,0.5
803,2,113,0.8803,0,0.5
803,4,14,0.803,0,0.5
803,1,75,0.7901,0,0.5
803,3,38,0.0,1,0.5
804,2,113,0.8154,0,0.5
804,4,14,0.8093,0,0.5
804,1,75,0.7691,0,0.5
804,3,38,0.0,1,0.5
805,2,113,0.8796,0,0.5
805,1,75,0.8305,0,0.5
805,4,14,0.7917,0,0.5
805,3,38,0.0,1,0.5
806,2,113,0.8454,0,0.5
806,4,14,0.7936,0,0.5
806,1,75,0.7716,0,0.5
806,3,38,0.0,1,0.5
807,1,75,0.7997,0,0.5
807,2,113,0.7992,0,0.5
807,4,14,0.7748,0,0.5
807,3,38,0.0,1,0.5
808,1,75,0.7897,0,0.5
808,4,14,0.7775,0,0.5
808,2,113,0.7483,0,0.5
808,3,38,0.0,1,0.5
809,2,113,0.8087,0,0.5
809,4,14,0.8008,0,0.5
809,1,75,0.7668,0,0.5
809,3,38,0.0,1,0.5
810,2,113,0.8519,0,0.5
810,4,14,0.8177,0,0.5
810,1,75,0.81,0,0.5
810,3,38,0.0,1,0.5
811,2,113,0.8644,0,0.5
811,1,75,0.8267,0,0.5
811,4,14,0.8138,0,0.5
811,3,38,0.0,1,0.5
812,2,113,0.8532,0,0.5
812,1,75,0.8022,0,0.5
812,4,14,0.8021,0,0.5
812,3,38,0.0,1,0.5
813,2,113,0.8432,0,0.5
813,4,14,0.7842,0,0.5
813,1,75,0.745,0,0.5
813,3,38,0.0027,1,0.5
814,2,113,0.8423,0,0.5
814,4,14,0.7525,0,0.5
814,1,75,0.7307,0,0.5
814,3,38,0.0076,1,0.5
815,2,113,0.9058,0,0.5
815,4,14,0.7715,0,0.5
815,1,75,0.7604,0,0.5
815,3,38,0.0,1,0.5
816,2,113,0.8567,0,0.5
816,4,14,0.772,0,0.5
816,1,75,0.7666,0,0.5
816,3,38,0.0005,1,0.5
817,2,113,0.8671,0,0.5
817,4,14,0.839,0,0.5
817,1,75,0.7605,0,0.5
817,3,38,0.0028,1,0.5
818,2,113,0.8622,0,0.5
818,4,14,0.8164,0,0.5
818,1,75,0.7477,0,0.5
818,3,38,0.0042,1,0.5
819,2,113,0.8939,0,0.5
819,4,14,0.8471,0,0.5
819,1,75,0.7454,0,0.5
819,3,38,0.0019,1,0.5
820,4,14,0.8817,0,0.5
820,2,113,0.8752,0,0.5
820,1,75,0.7221,0,0.5
820,3,38,0.0046,1,0.5
821,4,14,0.8777,0,0.5
821,2,113,0.8336,0,0.5
821,1,75,0.7116,0,0.5
821,3,38,0.019,1,0.5
822,4,14,0.8657,0,0.5
822,2,113,0.8152,0,0.5
822,1,75,0.7216,0,0.5
822,3,38,0.0151,1,0.5
823,4,14,0.8508,0,0.5
823,2,113,0.7982,0,0.5
823,1,75,0.7155,0,0.5
823,3,38,0.0093,1,0.5
824,4,14,0.8581,0,0.5
824,2,113,0.8111,0,0.5
824,1,75,0.7475,0,0.5
824,3,38,0.0179,1,0.5
825,4,14,0.8729,0,0.5
825,2,113,0.8052,0,0.5
825,1,75,0.7914,0,0.5
825,3,38,0.0216,1,0.5
826,4,14,0.8581,0,0.5
826,2,113,0.8011,0,0.5
826,1,75,0.7711,0,0.5
826,3,38,0.0204,1,0.5
827,4,14,0.8539,0,0.5
827,2,113,0.7949,0,0.5
827,1,75,0.7747,0,0.5
827,3,38,0.0163,1,0.5
828,4,14,0.8608,0,0.5
828,2,113,0.7886,0,0.5
828,1,75,0.764,0,0.5
828,3,38,0.0177,1,0.5
829,4,14,0.8657,0,0.5
829,2,113,0.7815,0,0.5
829,1,75,0.777,0,0.5
829,3,38,0.0143,1,0.5
830,4,14,0.866,0,0.5
830,1,75,0.7833,0,0.5
830,2,113,0.7784,0,0.5
830,3,38,0.0114,1,0.5
831,4,14,0.8767,0,0.5
831,1,75,0.7865,0,0.5
831,2,113,0.7859,0,0.5
831,3,38,0.0141,1,0.5
832,4,14,0.8746,0,0.5
832,1,75,0.7841,0,0.5
832,2,113,0.783,0,0.5
832,3,38,0.0156,1,0.5
833,4,14,0.8721,0,0.5
833,2,113,0.7835,0,0.5
833,1,75,0.7568,0,0.5
833,3,38,0.0131,1,0.5
834,4,14,0.8672,0,0.5
834,2,113,0.7843,0,0.5
834,1,75,0.7404,0,0.5
834,3,38,0.018,1,0.5
835,4,14,0.8651,0,0.5
835,2,113,0.7835,0,0.5
835,1,75,0.767,0,0.5
835,3,38,0.0161,1,0.5
836,4,14,0.8609,0,0.5
836,2,113,0.7802,0,0.5
836,1,75,0.7614,0,0.5
836,3,38,0.0186,1,0.5
837,4,14,0.8642,0,0.5
837,1,75,0.7791,0,0.5
837,2,113,0.7787,0,0.5
837,3,38,0.0068,1,0.5
838,4,14,0.8676,0,0.5
838,1,75,0.7896,0,0.5
838,2,113,0.7798,0,0.5
838,3,38,0.0017,1,0.5
839,4,14,0.8666,0,0.5
839,1,75,0.7857,0,0.5
839,2,113,0.7755,0,0.5
839,3,38,0.0005,1,0.5
840,4,14,0.8691,0,0.5
840,1,75,0.7891,0,0.5
840,2,113,0.7787,0,0.5
840,3,38,0.0027,1,0.5
841,4,14,0.8696,0,0.5
841,1,75,0.7828,0,0.5
841,2,113,0.7769,0,0.5
841,3,38,0.0025,1,0.5
842,4,14,0.8613,0,0.5
842,1,75,0.7936,0,0.5
842,2,113,0.7767,0,0.5
842,3,38,0.0005,1,0.5
843,4,14,0.8709,0,0.5
843,1,75,0.7786,0,0.5
843,2,113,0.7733,0,0.5
843,3,38,0.0002,1,0.5
844,4,14,0.8406,0,0.5
844,1,75,0.7905,0,0.5
844,2,113,0.7768,0,0.5
844,3,38,0.0008,1,0.5
845,4,14,0.8326,0,0.5
845,1,75,0.7861,0,0.5
845,2,113,0.7812,0,0.5
845,3,38,0.0002,1,0.5
846,4,14,0.8392,0,0.5
846,2,113,0.7764,0,0.5
846,1,75,0.7411,0,0.5
846,3,38,0.0,1,0.5
847,4,14,0.8275,0,0.5
847,2,113,0.7809,0,0.5
847,1,75,0.7671,0,0.5
847,3,38,0.0,1,0.5
848,4,14,0.8189,0,0.5
848,2,113,0.8001,0,0.5
848,1,75,0.7404,0,0.5
848,3,38,0.0,1,0.5
849,4,14,0.8412,0,0.5
849,2,113,0.7819,0,0.5
849,1,75,0.7055,0,0.5
849,3,38,0.0016,1,0.5
850,2,113,0.8121,0,0.5
850,4,14,0.7957,0,0.5
850,1,75,0.7448,0,0.5
850,3,38,0.0008,1,0.5
851,4,14,0.7872,0,0.5
851,2,113,0.7841,0,0.5
851,1,75,0.7121,0,0.5
851,3,38,0.002,1,0.5
852,4,14,0.7989,0,0.5
852,2,113,0.7891,0,0.5
852,1,75,0.7747,0,0.5
852,3,38,0.0,1,0.5
853,2,113,0.7884,0,0.5
853,1,75,0.7864,0,0.5
853,4,14,0.7799,0,0.5
853,3,38,0.0,1,0.5
854,2,113,0.7957,0,0.5
854,1,75,0.7891,0,0.5
854,4,14,0.7789,0,0.5
854,3,38,0.0004,1,0.5
855,2,113,0.8365,0,0.5
855,1,75,0.7626,0,0.5
855,4,14,0.7542,0,0.5
855,3,38,0.0005,1,0.5
856,2,113,0.8188,0,0.5
856,1,75,0.7173,0,0.5
856,4,14,0.7022,0,0.5
856,3,38,0.0058,1,0.5
857,2,113,0.7947,0,0.5
857,4,14,0.7714,0,0.5
857,1,75,0.6656,0,0.5
857,3,38,0.001,1,0.5
858,2,113,0.8053,0,0.5
858,4,14,0.7705,0,0.5
858,1,75,0.7158,0,0.5
858,3,38,0.0164,1,0.5
859,2,113,0.795,0,0.5
859,1,75,0.78,0,0.5
859,4,14,0.7151,0,0.5
859,3,38,0.0,1,0.5
860,2,113,0.7791,0,0.5
860,1,75,0.7509,0,0.5
860,4,14,0.7278,0,0.5
860,3,38,0.0057,1,0.5
861,1,75,0.8107,0,0.5
861,2,113,0.7791,0,0.5
861,4,14,0.7513,0,0.5
861,3,38,0.0051,1,0.5
862,1,75,0.8142,0,0.5
862,2,113,0.7799,0,0.5
862,4,14,0.7631,0,0.5
862,3,38,0.006,1,0.5
863,2,113,0.7807,0,0.5
863,4,14,0.7632,0,0.5
863,1,75,0.7126,0,0.5
863,3,38,0.0004,1,0.5
864,2,113,0.7793,0,0.5
864,4,14,0.7656,0,0.5
864,1,75,0.7107,0,0.5
864,3,38,0.004,1,0.5
865,2,113,0.7708,0,0.5
865,4,14,0.7602,0,0.5
865,1,75,0.7488,0,0.5
865,3,38,0.0016,1,0.5
866,2,113,0.7833,0,0.5
866,4,14,0.7669,0,0.5
866,1,75,0.7021,0,0.5
866,3,38,0.001,1,0.5
867,2,113,0.7829,0,0.5
867,4,14,0.7738,0,0.5
867,1,75,0.7291,0,0.5
867,3,38,0.0044,1,0.5
868,2,113,0.7825,0,0.5
868,4,14,0.7702,0,0.5
868,1,75,0.6894,0,0.5
868,3,38,0.0092,1,0.5
869,2,113,0.7872,0,0.5
869,4,14,0.7447,0,0.5
869,1,75,0.7002,0,0.5
869,3,38,0.0113,1,0.5
870,1,75,0.7956,0,0.5
870,2,113,0.786,0,0.5
870,4,14,0.7474,0,0.5
870,3,38,0.002,1,0.5
871,2,113,0.7842,0,0.5
871,1,75,0.7499,0,0.5
871,4,14,0.7443,0,0.5
871,3,38,0.0095,1,0.5
872,2,113,0.7931,0,0.5
872,1,75,0.7544,0,0.5
872,4,14,0.7428,0,0.5
872,3,38,0.0073,1,0.5
873,2,113,0.7937,0,0.5
873,1,75,0.7716,0,0.5
873,4,14,0.7456,0,0.5
873,3,38,0.0011,1,0.5
874,1,75,0.8318,0,0.5
874,2,113,0.7908,0,0.5
874,4,14,0.7075,0,0.5
874,3,38,0.0324,1,0.5
875,1,75,0.8546,0,0.5
875,2,113,0.7914,0,0.5
875,4,14,0.7115,0,0.5
875,3,38,0.0629,1,0.5
876,1,75,0.8428,0,0.5
876,2,113,0.7945,0,0.5
876,4,14,0.7206,0,0.5
876,3,38,0.0591,1,0.5
877,1,75,0.8622,0,0.5
877,2,113,0.7823,0,0.5
877,4,14,0.7303,0,0.5
877,3,38,0.0118,1,0.5
878,1,75,0.8515,0,0.5
878,2,113,0.7825,0,0.5
878,4,14,0.7298,0,0.5
878,3,38,0.0119,1,0.5
879,1,75,0.9059,0,0.5
879,2,113,0.7876,0,0.5
879,4,14,0.7347,0,0.5
879,3,38,0.0115,1,0.5
880,1,75,0.8885,0,0.5
880,2,113,0.78,0,0.5
880,4,14,0.7198,0,0.5
880,3,38,0.0047,1,0.5
881,1,75,0.9187,0,0.5
881,2,113,0.7976,0,0.5
881,4,14,0.6817,0,0.5
881,3,38,0.0046,1,0.5
882,1,75,0.8782,0,0.5
882,2,113,0.7972,0,0.5
882,4,14,0.691,0,0.5
882,3,38,0.0162,1,0.5
883,1,75,0.8799,0,0.5
883,2,113,0.8016,0,0.5
883,4,14,0.7357,0,0.5
883,3,38,0.0043,1,0.5
884,1,75,0.853,0,0.5
884,2,113,0.8006,0,0.5
884,4,14,0.7681,0,0.5
884,3,38,0.0065,1,0.5
885,1,75,0.8088,0,0.5
885,2,113,0.7865,0,0.5
885,4,14,0.7465,0,0.5
885,3,38,0.0389,1,0.5
886,1,75,0.7972,0,0.5
886,2,113,0.7863,0,0.5
886,4,14,0.6981,0,0.5
886,3,38,0.003,1,0.5
887,1,75,0.8169,0,0.5
887,2,113,0.7795,0,0.5
887,4,14,0.6666,0,0.5
887,3,38,0.0018,1,0.5
888,1,75,0.8379,0,0.5
888,2,113,0.7858,0,0.5
888,4,14,0.684,0,0.5
888,3,38,0.0019,1,0.5
889,1,75,0.8509,0,0.5
889,2,113,0.749,0,0.5
889,4,14,0.6988,0,0.5
889,3,38,0.0014,1,0.5
890,1,75,0.8286,0,0.5
890,2,113,0.7472,0,0.5
890,4,14,0.7328,0,0.5
890,3,38,0.0007,1,0.5
891,4,14,0.7728,0,0.5
891,1,75,0.769,0,0.5
891,2,113,0.7526,0,0.5
891,3,38,0.0055,1,0.5
892,1,75,0.794,0,0.5
892,4,14,0.7724,0,0.5
892,2,113,0.7341,0,0.5
892,3,38,0.0002,1,0.5
893,2,113,0.7442,0,0.5
893,4,14,0.742,0,0.5
893,1,75,0.7182,0,0.5
893,3,38,0.0,1,0.5
894,2,113,0.8084,0,0.5
894,4,14,0.732,0,0.5
894,1,75,0.703,0,0.5
894,3,38,0.0,1,0.5
895,2,113,0.7917,0,0.5
895,4,14,0.7159,0,0.5
895,1,75,0.6898,0,0.5
895,3,38,0.0,1,0.5
896,2,113,0.7241,0,0.5
896,4,14,0.6352,0,0.5
896,1,75,0.5991,0,0.5
896,3,38,0.0011,1,0.5
897,2,113,0.762,0,0.5
897,1,75,0.6684,0,0.5
897,4,14,0.625,0,0.5
897,3,38,0.0,1,0.5
898,1,75,0.754,0,0.5
898,2,113,0.5813,0,0.5
898,4,14,0.5503,0,0.5
898,3,38,0.0001,1,0.5
899,2,113,0.7932,0,0.5
899,4,14,0.5735,0,0.5
899,1,75,0.5581,0,0.5
899,3,38,0.0064,1,0.5
900,2,113,0.8297,0,0.5
900,4,14,0.5703,0,0.5
900,1,75,0.5175,0,0.5
900,3,38,0.0096,1,0.5
901,2,113,0.8053,0,0.5
901,4,14,0.694,0,0.5
901,1,75,0.6036,0,0.5
901,3,38,0.0313,1,0.5
902,2,113,0.8025,0,0.5
902,4,14,0.7123,0,0.5
902,1,75,0.4769,1,0.5
902,3,38,0.0725,1,0.5
903,2,113,0.8438,0,0.5
903,4,14,0.6822,0,0.5
903,1,75,0.5999,0,0.5
903,3,38,0.0126,1,0.5
904,2,113,0.8381,0,0.5
904,1,75,0.5983,0,0.5
904,4,14,0.5737,0,0.5
904,3,38,0.0056,1,0.5
905,2,113,0.7872,0,0.5
905,4,14,0.61,0,0.5
905,1,75,0.54,0,0.5
905,3,38,0.0261,1,0.5
906,2,113,0.7621,0,0.5
906,4,14,0.6751,0,0.5
906,1,75,0.4375,1,0.5
906,3,38,0.0189,1,0.5
907,2,113,0.7787,0,0.5
907,4,14,0.7342,0,0.5
907,1,75,0.2476,1,0.5
907,3,38,0.0233,1,0.5
908,2,113,0.8217,0,0.5
908,4,14,0.7309,0,0.5
908,1,75,0.177,1,0.5
908,3,38,0.0156,1,0.5
909,2,113,0.8371,0,0.5
909,4,14,0.6075,0,0.5
909,1,75,0.2746,1,0.5
909,3,38,0.013,1,0.5
910,1,75,0.3428,1,0.5
910,3,38,0.0067,1,0.5
910,2,14,0.0,1,0.5
911,1,75,0.2399,1,0.5
911,3,38,0.0119,1,0.5
912,1,75,0.6319,0,0.5
912,3,38,0.0129,1,0.5
913,4,14,0.4349,1,0.5
913,1,75,0.3891,1,0.5
913,3,38,0.0022,1,0.5
914,4,14,0.7484,0,0.5
914,2,113,0.7234,0,0.5
914,1,75,0.2459,1,0.5
914,3,38,0.0056,1,0.5
915,2,113,0.7927,0,0.5
915,4,14,0.7401,0,0.5
915,1,75,0.1388,1,0.5
915,3,38,0.0444,1,0.5
916,2,113,0.7935,0,0.5
916,4,14,0.7592,0,0.5
916,3,38,0.0676,1,0.5
917,2,113,0.7685,0,0.5
917,4,14,0.7571,0,0.5
917,3,38,0.0409,1,0.5
918,2,113,0.7916,0,0.5
918,4,14,0.7727,0,0.5
918,3,38,0.027,1,0.5
919,4,14,0.7635,0,0.5
919,2,113,0.7536,0,0.5
919,3,38,0.0176,1,0.5
920,2,113,0.7761,0,0.5
920,4,14,0.7363,0,0.5
920,3,38,0.001,1,0.5
921,2,113,0.7716,0,0.5
921,4,14,0.7398,0,0.5
921,3,38,0.005,1,0.5
922,2,113,0.7729,0,0.5
922,4,14,0.7547,0,0.5
922,3,38,0.009,1,0.5
923,2,113,0.774,0,0.5
923,4,14,0.7581,0,0.5
923,3,38,0.0067,1,0.5
924,2,113,0.777,0,0.5
924,4,14,0.7639,0,0.5
924,3,38,0.0027,1,0.5
925,2,113,0.7753,0,0.5
925,4,14,0.7617,0,0.5
925,3,38,0.0095,1,0.5
926,2,113,0.7733,0,0.5
926,4,14,0.7672,0,0.5
926,3,38,0.0508,1,0.5
927,2,113,0.7832,0,0.5
927,4,14,0.7474,0,0.5
927,3,75,0.0945,1,0.5
928,2,113,0.7759,0,0.5
928,4,14,0.7482,0,0.5
928,1,38,0.0371,1,0.5
929,2,113,0.7663,0,0.5
929,4,14,0.753,0,0.5
929,3,38,0.0,1,0.5
930,2,113,0.7388,0,0.5
930,4,14,0.6913,0,0.5
930,3,38,0.0188,1,0.5
931,2,113,0.7494,0,0.5
931,4,14,0.6976,0,0.5
931,3,38,0.0148,1,0.5
932,2,113,0.7649,0,0.5
932,4,14,0.7129,0,0.5
932,1,38,0.6994,0,0.5
932,3,75,0.0,1,0.5
933,1,38,0.8225,0,0.5
933,2,113,0.7468,0,0.5
933,4,14,0.6883,0,0.5
933,3,75,0.0,1,0.5
934,2,113,0.7302,0,0.5
934,4,14,0.6796,0,0.5
934,1,75,0.4824,1,0.5
934,3,38,0.0366,1,0.5
935,1,38,0.8921,0,0.5
935,2,113,0.7393,0,0.5
935,4,14,0.6939,0,0.5
935,3,75,0.0,1,0.5
936,1,38,0.8564,0,0.5
936,2,113,0.7227,0,0.5
936,4,14,0.7138,0,0.5
936,3,75,0.0,1,0.5
937,2,113,0.7552,0,0.5
937,4,14,0.668,0,0.5
937,1,75,0.5381,0,0.5
937,3,38,0.0063,1,0.5
938,2,113,0.7457,0,0.5
938,4,14,0.6909,0,0.5
938,1,75,0.566,0,0.5
938,3,38,0.006,1,0.5
939,2,113,0.7269,0,0.5
939,4,14,0.7013,0,0.5
939,1,75,0.2973,1,0.5
939,3,38,0.013,1,0.5
940,2,113,0.767,0,0.5
940,4,14,0.7028,0,0.5
940,1,75,0.461,1,0.5
940,3,38,0.0053,1,0.5
941,2,113,0.7702,0,0.5
941,4,14,0.7199,0,0.5
941,1,75,0.4909,1,0.5
941,3,38,0.0098,1,0.5
942,2,113,0.7506,0,0.5
942,4,14,0.7145,0,0.5
942,1,75,0.3931,1,0.5
942,3,38,0.0001,1,0.5
943,2,113,0.7547,0,0.5
943,4,14,0.7201,0,0.5
943,1,75,0.5317,0,0.5
943,3,38,0.0014,1,0.5
944,2,113,0.7483,0,0.5
944,4,14,0.7149,0,0.5
944,1,75,0.5302,0,0.5
944,3,38,0.0004,1,0.5
945,2,113,0.7488,0,0.5
945,4,14,0.7056,0,0.5
945,1,75,0.5517,0,0.5
945,3,38,0.0028,1,0.5
946,2,113,0.7869,0,0.5
946,4,14,0.7215,0,0.5
946,1,75,0.6556,0,0.5
946,3,38,0.0,1,0.5
947,2,113,0.7396,0,0.5
947,4,14,0.7127,0,0.5
947,1,75,0.6443,0,0.5
947,3,38,0.009,1,0.5
948,2,113,0.7295,0,0.5
948,4,14,0.7135,0,0.5
948,1,75,0.65,0,0.5
948,3,38,0.0068,1,0.5
949,2,113,0.8078,0,0.5
949,4,14,0.7237,0,0.5
949,1,75,0.5302,0,0.5
949,3,38,0.0107,1,0.5
950,2,113,0.8137,0,0.5
950,4,14,0.7375,0,0.5
950,1,75,0.6902,0,0.5
950,3,38,0.0246,1,0.5
951,4,14,0.8212,0,0.5
951,2,113,0.8043,0,0.5
951,1,75,0.6034,0,0.5
951,3,38,0.0659,1,0.5
952,2,113,0.8147,0,0.5
952,4,14,0.7862,0,0.5
952,1,75,0.5689,0,0.5
952,3,38,0.0898,1,0.5
953,2,113,0.8179,0,0.5
953,4,14,0.753,0,0.5
953,1,75,0.4601,1,0.5
953,3,38,0.0198,1,0.5
954,2,113,0.8106,0,0.5
954,4,14,0.7291,0,0.5
954,1,75,0.4529,1,0.5
954,3,38,0.0048,1,0.5
955,2,113,0.8285,0,0.5
955,4,14,0.7422,0,0.5
955,1,75,0.4839,1,0.5
955,3,38,0.001,1,0.5
956,2,113,0.8335,0,0.5
956,4,14,0.7539,0,0.5
956,1,75,0.4,1,0.5
956,3,38,0.0,1,0.5
957,2,113,0.8017,0,0.5
957,4,14,0.7388,0,0.5
957,1,75,0.5391,0,0.5
957,3,38,0.0,1,0.5
958,2,113,0.7919,0,0.5
958,4,14,0.7511,0,0.5
958,1,75,0.5865,0,0.5
958,3,38,0.0,1,0.5
959,2,113,0.7817,0,0.5
959,4,14,0.7495,0,0.5
959,1,75,0.5061,0,0.5
959,3,38,0.0,1,0.5
960,2,113,0.778,0,0.5
960,4,14,0.7497,0,0.5
960,1,75,0.516,0,0.5
960,3,38,0.0,1,0.5
961,2,113,0.7515,0,0.5
961,4,14,0.7466,0,0.5
961,1,75,0.5933,0,0.5
961,3,38,0.0,1,0.5
962,4,14,0.73,0,0.5
962,2,113,0.6858,0,0.5
962,1,75,0.5215,0,0.5
962,3,38,0.0,1,0.5
963,4,14,0.7144,0,0.5
963,2,113,0.634,0,0.5
963,1,75,0.5034,0,0.5
963,3,38,0.0,1,0.5
964,4,14,0.7253,0,0.5
964,2,113,0.549,0,0.5
964,1,75,0.4953,1,0.5
964,3,38,0.0,1,0.5
965,4,14,0.7314,0,0.5
965,2,113,0.4669,1,0.5
965,1,75,0.4633,1,0.5
965,3,38,0.0,1,0.5
966,4,14,0.7221,0,0.5
966,1,75,0.5941,0,0.5
966,2,113,0.5107,0,0.5
966,3,38,0.0,1,0.5
967,4,14,0.7236,0,0.5
967,1,75,0.6089,0,0.5
967,2,113,0.5483,0,0.5
967,3,38,0.0,1,0.5
968,4,14,0.7115,0,0.5
968,1,75,0.5954,0,0.5
968,2,113,0.5287,0,0.5
968,3,38,0.0,1,0.5
969,4,14,0.7139,0,0.5
969,1,75,0.6141,0,0.5
969,2,113,0.4509,1,0.5
969,3,38,0.012,1,0.5
970,4,14,0.6881,0,0.5
970,1,75,0.6079,0,0.5
970,2,113,0.4541,1,0.5
970,3,38,0.001,1,0.5
971,4,14,0.7017,0,0.5
971,1,75,0.5707,0,0.5
971,2,113,0.4045,1,0.5
971,3,38,0.0088,1,0.5
972,4,14,0.7426,0,0.5
972,1,75,0.6348,0,0.5
972,2,113,0.4952,1,0.5
972,3,38,0.0275,1,0.5
973,4,14,0.6898,0,0.5
973,1,75,0.6076,0,0.5
973,2,113,0.4509,1,0.5
973,3,38,0.0052,1,0.5
974,4,14,0.7071,0,0.5
974,1,75,0.5761,0,0.5
974,2,113,0.3707,1,0.5
974,3,38,0.0085,1,0.5
975,4,14,0.7101,0,0.5
975,1,75,0.6582,0,0.5
975,2,113,0.4482,1,0.5
975,3,38,0.0033,1,0.5
976,1,75,0.7737,0,0.5
976,4,14,0.7309,0,0.5
976,2,113,0.5836,0,0.5
976,3,38,0.0004,1,0.5
977,1,75,0.7306,0,0.5
977,4,14,0.7169,0,0.5
977,2,113,0.5217,0,0.5
977,3,38,0.0003,1,0.5
978,1,75,0.7484,0,0.5
978,4,14,0.7479,0,0.5
978,2,113,0.5545,0,0.5
978,3,38,0.0013,1,0.5
979,1,75,0.7665,0,0.5
979,4,14,0.7318,0,0.5
979,2,113,0.5324,0,0.5
979,3,38,0.0016,1,0.5
980,1,75,0.7719,0,0.5
980,4,14,0.7254,0,0.5
980,2,113,0.5484,0,0.5
980,3,38,0.0,1,0.5
981,1,75,0.8201,0,0.5
981,4,14,0.7108,0,0.5
981,2,113,0.5504,0,0.5
981,3,38,0.0,1,0.5
982,1,75,0.8124,0,0.5
982,4,14,0.7436,0,0.5
982,2,113,0.5645,0,0.5
982,3,38,0.0,1,0.5
983,1,75,0.8545,0,0.5
983,4,14,0.6763,0,0.5
983,2,113,0.528,0,0.5
983,3,38,0.0019,1,0.5
984,1,75,0.9017,0,0.5
984,4,14,0.6035,0,0.5
984,2,113,0.4757,1,0.5
984,3,38,0.0058,1,0.5
985,1,75,0.8525,0,0.5
985,4,14,0.6341,0,0.5
985,2,113,0.5581,0,0.5
985,3,38,0.0223,1,0.5
986,1,75,0.8321,0,0.5
986,2,113,0.6552,0,0.5
986,4,14,0.6377,0,0.5
986,3,38,0.0129,1,0.5
987,1,75,0.8703,0,0.5
987,2,113,0.6743,0,0.5
987,4,14,0.6399,0,0.5
987,3,38,0.0041,1,0.5
988,1,75,0.8572,0,0.5
988,4,14,0.6676,0,0.5
988,2,113,0.5995,0,0.5
988,3,38,0.0025,1,0.5
989,1,75,0.8642,0,0.5
989,4,14,0.7257,0,0.5
989,2,113,0.5996,0,0.5
989,3,38,0.0,1,0.5
990,1,75,0.8598,0,0.5
990,4,14,0.7289,0,0.5
990,2,113,0.6366,0,0.5
990,3,38,0.001,1,0.5
991,1,75,0.8773,0,0.5
991,2,113,0.7375,0,0.5
991,4,14,0.7211,0,0.5
991,3,38,0.0026,1,0.5
992,1,75,0.8576,0,0.5
992,2,113,0.7384,0,0.5
992,4,14,0.7128,0,0.5
992,3,38,0.0028,1,0.5
993,1,75,0.8545,0,0.5
993,4,14,0.6964,0,0.5
993,2,113,0.6484,0,0.5
993,3,38,0.0067,1,0.5
994,1,75,0.8474,0,0.5
994,4,14,0.7068,0,0.5
994,2,113,0.6266,0,0.5
994,3,38,0.0084,1,0.5
995,1,75,0.8803,0,0.5
995,2,113,0.8036,0,0.5
995,4,14,0.7278,0,0.5
995,3,38,0.0221,1,0.5
996,1,75,0.8846,0,0.5
996,2,113,0.8704,0,0.5
996,4,14,0.7329,0,0.5
996,3,38,0.0242,1,0.5
997,1,75,0.8908,0,0.5
997,4,14,0.7453,0,0.5
997,2,113,0.6396,0,0.5
997,3,38,0.0082,1,0.5
998,1,75,0.8504,0,0.5
998,4,14,0.7565,0,0.5
998,2,113,0.7041,0,0.5
998,3,38,0.0309,1,0.5
999,1,75,0.824,0,0.5
999,4,14,0.7751,0,0.5
999,2,113,0.7285,0,0.5
999,3,38,0.0273,1,0.5
1000,1,75,0.8553,0,0.5
1000,4,14,0.797,0,0.5
1000,2,113,0.7513,0,0.5
1000,3,38,0.0302,1,0.5
1001,1,75,0.8537,0,0.5
1001,4,14,0.7866,0,0.5
1001,2,113,0.6415,0,0.5
1001,3,38,0.016,1,0.5
1002,1,75,0.8267,0,0.5
1002,4,14,0.7639,0,0.5
1002,2,113,0.5729,0,0.5
1002,3,38,0.0161,1,0.5
1003,1,75,0.7893,0,0.5
1003,4,14,0.7611,0,0.5
1003,2,113,0.5615,0,0.5
1003,3,38,0.0249,1,0.5
1004,1,75,0.7676,0,0.5
1004,4,14,0.7593,0,0.5
1004,2,113,0.6315,0,0.5
1004,3,38,0.0384,1,0.5
1005,1,75,0.8074,0,0.5
1005,4,14,0.7983,0,0.5
1005,2,113,0.5698,0,0.5
1005,3,38,0.013,1,0.5
1006,4,14,0.8031,0,0.5
1006,1,75,0.7992,0,0.5
1006,2,113,0.4936,1,0.5
1006,3,38,0.0142,1,0.5
1007,4,14,0.7914,0,0.5
1007,1,75,0.7489,0,0.5
1007,2,113,0.5085,0,0.5
1007,3,38,0.0097,1,0.5
1008,1,75,0.8148,0,0.5
1008,4,14,0.7816,0,0.5
1008,2,113,0.607,0,0.5
1008,3,38,0.0007,1,0.5
1009,1,75,0.7876,0,0.5
1009,4,14,0.765,0,0.5
1009,2,113,0.6719,0,0.5
1009,3,38,0.0,1,0.5
1010,1,75,0.7534,0,0.5
1010,4,14,0.7489,0,0.5
1010,2,113,0.6029,0,0.5
1010,3,38,0.0,1,0.5
1011,4,14,0.7628,0,0.5
1011,1,75,0.7369,0,0.5
1011,2,113,0.5093,0,0.5
1011,3,38,0.0,1,0.5
1012,1,75,0.7659,0,0.5
1012,4,14,0.7236,0,0.5
1012,2,113,0.4599,1,0.5
1012,3,38,0.0001,1,0.5
1013,1,75,0.8145,0,0.5
1013,4,14,0.7343,0,0.5
1013,2,113,0.5695,0,0.5
1013,3,38,0.0016,1,0.5
1014,1,75,0.8687,0,0.5
1014,4,14,0.7378,0,0.5
1014,2,113,0.5712,0,0.5
1014,3,38,0.0123,1,0.5
1015,1,75,0.8549,0,0.5
1015,4,14,0.7348,0,0.5
1015,2,113,0.4922,1,0.5
1015,3,38,0.0107,1,0.5
1016,1,75,0.8911,0,0.5
1016,4,14,0.7462,0,0.5
1016,2,113,0.4332,1,0.5
1016,3,38,0.0204,1,0.5
1017,1,75,0.8295,0,0.5
1017,4,14,0.7453,0,0.5
1017,2,113,0.4176,1,0.5
1017,3,38,0.0585,1,0.5
1018,1,75,0.8343,0,0.5
1018,4,14,0.7453,0,0.5
1018,2,113,0.5192,0,0.5
1018,3,38,0.062,1,0.5
1019,1,75,0.826,0,0.5
1019,4,14,0.7473,0,0.5
1019,2,113,0.4973,1,0.5
1019,3,38,0.0619,1,0.5
1020,1,75,0.8617,0,0.5
1020,4,14,0.7518,0,0.5
1020,2,113,0.4676,1,0.5
1020,3,38,0.0158,1,0.5
1021,1,75,0.8562,0,0.5
1021,4,14,0.7724,0,0.5
1021,2,113,0.457,1,0.5
1021,3,38,0.0256,1,0.5
1022,1,75,0.8764,0,0.5
1022,4,14,0.7531,0,0.5
1022,2,113,0.5734,0,0.5
1022,3,38,0.0101,1,0.5
1023,1,75,0.8596,0,0.5
1023,4,14,0.7437,0,0.5
1023,2,113,0.6214,0,0.5
1023,3,38,0.0305,1,0.5
1024,1,75,0.8567,0,0.5
1024,4,14,0.7434,0,0.5
1024,2,113,0.6363,0,0.5
1024,3,38,0.0077,1,0.5
1025,1,75,0.8838,0,0.5
1025,4,14,0.742,0,0.5
1025,2,113,0.5314,0,0.5
1025,3,38,0.0001,1,0.5
1026,1,75,0.863,0,0.5
1026,4,14,0.7475,0,0.5
1026,2,113,0.4673,1,0.5
1026,3,38,0.0096,1,0.5
1027,1,75,0.8698,0,0.5
1027,4,14,0.7437,0,0.5
1027,2,113,0.4169,1,0.5
1027,3,38,0.0,1,0.5
1028,1,75,0.8724,0,0.5
1028,4,14,0.7366,0,0.5
1028,2,113,0.4994,1,0.5
1028,3,38,0.0088,1,0.5
1029,1,75,0.8879,0,0.5
1029,4,14,0.7441,0,0.5
1029,2,113,0.5733,0,0.5
1029,3,38,0.0067,1,0.5
1030,1,75,0.8741,0,0.5
1030,4,14,0.7468,0,0.5
1030,2,113,0.5202,0,0.5
1030,3,38,0.0006,1,0.5
1031,1,75,0.8696,0,0.5
1031,4,14,0.7451,0,0.5
1031,2,113,0.4623,1,0.5
1031,3,38,0.0,1,0.5
1032,1,75,0.8751,0,0.5
1032,4,14,0.7415,0,0.5
1032,2,113,0.4793,1,0.5
1032,3,38,0.0139,1,0.5
1033,1,75,0.8751,0,0.5
1033,4,14,0.745,0,0.5
1033,2,113,0.5964,0,0.5
1033,3,38,0.0142,1,0.5
1034,1,75,0.8645,0,0.5
1034,4,14,0.7473,0,0.5
1034,2,113,0.661,0,0.5
1034,3,38,0.0051,1,0.5
1035,1,75,0.8962,0,0.5
1035,4,14,0.751,0,0.5
1035,2,113,0.6252,0,0.5
1035,3,38,0.0031,1,0.5
1036,1,75,0.8894,0,0.5
1036,4,14,0.7522,0,0.5
1036,2,113,0.6302,0,0.5
1036,3,38,0.0046,1,0.5
1037,1,75,0.826,0,0.5
1037,4,14,0.7562,0,0.5
1037,2,113,0.7031,0,0.5
1037,3,38,0.0,1,0.5
1038,1,75,0.817,0,0.5
1038,2,113,0.7967,0,0.5
1038,4,14,0.7551,0,0.5
1038,3,38,0.0034,1,0.5
1039,2,113,0.8485,0,0.5
1039,1,75,0.8187,0,0.5
1039,4,14,0.7653,0,0.5
1039,3,38,0.0,1,0.5
1040,2,113,0.8378,0,0.5
1040,1,75,0.8022,0,0.5
1040,4,14,0.7682,0,0.5
1040,3,38,0.0049,1,0.5
1041,2,113,0.8394,0,0.5
1041,1,75,0.82,0,0.5
1041,4,14,0.7621,0,0.5
1041,3,38,0.0013,1,0.5
1042,2,113,0.8298,0,0.5
1042,1,75,0.7852,0,0.5
1042,4,14,0.7558,0,0.5
1042,3,38,0.0023,1,0.5
1043,2,113,0.84,0,0.5
1043,1,75,0.7846,0,0.5
1043,4,14,0.7558,0,0.5
1043,3,38,0.0063,1,0.5
1044,2,113,0.841,0,0.5
1044,1,75,0.7934,0,0.5
1044,4,14,0.7583,0,0.5
1044,3,38,0.0,1,0.5
1045,2,113,0.8233,0,0.5
1045,4,14,0.7513,0,0.5
1045,1,75,0.72,0,0.5
1045,3,38,0.0032,1,0.5
1046,2,113,0.823,0,0.5
1046,4,14,0.7471,0,0.5
1046,1,75,0.7369,0,0.5
1046,3,38,0.0029,1,0.5
1047,2,113,0.8342,0,0.5
1047,4,14,0.7726,0,0.5
1047,1,75,0.7257,0,0.5
1047,3,38,0.0,1,0.5
1048,2,113,0.8451,0,0.5
1048,4,14,0.7955,0,0.5
1048,1,75,0.6128,0,0.5
1048,3,38,0.0007,1,0.5
1049,2,113,0.8477,0,0.5
1049,4,14,0.7262,0,0.5
1049,1,75,0.566,0,0.5
1049,3,38,0.0,1,0.5
1050,2,113,0.8513,0,0.5
1050,4,14,0.672,0,0.5
1050,1,75,0.5478,0,0.5
1050,3,38,0.0,1,0.5
1051,2,113,0.836,0,0.5
1051,4,14,0.6072,0,0.5
1051,1,75,0.6009,0,0.5
1051,3,38,0.0,1,0.5
1052,2,113,0.8553,0,0.5
1052,4,14,0.6195,0,0.5
1052,1,75,0.5145,0,0.5
1052,3,38,0.0,1,0.5
1053,2,113,0.8953,0,0.5
1053,4,14,0.5986,0,0.5
1053,1,75,0.5427,0,0.5
1053,3,38,0.0,1,0.5
1054,2,113,0.9118,0,0.5
1054,4,14,0.6046,0,0.5
1054,1,75,0.5645,0,0.5
1054,3,38,0.0,1,0.5
1055,2,113,0.9093,0,0.5
1055,4,14,0.6181,0,0.5
1055,1,75,0.5625,0,0.5
1055,3,38,0.0174,1,0.5
1056,2,113,0.8948,0,0.5
1056,4,14,0.6328,0,0.5
1056,1,75,0.4588,1,0.5
1056,3,38,0.0392,1,0.5
1057,2,113,0.8873,0,0.5
1057,4,14,0.6363,0,0.5
1057,1,75,0.6017,0,0.5
1057,3,38,0.0662,1,0.5
1058,2,113,0.8724,0,0.5
1058,4,14,0.6332,0,0.5
1058,1,75,0.591,0,0.5
1058,3,38,0.0033,1,0.5
1059,2,113,0.8542,0,0.5
1059,1,75,0.5215,0,0.5
1059,4,14,0.5128,0,0.5
1059,3,38,0.0166,1,0.5
1060,2,113,0.8832,0,0.5
1060,1,75,0.7455,0,0.5
1060,4,14,0.5363,0,0.5
1060,3,38,0.0002,1,0.5
1061,2,113,0.8867,0,0.5
1061,1,75,0.8008,0,0.5
1061,4,14,0.5771,0,0.5
1061,3,38,0.0269,1,0.5
1062,1,75,0.8611,0,0.5
1062,2,113,0.8152,0,0.5
1062,4,14,0.6604,0,0.5
1062,3,38,0.0,1,0.5
1063,2,113,0.7914,0,0.5
1063,1,75,0.754,0,0.5
1063,4,14,0.7061,0,0.5
1063,3,38,0.0049,1,0.5
1064,2,113,0.7634,0,0.5
1064,4,14,0.6875,0,0.5
1064,1,75,0.5956,0,0.5
1064,3,38,0.0096,1,0.5
1065,2,113,0.787,0,0.5
1065,4,14,0.6854,0,0.5
1065,1,75,0.4893,1,0.5
1065,3,38,0.0028,1,0.5
1066,2,113,0.8274,0,0.5
1066,4,14,0.6289,0,0.5
1066,1,75,0.1357,1,0.5
1066,3,38,0.0001,1,0.5
1067,2,113,0.8259,0,0.5
1067,4,14,0.5384,0,0.5
1067,1,75,0.0831,1,0.5
1067,3,38,0.008,1,0.5
1068,2,113,0.8268,0,0.5
1068,4,14,0.5703,0,0.5
1068,1,75,0.1411,1,0.5
1068,3,38,0.0181,1,0.5
1069,2,113,0.8003,0,0.5
1069,4,14,0.6937,0,0.5
1069,1,75,0.1181,1,0.5
1069,3,38,0.0238,1,0.5
1070,2,113,0.7665,0,0.5
1070,4,14,0.3451,1,0.5
1070,1,75,0.0655,1,0.5
1070,3,38,0.0567,1,0.5
1071,2,113,0.74,0,0.5
1071,1,75,0.7228,0,0.5
1071,4,14,0.573,0,0.5
1071,3,38,0.0199,1,0.5
1072,2,113,0.7461,0,0.5
1072,4,14,0.4144,1,0.5
1072,1,75,0.1642,1,0.5
1072,3,38,0.0088,1,0.5
1073,2,113,0.7604,0,0.5
1073,4,14,0.4259,1,0.5
1073,1,75,0.2313,1,0.5
1073,3,38,0.0113,1,0.5
1074,2,113,0.773,0,0.5
1074,1,75,0.769,0,0.5
1074,4,14,0.5602,0,0.5
1074,3,38,0.0034,1,0.5
1075,2,113,0.7069,0,0.5
1075,1,75,0.6057,0,0.5
1075,4,14,0.5008,0,0.5
1075,3,38,0.003,1,0.5
1076,2,113,0.7054,0,0.5
1076,4,14,0.3764,1,0.5
1076,1,75,0.3283,1,0.5
1076,3,38,0.0,1,0.5
1077,2,113,0.7097,0,0.5
1077,1,75,0.6181,0,0.5
1077,4,14,0.4605,1,0.5
1077,3,38,0.0118,1,0.5
1078,2,113,0.664,0,0.5
1078,4,14,0.3969,1,0.5
1078,3,38,0.0052,1,0.5
1078,1,75,0.0,1,0.5
1079,2,113,0.7102,0,0.5
1079,4,14,0.5394,0,0.5
1079,3,38,0.0034,1,0.5
1080,2,113,0.7362,0,0.5
1080,4,14,0.5684,0,0.5
1080,1,75,0.0039,1,0.5
1080,3,38,0.0019,1,0.5
1081,2,113,0.7776,0,0.5
1081,4,14,0.4338,1,0.5
1081,3,38,0.0291,1,0.5
1081,1,75,0.0,1,0.5
1082,2,113,0.7894,0,0.5
1082,4,14,0.6088,0,0.5
1082,1,38,0.0,1,0.5
1083,2,113,0.7774,0,0.5
1083,4,14,0.426,1,0.5
1083,1,75,0.0026,1,0.5
1083,3,38,0.0,1,0.5
1084,2,113,0.762,0,0.5
1084,4,14,0.5352,0,0.5
1084,1,75,0.4783,1,0.5
1084,3,38,0.0,1,0.5
1085,2,113,0.7203,0,0.5
1085,1,75,0.6766,0,0.5
1085,4,14,0.4262,1,0.5
1085,3,38,0.0,1,0.5
1086,2,113,0.6531,0,0.5
1086,4,14,0.3852,1,0.5
1086,1,75,0.2903,1,0.5
1086,3,38,0.0026,1,0.5
1087,2,113,0.7456,0,0.5
1087,4,14,0.5793,0,0.5
1087,3,38,0.0103,1,0.5
1088,2,113,0.7609,0,0.5
1088,4,14,0.6375,0,0.5
1088,1,38,0.0,1,0.5
1089,2,113,0.7428,0,0.5
1089,4,14,0.3579,1,0.5
1089,3,38,0.0421,1,0.5
1090,2,113,0.7573,0,0.5
1090,4,14,0.4042,1,0.5
1090,3,38,0.0916,1,0.5
1090,1,75,0.0002,1,0.5
1091,2,113,0.748,0,0.5
1091,4,14,0.5434,0,0.5
1091,1,75,0.4672,1,0.5
1091,3,38,0.0121,1,0.5
1092,2,113,0.7566,0,0.5
1092,4,75,0.277,1,0.5
1092,1,14,0.006,1,0.5
1092,3,38,0.0,1,0.5
1093,2,113,0.7313,0,0.5
1093,4,14,0.4077,1,0.5
1093,1,75,0.0072,1,0.5
1093,3,38,0.0069,1,0.5
1094,2,113,0.7912,0,0.5
1094,1,75,0.6786,0,0.5
1094,4,14,0.5997,0,0.5
1094,3,38,0.0,1,0.5
1095,2,113,0.8256,0,0.5
1095,1,75,0.7019,0,0.5
1095,4,14,0.5755,0,0.5
1095,3,38,0.0001,1,0.5
1096,2,113,0.8541,0,0.5
1096,1,75,0.7434,0,0.5
1096,4,14,0.7187,0,0.5
1096,3,38,0.0057,1,0.5
1097,2,113,0.8767,0,0.5
1097,1,75,0.8128,0,0.5
1097,4,14,0.6629,0,0.5
1097,3,38,0.0057,1,0.5
1098,2,113,0.8278,0,0.5
1098,1,75,0.8124,0,0.5
1098,4,14,0.5585,0,0.5
1098,3,38,0.0,1,0.5
1099,1,75,0.8159,0,0.5
1099,2,113,0.7808,0,0.5
1099,4,14,0.5589,0,0.5
1099,3,38,0.0068,1,0.5
1100,1,75,0.8111,0,0.5
1100,2,113,0.6934,0,0.5
1100,4,14,0.6451,0,0.5
1100,3,38,0.0021,1,0.5
1101,1,75,0.8325,0,0.5
1101,4,14,0.6518,0,0.5
1101,2,113,0.639,0,0.5
1101,3,38,0.0006,1,0.5
1102,1,75,0.8015,0,0.5
1102,2,113,0.6707,0,0.5
1102,4,14,0.6243,0,0.5
1102,3,38,0.0041,1,0.5
1103,1,75,0.7811,0,0.5
1103,2,113,0.7245,0,0.5
1103,4,14,0.6182,0,0.5
1103,3,38,0.0,1,0.5
1104,1,75,0.7994,0,0.5
1104,2,113,0.7474,0,0.5
1104,4,14,0.5949,0,0.5
1104,3,38,0.0066,1,0.5
1105,2,113,0.8036,0,0.5
1105,1,75,0.7442,0,0.5
1105,4,14,0.5284,0,0.5
1105,3,38,0.0171,1,0.5
1106,1,75,0.7908,0,0.5
1106,2,113,0.779,0,0.5
1106,4,14,0.5524,0,0.5
1106,3,38,0.0485,1,0.5
1107,1,75,0.8085,0,0.5
1107,2,113,0.7937,0,0.5
1107,4,14,0.6747,0,0.5
1107,3,38,0.0919,1,0.5
1108,1,75,0.7773,0,0.5
1108,2,113,0.745,0,0.5
1108,4,14,0.6652,0,0.5
1108,3,38,0.0223,1,0.5
1109,1,75,0.8616,0,0.5
1109,2,113,0.6961,0,0.5
1109,4,14,0.679,0,0.5
1109,3,38,0.0077,1,0.5
1110,1,75,0.8305,0,0.5
1110,4,14,0.6654,0,0.5
1110,2,113,0.6421,0,0.5
1110,3,38,0.0073,1,0.5
1111,1,75,0.8395,0,0.5
1111,4,14,0.7725,0,0.5
1111,2,113,0.643,0,0.5
1111,3,38,0.0002,1,0.5
1112,1,75,0.8343,0,0.5
1112,4,14,0.7825,0,0.5
1112,2,113,0.6637,0,0.5
1112,3,38,0.0003,1,0.5
1113,4,14,0.8493,0,0.5
1113,1,75,0.8422,0,0.5
1113,2,113,0.7279,0,0.5
1113,3,38,0.0044,1,0.5
1114,1,75,0.852,0,0.5
1114,4,14,0.8094,0,0.5
1114,2,113,0.783,0,0.5
1114,3,38,0.0007,1,0.5
1115,1,75,0.8565,0,0.5
1115,2,113,0.787,0,0.5
1115,4,14,0.7766,0,0.5
1115,3,38,0.0004,1,0.5
1116,1,75,0.857,0,0.5
1116,2,113,0.7983,0,0.5
1116,4,14,0.7623,0,0.5
1116,3,38,0.0168,1,0.5
1117,1,75,0.8512,0,0.5
1117,4,14,0.7647,0,0.5
1117,2,113,0.7375,0,0.5
1117,3,38,0.012,1,0.5
1118,1,75,0.8475,0,0.5
1118,4,14,0.82,0,0.5
1118,2,113,0.6295,0,0.5
1118,3,38,0.0015,1,0.5
1119,1,75,0.8525,0,0.5
1119,4,14,0.8238,0,0.5
1119,2,113,0.5819,0,0.5
1119,3,38,0.0007,1,0.5
1120,1,75,0.8522,0,0.5
1120,4,14,0.8502,0,0.5
1120,2,113,0.5695,0,0.5
1120,3,38,0.0008,1,0.5
1121,4,14,0.8515,0,0.5
1121,1,75,0.8194,0,0.5
1121,2,113,0.637,0,0.5
1121,3,38,0.0009,1,0.5
1122,4,14,0.8332,0,0.5
1122,1,75,0.833,0,0.5
1122,2,113,0.7029,0,0.5
1122,3,38,0.0031,1,0.5
1123,1,75,0.8564,0,0.5
1123,4,14,0.8284,0,0.5
1123,2,113,0.7796,0,0.5
1123,3,38,0.0005,1,0.5
1124,1,75,0.8528,0,0.5
1124,4,14,0.8347,0,0.5
1124,2,113,0.8016,0,0.5
1124,3,38,0.0,1,0.5
1125,4,14,0.8546,0,0.5
1125,1,75,0.853,0,0.5
1125,2,113,0.7849,0,0.5
1125,3,38,0.0,1,0.5
1126,4,14,0.8643,0,0.5
1126,1,75,0.8563,0,0.5
1126,2,113,0.7604,0,0.5
1126,3,38,0.0,1,0.5
1127,1,75,0.8566,0,0.5
1127,4,14,0.8537,0,0.5
1127,2,113,0.7347,0,0.5
1127,3,38,0.0,1,0.5
1128,4,14,0.8841,0,0.5
1128,1,75,0.8298,0,0.5
1128,2,113,0.6785,0,0.5
1128,3,38,0.0,1,0.5
1129,4,14,0.8766,0,0.5
1129,1,75,0.8486,0,0.5
1129,2,113,0.6917,0,0.5
1129,3,38,0.0,1,0.5
1130,4,14,0.8752,0,0.5
1130,1,75,0.8489,0,0.5
1130,2,113,0.6965,0,0.5
1130,3,38,0.0,1,0.5
1131,4,14,0.8648,0,0.5
1131,1,75,0.8487,0,0.5
1131,2,113,0.7158,0,0.5
1131,3,38,0.0,1,0.5
1132,4,14,0.8637,0,0.5
1132,1,75,0.8551,0,0.5
1132,2,113,0.7404,0,0.5
1132,3,38,0.0,1,0.5
1133,4,14,0.856,0,0.5
1133,1,75,0.8496,0,0.5
1133,2,113,0.7544,0,0.5
1133,3,38,0.0,1,0.5
1134,4,14,0.8677,0,0.5
1134,1,75,0.8455,0,0.5
1134,2,113,0.7896,0,0.5
1134,3,38,0.0,1,0.5
1135,4,14,0.8485,0,0.5
1135,1,75,0.8426,0,0.5
1135,2,113,0.7612,0,0.5
1135,3,38,0.0,1,0.5
1136,4,14,0.8614,0,0.5
1136,1,75,0.8588,0,0.5
1136,2,113,0.7474,0,0.5
1136,3,38,0.0,1,0.5
1137,4,14,0.8626,0,0.5
1137,1,75,0.8572,0,0.5
1137,2,113,0.7622,0,0.5
1137,3,38,0.0,1,0.5
1138,4,14,0.8621,0,0.5
1138,1,75,0.8284,0,0.5
1138,2,113,0.771,0,0.5
1138,3,38,0.0,1,0.5
1139,4,14,0.8776,0,0.5
1139,1,75,0.8316,0,0.5
1139,2,113,0.7622,0,0.5
1139,3,38,0.0,1,0.5
1140,4,14,0.8792,0,0.5
1140,1,75,0.8366,0,0.5
1140,2,113,0.7491,0,0.5
1140,3,38,0.0043,1,0.5
1141,4,14,0.8847,0,0.5
1141,1,75,0.8455,0,0.5
1141,2,113,0.7389,0,0.5
1141,3,38,0.0,1,0.5
1142,4,14,0.8805,0,0.5
1142,1,75,0.8459,0,0.5
1142,2,113,0.7196,0,0.5
1142,3,38,0.0,1,0.5
1143,4,14,0.8742,0,0.5
1143,1,75,0.8525,0,0.5
1143,2,113,0.6951,0,0.5
1143,3,38,0.0,1,0.5
1144,4,14,0.8662,0,0.5
1144,1,75,0.8498,0,0.5
1144,2,113,0.6887,0,0.5
1144,3,38,0.0,1,0.5
1145,4,14,0.878,0,0.5
1145,1,75,0.8521,0,0.5
1145,2,113,0.7038,0,0.5
1145,3,38,0.0,1,0.5
1146,4,14,0.8718,0,0.5
1146,1,75,0.8341,0,0.5
1146,2,113,0.7618,0,0.5
1146,3,38,0.0,1,0.5
1147,4,14,0.8739,0,0.5
1147,1,75,0.8357,0,0.5
1147,2,113,0.8141,0,0.5
1147,3,38,0.0,1,0.5
1148,1,75,0.8623,0,0.5
1148,4,14,0.8599,0,0.5
1148,2,113,0.8009,0,0.5
1148,3,38,0.0,1,0.5
1149,4,14,0.8588,0,0.5
1149,1,75,0.8465,0,0.5
1149,2,113,0.8012,0,0.5
1149,3,38,0.0,1,0.5
1150,4,14,0.8738,0,0.5
1150,1,75,0.8136,0,0.5
1150,2,113,0.7742,0,0.5
1150,3,38,0.0,1,0.5
1151,4,14,0.8853,0,0.5
1151,1,75,0.8253,0,0.5
1151,2,113,0.7453,0,0.5
1151,3,38,0.0,1,0.5
1152,4,14,0.911,0,0.5
1152,1,75,0.8547,0,0.5
1152,2,113,0.689,0,0.5
1152,3,38,0.0,1,0.5
1153,4,14,0.8944,0,0.5
1153,1,75,0.8608,0,0.5
1153,2,113,0.6988,0,0.5
1153,3,38,0.0,1,0.5
1154,1,75,0.8848,0,0.5
1154,4,14,0.88,0,0.5
1154,2,113,0.6919,0,0.5
1154,3,38,0.0,1,0.5
1155,1,75,0.879,0,0.5
1155,4,14,0.8559,0,0.5
1155,2,113,0.6959,0,0.5
1155,3,38,0.0,1,0.5
1156,1,75,0.8799,0,0.5
1156,4,14,0.8126,0,0.5
1156,2,113,0.7173,0,0.5
1156,3,38,0.0,1,0.5
1157,1,75,0.8788,0,0.5
1157,4,14,0.8001,0,0.5
1157,2,113,0.7392,0,0.5
1157,3,38,0.0001,1,0.5
1158,1,75,0.8548,0,0.5
1158,4,14,0.8278,0,0.5
1158,2,113,0.801,0,0.5
1158,3,38,0.0049,1,0.5
1159,4,14,0.8705,0,0.5
1159,1,75,0.8635,0,0.5
1159,2,113,0.8121,0,0.5
1159,3,38,0.0036,1,0.5
1160,1,75,0.8967,0,0.5
1160,4,14,0.8795,0,0.5
1160,2,113,0.7849,0,0.5
1160,3,38,0.0026,1,0.5
1161,1,75,0.8861,0,0.5
1161,4,14,0.8784,0,0.5
1161,2,113,0.7761,0,0.5
1161,3,38,0.0014,1,0.5
1162,1,75,0.8978,0,0.5
1162,4,14,0.8645,0,0.5
1162,2,113,0.7314,0,0.5
1162,3,38,0.004,1,0.5
1163,1,75,0.9039,0,0.5
1163,4,14,0.8512,0,0.5
1163,2,113,0.6807,0,0.5
1163,3,38,0.0043,1,0.5
1164,1,75,0.9009,0,0.5
1164,4,14,0.8167,0,0.5
1164,2,113,0.7396,0,0.5
1164,3,38,0.0043,1,0.5
1165,1,75,0.8927,0,0.5
1165,4,14,0.7749,0,0.5
1165,2,113,0.7694,0,0.5
1165,3,38,0.0046,1,0.5
1166,1,75,0.8828,0,0.5
1166,4,14,0.7817,0,0.5
1166,2,113,0.7608,0,0.5
1166,3,38,0.0001,1,0.5
1167,1,75,0.8761,0,0.5
1167,4,14,0.8334,0,0.5
1167,2,113,0.6993,0,0.5
1167,3,38,0.0,1,0.5
1168,4,14,0.8462,0,0.5
1168,1,75,0.7937,0,0.5
1168,2,113,0.6986,0,0.5
1168,3,38,0.0,1,0.5
1169,4,14,0.8674,0,0.5
1169,1,75,0.8079,0,0.5
1169,2,113,0.7143,0,0.5
1169,3,38,0.0,1,0.5
1170,4,14,0.8495,0,0.5
1170,1,75,0.8007,0,0.5
1170,2,113,0.7762,0,0.5
1170,3,38,0.0,1,0.5
1171,4,14,0.8396,0,0.5
1171,1,75,0.7606,0,0.5
1171,2,113,0.7532,0,0.5
1171,3,38,0.0,1,0.5
1172,4,14,0.804,0,0.5
1172,2,113,0.7413,0,0.5
1172,1,75,0.5858,0,0.5
1172,3,38,0.0,1,0.5
1173,4,14,0.7304,0,0.5
1173,2,113,0.6276,0,0.5
1173,1,75,0.4413,1,0.5
1173,3,38,0.0,1,0.5
1174,4,14,0.6935,0,0.5
1174,2,113,0.6321,0,0.5
1174,1,75,0.3021,1,0.5
1174,3,38,0.0,1,0.5
1175,2,113,0.6942,0,0.5
1175,4,14,0.6604,0,0.5
1175,1,75,0.3925,1,0.5
1175,3,38,0.0,1,0.5
1176,2,113,0.7474,0,0.5
1176,4,14,0.5936,0,0.5
1176,1,75,0.5306,0,0.5
1176,3,38,0.0,1,0.5
1177,2,113,0.8061,0,0.5
1177,4,14,0.6721,0,0.5
1177,1,75,0.5351,0,0.5
1177,3,38,0.0,1,0.5
1178,2,113,0.8185,0,0.5
1178,4,14,0.6203,0,0.5
1178,1,75,0.4662,1,0.5
1178,3,38,0.0,1,0.5
1179,2,113,0.8263,0,0.5
1179,1,75,0.5259,0,0.5
1179,4,14,0.4882,1,0.5
1179,3,38,0.0,1,0.5
1180,2,113,0.8112,0,0.5
1180,1,75,0.6146,0,0.5
1180,4,14,0.4932,1,0.5
1180,3,38,0.0,1,0.5
1181,2,113,0.8347,0,0.5
1181,4,14,0.6267,0,0.5
1181,1,75,0.5821,0,0.5
1181,3,38,0.0,1,0.5
1182,2,113,0.833,0,0.5
1182,4,14,0.6362,0,0.5
1182,1,75,0.6314,0,0.5
1182,3,38,0.0,1,0.5
1183,2,113,0.8247,0,0.5
1183,1,75,0.7474,0,0.5
1183,4,14,0.6402,0,0.5
1183,3,38,0.0,1,0.5
1184,1,75,0.8606,0,0.5
1184,2,113,0.8351,0,0.5
1184,4,14,0.5946,0,0.5
1184,3,38,0.0,1,0.5
1185,1,75,0.8934,0,0.5
1185,2,113,0.8368,0,0.5
1185,4,14,0.556,0,0.5
1185,3,38,0.0,1,0.5
1186,2,113,0.8504,0,0.5
1186,1,75,0.8387,0,0.5
1186,4,14,0.6109,0,0.5
1186,3,38,0.0,1,0.5
1187,2,113,0.8517,0,0.5
1187,1,75,0.7895,0,0.5
1187,4,14,0.6728,0,0.5
1187,3,38,0.0,1,0.5
1188,2,113,0.8478,0,0.5
1188,1,75,0.7713,0,0.5
1188,4,14,0.6455,0,0.5
1188,3,38,0.0,1,0.5
1189,2,113,0.8346,0,0.5
1189,1,75,0.7804,0,0.5
1189,4,14,0.6098,0,0.5
1189,3,38,0.0,1,0.5
1190,2,113,0.8352,0,0.5
1190,1,75,0.6645,0,0.5
1190,4,14,0.5333,0,0.5
1190,3,38,0.0,1,0.5
1191,2,113,0.8361,0,0.5
1191,1,75,0.7654,0,0.5
1191,4,14,0.4842,1,0.5
1191,3,38,0.0,1,0.5
1192,2,113,0.8413,0,0.5
1192,1,75,0.8233,0,0.5
1192,4,14,0.46,1,0.5
1192,3,38,0.0,1,0.5
1193,1,75,0.8503,0,0.5
1193,2,113,0.8043,0,0.5
1193,4,14,0.5183,0,0.5
1193,3,38,0.0,1,0.5
1194,1,75,0.8003,0,0.5
1194,2,113,0.6962,0,0.5
1194,4,14,0.5254,0,0.5
1194,3,38,0.0,1,0.5
1195,1,75,0.841,0,0.5
1195,2,113,0.6943,0,0.5
1195,4,14,0.513,0,0.5
1195,3,38,0.0,1,0.5
1196,1,75,0.8703,0,0.5
1196,2,113,0.6884,0,0.5
1196,4,14,0.4676,1,0.5
1196,3,38,0.0,1,0.5
1197,1,75,0.8796,0,0.5
1197,2,113,0.7388,0,0.5
1197,4,14,0.4868,1,0.5
1197,3,38,0.0,1,0.5
1198,1,75,0.8161,0,0.5
1198,2,113,0.7807,0,0.5
1198,4,14,0.5367,0,0.5
1198,3,38,0.0,1,0.5
1199,2,113,0.7904,0,0.5
1199,1,75,0.7774,0,0.5
1199,4,14,0.543,0,0.5
1199,3,38,0.0,1,0.5
1200,2,113,0.792,0,0.5
1200,1,75,0.7884,0,0.5
1200,4,14,0.432,1,0.5
1200,3,38,0.0,1,0.5
1201,1,75,0.8089,0,0.5
1201,2,113,0.748,0,0.5
1201,4,14,0.4018,1,0.5
1201,3,38,0.0,1,0.5
1202,1,75,0.8379,0,0.5
1202,2,113,0.7638,0,0.5
1202,4,14,0.4379,1,0.5
1202,3,38,0.0,1,0.5
1203,1,75,0.8415,0,0.5
1203,2,113,0.7634,0,0.5
1203,4,14,0.4187,1,0.5
1203,3,38,0.0,1,0.5
1204,1,75,0.8373,0,0.5
1204,2,113,0.7906,0,0.5
1204,4,14,0.4453,1,0.5
1204,3,38,0.0,1,0.5
1205,2,113,0.8363,0,0.5
1205,1,75,0.7946,0,0.5
1205,4,14,0.3475,1,0.5
1205,3,38,0.0,1,0.5
1206,2,113,0.8728,0,0.5
1206,1,75,0.8458,0,0.5
1206,4,14,0.418,1,0.5
1206,3,38,0.0,1,0.5
1207,2,113,0.8885,0,0.5
1207,1,75,0.828,0,0.5
1207,4,14,0.4694,1,0.5
1207,3,38,0.0,1,0.5
1208,2,113,0.8757,0,0.5
1208,1,75,0.7836,0,0.5
1208,4,14,0.4967,1,0.5
1208,3,38,0.0043,1,0.5
1209,2,113,0.8524,0,0.5
1209,1,75,0.7881,0,0.5
1209,4,14,0.4559,1,0.5
1209,3,38,0.0151,1,0.5
1210,2,113,0.8291,0,0.5
1210,1,75,0.7797,0,0.5
1210,4,14,0.4381,1,0.5
1210,3,38,0.0014,1,0.5
1211,2,113,0.8548,0,0.5
1211,1,75,0.8446,0,0.5
1211,4,14,0.4974,1,0.5
1211,3,38,0.0026,1,0.5
1212,2,113,0.875,0,0.5
1212,1,75,0.8589,0,0.5
1212,4,14,0.5038,0,0.5
1212,3,38,0.0054,1,0.5
1213,2,113,0.8963,0,0.5
1213,1,75,0.7918,0,0.5
1213,4,14,0.5087,0,0.5
1213,3,38,0.0026,1,0.5
1214,2,113,0.8693,0,0.5
1214,1,75,0.7701,0,0.5
1214,4,14,0.4751,1,0.5
1214,3,38,0.0004,1,0.5
1215,2,113,0.8499,0,0.5
1215,1,75,0.7677,0,0.5
1215,4,14,0.5159,0,0.5
1215,3,38,0.0002,1,0.5
1216,2,113,0.8142,0,0.5
1216,1,75,0.7798,0,0.5
1216,4,14,0.574,0,0.5
1216,3,38,0.0002,1,0.5
1217,2,113,0.7721,0,0.5
1217,1,75,0.7621,0,0.5
1217,4,14,0.5759,0,0.5
1217,3,38,0.002,1,0.5
1218,2,113,0.7932,0,0.5
1218,1,75,0.7831,0,0.5
1218,4,14,0.5997,0,0.5
1218,3,38,0.0018,1,0.5
1219,2,113,0.8649,0,0.5
1219,1,75,0.8154,0,0.5
1219,4,14,0.5724,0,0.5
1219,3,38,0.0,1,0.5
1220,2,113,0.8557,0,0.5
1220,1,75,0.7577,0,0.5
1220,4,14,0.6312,0,0.5
1220,3,38,0.0,1,0.5
1221,2,113,0.823,0,0.5
1221,1,75,0.7232,0,0.5
1221,4,14,0.6295,0,0.5
1221,3,38,0.0,1,0.5
1222,1,75,0.793,0,0.5
1222,2,113,0.7836,0,0.5
1222,4,14,0.6575,0,0.5
1222,3,38,0.0,1,0.5
1223,2,113,0.777,0,0.5
1223,1,75,0.7656,0,0.5
1223,4,14,0.6855,0,0.5
1223,3,38,0.0,1,0.5
1224,2,113,0.8228,0,0.5
1224,1,75,0.7098,0,0.5
1224,4,14,0.6382,0,0.5
1224,3,38,0.0,1,0.5
1225,2,113,0.8617,0,0.5
1225,1,75,0.7407,0,0.5
1225,4,14,0.5827,0,0.5
1225,3,38,0.0,1,0.5
1226,2,113,0.8704,0,0.5
1226,1,75,0.7315,0,0.5
1226,4,14,0.5659,0,0.5
1226,3,38,0.0,1,0.5
1227,2,113,0.8486,0,0.5
1227,1,75,0.7235,0,0.5
1227,4,14,0.6203,0,0.5
1227,3,38,0.0,1,0.5
1228,2,113,0.8411,0,0.5
1228,1,75,0.73,0,0.5
1228,4,14,0.611,0,0.5
1228,3,38,0.0015,1,0.5
1229,2,113,0.797,0,0.5
1229,1,75,0.7619,0,0.5
1229,4,14,0.6961,0,0.5
1229,3,38,0.0,1,0.5
1230,1,75,0.7612,0,0.5
1230,4,14,0.7515,0,0.5
1230,2,113,0.7511,0,0.5
1230,3,38,0.0106,1,0.5
1231,1,75,0.7626,0,0.5
1231,2,113,0.7467,0,0.5
1231,4,14,0.727,0,0.5
1231,3,38,0.0121,1,0.5
1232,1,75,0.7989,0,0.5
1232,2,113,0.79,0,0.5
1232,4,14,0.7395,0,0.5
1232,3,38,0.0013,1,0.5
1233,2,113,0.837,0,0.5
1233,1,75,0.8331,0,0.5
1233,4,14,0.7567,0,0.5
1233,3,38,0.0,1,0.5
1234,2,113,0.8504,0,0.5
1234,1,75,0.8339,0,0.5
1234,4,14,0.7438,0,0.5
1234,3,38,0.0,1,0.5
1235,2,113,0.854,0,0.5
1235,1,75,0.7469,0,0.5
1235,4,14,0.6992,0,0.5
1235,3,38,0.0,1,0.5
1236,2,113,0.848,0,0.5
1236,1,75,0.8293,0,0.5
1236,4,14,0.6505,0,0.5
1236,3,38,0.0,1,0.5
1237,2,113,0.8257,0,0.5
1237,1,75,0.8068,0,0.5
1237,4,14,0.6027,0,0.5
1237,3,38,0.0,1,0.5
1238,1,75,0.8236,0,0.5
1238,2,113,0.7703,0,0.5
1238,4,14,0.6136,0,0.5
1238,3,38,0.0,1,0.5
1239,1,75,0.8061,0,0.5
1239,2,113,0.7441,0,0.5
1239,4,14,0.6856,0,0.5
1239,3,38,0.0,1,0.5
1240,1,75,0.8196,0,0.5
1240,2,113,0.7816,0,0.5
1240,4,14,0.7013,0,0.5
1240,3,38,0.0,1,0.5
1241,2,113,0.8313,0,0.5
1241,1,75,0.8131,0,0.5
1241,4,14,0.7347,0,0.5
1241,3,38,0.0,1,0.5
1242,2,113,0.8527,0,0.5
1242,1,75,0.8177,0,0.5
1242,4,14,0.7396,0,0.5
1242,3,38,0.0,1,0.5
1243,2,113,0.8724,0,0.5
1243,1,75,0.8301,0,0.5
1243,4,14,0.7527,0,0.5
1243,3,38,0.0,1,0.5
1244,2,113,0.8853,0,0.5
1244,1,75,0.8329,0,0.5
1244,4,14,0.733,0,0.5
1244,3,38,0.0,1,0.5
1245,2,113,0.8681,0,0.5
1245,1,75,0.8348,0,0.5
1245,4,14,0.7417,0,0.5
1245,3,38,0.0,1,0.5
1246,1,75,0.8304,0,0.5
1246,2,113,0.8146,0,0.5
1246,4,14,0.7407,0,0.5
1246,3,38,0.0,1,0.5
1247,1,75,0.8141,0,0.5
1247,2,113,0.782,0,0.5
1247,4,14,0.7471,0,0.5
1247,3,38,0.0,1,0.5
1248,2,113,0.7815,0,0.5
1248,1,75,0.7802,0,0.5
1248,4,14,0.7313,0,0.5
1248,3,38,0.0,1,0.5
1249,2,113,0.7632,0,0.5
1249,1,75,0.7576,0,0.5
1249,4,14,0.7338,0,0.5
1249,3,38,0.0,1,0.5
1250,2,113,0.7923,0,0.5
1250,1,75,0.7716,0,0.5
1250,4,14,0.7155,0,0.5
1250,3,38,0.0,1,0.5
1251,2,113,0.8137,0,0.5
1251,1,75,0.7256,0,0.5
1251,4,14,0.7077,0,0.5
1251,3,38,0.0,1,0.5
1252,2,113,0.8555,0,0.5
1252,1,75,0.828,0,0.5
1252,4,14,0.6978,0,0.5
1252,3,38,0.0,1,0.5
1253,1,75,0.8883,0,0.5
1253,2,113,0.8329,0,0.5
1253,4,14,0.7252,0,0.5
1253,3,38,0.0,1,0.5
1254,1,75,0.8556,0,0.5
1254,2,113,0.8209,0,0.5
1254,4,14,0.7566,0,0.5
1254,3,38,0.0,1,0.5
1255,1,75,0.8118,0,0.5
1255,4,14,0.7784,0,0.5
1255,2,113,0.7724,0,0.5
1255,3,38,0.0,1,0.5
1256,1,75,0.8542,0,0.5
1256,4,14,0.7794,0,0.5
1256,2,38,0.0,1,0.5
1256,3,113,0.0,1,0.5
1257,1,75,0.8312,0,0.5
1257,4,14,0.7741,0,0.5
1257,2,38,0.0,1,0.5
1257,3,113,0.0,1,0.5
1258,1,75,0.8403,0,0.5
1258,4,14,0.7689,0,0.5
1258,2,38,0.0,1,0.5
1258,3,113,0.0,1,0.5
1259,1,75,0.8513,0,0.5
1259,4,14,0.7781,0,0.5
1259,3,38,0.0014,1,0.5
1259,2,113,0.0,1,0.5
1260,1,75,0.8498,0,0.5
1260,4,14,0.8109,0,0.5
1260,2,38,0.0,1,0.5
1260,3,113,0.0,1,0.5
1261,1,75,0.8493,0,0.5
1261,4,14,0.8462,0,0.5
1261,2,38,0.0,1,0.5
1261,3,113,0.0,1,0.5
1262,1,75,0.8791,0,0.5
1262,4,14,0.8199,0,0.5
1262,3,38,0.0002,1,0.5
1262,2,113,0.0,1,0.5
1263,1,75,0.8591,0,0.5
1263,4,14,0.8167,0,0.5
1263,3,38,0.0026,1,0.5
1263,2,113,0.0,1,0.5
1264,1,75,0.8392,0,0.5
1264,4,14,0.809,0,0.5
1264,2,38,0.0,1,0.5
1264,3,113,0.0,1,0.5
1265,1,75,0.8494,0,0.5
1265,4,14,0.8478,0,0.5
1265,2,38,0.0,1,0.5
1265,3,113,0.0,1,0.5
1266,1,75,0.8851,0,0.5
1266,4,14,0.8342,0,0.5
1266,2,38,0.0,1,0.5
1266,3,113,0.0,1,0.5
1267,1,75,0.8796,0,0.5
1267,4,14,0.8582,0,0.5
1267,2,38,0.0,1,0.5
1267,3,113,0.0,1,0.5
1268,1,75,0.9007,0,0.5
1268,4,14,0.8309,0,0.5
1268,2,38,0.0,1,0.5
1268,3,113,0.0,1,0.5
1269,1,75,0.8806,0,0.5
1269,4,14,0.8434,0,0.5
1269,2,38,0.0,1,0.5
1269,3,113,0.0,1,0.5
1270,4,14,0.8427,0,0.5
1270,1,75,0.8388,0,0.5
1270,2,38,0.0,1,0.5
1270,3,113,0.0,1,0.5
1271,4,14,0.8582,0,0.5
1271,1,75,0.7792,0,0.5
1271,2,38,0.0,1,0.5
1271,3,113,0.0,1,0.5
1272,4,14,0.8314,0,0.5
1272,1,75,0.7748,0,0.5
1272,2,38,0.0,1,0.5
1272,3,113,0.0,1,0.5
1273,4,14,0.8343,0,0.5
1273,1,75,0.7238,0,0.5
1273,2,38,0.0,1,0.5
1273,3,113,0.0,1,0.5
1274,4,14,0.8361,0,0.5
1274,1,75,0.7201,0,0.5
1274,2,38,0.0,1,0.5
1274,3,113,0.0,1,0.5
1275,4,14,0.8503,0,0.5
1275,1,75,0.7604,0,0.5
1275,2,38,0.0,1,0.5
1275,3,113,0.0,1,0.5
1276,4,14,0.7993,0,0.5
1276,1,75,0.7734,0,0.5
1276,3,38,0.0,1,0.5
1276,2,113,0.0,1,0.5
1277,1,75,0.818,0,0.5
1277,4,14,0.7952,0,0.5
1277,2,38,0.0,1,0.5
1277,3,113,0.0,1,0.5
1278,4,14,0.8087,0,0.5
1278,1,75,0.7504,0,0.5
1278,2,38,0.0,1,0.5
1278,3,113,0.0,1,0.5
1279,1,75,0.8491,0,0.5
1279,4,14,0.7989,0,0.5
1279,2,38,0.0,1,0.5
1279,3,113,0.0,1,0.5
1280,1,75,0.8304,0,0.5
1280,4,14,0.7364,0,0.5
1280,2,38,0.0,1,0.5
1280,3,113,0.0,1,0.5
1281,1,75,0.8108,0,0.5
1281,4,14,0.725,0,0.5
1281,2,38,0.0,1,0.5
1281,3,113,0.0,1,0.5
1282,1,75,0.8001,0,0.5
1282,4,14,0.7156,0,0.5
1282,2,38,0.0,1,0.5
1282,3,113,0.0,1,0.5
1283,1,75,0.8399,0,0.5
1283,4,14,0.7036,0,0.5
1283,2,38,0.0,1,0.5
1283,3,113,0.0,1,0.5
1284,1,75,0.8313,0,0.5
1284,4,14,0.6893,0,0.5
1284,2,38,0.0,1,0.5
1284,3,113,0.0,1,0.5
1285,1,75,0.8616,0,0.5
1285,4,14,0.6654,0,0.5
1285,3,38,0.0,1,0.5
1286,1,75,0.8583,0,0.5
1286,4,14,0.6893,0,0.5
1286,2,38,0.0,1,0.5
1286,3,113,0.0,1,0.5
1287,1,75,0.8745,0,0.5
1287,4,14,0.7208,0,0.5
1287,2,38,0.0,1,0.5
1287,3,113,0.0,1,0.5
1288,1,75,0.8753,0,0.5
1288,4,14,0.7715,0,0.5
1288,2,38,0.0,1,0.5
1288,3,113,0.0,1,0.5
1289,1,75,0.8784,0,0.5
1289,4,14,0.6952,0,0.5
1289,2,38,0.0,1,0.5
1289,3,113,0.0,1,0.5
1290,1,75,0.9118,0,0.5
1290,4,14,0.6807,0,0.5
1290,2,38,0.0,1,0.5
1290,3,113,0.0,1,0.5
1291,1,75,0.9186,0,0.5
1291,4,14,0.6097,0,0.5
1291,2,38,0.0,1,0.5
1291,3,113,0.0,1,0.5
1292,1,75,0.9096,0,0.5
1292,4,14,0.594,0,0.5
1292,2,38,0.0,1,0.5
1292,3,113,0.0,1,0.5
1293,1,75,0.9044,0,0.5
1293,4,14,0.6297,0,0.5
1293,2,38,0.0,1,0.5
1293,3,113,0.0,1,0.5
1294,1,75,0.898,0,0.5
1294,4,14,0.6005,0,0.5
1294,2,38,0.0,1,0.5
1294,3,113,0.0,1,0.5
1295,1,75,0.8669,0,0.5
1295,4,14,0.619,0,0.5
1295,2,38,0.0,1,0.5
1295,3,113,0.0,1,0.5
1296,1,75,0.8547,0,0.5
1296,4,14,0.6094,0,0.5
1296,2,38,0.0,1,0.5
1296,3,113,0.0,1,0.5
1297,1,75,0.876,0,0.5
1297,4,14,0.6709,0,0.5
1297,2,38,0.0,1,0.5
1297,3,113,0.0,1,0.5
1298,1,75,0.7951,0,0.5
1298,4,14,0.6415,0,0.5
1298,2,38,0.0,1,0.5
1298,3,113,0.0,1,0.5
1299,1,75,0.7916,0,0.5
1299,4,14,0.6483,0,0.5
1299,2,38,0.0,1,0.5
1299,3,113,0.0,1,0.5
1300,1,75,0.828,0,0.5
1300,4,14,0.6545,0,0.5
1300,2,38,0.0,1,0.5
1300,3,113,0.0,1,0.5
1301,1,75,0.8303,0,0.5
1301,4,14,0.6303,0,0.5
1301,2,38,0.0,1,0.5
1301,3,113,0.0,1,0.5
1302,1,75,0.8455,0,0.5
1302,4,14,0.6012,0,0.5
1302,2,38,0.0,1,0.5
1302,3,113,0.0,1,0.5
1303,1,75,0.8516,0,0.5
1303,4,14,0.5926,0,0.5
1303,2,38,0.0,1,0.5
1303,3,113,0.0,1,0.5
1304,1,75,0.8006,0,0.5
1304,4,14,0.6033,0,0.5
1304,2,38,0.0,1,0.5
1304,3,113,0.0,1,0.5
1305,1,75,0.8328,0,0.5
1305,4,14,0.6261,0,0.5
1305,2,38,0.0,1,0.5
1305,3,113,0.0,1,0.5
1306,1,75,0.8473,0,0.5
1306,4,14,0.6648,0,0.5
1306,2,38,0.0,1,0.5
1306,3,113,0.0,1,0.5
1307,1,75,0.8693,0,0.5
1307,4,14,0.6213,0,0.5
1307,2,38,0.0,1,0.5
1307,3,113,0.0,1,0.5
1308,1,75,0.8664,0,0.5
1308,4,14,0.595,0,0.5
1308,2,38,0.0,1,0.5
1308,3,113,0.0,1,0.5
1309,1,75,0.867,0,0.5
1309,4,14,0.6376,0,0.5
1309,2,38,0.0,1,0.5
1309,3,113,0.0,1,0.5
1310,1,75,0.8425,0,0.5
1310,4,14,0.6503,0,0.5
1310,2,38,0.0,1,0.5
1310,3,113,0.0,1,0.5
1311,1,75,0.8279,0,0.5
1311,4,14,0.6569,0,0.5
1311,2,38,0.0,1,0.5
1311,3,113,0.0,1,0.5
1312,1,75,0.8411,0,0.5
1312,4,14,0.6726,0,0.5
1312,2,38,0.0,1,0.5
1312,3,113,0.0,1,0.5
1313,1,75,0.8571,0,0.5
1313,4,14,0.7242,0,0.5
1313,2,38,0.0,1,0.5
1313,3,113,0.0,1,0.5
1314,1,75,0.8264,0,0.5
1314,4,14,0.6985,0,0.5
1314,2,38,0.0,1,0.5
1314,3,113,0.0,1,0.5
1315,1,75,0.8517,0,0.5
1315,4,14,0.7096,0,0.5
1315,2,38,0.0,1,0.5
1315,3,113,0.0,1,0.5
1316,1,75,0.8323,0,0.5
1316,4,14,0.6806,0,0.5
1316,2,38,0.0,1,0.5
1316,3,113,0.0,1,0.5
1317,1,75,0.8262,0,0.5
1317,4,14,0.7361,0,0.5
1317,2,38,0.0,1,0.5
1317,3,113,0.0,1,0.5
1318,1,75,0.828,0,0.5
1318,4,14,0.6901,0,0.5
1318,2,38,0.0,1,0.5
1318,3,113,0.0,1,0.5
1319,1,75,0.8585,0,0.5
1319,4,14,0.6836,0,0.5
1319,2,38,0.0,1,0.5
1319,3,113,0.0,1,0.5
1320,1,75,0.8629,0,0.5
1320,4,14,0.685,0,0.5
1320,2,38,0.0,1,0.5
1320,3,113,0.0,1,0.5
1321,1,75,0.8976,0,0.5
1321,4,14,0.69,0,0.5
1321,2,38,0.0,1,0.5
1321,3,113,0.0,1,0.5
1322,1,75,0.8417,0,0.5
1322,4,14,0.7319,0,0.5
1322,2,38,0.0,1,0.5
1322,3,113,0.0,1,0.5
1323,1,75,0.9034,0,0.5
1323,4,14,0.6904,0,0.5
1323,2,38,0.0,1,0.5
1323,3,113,0.0,1,0.5
1324,1,75,0.8555,0,0.5
1324,4,14,0.7616,0,0.5
1324,2,38,0.0,1,0.5
1324,3,113,0.0,1,0.5
1325,1,75,0.8397,0,0.5
1325,4,14,0.7588,0,0.5
1325,2,38,0.0,1,0.5
1325,3,113,0.0,1,0.5
1326,1,75,0.8129,0,0.5
1326,4,14,0.6836,0,0.5
1326,2,38,0.0,1,0.5
1326,3,113,0.0,1,0.5
1327,1,75,0.8828,0,0.5
1327,4,14,0.5591,0,0.5
1327,2,38,0.0,1,0.5
1327,3,113,0.0,1,0.5
1328,1,75,0.8981,0,0.5
1328,4,14,0.5416,0,0.5
1328,2,38,0.0,1,0.5
1328,3,113,0.0,1,0.5
1329,1,75,0.8782,0,0.5
1329,4,14,0.6247,0,0.5
1329,2,38,0.0,1,0.5
1329,3,113,0.0,1,0.5
1330,1,75,0.8827,0,0.5
1330,4,14,0.7353,0,0.5
1330,2,38,0.0,1,0.5
1330,3,113,0.0,1,0.5
1331,1,75,0.9036,0,0.5
1331,4,14,0.7181,0,0.5
1331,2,38,0.0,1,0.5
1331,3,113,0.0,1,0.5
1332,1,75,0.9243,0,0.5
1332,4,14,0.6798,0,0.5
1332,2,38,0.0,1,0.5
1332,3,113,0.0,1,0.5
1333,1,75,0.8722,0,0.5
1333,4,14,0.6755,0,0.5
1333,2,38,0.0,1,0.5
1333,3,113,0.0,1,0.5
1334,1,75,0.8612,0,0.5
1334,4,14,0.6802,0,0.5
1334,2,38,0.0,1,0.5
1334,3,113,0.0,1,0.5
1335,1,75,0.8755,0,0.5
1335,4,14,0.6789,0,0.5
1335,2,38,0.0,1,0.5
1335,3,113,0.0,1,0.5
1336,1,75,0.8745,0,0.5
1336,4,14,0.6772,0,0.5
1336,2,38,0.0,1,0.5
1336,3,113,0.0,1,0.5
1337,1,75,0.8354,0,0.5
1337,4,14,0.6819,0,0.5
1337,2,38,0.0,1,0.5
1337,3,113,0.0,1,0.5
1338,1,75,0.8014,0,0.5
1338,4,14,0.6732,0,0.5
1338,2,38,0.0,1,0.5
1338,3,113,0.0,1,0.5
1339,1,75,0.7395,0,0.5
1339,4,14,0.6899,0,0.5
1339,2,38,0.0,1,0.5
1339,3,113,0.0,1,0.5
1340,1,75,0.7703,0,0.5
1340,4,14,0.7093,0,0.5
1340,2,38,0.0,1,0.5
1340,3,113,0.0,1,0.5
1341,1,75,0.7746,0,0.5
1341,4,14,0.7184,0,0.5
1341,3,38,0.0,1,0.5
1342,1,75,0.7849,0,0.5
1342,4,14,0.7053,0,0.5
1342,2,38,0.0,1,0.5
1342,3,113,0.0,1,0.5
1343,1,75,0.775,0,0.5
1343,4,14,0.7503,0,0.5
1343,2,38,0.0,1,0.5
1343,3,113,0.0,1,0.5
1344,1,75,0.7768,0,0.5
1344,4,14,0.7412,0,0.5
1344,2,38,0.0,1,0.5
1344,3,113,0.0,1,0.5
1345,1,75,0.8249,0,0.5
1345,4,14,0.7416,0,0.5
1345,2,38,0.0,1,0.5
1345,3,113,0.0,1,0.5
1346,1,75,0.8539,0,0.5
1346,4,14,0.7403,0,0.5
1346,2,38,0.0,1,0.5
1346,3,113,0.0,1,0.5
1347,1,75,0.8519,0,0.5
1347,4,14,0.7664,0,0.5
1347,2,38,0.0,1,0.5
1347,3,113,0.0,1,0.5
1348,1,75,0.838,0,0.5
1348,4,14,0.774,0,0.5
1348,2,38,0.0,1,0.5
1348,3,113,0.0,1,0.5
1349,4,14,0.7687,0,0.5
1349,1,75,0.7663,0,0.5
1349,2,38,0.0,1,0.5
1349,3,113,0.0,1,0.5
1350,1,75,0.8386,0,0.5
1350,4,14,0.7622,0,0.5
1350,2,38,0.0,1,0.5
1350,3,113,0.0,1,0.5
1351,1,75,0.9053,0,0.5
1351,4,14,0.7712,0,0.5
1351,2,38,0.0,1,0.5
1351,3,113,0.0,1,0.5
1352,1,75,0.8874,0,0.5
1352,4,14,0.7488,0,0.5
1352,2,38,0.0,1,0.5
1352,3,113,0.0,1,0.5
1353,1,75,0.9108,0,0.5
1353,4,14,0.7662,0,0.5
1353,2,38,0.0,1,0.5
1353,3,113,0.0,1,0.5
1354,1,75,0.9002,0,0.5
1354,4,14,0.7648,0,0.5
1354,2,38,0.0,1,0.5
1354,3,113,0.0,1,0.5
1355,1,75,0.8572,0,0.5
1355,4,14,0.7655,0,0.5
1355,2,38,0.0,1,0.5
1355,3,113,0.0,1,0.5
1356,1,75,0.8882,0,0.5
1356,4,14,0.7872,0,0.5
1356,2,38,0.0,1,0.5
1356,3,113,0.0,1,0.5
1357,1,75,0.8208,0,0.5
1357,4,14,0.7605,0,0.5
1357,2,38,0.0,1,0.5
1357,3,113,0.0,1,0.5
1358,1,75,0.8997,0,0.5
1358,4,14,0.7899,0,0.5
1358,2,38,0.0,1,0.5
1358,3,113,0.0,1,0.5
1359,1,75,0.8939,0,0.5
1359,4,14,0.7632,0,0.5
1359,2,38,0.0,1,0.5
1359,3,113,0.0,1,0.5
1360,1,75,0.8968,0,0.5
1360,4,14,0.7991,0,0.5
1360,2,38,0.0,1,0.5
1360,3,113,0.0,1,0.5
1361,1,75,0.8627,0,0.5
1361,4,14,0.7927,0,0.5
1361,2,38,0.0,1,0.5
1361,3,113,0.0,1,0.5
1362,1,75,0.8796,0,0.5
1362,4,14,0.7799,0,0.5
1362,2,38,0.0,1,0.5
1362,3,113,0.0,1,0.5
1363,1,75,0.8975,0,0.5
1363,4,14,0.7672,0,0.5
1363,2,38,0.0,1,0.5
1363,3,113,0.0,1,0.5
1364,1,75,0.9072,0,0.5
1364,4,14,0.7764,0,0.5
1364,2,38,0.0,1,0.5
1364,3,113,0.0,1,0.5
1365,1,75,0.8885,0,0.5
1365,4,14,0.7453,0,0.5
1365,2,38,0.0,1,0.5
1365,3,113,0.0,1,0.5
1366,1,75,0.8781,0,0.5
1366,4,14,0.7385,0,0.5
1366,2,38,0.0,1,0.5
1366,3,113,0.0,1,0.5
1367,1,75,0.8726,0,0.5
1367,4,14,0.7386,0,0.5
1367,2,38,0.0,1,0.5
1367,3,113,0.0,1,0.5
1368,1,75,0.827,0,0.5
1368,4,14,0.7413,0,0.5
1368,2,38,0.0,1,0.5
1368,3,113,0.0,1,0.5
1369,1,75,0.8322,0,0.5
1369,4,14,0.743,0,0.5
1369,2,38,0.0,1,0.5
1369,3,113,0.0,1,0.5
1370,1,75,0.8635,0,0.5
1370,4,14,0.7393,0,0.5
1370,2,38,0.0,1,0.5
1370,3,113,0.0,1,0.5
1371,1,75,0.8545,0,0.5
1371,4,14,0.7376,0,0.5
1371,2,38,0.0,1,0.5
1371,3,113,0.0,1,0.5
1372,1,75,0.8621,0,0.5
1372,4,14,0.7377,0,0.5
1372,2,38,0.0,1,0.5
1372,3,113,0.0,1,0.5
1373,1,75,0.8572,0,0.5
1373,4,14,0.7348,0,0.5
1373,2,38,0.0,1,0.5
1373,3,113,0.0,1,0.5
1374,1,75,0.863,0,0.5
1374,4,14,0.7329,0,0.5
1374,2,38,0.0,1,0.5
1374,3,113,0.0,1,0.5
1375,1,75,0.8555,0,0.5
1375,4,14,0.7337,0,0.5
1375,2,38,0.0,1,0.5
1375,3,113,0.0,1,0.5
1376,1,75,0.823,0,0.5
1376,4,14,0.7376,0,0.5
1376,2,38,0.0,1,0.5
1376,3,113,0.0,1,0.5
1377,1,75,0.8458,0,0.5
1377,4,14,0.736,0,0.5
1377,2,38,0.0,1,0.5
1377,3,113,0.0,1,0.5
1378,1,75,0.8542,0,0.5
1378,4,14,0.7436,0,0.5
1378,2,38,0.0,1,0.5
1378,3,113,0.0,1,0.5
1379,1,75,0.7798,0,0.5
1379,4,14,0.75,0,0.5
1379,3,38,0.0,1,0.5
1379,2,113,0.0,1,0.5
1380,4,14,0.7507,0,0.5
1380,1,75,0.7252,0,0.5
1380,3,38,0.003,1,0.5
1380,2,113,0.0,1,0.5
1381,4,14,0.7597,0,0.5
1381,1,75,0.7581,0,0.5
1381,3,38,0.002,1,0.5
1381,2,113,0.0,1,0.5
1382,4,14,0.764,0,0.5
1382,1,75,0.7567,0,0.5
1382,2,38,0.0,1,0.5
1382,3,113,0.0,1,0.5
1383,1,75,0.7922,0,0.5
1383,4,14,0.7664,0,0.5
1383,2,38,0.0,1,0.5
1383,3,113,0.0,1,0.5
1384,4,14,0.7574,0,0.5
1384,1,75,0.7176,0,0.5
1384,2,38,0.0,1,0.5
1384,3,113,0.0,1,0.5
1385,1,75,0.8163,0,0.5
1385,4,14,0.7584,0,0.5
1385,2,38,0.0,1,0.5
1385,3,113,0.0,1,0.5
1386,4,14,0.758,0,0.5
1386,1,75,0.7213,0,0.5
1386,2,38,0.0,1,0.5
1386,3,113,0.0,1,0.5
1387,1,75,0.7856,0,0.5
1387,4,14,0.752,0,0.5
1387,2,38,0.0,1,0.5
1387,3,113,0.0,1,0.5
1388,1,75,0.809,0,0.5
1388,4,14,0.7553,0,0.5
1388,2,38,0.0,1,0.5
1388,3,113,0.0,1,0.5
1389,4,14,0.7415,0,0.5
1389,1,75,0.7244,0,0.5
1389,3,38,0.0005,1,0.5
1389,2,113,0.0,1,0.5
1390,1,75,0.7985,0,0.5
1390,4,14,0.7474,0,0.5
1390,2,38,0.0,1,0.5
1390,3,113,0.0,1,0.5
1391,1,75,0.8181,0,0.5
1391,4,14,0.7482,0,0.5
1391,2,38,0.0,1,0.5
1391,3,113,0.0,1,0.5
1392,4,14,0.7615,0,0.5
1392,1,75,0.6789,0,0.5
1392,2,38,0.0,1,0.5
1392,3,113,0.0,1,0.5
1393,4,14,0.7669,0,0.5
1393,1,75,0.7647,0,0.5
1393,3,38,0.0002,1,0.5
1393,2,113,0.0,1,0.5
1394,1,75,0.8273,0,0.5
1394,4,14,0.7593,0,0.5
1394,3,38,0.0,1,0.5
1394,2,113,0.0,1,0.5
1395,1,75,0.839,0,0.5
1395,4,14,0.7438,0,0.5
1395,2,38,0.0,1,0.5
1395,3,113,0.0,1,0.5
1396,1,75,0.8277,0,0.5
1396,4,14,0.7404,0,0.5
1396,2,38,0.0,1,0.5
1396,3,113,0.0,1,0.5
1397,4,14,0.7497,0,0.5
1397,1,75,0.678,0,0.5
1397,2,38,0.0,1,0.5
1397,3,113,0.0,1,0.5
1398,4,14,0.7493,0,0.5
1398,1,75,0.7076,0,0.5
1398,2,38,0.0,1,0.5
1398,3,113,0.0,1,0.5
1399,4,14,0.7419,0,0.5
1399,1,75,0.6371,0,0.5
1399,2,38,0.0,1,0.5
1399,3,113,0.0,1,0.5
1400,1,75,0.778,0,0.5
1400,4,14,0.7401,0,0.5
1400,2,38,0.0,1,0.5
1400,3,113,0.0,1,0.5
1401,4,14,0.7325,0,0.5
1401,1,75,0.725,0,0.5
1401,2,38,0.0,1,0.5
1401,3,113,0.0,1,0.5
1402,1,75,0.8075,0,0.5
1402,4,14,0.7535,0,0.5
1402,2,38,0.0,1,0.5
1402,3,113,0.0,1,0.5
1403,1,75,0.7742,0,0.5
1403,4,14,0.7472,0,0.5
1403,2,38,0.0,1,0.5
1403,3,113,0.0,1,0.5
1404,4,14,0.7987,0,0.5
1404,1,75,0.7735,0,0.5
1404,2,38,0.0,1,0.5
1404,3,113,0.0,1,0.5
1405,4,14,0.782,0,0.5
1405,1,75,0.7722,0,0.5
1405,2,38,0.0,1,0.5
1405,3,113,0.0,1,0.5
1406,4,14,0.7716,0,0.5
1406,1,75,0.7343,0,0.5
1406,2,38,0.0,1,0.5
1406,3,113,0.0,1,0.5
1407,1,75,0.7284,0,0.5
1407,4,14,0.7268,0,0.5
1407,2,38,0.0,1,0.5
1407,3,113,0.0,1,0.5
1408,4,14,0.6815,0,0.5
1408,1,75,0.6779,0,0.5
1408,2,38,0.0,1,0.5
1408,3,113,0.0,1,0.5
1409,1,75,0.6748,0,0.5
1409,4,14,0.6141,0,0.5
1409,3,38,0.0,1,0.5
1410,1,75,0.6949,0,0.5
1410,4,14,0.5948,0,0.5
1410,3,38,0.0,1,0.5
1411,1,75,0.7107,0,0.5
1411,4,14,0.5829,0,0.5
1411,2,38,0.0,1,0.5
1411,3,113,0.0,1,0.5
1412,1,75,0.714,0,0.5
1412,4,14,0.6226,0,0.5
1412,2,38,0.0,1,0.5
1412,3,113,0.0,1,0.5
1413,1,75,0.7673,0,0.5
1413,4,14,0.6461,0,0.5
1413,3,38,0.0,1,0.5
1414,1,75,0.7164,0,0.5
1414,4,14,0.6878,0,0.5
1414,3,38,0.0003,1,0.5
1415,1,75,0.7519,0,0.5
1415,4,14,0.7001,0,0.5
1415,2,38,0.0,1,0.5
1415,3,113,0.0,1,0.5
1416,1,75,0.7273,0,0.5
1416,4,14,0.5514,0,0.5
1416,2,38,0.0,1,0.5
1416,3,113,0.0,1,0.5
1417,1,75,0.7541,0,0.5
1417,4,14,0.5611,0,0.5
1417,2,38,0.0,1,0.5
1417,3,113,0.0,1,0.5
1418,1,75,0.7306,0,0.5
1418,4,14,0.5513,0,0.5
1418,2,38,0.0,1,0.5
1418,3,113,0.0,1,0.5
1419,1,75,0.7241,0,0.5
1419,4,14,0.6049,0,0.5
1419,2,38,0.0,1,0.5
1419,3,113,0.0,1,0.5
1420,1,75,0.7223,0,0.5
1420,4,14,0.6372,0,0.5
1420,2,38,0.0,1,0.5
1420,3,113,0.0,1,0.5
1421,1,75,0.7786,0,0.5
1421,4,14,0.6849,0,0.5
1421,2,38,0.0,1,0.5
1421,3,113,0.0,1,0.5
1422,1,75,0.7962,0,0.5
1422,4,14,0.6798,0,0.5
1422,2,38,0.0,1,0.5
1422,3,113,0.0,1,0.5
1423,1,75,0.8231,0,0.5
1423,4,14,0.6907,0,0.5
1423,2,38,0.0,1,0.5
1423,3,113,0.0,1,0.5
1424,1,75,0.7656,0,0.5
1424,4,14,0.6178,0,0.5
1424,3,38,0.0,1,0.5
1424,2,113,0.0,1,0.5
1425,1,75,0.651,0,0.5
1425,4,14,0.5826,0,0.5
1425,2,38,0.0,1,0.5
1425,3,113,0.0,1,0.5
1426,1,75,0.5859,0,0.5
1426,4,14,0.5143,0,0.5
1426,2,38,0.0,1,0.5
1426,3,113,0.0,1,0.5
1427,1,75,0.6882,0,0.5
1427,4,14,0.5012,0,0.5
1427,2,38,0.0,1,0.5
1427,3,113,0.0,1,0.5
1428,1,75,0.6671,0,0.5
1428,4,14,0.6179,0,0.5
1428,2,38,0.0,1,0.5
1428,3,113,0.0,1,0.5
1429,1,75,0.6737,0,0.5
1429,4,14,0.6219,0,0.5
1429,2,38,0.0,1,0.5
1429,3,113,0.0,1,0.5
1430,1,75,0.6592,0,0.5
1430,4,14,0.6069,0,0.5
1430,2,38,0.0,1,0.5
1430,3,113,0.0,1,0.5
1431,1,75,0.7379,0,0.5
1431,4,14,0.6184,0,0.5
1431,3,38,0.0,1,0.5
1431,2,113,0.0,1,0.5
1432,1,75,0.7204,0,0.5
1432,4,14,0.5643,0,0.5
1432,3,38,0.0013,1,0.5
1432,2,113,0.0,1,0.5
1433,1,75,0.8012,0,0.5
1433,4,14,0.5717,0,0.5
1433,3,38,0.0036,1,0.5
1433,2,113,0.0,1,0.5
1434,1,75,0.8379,0,0.5
1434,4,14,0.5996,0,0.5
1434,3,38,0.0031,1,0.5
1434,2,113,0.0,1,0.5
1435,1,75,0.8749,0,0.5
1435,4,14,0.6689,0,0.5
1435,3,38,0.002,1,0.5
1435,2,113,0.0,1,0.5
1436,1,75,0.8876,0,0.5
1436,4,14,0.6752,0,0.5
1436,3,38,0.0009,1,0.5
1436,2,113,0.0,1,0.5
1437,1,75,0.8959,0,0.5
1437,4,14,0.7068,0,0.5
1437,3,38,0.0025,1,0.5
1437,2,113,0.0,1,0.5
1438,1,75,0.9151,0,0.5
1438,4,14,0.6897,0,0.5
1438,3,38,0.0015,1,0.5
1438,2,113,0.0,1,0.5
1439,1,75,0.8557,0,0.5
1439,4,14,0.6708,0,0.5
1439,3,38,0.0034,1,0.5
1439,2,113,0.0,1,0.5
1440,1,75,0.8422,0,0.5
1440,4,14,0.607,0,0.5
1440,2,38,0.0,1,0.5
1440,3,113,0.0,1,0.5
1441,1,75,0.8621,0,0.5
1441,4,14,0.5216,0,0.5
1441,2,38,0.0,1,0.5
1441,3,113,0.0,1,0.5
1442,1,75,0.8637,0,0.5
1442,4,14,0.5496,0,0.5
1442,3,38,0.0022,1,0.5
1442,2,113,0.0,1,0.5
1443,1,75,0.8557,0,0.5
1443,4,14,0.5785,0,0.5
1443,3,38,0.0008,1,0.5
1443,2,113,0.0,1,0.5
1444,1,75,0.8535,0,0.5
1444,4,14,0.6983,0,0.5
1444,2,38,0.0,1,0.5
1444,3,113,0.0,1,0.5
1445,1,75,0.8519,0,0.5
1445,4,14,0.7362,0,0.5
1445,2,38,0.0,1,0.5
1445,3,113,0.0,1,0.5
1446,1,75,0.8659,0,0.5
1446,4,14,0.73,0,0.5
1446,2,38,0.0,1,0.5
1446,3,113,0.0,1,0.5
1447,1,75,0.8445,0,0.5
1447,4,14,0.7397,0,0.5
1447,2,38,0.0,1,0.5
1447,3,113,0.0,1,0.5
1448,1,75,0.8267,0,0.5
1448,4,14,0.6242,0,0.5
1448,2,38,0.0,1,0.5
1448,3,113,0.0,1,0.5
1449,1,75,0.7898,0,0.5
1449,4,14,0.7036,0,0.5
1449,2,38,0.0,1,0.5
1449,3,113,0.0,1,0.5
1450,1,75,0.7797,0,0.5
1450,4,14,0.7497,0,0.5
1450,2,38,0.0,1,0.5
1450,3,113,0.0,1,0.5
1451,4,14,0.766,0,0.5
1451,1,75,0.7373,0,0.5
1451,2,38,0.0,1,0.5
1451,3,113,0.0,1,0.5
1452,4,14,0.7814,0,0.5
1452,1,75,0.6972,0,0.5
1452,2,38,0.0,1,0.5
1452,3,113,0.0,1,0.5
1453,4,14,0.7801,0,0.5
1453,1,75,0.7324,0,0.5
1453,2,38,0.0,1,0.5
1453,3,113,0.0,1,0.5
1454,4,14,0.7888,0,0.5
1454,1,75,0.7289,0,0.5
1454,2,38,0.0,1,0.5
1454,3,113,0.0,1,0.5
1455,4,14,0.804,0,0.5
1455,1,75,0.7686,0,0.5
1455,2,38,0.0,1,0.5
1455,3,113,0.0,1,0.5
1456,1,75,0.8351,0,0.5
1456,4,14,0.8085,0,0.5
1456,2,38,0.0,1,0.5
1456,3,113,0.0,1,0.5
1457,1,75,0.8545,0,0.5
1457,4,14,0.8067,0,0.5
1457,2,38,0.0,1,0.5
1457,3,113,0.0,1,0.5
1458,1,75,0.8465,0,0.5
1458,4,14,0.8069,0,0.5
1458,2,38,0.0,1,0.5
1458,3,113,0.0,1,0.5
1459,1,75,0.8285,0,0.5
1459,4,14,0.8123,0,0.5
1459,2,38,0.0,1,0.5
1459,3,113,0.0,1,0.5
1460,4,14,0.8094,0,0.5
1460,1,75,0.7779,0,0.5
1460,2,38,0.0,1,0.5
1460,3,113,0.0,1,0.5
1461,4,14,0.8127,0,0.5
1461,1,75,0.7696,0,0.5
1461,2,38,0.0,1,0.5
1461,3,113,0.0,1,0.5
1462,4,14,0.7925,0,0.5
1462,1,75,0.764,0,0.5
1462,2,38,0.0,1,0.5
1462,3,113,0.0,1,0.5
1463,4,14,0.7911,0,0.5
1463,1,75,0.7458,0,0.5
1463,3,38,0.0023,1,0.5
1463,2,113,0.0,1,0.5
1464,4,14,0.8129,0,0.5
1464,1,75,0.6598,0,0.5
1464,3,38,0.0012,1,0.5
1464,2,113,0.0,1,0.5
1465,4,14,0.8094,0,0.5
1465,1,75,0.7614,0,0.5
1465,3,38,0.0023,1,0.5
1465,2,113,0.0,1,0.5
1466,4,14,0.8404,0,0.5
1466,1,75,0.8128,0,0.5
1466,3,38,0.0008,1,0.5
1466,2,113,0.0,1,0.5
1467,4,14,0.8103,0,0.5
1467,1,75,0.7318,0,0.5
1467,3,38,0.0017,1,0.5
1467,2,113,0.0,1,0.5
1468,4,14,0.784,0,0.5
1468,1,75,0.7025,0,0.5
1468,3,38,0.0187,1,0.5
1468,2,113,0.0,1,0.5
1469,4,14,0.7651,0,0.5
1469,1,75,0.6857,0,0.5
1469,3,38,0.0123,1,0.5
1469,2,113,0.0,1,0.5
1470,4,14,0.7574,0,0.5
1470,1,75,0.7268,0,0.5
1470,3,38,0.0036,1,0.5
1470,2,113,0.0,1,0.5
1471,4,14,0.7634,0,0.5
1471,1,75,0.7064,0,0.5
1471,3,38,0.0104,1,0.5
1471,2,113,0.0,1,0.5
1472,4,14,0.7121,0,0.5
1472,1,75,0.6576,0,0.5
1472,3,38,0.0161,1,0.5
1472,2,113,0.0,1,0.5
1473,4,14,0.7694,0,0.5
1473,1,75,0.5884,0,0.5
1473,3,38,0.0063,1,0.5
1473,2,113,0.0,1,0.5
1474,4,14,0.7365,0,0.5
1474,1,75,0.7249,0,0.5
1474,3,38,0.0081,1,0.5
1474,2,113,0.0,1,0.5
1475,4,14,0.7147,0,0.5
1475,1,75,0.6973,0,0.5
1475,3,38,0.0105,1,0.5
1475,2,113,0.0,1,0.5
1476,4,14,0.7047,0,0.5
1476,1,75,0.651,0,0.5
1476,2,38,0.0,1,0.5
1476,3,113,0.0,1,0.5
1477,4,14,0.6932,0,0.5
1477,1,75,0.6003,0,0.5
1477,3,38,0.0,1,0.5
1477,2,113,0.0,1,0.5
1478,4,14,0.6728,0,0.5
1478,1,75,0.6587,0,0.5
1478,3,38,0.0011,1,0.5
1478,2,113,0.0,1,0.5
1479,4,14,0.652,0,0.5
1479,1,75,0.6302,0,0.5
1479,3,38,0.0001,1,0.5
1479,2,113,0.0,1,0.5
1480,1,75,0.6913,0,0.5
1480,4,14,0.688,0,0.5
1480,3,38,0.0,1,0.5
1480,2,113,0.0,1,0.5
1481,1,75,0.6832,0,0.5
1481,4,14,0.6778,0,0.5
1481,3,38,0.001,1,0.5
1481,2,113,0.0,1,0.5
1482,4,14,0.6835,0,0.5
1482,1,75,0.6824,0,0.5
1482,2,38,0.0,1,0.5
1482,3,113,0.0,1,0.5
1483,4,14,0.6886,0,0.5
1483,1,75,0.6239,0,0.5
1483,3,38,0.0005,1,0.5
1483,2,113,0.0,1,0.5
1484,4,14,0.6825,0,0.5
1484,1,75,0.562,0,0.5
1484,3,38,0.0008,1,0.5
1484,2,113,0.0,1,0.5
1485,4,14,0.6701,0,0.5
1485,1,75,0.6611,0,0.5
1485,3,38,0.0012,1,0.5
1485,2,113,0.0,1,0.5
1486,1,75,0.7508,0,0.5
1486,4,14,0.6757,0,0.5
1486,3,38,0.0011,1,0.5
1486,2,113,0.0,1,0.5
1487,1,75,0.7822,0,0.5
1487,4,14,0.684,0,0.5
1487,3,38,0.0005,1,0.5
1487,2,113,0.0,1,0.5
1488,1,75,0.8109,0,0.5
1488,4,14,0.7041,0,0.5
1488,3,38,0.0005,1,0.5
1488,2,113,0.0,1,0.5
1489,1,75,0.8065,0,0.5
1489,4,14,0.7137,0,0.5
1489,2,38,0.0,1,0.5
1489,3,113,0.0,1,0.5
1490,1,75,0.8224,0,0.5
1490,4,14,0.7191,0,0.5
1490,3,38,0.0006,1,0.5
1490,2,113,0.0,1,0.5
1491,1,75,0.848,0,0.5
1491,4,14,0.7212,0,0.5
1491,3,38,0.0033,1,0.5
1491,2,113,0.0,1,0.5
1492,1,75,0.8359,0,0.5
1492,4,14,0.7214,0,0.5
1492,2,38,0.0,1,0.5
1492,3,113,0.0,1,0.5
1493,1,75,0.8693,0,0.5
1493,4,14,0.7114,0,0.5
1493,2,38,0.0,1,0.5
1493,3,113,0.0,1,0.5
1494,1,75,0.8368,0,0.5
1494,4,14,0.7047,0,0.5
1494,2,38,0.0,1,0.5
1494,3,113,0.0,1,0.5
1495,1,75,0.8449,0,0.5
1495,4,14,0.7062,0,0.5
1495,2,38,0.0,1,0.5
1495,3,113,0.0,1,0.5
1496,1,75,0.8302,0,0.5
1496,4,14,0.7044,0,0.5
1496,2,38,0.0,1,0.5
1496,3,113,0.0,1,0.5
1497,1,75,0.8405,0,0.5
1497,4,14,0.7146,0,0.5
1497,3,38,0.0009,1,0.5
1497,2,113,0.0,1,0.5
1498,1,75,0.8519,0,0.5
1498,4,14,0.7301,0,0.5
1498,3,38,0.0003,1,0.5
1498,2,113,0.0,1,0.5
1499,1,75,0.8671,0,0.5
1499,4,14,0.7242,0,0.5
1499,3,38,0.0005,1,0.5
1499,2,113,0.0,1,0.5
1500,3,38,0.9042,0,0.5
1500,1,75,0.782,0,0.5
1500,4,14,0.7005,0,0.5
1500,2,113,0.6426,0,0.5
1501,3,38,0.9165,0,0.5
1501,1,75,0.7476,0,0.5
1501,4,14,0.6769,0,0.5
1501,2,113,0.6753,0,0.5
1502,3,38,0.9293,0,0.5
1502,1,75,0.7462,0,0.5
1502,2,113,0.7152,0,0.5
1502,4,14,0.661,0,0.5
1503,3,38,0.9361,0,0.5
1503,1,75,0.7821,0,0.5
1503,2,113,0.7048,0,0.5
1503,4,14,0.6696,0,0.5
1504,3,38,0.929,0,0.5
1504,1,75,0.7892,0,0.5
1504,2,113,0.694,0,0.5
1504,4,14,0.6493,0,0.5
1505,3,38,0.9295,0,0.5
1505,1,75,0.8197,0,0.5
1505,2,113,0.636,0,0.5
1505,4,14,0.6243,0,0.5
1506,3,38,0.936,0,0.5
1506,1,75,0.8579,0,0.5
1506,4,14,0.6191,0,0.5
1506,2,113,0.6117,0,0.5
1507,3,38,0.9413,0,0.5
1507,1,75,0.843,0,0.5
1507,4,14,0.6013,0,0.5
1507,2,113,0.5746,0,0.5
1508,3,38,0.9429,0,0.5
1508,1,75,0.8611,0,0.5
1508,4,14,0.5995,0,0.5
1508,2,113,0.5743,0,0.5
1509,3,38,0.9346,0,0.5
1509,1,75,0.8368,0,0.5
1509,2,113,0.6176,0,0.5
1509,4,14,0.5966,0,0.5
1510,3,38,0.935,0,0.5
1510,1,75,0.7651,0,0.5
1510,2,113,0.6249,0,0.5
1510,4,14,0.5936,0,0.5
1511,3,38,0.9239,0,0.5
1511,1,75,0.7915,0,0.5
1511,4,14,0.6516,0,0.5
1511,2,113,0.646,0,0.5
1512,3,38,0.9278,0,0.5
1512,2,113,0.7044,0,0.5
1512,1,75,0.7025,0,0.5
1512,4,14,0.6935,0,0.5
1513,3,38,0.9307,0,0.5
1513,1,75,0.7065,0,0.5
1513,2,113,0.6934,0,0.5
1513,4,14,0.6699,0,0.5
1514,3,38,0.94,0,0.5
1514,2,113,0.7309,0,0.5
1514,1,75,0.7205,0,0.5
1514,4,14,0.6609,0,0.5
1515,3,38,0.9512,0,0.5
1515,2,113,0.7517,0,0.5
1515,1,75,0.7351,0,0.5
1515,4,14,0.6567,0,0.5
1516,3,38,0.9454,0,0.5
1516,1,75,0.7439,0,0.5
1516,2,113,0.7161,0,0.5
1516,4,14,0.6679,0,0.5
1517,3,38,0.9441,0,0.5
1517,1,75,0.7248,0,0.5
1517,2,113,0.67,0,0.5
1517,4,14,0.6692,0,0.5
1518,3,38,0.9461,0,0.5
1518,1,75,0.7261,0,0.5
1518,4,14,0.6851,0,0.5
1518,2,113,0.6001,0,0.5
1519,3,38,0.9477,0,0.5
1519,1,75,0.7321,0,0.5
1519,4,14,0.6814,0,0.5
1519,2,113,0.5229,0,0.5
1520,3,38,0.9528,0,0.5
1520,1,75,0.7151,0,0.5
1520,4,14,0.6861,0,0.5
1520,2,113,0.4993,1,0.5
1521,3,38,0.9553,0,0.5
1521,4,14,0.7018,0,0.5
1521,1,75,0.6944,0,0.5
1521,2,113,0.5007,0,0.5
1522,3,38,0.9501,0,0.5
1522,1,75,0.6808,0,0.5
1522,4,14,0.6654,0,0.5
1522,2,113,0.5285,0,0.5
1523,3,38,0.9501,0,0.5
1523,1,75,0.6659,0,0.5
1523,4,14,0.6561,0,0.5
1523,2,113,0.5738,0,0.5
1524,3,38,0.9507,0,0.5
1524,1,75,0.7003,0,0.5
1524,4,14,0.6484,0,0.5
1524,2,113,0.6,0,0.5
1525,3,38,0.9525,0,0.5
1525,1,75,0.7193,0,0.5
1525,2,113,0.6596,0,0.5
1525,4,14,0.6294,0,0.5
1526,3,38,0.9515,0,0.5
1526,1,75,0.7403,0,0.5
1526,2,113,0.6645,0,0.5
1526,4,14,0.6236,0,0.5
1527,3,38,0.9501,0,0.5
1527,1,75,0.7569,0,0.5
1527,2,113,0.6824,0,0.5
1527,4,14,0.5929,0,0.5
1528,3,38,0.9478,0,0.5
1528,1,75,0.7566,0,0.5
1528,2,113,0.7013,0,0.5
1528,4,14,0.6041,0,0.5
1529,3,38,0.945,0,0.5
1529,1,75,0.7452,0,0.5
1529,2,113,0.708,0,0.5
1529,4,14,0.6213,0,0.5
1530,3,38,0.9478,0,0.5
1530,1,75,0.742,0,0.5
1530,2,113,0.6661,0,0.5
1530,4,14,0.6462,0,0.5
1531,3,38,0.9472,0,0.5
1531,1,75,0.72,0,0.5
1531,4,14,0.6529,0,0.5
1531,2,113,0.6159,0,0.5
1532,3,38,0.9526,0,0.5
1532,1,75,0.6948,0,0.5
1532,4,14,0.654,0,0.5
1532,2,113,0.5638,0,0.5
1533,3,38,0.9554,0,0.5
1533,1,75,0.6793,0,0.5
1533,4,14,0.6492,0,0.5
1533,2,113,0.5691,0,0.5
1534,3,38,0.9577,0,0.5
1534,1,75,0.691,0,0.5
1534,4,14,0.6432,0,0.5
1534,2,113,0.5918,0,0.5
1535,3,38,0.9554,0,0.5
1535,1,75,0.704,0,0.5
1535,2,113,0.6355,0,0.5
1535,4,14,0.6119,0,0.5
1536,3,38,0.9531,0,0.5
1536,1,75,0.711,0,0.5
1536,2,113,0.6614,0,0.5
1536,4,14,0.6268,0,0.5
1537,3,38,0.9569,0,0.5
1537,2,113,0.7078,0,0.5
1537,1,75,0.7001,0,0.5
1537,4,14,0.6308,0,0.5
1538,3,38,0.9554,0,0.5
1538,2,113,0.7108,0,0.5
1538,1,75,0.674,0,0.5
1538,4,14,0.6184,0,0.5
1539,3,38,0.9593,0,0.5
1539,2,113,0.7586,0,0.5
1539,1,75,0.6602,0,0.5
1539,4,14,0.6303,0,0.5
1540,3,38,0.9569,0,0.5
1540,2,113,0.7572,0,0.5
1540,4,14,0.6435,0,0.5
1540,1,75,0.6305,0,0.5
1541,3,38,0.957,0,0.5
1541,2,113,0.7913,0,0.5
1541,1,75,0.6417,0,0.5
1541,4,14,0.6292,0,0.5
1542,3,38,0.9565,0,0.5
1542,2,113,0.7894,0,0.5
1542,1,75,0.6447,0,0.5
1542,4,14,0.6246,0,0.5
1543,3,38,0.948,0,0.5
1543,2,113,0.7893,0,0.5
1543,1,75,0.646,0,0.5
1543,4,14,0.628,0,0.5
1544,3,38,0.9486,0,0.5
1544,2,113,0.79,0,0.5
1544,1,75,0.6444,0,0.5
1544,4,14,0.6142,0,0.5
1545,3,38,0.9491,0,0.5
1545,2,113,0.7825,0,0.5
1545,1,75,0.6686,0,0.5
1545,4,14,0.618,0,0.5
1546,3,38,0.9454,0,0.5
1546,2,113,0.754,0,0.5
1546,1,75,0.6332,0,0.5
1546,4,14,0.6148,0,0.5
1547,3,38,0.9432,0,0.5
1547,2,113,0.7179,0,0.5
1547,1,75,0.6785,0,0.5
1547,4,14,0.6088,0,0.5
1548,3,38,0.9391,0,0.5
1548,1,75,0.7192,0,0.5
1548,2,113,0.7161,0,0.5
1548,4,14,0.6198,0,0.5
1549,3,38,0.9382,0,0.5
1549,1,75,0.7492,0,0.5
1549,2,113,0.6845,0,0.5
1549,4,14,0.6494,0,0.5
1550,3,38,0.9402,0,0.5
1550,1,75,0.7784,0,0.5
1550,2,113,0.7092,0,0.5
1550,4,14,0.6542,0,0.5
1551,3,38,0.9417,0,0.5
1551,1,75,0.7747,0,0.5
1551,2,113,0.6694,0,0.5
1551,4,14,0.656,0,0.5
1552,3,38,0.9497,0,0.5
1552,1,75,0.7712,0,0.5
1552,4,14,0.6541,0,0.5
1552,2,113,0.6081,0,0.5
1553,3,38,0.9419,0,0.5
1553,1,75,0.7848,0,0.5
1553,4,14,0.6537,0,0.5
1553,2,113,0.5321,0,0.5
1554,3,38,0.9474,0,0.5
1554,1,75,0.7721,0,0.5
1554,4,14,0.6553,0,0.5
1554,2,113,0.4404,1,0.5
1555,3,38,0.9471,0,0.5
1555,1,75,0.7809,0,0.5
1555,4,14,0.6606,0,0.5
1555,2,113,0.3382,1,0.5
1556,3,38,0.9432,0,0.5
1556,1,75,0.7695,0,0.5
1556,4,14,0.6612,0,0.5
1556,2,113,0.3167,1,0.5
1557,3,38,0.9411,0,0.5
1557,1,75,0.7775,0,0.5
1557,4,14,0.6657,0,0.5
1557,2,113,0.3243,1,0.5
1558,3,38,0.942,0,0.5
1558,1,75,0.7767,0,0.5
1558,4,14,0.6696,0,0.5
1558,2,113,0.3287,1,0.5
1559,3,38,0.944,0,0.5
1559,1,75,0.754,0,0.5
1559,4,14,0.6557,0,0.5
1559,2,113,0.368,1,0.5
1560,3,38,0.9343,0,0.5
1560,1,75,0.7533,0,0.5
1560,4,14,0.6487,0,0.5
1560,2,113,0.4548,1,0.5
1561,3,38,0.9499,0,0.5
1561,1,75,0.7625,0,0.5
1561,4,14,0.6537,0,0.5
1561,2,113,0.4696,1,0.5
1562,3,38,0.9509,0,0.5
1562,1,75,0.7811,0,0.5
1562,4,14,0.6615,0,0.5
1562,2,113,0.3349,1,0.5
1563,3,38,0.9614,0,0.5
1563,1,75,0.8357,0,0.5
1563,4,14,0.6845,0,0.5
1563,2,113,0.2574,1,0.5
1564,3,38,0.9502,0,0.5
1564,1,75,0.81,0,0.5
1564,4,14,0.6278,0,0.5
1564,2,113,0.2369,1,0.5
1565,3,38,0.9491,0,0.5
1565,1,75,0.8443,0,0.5
1565,4,14,0.6555,0,0.5
1565,2,113,0.2306,1,0.5
1566,3,38,0.9523,0,0.5
1566,1,75,0.8215,0,0.5
1566,4,14,0.662,0,0.5
1566,2,113,0.2768,1,0.5
1567,3,38,0.9397,0,0.5
1567,1,75,0.786,0,0.5
1567,4,14,0.6376,0,0.5
1567,2,113,0.3365,1,0.5
1568,3,38,0.9414,0,0.5
1568,1,75,0.7747,0,0.5
1568,4,14,0.6554,0,0.5
1568,2,113,0.3829,1,0.5
1569,3,38,0.9472,0,0.5
1569,1,75,0.8044,0,0.5
1569,4,14,0.6533,0,0.5
1569,2,113,0.3452,1,0.5
1570,3,38,0.9472,0,0.5
1570,1,75,0.7609,0,0.5
1570,4,14,0.6385,0,0.5
1570,2,113,0.2885,1,0.5
1571,3,38,0.9468,0,0.5
1571,1,75,0.747,0,0.5
1571,4,14,0.6378,0,0.5
1571,2,113,0.3197,1,0.5
1572,3,38,0.9505,0,0.5
1572,1,75,0.6291,0,0.5
1572,4,14,0.5714,0,0.5
1572,2,113,0.3546,1,0.5
1573,3,38,0.9527,0,0.5
1573,1,75,0.5099,0,0.5
1573,4,14,0.4591,1,0.5
1573,2,113,0.4329,1,0.5
1574,3,38,0.951,0,0.5
1574,1,75,0.567,0,0.5
1574,2,113,0.5209,0,0.5
1574,4,14,0.4583,1,0.5
1575,3,38,0.9457,0,0.5
1575,1,75,0.7733,0,0.5
1575,2,113,0.5965,0,0.5
1575,4,14,0.5503,0,0.5
1576,3,38,0.9443,0,0.5
1576,1,75,0.8131,0,0.5
1576,2,113,0.6019,0,0.5
1576,4,14,0.5927,0,0.5
1577,3,38,0.9463,0,0.5
1577,1,75,0.8445,0,0.5
1577,4,14,0.6341,0,0.5
1577,2,113,0.5495,0,0.5
1578,3,38,0.9489,0,0.5
1578,1,75,0.8685,0,0.5
1578,4,14,0.6204,0,0.5
1578,2,113,0.4738,1,0.5
1579,3,38,0.9511,0,0.5
1579,1,75,0.9007,0,0.5
1579,4,14,0.6022,0,0.5
1579,2,113,0.4097,1,0.5
1580,3,38,0.9318,0,0.5
1580,1,75,0.8601,0,0.5
1580,4,14,0.6222,0,0.5
1580,2,113,0.3889,1,0.5
1581,3,38,0.9319,0,0.5
1581,1,75,0.8539,0,0.5
1581,4,14,0.6648,0,0.5
1581,2,113,0.4085,1,0.5
1582,3,38,0.9312,0,0.5
1582,1,75,0.8022,0,0.5
1582,4,14,0.5523,0,0.5
1582,2,113,0.4498,1,0.5
1583,3,38,0.9284,0,0.5
1583,1,75,0.7776,0,0.5
1583,2,113,0.5039,0,0.5
1583,4,14,0.4661,1,0.5
1584,3,38,0.9294,0,0.5
1584,1,75,0.7703,0,0.5
1584,2,113,0.5203,0,0.5
1584,4,14,0.4748,1,0.5
1585,3,38,0.933,0,0.5
1585,1,75,0.7778,0,0.5
1585,4,14,0.5796,0,0.5
1585,2,113,0.5715,0,0.5
1586,3,38,0.9337,0,0.5
1586,1,75,0.8058,0,0.5
1586,4,14,0.661,0,0.5
1586,2,113,0.6002,0,0.5
1587,3,38,0.9251,0,0.5
1587,1,75,0.8427,0,0.5
1587,4,14,0.6818,0,0.5
1587,2,113,0.596,0,0.5
1588,3,38,0.926,0,0.5
1588,1,75,0.8504,0,0.5
1588,4,14,0.6747,0,0.5
1588,2,113,0.5565,0,0.5
1589,3,38,0.9299,0,0.5
1589,1,75,0.8601,0,0.5
1589,4,14,0.6757,0,0.5
1589,2,113,0.5015,0,0.5
1590,3,38,0.9265,0,0.5
1590,1,75,0.8701,0,0.5
1590,4,14,0.6731,0,0.5
1590,2,113,0.4554,1,0.5
1591,3,38,0.9275,0,0.5
1591,1,75,0.8843,0,0.5
1591,4,14,0.7009,0,0.5
1591,2,113,0.4601,1,0.5
1592,3,38,0.929,0,0.5
1592,1,75,0.8743,0,0.5
1592,4,14,0.6898,0,0.5
1592,2,113,0.5021,0,0.5
1593,3,38,0.9286,0,0.5
1593,1,75,0.8738,0,0.5
1593,4,14,0.6871,0,0.5
1593,2,113,0.5365,0,0.5
1594,3,38,0.929,0,0.5
1594,1,75,0.869,0,0.5
1594,4,14,0.6851,0,0.5
1594,2,113,0.5373,0,0.5
1595,3,38,0.9286,0,0.5
1595,1,75,0.8741,0,0.5
1595,4,14,0.6895,0,0.5
1595,2,113,0.5725,0,0.5
1596,3,38,0.9221,0,0.5
1596,1,75,0.8272,0,0.5
1596,4,14,0.6788,0,0.5
1596,2,113,0.4897,1,0.5
1597,3,38,0.9203,0,0.5
1597,1,75,0.7996,0,0.5
1597,4,14,0.645,0,0.5
1597,2,113,0.3839,1,0.5
1598,3,38,0.9192,0,0.5
1598,1,75,0.7746,0,0.5
1598,4,14,0.6093,0,0.5
1598,2,113,0.3212,1,0.5
1599,3,38,0.9214,0,0.5
1599,1,75,0.7778,0,0.5
1599,4,14,0.6218,0,0.5
1599,2,113,0.3133,1,0.5
1600,3,38,0.9131,0,0.5
1600,1,75,0.8099,0,0.5
1600,4,14,0.6527,0,0.5
1600,2,113,0.3396,1,0.5
1601,3,38,0.9142,0,0.5
1601,1,75,0.8439,0,0.5
1601,4,14,0.6887,0,0.5
1601,2,113,0.4287,1,0.5
1602,3,38,0.9158,0,0.5
1602,1,75,0.8603,0,0.5
1602,4,14,0.672,0,0.5
1602,2,113,0.5165,0,0.5
1603,3,38,0.9119,0,0.5
1603,1,75,0.8622,0,0.5
1603,4,14,0.642,0,0.5
1603,2,113,0.5686,0,0.5
1604,3,38,0.91,0,0.5
1604,1,75,0.8699,0,0.5
1604,4,14,0.6059,0,0.5
1604,2,113,0.55,0,0.5
1605,3,38,0.9159,0,0.5
1605,1,75,0.8827,0,0.5
1605,4,14,0.6306,0,0.5
1605,2,113,0.4826,1,0.5
1606,3,38,0.9176,0,0.5
1606,1,75,0.9038,0,0.5
1606,4,14,0.6427,0,0.5
1606,2,113,0.4156,1,0.5
1607,3,38,0.9163,0,0.5
1607,1,75,0.8944,0,0.5
1607,4,14,0.6495,0,0.5
1607,2,113,0.3786,1,0.5
1608,3,38,0.9159,0,0.5
1608,1,75,0.9028,0,0.5
1608,4,14,0.6286,0,0.5
1608,2,113,0.3877,1,0.5
1609,3,38,0.9172,0,0.5
1609,1,75,0.8965,0,0.5
1609,4,14,0.6265,0,0.5
1609,2,113,0.4189,1,0.5
1610,3,38,0.9189,0,0.5
1610,1,75,0.879,0,0.5
1610,4,14,0.6412,0,0.5
1610,2,113,0.4746,1,0.5
1611,3,38,0.9166,0,0.5
1611,1,75,0.8747,0,0.5
1611,4,14,0.6495,0,0.5
1611,2,113,0.5296,0,0.5
1612,3,38,0.9157,0,0.5
1612,1,75,0.8564,0,0.5
1612,4,14,0.645,0,0.5
1612,2,113,0.5851,0,0.5
1613,3,38,0.9163,0,0.5
1613,1,75,0.8541,0,0.5
1613,4,14,0.6356,0,0.5
1613,2,113,0.6299,0,0.5
1614,3,38,0.9154,0,0.5
1614,1,75,0.8525,0,0.5
1614,4,14,0.6222,0,0.5
1614,2,113,0.6176,0,0.5
1615,3,38,0.9165,0,0.5
1615,1,75,0.8577,0,0.5
1615,2,113,0.6201,0,0.5
1615,4,14,0.6197,0,0.5
1616,3,38,0.9135,0,0.5
1616,1,75,0.844,0,0.5
1616,2,113,0.6331,0,0.5
1616,4,14,0.6091,0,0.5
1617,3,38,0.9157,0,0.5
1617,1,75,0.8315,0,0.5
1617,2,113,0.6771,0,0.5
1617,4,14,0.6175,0,0.5
1618,3,38,0.9127,0,0.5
1618,1,75,0.8282,0,0.5
1618,2,113,0.7071,0,0.5
1618,4,14,0.6228,0,0.5
1619,3,38,0.9118,0,0.5
1619,1,75,0.8174,0,0.5
1619,2,113,0.706,0,0.5
1619,4,14,0.6267,0,0.5
1620,3,38,0.9097,0,0.5
1620,1,75,0.8246,0,0.5
1620,2,113,0.6981,0,0.5
1620,4,14,0.623,0,0.5
1621,3,38,0.9071,0,0.5
1621,1,75,0.8351,0,0.5
1621,2,113,0.6945,0,0.5
1621,4,14,0.6226,0,0.5
1622,3,38,0.9082,0,0.5
1622,1,75,0.84,0,0.5
1622,2,113,0.7142,0,0.5
1622,4,14,0.6251,0,0.5
1623,3,38,0.9078,0,0.5
1623,1,75,0.8561,0,0.5
1623,2,113,0.745,0,0.5
1623,4,14,0.6399,0,0.5
1624,3,38,0.9096,0,0.5
1624,1,75,0.8747,0,0.5
1624,2,113,0.7132,0,0.5
1624,4,14,0.6464,0,0.5
1625,3,38,0.9134,0,0.5
1625,1,75,0.8664,0,0.5
1625,2,113,0.6567,0,0.5
1625,4,14,0.6344,0,0.5
1626,3,38,0.9091,0,0.5
1626,1,75,0.8601,0,0.5
1626,4,14,0.6328,0,0.5
1626,2,113,0.6048,0,0.5
1627,3,38,0.908,0,0.5
1627,1,75,0.8553,0,0.5
1627,2,113,0.6525,0,0.5
1627,4,14,0.6173,0,0.5
1628,3,38,0.9097,0,0.5
1628,1,75,0.8575,0,0.5
1628,2,113,0.7204,0,0.5
1628,4,14,0.6171,0,0.5
1629,3,38,0.9096,0,0.5
1629,1,75,0.8393,0,0.5
1629,2,113,0.7151,0,0.5
1629,4,14,0.6056,0,0.5
1630,3,38,0.9081,0,0.5
1630,1,75,0.8284,0,0.5
1630,2,113,0.6878,0,0.5
1630,4,14,0.6012,0,0.5
1631,3,38,0.9052,0,0.5
1631,1,75,0.8318,0,0.5
1631,2,113,0.6448,0,0.5
1631,4,14,0.6141,0,0.5
1632,3,38,0.9046,0,0.5
1632,1,75,0.8247,0,0.5
1632,4,14,0.6109,0,0.5
1632,2,113,0.5623,0,0.5
1633,3,38,0.9046,0,0.5
1633,1,75,0.8192,0,0.5
1633,4,14,0.6128,0,0.5
1633,2,113,0.5042,0,0.5
1634,3,38,0.9063,0,0.5
1634,1,75,0.8133,0,0.5
1634,4,14,0.5903,0,0.5
1634,2,113,0.5198,0,0.5
1635,3,38,0.9174,0,0.5
1635,1,75,0.7456,0,0.5
1635,2,113,0.529,0,0.5
1635,4,14,0.5282,0,0.5
1636,3,38,0.9201,0,0.5
1636,1,75,0.6616,0,0.5
1636,2,113,0.5778,0,0.5
1636,4,14,0.5176,0,0.5
1637,3,38,0.9177,0,0.5
1637,1,75,0.7229,0,0.5
1637,2,113,0.6476,0,0.5
1637,4,14,0.579,0,0.5
1638,3,38,0.9153,0,0.5
1638,1,75,0.8143,0,0.5
1638,2,113,0.6826,0,0.5
1638,4,14,0.6215,0,0.5
1639,3,38,0.9173,0,0.5
1639,1,75,0.8404,0,0.5
1639,2,113,0.6864,0,0.5
1639,4,14,0.5955,0,0.5
1640,3,38,0.9153,0,0.5
1640,1,75,0.8134,0,0.5
1640,2,113,0.6412,0,0.5
1640,4,14,0.5798,0,0.5
1641,3,38,0.9133,0,0.5
1641,1,75,0.7559,0,0.5
1641,2,113,0.578,0,0.5
1641,4,14,0.4331,1,0.5
1642,3,38,0.9136,0,0.5
1642,1,75,0.7447,0,0.5
1642,2,113,0.5436,0,0.5
1642,4,14,0.3947,1,0.5
1643,3,38,0.9089,0,0.5
1643,1,75,0.7166,0,0.5
1643,2,113,0.522,0,0.5
1643,4,14,0.4145,1,0.5
1644,3,38,0.9126,0,0.5
1644,1,75,0.7923,0,0.5
1644,2,113,0.5452,0,0.5
1644,4,14,0.4502,1,0.5
1645,3,38,0.9124,0,0.5
1645,1,75,0.7742,0,0.5
1645,2,113,0.5586,0,0.5
1645,4,14,0.3962,1,0.5
1646,3,38,0.9195,0,0.5
1646,1,75,0.7826,0,0.5
1646,2,113,0.579,0,0.5
1646,4,14,0.3985,1,0.5
1647,3,38,0.9198,0,0.5
1647,1,75,0.7928,0,0.5
1647,2,113,0.5811,0,0.5
1647,4,14,0.3195,1,0.5
1648,3,38,0.916,0,0.5
1648,1,75,0.8034,0,0.5
1648,2,113,0.6022,0,0.5
1648,4,14,0.3506,1,0.5
1649,3,38,0.9112,0,0.5
1649,1,75,0.7896,0,0.5
1649,2,113,0.6486,0,0.5
1649,4,14,0.4338,1,0.5
1650,3,38,0.9136,0,0.5
1650,1,75,0.7895,0,0.5
1650,2,113,0.7055,0,0.5
1650,4,14,0.4451,1,0.5
1651,3,38,0.9103,0,0.5
1651,1,75,0.8032,0,0.5
1651,2,113,0.6578,0,0.5
1651,4,14,0.4741,1,0.5
1652,3,38,0.9188,0,0.5
1652,1,75,0.7863,0,0.5
1652,2,113,0.6066,0,0.5
1652,4,14,0.5597,0,0.5
1653,3,38,0.9144,0,0.5
1653,1,75,0.7973,0,0.5
1653,2,113,0.5477,0,0.5
1653,4,14,0.5386,0,0.5
1654,3,38,0.9127,0,0.5
1654,1,75,0.8016,0,0.5
1654,2,113,0.5497,0,0.5
1654,4,14,0.5204,0,0.5
1655,3,38,0.9068,0,0.5
1655,1,75,0.8066,0,0.5
1655,2,113,0.5649,0,0.5
1655,4,14,0.5201,0,0.5
1656,3,38,0.907,0,0.5
1656,1,75,0.801,0,0.5
1656,2,113,0.5977,0,0.5
1656,4,14,0.5023,0,0.5
1657,3,38,0.9072,0,0.5
1657,1,75,0.7991,0,0.5
1657,2,113,0.6463,0,0.5
1657,4,14,0.4462,1,0.5
1658,3,38,0.9008,0,0.5
1658,1,75,0.793,0,0.5
1658,2,113,0.6411,0,0.5
1658,4,14,0.4289,1,0.5
1659,3,38,0.9012,0,0.5
1659,1,75,0.7887,0,0.5
1659,2,113,0.5858,0,0.5
1659,4,14,0.454,1,0.5
1660,3,38,0.8994,0,0.5
1660,1,75,0.7902,0,0.5
1660,2,113,0.5987,0,0.5
1660,4,14,0.5201,0,0.5
1661,3,38,0.8961,0,0.5
1661,1,75,0.7667,0,0.5
1661,2,113,0.5883,0,0.5
1661,4,14,0.5073,0,0.5
1662,3,38,0.8951,0,0.5
1662,1,75,0.7994,0,0.5
1662,2,113,0.5984,0,0.5
1662,4,14,0.4899,1,0.5
1663,3,38,0.9017,0,0.5
1663,1,75,0.7836,0,0.5
1663,2,113,0.5248,0,0.5
1663,4,14,0.4627,1,0.5
1664,3,38,0.907,0,0.5
1664,1,75,0.7905,0,0.5
1664,2,113,0.472,1,0.5
1664,4,14,0.3887,1,0.5
1665,3,38,0.8976,0,0.5
1665,1,75,0.8091,0,0.5
1665,2,113,0.5008,0,0.5
1665,4,14,0.4021,1,0.5
1666,3,38,0.8948,0,0.5
1666,1,75,0.7969,0,0.5
1666,2,113,0.5878,0,0.5
1666,4,14,0.437,1,0.5
1667,3,38,0.8863,0,0.5
1667,1,75,0.8014,0,0.5
1667,2,113,0.6777,0,0.5
1667,4,14,0.4699,1,0.5
1668,3,38,0.8841,0,0.5
1668,1,75,0.8057,0,0.5
1668,2,113,0.7136,0,0.5
1668,4,14,0.4375,1,0.5
1669,3,38,0.8864,0,0.5
1669,1,75,0.803,0,0.5
1669,2,113,0.7327,0,0.5
1669,4,14,0.3739,1,0.5
1670,3,38,0.8773,0,0.5
1670,1,75,0.7996,0,0.5
1670,2,113,0.7333,0,0.5
1670,4,14,0.3007,1,0.5
1671,3,38,0.8802,0,0.5
1671,1,75,0.7994,0,0.5
1671,2,113,0.7704,0,0.5
1671,4,14,0.2553,1,0.5
1672,3,38,0.8815,0,0.5
1672,1,75,0.8117,0,0.5
1672,2,113,0.8033,0,0.5
1672,4,14,0.2335,1,0.5
1673,3,38,0.8795,0,0.5
1673,1,75,0.8132,0,0.5
1673,2,113,0.7954,0,0.5
1673,4,14,0.2407,1,0.5
1674,3,38,0.8774,0,0.5
1674,1,75,0.8168,0,0.5
1674,2,113,0.8004,0,0.5
1674,4,14,0.2639,1,0.5
1675,3,38,0.8782,0,0.5
1675,1,75,0.8187,0,0.5
1675,2,113,0.7554,0,0.5
1675,4,14,0.3106,1,0.5
1676,3,38,0.8769,0,0.5
1676,1,75,0.8081,0,0.5
1676,2,113,0.7621,0,0.5
1676,4,14,0.3408,1,0.5
1677,3,38,0.876,0,0.5
1677,1,75,0.7722,0,0.5
1677,2,113,0.7332,0,0.5
1677,4,14,0.2737,1,0.5
1678,3,38,0.8756,0,0.5
1678,1,75,0.768,0,0.5
1678,2,113,0.6131,0,0.5
1678,4,14,0.2362,1,0.5
1679,3,38,0.8771,0,0.5
1679,1,75,0.7632,0,0.5
1679,2,113,0.5671,0,0.5
1679,4,14,0.214,1,0.5
1680,3,38,0.8783,0,0.5
1680,1,75,0.7878,0,0.5
1680,2,113,0.538,0,0.5
1680,4,14,0.248,1,0.5
1681,3,38,0.8752,0,0.5
1681,1,75,0.7888,0,0.5
1681,2,113,0.5879,0,0.5
1681,4,14,0.2845,1,0.5
1682,3,38,0.8721,0,0.5
1682,1,75,0.7977,0,0.5
1682,2,113,0.6422,0,0.5
1682,4,14,0.2937,1,0.5
1683,3,38,0.8714,0,0.5
1683,1,75,0.813,0,0.5
1683,2,113,0.6863,0,0.5
1683,4,14,0.3105,1,0.5
1684,3,38,0.8729,0,0.5
1684,1,75,0.8279,0,0.5
1684,2,113,0.6868,0,0.5
1684,4,14,0.3156,1,0.5
1685,3,38,0.8753,0,0.5
1685,1,75,0.8416,0,0.5
1685,2,113,0.6787,0,0.5
1685,4,14,0.4156,1,0.5
1686,3,38,0.8711,0,0.5
1686,1,75,0.8403,0,0.5
1686,2,113,0.6855,0,0.5
1686,4,14,0.4977,1,0.5
1687,3,38,0.8731,0,0.5
1687,1,75,0.8391,0,0.5
1687,2,113,0.7091,0,0.5
1687,4,14,0.5571,0,0.5
1688,3,38,0.8725,0,0.5
1688,1,75,0.8448,0,0.5
1688,2,113,0.7045,0,0.5
1688,4,14,0.5696,0,0.5
1689,3,38,0.8698,0,0.5
1689,1,75,0.8348,0,0.5
1689,2,113,0.6671,0,0.5
1689,4,14,0.5638,0,0.5
1690,3,38,0.8695,0,0.5
1690,1,75,0.8044,0,0.5
1690,2,113,0.687,0,0.5
1690,4,14,0.4773,1,0.5
1691,3,38,0.8745,0,0.5
1691,1,75,0.837,0,0.5
1691,2,113,0.753,0,0.5
1691,4,14,0.5169,0,0.5
1692,3,38,0.8752,0,0.5
1692,1,75,0.841,0,0.5
1692,2,113,0.7689,0,0.5
1692,4,14,0.4917,1,0.5
1693,3,38,0.8697,0,0.5
1693,1,75,0.8514,0,0.5
1693,2,113,0.74,0,0.5
1693,4,14,0.4967,1,0.5
1694,3,38,0.8709,0,0.5
1694,1,75,0.861,0,0.5
1694,2,113,0.6719,0,0.5
1694,4,14,0.5491,0,0.5
1695,3,38,0.866,0,0.5
1695,1,75,0.8634,0,0.5
1695,2,113,0.625,0,0.5
1695,4,14,0.5811,0,0.5
1696,1,75,0.8703,0,0.5
1696,3,38,0.8658,0,0.5
1696,4,14,0.6256,0,0.5
1696,2,113,0.5902,0,0.5
1697,1,75,0.8674,0,0.5
1697,3,38,0.8637,0,0.5
1697,4,14,0.6466,0,0.5
1697,2,113,0.5082,0,0.5
1698,1,75,0.8678,0,0.5
1698,3,38,0.865,0,0.5
1698,4,14,0.6887,0,0.5
1698,2,113,0.4751,1,0.5
1699,3,38,0.8737,0,0.5
1699,1,75,0.8275,0,0.5
1699,4,14,0.6786,0,0.5
1699,2,113,0.4718,1,0.5
1700,3,38,0.8645,0,0.5
1700,1,75,0.7855,0,0.5
1700,4,14,0.6889,0,0.5
1700,2,113,0.5326,0,0.5
1701,3,38,0.852,0,0.5
1701,1,75,0.7664,0,0.5
1701,4,14,0.6929,0,0.5
1701,2,113,0.5666,0,0.5
1702,3,38,0.8126,0,0.5
1702,1,75,0.784,0,0.5
1702,4,14,0.6933,0,0.5
1702,2,113,0.6504,0,0.5
1703,1,75,0.8108,0,0.5
1703,2,113,0.7603,0,0.5
1703,3,38,0.7586,0,0.5
1703,4,14,0.6967,0,0.5
1704,1,75,0.8354,0,0.5
1704,2,113,0.7831,0,0.5
1704,4,14,0.72,0,0.5
1704,3,38,0.6996,0,0.5
1705,1,75,0.8567,0,0.5
1705,2,113,0.7808,0,0.5
1705,4,14,0.6893,0,0.5
1705,3,38,0.6482,0,0.5
1706,1,75,0.8516,0,0.5
1706,2,113,0.7505,0,0.5
1706,4,14,0.719,0,0.5
1706,3,38,0.7149,0,0.5
1707,1,75,0.8556,0,0.5
1707,2,113,0.7729,0,0.5
1707,3,38,0.7258,0,0.5
1707,4,14,0.7147,0,0.5
1708,1,75,0.852,0,0.5
1708,2,113,0.747,0,0.5
1708,4,14,0.7189,0,0.5
1708,3,38,0.6787,0,0.5
1709,1,75,0.8462,0,0.5
1709,4,14,0.7057,0,0.5
1709,2,113,0.688,0,0.5
1709,3,38,0.5856,0,0.5
1710,1,75,0.8352,0,0.5
1710,4,14,0.6947,0,0.5
1710,2,113,0.5975,0,0.5
1710,3,38,0.469,1,0.5
1711,1,75,0.8264,0,0.5
1711,4,14,0.697,0,0.5
1711,2,113,0.6073,0,0.5
1711,3,38,0.3317,1,0.5
1712,1,75,0.8245,0,0.5
1712,4,14,0.6972,0,0.5
1712,2,113,0.6712,0,0.5
1712,3,38,0.3118,1,0.5
1713,1,75,0.8424,0,0.5
1713,2,113,0.6985,0,0.5
1713,4,14,0.6907,0,0.5
1713,3,38,0.4048,1,0.5
1714,1,75,0.8401,0,0.5
1714,4,14,0.694,0,0.5
1714,2,113,0.6386,0,0.5
1714,3,38,0.5604,0,0.5
1715,1,75,0.8124,0,0.5
1715,4,14,0.7172,0,0.5
1715,2,113,0.6295,0,0.5
1715,3,38,0.5693,0,0.5
1716,1,75,0.83,0,0.5
1716,4,14,0.7162,0,0.5
1716,2,113,0.6294,0,0.5
1716,3,38,0.4918,1,0.5
1717,1,75,0.8404,0,0.5
1717,4,14,0.714,0,0.5
1717,2,113,0.639,0,0.5
1717,3,38,0.4755,1,0.5
1718,1,75,0.864,0,0.5
1718,4,14,0.7101,0,0.5
1718,2,113,0.6549,0,0.5
1718,3,38,0.3252,1,0.5
1719,1,75,0.8796,0,0.5
1719,4,14,0.7108,0,0.5
1719,2,113,0.6657,0,0.5
1719,3,38,0.3401,1,0.5
1720,1,75,0.8819,0,0.5
1720,4,14,0.6861,0,0.5
1720,2,113,0.6539,0,0.5
1720,3,38,0.3806,1,0.5
1721,1,75,0.8356,0,0.5
1721,4,14,0.7111,0,0.5
1721,2,113,0.5565,0,0.5
1721,3,38,0.3678,1,0.5
1722,1,75,0.81,0,0.5
1722,4,14,0.7143,0,0.5
1722,2,113,0.4004,1,0.5
1722,3,38,0.3326,1,0.5
1723,1,75,0.8324,0,0.5
1723,4,14,0.689,0,0.5
1723,2,113,0.319,1,0.5
1723,3,38,0.2263,1,0.5
1724,1,75,0.8521,0,0.5
1724,4,14,0.7227,0,0.5
1724,2,113,0.2473,1,0.5
1724,3,38,0.1309,1,0.5
1725,1,75,0.8675,0,0.5
1725,4,14,0.7239,0,0.5
1725,2,113,0.2587,1,0.5
1725,3,38,0.0254,1,0.5
1726,1,75,0.8389,0,0.5
1726,4,14,0.7233,0,0.5
1726,2,113,0.17,1,0.5
1726,3,38,0.0,1,0.5
1727,1,75,0.8435,0,0.5
1727,4,14,0.7231,0,0.5
1727,2,113,0.1441,1,0.5
1727,3,38,0.03,1,0.5
1728,1,75,0.8115,0,0.5
1728,4,14,0.7203,0,0.5
1728,2,113,0.1531,1,0.5
1728,3,38,0.0827,1,0.5
1729,1,75,0.7738,0,0.5
1729,4,14,0.7194,0,0.5
1729,3,38,0.1266,1,0.5
1729,2,113,0.0075,1,0.5
1730,4,14,0.7117,0,0.5
1730,1,75,0.6579,0,0.5
1730,3,38,0.1045,1,0.5
1730,2,113,0.0018,1,0.5
1731,4,14,0.6895,0,0.5
1731,1,75,0.5437,0,0.5
1731,3,38,0.1878,1,0.5
1731,2,113,0.0,1,0.5
1732,4,14,0.6034,0,0.5
1732,1,75,0.5135,0,0.5
1732,3,38,0.109,1,0.5
1732,2,113,0.0,1,0.5
1733,1,75,0.5204,0,0.5
1733,4,14,0.5009,0,0.5
1733,3,38,0.2533,1,0.5
1733,2,113,0.0004,1,0.5
1734,1,75,0.5651,0,0.5
1734,3,38,0.4645,1,0.5
1734,4,14,0.3441,1,0.5
1734,2,113,0.0031,1,0.5
1735,1,75,0.5083,0,0.5
1735,3,38,0.3492,1,0.5
1735,4,14,0.316,1,0.5
1735,2,113,0.0019,1,0.5
1736,4,14,0.5046,0,0.5
1736,1,75,0.4799,1,0.5
1736,3,38,0.3045,1,0.5
1736,2,113,0.0,1,0.5
1737,4,14,0.5291,0,0.5
1737,1,75,0.4587,1,0.5
1737,3,38,0.3125,1,0.5
1737,2,113,0.0007,1,0.5
1738,1,75,0.4824,1,0.5
1738,3,38,0.4156,1,0.5
1738,4,14,0.2922,1,0.5
1738,2,113,0.0,1,0.5
1739,1,75,0.5267,0,0.5
1739,3,38,0.4456,1,0.5
1739,4,14,0.3455,1,0.5
1739,2,113,0.0,1,0.5
1740,3,38,0.5796,0,0.5
1740,1,75,0.5764,0,0.5
1740,4,14,0.5049,0,0.5
1740,2,113,0.0,1,0.5
1741,4,14,0.6594,0,0.5
1741,1,75,0.6418,0,0.5
1741,3,38,0.4784,1,0.5
1741,2,113,0.0,1,0.5
1742,4,14,0.6648,0,0.5
1742,1,75,0.646,0,0.5
1742,3,38,0.362,1,0.5
1742,2,113,0.0,1,0.5
1743,1,75,0.6497,0,0.5
1743,4,14,0.6333,0,0.5
1743,3,38,0.3304,1,0.5
1743,2,113,0.0,1,0.5
1744,1,75,0.6197,0,0.5
1744,4,14,0.6114,0,0.5
1744,3,38,0.3291,1,0.5
1744,2,113,0.0,1,0.5
1745,4,14,0.6474,0,0.5
1745,1,75,0.6255,0,0.5
1745,3,38,0.321,1,0.5
1745,2,113,0.0,1,0.5
1746,4,14,0.7535,0,0.5
1746,1,75,0.6912,0,0.5
1746,3,38,0.2635,1,0.5
1746,2,113,0.0,1,0.5
1747,4,14,0.7711,0,0.5
1747,1,75,0.7643,0,0.5
1747,3,38,0.2693,1,0.5
1747,2,113,0.0415,1,0.5
1748,1,75,0.7936,0,0.5
1748,4,14,0.7652,0,0.5
1748,3,38,0.3306,1,0.5
1748,2,113,0.1422,1,0.5
1749,1,75,0.7915,0,0.5
1749,4,14,0.7261,0,0.5
1749,3,38,0.4167,1,0.5
1749,2,113,0.2258,1,0.5
1750,1,75,0.8026,0,0.5
1750,4,14,0.6999,0,0.5
1750,3,38,0.3631,1,0.5
1750,2,113,0.2753,1,0.5
1751,1,75,0.7799,0,0.5
1751,4,14,0.7175,0,0.5
1751,2,113,0.3626,1,0.5
1751,3,38,0.3515,1,0.5
1752,1,75,0.7804,0,0.5
1752,4,14,0.7686,0,0.5
1752,2,113,0.5384,0,0.5
1752,3,38,0.334,1,0.5
1753,4,14,0.8251,0,0.5
1753,1,75,0.7545,0,0.5
1753,2,113,0.6421,0,0.5
1753,3,38,0.3525,1,0.5
1754,4,14,0.8174,0,0.5
1754,2,113,0.733,0,0.5
1754,1,75,0.7135,0,0.5
1754,3,38,0.4044,1,0.5
1755,4,14,0.8323,0,0.5
1755,2,113,0.7327,0,0.5
1755,1,75,0.7107,0,0.5
1755,3,38,0.4212,1,0.5
1756,4,14,0.7925,0,0.5
1756,1,75,0.7177,0,0.5
1756,2,113,0.6992,0,0.5
1756,3,38,0.4729,1,0.5
1757,1,75,0.7441,0,0.5
1757,2,113,0.6995,0,0.5
1757,4,14,0.6325,0,0.5
1757,3,38,0.5122,0,0.5
1758,1,75,0.7347,0,0.5
1758,2,113,0.7266,0,0.5
1758,4,14,0.608,0,0.5
1758,3,38,0.582,0,0.5
1759,2,113,0.7214,0,0.5
1759,1,75,0.7064,0,0.5
1759,4,14,0.6386,0,0.5
1759,3,38,0.5669,0,0.5
1760,2,113,0.7409,0,0.5
1760,1,75,0.7262,0,0.5
1760,4,14,0.696,0,0.5
1760,3,38,0.5531,0,0.5
1761,1,75,0.7775,0,0.5
1761,2,113,0.7686,0,0.5
1761,4,14,0.7067,0,0.5
1761,3,38,0.4729,1,0.5
1762,1,75,0.8592,0,0.5
1762,2,113,0.7647,0,0.5
1762,4,14,0.6733,0,0.5
1762,3,38,0.4523,1,0.5
1763,1,75,0.8724,0,0.5
1763,2,113,0.7439,0,0.5
1763,4,14,0.6214,0,0.5
1763,3,38,0.3814,1,0.5
1764,1,75,0.8643,0,0.5
1764,2,113,0.7184,0,0.5
1764,4,14,0.5504,0,0.5
1764,3,38,0.455,1,0.5
1765,1,75,0.8756,0,0.5
1765,2,113,0.7032,0,0.5
1765,3,38,0.5008,0,0.5
1765,4,14,0.4909,1,0.5
1766,1,75,0.8941,0,0.5
1766,2,113,0.7114,0,0.5
1766,4,14,0.5913,0,0.5
1766,3,38,0.4598,1,0.5
1767,1,75,0.8954,0,0.5
1767,2,113,0.7039,0,0.5
1767,4,14,0.6436,0,0.5
1767,3,38,0.3837,1,0.5
1768,1,75,0.8903,0,0.5
1768,2,113,0.7409,0,0.5
1768,4,14,0.6387,0,0.5
1768,3,38,0.3909,1,0.5
1769,1,75,0.882,0,0.5
1769,2,113,0.7006,0,0.5
1769,4,14,0.6348,0,0.5
1769,3,38,0.4671,1,0.5
1770,1,75,0.8781,0,0.5
1770,2,113,0.7675,0,0.5
1770,4,14,0.5721,0,0.5
1770,3,38,0.565,0,0.5
1771,1,75,0.8803,0,0.5
1771,2,113,0.7899,0,0.5
1771,4,14,0.5685,0,0.5
1771,3,38,0.4945,1,0.5
1772,1,75,0.861,0,0.5
1772,2,113,0.7563,0,0.5
1772,4,14,0.5571,0,0.5
1772,3,38,0.4432,1,0.5
1773,1,75,0.8603,0,0.5
1773,2,113,0.5665,0,0.5
1773,4,14,0.5453,0,0.5
1773,3,38,0.4322,1,0.5
1774,1,75,0.8598,0,0.5
1774,2,113,0.6752,0,0.5
1774,4,14,0.5559,0,0.5
1774,3,38,0.49,1,0.5
1775,1,75,0.8649,0,0.5
1775,2,113,0.7346,0,0.5
1775,4,14,0.6012,0,0.5
1775,3,38,0.5525,0,0.5
1776,1,75,0.8588,0,0.5
1776,2,113,0.7283,0,0.5
1776,4,14,0.6604,0,0.5
1776,3,38,0.5854,0,0.5
1777,1,75,0.8381,0,0.5
1777,2,113,0.732,0,0.5
1777,4,14,0.6744,0,0.5
1777,3,38,0.5814,0,0.5
1778,1,75,0.8211,0,0.5
1778,2,113,0.7059,0,0.5
1778,4,14,0.6469,0,0.5
1778,3,38,0.5744,0,0.5
1779,1,75,0.8063,0,0.5
1779,2,113,0.6846,0,0.5
1779,4,14,0.6545,0,0.5
1779,3,38,0.5926,0,0.5
1780,1,75,0.8392,0,0.5
1780,3,38,0.7172,0,0.5
1780,2,113,0.6924,0,0.5
1780,4,14,0.653,0,0.5
1781,1,75,0.82,0,0.5
1781,3,38,0.7465,0,0.5
1781,2,113,0.6979,0,0.5
1781,4,14,0.6534,0,0.5
1782,1,75,0.7769,0,0.5
1782,2,113,0.6979,0,0.5
1782,3,38,0.6603,0,0.5
1782,4,14,0.6261,0,0.5
1783,2,113,0.7005,0,0.5
1783,1,75,0.693,0,0.5
1783,3,38,0.626,0,0.5
1783,4,14,0.6128,0,0.5
1784,1,75,0.6694,0,0.5
1784,2,113,0.6641,0,0.5
1784,3,38,0.6527,0,0.5
1784,4,14,0.5891,0,0.5
1785,3,38,0.7533,0,0.5
1785,1,75,0.6846,0,0.5
1785,2,113,0.6173,0,0.5
1785,4,14,0.5766,0,0.5
1786,3,38,0.8318,0,0.5
1786,1,75,0.7367,0,0.5
1786,2,113,0.6344,0,0.5
1786,4,14,0.5003,0,0.5
1787,1,75,0.7875,0,0.5
1787,3,38,0.7395,0,0.5
1787,2,113,0.6385,0,0.5
1787,4,14,0.4598,1,0.5
1788,1,75,0.8233,0,0.5
1788,3,38,0.6781,0,0.5
1788,2,113,0.652,0,0.5
1788,4,14,0.4344,1,0.5
1789,1,75,0.8134,0,0.5
1789,2,113,0.6982,0,0.5
1789,3,38,0.6757,0,0.5
1789,4,14,0.46,1,0.5
1790,1,75,0.7411,0,0.5
1790,3,38,0.7353,0,0.5
1790,2,113,0.6976,0,0.5
1790,4,14,0.5641,0,0.5
1791,1,75,0.7633,0,0.5
1791,3,38,0.7612,0,0.5
1791,4,14,0.7275,0,0.5
1791,2,113,0.6905,0,0.5
1792,1,75,0.7989,0,0.5
1792,4,14,0.7967,0,0.5
1792,3,38,0.7811,0,0.5
1792,2,113,0.6882,0,0.5
1793,1,75,0.8357,0,0.5
1793,3,38,0.8111,0,0.5
1793,4,14,0.6867,0,0.5
1793,2,113,0.6782,0,0.5
1794,1,75,0.8583,0,0.5
1794,3,38,0.8121,0,0.5
1794,4,14,0.6791,0,0.5
1794,2,113,0.6599,0,0.5
1795,1,75,0.8546,0,0.5
1795,3,38,0.8087,0,0.5
1795,2,113,0.7675,0,0.5
1795,4,14,0.6525,0,0.5
1796,1,75,0.9027,0,0.5
1796,3,38,0.7476,0,0.5
1796,2,113,0.7058,0,0.5
1796,4,14,0.6246,0,0.5
1797,1,75,0.8609,0,0.5
1797,2,113,0.7231,0,0.5
1797,3,38,0.6712,0,0.5
1797,4,14,0.6282,0,0.5
1798,1,75,0.8277,0,0.5
1798,2,113,0.7218,0,0.5
1798,3,38,0.6437,0,0.5
1798,4,14,0.6294,0,0.5
1799,2,113,0.786,0,0.5
1799,1,75,0.7845,0,0.5
1799,4,14,0.7098,0,0.5
1799,3,38,0.626,0,0.5
1800,1,75,0.8035,0,0.5
1800,2,113,0.7735,0,0.5
1800,3,38,0.7328,0,0.5
1800,4,14,0.6911,0,0.5
1801,1,75,0.8369,0,0.5
1801,3,38,0.8166,0,0.5
1801,2,113,0.7387,0,0.5
1801,4,14,0.5708,0,0.5
1802,1,75,0.8453,0,0.5
1802,3,38,0.7553,0,0.5
1802,2,113,0.7081,0,0.5
1802,4,14,0.4724,1,0.5
1803,1,75,0.8376,0,0.5
1803,3,38,0.7256,0,0.5
1803,2,113,0.7126,0,0.5
1803,4,14,0.4079,1,0.5
1804,1,75,0.8382,0,0.5
1804,3,38,0.7235,0,0.5
1804,2,113,0.703,0,0.5
1804,4,14,0.3762,1,0.5
1805,1,75,0.8305,0,0.5
1805,3,38,0.7826,0,0.5
1805,2,113,0.7134,0,0.5
1805,4,14,0.3983,1,0.5
1806,1,75,0.7975,0,0.5
1806,3,38,0.785,0,0.5
1806,2,113,0.7657,0,0.5
1806,4,14,0.4635,1,0.5
1807,3,38,0.831,0,0.5
1807,1,75,0.8055,0,0.5
1807,2,113,0.7485,0,0.5
1807,4,14,0.6212,0,0.5
1808,1,75,0.8182,0,0.5
1808,3,38,0.7755,0,0.5
1808,2,113,0.6707,0,0.5
1808,4,14,0.6679,0,0.5
1809,1,75,0.7984,0,0.5
1809,3,38,0.7953,0,0.5
1809,4,14,0.7632,0,0.5
1809,2,113,0.6194,0,0.5
1810,1,75,0.7695,0,0.5
1810,3,38,0.7575,0,0.5
1810,4,14,0.7057,0,0.5
1810,2,113,0.5394,0,0.5
1811,3,38,0.7544,0,0.5
1811,1,75,0.7246,0,0.5
1811,4,14,0.584,0,0.5
1811,2,113,0.4869,1,0.5
1812,3,38,0.7102,0,0.5
1812,1,75,0.6716,0,0.5
1812,4,14,0.5148,0,0.5
1812,2,113,0.4588,1,0.5
1813,1,75,0.6966,0,0.5
1813,3,38,0.6633,0,0.5
1813,4,14,0.5101,0,0.5
1813,2,113,0.4217,1,0.5
1814,1,75,0.7251,0,0.5
1814,3,38,0.5552,0,0.5
1814,2,113,0.4781,1,0.5
1814,4,14,0.4456,1,0.5
1815,1,75,0.7278,0,0.5
1815,2,113,0.4764,1,0.5
1815,3,38,0.4334,1,0.5
1815,4,14,0.4212,1,0.5
1816,1,75,0.704,0,0.5
1816,2,113,0.4971,1,0.5
1816,3,38,0.4697,1,0.5
1816,4,14,0.3968,1,0.5
1817,1,75,0.7111,0,0.5
1817,3,38,0.4827,1,0.5
1817,2,113,0.4467,1,0.5
1817,4,14,0.3496,1,0.5
1818,1,75,0.7084,0,0.5
1818,3,38,0.4659,1,0.5
1818,4,14,0.4502,1,0.5
1818,2,113,0.3527,1,0.5
1819,1,75,0.7353,0,0.5
1819,4,14,0.4063,1,0.5
1819,3,38,0.3559,1,0.5
1819,2,113,0.2514,1,0.5
1820,1,75,0.7525,0,0.5
1820,3,38,0.2992,1,0.5
1820,4,14,0.2533,1,0.5
1820,2,113,0.2194,1,0.5
1821,1,75,0.7786,0,0.5
1821,2,113,0.2467,1,0.5
1821,4,14,0.2233,1,0.5
1821,3,38,0.2017,1,0.5
1822,1,75,0.7678,0,0.5
1822,4,14,0.4067,1,0.5
1822,2,113,0.3807,1,0.5
1822,3,38,0.2377,1,0.5
1823,1,75,0.7999,0,0.5
1823,2,113,0.506,0,0.5
1823,4,14,0.2971,1,0.5
1823,3,38,0.2661,1,0.5
1824,1,75,0.7748,0,0.5
1824,2,113,0.605,0,0.5
1824,3,38,0.3593,1,0.5
1824,4,14,0.2883,1,0.5
1825,1,75,0.7057,0,0.5
1825,2,113,0.5915,0,0.5
1825,3,38,0.5135,0,0.5
1825,4,14,0.3906,1,0.5
1826,2,113,0.7268,0,0.5
1826,1,75,0.6949,0,0.5
1826,3,38,0.4877,1,0.5
1826,4,14,0.4128,1,0.5
1827,2,113,0.7647,0,0.5
1827,1,75,0.5201,0,0.5
1827,3,38,0.4232,1,0.5
1827,4,14,0.2941,1,0.5
1828,2,113,0.7803,0,0.5
1828,1,75,0.6647,0,0.5
1828,3,38,0.428,1,0.5
1828,4,14,0.3741,1,0.5
1829,2,113,0.749,0,0.5
1829,1,75,0.6889,0,0.5
1829,3,38,0.4596,1,0.5
1829,4,14,0.323,1,0.5
1830,2,113,0.7459,0,0.5
1830,1,75,0.5945,0,0.5
1830,3,38,0.5493,0,0.5
1830,4,14,0.2878,1,0.5
1831,2,113,0.7662,0,0.5
1831,1,75,0.7401,0,0.5
1831,3,38,0.5375,0,0.5
1831,4,14,0.3917,1,0.5
1832,2,113,0.7673,0,0.5
1832,1,75,0.7396,0,0.5
1832,3,38,0.5887,0,0.5
1832,4,14,0.3827,1,0.5
1833,2,113,0.8035,0,0.5
1833,3,38,0.6945,0,0.5
1833,1,75,0.4974,1,0.5
1833,4,14,0.2535,1,0.5
1834,2,113,0.772,0,0.5
1834,1,75,0.7348,0,0.5
1834,3,38,0.6148,0,0.5
1834,4,14,0.2655,1,0.5
1835,2,113,0.7104,0,0.5
1835,1,75,0.6775,0,0.5
1835,3,38,0.4704,1,0.5
1835,4,14,0.418,1,0.5
1836,1,75,0.7999,0,0.5
1836,2,113,0.6603,0,0.5
1836,3,38,0.4799,1,0.5
1836,4,14,0.4339,1,0.5
1837,2,113,0.6509,0,0.5
1837,3,38,0.6374,0,0.5
1837,1,75,0.5747,0,0.5
1837,4,14,0.333,1,0.5
1838,1,75,0.7494,0,0.5
1838,2,113,0.6742,0,0.5
1838,3,38,0.6308,0,0.5
1838,4,14,0.4528,1,0.5
1839,2,113,0.6903,0,0.5
1839,1,75,0.648,0,0.5
1839,3,38,0.6028,0,0.5
1839,4,14,0.5975,0,0.5
1840,2,113,0.7151,0,0.5
1840,1,75,0.6298,0,0.5
1840,3,38,0.608,0,0.5
1840,4,14,0.358,1,0.5
1841,2,113,0.7236,0,0.5
1841,1,75,0.7142,0,0.5
1841,3,38,0.6705,0,0.5
1841,4,14,0.4819,1,0.5
1842,1,75,0.7615,0,0.5
1842,3,38,0.6693,0,0.5
1842,2,113,0.6611,0,0.5
1842,4,14,0.5171,0,0.5
1843,1,75,0.7528,0,0.5
1843,3,38,0.6467,0,0.5
1843,2,113,0.6195,0,0.5
1843,4,14,0.3588,1,0.5
1844,1,75,0.7187,0,0.5
1844,3,38,0.6529,0,0.5
1844,2,113,0.606,0,0.5
1844,4,14,0.4488,1,0.5
1845,1,75,0.8046,0,0.5
1845,3,38,0.7363,0,0.5
1845,4,14,0.7027,0,0.5
1845,2,113,0.5366,0,0.5
1846,1,75,0.7753,0,0.5
1846,3,38,0.6301,0,0.5
1846,4,14,0.5146,0,0.5
1846,2,113,0.5052,0,0.5
1847,1,75,0.7798,0,0.5
1847,3,38,0.621,0,0.5
1847,4,14,0.5826,0,0.5
1847,2,113,0.4099,1,0.5
1848,1,75,0.7672,0,0.5
1848,3,38,0.6436,0,0.5
1848,4,14,0.5921,0,0.5
1848,2,113,0.3381,1,0.5
1849,3,38,0.8192,0,0.5
1849,1,75,0.7227,0,0.5
1849,4,14,0.5752,0,0.5
1849,2,113,0.3697,1,0.5
1850,3,38,0.8788,0,0.5
1850,1,75,0.7168,0,0.5
1850,4,14,0.6161,0,0.5
1850,2,113,0.4347,1,0.5
1851,3,38,0.7653,0,0.5
1851,1,75,0.6728,0,0.5
1851,4,14,0.6674,0,0.5
1851,2,113,0.5658,0,0.5
1852,3,38,0.7842,0,0.5
1852,4,14,0.679,0,0.5
1852,2,113,0.6615,0,0.5
1852,1,75,0.6527,0,0.5
1853,3,38,0.8084,0,0.5
1853,2,113,0.7041,0,0.5
1853,4,14,0.6867,0,0.5
1853,1,75,0.5913,0,0.5
1854,2,113,0.707,0,0.5
1854,3,38,0.6949,0,0.5
1854,4,14,0.6828,0,0.5
1854,1,75,0.6753,0,0.5
1855,3,38,0.7523,0,0.5
1855,2,113,0.6137,0,0.5
1855,4,14,0.5789,0,0.5
1855,1,75,0.529,0,0.5
1856,3,38,0.7648,0,0.5
1856,2,113,0.5834,0,0.5
1856,4,14,0.5219,0,0.5
1856,1,75,0.5142,0,0.5
1857,3,38,0.7117,0,0.5
1857,4,14,0.5392,0,0.5
1857,1,75,0.5027,0,0.5
1857,2,113,0.4645,1,0.5
1858,3,38,0.7233,0,0.5
1858,4,14,0.6543,0,0.5
1858,1,75,0.5216,0,0.5
1858,2,113,0.3472,1,0.5
1859,1,75,0.7784,0,0.5
1859,4,14,0.7497,0,0.5
1859,3,38,0.7357,0,0.5
1859,2,113,0.2324,1,0.5
1860,1,75,0.7139,0,0.5
1860,4,14,0.7129,0,0.5
1860,3,38,0.712,0,0.5
1860,2,113,0.1619,1,0.5
1861,4,14,0.6399,0,0.5
1861,1,75,0.6366,0,0.5
1861,3,38,0.6289,0,0.5
1861,2,113,0.2123,1,0.5
1862,1,75,0.6239,0,0.5
1862,4,14,0.6154,0,0.5
1862,3,38,0.5643,0,0.5
1862,2,113,0.2089,1,0.5
1863,1,75,0.6812,0,0.5
1863,4,14,0.6495,0,0.5
1863,3,38,0.4182,1,0.5
1863,2,113,0.1902,1,0.5
1864,1,75,0.8179,0,0.5
1864,4,14,0.7081,0,0.5
1864,3,38,0.3575,1,0.5
1864,2,113,0.1973,1,0.5
1865,1,75,0.881,0,0.5
1865,4,14,0.7368,0,0.5
1865,3,38,0.3583,1,0.5
1865,2,113,0.2547,1,0.5
1866,1,75,0.8975,0,0.5
1866,4,14,0.7147,0,0.5
1866,3,38,0.355,1,0.5
1866,2,113,0.3221,1,0.5
1867,1,75,0.9167,0,0.5
1867,4,14,0.7198,0,0.5
1867,3,38,0.3659,1,0.5
1867,2,113,0.2969,1,0.5
1868,1,75,0.9212,0,0.5
1868,4,14,0.7313,0,0.5
1868,2,113,0.3165,1,0.5
1868,3,38,0.2806,1,0.5
1869,1,75,0.9157,0,0.5
1869,4,14,0.7577,0,0.5
1869,2,113,0.3471,1,0.5
1869,3,38,0.2932,1,0.5
1870,1,75,0.9084,0,0.5
1870,4,14,0.7351,0,0.5
1870,2,113,0.3649,1,0.5
1870,3,38,0.2581,1,0.5
1871,1,75,0.8928,0,0.5
1871,4,14,0.7544,0,0.5
1871,2,113,0.418,1,0.5
1871,3,38,0.322,1,0.5
1872,1,75,0.9,0,0.5
1872,4,14,0.6932,0,0.5
1872,2,113,0.4852,1,0.5
1872,3,38,0.3176,1,0.5
1873,1,75,0.9019,0,0.5
1873,4,14,0.7047,0,0.5
1873,2,113,0.3666,1,0.5
1873,3,38,0.3263,1,0.5
1874,1,75,0.907,0,0.5
1874,4,14,0.6942,0,0.5
1874,3,38,0.3135,1,0.5
1874,2,113,0.2721,1,0.5
1875,1,75,0.9064,0,0.5
1875,4,14,0.727,0,0.5
1875,3,38,0.3053,1,0.5
1875,2,113,0.2662,1,0.5
1876,1,75,0.9045,0,0.5
1876,4,14,0.7289,0,0.5
1876,3,38,0.3789,1,0.5
1876,2,113,0.2841,1,0.5
1877,1,75,0.8962,0,0.5
1877,4,14,0.6963,0,0.5
1877,3,38,0.4194,1,0.5
1877,2,113,0.3245,1,0.5
1878,1,75,0.8719,0,0.5
1878,4,14,0.7327,0,0.5
1878,3,38,0.4711,1,0.5
1878,2,113,0.4033,1,0.5
1879,1,75,0.8683,0,0.5
1879,4,14,0.6956,0,0.5
1879,2,113,0.4648,1,0.5
1879,3,38,0.4213,1,0.5
1880,1,75,0.872,0,0.5
1880,4,14,0.7306,0,0.5
1880,2,113,0.4145,1,0.5
1880,3,38,0.3567,1,0.5
1881,1,75,0.8934,0,0.5
1881,4,14,0.6989,0,0.5
1881,3,38,0.3772,1,0.5
1881,2,113,0.3095,1,0.5
1882,1,75,0.8976,0,0.5
1882,4,14,0.6978,0,0.5
1882,3,38,0.4114,1,0.5
1882,2,113,0.2552,1,0.5
1883,1,75,0.9043,0,0.5
1883,4,14,0.692,0,0.5
1883,3,38,0.3572,1,0.5
1883,2,113,0.2506,1,0.5
1884,1,75,0.8968,0,0.5
1884,4,14,0.7359,0,0.5
1884,3,38,0.3435,1,0.5
1884,2,113,0.2708,1,0.5
1885,1,75,0.9046,0,0.5
1885,4,14,0.6843,0,0.5
1885,3,38,0.4142,1,0.5
1885,2,113,0.3373,1,0.5
1886,1,75,0.8901,0,0.5
1886,4,14,0.7175,0,0.5
1886,3,38,0.4696,1,0.5
1886,2,113,0.4067,1,0.5
1887,1,75,0.8794,0,0.5
1887,4,14,0.6747,0,0.5
1887,3,38,0.5826,0,0.5
1887,2,113,0.4127,1,0.5
1888,1,75,0.8715,0,0.5
1888,4,14,0.6919,0,0.5
1888,3,38,0.5865,0,0.5
1888,2,113,0.374,1,0.5
1889,1,75,0.8366,0,0.5
1889,4,14,0.6645,0,0.5
1889,3,38,0.6468,0,0.5
1889,2,113,0.3519,1,0.5
1890,1,75,0.8358,0,0.5
1890,4,14,0.7099,0,0.5
1890,3,38,0.7075,0,0.5
1890,2,113,0.3443,1,0.5
1891,1,75,0.8635,0,0.5
1891,4,14,0.7302,0,0.5
1891,3,38,0.7226,0,0.5
1891,2,113,0.3481,1,0.5
1892,1,75,0.9028,0,0.5
1892,4,14,0.7119,0,0.5
1892,3,38,0.6925,0,0.5
1892,2,113,0.3958,1,0.5
1893,1,75,0.907,0,0.5
1893,4,14,0.7321,0,0.5
1893,3,38,0.6865,0,0.5
1893,2,113,0.4307,1,0.5
1894,1,75,0.8974,0,0.5
1894,3,38,0.7384,0,0.5
1894,4,14,0.7368,0,0.5
1894,2,113,0.5196,0,0.5
1895,1,75,0.8654,0,0.5
1895,3,38,0.7764,0,0.5
1895,4,14,0.719,0,0.5
1895,2,113,0.4916,1,0.5
1896,1,75,0.8396,0,0.5
1896,3,38,0.7354,0,0.5
1896,4,14,0.6966,0,0.5
1896,2,113,0.4432,1,0.5
1897,1,75,0.8355,0,0.5
1897,3,38,0.7897,0,0.5
1897,4,14,0.6711,0,0.5
1897,2,113,0.4128,1,0.5
1898,1,75,0.838,0,0.5
1898,3,38,0.7866,0,0.5
1898,4,14,0.6922,0,0.5
1898,2,113,0.3825,1,0.5
1899,1,75,0.8436,0,0.5
1899,3,38,0.8138,0,0.5
1899,4,14,0.7105,0,0.5
1899,2,113,0.3879,1,0.5
1900,1,75,0.8473,0,0.5
1900,3,38,0.823,0,0.5
1900,4,14,0.686,0,0.5
1900,2,113,0.4741,1,0.5
1901,1,75,0.8635,0,0.5
1901,3,38,0.8143,0,0.5
1901,4,14,0.6876,0,0.5
1901,2,113,0.5109,0,0.5
1902,1,75,0.8657,0,0.5
1902,3,38,0.8131,0,0.5
1902,4,14,0.6777,0,0.5
1902,2,113,0.5272,0,0.5
1903,1,75,0.8759,0,0.5
1903,3,38,0.7617,0,0.5
1903,4,14,0.7161,0,0.5
1903,2,113,0.4897,1,0.5
1904,1,75,0.8779,0,0.5
1904,3,38,0.782,0,0.5
1904,4,14,0.7561,0,0.5
1904,2,113,0.4922,1,0.5
1905,1,75,0.8915,0,0.5
1905,4,14,0.7677,0,0.5
1905,3,38,0.7088,0,0.5
1905,2,113,0.5049,0,0.5
1906,1,75,0.8977,0,0.5
1906,3,38,0.798,0,0.5
1906,4,14,0.7429,0,0.5
1906,2,113,0.5666,0,0.5
1907,1,75,0.8999,0,0.5
1907,3,38,0.8687,0,0.5
1907,4,14,0.7675,0,0.5
1907,2,113,0.6245,0,0.5
1908,1,75,0.8988,0,0.5
1908,3,38,0.7459,0,0.5
1908,4,14,0.6812,0,0.5
1908,2,113,0.646,0,0.5
1909,1,75,0.9024,0,0.5
1909,3,38,0.7386,0,0.5
1909,4,14,0.6947,0,0.5
1909,2,113,0.595,0,0.5
1910,1,75,0.9099,0,0.5
1910,3,38,0.7948,0,0.5
1910,4,14,0.651,0,0.5
1910,2,113,0.5478,0,0.5
1911,1,75,0.8898,0,0.5
1911,3,38,0.8478,0,0.5
1911,4,14,0.6139,0,0.5
1911,2,113,0.4635,1,0.5
1912,3,38,0.9105,0,0.5
1912,1,75,0.8833,0,0.5
1912,4,14,0.6126,0,0.5
1912,2,113,0.4729,1,0.5
1913,3,38,0.9127,0,0.5
1913,1,75,0.8753,0,0.5
1913,4,14,0.5986,0,0.5
1913,2,113,0.5676,0,0.5
1914,3,38,0.918,0,0.5
1914,1,75,0.874,0,0.5
1914,2,113,0.6497,0,0.5
1914,4,14,0.6279,0,0.5
1915,1,75,0.8717,0,0.5
1915,3,38,0.8379,0,0.5
1915,2,113,0.713,0,0.5
1915,4,14,0.6568,0,0.5
1916,1,75,0.8667,0,0.5
1916,3,38,0.8315,0,0.5
1916,2,113,0.7088,0,0.5
1916,4,14,0.6962,0,0.5
1917,3,38,0.8899,0,0.5
1917,1,75,0.8462,0,0.5
1917,4,14,0.6901,0,0.5
1917,2,113,0.5881,0,0.5
1918,3,38,0.9157,0,0.5
1918,1,75,0.8368,0,0.5
1918,4,14,0.6879,0,0.5
1918,2,113,0.4598,1,0.5
1919,3,38,0.9293,0,0.5
1919,1,75,0.8292,0,0.5
1919,4,14,0.6843,0,0.5
1919,2,113,0.4062,1,0.5
1920,3,38,0.9164,0,0.5
1920,1,75,0.8492,0,0.5
1920,4,14,0.6705,0,0.5
1920,2,113,0.4108,1,0.5
1921,3,38,0.9222,0,0.5
1921,1,75,0.8549,0,0.5
1921,4,14,0.6618,0,0.5
1921,2,113,0.4614,1,0.5
1922,3,38,0.9056,0,0.5
1922,1,75,0.8598,0,0.5
1922,4,14,0.6598,0,0.5
1922,2,113,0.4778,1,0.5
1923,3,38,0.8934,0,0.5
1923,1,75,0.8584,0,0.5
1923,4,14,0.6664,0,0.5
1923,2,113,0.3891,1,0.5
1924,3,38,0.8945,0,0.5
1924,1,75,0.8574,0,0.5
1924,4,14,0.6759,0,0.5
1924,2,113,0.2905,1,0.5
1925,3,38,0.8989,0,0.5
1925,1,75,0.8613,0,0.5
1925,4,14,0.6736,0,0.5
1925,2,113,0.2494,1,0.5
1926,3,38,0.9231,0,0.5
1926,1,75,0.8579,0,0.5
1926,4,14,0.6699,0,0.5
1926,2,113,0.2375,1,0.5
1927,3,38,0.8999,0,0.5
1927,1,75,0.8586,0,0.5
1927,4,14,0.663,0,0.5
1927,2,113,0.279,1,0.5
1928,3,38,0.8641,0,0.5
1928,1,75,0.8562,0,0.5
1928,4,14,0.663,0,0.5
1928,2,113,0.3333,1,0.5
1929,3,38,0.8901,0,0.5
1929,1,75,0.8618,0,0.5
1929,4,14,0.6781,0,0.5
1929,2,113,0.3409,1,0.5
1930,1,75,0.8762,0,0.5
1930,3,38,0.8335,0,0.5
1930,4,14,0.6888,0,0.5
1930,2,113,0.2813,1,0.5
1931,1,75,0.8655,0,0.5
1931,3,38,0.7309,0,0.5
1931,4,14,0.6797,0,0.5
1931,2,113,0.2262,1,0.5
1932,1,75,0.8576,0,0.5
1932,4,14,0.6719,0,0.5
1932,3,38,0.6204,0,0.5
1932,2,113,0.2103,1,0.5
1933,1,75,0.8513,0,0.5
1933,4,14,0.671,0,0.5
1933,3,38,0.6428,0,0.5
1933,2,113,0.202,1,0.5
1934,1,75,0.8486,0,0.5
1934,3,38,0.6814,0,0.5
1934,4,14,0.6689,0,0.5
1934,2,113,0.2036,1,0.5
1935,1,75,0.8462,0,0.5
1935,4,14,0.6744,0,0.5
1935,3,38,0.6312,0,0.5
1935,2,113,0.2217,1,0.5
1936,1,75,0.8493,0,0.5
1936,4,14,0.6756,0,0.5
1936,3,38,0.6326,0,0.5
1936,2,113,0.2567,1,0.5
1937,1,75,0.8565,0,0.5
1937,4,14,0.6823,0,0.5
1937,3,38,0.6649,0,0.5
1937,2,113,0.1999,1,0.5
1938,1,75,0.8657,0,0.5
1938,4,14,0.6873,0,0.5
1938,3,38,0.6366,0,0.5
1938,2,113,0.1976,1,0.5
1939,1,75,0.868,0,0.5
1939,4,14,0.6882,0,0.5
1939,3,38,0.6864,0,0.5
1939,2,113,0.1861,1,0.5
1940,1,75,0.8645,0,0.5
1940,4,14,0.701,0,0.5
1940,3,38,0.6506,0,0.5
1940,2,113,0.187,1,0.5
1941,1,75,0.8773,0,0.5
1941,4,14,0.6836,0,0.5
1941,3,38,0.6631,0,0.5
1941,2,113,0.2084,1,0.5
1942,1,75,0.8765,0,0.5
1942,3,38,0.6988,0,0.5
1942,4,14,0.6849,0,0.5
1942,2,113,0.235,1,0.5
1943,1,75,0.8662,0,0.5
1943,3,38,0.8172,0,0.5
1943,4,14,0.6869,0,0.5
1943,2,113,0.2452,1,0.5
1944,3,38,0.778,0,0.5
1944,4,14,0.6859,0,0.5
1944,1,75,0.6229,0,0.5
1944,2,113,0.2541,1,0.5
1945,1,75,0.865,0,0.5
1945,3,38,0.7904,0,0.5
1945,4,14,0.6873,0,0.5
1945,2,113,0.2618,1,0.5
1946,1,75,0.8646,0,0.5
1946,3,38,0.8174,0,0.5
1946,4,14,0.6831,0,0.5
1946,2,113,0.2619,1,0.5
1947,3,38,0.9013,0,0.5
1947,1,75,0.865,0,0.5
1947,4,14,0.682,0,0.5
1947,2,113,0.2861,1,0.5
1948,3,38,0.873,0,0.5
1948,1,75,0.863,0,0.5
1948,4,14,0.6938,0,0.5
1948,2,113,0.3265,1,0.5
1949,3,38,0.8518,0,0.5
1949,1,75,0.849,0,0.5
1949,4,14,0.6974,0,0.5
1949,2,113,0.3608,1,0.5
1950,1,75,0.855,0,0.5
1950,3,38,0.8547,0,0.5
1950,4,14,0.7004,0,0.5
1950,2,113,0.3409,1,0.5
1951,3,38,0.9002,0,0.5
1951,1,75,0.8477,0,0.5
1951,4,14,0.6987,0,0.5
1951,2,113,0.2843,1,0.5
1952,3,38,0.9179,0,0.5
1952,1,75,0.8474,0,0.5
1952,4,14,0.686,0,0.5
1952,2,113,0.2676,1,0.5
1953,1,75,0.8453,0,0.5
1953,3,38,0.8366,0,0.5
1953,4,14,0.6866,0,0.5
1953,2,113,0.3172,1,0.5
1954,3,38,0.8441,0,0.5
1954,1,75,0.7589,0,0.5
1954,4,14,0.6884,0,0.5
1954,2,113,0.4439,1,0.5
1955,1,75,0.8602,0,0.5
1955,3,38,0.8414,0,0.5
1955,4,14,0.7184,0,0.5
1955,2,113,0.5985,0,0.5
1956,3,38,0.8693,0,0.5
1956,1,75,0.8621,0,0.5
1956,4,14,0.7214,0,0.5
1956,2,113,0.7209,0,0.5
1957,1,75,0.8674,0,0.5
1957,3,38,0.8585,0,0.5
1957,2,113,0.7785,0,0.5
1957,4,14,0.7235,0,0.5
1958,1,75,0.8643,0,0.5
1958,3,38,0.8468,0,0.5
1958,2,113,0.7287,0,0.5
1958,4,14,0.7265,0,0.5
1959,3,38,0.8719,0,0.5
1959,1,75,0.8666,0,0.5
1959,4,14,0.7255,0,0.5
1959,2,113,0.6866,0,0.5
1960,3,38,0.911,0,0.5
1960,1,75,0.8614,0,0.5
1960,4,14,0.7193,0,0.5
1960,2,113,0.7076,0,0.5
1961,1,75,0.863,0,0.5
1961,3,38,0.8161,0,0.5
1961,4,14,0.727,0,0.5
1961,2,113,0.6839,0,0.5
1962,1,75,0.8642,0,0.5
1962,3,38,0.7857,0,0.5
1962,2,113,0.709,0,0.5
1962,4,14,0.7032,0,0.5
1963,1,75,0.8658,0,0.5
1963,3,38,0.8352,0,0.5
1963,2,113,0.7438,0,0.5
1963,4,14,0.707,0,0.5
1964,1,75,0.8576,0,0.5
1964,3,38,0.8516,0,0.5
1964,2,113,0.7836,0,0.5
1964,4,14,0.7241,0,0.5
1965,3,38,0.861,0,0.5
1965,1,75,0.8499,0,0.5
1965,2,113,0.7817,0,0.5
1965,4,14,0.7248,0,0.5
1966,3,38,0.8899,0,0.5
1966,1,75,0.8505,0,0.5
1966,2,113,0.738,0,0.5
1966,4,14,0.703,0,0.5
1967,3,38,0.9078,0,0.5
1967,1,75,0.8579,0,0.5
1967,4,14,0.7233,0,0.5
1967,2,113,0.6785,0,0.5
1968,3,38,0.8858,0,0.5
1968,1,75,0.861,0,0.5
1968,4,14,0.7014,0,0.5
1968,2,113,0.624,0,0.5
1969,3,38,0.8573,0,0.5
1969,1,75,0.8572,0,0.5
1969,4,14,0.7218,0,0.5
1969,2,113,0.6383,0,0.5
1970,1,75,0.8644,0,0.5
1970,3,38,0.8116,0,0.5
1970,4,14,0.7291,0,0.5
1970,2,113,0.6546,0,0.5
1971,1,75,0.8662,0,0.5
1971,3,38,0.7691,0,0.5
1971,4,14,0.7325,0,0.5
1971,2,113,0.6935,0,0.5
1972,1,75,0.8657,0,0.5
1972,3,38,0.7402,0,0.5
1972,4,14,0.7355,0,0.5
1972,2,113,0.6916,0,0.5
1973,1,75,0.8651,0,0.5
1973,4,14,0.7118,0,0.5
1973,3,38,0.7053,0,0.5
1973,2,113,0.6434,0,0.5
1974,1,75,0.8584,0,0.5
1974,3,38,0.7329,0,0.5
1974,4,14,0.7287,0,0.5
1974,2,113,0.5763,0,0.5
1975,1,75,0.8361,0,0.5
1975,3,38,0.7678,0,0.5
1975,4,14,0.6856,0,0.5
1975,2,113,0.5155,0,0.5
1976,3,38,0.8615,0,0.5
1976,1,75,0.8392,0,0.5
1976,4,14,0.7248,0,0.5
1976,2,113,0.4998,1,0.5
1977,3,38,0.8843,0,0.5
1977,1,75,0.8325,0,0.5
1977,4,14,0.7313,0,0.5
1977,2,113,0.5155,0,0.5
1978,3,38,0.9239,0,0.5
1978,1,75,0.847,0,0.5
1978,4,14,0.7302,0,0.5
1978,2,113,0.5897,0,0.5
1979,3,38,0.8523,0,0.5
1979,1,75,0.8499,0,0.5
1979,4,14,0.7298,0,0.5
1979,2,113,0.6447,0,0.5
1980,1,75,0.8532,0,0.5
1980,3,38,0.8036,0,0.5
1980,4,14,0.7177,0,0.5
1980,2,113,0.7032,0,0.5
1981,1,75,0.8559,0,0.5
1981,2,113,0.7426,0,0.5
1981,4,14,0.7343,0,0.5
1981,3,38,0.7088,0,0.5
1982,1,75,0.8431,0,0.5
1982,2,113,0.7491,0,0.5
1982,4,14,0.733,0,0.5
1982,3,38,0.6372,0,0.5
1983,1,75,0.8477,0,0.5
1983,2,113,0.7354,0,0.5
1983,4,14,0.6903,0,0.5
1983,3,38,0.668,0,0.5
1984,1,75,0.8233,0,0.5
1984,4,14,0.723,0,0.5
1984,2,113,0.7121,0,0.5
1984,3,38,0.6538,0,0.5
1985,1,75,0.8293,0,0.5
1985,2,113,0.7243,0,0.5
1985,4,14,0.6764,0,0.5
1985,3,38,0.6213,0,0.5
1986,1,75,0.8522,0,0.5
1986,2,113,0.7587,0,0.5
1986,4,14,0.6961,0,0.5
1986,3,38,0.5327,0,0.5
1987,1,75,0.8872,0,0.5
1987,2,113,0.8195,0,0.5
1987,4,14,0.7165,0,0.5
1987,3,38,0.4138,1,0.5
1988,1,75,0.8858,0,0.5
1988,2,113,0.8472,0,0.5
1988,4,14,0.7214,0,0.5
1988,3,38,0.3507,1,0.5
1989,1,75,0.8861,0,0.5
1989,2,113,0.8477,0,0.5
1989,4,14,0.7227,0,0.5
1989,3,38,0.3492,1,0.5
1990,1,75,0.8875,0,0.5
1990,2,113,0.8333,0,0.5
1990,4,14,0.7231,0,0.5
1990,3,38,0.3424,1,0.5
1991,1,75,0.8962,0,0.5
1991,2,113,0.8185,0,0.5
1991,4,14,0.7485,0,0.5
1991,3,38,0.2118,1,0.5
1992,1,75,0.8837,0,0.5
1992,2,113,0.8172,0,0.5
1992,4,14,0.7261,0,0.5
1992,3,38,0.1833,1,0.5
1993,1,75,0.8893,0,0.5
1993,2,113,0.8169,0,0.5
1993,4,14,0.7273,0,0.5
1993,3,38,0.1273,1,0.5
1994,1,75,0.89,0,0.5
1994,2,113,0.8184,0,0.5
1994,4,14,0.7278,0,0.5
1994,3,38,0.1756,1,0.5
1995,1,75,0.8878,0,0.5
1995,2,113,0.8162,0,0.5
1995,4,14,0.7298,0,0.5
1995,3,38,0.2138,1,0.5
1996,1,75,0.8872,0,0.5
1996,2,113,0.8158,0,0.5
1996,4,14,0.729,0,0.5
1996,3,38,0.1865,1,0.5
1997,1,75,0.8874,0,0.5
1997,2,113,0.8199,0,0.5
1997,4,14,0.7292,0,0.5
1997,3,38,0.2504,1,0.5
1998,1,75,0.8891,0,0.5
1998,2,113,0.826,0,0.5
1998,4,14,0.7304,0,0.5
1998,3,38,0.3186,1,0.5
1999,1,75,0.8831,0,0.5
1999,2,113,0.8288,0,0.5
1999,4,14,0.7319,0,0.5
1999,3,38,0.3976,1,0.5
2000,1,75,0.8718,0,0.5
2000,2,113,0.8299,0,0.5
2000,4,14,0.7323,0,0.5
2000,3,38,0.464,1,0.5
2001,1,75,0.8647,0,0.5
2001,2,113,0.8317,0,0.5
2001,4,14,0.7314,0,0.5
2001,3,38,0.5915,0,0.5
2002,1,75,0.8499,0,0.5
2002,2,113,0.8313,0,0.5
2002,4,14,0.7346,0,0.5
2002,3,38,0.4875,1,0.5
2003,1,75,0.8461,0,0.5
2003,2,113,0.8298,0,0.5
2003,4,14,0.7334,0,0.5
2003,3,38,0.4561,1,0.5
2004,2,113,0.8311,0,0.5
2004,1,75,0.8078,0,0.5
2004,4,14,0.733,0,0.5
2004,3,38,0.4083,1,0.5
2005,2,113,0.8394,0,0.5
2005,1,75,0.7708,0,0.5
2005,4,14,0.7366,0,0.5
2005,3,38,0.5508,0,0.5
2006,2,113,0.8381,0,0.5
2006,1,75,0.7569,0,0.5
2006,4,14,0.7379,0,0.5
2006,3,38,0.5114,0,0.5
2007,2,113,0.8351,0,0.5
2007,4,14,0.7331,0,0.5
2007,1,75,0.7246,0,0.5
2007,3,38,0.4815,1,0.5
2008,2,113,0.828,0,0.5
2008,4,14,0.7288,0,0.5
2008,1,75,0.728,0,0.5
2008,3,38,0.5225,0,0.5
2009,2,113,0.8325,0,0.5
2009,4,14,0.7442,0,0.5
2009,1,75,0.7105,0,0.5
2009,3,38,0.5334,0,0.5
2010,2,113,0.8273,0,0.5
2010,4,14,0.7489,0,0.5
2010,1,75,0.7161,0,0.5
2010,3,38,0.4902,1,0.5
2011,2,113,0.8296,0,0.5
2011,4,14,0.7444,0,0.5
2011,1,75,0.7432,0,0.5
2011,3,38,0.4648,1,0.5
2012,2,113,0.828,0,0.5
2012,1,75,0.7773,0,0.5
2012,4,14,0.7474,0,0.5
2012,3,38,0.5171,0,0.5
2013,2,113,0.8296,0,0.5
2013,1,75,0.782,0,0.5
2013,4,14,0.7475,0,0.5
2013,3,38,0.6057,0,0.5
2014,2,113,0.8277,0,0.5
2014,4,14,0.7445,0,0.5
2014,1,75,0.7211,0,0.5
2014,3,38,0.6051,0,0.5
2015,2,113,0.7778,0,0.5
2015,4,14,0.7201,0,0.5
2015,1,75,0.6993,0,0.5
2015,3,38,0.6105,0,0.5
2016,2,113,0.7513,0,0.5
2016,4,14,0.7221,0,0.5
2016,3,38,0.6798,0,0.5
2016,1,75,0.6783,0,0.5
2017,3,38,0.8147,0,0.5
2017,2,113,0.7443,0,0.5
2017,4,14,0.7267,0,0.5
2017,1,75,0.663,0,0.5
2018,4,113,0.7669,0,0.5
2018,3,38,0.7494,0,0.5
2018,2,75,0.728,0,0.5
2018,1,14,0.5927,0,0.5
2019,3,38,0.7281,0,0.5
2019,4,113,0.7154,0,0.5
2019,2,75,0.7055,0,0.5
2019,1,14,0.621,0,0.5
2020,3,38,0.754,0,0.5
2020,2,75,0.6838,0,0.5
2020,4,113,0.6826,0,0.5
2020,1,14,0.5908,0,0.5
2021,3,38,0.7877,0,0.5
2021,4,113,0.6934,0,0.5
2021,2,75,0.6476,0,0.5
2021,1,14,0.6332,0,0.5
2022,3,38,0.7802,0,0.5
2022,4,113,0.6982,0,0.5
2022,2,75,0.6976,0,0.5
2022,1,14,0.6611,0,0.5
2023,3,38,0.7801,0,0.5
2023,4,113,0.7458,0,0.5
2023,1,14,0.6944,0,0.5
2023,2,75,0.6927,0,0.5
2024,2,75,0.7643,0,0.5
2024,4,113,0.7369,0,0.5
2024,3,38,0.7341,0,0.5
2024,1,14,0.7006,0,0.5
2025,3,38,0.7649,0,0.5
2025,2,75,0.7552,0,0.5
2025,4,113,0.7448,0,0.5
2025,1,14,0.7279,0,0.5
2026,3,38,0.8043,0,0.5
2026,2,75,0.7469,0,0.5
2026,4,113,0.7435,0,0.5
2026,1,14,0.7406,0,0.5
2027,3,38,0.7957,0,0.5
2027,1,14,0.7642,0,0.5
2027,4,113,0.736,0,0.5
2027,2,75,0.6857,0,0.5
2028,3,38,0.8164,0,0.5
2028,1,14,0.7714,0,0.5
2028,4,113,0.6928,0,0.5
2028,2,75,0.6351,0,0.5
2029,1,14,0.7453,0,0.5
2029,3,38,0.7185,0,0.5
2029,4,113,0.7181,0,0.5
2029,2,75,0.5859,0,0.5
2030,1,14,0.748,0,0.5
2030,4,113,0.6869,0,0.5
2030,3,38,0.648,0,0.5
2030,2,75,0.5471,0,0.5
2031,1,14,0.7864,0,0.5
2031,4,113,0.7018,0,0.5
2031,3,38,0.6492,0,0.5
2031,2,75,0.5388,0,0.5
2032,1,14,0.8243,0,0.5
2032,4,113,0.6669,0,0.5
2032,3,38,0.6452,0,0.5
2032,2,75,0.5699,0,0.5
2033,1,14,0.8431,0,0.5
2033,2,75,0.5834,0,0.5
2033,4,113,0.5798,0,0.5
2033,3,38,0.5332,0,0.5
2034,1,14,0.836,0,0.5
2034,2,75,0.6191,0,0.5
2034,4,113,0.5274,0,0.5
2034,3,38,0.4442,1,0.5
2035,1,14,0.863,0,0.5
2035,2,75,0.5957,0,0.5
2035,4,113,0.4964,1,0.5
2035,3,38,0.4257,1,0.5
2036,1,14,0.8541,0,0.5
2036,2,75,0.5552,0,0.5
2036,4,113,0.4986,1,0.5
2036,3,38,0.4856,1,0.5
2037,1,14,0.8479,0,0.5
2037,4,113,0.6091,0,0.5
2037,2,75,0.5472,0,0.5
2037,3,38,0.509,0,0.5
2038,1,14,0.8282,0,0.5
2038,4,113,0.6754,0,0.5
2038,2,75,0.6085,0,0.5
2038,3,38,0.4639,1,0.5
2039,1,14,0.8066,0,0.5
2039,2,75,0.7275,0,0.5
2039,4,113,0.6823,0,0.5
2039,3,38,0.4196,1,0.5
2040,1,14,0.798,0,0.5
2040,2,75,0.7672,0,0.5
2040,4,113,0.6078,0,0.5
2040,3,38,0.3907,1,0.5
2041,1,14,0.8155,0,0.5
2041,2,75,0.7948,0,0.5
2041,4,113,0.5128,0,0.5
2041,3,38,0.4038,1,0.5
2042,1,14,0.8228,0,0.5
2042,2,75,0.7975,0,0.5
2042,4,113,0.4879,1,0.5
2042,3,38,0.3854,1,0.5
2043,1,14,0.8542,0,0.5
2043,2,75,0.8252,0,0.5
2043,4,113,0.6691,0,0.5
2043,3,38,0.3804,1,0.5
2044,1,14,0.8204,0,0.5
2044,4,113,0.8035,0,0.5
2044,2,75,0.7783,0,0.5
2044,3,38,0.3701,1,0.5
2045,1,14,0.807,0,0.5
2045,2,75,0.7524,0,0.5
2045,4,113,0.6876,0,0.5
2045,3,38,0.3334,1,0.5
2046,1,14,0.7928,0,0.5
2046,2,75,0.7145,0,0.5
2046,4,113,0.6941,0,0.5
2046,3,38,0.3108,1,0.5
2047,1,14,0.7739,0,0.5
2047,2,75,0.7195,0,0.5
2047,4,113,0.7128,0,0.5
2047,3,38,0.2766,1,0.5
2048,1,14,0.746,0,0.5
2048,2,75,0.7227,0,0.5
2048,4,113,0.6367,0,0.5
2048,3,38,0.2836,1,0.5
2049,1,14,0.7184,0,0.5
2049,2,75,0.711,0,0.5
2049,4,113,0.5851,0,0.5
2049,3,38,0.2843,1,0.5
2050,1,14,0.7264,0,0.5
2050,2,75,0.6676,0,0.5
2050,4,113,0.6266,0,0.5
2050,3,38,0.2713,1,0.5
2051,1,14,0.7475,0,0.5
2051,4,113,0.7337,0,0.5
2051,2,75,0.558,0,0.5
2051,3,38,0.2581,1,0.5
2052,1,14,0.7708,0,0.5
2052,4,113,0.743,0,0.5
2052,2,75,0.4833,1,0.5
2052,3,38,0.305,1,0.5
2053,1,14,0.7837,0,0.5
2053,4,113,0.6446,0,0.5
2053,2,75,0.4051,1,0.5
2053,3,38,0.2949,1,0.5
2054,1,14,0.7869,0,0.5
2054,4,113,0.6039,0,0.5
2054,2,75,0.3841,1,0.5
2054,3,38,0.3375,1,0.5
2055,1,14,0.7905,0,0.5
2055,4,113,0.6362,0,0.5
2055,2,75,0.4074,1,0.5
2055,3,38,0.3643,1,0.5
2056,1,14,0.7868,0,0.5
2056,4,113,0.7197,0,0.5
2056,2,75,0.4875,1,0.5
2056,3,38,0.4266,1,0.5
2057,1,14,0.7825,0,0.5
2057,4,113,0.7148,0,0.5
2057,2,75,0.5701,0,0.5
2057,3,38,0.4585,1,0.5
2058,1,14,0.7896,0,0.5
2058,2,75,0.6636,0,0.5
2058,4,113,0.6635,0,0.5
2058,3,38,0.5024,0,0.5
2059,1,14,0.7867,0,0.5
2059,2,75,0.6404,0,0.5
2059,4,113,0.6031,0,0.5
2059,3,38,0.5297,0,0.5
2060,1,14,0.7848,0,0.5
2060,2,75,0.5765,0,0.5
2060,4,113,0.5673,0,0.5
2060,3,38,0.5624,0,0.5
2061,1,14,0.7813,0,0.5
2061,3,38,0.6059,0,0.5
2061,4,113,0.5735,0,0.5
2061,2,75,0.5178,0,0.5
2062,1,14,0.7777,0,0.5
2062,3,38,0.6568,0,0.5
2062,4,113,0.563,0,0.5
2062,2,75,0.4868,1,0.5
2063,1,14,0.7739,0,0.5
2063,3,38,0.6838,0,0.5
2063,4,113,0.5939,0,0.5
2063,2,75,0.5209,0,0.5
2064,1,14,0.7749,0,0.5
2064,3,38,0.6596,0,0.5
2064,4,113,0.618,0,0.5
2064,2,75,0.582,0,0.5
2065,1,14,0.7741,0,0.5
2065,2,75,0.638,0,0.5
2065,3,38,0.6207,0,0.5
2065,4,113,0.6167,0,0.5
2066,1,14,0.781,0,0.5
2066,2,75,0.6692,0,0.5
2066,3,38,0.5895,0,0.5
2066,4,113,0.589,0,0.5
2067,1,14,0.7763,0,0.5
2067,2,75,0.669,0,0.5
2067,3,38,0.5858,0,0.5
2067,4,113,0.5536,0,0.5
2068,1,14,0.7741,0,0.5
2068,2,75,0.6762,0,0.5
2068,3,38,0.5622,0,0.5
2068,4,113,0.5543,0,0.5
2069,1,14,0.7752,0,0.5
2069,2,75,0.6874,0,0.5
2069,4,113,0.5621,0,0.5
2069,3,38,0.5618,0,0.5
2070,1,14,0.7718,0,0.5
2070,2,75,0.6563,0,0.5
2070,3,38,0.6025,0,0.5
2070,4,113,0.5599,0,0.5
2071,1,14,0.7636,0,0.5
2071,2,75,0.62,0,0.5
2071,3,38,0.6179,0,0.5
2071,4,113,0.6093,0,0.5
2072,1,14,0.7644,0,0.5
2072,4,113,0.7125,0,0.5
2072,3,38,0.6057,0,0.5
2072,2,75,0.585,0,0.5
2073,1,14,0.7725,0,0.5
2073,4,113,0.756,0,0.5
2073,3,38,0.5962,0,0.5
2073,2,75,0.5563,0,0.5
2074,1,14,0.7672,0,0.5
2074,3,38,0.6811,0,0.5
2074,4,113,0.6389,0,0.5
2074,2,75,0.5686,0,0.5
2075,3,38,0.7611,0,0.5
2075,1,14,0.7517,0,0.5
2075,4,113,0.6546,0,0.5
2075,2,75,0.6028,0,0.5
2076,4,113,0.7215,0,0.5
2076,1,14,0.6984,0,0.5
2076,3,38,0.6781,0,0.5
2076,2,75,0.6541,0,0.5
2077,2,75,0.7097,0,0.5
2077,1,14,0.6858,0,0.5
2077,4,113,0.6459,0,0.5
2077,3,38,0.6127,0,0.5
2078,2,75,0.7418,0,0.5
2078,1,14,0.6974,0,0.5
2078,4,113,0.6035,0,0.5
2078,3,38,0.5209,0,0.5
2079,2,75,0.7654,0,0.5
2079,1,14,0.7605,0,0.5
2079,4,113,0.6722,0,0.5
2079,3,38,0.5581,0,0.5
2080,1,14,0.8186,0,0.5
2080,2,75,0.7199,0,0.5
2080,4,113,0.6961,0,0.5
2080,3,38,0.5156,0,0.5
2081,1,14,0.8533,0,0.5
2081,2,75,0.701,0,0.5
2081,4,113,0.5342,0,0.5
2081,3,38,0.5121,0,0.5
2082,1,14,0.8112,0,0.5
2082,2,75,0.6684,0,0.5
2082,3,38,0.4584,1,0.5
2082,4,113,0.4405,1,0.5
2083,1,14,0.8173,0,0.5
2083,2,75,0.6419,0,0.5
2083,4,113,0.4036,1,0.5
2083,3,38,0.3014,1,0.5
2084,1,14,0.8581,0,0.5
2084,2,75,0.5948,0,0.5
2084,4,113,0.4297,1,0.5
2084,3,38,0.111,1,0.5
2085,1,14,0.8286,0,0.5
2085,2,75,0.6121,0,0.5
2085,4,113,0.4759,1,0.5
2085,3,38,0.0749,1,0.5
2086,1,14,0.8157,0,0.5
2086,2,75,0.615,0,0.5
2086,4,113,0.5247,0,0.5
2086,3,38,0.1332,1,0.5
2087,1,14,0.8275,0,0.5
2087,2,75,0.6231,0,0.5
2087,4,113,0.4379,1,0.5
2087,3,38,0.1143,1,0.5
2088,1,14,0.7991,0,0.5
2088,2,75,0.6276,0,0.5
2088,4,113,0.4211,1,0.5
2089,1,14,0.7876,0,0.5
2089,2,75,0.5959,0,0.5
2089,4,113,0.5667,0,0.5
2090,1,14,0.7866,0,0.5
2090,2,75,0.5738,0,0.5
2090,4,113,0.5182,0,0.5
2091,1,14,0.7987,0,0.5
2091,2,75,0.5353,0,0.5
2091,4,113,0.4221,1,0.5
2092,1,14,0.7989,0,0.5
2092,2,75,0.5007,0,0.5
2092,4,113,0.4958,1,0.5
2093,1,14,0.8054,0,0.5
2093,4,113,0.5978,0,0.5
2093,2,75,0.4824,1,0.5
2094,1,14,0.8025,0,0.5
2094,4,113,0.5514,0,0.5
2094,2,75,0.5026,0,0.5
2095,1,14,0.785,0,0.5
2095,2,75,0.5491,0,0.5
2095,4,113,0.5462,0,0.5
2096,1,14,0.7449,0,0.5
2096,2,75,0.5934,0,0.5
2096,4,113,0.5888,0,0.5
2097,1,14,0.6966,0,0.5
2097,2,75,0.6421,0,0.5
2097,4,113,0.5628,0,0.5
2098,2,75,0.7333,0,0.5
2098,1,14,0.6633,0,0.5
2098,4,113,0.4346,1,0.5
2099,2,75,0.7532,0,0.5
2099,1,14,0.627,0,0.5
2099,4,113,0.4313,1,0.5
2100,2,75,0.752,0,0.5
2100,1,14,0.6104,0,0.5
2100,4,113,0.4925,1,0.5
2101,2,75,0.6946,0,0.5
2101,1,14,0.5892,0,0.5
2101,4,113,0.5253,0,0.5
2102,2,75,0.6478,0,0.5
2102,1,14,0.5744,0,0.5
2102,4,113,0.5219,0,0.5
2103,1,14,0.6073,0,0.5
2103,2,75,0.6048,0,0.5
2103,4,113,0.5036,0,0.5
2104,1,14,0.6482,0,0.5
2104,2,75,0.6184,0,0.5
2104,4,113,0.5271,0,0.5
2105,1,14,0.7128,0,0.5
2105,2,75,0.6752,0,0.5
2105,4,113,0.5678,0,0.5
2106,1,14,0.7479,0,0.5
2106,2,75,0.7207,0,0.5
2106,4,113,0.6216,0,0.5
2106,3,38,0.4642,1,0.5
2107,1,14,0.7811,0,0.5
2107,2,75,0.7446,0,0.5
2107,4,113,0.6797,0,0.5
2107,3,38,0.5899,0,0.5
2108,1,14,0.7984,0,0.5
2108,2,75,0.7592,0,0.5
2108,4,113,0.6928,0,0.5
2108,3,38,0.4403,1,0.5
2109,1,14,0.826,0,0.5
2109,2,75,0.7708,0,0.5
2109,4,113,0.7051,0,0.5
2109,3,38,0.424,1,0.5
2110,1,14,0.8232,0,0.5
2110,2,75,0.771,0,0.5
2110,4,113,0.7202,0,0.5
2110,3,38,0.4284,1,0.5
2111,1,14,0.8211,0,0.5
2111,2,75,0.7497,0,0.5
2111,4,113,0.6684,0,0.5
2111,3,38,0.4233,1,0.5
2112,1,14,0.8173,0,0.5
2112,2,75,0.7655,0,0.5
2112,4,113,0.6165,0,0.5
2112,3,38,0.3338,1,0.5
2113,1,14,0.8206,0,0.5
2113,2,75,0.7796,0,0.5
2113,4,113,0.6554,0,0.5
2113,3,38,0.2829,1,0.5
2114,1,14,0.8035,0,0.5
2114,2,75,0.7994,0,0.5
2114,4,113,0.6598,0,0.5
2114,3,38,0.3166,1,0.5
2115,2,75,0.8293,0,0.5
2115,1,14,0.7829,0,0.5
2115,4,113,0.7311,0,0.5
2115,3,38,0.3531,1,0.5
2116,2,75,0.8435,0,0.5
2116,1,14,0.7722,0,0.5
2116,4,113,0.6989,0,0.5
2116,3,38,0.3302,1,0.5
2117,2,75,0.8213,0,0.5
2117,1,14,0.7557,0,0.5
2117,4,113,0.6693,0,0.5
2117,3,38,0.273,1,0.5
2118,1,14,0.7255,0,0.5
2118,2,75,0.7224,0,0.5
2118,4,113,0.6559,0,0.5
2118,3,38,0.1878,1,0.5
2119,1,14,0.7448,0,0.5
2119,4,113,0.6649,0,0.5
2119,2,75,0.6244,0,0.5
2119,3,38,0.221,1,0.5
2120,1,14,0.7443,0,0.5
2120,4,113,0.6497,0,0.5
2120,2,75,0.5565,0,0.5
2120,3,38,0.2187,1,0.5
2121,1,14,0.7516,0,0.5
2121,4,113,0.666,0,0.5
2121,2,75,0.4926,1,0.5
2121,3,38,0.1919,1,0.5
2122,1,14,0.7738,0,0.5
2122,4,113,0.7548,0,0.5
2122,2,75,0.4625,1,0.5
2122,3,38,0.1596,1,0.5
2123,1,14,0.7947,0,0.5
2123,4,113,0.6772,0,0.5
2123,2,75,0.3947,1,0.5
2123,3,38,0.2545,1,0.5
2124,1,14,0.8177,0,0.5
2124,4,113,0.6377,0,0.5
2124,2,75,0.3612,1,0.5
2124,3,38,0.3084,1,0.5
2125,1,14,0.8062,0,0.5
2125,4,113,0.5569,0,0.5
2125,3,38,0.3528,1,0.5
2125,2,75,0.334,1,0.5
2126,1,14,0.8037,0,0.5
2126,4,113,0.5288,0,0.5
2126,3,38,0.398,1,0.5
2126,2,75,0.3443,1,0.5
2127,1,14,0.7942,0,0.5
2127,4,113,0.5197,0,0.5
2127,3,38,0.4272,1,0.5
2127,2,75,0.3151,1,0.5
2128,1,14,0.8071,0,0.5
2128,4,113,0.5637,0,0.5
2128,3,38,0.5451,0,0.5
2128,2,75,0.3268,1,0.5
2129,1,14,0.8067,0,0.5
2129,4,113,0.5923,0,0.5
2129,3,38,0.5184,0,0.5
2129,2,75,0.3775,1,0.5
2130,1,14,0.8269,0,0.5
2130,4,113,0.6328,0,0.5
2130,3,38,0.5339,0,0.5
2130,2,75,0.415,1,0.5
2131,1,14,0.8239,0,0.5
2131,3,38,0.597,0,0.5
2131,4,113,0.5114,0,0.5
2131,2,75,0.3803,1,0.5
2132,1,14,0.8254,0,0.5
2132,3,38,0.5724,0,0.5
2132,4,113,0.4358,1,0.5
2132,2,75,0.3708,1,0.5
2133,1,14,0.8233,0,0.5
2133,3,38,0.6187,0,0.5
2133,4,113,0.4466,1,0.5
2133,2,75,0.3983,1,0.5
2134,1,14,0.8239,0,0.5
2134,3,38,0.6335,0,0.5
2134,2,75,0.4473,1,0.5
2134,4,113,0.3754,1,0.5
2135,1,14,0.8042,0,0.5
2135,3,38,0.7034,0,0.5
2135,2,75,0.5298,0,0.5
2135,4,113,0.4008,1,0.5
2136,1,14,0.8054,0,0.5
2136,3,38,0.7301,0,0.5
2136,2,75,0.5358,0,0.5
2136,4,113,0.4528,1,0.5
2137,1,14,0.8009,0,0.5
2137,3,38,0.6568,0,0.5
2137,2,75,0.4956,1,0.5
2137,4,113,0.1909,1,0.5
2138,1,14,0.8033,0,0.5
2138,3,38,0.6352,0,0.5
2138,2,75,0.4882,1,0.5
2138,4,113,0.3171,1,0.5
2139,1,14,0.8002,0,0.5
2139,3,38,0.5873,0,0.5
2139,2,75,0.5198,0,0.5
2139,4,113,0.2764,1,0.5
2140,1,14,0.7924,0,0.5
2140,3,38,0.6886,0,0.5
2140,2,75,0.6466,0,0.5
2140,4,113,0.5174,0,0.5
2141,1,14,0.8071,0,0.5
2141,3,38,0.6902,0,0.5
2141,2,75,0.6801,0,0.5
2141,4,113,0.1306,1,0.5
2142,1,14,0.8159,0,0.5
2142,2,75,0.6913,0,0.5
2142,3,38,0.6299,0,0.5
2142,4,113,0.2731,1,0.5
2143,1,14,0.8191,0,0.5
2143,2,75,0.6636,0,0.5
2143,3,38,0.6152,0,0.5
2143,4,113,0.4831,1,0.5
2144,1,14,0.817,0,0.5
2144,3,38,0.5863,0,0.5
2144,2,75,0.5415,0,0.5
2144,4,113,0.3857,1,0.5
2145,1,14,0.8217,0,0.5
2145,3,38,0.5367,0,0.5
2145,2,75,0.4691,1,0.5
2145,4,113,0.2948,1,0.5
2146,1,14,0.8022,0,0.5
2146,3,38,0.5178,0,0.5
2146,2,75,0.4532,1,0.5
2146,4,113,0.2954,1,0.5
2147,1,14,0.7753,0,0.5
2147,2,75,0.5389,0,0.5
2147,3,38,0.5253,0,0.5
2147,4,113,0.2357,1,0.5
2148,1,14,0.771,0,0.5
2148,3,38,0.582,0,0.5
2148,2,75,0.5734,0,0.5
2148,4,113,0.459,1,0.5
2149,1,14,0.7935,0,0.5
2149,3,38,0.5967,0,0.5
2149,2,75,0.5154,0,0.5
2149,4,113,0.2632,1,0.5
2150,1,14,0.8087,0,0.5
2150,3,38,0.6324,0,0.5
2150,2,75,0.4662,1,0.5
2150,4,113,0.4196,1,0.5
2151,1,14,0.8194,0,0.5
2151,3,38,0.6214,0,0.5
2151,2,75,0.4339,1,0.5
2151,4,113,0.3528,1,0.5
2152,1,14,0.8252,0,0.5
2152,3,38,0.6629,0,0.5
2152,2,75,0.4136,1,0.5
2152,4,113,0.4097,1,0.5
2153,1,14,0.8287,0,0.5
2153,3,38,0.7092,0,0.5
2153,2,75,0.4333,1,0.5
2153,4,113,0.4062,1,0.5
2154,1,14,0.8245,0,0.5
2154,3,38,0.7414,0,0.5
2154,2,75,0.3897,1,0.5
2154,4,113,0.2699,1,0.5
2155,1,14,0.8338,0,0.5
2155,3,38,0.7209,0,0.5
2155,2,75,0.3902,1,0.5
2155,4,113,0.2635,1,0.5
2156,1,14,0.8431,0,0.5
2156,3,38,0.6758,0,0.5
2156,2,75,0.433,1,0.5
2156,4,113,0.3683,1,0.5
2157,1,14,0.8623,0,0.5
2157,3,38,0.6428,0,0.5
2157,2,75,0.6187,0,0.5
2157,4,113,0.2408,1,0.5
2158,2,75,0.7303,0,0.5
2158,3,38,0.611,0,0.5
2158,1,14,0.4697,1,0.5
2158,4,113,0.2358,1,0.5
2159,1,14,0.8081,0,0.5
2159,2,75,0.771,0,0.5
2159,3,38,0.6553,0,0.5
2159,4,113,0.4067,1,0.5
2160,2,75,0.7458,0,0.5
2160,3,38,0.6881,0,0.5
2160,1,14,0.5763,0,0.5
2160,4,113,0.3522,1,0.5
2161,2,75,0.7661,0,0.5
2161,3,38,0.715,0,0.5
2161,1,14,0.5039,0,0.5
2161,4,113,0.1579,1,0.5
2162,2,75,0.7549,0,0.5
2162,3,38,0.7491,0,0.5
2162,4,113,0.2512,1,0.5
2162,1,14,0.2241,1,0.5
2163,2,75,0.7705,0,0.5
2163,3,38,0.7477,0,0.5
2163,1,113,0.348,1,0.5
2163,4,14,0.0,1,0.5
2164,2,75,0.7959,0,0.5
2164,3,38,0.7028,0,0.5
2164,1,113,0.2379,1,0.5
2164,4,14,0.0,1,0.5
2165,2,75,0.8034,0,0.5
2165,3,38,0.6877,0,0.5
2165,4,113,0.2616,1,0.5
2165,1,14,0.1792,1,0.5
2166,2,75,0.7873,0,0.5
2166,3,38,0.6389,0,0.5
2166,1,14,0.4881,1,0.5
2166,4,113,0.1843,1,0.5
2167,2,75,0.7398,0,0.5
2167,3,38,0.6157,0,0.5
2167,4,14,0.357,1,0.5
2167,1,113,0.0,1,0.5
2168,2,75,0.747,0,0.5
2168,3,38,0.6436,0,0.5
2168,4,14,0.2711,1,0.5
2168,1,113,0.0,1,0.5
2169,2,75,0.7394,0,0.5
2169,3,38,0.6295,0,0.5
2169,1,14,0.5358,0,0.5
2169,4,113,0.0647,1,0.5
2170,2,75,0.795,0,0.5
2170,1,14,0.6292,0,0.5
2170,3,38,0.6093,0,0.5
2170,4,113,0.1544,1,0.5
2171,2,75,0.7899,0,0.5
2171,1,14,0.5915,0,0.5
2171,3,38,0.5797,0,0.5
2171,4,113,0.0,1,0.5
2172,2,75,0.7809,0,0.5
2172,3,38,0.625,0,0.5
2172,1,14,0.5521,0,0.5
2172,4,113,0.0654,1,0.5
2173,2,75,0.7424,0,0.5
2173,3,38,0.6757,0,0.5
2173,1,14,0.5483,0,0.5
2173,4,113,0.0032,1,0.5
2174,2,75,0.7697,0,0.5
2174,3,38,0.7571,0,0.5
2174,1,14,0.6059,0,0.5
2174,4,113,0.0119,1,0.5
2175,3,38,0.7783,0,0.5
2175,2,75,0.7544,0,0.5
2175,1,14,0.6791,0,0.5
2175,4,113,0.0,1,0.5
2176,2,75,0.7613,0,0.5
2176,3,38,0.7382,0,0.5
2176,1,14,0.7354,0,0.5
2177,2,75,0.8357,0,0.5
2177,1,14,0.7483,0,0.5
2177,3,38,0.656,0,0.5
2178,2,75,0.8037,0,0.5
2178,1,14,0.7383,0,0.5
2178,3,38,0.6194,0,0.5
2179,2,75,0.8125,0,0.5
2179,1,14,0.7283,0,0.5
2179,3,38,0.5986,0,0.5
2180,2,75,0.7218,0,0.5
2180,1,14,0.6291,0,0.5
2180,3,38,0.6136,0,0.5
2181,1,14,0.6798,0,0.5
2181,2,75,0.6511,0,0.5
2181,3,38,0.645,0,0.5
2182,1,14,0.7607,0,0.5
2182,3,38,0.6432,0,0.5
2182,2,75,0.5646,0,0.5
2183,1,14,0.7392,0,0.5
2183,3,38,0.6108,0,0.5
2183,2,75,0.5369,0,0.5
2184,1,14,0.7358,0,0.5
2184,2,75,0.6154,0,0.5
2184,3,38,0.5479,0,0.5
2185,1,14,0.7734,0,0.5
2185,2,75,0.6894,0,0.5
2185,3,38,0.5392,0,0.5
2186,1,14,0.7723,0,0.5
2186,2,75,0.7135,0,0.5
2186,3,38,0.6034,0,0.5
2187,2,75,0.6982,0,0.5
2187,3,38,0.655,0,0.5
2187,1,14,0.6466,0,0.5
2188,2,75,0.7035,0,0.5
2188,3,38,0.7028,0,0.5
2188,1,14,0.6218,0,0.5
2189,3,38,0.6897,0,0.5
2189,1,14,0.6788,0,0.5
2189,2,75,0.5838,0,0.5
2190,1,14,0.7368,0,0.5
2190,3,38,0.6163,0,0.5
2190,2,75,0.5337,0,0.5
2191,1,14,0.7873,0,0.5
2191,3,38,0.6033,0,0.5
2191,2,75,0.4996,1,0.5
2192,1,14,0.754,0,0.5
2192,3,38,0.5967,0,0.5
2192,2,75,0.4935,1,0.5
2193,1,14,0.721,0,0.5
2193,3,38,0.6518,0,0.5
2193,2,75,0.5185,0,0.5
2194,1,14,0.7058,0,0.5
2194,3,38,0.691,0,0.5
2194,2,75,0.5523,0,0.5
2195,3,38,0.7174,0,0.5
2195,1,14,0.7127,0,0.5
2195,2,75,0.559,0,0.5
2196,1,14,0.7163,0,0.5
2196,3,38,0.658,0,0.5
2196,2,75,0.4627,1,0.5
2197,1,14,0.6865,0,0.5
2197,3,38,0.6785,0,0.5
2197,2,75,0.4424,1,0.5
2198,3,38,0.7067,0,0.5
2198,1,14,0.7016,0,0.5
2198,2,75,0.378,1,0.5
2199,3,38,0.7143,0,0.5
2199,1,14,0.7092,0,0.5
2199,2,75,0.4358,1,0.5
2200,3,38,0.7271,0,0.5
2200,1,14,0.6803,0,0.5
2200,2,75,0.5188,0,0.5
2201,3,38,0.7963,0,0.5
2201,1,14,0.7256,0,0.5
2201,2,75,0.5944,0,0.5
2202,3,38,0.8356,0,0.5
2202,1,14,0.7385,0,0.5
2202,2,75,0.6414,0,0.5
2203,3,38,0.857,0,0.5
2203,1,14,0.7751,0,0.5
2203,2,75,0.6513,0,0.5
2204,3,38,0.7975,0,0.5
2204,1,14,0.7229,0,0.5
2204,2,75,0.6283,0,0.5
2205,1,14,0.7366,0,0.5
2205,3,38,0.7079,0,0.5
2205,2,75,0.6121,0,0.5
2206,1,14,0.7644,0,0.5
2206,3,38,0.703,0,0.5
2206,2,75,0.5873,0,0.5
2207,1,14,0.7768,0,0.5
2207,3,38,0.7109,0,0.5
2207,2,75,0.5727,0,0.5
2208,3,38,0.7884,0,0.5
2208,1,14,0.7301,0,0.5
2208,2,75,0.5922,0,0.5
2209,3,38,0.7868,0,0.5
2209,1,14,0.751,0,0.5
2209,2,75,0.6369,0,0.5
2210,1,14,0.7802,0,0.5
2210,3,38,0.7348,0,0.5
2210,2,75,0.6801,0,0.5
2211,1,14,0.791,0,0.5
2211,3,38,0.7006,0,0.5
2211,2,75,0.6843,0,0.5
2212,1,14,0.7636,0,0.5
2212,3,38,0.7095,0,0.5
2212,2,75,0.6604,0,0.5
2213,3,38,0.7538,0,0.5
2213,1,14,0.7521,0,0.5
2213,2,75,0.6433,0,0.5
2214,3,38,0.8333,0,0.5
2214,1,14,0.6563,0,0.5
2214,2,75,0.6455,0,0.5
2215,3,38,0.8517,0,0.5
2215,2,75,0.657,0,0.5
2215,1,14,0.5918,0,0.5
2216,3,38,0.8439,0,0.5
2216,2,75,0.6558,0,0.5
2216,1,14,0.5953,0,0.5
2217,3,38,0.8327,0,0.5
2217,1,14,0.6931,0,0.5
2217,2,75,0.6546,0,0.5
2218,3,38,0.7907,0,0.5
2218,1,14,0.7807,0,0.5
2218,2,75,0.5929,0,0.5
2219,3,38,0.8203,0,0.5
2219,1,14,0.7801,0,0.5
2219,2,75,0.5237,0,0.5
2220,1,14,0.7667,0,0.5
2220,3,38,0.7618,0,0.5
2220,2,75,0.4814,1,0.5
2221,3,38,0.7997,0,0.5
2221,1,14,0.7564,0,0.5
2221,2,75,0.5157,0,0.5
2222,3,38,0.7761,0,0.5
2222,1,14,0.7426,0,0.5
2222,2,75,0.5731,0,0.5
2223,3,38,0.7638,0,0.5
2223,1,14,0.7309,0,0.5
2223,2,75,0.6279,0,0.5
2224,3,38,0.7758,0,0.5
2224,1,14,0.7747,0,0.5
2224,2,75,0.5859,0,0.5
2225,1,14,0.7779,0,0.5
2225,3,38,0.6733,0,0.5
2225,2,75,0.5735,0,0.5
2226,1,14,0.7718,0,0.5
2226,3,38,0.5378,0,0.5
2226,2,75,0.5227,0,0.5
2227,1,14,0.7407,0,0.5
2227,2,75,0.422,1,0.5
2227,3,38,0.3991,1,0.5
2228,1,14,0.7473,0,0.5
2228,2,75,0.4075,1,0.5
2228,3,38,0.302,1,0.5
2229,1,14,0.744,0,0.5
2229,2,75,0.4528,1,0.5
2229,3,38,0.3055,1,0.5
2230,1,14,0.7494,0,0.5
2230,2,75,0.5046,0,0.5
2230,3,38,0.3246,1,0.5
2231,1,14,0.7451,0,0.5
2231,2,75,0.4641,1,0.5
2231,3,38,0.2875,1,0.5
2232,1,14,0.7421,0,0.5
2232,2,75,0.4338,1,0.5
2232,3,38,0.2316,1,0.5
2233,1,14,0.7474,0,0.5
2233,2,75,0.3785,1,0.5
2233,3,38,0.2339,1,0.5
2234,1,14,0.7504,0,0.5
2234,2,75,0.4107,1,0.5
2234,3,38,0.2567,1,0.5
2235,1,14,0.7252,0,0.5
2235,2,75,0.4775,1,0.5
2235,3,38,0.277,1,0.5
2236,1,14,0.7174,0,0.5
2236,2,75,0.4705,1,0.5
2236,3,38,0.3333,1,0.5
2237,1,14,0.7154,0,0.5
2237,2,75,0.3562,1,0.5
2237,3,38,0.3375,1,0.5
2238,1,14,0.735,0,0.5
2238,3,38,0.3374,1,0.5
2238,2,75,0.2348,1,0.5
2239,1,14,0.7414,0,0.5
2239,3,38,0.386,1,0.5
2239,2,75,0.2137,1,0.5
2240,1,14,0.7618,0,0.5
2240,3,38,0.5178,0,0.5
2240,2,75,0.2222,1,0.5
2241,1,14,0.7645,0,0.5
2241,3,38,0.5351,0,0.5
2241,2,75,0.2826,1,0.5
2242,1,14,0.7514,0,0.5
2242,3,38,0.5128,0,0.5
2242,2,75,0.458,1,0.5
2243,1,14,0.7731,0,0.5
2243,3,38,0.5145,0,0.5
2243,2,75,0.3934,1,0.5
2244,1,14,0.762,0,0.5
2244,3,38,0.5918,0,0.5
2244,2,75,0.2554,1,0.5
2244,4,113,0.0167,1,0.5
2245,1,14,0.7504,0,0.5
2245,3,38,0.5514,0,0.5
2245,2,75,0.1616,1,0.5
2245,4,113,0.0,1,0.5
2246,1,14,0.658,0,0.5
2246,3,38,0.5274,0,0.5
2246,2,75,0.1332,1,0.5
2246,4,113,0.0,1,0.5
2247,1,14,0.6243,0,0.5
2247,3,38,0.5493,0,0.5
2247,2,75,0.1126,1,0.5
2247,4,113,0.0152,1,0.5
2248,3,38,0.7018,0,0.5
2248,1,14,0.5709,0,0.5
2248,2,113,0.0,1,0.5
2249,3,38,0.6733,0,0.5
2249,1,14,0.5148,0,0.5
2249,4,113,0.0019,1,0.5
2250,1,14,0.4032,1,0.5
2250,3,38,0.3992,1,0.5
2250,2,113,0.0,1,0.5
2251,3,38,0.4586,1,0.5
2251,1,14,0.3293,1,0.5
2251,2,113,0.0,1,0.5
2252,3,38,0.4924,1,0.5
2252,1,14,0.2534,1,0.5
2252,2,113,0.0,1,0.5
2253,3,38,0.4762,1,0.5
2253,1,14,0.1829,1,0.5
2253,2,113,0.0,1,0.5
2254,3,38,0.4428,1,0.5
2254,1,14,0.1632,1,0.5
2254,2,113,0.0,1,0.5
2255,3,38,0.4425,1,0.5
2255,1,14,0.1576,1,0.5
2255,2,113,0.0,1,0.5
2256,3,38,0.4923,1,0.5
2256,1,14,0.1266,1,0.5
2256,2,113,0.0,1,0.5
2257,3,38,0.4304,1,0.5
2257,1,14,0.1471,1,0.5
2257,2,113,0.0,1,0.5
2258,3,38,0.3646,1,0.5
2258,1,14,0.1702,1,0.5
2258,2,113,0.0,1,0.5
2259,3,38,0.3176,1,0.5
2259,1,14,0.1359,1,0.5
2259,2,113,0.0,1,0.5
2260,3,38,0.3161,1,0.5
2260,1,14,0.1479,1,0.5
2260,2,113,0.0,1,0.5
2261,3,38,0.3315,1,0.5
2261,1,14,0.1999,1,0.5
2261,2,113,0.0,1,0.5
2262,3,38,0.3352,1,0.5
2262,1,14,0.274,1,0.5
2262,2,113,0.0,1,0.5
2263,3,38,0.3889,1,0.5
2263,1,14,0.3276,1,0.5
2263,2,113,0.0,1,0.5
2264,3,38,0.5619,0,0.5
2264,1,14,0.4059,1,0.5
2264,2,113,0.0,1,0.5
2265,3,38,0.696,0,0.5
2265,1,14,0.5414,0,0.5
2265,2,113,0.0,1,0.5
2266,3,38,0.7306,0,0.5
2266,1,14,0.5111,0,0.5
2266,2,113,0.0,1,0.5
2267,3,38,0.7808,0,0.5
2267,1,14,0.4433,1,0.5
2267,2,113,0.0,1,0.5
2268,3,38,0.7899,0,0.5
2268,1,14,0.4596,1,0.5
2268,2,113,0.0,1,0.5
2269,3,38,0.7679,0,0.5
2269,1,14,0.4837,1,0.5
2269,2,113,0.0,1,0.5
2270,3,38,0.7678,0,0.5
2270,1,14,0.4853,1,0.5
2270,2,113,0.0,1,0.5
2271,3,38,0.7987,0,0.5
2271,1,14,0.4561,1,0.5
2271,2,113,0.0,1,0.5
2272,3,38,0.7336,0,0.5
2272,1,14,0.4647,1,0.5
2272,2,113,0.0,1,0.5
2273,3,38,0.7009,0,0.5
2273,1,14,0.4249,1,0.5
2273,2,113,0.0,1,0.5
2274,3,38,0.7088,0,0.5
2274,1,14,0.3628,1,0.5
2274,2,113,0.0,1,0.5
2275,3,38,0.7071,0,0.5
2275,1,14,0.2728,1,0.5
2275,2,113,0.0,1,0.5
2276,3,38,0.7137,0,0.5
2276,1,14,0.2027,1,0.5
2276,2,113,0.0,1,0.5
2277,3,38,0.6258,0,0.5
2277,1,14,0.162,1,0.5
2277,2,113,0.0,1,0.5
2278,3,38,0.5183,0,0.5
2278,1,14,0.1608,1,0.5
2278,2,113,0.0,1,0.5
2279,3,38,0.5146,0,0.5
2279,1,14,0.1709,1,0.5
2279,2,113,0.0,1,0.5
2280,3,38,0.4935,1,0.5
2280,1,14,0.2174,1,0.5
2280,2,113,0.0,1,0.5
2281,3,38,0.4911,1,0.5
2281,1,14,0.2935,1,0.5
2281,2,113,0.0,1,0.5
2282,3,38,0.5059,0,0.5
2282,1,14,0.3808,1,0.5
2282,2,113,0.0,1,0.5
2283,3,38,0.5349,0,0.5
2283,1,14,0.5061,0,0.5
2283,2,113,0.0,1,0.5
2284,1,14,0.5935,0,0.5
2284,3,38,0.5574,0,0.5
2284,2,113,0.0,1,0.5
2285,1,14,0.6534,0,0.5
2285,3,38,0.6173,0,0.5
2285,2,113,0.0,1,0.5
2286,3,38,0.675,0,0.5
2286,1,14,0.6467,0,0.5
2286,2,113,0.0,1,0.5
2287,3,38,0.6818,0,0.5
2287,1,14,0.6214,0,0.5
2287,2,113,0.0,1,0.5
2288,3,38,0.7084,0,0.5
2288,1,14,0.6387,0,0.5
2288,2,113,0.0,1,0.5
2289,3,38,0.7241,0,0.5
2289,1,14,0.6609,0,0.5
2289,2,113,0.0,1,0.5
2290,1,14,0.6365,0,0.5
2290,3,38,0.5577,0,0.5
2290,2,113,0.0,1,0.5
2291,1,14,0.581,0,0.5
2291,3,38,0.4938,1,0.5
2291,2,113,0.0,1,0.5
2292,1,14,0.522,0,0.5
2292,3,38,0.4433,1,0.5
2292,2,113,0.0,1,0.5
2293,1,14,0.5238,0,0.5
2293,3,38,0.392,1,0.5
2293,2,113,0.0,1,0.5
2294,1,14,0.5237,0,0.5
2294,3,38,0.3437,1,0.5
2294,2,113,0.0,1,0.5
2295,1,14,0.5268,0,0.5
2295,3,38,0.2843,1,0.5
2295,2,113,0.0,1,0.5
2296,1,14,0.5512,0,0.5
2296,3,38,0.253,1,0.5
2296,2,113,0.0,1,0.5
2297,1,14,0.5726,0,0.5
2297,3,38,0.2399,1,0.5
2297,2,113,0.0,1,0.5
2298,1,14,0.523,0,0.5
2298,3,38,0.2357,1,0.5
2298,2,75,0.0,1,0.5
2299,1,14,0.5495,0,0.5
2299,3,38,0.2664,1,0.5
2299,2,75,0.0,1,0.5
2300,1,14,0.5569,0,0.5
2300,3,38,0.2935,1,0.5
2300,2,75,0.0,1,0.5
2301,1,14,0.5661,0,0.5
2301,3,38,0.2786,1,0.5
2301,2,75,0.0,1,0.5
2302,1,14,0.5463,0,0.5
2302,3,38,0.3037,1,0.5
2302,2,75,0.0,1,0.5
2303,1,14,0.5105,0,0.5
2303,3,38,0.2502,1,0.5
2303,2,75,0.0,1,0.5
2304,1,14,0.4792,1,0.5
2304,3,38,0.2377,1,0.5
2304,2,75,0.0,1,0.5
2305,1,14,0.4498,1,0.5
2305,3,38,0.2279,1,0.5
2305,4,75,0.1574,1,0.5
2305,2,113,0.0,1,0.5
2306,1,14,0.3647,1,0.5
2306,4,75,0.2079,1,0.5
2306,3,38,0.1927,1,0.5
2306,2,113,0.0,1,0.5
2307,1,14,0.3947,1,0.5
2307,4,75,0.2712,1,0.5
2307,3,38,0.1071,1,0.5
2307,2,113,0.0,1,0.5
2308,1,14,0.411,1,0.5
2308,4,75,0.2434,1,0.5
2308,3,38,0.0554,1,0.5
2308,2,113,0.0,1,0.5
2309,1,14,0.415,1,0.5
2309,4,75,0.2092,1,0.5
2309,3,38,0.0333,1,0.5
2309,2,113,0.0,1,0.5
2310,1,14,0.4613,1,0.5
2310,4,75,0.1871,1,0.5
2310,3,38,0.0277,1,0.5
2310,2,113,0.0,1,0.5
2311,1,14,0.5415,0,0.5
2311,4,75,0.1911,1,0.5
2311,3,38,0.0282,1,0.5
2311,2,113,0.0,1,0.5
2312,1,14,0.5636,0,0.5
2312,4,75,0.1819,1,0.5
2312,3,38,0.0522,1,0.5
2312,2,113,0.0,1,0.5
2313,1,14,0.5298,0,0.5
2313,4,75,0.1655,1,0.5
2313,3,38,0.0749,1,0.5
2313,2,113,0.0,1,0.5
2314,1,14,0.4573,1,0.5
2314,4,75,0.1705,1,0.5
2314,3,38,0.1059,1,0.5
2314,2,113,0.0,1,0.5
2315,1,14,0.4281,1,0.5
2315,4,75,0.1772,1,0.5
2315,3,38,0.1549,1,0.5
2315,2,113,0.0,1,0.5
2316,1,14,0.3915,1,0.5
2316,4,75,0.2,1,0.5
2316,3,38,0.163,1,0.5
2316,2,113,0.0,1,0.5
2317,1,14,0.3479,1,0.5
2317,3,38,0.1924,1,0.5
2317,4,75,0.1842,1,0.5
2317,2,113,0.0,1,0.5
2318,1,14,0.3265,1,0.5
2318,4,75,0.1909,1,0.5
2318,3,38,0.1858,1,0.5
2318,2,113,0.0,1,0.5
2319,1,14,0.3747,1,0.5
2319,4,75,0.237,1,0.5
2319,3,38,0.2079,1,0.5
2319,2,113,0.0,1,0.5
2320,1,14,0.4111,1,0.5
2320,4,75,0.2654,1,0.5
2320,3,38,0.24,1,0.5
2320,2,113,0.0,1,0.5
2321,1,14,0.4269,1,0.5
2321,4,75,0.2924,1,0.5
2321,3,38,0.2822,1,0.5
2321,2,113,0.0,1,0.5
2322,1,14,0.4352,1,0.5
2322,4,75,0.2936,1,0.5
2322,3,38,0.283,1,0.5
2322,2,113,0.0,1,0.5
2323,1,14,0.4299,1,0.5
2323,4,75,0.2826,1,0.5
2323,3,38,0.238,1,0.5
2323,2,113,0.0,1,0.5
2324,1,14,0.426,1,0.5
2324,3,38,0.2797,1,0.5
2324,4,75,0.2526,1,0.5
2324,2,113,0.0,1,0.5
2325,1,14,0.4493,1,0.5
2325,3,38,0.287,1,0.5
2325,4,75,0.2235,1,0.5
2325,2,113,0.0,1,0.5
2326,1,14,0.4472,1,0.5
2326,3,38,0.2571,1,0.5
2326,4,75,0.219,1,0.5
2326,2,113,0.0,1,0.5
2327,1,14,0.4399,1,0.5
2327,3,38,0.2166,1,0.5
2327,4,75,0.2048,1,0.5
2327,2,113,0.0,1,0.5
2328,1,14,0.4189,1,0.5
2328,3,38,0.2639,1,0.5
2328,4,75,0.2011,1,0.5
2328,2,113,0.0,1,0.5
2329,1,14,0.4199,1,0.5
2329,3,38,0.3355,1,0.5
2329,4,75,0.1922,1,0.5
2329,2,113,0.0,1,0.5
2330,1,14,0.4236,1,0.5
2330,3,38,0.3523,1,0.5
2330,4,75,0.1948,1,0.5
2330,2,113,0.0,1,0.5
2331,1,14,0.3964,1,0.5
2331,3,38,0.3668,1,0.5
2331,4,75,0.1963,1,0.5
2331,2,113,0.0,1,0.5
2332,1,14,0.384,1,0.5
2332,3,38,0.3774,1,0.5
2332,4,75,0.1951,1,0.5
2332,2,113,0.0,1,0.5
2333,3,38,0.5245,0,0.5
2333,4,75,0.1633,1,0.5
2333,1,14,0.0,1,0.5
2333,2,113,0.0,1,0.5
2334,3,38,0.596,0,0.5
2334,4,75,0.1486,1,0.5
2334,1,14,0.0,1,0.5
2334,2,113,0.0,1,0.5
2335,3,38,0.6516,0,0.5
2335,4,75,0.1402,1,0.5
2335,1,14,0.0,1,0.5
2335,2,113,0.0,1,0.5
2336,3,38,0.7111,0,0.5
2336,4,75,0.1437,1,0.5
2336,1,14,0.0,1,0.5
2336,2,113,0.0,1,0.5
2337,3,38,0.696,0,0.5
2337,4,75,0.168,1,0.5
2337,1,14,0.0,1,0.5
2337,2,113,0.0,1,0.5
2338,3,38,0.6168,0,0.5
2338,4,75,0.166,1,0.5
2338,1,14,0.0,1,0.5
2338,2,113,0.0,1,0.5
2339,3,38,0.65,0,0.5
2339,4,75,0.1535,1,0.5
2339,1,14,0.0,1,0.5
2339,2,113,0.0,1,0.5
2340,3,38,0.7199,0,0.5
2340,4,75,0.1528,1,0.5
2340,1,14,0.0,1,0.5
2340,2,113,0.0,1,0.5
2341,3,38,0.7242,0,0.5
2341,4,75,0.154,1,0.5
2341,1,14,0.0,1,0.5
2341,2,113,0.0,1,0.5
2342,3,38,0.761,0,0.5
2342,4,75,0.1664,1,0.5
2342,1,14,0.0,1,0.5
2342,2,113,0.0,1,0.5
2343,3,38,0.8215,0,0.5
2343,4,75,0.1772,1,0.5
2343,1,14,0.0,1,0.5
2343,2,113,0.0,1,0.5
2344,3,38,0.8521,0,0.5
2344,4,75,0.1726,1,0.5
2344,1,14,0.0,1,0.5
2344,2,113,0.0,1,0.5
2345,3,38,0.8523,0,0.5
2345,4,75,0.1669,1,0.5
2345,1,14,0.0,1,0.5
2345,2,113,0.0,1,0.5
2346,3,38,0.8145,0,0.5
2346,4,75,0.1533,1,0.5
2346,1,14,0.0,1,0.5
2346,2,113,0.0,1,0.5
2347,3,38,0.843,0,0.5
2347,4,75,0.1317,1,0.5
2347,1,14,0.0,1,0.5
2347,2,113,0.0,1,0.5
2348,3,38,0.7952,0,0.5
2348,4,75,0.1244,1,0.5
2348,1,14,0.0,1,0.5
2348,2,113,0.0,1,0.5
2349,3,38,0.7444,0,0.5
2349,4,75,0.0962,1,0.5
2349,1,14,0.0,1,0.5
2349,2,113,0.0,1,0.5
2350,3,38,0.6475,0,0.5
2350,4,75,0.0906,1,0.5
2350,1,14,0.0,1,0.5
2350,2,113,0.0,1,0.5
2351,3,38,0.5527,0,0.5
2351,4,75,0.0966,1,0.5
2351,1,14,0.0,1,0.5
2351,2,113,0.0,1,0.5
2352,3,38,0.4264,1,0.5
2352,4,75,0.0956,1,0.5
2352,1,14,0.0,1,0.5
2352,2,113,0.0,1,0.5
2353,3,38,0.2987,1,0.5
2353,4,75,0.0958,1,0.5
2353,1,14,0.0,1,0.5
2353,2,113,0.0,1,0.5
2354,3,38,0.2269,1,0.5
2354,4,75,0.0984,1,0.5
2354,1,14,0.0,1,0.5
2354,2,113,0.0,1,0.5
2355,3,38,0.1887,1,0.5
2355,4,75,0.1177,1,0.5
2355,1,14,0.0,1,0.5
2355,2,113,0.0,1,0.5
2356,3,38,0.2168,1,0.5
2356,4,75,0.1149,1,0.5
2356,1,14,0.0,1,0.5
2356,2,113,0.0,1,0.5
2357,4,75,0.1113,1,0.5
2357,3,38,0.0701,1,0.5
2357,1,14,0.0,1,0.5
2357,2,113,0.0,1,0.5
2358,4,75,0.1115,1,0.5
2358,3,38,0.0121,1,0.5
2358,1,14,0.0,1,0.5
2358,2,113,0.0,1,0.5
2359,4,75,0.1182,1,0.5
2359,1,14,0.0,1,0.5
2359,2,38,0.0,1,0.5
2359,3,113,0.0,1,0.5
2360,4,75,0.119,1,0.5
2360,1,14,0.0,1,0.5
2360,2,38,0.0,1,0.5
2360,3,113,0.0,1,0.5
2361,4,75,0.129,1,0.5
2361,3,38,0.0004,1,0.5
2361,1,14,0.0,1,0.5
2361,2,113,0.0,1,0.5
2362,4,75,0.1088,1,0.5
2362,3,38,0.0136,1,0.5
2362,1,14,0.0,1,0.5
2362,2,113,0.0,1,0.5
2363,3,38,0.0787,1,0.5
2363,4,75,0.0777,1,0.5
2363,1,14,0.0,1,0.5
2363,2,113,0.0,1,0.5
2364,3,38,0.121,1,0.5
2364,4,75,0.0785,1,0.5
2364,1,14,0.0,1,0.5
2364,2,113,0.0,1,0.5
2365,3,38,0.1799,1,0.5
2365,4,75,0.084,1,0.5
2365,1,14,0.0,1,0.5
2365,2,113,0.0,1,0.5
2366,3,38,0.2649,1,0.5
2366,4,75,0.093,1,0.5
2366,1,14,0.0,1,0.5
2366,2,113,0.0,1,0.5
2367,3,38,0.3762,1,0.5
2367,4,75,0.1026,1,0.5
2367,1,14,0.0,1,0.5
2367,2,113,0.0,1,0.5
2368,3,38,0.42,1,0.5
2368,4,75,0.1157,1,0.5
2368,1,14,0.0,1,0.5
2368,2,113,0.0,1,0.5
2369,3,38,0.3864,1,0.5
2369,4,75,0.1305,1,0.5
2369,1,14,0.0,1,0.5
2369,2,113,0.0,1,0.5
2370,3,38,0.3661,1,0.5
2370,4,75,0.1208,1,0.5
2370,1,14,0.0,1,0.5
2370,2,113,0.0,1,0.5
2371,3,38,0.4489,1,0.5
2371,4,75,0.1858,1,0.5
2371,1,14,0.0,1,0.5
2371,2,113,0.0,1,0.5
2372,3,38,0.5116,0,0.5
2372,4,75,0.14,1,0.5
2372,1,14,0.0,1,0.5
2372,2,113,0.0,1,0.5
2373,3,38,0.518,0,0.5
2373,1,14,0.0,1,0.5
2373,2,75,0.0,1,0.5
2373,4,113,0.0,1,0.5
2374,3,38,0.4735,1,0.5
2374,2,75,0.0543,1,0.5
2374,1,14,0.0,1,0.5
2374,4,113,0.0,1,0.5
2375,3,38,0.4234,1,0.5
2375,1,14,0.0,1,0.5
2375,2,75,0.0,1,0.5
2375,4,113,0.0,1,0.5
2376,3,38,0.3781,1,0.5
2376,1,14,0.0,1,0.5
2376,2,75,0.0,1,0.5
2376,4,113,0.0,1,0.5
2377,3,38,0.3829,1,0.5
2377,1,14,0.0,1,0.5
2377,2,75,0.0,1,0.5
2377,4,113,0.0,1,0.5
2378,3,38,0.3426,1,0.5
2378,1,14,0.0,1,0.5
2378,2,75,0.0,1,0.5
2378,4,113,0.0,1,0.5
2379,3,38,0.3228,1,0.5
2379,1,113,0.0,1,0.5
2380,3,38,0.3742,1,0.5
2380,1,113,0.0,1,0.5
2381,3,38,0.4671,1,0.5
2381,1,113,0.0,1,0.5
2382,3,38,0.4188,1,0.5
2382,1,113,0.0,1,0.5
2383,3,38,0.3577,1,0.5
2383,1,113,0.0,1,0.5
2384,3,38,0.3361,1,0.5
2384,1,14,0.3011,1,0.5
2384,2,113,0.0,1,0.5
2385,3,38,0.4344,1,0.5
2385,1,14,0.2644,1,0.5
2385,2,113,0.0,1,0.5
2386,3,38,0.4314,1,0.5
2386,1,14,0.2367,1,0.5
2386,2,113,0.0,1,0.5
2387,3,38,0.4435,1,0.5
2387,1,14,0.2594,1,0.5
2387,2,113,0.0,1,0.5
2388,3,38,0.5433,0,0.5
2388,1,14,0.2894,1,0.5
2388,2,113,0.0,1,0.5
2389,3,38,0.573,0,0.5
2389,1,14,0.3795,1,0.5
2389,2,113,0.0,1,0.5
2390,3,38,0.5669,0,0.5
2390,1,14,0.4935,1,0.5
2390,2,113,0.0,1,0.5
2391,3,38,0.6738,0,0.5
2391,1,14,0.6278,0,0.5
2391,2,113,0.0,1,0.5
2392,1,14,0.6577,0,0.5
2392,3,38,0.6169,0,0.5
2392,2,113,0.0,1,0.5
2393,1,14,0.7449,0,0.5
2393,3,38,0.6496,0,0.5
2393,2,113,0.0,1,0.5
2394,1,14,0.8022,0,0.5
2394,3,38,0.6687,0,0.5
2394,2,113,0.0,1,0.5
2395,1,14,0.8033,0,0.5
2395,3,38,0.6575,0,0.5
2395,2,113,0.0,1,0.5
2396,1,14,0.7033,0,0.5
2396,3,38,0.6838,0,0.5
2396,2,113,0.0,1,0.5
2397,3,38,0.7829,0,0.5
2397,1,14,0.6512,0,0.5
2397,2,113,0.0,1,0.5
2398,3,38,0.76,0,0.5
2398,1,14,0.6318,0,0.5
2398,2,113,0.0,1,0.5
2399,3,38,0.8091,0,0.5
2399,1,14,0.6181,0,0.5
2399,2,113,0.0,1,0.5
2400,3,38,0.7339,0,0.5
2400,1,14,0.5528,0,0.5
2400,2,113,0.0,1,0.5
2401,3,38,0.715,0,0.5
2401,1,14,0.4857,1,0.5
2401,2,113,0.0,1,0.5
2402,3,38,0.7172,0,0.5
2402,1,113,0.0,1,0.5
2403,3,38,0.7316,0,0.5
2403,1,113,0.0,1,0.5
2404,3,38,0.72,0,0.5
2404,1,113,0.0,1,0.5
2405,3,38,0.7135,0,0.5
2405,1,113,0.0,1,0.5
2406,3,38,0.7401,0,0.5
2406,1,113,0.0,1,0.5
2407,3,38,0.7197,0,0.5
2407,1,113,0.0,1,0.5
2408,3,38,0.6827,0,0.5
2408,1,113,0.0,1,0.5
2409,3,38,0.5952,0,0.5
2409,1,113,0.0,1,0.5
2410,3,38,0.5573,0,0.5
2410,1,113,0.0,1,0.5
2411,3,38,0.5408,0,0.5
2411,1,113,0.0,1,0.5
2412,3,38,0.5134,0,0.5
2412,1,113,0.0,1,0.5
2413,3,38,0.4832,1,0.5
2413,1,113,0.0,1,0.5
2414,3,38,0.4897,1,0.5
2414,1,113,0.0,1,0.5
2415,3,38,0.5149,0,0.5
2415,1,113,0.0,1,0.5
2416,3,38,0.5168,0,0.5
2416,1,113,0.0,1,0.5
2417,3,38,0.4848,1,0.5
2417,1,113,0.0,1,0.5
2418,3,38,0.5576,0,0.5
2418,1,113,0.0,1,0.5
2419,3,38,0.6323,0,0.5
2419,1,14,0.0,1,0.5
2419,2,75,0.0,1,0.5
2420,3,38,0.6984,0,0.5
2420,1,14,0.0,1,0.5
2420,2,75,0.0,1,0.5
2421,3,38,0.6579,0,0.5
2421,1,14,0.0,1,0.5
2421,2,75,0.0,1,0.5
2422,3,38,0.6104,0,0.5
2422,1,14,0.0,1,0.5
2422,2,75,0.0,1,0.5
2423,3,38,0.6031,0,0.5
2423,1,14,0.0,1,0.5
2423,2,75,0.0,1,0.5
2424,3,38,0.651,0,0.5
2424,1,14,0.0,1,0.5
2424,2,75,0.0,1,0.5
2425,3,38,0.7005,0,0.5
2425,1,14,0.0,1,0.5
2425,2,75,0.0,1,0.5
2426,3,38,0.7903,0,0.5
2426,1,14,0.0,1,0.5
2426,2,75,0.0,1,0.5
2427,3,38,0.6704,0,0.5
2427,1,14,0.0,1,0.5
2427,2,75,0.0,1,0.5
2428,3,38,0.6541,0,0.5
2428,1,14,0.0,1,0.5
2428,2,75,0.0,1,0.5
2429,3,38,0.6872,0,0.5
2429,1,14,0.0,1,0.5
2429,2,75,0.0,1,0.5
2430,3,38,0.7648,0,0.5
2430,1,14,0.0,1,0.5
2430,2,75,0.0,1,0.5
2431,3,38,0.7629,0,0.5
2431,1,14,0.0,1,0.5
2431,2,75,0.0,1,0.5
2432,3,38,0.6975,0,0.5
2432,1,14,0.0,1,0.5
2432,2,75,0.0,1,0.5
2433,3,38,0.6778,0,0.5
2433,1,14,0.0,1,0.5
2433,2,75,0.0,1,0.5
2434,3,38,0.6921,0,0.5
2434,1,14,0.0,1,0.5
2434,2,75,0.0,1,0.5
2435,3,38,0.6239,0,0.5
2435,1,14,0.0,1,0.5
2435,2,75,0.0,1,0.5
2436,3,38,0.6396,0,0.5
2436,1,14,0.0,1,0.5
2436,2,75,0.0,1,0.5
2437,3,38,0.6659,0,0.5
2437,1,14,0.0,1,0.5
2437,2,75,0.0,1,0.5
2438,3,38,0.7134,0,0.5
2438,1,14,0.0,1,0.5
2438,2,75,0.0,1,0.5
2439,3,38,0.6591,0,0.5
2439,1,14,0.0,1,0.5
2439,2,75,0.0,1,0.5
2440,3,38,0.6731,0,0.5
2440,1,14,0.0,1,0.5
2440,2,75,0.0,1,0.5
2441,3,38,0.6131,0,0.5
2441,1,14,0.0,1,0.5
2441,2,75,0.0,1,0.5
2442,3,38,0.5893,0,0.5
2442,1,14,0.0,1,0.5
2442,2,75,0.0,1,0.5
2443,3,38,0.6149,0,0.5
2443,1,14,0.0,1,0.5
2443,2,75,0.0,1,0.5
2444,3,38,0.5848,0,0.5
2444,1,14,0.0,1,0.5
2444,2,75,0.0,1,0.5
2445,3,38,0.5462,0,0.5
2445,1,14,0.0,1,0.5
2445,2,75,0.0,1,0.5
2446,3,38,0.5583,0,0.5
2446,1,14,0.0,1,0.5
2446,2,75,0.0,1,0.5
2447,3,38,0.6563,0,0.5
2447,1,14,0.0,1,0.5
2447,2,75,0.0,1,0.5
2448,3,38,0.7065,0,0.5
2448,1,14,0.0,1,0.5
2448,2,75,0.0,1,0.5
2449,3,38,0.5854,0,0.5
2449,1,14,0.0,1,0.5
2449,2,75,0.0,1,0.5
2450,3,38,0.594,0,0.5
2450,1,14,0.0,1,0.5
2450,2,75,0.0,1,0.5
2451,3,38,0.609,0,0.5
2451,1,14,0.0,1,0.5
2451,2,75,0.0,1,0.5
2452,3,38,0.6608,0,0.5
2452,1,14,0.0,1,0.5
2452,2,75,0.0,1,0.5
2453,3,38,0.6928,0,0.5
2453,1,14,0.0,1,0.5
2453,2,75,0.0,1,0.5
2454,3,38,0.6239,0,0.5
2454,1,14,0.0,1,0.5
2454,2,75,0.0,1,0.5
2455,3,38,0.5606,0,0.5
2455,1,14,0.0,1,0.5
2455,2,75,0.0,1,0.5
2456,3,38,0.6067,0,0.5
2456,1,14,0.0,1,0.5
2456,2,75,0.0,1,0.5
2457,3,38,0.7004,0,0.5
2457,1,14,0.0,1,0.5
2457,2,75,0.0,1,0.5
2458,3,38,0.7255,0,0.5
2458,1,14,0.0,1,0.5
2458,2,75,0.0,1,0.5
2459,3,38,0.6621,0,0.5
2459,1,14,0.0,1,0.5
2459,2,75,0.0,1,0.5
2460,3,38,0.6474,0,0.5
2460,1,14,0.0,1,0.5
2460,2,75,0.0,1,0.5
2461,3,38,0.604,0,0.5
2461,1,14,0.0,1,0.5
2461,2,75,0.0,1,0.5
2462,3,38,0.5831,0,0.5
2462,1,14,0.0,1,0.5
2462,2,75,0.0,1,0.5
2463,3,38,0.6492,0,0.5
2463,1,14,0.0,1,0.5
2463,2,75,0.0,1,0.5
2464,3,38,0.6688,0,0.5
2464,1,14,0.0,1,0.5
2464,2,75,0.0,1,0.5
2465,3,38,0.6848,0,0.5
2465,1,14,0.0,1,0.5
2465,2,75,0.0,1,0.5
2466,3,38,0.6885,0,0.5
2466,1,14,0.0,1,0.5
2466,2,75,0.0,1,0.5
2467,3,38,0.7061,0,0.5
2467,1,14,0.0,1,0.5
2467,2,75,0.0,1,0.5
2468,3,38,0.6037,0,0.5
2468,1,14,0.0,1,0.5
2468,2,75,0.0,1,0.5
2469,3,38,0.5477,0,0.5
2469,1,14,0.0,1,0.5
2469,2,75,0.0,1,0.5
2470,3,38,0.5304,0,0.5
2470,1,14,0.0,1,0.5
2470,2,75,0.0,1,0.5
2471,3,38,0.5668,0,0.5
2471,1,14,0.0,1,0.5
2471,2,75,0.0,1,0.5
2472,3,38,0.4827,1,0.5
2472,1,14,0.0,1,0.5
2472,2,75,0.0,1,0.5
2473,3,38,0.4563,1,0.5
2473,1,14,0.0,1,0.5
2473,2,75,0.0,1,0.5
2474,3,38,0.4609,1,0.5
2474,1,14,0.0,1,0.5
2474,2,75,0.0,1,0.5
2475,3,38,0.3698,1,0.5
2475,1,14,0.0,1,0.5
2475,2,75,0.0,1,0.5
2476,3,38,0.294,1,0.5
2476,1,14,0.0,1,0.5
2476,2,75,0.0,1,0.5
2477,3,38,0.173,1,0.5
2477,1,14,0.0,1,0.5
2477,2,75,0.0,1,0.5
2478,3,38,0.1755,1,0.5
2478,1,14,0.0,1,0.5
2478,2,75,0.0,1,0.5
2479,3,38,0.1616,1,0.5
2479,1,14,0.0,1,0.5
2479,2,75,0.0,1,0.5
2480,3,38,0.1766,1,0.5
2480,1,14,0.0,1,0.5
2480,2,75,0.0,1,0.5
2481,3,38,0.1298,1,0.5
2481,1,14,0.0,1,0.5
2481,2,75,0.0,1,0.5
2482,3,38,0.1473,1,0.5
2482,1,14,0.0,1,0.5
2482,2,75,0.0,1,0.5
2483,3,38,0.1657,1,0.5
2483,1,14,0.0,1,0.5
2483,2,75,0.0,1,0.5
2484,3,38,0.2497,1,0.5
2484,1,14,0.0,1,0.5
2484,2,75,0.0,1,0.5
2485,3,38,0.3084,1,0.5
2485,1,14,0.0,1,0.5
2485,2,75,0.0,1,0.5
2486,3,38,0.2064,1,0.5
2486,1,14,0.0,1,0.5
2486,2,75,0.0,1,0.5
2487,3,38,0.137,1,0.5
2487,1,14,0.0,1,0.5
2487,2,75,0.0,1,0.5
2488,3,38,0.0811,1,0.5
2488,1,14,0.0,1,0.5
2488,2,75,0.0,1,0.5
2489,3,38,0.0254,1,0.5
2489,1,14,0.0,1,0.5
2489,2,75,0.0,1,0.5
2490,3,38,0.0001,1,0.5
2490,1,14,0.0,1,0.5
2490,2,75,0.0,1,0.5
2491,1,14,0.0,1,0.5
2491,2,38,0.0,1,0.5
2491,3,75,0.0,1,0.5
2492,1,14,0.0,1,0.5
2492,2,38,0.0,1,0.5
2492,3,75,0.0,1,0.5
2493,1,14,0.0,1,0.5
2493,2,38,0.0,1,0.5
2493,3,75,0.0,1,0.5
2494,3,38,0.0035,1,0.5
2494,1,14,0.0,1,0.5
2494,2,75,0.0,1,0.5
2495,3,38,0.0014,1,0.5
2495,1,14,0.0,1,0.5
2495,2,75,0.0,1,0.5
2496,3,38,0.0123,1,0.5
2496,1,14,0.0,1,0.5
2496,2,75,0.0,1,0.5
2497,3,38,0.0064,1,0.5
2497,1,14,0.0,1,0.5
2497,2,75,0.0,1,0.5
2498,3,38,0.0323,1,0.5
2498,1,14,0.0,1,0.5
2498,2,75,0.0,1,0.5
2499,3,38,0.0479,1,0.5
2499,1,14,0.0,1,0.5
2499,2,75,0.0,1,0.5
2500,3,38,0.0615,1,0.5
2500,1,14,0.0,1,0.5
2500,2,75,0.0,1,0.5
2501,3,38,0.08,1,0.5
2501,1,14,0.0,1,0.5
2501,2,75,0.0,1,0.5
2502,3,38,0.0448,1,0.5
2502,1,14,0.0,1,0.5
2502,2,75,0.0,1,0.5
2503,3,38,0.0436,1,0.5
2503,1,14,0.0,1,0.5
2503,2,75,0.0,1,0.5
2504,3,38,0.0835,1,0.5
2504,1,14,0.0,1,0.5
2504,2,75,0.0,1,0.5
2505,3,38,0.07,1,0.5
2505,1,14,0.0,1,0.5
2505,2,75,0.0,1,0.5
2506,3,38,0.0794,1,0.5
2506,1,14,0.0,1,0.5
2506,2,75,0.0,1,0.5
2507,3,38,0.0968,1,0.5
2507,1,14,0.0,1,0.5
2507,2,75,0.0,1,0.5
2508,3,38,0.1163,1,0.5
2508,1,14,0.0,1,0.5
2508,2,75,0.0,1,0.5
2509,3,38,0.1536,1,0.5
2509,1,14,0.0,1,0.5
2509,2,75,0.0,1,0.5
2510,3,38,0.2066,1,0.5
2510,1,14,0.0,1,0.5
2510,2,75,0.0,1,0.5
2511,3,38,0.2324,1,0.5
2511,1,14,0.0,1,0.5
2511,2,75,0.0,1,0.5
2512,3,38,0.2258,1,0.5
2512,1,14,0.0,1,0.5
2512,2,75,0.0,1,0.5
2513,3,38,0.2627,1,0.5
2513,1,14,0.0,1,0.5
2513,2,75,0.0,1,0.5
2514,3,38,0.3649,1,0.5
2514,1,14,0.0,1,0.5
2514,2,75,0.0,1,0.5
2515,3,38,0.3875,1,0.5
2515,1,14,0.0,1,0.5
2515,2,75,0.0,1,0.5
2516,3,38,0.399,1,0.5
2516,1,14,0.0,1,0.5
2516,2,75,0.0,1,0.5
2517,3,38,0.3574,1,0.5
2517,1,14,0.0,1,0.5
2517,2,75,0.0,1,0.5
2518,3,38,0.4135,1,0.5
2518,1,14,0.0,1,0.5
2518,2,75,0.0,1,0.5
2519,3,38,0.4706,1,0.5
2519,1,14,0.0,1,0.5
2519,2,75,0.0,1,0.5
2520,3,38,0.4957,1,0.5
2520,1,14,0.0,1,0.5
2520,2,75,0.0,1,0.5
2521,3,38,0.5234,0,0.5
2521,1,14,0.0,1,0.5
2521,2,75,0.0,1,0.5
2522,3,38,0.508,0,0.5
2522,1,14,0.0,1,0.5
2522,2,75,0.0,1,0.5
2523,3,38,0.537,0,0.5
2523,1,14,0.0,1,0.5
2523,2,75,0.0,1,0.5
2524,3,38,0.5561,0,0.5
2524,1,14,0.0,1,0.5
2524,2,75,0.0,1,0.5
2525,3,38,0.5795,0,0.5
2525,1,14,0.0,1,0.5
2525,2,75,0.0,1,0.5
2526,3,38,0.5518,0,0.5
2526,1,14,0.0,1,0.5
2526,2,75,0.0,1,0.5
2527,3,38,0.605,0,0.5
2527,1,14,0.0,1,0.5
2527,2,75,0.0,1,0.5
2528,3,38,0.6126,0,0.5
2528,1,14,0.0,1,0.5
2528,2,75,0.0,1,0.5
2529,3,38,0.6538,0,0.5
2529,1,14,0.0,1,0.5
2529,2,75,0.0,1,0.5
2530,3,38,0.7669,0,0.5
2530,1,14,0.0,1,0.5
2530,2,75,0.0,1,0.5
2531,3,38,0.8443,0,0.5
2531,1,14,0.0,1,0.5
2531,2,75,0.0,1,0.5
2532,3,38,0.8239,0,0.5
2532,1,14,0.0,1,0.5
2532,2,75,0.0,1,0.5
2533,3,38,0.6938,0,0.5
2533,1,14,0.0,1,0.5
2533,2,75,0.0,1,0.5
2534,3,38,0.6223,0,0.5
2534,1,14,0.0,1,0.5
2534,2,75,0.0,1,0.5
2535,3,38,0.5131,0,0.5
2535,1,14,0.0,1,0.5
2535,2,75,0.0,1,0.5
2536,3,38,0.5029,0,0.5
2536,1,14,0.0,1,0.5
2536,2,75,0.0,1,0.5
2537,3,38,0.5364,0,0.5
2537,1,14,0.0,1,0.5
2537,2,75,0.0,1,0.5
2538,3,38,0.5621,0,0.5
2538,1,14,0.0,1,0.5
2538,2,75,0.0,1,0.5
2539,3,38,0.5709,0,0.5
2539,1,14,0.0,1,0.5
2539,2,75,0.0,1,0.5
2540,3,38,0.7137,0,0.5
2540,1,14,0.0,1,0.5
2540,2,75,0.0,1,0.5
2541,3,38,0.7383,0,0.5
2541,1,14,0.0,1,0.5
2541,2,75,0.0,1,0.5
2542,3,38,0.7297,0,0.5
2542,1,14,0.0,1,0.5
2542,2,75,0.0,1,0.5
2543,3,38,0.8018,0,0.5
2543,1,14,0.0,1,0.5
2543,2,75,0.0,1,0.5
2544,3,38,0.7977,0,0.5
2544,1,14,0.0,1,0.5
2544,2,75,0.0,1,0.5
2545,3,38,0.7892,0,0.5
2545,1,14,0.0,1,0.5
2545,2,75,0.0,1,0.5
2546,3,38,0.7875,0,0.5
2546,1,14,0.0,1,0.5
2546,2,75,0.0,1,0.5
2547,3,38,0.7687,0,0.5
2547,1,14,0.0,1,0.5
2547,2,75,0.0,1,0.5
2548,3,38,0.785,0,0.5
2548,1,14,0.0,1,0.5
2548,2,75,0.0,1,0.5
2549,3,38,0.818,0,0.5
2549,1,14,0.0,1,0.5
2549,2,75,0.0,1,0.5
2550,3,38,0.6941,0,0.5
2550,1,14,0.0,1,0.5
2550,2,75,0.0,1,0.5
2551,3,38,0.6607,0,0.5
2551,1,14,0.0,1,0.5
2551,2,75,0.0,1,0.5
2552,3,38,0.6955,0,0.5
2552,1,14,0.0,1,0.5
2552,2,75,0.0,1,0.5
2553,3,38,0.6741,0,0.5
2553,1,14,0.0,1,0.5
2553,2,75,0.0,1,0.5
2554,3,38,0.6301,0,0.5
2554,1,14,0.0,1,0.5
2554,2,75,0.0,1,0.5
2555,3,38,0.4868,1,0.5
2555,1,14,0.0,1,0.5
2555,2,75,0.0,1,0.5
2556,3,38,0.3801,1,0.5
2556,1,14,0.0,1,0.5
2556,2,75,0.0,1,0.5
2557,3,38,0.2648,1,0.5
2557,1,14,0.0,1,0.5
2557,2,75,0.0,1,0.5
2558,3,38,0.1856,1,0.5
2558,1,14,0.0,1,0.5
2558,2,75,0.0,1,0.5
2559,3,38,0.0759,1,0.5
2559,1,14,0.0,1,0.5
2559,2,75,0.0,1,0.5
2560,3,38,0.0134,1,0.5
2560,1,14,0.0,1,0.5
2560,2,75,0.0,1,0.5
2561,1,14,0.0,1,0.5
2561,2,38,0.0,1,0.5
2561,3,75,0.0,1,0.5
2562,1,14,0.0,1,0.5
2562,2,38,0.0,1,0.5
2562,3,75,0.0,1,0.5
2563,1,14,0.0,1,0.5
2563,2,38,0.0,1,0.5
2563,3,75,0.0,1,0.5
2564,1,14,0.0,1,0.5
2564,2,38,0.0,1,0.5
2564,3,75,0.0,1,0.5
2565,3,38,0.0145,1,0.5
2565,1,14,0.0,1,0.5
2565,2,75,0.0,1,0.5
2566,3,38,0.0159,1,0.5
2566,1,14,0.0,1,0.5
2566,2,75,0.0,1,0.5
2567,3,38,0.0074,1,0.5
2567,1,14,0.0,1,0.5
2567,2,75,0.0,1,0.5
2568,3,38,0.0303,1,0.5
2568,1,14,0.0,1,0.5
2568,2,75,0.0,1,0.5
2569,3,38,0.0546,1,0.5
2569,1,14,0.0,1,0.5
2569,2,75,0.0,1,0.5
2570,3,38,0.0983,1,0.5
2570,1,14,0.0,1,0.5
2570,2,75,0.0,1,0.5
2571,3,38,0.1476,1,0.5
2571,1,14,0.0,1,0.5
2571,2,75,0.0,1,0.5
2572,3,38,0.2207,1,0.5
2572,1,14,0.0,1,0.5
2572,2,75,0.0,1,0.5
2573,3,38,0.3225,1,0.5
2573,1,14,0.0,1,0.5
2573,2,75,0.0,1,0.5
2574,3,38,0.3886,1,0.5
2574,1,14,0.0,1,0.5
2574,2,75,0.0,1,0.5
2575,3,38,0.3169,1,0.5
2575,1,14,0.0,1,0.5
2575,2,75,0.0,1,0.5
2576,3,38,0.3121,1,0.5
2576,1,14,0.0,1,0.5
2576,2,75,0.0,1,0.5
2577,3,38,0.3349,1,0.5
2577,1,14,0.0,1,0.5
2577,2,75,0.0,1,0.5
2578,3,38,0.3775,1,0.5
2578,1,14,0.0,1,0.5
2578,2,75,0.0,1,0.5
2579,3,38,0.345,1,0.5
2579,1,14,0.0,1,0.5
2579,2,75,0.0,1,0.5
2580,3,38,0.2922,1,0.5
2580,1,14,0.0,1,0.5
2580,2,75,0.0,1,0.5
2581,3,38,0.2946,1,0.5
2581,1,14,0.0,1,0.5
2581,2,75,0.0,1,0.5
2582,3,38,0.3309,1,0.5
2582,1,14,0.0,1,0.5
2582,2,75,0.0,1,0.5
2583,3,38,0.3342,1,0.5
2583,1,14,0.0,1,0.5
2583,2,75,0.0,1,0.5
2584,3,38,0.3104,1,0.5
2584,1,14,0.0,1,0.5
2584,2,75,0.0,1,0.5
2585,3,38,0.3311,1,0.5
2585,1,14,0.0,1,0.5
2585,2,75,0.0,1,0.5
2586,3,38,0.4353,1,0.5
2586,1,14,0.0,1,0.5
2586,2,75,0.0,1,0.5
2587,3,38,0.457,1,0.5
2587,1,14,0.0,1,0.5
2587,2,75,0.0,1,0.5
2588,3,38,0.4219,1,0.5
2588,1,14,0.0,1,0.5
2588,2,75,0.0,1,0.5
2589,3,38,0.3925,1,0.5
2589,1,14,0.0,1,0.5
2589,2,75,0.0,1,0.5
2590,3,38,0.4497,1,0.5
2590,1,14,0.0,1,0.5
2590,2,75,0.0,1,0.5
2591,3,38,0.4707,1,0.5
2591,1,14,0.0,1,0.5
2591,2,75,0.0,1,0.5
2592,3,38,0.5429,0,0.5
2592,1,14,0.0,1,0.5
2592,2,75,0.0,1,0.5
2593,3,38,0.596,0,0.5
2593,1,14,0.0,1,0.5
2593,2,75,0.0,1,0.5
2594,3,38,0.7163,0,0.5
2594,1,14,0.0,1,0.5
2594,2,75,0.0,1,0.5
2595,3,38,0.785,0,0.5
2595,1,14,0.0,1,0.5
2595,2,75,0.0,1,0.5
2596,3,38,0.8104,0,0.5
2596,1,14,0.0,1,0.5
2596,2,75,0.0,1,0.5
2597,3,38,0.7543,0,0.5
2597,1,14,0.0,1,0.5
2597,2,75,0.0,1,0.5
2598,3,38,0.7472,0,0.5
2598,1,14,0.0,1,0.5
2598,2,75,0.0,1,0.5
2599,3,38,0.797,0,0.5
2599,1,14,0.0,1,0.5
2599,2,75,0.0,1,0.5
2600,3,38,0.7845,0,0.5
2600,1,14,0.0,1,0.5
2600,2,75,0.0,1,0.5
2601,3,38,0.7693,0,0.5
2601,1,14,0.0,1,0.5
2601,2,75,0.0,1,0.5
2602,3,38,0.7467,0,0.5
2602,1,14,0.6705,0,0.5
2602,2,75,0.0,1,0.5
2603,3,38,0.7905,0,0.5
2603,1,14,0.6095,0,0.5
2603,2,75,0.0,1,0.5
2604,3,38,0.8087,0,0.5
2604,1,14,0.5826,0,0.5
2604,2,75,0.0,1,0.5
2605,3,38,0.6899,0,0.5
2605,1,14,0.5386,0,0.5
2605,2,75,0.0,1,0.5
2606,3,38,0.6223,0,0.5
2606,1,14,0.5963,0,0.5
2606,2,75,0.0,1,0.5
2607,1,14,0.6127,0,0.5
2607,3,38,0.6037,0,0.5
2607,2,75,0.0,1,0.5
2608,3,38,0.6162,0,0.5
2608,1,14,0.5582,0,0.5
2608,2,75,0.0,1,0.5
2609,1,14,0.628,0,0.5
2609,3,38,0.5958,0,0.5
2609,2,75,0.0,1,0.5
2610,1,14,0.6601,0,0.5
2610,3,38,0.5864,0,0.5
2610,2,75,0.0,1,0.5
2611,1,14,0.6928,0,0.5
2611,3,38,0.6468,0,0.5
2611,2,75,0.0,1,0.5
2612,3,38,0.7272,0,0.5
2612,1,14,0.725,0,0.5
2612,2,75,0.0,1,0.5
2613,1,14,0.752,0,0.5
2613,3,38,0.7246,0,0.5
2613,2,75,0.0,1,0.5
2614,3,38,0.7848,0,0.5
2614,1,14,0.7633,0,0.5
2614,2,75,0.0,1,0.5
2615,3,38,0.7517,0,0.5
2615,1,14,0.7449,0,0.5
2615,2,75,0.0,1,0.5
2616,1,14,0.7411,0,0.5
2616,3,38,0.7128,0,0.5
2616,2,75,0.0,1,0.5
2617,1,14,0.7431,0,0.5
2617,3,38,0.7209,0,0.5
2617,2,75,0.0,1,0.5
2618,3,38,0.763,0,0.5
2618,1,14,0.7351,0,0.5
2618,2,75,0.0,1,0.5
2619,1,14,0.7461,0,0.5
2619,3,38,0.7225,0,0.5
2619,2,75,0.0,1,0.5
2620,1,14,0.7461,0,0.5
2620,3,38,0.6725,0,0.5
2620,2,75,0.0,1,0.5
2621,1,14,0.7534,0,0.5
2621,3,38,0.6316,0,0.5
2621,2,75,0.0,1,0.5
2622,1,14,0.7521,0,0.5
2622,3,38,0.7465,0,0.5
2622,2,75,0.0,1,0.5
2623,1,14,0.7542,0,0.5
2623,3,38,0.745,0,0.5
2623,2,75,0.0,1,0.5
2624,1,14,0.7529,0,0.5
2624,3,38,0.6825,0,0.5
2624,2,75,0.0,1,0.5
2625,1,14,0.7456,0,0.5
2625,3,38,0.7228,0,0.5
2625,2,75,0.0,1,0.5
2626,1,14,0.7424,0,0.5
2626,3,38,0.7079,0,0.5
2626,2,75,0.0,1,0.5
2627,1,14,0.7401,0,0.5
2627,3,38,0.6639,0,0.5
2627,2,75,0.0,1,0.5
2628,1,14,0.7364,0,0.5
2628,3,38,0.62,0,0.5
2628,2,75,0.0,1,0.5
2629,1,14,0.7326,0,0.5
2629,3,38,0.6744,0,0.5
2629,2,75,0.0,1,0.5
2630,1,14,0.7391,0,0.5
2630,3,38,0.694,0,0.5
2630,2,75,0.0,1,0.5
2631,1,14,0.7372,0,0.5
2631,3,38,0.692,0,0.5
2631,2,75,0.0,1,0.5
2632,3,38,0.7474,0,0.5
2632,1,14,0.7432,0,0.5
2632,2,75,0.0,1,0.5
2633,1,14,0.7432,0,0.5
2633,3,38,0.6945,0,0.5
2633,2,75,0.0,1,0.5
2634,1,14,0.7458,0,0.5
2634,3,38,0.656,0,0.5
2634,2,75,0.0,1,0.5
2635,1,14,0.7435,0,0.5
2635,3,38,0.6931,0,0.5
2635,2,75,0.0,1,0.5
2636,3,38,0.7793,0,0.5
2636,1,14,0.7513,0,0.5
2636,2,75,0.0,1,0.5
2637,3,38,0.7662,0,0.5
2637,1,14,0.7503,0,0.5
2637,2,75,0.0,1,0.5
2638,1,14,0.7503,0,0.5
2638,3,38,0.732,0,0.5
2638,2,75,0.0,1,0.5
2639,1,14,0.7452,0,0.5
2639,3,38,0.6961,0,0.5
2639,2,75,0.0,1,0.5
2640,1,14,0.751,0,0.5
2640,3,38,0.7028,0,0.5
2640,2,75,0.0,1,0.5
2641,1,14,0.7452,0,0.5
2641,3,38,0.6889,0,0.5
2641,2,75,0.0,1,0.5
2642,1,14,0.769,0,0.5
2642,3,38,0.5803,0,0.5
2642,2,75,0.0,1,0.5
2643,1,14,0.769,0,0.5
2643,3,38,0.5866,0,0.5
2643,2,75,0.0,1,0.5
2644,1,14,0.7659,0,0.5
2644,3,38,0.6416,0,0.5
2644,2,75,0.0,1,0.5
2645,1,14,0.7684,0,0.5
2645,3,38,0.5604,0,0.5
2645,2,75,0.0,1,0.5
2646,1,14,0.7721,0,0.5
2646,3,38,0.6043,0,0.5
2646,2,75,0.0,1,0.5
2647,1,14,0.7739,0,0.5
2647,3,38,0.6477,0,0.5
2647,2,75,0.0,1,0.5
2648,1,14,0.7736,0,0.5
2648,3,38,0.6337,0,0.5
2648,2,75,0.0,1,0.5
2649,1,14,0.76,0,0.5
2649,3,38,0.5376,0,0.5
2649,2,75,0.0,1,0.5
2650,1,14,0.7403,0,0.5
2650,3,38,0.5124,0,0.5
2650,2,75,0.0,1,0.5
2651,1,14,0.74,0,0.5
2651,3,38,0.5656,0,0.5
2651,2,75,0.0,1,0.5
2652,1,14,0.7332,0,0.5
2652,3,38,0.4997,1,0.5
2652,2,75,0.0,1,0.5
2653,1,14,0.7376,0,0.5
2653,3,38,0.4309,1,0.5
2653,2,75,0.0,1,0.5
2654,1,14,0.742,0,0.5
2654,3,38,0.3102,1,0.5
2654,2,75,0.0,1,0.5
2655,1,14,0.7527,0,0.5
2655,3,38,0.1941,1,0.5
2655,2,75,0.0,1,0.5
2656,1,14,0.7625,0,0.5
2656,3,38,0.1712,1,0.5
2656,2,75,0.0,1,0.5
2657,1,14,0.7625,0,0.5
2657,3,38,0.1257,1,0.5
2657,2,75,0.0,1,0.5
2658,1,14,0.7703,0,0.5
2658,3,38,0.1098,1,0.5
2658,2,75,0.0,1,0.5
2659,1,14,0.7681,0,0.5
2659,3,38,0.1165,1,0.5
2659,2,75,0.0,1,0.5
2660,1,14,0.7692,0,0.5
2660,3,38,0.1937,1,0.5
2660,2,75,0.0,1,0.5
2661,1,14,0.761,0,0.5
2661,3,38,0.2278,1,0.5
2661,2,75,0.0,1,0.5
2662,1,14,0.7584,0,0.5
2662,3,38,0.228,1,0.5
2662,2,75,0.0,1,0.5
2663,1,14,0.7585,0,0.5
2663,3,38,0.2413,1,0.5
2663,2,75,0.0,1,0.5
2664,1,14,0.7639,0,0.5
2664,3,38,0.2196,1,0.5
2664,2,75,0.0,1,0.5
2665,1,14,0.7603,0,0.5
2665,3,38,0.2524,1,0.5
2665,2,75,0.0,1,0.5
2666,1,14,0.7657,0,0.5
2666,3,38,0.2182,1,0.5
2666,2,75,0.0,1,0.5
2667,1,14,0.7649,0,0.5
2667,3,38,0.1413,1,0.5
2667,2,75,0.0,1,0.5
2668,1,14,0.7693,0,0.5
2668,3,38,0.0682,1,0.5
2668,2,75,0.0,1,0.5
2669,1,14,0.7656,0,0.5
2669,3,38,0.0335,1,0.5
2669,2,75,0.0,1,0.5
2670,1,14,0.764,0,0.5
2670,3,38,0.0104,1,0.5
2670,2,75,0.0,1,0.5
2671,1,14,0.764,0,0.5
2671,3,38,0.0254,1,0.5
2671,2,75,0.0,1,0.5
2672,1,14,0.7658,0,0.5
2672,3,38,0.0527,1,0.5
2672,2,75,0.0,1,0.5
2673,1,14,0.7592,0,0.5
2673,3,38,0.0631,1,0.5
2673,2,75,0.0,1,0.5
2674,1,14,0.7588,0,0.5
2674,3,38,0.0773,1,0.5
2674,2,75,0.0,1,0.5
2675,1,14,0.7589,0,0.5
2675,3,38,0.1052,1,0.5
2675,2,75,0.0,1,0.5
2676,1,14,0.7534,0,0.5
2676,3,38,0.1005,1,0.5
2676,2,75,0.0,1,0.5
2677,1,14,0.7499,0,0.5
2677,3,38,0.1269,1,0.5
2677,2,75,0.0,1,0.5
2678,1,14,0.7476,0,0.5
2678,3,38,0.1175,1,0.5
2678,2,75,0.0,1,0.5
2679,1,14,0.7495,0,0.5
2679,3,38,0.1721,1,0.5
2679,2,75,0.0,1,0.5
2680,1,14,0.7513,0,0.5
2680,3,38,0.1866,1,0.5
2680,2,75,0.0,1,0.5
2681,1,14,0.7509,0,0.5
2681,3,38,0.2252,1,0.5
2681,2,75,0.0,1,0.5
2682,1,14,0.7536,0,0.5
2682,3,38,0.2704,1,0.5
2682,2,75,0.0,1,0.5
2683,1,14,0.7527,0,0.5
2683,3,38,0.3239,1,0.5
2683,2,75,0.0,1,0.5
2684,1,14,0.7604,0,0.5
2684,3,38,0.3708,1,0.5
2684,2,75,0.0,1,0.5
2685,1,14,0.764,0,0.5
2685,3,38,0.3523,1,0.5
2685,2,75,0.0,1,0.5
2686,1,14,0.7667,0,0.5
2686,3,38,0.3838,1,0.5
2686,2,75,0.0,1,0.5
2687,1,14,0.7555,0,0.5
2687,3,38,0.395,1,0.5
2687,2,75,0.0,1,0.5
2688,1,14,0.7755,0,0.5
2688,3,38,0.3536,1,0.5
2688,2,75,0.0,1,0.5
2689,1,14,0.7518,0,0.5
2689,3,38,0.3606,1,0.5
2689,2,75,0.0,1,0.5
2690,1,14,0.7438,0,0.5
2690,3,38,0.3191,1,0.5
2690,2,75,0.0,1,0.5
2691,1,14,0.7377,0,0.5
2691,3,38,0.324,1,0.5
2691,2,75,0.0,1,0.5
2692,1,14,0.7583,0,0.5
2692,3,38,0.3661,1,0.5
2692,2,75,0.0,1,0.5
2693,1,14,0.7433,0,0.5
2693,3,38,0.362,1,0.5
2693,2,75,0.0,1,0.5
2694,1,14,0.7394,0,0.5
2694,3,38,0.4598,1,0.5
2694,2,75,0.0,1,0.5
2695,1,14,0.7389,0,0.5
2695,3,38,0.5155,0,0.5
2695,2,75,0.0,1,0.5
2696,1,14,0.7424,0,0.5
2696,3,38,0.5468,0,0.5
2696,2,75,0.0,1,0.5
2697,1,14,0.7416,0,0.5
2697,3,38,0.5896,0,0.5
2697,2,75,0.0,1,0.5
2698,1,14,0.7459,0,0.5
2698,3,38,0.6508,0,0.5
2698,2,75,0.0,1,0.5
2699,1,14,0.7425,0,0.5
2699,3,38,0.6633,0,0.5
2699,2,75,0.0,1,0.5
2700,3,38,0.7642,0,0.5
2700,1,14,0.7464,0,0.5
2700,2,75,0.0,1,0.5
2701,3,38,0.7585,0,0.5
2701,1,14,0.7471,0,0.5
2701,2,75,0.0,1,0.5
2702,1,14,0.7426,0,0.5
2702,3,38,0.7273,0,0.5
2702,2,75,0.0,1,0.5
2703,1,14,0.7422,0,0.5
2703,3,38,0.6954,0,0.5
2703,2,75,0.0,1,0.5
2704,3,38,0.7631,0,0.5
2704,1,14,0.7395,0,0.5
2704,2,75,0.0,1,0.5
2705,3,38,0.7731,0,0.5
2705,1,14,0.74,0,0.5
2705,2,75,0.0,1,0.5
2706,3,38,0.7457,0,0.5
2706,1,14,0.7322,0,0.5
2706,2,75,0.0,1,0.5
2707,3,38,0.7688,0,0.5
2707,1,14,0.7225,0,0.5
2707,2,75,0.0,1,0.5
2708,3,38,0.8058,0,0.5
2708,1,14,0.7243,0,0.5
2708,2,75,0.0,1,0.5
2709,3,38,0.7676,0,0.5
2709,1,14,0.7251,0,0.5
2709,2,75,0.0,1,0.5
2710,3,38,0.7398,0,0.5
2710,1,14,0.7288,0,0.5
2710,2,75,0.0,1,0.5
2711,1,14,0.7298,0,0.5
2711,3,38,0.6978,0,0.5
2711,2,75,0.0,1,0.5
2712,1,14,0.743,0,0.5
2712,3,38,0.6534,0,0.5
2712,2,75,0.0,1,0.5
2713,1,14,0.7423,0,0.5
2713,3,38,0.591,0,0.5
2713,2,75,0.0,1,0.5
2714,1,14,0.736,0,0.5
2714,3,38,0.5846,0,0.5
2714,2,75,0.0,1,0.5
2715,1,14,0.7242,0,0.5
2715,3,38,0.647,0,0.5
2715,2,75,0.0,1,0.5
2716,1,14,0.7156,0,0.5
2716,3,38,0.595,0,0.5
2716,2,75,0.0,1,0.5
2717,1,14,0.7162,0,0.5
2717,3,38,0.5029,0,0.5
2717,2,75,0.0,1,0.5
2718,1,14,0.7144,0,0.5
2718,3,38,0.4506,1,0.5
2718,2,75,0.0,1,0.5
2719,1,14,0.7066,0,0.5
2719,3,38,0.404,1,0.5
2719,2,75,0.0,1,0.5
2720,1,14,0.7173,0,0.5
2720,3,38,0.3791,1,0.5
2720,2,75,0.0,1,0.5
2721,1,14,0.7152,0,0.5
2721,3,38,0.2698,1,0.5
2721,2,75,0.0,1,0.5
2722,1,14,0.7057,0,0.5
2722,3,38,0.224,1,0.5
2722,2,75,0.0,1,0.5
2723,1,14,0.7053,0,0.5
2723,3,38,0.0941,1,0.5
2723,2,75,0.0,1,0.5
2724,1,14,0.7072,0,0.5
2724,3,38,0.053,1,0.5
2724,2,75,0.0,1,0.5
2725,1,14,0.7044,0,0.5
2725,3,38,0.0169,1,0.5
2725,2,75,0.0,1,0.5
2726,1,14,0.7195,0,0.5
2726,3,38,0.02,1,0.5
2726,2,75,0.0,1,0.5
2727,1,14,0.7148,0,0.5
2727,3,38,0.0317,1,0.5
2727,2,75,0.0,1,0.5
2728,1,14,0.7095,0,0.5
2728,3,38,0.0376,1,0.5
2728,2,75,0.0,1,0.5
2729,1,14,0.7128,0,0.5
2729,3,38,0.1073,1,0.5
2729,2,75,0.0,1,0.5
2730,1,14,0.7169,0,0.5
2730,3,38,0.1332,1,0.5
2730,2,75,0.0,1,0.5
2731,1,14,0.7193,0,0.5
2731,3,38,0.1569,1,0.5
2731,2,75,0.0,1,0.5
2732,1,14,0.7214,0,0.5
2732,3,38,0.1245,1,0.5
2732,2,75,0.0,1,0.5
2733,1,14,0.7289,0,0.5
2733,3,38,0.1709,1,0.5
2733,2,75,0.0,1,0.5
2734,1,14,0.7316,0,0.5
2734,3,38,0.28,1,0.5
2734,2,75,0.0,1,0.5
2735,1,14,0.715,0,0.5
2735,3,38,0.3571,1,0.5
2735,2,75,0.0,1,0.5
2736,1,14,0.7126,0,0.5
2736,3,38,0.3521,1,0.5
2736,2,75,0.0,1,0.5
2737,1,14,0.7032,0,0.5
2737,3,38,0.3653,1,0.5
2737,2,75,0.0,1,0.5
2738,1,14,0.7175,0,0.5
2738,3,38,0.4423,1,0.5
2738,2,75,0.0,1,0.5
2739,1,14,0.7206,0,0.5
2739,3,38,0.4072,1,0.5
2739,2,75,0.0,1,0.5
2740,1,14,0.7177,0,0.5
2740,3,38,0.3699,1,0.5
2740,2,75,0.0,1,0.5
2741,1,14,0.7179,0,0.5
2741,3,38,0.306,1,0.5
2741,2,75,0.0,1,0.5
2742,1,14,0.7149,0,0.5
2742,3,38,0.2723,1,0.5
2742,2,75,0.0,1,0.5
2743,1,14,0.7044,0,0.5
2743,3,38,0.28,1,0.5
2743,2,75,0.0,1,0.5
2744,1,14,0.6863,0,0.5
2744,3,38,0.2343,1,0.5
2744,2,75,0.0,1,0.5
2745,1,14,0.7016,0,0.5
2745,3,38,0.231,1,0.5
2745,2,75,0.0,1,0.5
2746,1,14,0.6722,0,0.5
2746,3,38,0.2728,1,0.5
2746,2,75,0.0,1,0.5
2747,1,14,0.6781,0,0.5
2747,3,38,0.3432,1,0.5
2747,2,75,0.0,1,0.5
2748,1,14,0.6948,0,0.5
2748,3,38,0.3527,1,0.5
2748,2,75,0.0,1,0.5
2749,1,14,0.6989,0,0.5
2749,3,38,0.3091,1,0.5
2749,2,75,0.0,1,0.5
2750,1,14,0.6834,0,0.5
2750,3,38,0.2978,1,0.5
2750,2,75,0.0,1,0.5
2751,1,14,0.6931,0,0.5
2751,3,38,0.4314,1,0.5
2751,2,75,0.0,1,0.5
2752,1,14,0.6898,0,0.5
2752,3,38,0.4573,1,0.5
2752,2,75,0.0,1,0.5
2753,1,14,0.6966,0,0.5
2753,3,38,0.4564,1,0.5
2753,2,75,0.0,1,0.5
2754,1,14,0.703,0,0.5
2754,3,38,0.5978,0,0.5
2754,2,75,0.0,1,0.5
2755,1,14,0.6538,0,0.5
2755,3,38,0.6235,0,0.5
2755,2,75,0.0,1,0.5
2756,1,14,0.6144,0,0.5
2756,3,38,0.6049,0,0.5
2756,2,75,0.0,1,0.5
2757,1,14,0.6191,0,0.5
2757,3,38,0.6126,0,0.5
2757,2,75,0.0,1,0.5
2758,3,38,0.5984,0,0.5
2758,1,14,0.5339,0,0.5
2758,2,75,0.0,1,0.5
2759,3,38,0.5706,0,0.5
2759,1,14,0.5076,0,0.5
2759,2,75,0.0,1,0.5
2760,3,38,0.5495,0,0.5
2760,1,14,0.4209,1,0.5
2760,2,75,0.0,1,0.5
2761,3,38,0.5118,0,0.5
2761,1,14,0.3614,1,0.5
2761,2,75,0.0,1,0.5
2762,3,38,0.5093,0,0.5
2762,1,14,0.3752,1,0.5
2762,2,75,0.0,1,0.5
2763,3,38,0.4807,1,0.5
2763,1,14,0.3756,1,0.5
2763,2,75,0.0,1,0.5
2764,3,38,0.4666,1,0.5
2764,1,14,0.3685,1,0.5
2764,2,75,0.0,1,0.5
2765,3,38,0.4392,1,0.5
2765,1,14,0.3821,1,0.5
2765,2,75,0.0,1,0.5
2766,3,38,0.4263,1,0.5
2766,1,14,0.4226,1,0.5
2766,2,75,0.0,1,0.5
2767,3,38,0.5281,0,0.5
2767,1,14,0.4508,1,0.5
2767,2,75,0.0,1,0.5
2768,3,38,0.5589,0,0.5
2768,1,14,0.5254,0,0.5
2768,2,75,0.0,1,0.5
2769,3,38,0.6667,0,0.5
2769,1,14,0.5799,0,0.5
2769,2,75,0.0,1,0.5
2770,3,38,0.7668,0,0.5
2770,1,14,0.5829,0,0.5
2770,2,75,0.0,1,0.5
2771,3,38,0.7681,0,0.5
2771,1,14,0.5981,0,0.5
2771,2,75,0.0,1,0.5
2772,3,38,0.7408,0,0.5
2772,1,14,0.6415,0,0.5
2772,2,75,0.0,1,0.5
2773,3,38,0.6657,0,0.5
2773,1,14,0.6196,0,0.5
2773,2,75,0.0,1,0.5
2774,3,38,0.6752,0,0.5
2774,1,14,0.6027,0,0.5
2774,2,75,0.0,1,0.5
2775,3,38,0.766,0,0.5
2775,1,14,0.5443,0,0.5
2775,2,75,0.0,1,0.5
2776,3,38,0.6912,0,0.5
2776,1,14,0.518,0,0.5
2776,2,75,0.0,1,0.5
2777,3,38,0.6497,0,0.5
2777,1,14,0.4858,1,0.5
2777,2,75,0.0,1,0.5
2778,3,38,0.6825,0,0.5
2778,1,14,0.4944,1,0.5
2778,2,75,0.0,1,0.5
2779,3,38,0.7397,0,0.5
2779,1,14,0.4775,1,0.5
2779,2,75,0.0,1,0.5
2780,3,38,0.678,0,0.5
2780,1,14,0.5255,0,0.5
2780,2,75,0.0,1,0.5
2781,3,38,0.7127,0,0.5
2781,1,14,0.5421,0,0.5
2781,2,75,0.0,1,0.5
2782,3,38,0.7778,0,0.5
2782,1,14,0.5728,0,0.5
2782,2,75,0.0,1,0.5
2783,3,38,0.7609,0,0.5
2783,1,14,0.5877,0,0.5
2783,2,75,0.0,1,0.5
2784,3,38,0.6931,0,0.5
2784,1,14,0.6105,0,0.5
2784,2,75,0.0,1,0.5
2785,1,14,0.658,0,0.5
2785,3,38,0.6133,0,0.5
2785,2,75,0.0,1,0.5
2786,1,14,0.6777,0,0.5
2786,3,38,0.6335,0,0.5
2786,2,75,0.0,1,0.5
2787,3,38,0.7084,0,0.5
2787,1,14,0.5998,0,0.5
2787,2,75,0.0,1,0.5
2788,3,38,0.6021,0,0.5
2788,1,14,0.5994,0,0.5
2788,2,75,0.0,1,0.5
2789,1,14,0.5838,0,0.5
2789,3,38,0.549,0,0.5
2789,2,75,0.0,1,0.5
2790,1,14,0.6,0,0.5
2790,3,38,0.5202,0,0.5
2790,2,75,0.0,1,0.5
2791,1,14,0.6347,0,0.5
2791,3,38,0.5435,0,0.5
2791,2,75,0.0,1,0.5
2792,3,38,0.6157,0,0.5
2792,1,14,0.6056,0,0.5
2792,2,75,0.0,1,0.5
2793,3,38,0.6751,0,0.5
2793,1,14,0.5277,0,0.5
2793,2,75,0.0,1,0.5
2794,3,38,0.6713,0,0.5
2794,1,14,0.5414,0,0.5
2794,2,75,0.0,1,0.5
2795,3,38,0.6641,0,0.5
2795,1,14,0.5114,0,0.5
2795,2,75,0.0,1,0.5
2796,3,38,0.6168,0,0.5
2796,1,14,0.5193,0,0.5
2796,2,75,0.0,1,0.5
2797,1,14,0.515,0,0.5
2797,3,38,0.5018,0,0.5
2797,2,75,0.0,1,0.5
2798,1,14,0.5308,0,0.5
2798,3,38,0.4858,1,0.5
2798,2,75,0.0,1,0.5
2799,1,14,0.516,0,0.5
2799,3,38,0.4376,1,0.5
2799,2,75,0.0,1,0.5
2800,3,38,0.4364,1,0.5
2800,1,14,0.0,1,0.5
2800,2,75,0.0,1,0.5
2801,3,38,0.4886,1,0.5
2801,1,14,0.0,1,0.5
2801,2,75,0.0,1,0.5
2802,3,38,0.5841,0,0.5
2802,1,14,0.0,1,0.5
2802,2,75,0.0,1,0.5
2803,3,38,0.6752,0,0.5
2803,1,14,0.0,1,0.5
2803,2,75,0.0,1,0.5
2804,3,38,0.7021,0,0.5
2804,1,14,0.0,1,0.5
2804,2,75,0.0,1,0.5
2805,3,38,0.6086,0,0.5
2805,1,14,0.0,1,0.5
2805,2,75,0.0,1,0.5
2806,3,38,0.5794,0,0.5
2806,1,14,0.0,1,0.5
2806,2,75,0.0,1,0.5
2807,3,38,0.5538,0,0.5
2807,1,14,0.0,1,0.5
2807,2,75,0.0,1,0.5
2808,3,38,0.5495,0,0.5
2808,1,14,0.0,1,0.5
2808,2,75,0.0,1,0.5
2809,3,38,0.5035,0,0.5
2809,1,14,0.0,1,0.5
2809,2,75,0.0,1,0.5
2810,3,38,0.5365,0,0.5
2810,1,14,0.0,1,0.5
2810,2,75,0.0,1,0.5
2811,3,38,0.5706,0,0.5
2811,1,14,0.0,1,0.5
2811,2,75,0.0,1,0.5
2812,3,38,0.5159,0,0.5
2812,1,14,0.0,1,0.5
2812,2,75,0.0,1,0.5
2813,3,38,0.5036,0,0.5
2813,1,14,0.0,1,0.5
2813,2,75,0.0,1,0.5
2814,3,38,0.4919,1,0.5
2814,1,14,0.0,1,0.5
2814,2,75,0.0,1,0.5
2815,3,38,0.5425,0,0.5
2815,1,14,0.0,1,0.5
2815,2,75,0.0,1,0.5
2816,3,38,0.4892,1,0.5
2816,1,14,0.0,1,0.5
2816,2,75,0.0,1,0.5
2817,3,38,0.4946,1,0.5
2817,1,14,0.0,1,0.5
2817,2,75,0.0,1,0.5
2818,3,38,0.5271,0,0.5
2818,1,14,0.0,1,0.5
2818,2,75,0.0,1,0.5
2819,3,38,0.5096,0,0.5
2819,1,14,0.0,1,0.5
2819,2,75,0.0,1,0.5
2820,3,38,0.5398,0,0.5
2820,1,14,0.0,1,0.5
2820,2,75,0.0,1,0.5
2821,3,38,0.5799,0,0.5
2821,1,14,0.0,1,0.5
2821,2,75,0.0,1,0.5
2822,3,38,0.604,0,0.5
2822,1,14,0.0,1,0.5
2822,2,75,0.0,1,0.5
2823,3,38,0.6222,0,0.5
2823,1,14,0.0,1,0.5
2823,2,75,0.0,1,0.5
2824,3,38,0.6673,0,0.5
2824,1,14,0.0,1,0.5
2824,2,75,0.0,1,0.5
2825,3,38,0.7578,0,0.5
2825,1,14,0.0,1,0.5
2825,2,75,0.0,1,0.5
2826,3,38,0.7822,0,0.5
2826,1,14,0.0,1,0.5
2826,2,75,0.0,1,0.5
2827,3,38,0.7526,0,0.5
2827,1,14,0.0,1,0.5
2827,2,75,0.0,1,0.5
2828,3,38,0.8261,0,0.5
2828,1,14,0.0,1,0.5
2828,2,75,0.0,1,0.5
2829,3,38,0.8118,0,0.5
2829,1,14,0.0,1,0.5
2829,2,75,0.0,1,0.5
2830,3,38,0.8322,0,0.5
2830,1,14,0.0,1,0.5
2830,2,75,0.0,1,0.5
2831,3,38,0.7392,0,0.5
2831,1,14,0.0,1,0.5
2831,2,75,0.0,1,0.5
2832,3,38,0.7351,0,0.5
2832,1,14,0.0,1,0.5
2832,2,75,0.0,1,0.5
2833,3,38,0.6906,0,0.5
2833,1,14,0.0,1,0.5
2833,2,75,0.0,1,0.5
2834,3,38,0.6502,0,0.5
2834,1,14,0.0,1,0.5
2834,2,75,0.0,1,0.5
2835,3,38,0.5959,0,0.5
2835,1,14,0.0,1,0.5
2835,2,75,0.0,1,0.5
2836,3,38,0.5805,0,0.5
2836,1,14,0.0,1,0.5
2836,2,75,0.0,1,0.5
2837,3,38,0.5816,0,0.5
2837,1,14,0.0,1,0.5
2837,2,75,0.0,1,0.5
2838,3,38,0.6021,0,0.5
2838,1,14,0.0,1,0.5
2838,2,75,0.0,1,0.5
2839,3,38,0.557,0,0.5
2839,1,14,0.0,1,0.5
2839,2,75,0.0,1,0.5
2840,3,38,0.5692,0,0.5
2840,1,14,0.0,1,0.5
2840,2,75,0.0,1,0.5
2841,3,38,0.596,0,0.5
2841,1,14,0.0,1,0.5
2841,2,75,0.0,1,0.5
2842,3,38,0.6348,0,0.5
2842,1,14,0.0,1,0.5
2842,2,75,0.0,1,0.5
2843,3,38,0.6314,0,0.5
2843,1,14,0.0,1,0.5
2843,2,75,0.0,1,0.5
2844,3,38,0.5744,0,0.5
2844,1,14,0.0,1,0.5
2844,2,75,0.0,1,0.5
2845,3,38,0.7078,0,0.5
2845,1,14,0.0,1,0.5
2845,2,75,0.0,1,0.5
2846,3,38,0.7814,0,0.5
2846,1,14,0.0,1,0.5
2846,2,75,0.0,1,0.5
2847,3,38,0.804,0,0.5
2847,1,14,0.0,1,0.5
2847,2,75,0.0,1,0.5
2848,3,38,0.6721,0,0.5
2848,1,14,0.0,1,0.5
2848,2,75,0.0,1,0.5
2849,3,38,0.5876,0,0.5
2849,1,14,0.0,1,0.5
2849,2,75,0.0,1,0.5
2850,3,38,0.5437,0,0.5
2850,1,14,0.0,1,0.5
2850,2,75,0.0,1,0.5
2851,3,38,0.6013,0,0.5
2851,1,14,0.0,1,0.5
2851,2,75,0.0,1,0.5
2852,3,38,0.6736,0,0.5
2852,1,14,0.0,1,0.5
2852,2,75,0.0,1,0.5
2853,3,38,0.7139,0,0.5
2853,1,14,0.0,1,0.5
2853,2,75,0.0,1,0.5
2854,3,38,0.7922,0,0.5
2854,1,14,0.0,1,0.5
2854,2,75,0.0,1,0.5
2855,3,38,0.7695,0,0.5
2855,1,14,0.0,1,0.5
2855,2,75,0.0,1,0.5
2856,3,38,0.6933,0,0.5
2856,1,14,0.0,1,0.5
2856,2,75,0.0,1,0.5
2857,3,38,0.6286,0,0.5
2857,1,14,0.0,1,0.5
2857,2,75,0.0,1,0.5
2858,3,38,0.6341,0,0.5
2858,1,14,0.0,1,0.5
2858,2,75,0.0,1,0.5
2859,3,38,0.6877,0,0.5
2859,1,14,0.0,1,0.5
2859,2,75,0.0,1,0.5
2860,3,38,0.6129,0,0.5
2860,1,14,0.0,1,0.5
2860,2,75,0.0,1,0.5
2861,3,38,0.5166,0,0.5
2861,1,14,0.0,1,0.5
2861,2,75,0.0,1,0.5
2862,3,38,0.5164,0,0.5
2862,1,14,0.0,1,0.5
2862,2,75,0.0,1,0.5
2863,3,38,0.5244,0,0.5
2863,1,14,0.0,1,0.5
2863,2,75,0.0,1,0.5
2864,3,38,0.4229,1,0.5
2864,1,14,0.0,1,0.5
2864,2,75,0.0,1,0.5
2865,3,38,0.3564,1,0.5
2865,1,14,0.0,1,0.5
2865,2,75,0.0,1,0.5
2866,3,38,0.3783,1,0.5
2866,1,14,0.0,1,0.5
2866,2,75,0.0,1,0.5
2867,3,38,0.383,1,0.5
2867,1,14,0.0,1,0.5
2867,2,75,0.0,1,0.5
2868,3,38,0.3123,1,0.5
2868,1,14,0.0,1,0.5
2868,2,75,0.0,1,0.5
2869,3,38,0.4108,1,0.5
2869,1,14,0.0,1,0.5
2869,2,75,0.0,1,0.5
2870,3,38,0.4836,1,0.5
2870,1,14,0.0,1,0.5
2870,2,75,0.0,1,0.5
2871,3,38,0.395,1,0.5
2871,1,14,0.0,1,0.5
2871,2,75,0.0,1,0.5
2872,3,38,0.2774,1,0.5
2872,1,14,0.0,1,0.5
2872,2,75,0.0,1,0.5
2873,3,38,0.2601,1,0.5
2873,1,14,0.0,1,0.5
2873,2,75,0.0,1,0.5
2874,3,38,0.2358,1,0.5
2874,1,14,0.0,1,0.5
2874,2,75,0.0,1,0.5
2875,3,38,0.1259,1,0.5
2875,1,14,0.0,1,0.5
2875,2,75,0.0,1,0.5
2876,3,38,0.0777,1,0.5
2876,1,14,0.0,1,0.5
2876,2,75,0.0,1,0.5
2877,3,38,0.0713,1,0.5
2877,1,14,0.0,1,0.5
2877,2,75,0.0,1,0.5
2878,3,38,0.0585,1,0.5
2878,1,14,0.0,1,0.5
2878,2,75,0.0,1,0.5
2879,3,38,0.0012,1,0.5
2879,1,14,0.0,1,0.5
2879,2,75,0.0,1,0.5
2880,1,14,0.0,1,0.5
2880,2,38,0.0,1,0.5
2880,3,75,0.0,1,0.5
2881,1,14,0.0,1,0.5
2881,2,38,0.0,1,0.5
2881,3,75,0.0,1,0.5
2882,1,14,0.0,1,0.5
2882,2,38,0.0,1,0.5
2882,3,75,0.0,1,0.5
2883,1,14,0.0,1,0.5
2883,2,38,0.0,1,0.5
2883,3,75,0.0,1,0.5
2884,1,14,0.0,1,0.5
2884,2,38,0.0,1,0.5
2884,3,75,0.0,1,0.5
2885,3,38,0.0009,1,0.5
2885,1,14,0.0,1,0.5
2885,2,75,0.0,1,0.5
2886,3,38,0.0003,1,0.5
2886,1,14,0.0,1,0.5
2886,2,75,0.0,1,0.5
2887,3,38,0.0007,1,0.5
2887,1,14,0.0,1,0.5
2887,2,75,0.0,1,0.5
2888,3,38,0.0161,1,0.5
2888,1,14,0.0,1,0.5
2888,2,75,0.0,1,0.5
2889,3,38,0.0035,1,0.5
2889,1,14,0.0,1,0.5
2889,2,75,0.0,1,0.5
2890,3,38,0.0081,1,0.5
2890,1,14,0.0,1,0.5
2890,2,75,0.0,1,0.5
2891,3,38,0.0097,1,0.5
2891,1,14,0.0,1,0.5
2891,2,75,0.0,1,0.5
2892,3,38,0.0138,1,0.5
2892,1,14,0.0,1,0.5
2892,2,75,0.0,1,0.5
2893,3,38,0.0427,1,0.5
2893,1,14,0.0,1,0.5
2893,2,75,0.0,1,0.5
2894,3,38,0.0794,1,0.5
2894,1,14,0.0,1,0.5
2894,2,75,0.0,1,0.5
2895,3,38,0.1257,1,0.5
2895,1,14,0.0,1,0.5
2895,2,75,0.0,1,0.5
2896,3,38,0.1442,1,0.5
2896,1,14,0.0,1,0.5
2896,2,75,0.0,1,0.5
2897,1,14,0.5304,0,0.5
2897,3,38,0.1394,1,0.5
2897,2,75,0.0,1,0.5
2898,1,14,0.5695,0,0.5
2898,3,38,0.2269,1,0.5
2898,2,75,0.0,1,0.5
2899,1,14,0.5128,0,0.5
2899,3,38,0.3099,1,0.5
2899,2,75,0.0,1,0.5
2900,1,14,0.5324,0,0.5
2900,3,38,0.3895,1,0.5
2900,2,75,0.0,1,0.5
2901,1,14,0.5302,0,0.5
2901,3,38,0.51,0,0.5
2901,2,75,0.0,1,0.5
2902,1,14,0.6291,0,0.5
2902,3,38,0.5339,0,0.5
2902,2,75,0.0,1,0.5
2903,1,14,0.6297,0,0.5
2903,3,38,0.5045,0,0.5
2903,2,75,0.0,1,0.5
2904,1,14,0.6118,0,0.5
2904,3,38,0.5215,0,0.5
2904,2,75,0.0,1,0.5
2905,1,14,0.5721,0,0.5
2905,3,38,0.4822,1,0.5
2905,2,75,0.0,1,0.5
2906,1,14,0.6311,0,0.5
2906,3,38,0.4292,1,0.5
2906,2,75,0.0,1,0.5
2907,1,14,0.6156,0,0.5
2907,3,38,0.4095,1,0.5
2907,2,75,0.0,1,0.5
2908,1,14,0.6005,0,0.5
2908,3,38,0.4291,1,0.5
2908,2,75,0.0,1,0.5
2909,1,14,0.5993,0,0.5
2909,3,38,0.484,1,0.5
2909,2,75,0.0,1,0.5
2910,1,14,0.6406,0,0.5
2910,3,38,0.5169,0,0.5
2910,2,75,0.0,1,0.5
2911,1,14,0.6024,0,0.5
2911,3,38,0.528,0,0.5
2911,2,75,0.0,1,0.5
2912,1,14,0.627,0,0.5
2912,3,38,0.535,0,0.5
2912,2,75,0.0,1,0.5
2913,1,14,0.6503,0,0.5
2913,3,38,0.5731,0,0.5
2913,2,75,0.0,1,0.5
2914,1,14,0.675,0,0.5
2914,3,38,0.609,0,0.5
2914,2,75,0.0,1,0.5
2915,1,14,0.6751,0,0.5
2915,3,38,0.6257,0,0.5
2915,2,75,0.0,1,0.5
2916,1,14,0.6749,0,0.5
2916,3,38,0.5484,0,0.5
2916,2,75,0.0,1,0.5
2917,1,14,0.708,0,0.5
2917,3,38,0.4589,1,0.5
2917,2,75,0.0,1,0.5
2918,1,14,0.6888,0,0.5
2918,3,38,0.4753,1,0.5
2918,2,75,0.0,1,0.5
2919,1,14,0.703,0,0.5
2919,3,38,0.3266,1,0.5
2919,2,75,0.0,1,0.5
2919,4,113,0.0,1,0.5
2920,1,14,0.7366,0,0.5
2920,4,38,0.4718,1,0.5
2920,2,75,0.0,1,0.5
2920,3,113,0.0,1,0.5
2921,1,14,0.6941,0,0.5
2921,4,38,0.6065,0,0.5
2921,2,75,0.0,1,0.5
2921,3,113,0.0,1,0.5
2922,1,14,0.7751,0,0.5
2922,4,38,0.6625,0,0.5
2922,2,75,0.0,1,0.5
2922,3,113,0.0,1,0.5
2923,4,38,0.7663,0,0.5
2923,1,14,0.7578,0,0.5
2923,2,75,0.0,1,0.5
2923,3,113,0.0,1,0.5
2924,1,14,0.7288,0,0.5
2924,4,38,0.7247,0,0.5
2924,2,75,0.0,1,0.5
2924,3,113,0.0,1,0.5
2925,1,14,0.7272,0,0.5
2925,4,38,0.6878,0,0.5
2925,2,75,0.0,1,0.5
2925,3,113,0.0,1,0.5
2926,1,14,0.7135,0,0.5
2926,4,38,0.4827,1,0.5
2926,2,75,0.0,1,0.5
2926,3,113,0.0,1,0.5
2927,1,14,0.7527,0,0.5
2927,4,38,0.3433,1,0.5
2927,2,75,0.0,1,0.5
2927,3,113,0.0,1,0.5
2928,1,14,0.7174,0,0.5
2928,4,38,0.2329,1,0.5
2928,2,75,0.0,1,0.5
2928,3,113,0.0,1,0.5
2929,1,14,0.7894,0,0.5
2929,4,38,0.0794,1,0.5
2929,2,75,0.0,1,0.5
2929,3,113,0.0,1,0.5
2930,1,14,0.7465,0,0.5
2930,4,38,0.0737,1,0.5
2930,2,75,0.0,1,0.5
2930,3,113,0.0,1,0.5
2931,1,14,0.7159,0,0.5
2931,4,38,0.0257,1,0.5
2931,2,75,0.0,1,0.5
2931,3,113,0.0,1,0.5
2932,1,14,0.7042,0,0.5
2932,2,75,0.0,1,0.5
2932,3,113,0.0,1,0.5
2933,1,14,0.7148,0,0.5
2933,2,75,0.0,1,0.5
2933,3,113,0.0,1,0.5
2934,1,14,0.7257,0,0.5
2934,2,75,0.0,1,0.5
2934,3,113,0.0,1,0.5
2935,1,14,0.7384,0,0.5
2935,2,75,0.0,1,0.5
2935,3,113,0.0,1,0.5
2936,1,14,0.7074,0,0.5
2936,2,75,0.0,1,0.5
2936,3,113,0.0,1,0.5
2937,1,14,0.6907,0,0.5
2937,2,75,0.0,1,0.5
2937,3,113,0.0,1,0.5
2938,1,14,0.708,0,0.5
2938,2,75,0.0,1,0.5
2939,1,14,0.6694,0,0.5
2939,2,75,0.0,1,0.5
2940,1,14,0.7189,0,0.5
2940,2,75,0.0,1,0.5
2941,1,14,0.7028,0,0.5
2941,2,75,0.0,1,0.5
2942,1,14,0.6679,0,0.5
2942,2,75,0.0,1,0.5
2943,1,14,0.6771,0,0.5
2943,2,75,0.0,1,0.5
2944,1,14,0.634,0,0.5
2944,2,75,0.0,1,0.5
2945,1,14,0.6654,0,0.5
2945,2,75,0.0,1,0.5
2946,1,14,0.6624,0,0.5
2946,2,75,0.0,1,0.5
2947,1,14,0.6997,0,0.5
2947,2,75,0.0,1,0.5
2948,1,14,0.7018,0,0.5
2948,2,75,0.0,1,0.5
2949,1,14,0.6801,0,0.5
2949,2,75,0.0,1,0.5
2950,1,14,0.6838,0,0.5
2950,2,75,0.0,1,0.5
2951,1,14,0.6758,0,0.5
2951,2,75,0.0,1,0.5
2952,1,14,0.6685,0,0.5
2952,2,75,0.0,1,0.5
2953,1,14,0.6764,0,0.5
2953,2,75,0.0,1,0.5
2954,1,14,0.6856,0,0.5
2954,2,75,0.0,1,0.5
2955,1,14,0.7103,0,0.5
2955,2,75,0.0,1,0.5
2956,1,14,0.7029,0,0.5
2956,2,75,0.0,1,0.5
2957,1,14,0.7345,0,0.5
2957,2,75,0.0,1,0.5
2958,1,14,0.7548,0,0.5
2958,2,75,0.0,1,0.5
2959,1,14,0.697,0,0.5
2959,2,75,0.0,1,0.5
2960,1,14,0.7681,0,0.5
2960,2,75,0.0,1,0.5
2961,1,14,0.7753,0,0.5
2961,2,75,0.0,1,0.5
2962,1,14,0.6678,0,0.5
2962,2,75,0.0,1,0.5
2963,1,14,0.6757,0,0.5
2963,2,75,0.0,1,0.5
2964,1,14,0.7428,0,0.5
2964,2,75,0.0,1,0.5
2965,1,14,0.6686,0,0.5
2965,2,75,0.0,1,0.5
2966,1,14,0.7338,0,0.5
2966,2,75,0.0,1,0.5
2967,1,14,0.7476,0,0.5
2967,2,75,0.0,1,0.5
2968,1,14,0.6973,0,0.5
2968,2,38,0.0,1,0.5
2969,1,14,0.6922,0,0.5
2969,2,38,0.0,1,0.5
2970,1,14,0.6234,0,0.5
2970,2,38,0.0,1,0.5
2971,1,14,0.7197,0,0.5
2971,2,38,0.0,1,0.5
2972,1,14,0.6627,0,0.5
2972,2,38,0.0,1,0.5
2973,1,14,0.3943,1,0.5
2973,2,38,0.0,1,0.5
2974,1,14,0.4759,1,0.5
2974,2,38,0.0,1,0.5
2975,1,14,0.7245,0,0.5
2975,2,38,0.0,1,0.5
2976,1,75,0.204,1,0.5
2976,3,38,0.0026,1,0.5
2976,2,14,0.0,1,0.5
2977,1,14,0.4006,1,0.5
2977,3,38,0.0437,1,0.5
2977,2,75,0.0,1,0.5
2978,1,14,0.476,1,0.5
2978,3,38,0.0008,1,0.5
2978,2,75,0.0,1,0.5
2979,1,14,0.3999,1,0.5
2979,3,38,0.0102,1,0.5
2979,2,75,0.0,1,0.5
2980,1,14,0.4405,1,0.5
2980,3,38,0.0364,1,0.5
2980,2,75,0.0,1,0.5
2981,1,14,0.2517,1,0.5
2981,3,38,0.0894,1,0.5
2981,2,75,0.0,1,0.5
2982,1,14,0.4061,1,0.5
2982,3,38,0.1638,1,0.5
2982,2,75,0.0,1,0.5
2983,1,14,0.5071,0,0.5
2983,3,38,0.2551,1,0.5
2983,2,75,0.0,1,0.5
2984,1,14,0.532,0,0.5
2984,3,38,0.3162,1,0.5
2984,2,75,0.0,1,0.5
2985,1,14,0.5694,0,0.5
2985,3,38,0.3639,1,0.5
2985,2,75,0.0,1,0.5
2986,1,14,0.6739,0,0.5
2986,3,38,0.4116,1,0.5
2986,2,75,0.0,1,0.5
2987,1,14,0.6241,0,0.5
2987,3,38,0.4482,1,0.5
2987,2,75,0.0,1,0.5
2988,1,14,0.6543,0,0.5
2988,3,38,0.4665,1,0.5
2988,2,75,0.0,1,0.5
2989,1,14,0.5499,0,0.5
2989,3,38,0.4833,1,0.5
2989,2,75,0.0,1,0.5
2990,1,14,0.6478,0,0.5
2990,3,38,0.4626,1,0.5
2990,2,75,0.0,1,0.5
2991,1,14,0.5791,0,0.5
2991,3,38,0.4702,1,0.5
2991,2,75,0.0,1,0.5
2992,1,14,0.4936,1,0.5
2992,3,38,0.448,1,0.5
2992,2,75,0.0,1,0.5
2993,3,38,0.4121,1,0.5
2993,1,14,0.0,1,0.5
2993,2,75,0.0,1,0.5
2994,3,38,0.3789,1,0.5
2994,1,14,0.0,1,0.5
2994,2,75,0.0,1,0.5
2995,3,38,0.4072,1,0.5
2995,1,14,0.0,1,0.5
2995,2,75,0.0,1,0.5
2996,3,38,0.3586,1,0.5
2996,1,14,0.0,1,0.5
2996,2,75,0.0,1,0.5
2997,3,38,0.4172,1,0.5
2997,1,14,0.0,1,0.5
2997,2,75,0.0,1,0.5
2998,3,38,0.4233,1,0.5
2998,1,113,0.0,1,0.5
2999,3,38,0.4063,1,0.5
2999,1,113,0.0,1,0.5
3000,2,113,0.6509,0,0.5
3000,3,38,0.3038,1,0.5
3001,2,113,0.6635,0,0.5
3001,3,38,0.2881,1,0.5
3002,2,113,0.6649,0,0.5
3002,1,14,0.4568,1,0.5
3002,3,38,0.2831,1,0.5
3003,2,113,0.7174,0,0.5
3003,1,14,0.3787,1,0.5
3003,3,38,0.2965,1,0.5
3004,2,113,0.7459,0,0.5
3004,3,38,0.3406,1,0.5
3004,1,14,0.3322,1,0.5
3005,2,113,0.7342,0,0.5
3005,3,38,0.4052,1,0.5
3005,1,14,0.2739,1,0.5
3006,2,113,0.7619,0,0.5
3006,3,38,0.4507,1,0.5
3006,1,14,0.2547,1,0.5
3007,2,113,0.7715,0,0.5
3007,3,38,0.465,1,0.5
3007,1,14,0.2625,1,0.5
3008,2,113,0.7634,0,0.5
3008,3,38,0.4788,1,0.5
3008,1,14,0.1933,1,0.5
3009,2,113,0.7815,0,0.5
3009,3,38,0.4712,1,0.5
3009,1,14,0.2016,1,0.5
3010,2,113,0.7659,0,0.5
3010,3,38,0.4683,1,0.5
3010,1,14,0.1927,1,0.5
3011,2,113,0.781,0,0.5
3011,3,38,0.4479,1,0.5
3011,1,14,0.1341,1,0.5
3012,2,113,0.7895,0,0.5
3012,3,38,0.4545,1,0.5
3012,1,14,0.1293,1,0.5
3013,2,113,0.7826,0,0.5
3013,3,38,0.4785,1,0.5
3013,1,14,0.172,1,0.5
3014,2,113,0.7777,0,0.5
3014,3,38,0.4845,1,0.5
3014,1,14,0.1642,1,0.5
3015,2,113,0.8081,0,0.5
3015,3,38,0.4984,1,0.5
3015,1,14,0.1325,1,0.5
3016,2,113,0.762,0,0.5
3016,3,38,0.4577,1,0.5
3016,1,14,0.1656,1,0.5
3017,2,113,0.7931,0,0.5
3017,3,38,0.4742,1,0.5
3017,1,14,0.1384,1,0.5
3018,2,113,0.7755,0,0.5
3018,3,38,0.5079,0,0.5
3018,1,14,0.1315,1,0.5
3019,2,113,0.7762,0,0.5
3019,3,38,0.5509,0,0.5
3019,1,14,0.1145,1,0.5
3020,2,113,0.7715,0,0.5
3020,3,38,0.5952,0,0.5
3020,1,14,0.0844,1,0.5
3021,2,113,0.7511,0,0.5
3021,3,38,0.5283,0,0.5
3021,1,14,0.1052,1,0.5
3022,2,113,0.7529,0,0.5
3022,3,38,0.4667,1,0.5
3022,1,14,0.1356,1,0.5
3023,2,113,0.7576,0,0.5
3023,3,38,0.4884,1,0.5
3023,1,14,0.1915,1,0.5
3024,2,113,0.7386,0,0.5
3024,3,38,0.5205,0,0.5
3024,1,14,0.2424,1,0.5
3025,2,113,0.763,0,0.5
3025,3,38,0.605,0,0.5
3025,1,14,0.3417,1,0.5
3026,2,113,0.7386,0,0.5
3026,3,38,0.6608,0,0.5
3026,1,14,0.4032,1,0.5
3027,3,38,0.6589,0,0.5
3027,2,113,0.6387,0,0.5
3027,1,14,0.5074,0,0.5
3028,3,38,0.6793,0,0.5
3028,2,113,0.6684,0,0.5
3028,1,14,0.584,0,0.5
3029,1,14,0.645,0,0.5
3029,3,38,0.6417,0,0.5
3029,2,113,0.6389,0,0.5
3030,1,14,0.7358,0,0.5
3030,3,38,0.7175,0,0.5
3030,2,113,0.5896,0,0.5
3031,1,14,0.7615,0,0.5
3031,3,38,0.7435,0,0.5
3031,2,113,0.5687,0,0.5
3032,1,14,0.7002,0,0.5
3032,3,38,0.5865,0,0.5
3032,2,113,0.5208,0,0.5
3033,1,14,0.7101,0,0.5
3033,3,38,0.5764,0,0.5
3033,2,113,0.5407,0,0.5
3034,1,14,0.7638,0,0.5
3034,3,38,0.5585,0,0.5
3034,2,113,0.5573,0,0.5
3035,1,14,0.7688,0,0.5
3035,2,113,0.5734,0,0.5
3035,3,38,0.5254,0,0.5
3036,1,14,0.7728,0,0.5
3036,2,113,0.6719,0,0.5
3036,3,38,0.5205,0,0.5
3037,1,14,0.7613,0,0.5
3037,2,113,0.7316,0,0.5
3037,3,38,0.5638,0,0.5
3038,1,14,0.7657,0,0.5
3038,2,113,0.7609,0,0.5
3038,3,38,0.5959,0,0.5
3039,2,113,0.7938,0,0.5
3039,1,14,0.7891,0,0.5
3039,3,38,0.6544,0,0.5
3040,2,113,0.8355,0,0.5
3040,1,14,0.833,0,0.5
3040,3,38,0.7199,0,0.5
3041,2,113,0.8454,0,0.5
3041,1,14,0.7987,0,0.5
3041,3,38,0.7126,0,0.5
3042,2,113,0.8547,0,0.5
3042,1,14,0.8041,0,0.5
3042,3,38,0.6921,0,0.5
3043,1,14,0.8525,0,0.5
3043,2,113,0.8421,0,0.5
3043,3,38,0.6798,0,0.5
3044,1,14,0.8578,0,0.5
3044,2,113,0.8357,0,0.5
3044,3,38,0.6452,0,0.5
3045,1,14,0.8641,0,0.5
3045,2,113,0.83,0,0.5
3045,3,38,0.6077,0,0.5
3046,1,14,0.8463,0,0.5
3046,2,113,0.8063,0,0.5
3046,3,38,0.5956,0,0.5
3047,1,14,0.8321,0,0.5
3047,2,113,0.7865,0,0.5
3047,3,38,0.5591,0,0.5
3048,1,14,0.8225,0,0.5
3048,2,113,0.7801,0,0.5
3048,3,38,0.4861,1,0.5
3049,1,14,0.8207,0,0.5
3049,2,113,0.7894,0,0.5
3049,3,38,0.4852,1,0.5
3050,1,14,0.8109,0,0.5
3050,2,113,0.7381,0,0.5
3050,3,38,0.4254,1,0.5
3051,1,14,0.8299,0,0.5
3051,2,113,0.744,0,0.5
3051,3,38,0.4532,1,0.5
3052,1,14,0.8066,0,0.5
3052,2,113,0.7367,0,0.5
3052,3,38,0.5681,0,0.5
3053,1,14,0.8081,0,0.5
3053,2,113,0.7247,0,0.5
3053,3,38,0.5697,0,0.5
3054,1,14,0.8302,0,0.5
3054,2,113,0.7058,0,0.5
3054,3,38,0.5892,0,0.5
3055,1,14,0.8742,0,0.5
3055,2,113,0.7043,0,0.5
3055,3,38,0.6355,0,0.5
3056,1,14,0.8556,0,0.5
3056,2,113,0.6953,0,0.5
3056,3,38,0.6772,0,0.5
3057,1,14,0.8408,0,0.5
3057,3,38,0.7312,0,0.5
3057,2,113,0.6972,0,0.5
3058,1,14,0.8421,0,0.5
3058,3,38,0.7404,0,0.5
3058,2,113,0.7089,0,0.5
3059,1,14,0.8244,0,0.5
3059,2,113,0.7242,0,0.5
3059,3,38,0.6779,0,0.5
3060,1,14,0.8229,0,0.5
3060,2,113,0.7313,0,0.5
3060,3,38,0.602,0,0.5
3061,1,14,0.8148,0,0.5
3061,2,113,0.7608,0,0.5
3061,3,38,0.5608,0,0.5
3062,2,113,0.813,0,0.5
3062,1,14,0.8112,0,0.5
3062,3,38,0.4809,1,0.5
3063,2,113,0.8252,0,0.5
3063,1,14,0.7882,0,0.5
3063,3,38,0.3091,1,0.5
3064,2,113,0.8254,0,0.5
3064,1,14,0.8039,0,0.5
3064,3,38,0.2123,1,0.5
3065,2,113,0.839,0,0.5
3065,1,14,0.8128,0,0.5
3065,3,38,0.2598,1,0.5
3066,2,113,0.8335,0,0.5
3066,1,14,0.7111,0,0.5
3066,3,38,0.2584,1,0.5
3067,2,113,0.8399,0,0.5
3067,1,14,0.6747,0,0.5
3067,3,38,0.4862,1,0.5
3068,2,113,0.8291,0,0.5
3068,3,38,0.676,0,0.5
3068,1,14,0.6586,0,0.5
3069,2,113,0.8213,0,0.5
3069,3,38,0.6182,0,0.5
3069,1,14,0.6133,0,0.5
3070,2,113,0.8292,0,0.5
3070,1,14,0.6602,0,0.5
3070,3,38,0.6489,0,0.5
3071,2,113,0.8257,0,0.5
3071,1,14,0.6768,0,0.5
3071,3,38,0.6473,0,0.5
3072,2,113,0.8252,0,0.5
3072,1,14,0.6302,0,0.5
3072,3,38,0.3998,1,0.5
3073,2,113,0.8333,0,0.5
3073,1,14,0.6656,0,0.5
3073,3,38,0.391,1,0.5
3074,2,113,0.8305,0,0.5
3074,1,14,0.6941,0,0.5
3074,3,38,0.4092,1,0.5
3074,4,75,0.0,1,0.5
3075,2,113,0.8277,0,0.5
3075,1,14,0.7006,0,0.5
3075,3,38,0.3961,1,0.5
3075,4,75,0.0,1,0.5
3076,2,113,0.8207,0,0.5
3076,1,14,0.7083,0,0.5
3076,3,38,0.5609,0,0.5
3076,4,75,0.0,1,0.5
3077,2,113,0.8241,0,0.5
3077,1,14,0.7206,0,0.5
3077,3,38,0.5672,0,0.5
3077,4,75,0.0,1,0.5
3078,2,113,0.8248,0,0.5
3078,1,14,0.7368,0,0.5
3078,3,38,0.4456,1,0.5
3078,4,75,0.0,1,0.5
3079,2,113,0.8202,0,0.5
3079,1,14,0.7553,0,0.5
3079,3,38,0.3884,1,0.5
3079,4,75,0.0,1,0.5
3080,2,113,0.822,0,0.5
3080,1,14,0.7571,0,0.5
3080,3,38,0.4007,1,0.5
3080,4,75,0.0,1,0.5
3081,2,113,0.8137,0,0.5
3081,1,14,0.7369,0,0.5
3081,3,38,0.4199,1,0.5
3081,4,75,0.0,1,0.5
3082,2,113,0.8201,0,0.5
3082,1,14,0.727,0,0.5
3082,3,38,0.472,1,0.5
3082,4,75,0.0,1,0.5
3083,2,113,0.8167,0,0.5
3083,1,14,0.703,0,0.5
3083,3,38,0.4943,1,0.5
3083,4,75,0.0,1,0.5
3084,2,113,0.8213,0,0.5
3084,1,14,0.7786,0,0.5
3084,3,38,0.5382,0,0.5
3085,2,113,0.8197,0,0.5
3085,1,14,0.7213,0,0.5
3085,3,38,0.5666,0,0.5
3085,4,75,0.0,1,0.5
3086,2,113,0.8167,0,0.5
3086,1,14,0.704,0,0.5
3086,3,38,0.6368,0,0.5
3086,4,75,0.0,1,0.5
3087,2,113,0.8083,0,0.5
3087,3,38,0.696,0,0.5
3087,1,14,0.6919,0,0.5
3087,4,75,0.0227,1,0.5
3088,2,113,0.8329,0,0.5
3088,1,14,0.7172,0,0.5
3088,3,38,0.6535,0,0.5
3088,4,75,0.0,1,0.5
3089,2,113,0.8325,0,0.5
3089,1,14,0.715,0,0.5
3089,3,38,0.5758,0,0.5
3089,4,75,0.0,1,0.5
3090,2,113,0.8333,0,0.5
3090,1,14,0.7108,0,0.5
3090,3,38,0.5875,0,0.5
3090,4,75,0.0,1,0.5
3091,2,113,0.8326,0,0.5
3091,1,14,0.7099,0,0.5
3091,3,38,0.534,0,0.5
3091,4,75,0.0,1,0.5
3092,2,113,0.8357,0,0.5
3092,1,14,0.6978,0,0.5
3092,3,38,0.5715,0,0.5
3092,4,75,0.0017,1,0.5
3093,2,113,0.8467,0,0.5
3093,1,14,0.7248,0,0.5
3093,3,38,0.6222,0,0.5
3093,4,75,0.0079,1,0.5
3094,2,113,0.8502,0,0.5
3094,1,14,0.7223,0,0.5
3094,3,38,0.5284,0,0.5
3094,4,75,0.0669,1,0.5
3095,2,113,0.8479,0,0.5
3095,1,14,0.7294,0,0.5
3095,3,38,0.573,0,0.5
3095,4,75,0.1019,1,0.5
3096,2,113,0.8514,0,0.5
3096,1,14,0.7005,0,0.5
3096,3,38,0.5739,0,0.5
3096,4,75,0.1497,1,0.5
3097,2,113,0.8513,0,0.5
3097,1,14,0.6897,0,0.5
3097,3,38,0.6624,0,0.5
3097,4,75,0.191,1,0.5
3098,2,113,0.8586,0,0.5
3098,3,38,0.7452,0,0.5
3098,1,14,0.6563,0,0.5
3098,4,75,0.2581,1,0.5
3099,2,113,0.8559,0,0.5
3099,3,38,0.6999,0,0.5
3099,1,14,0.6665,0,0.5
3099,4,75,0.3321,1,0.5
3100,2,113,0.8588,0,0.5
3100,3,38,0.7503,0,0.5
3100,1,14,0.6677,0,0.5
3100,4,75,0.4334,1,0.5
3101,2,113,0.8606,0,0.5
3101,3,38,0.744,0,0.5
3101,1,14,0.6839,0,0.5
3101,4,75,0.5323,0,0.5
3102,2,113,0.8602,0,0.5
3102,3,38,0.7215,0,0.5
3102,1,14,0.6874,0,0.5
3102,4,75,0.607,0,0.5
3103,2,113,0.87,0,0.5
3103,3,38,0.7209,0,0.5
3103,1,14,0.6843,0,0.5
3103,4,75,0.6311,0,0.5
3104,2,113,0.8708,0,0.5
3104,3,38,0.7369,0,0.5
3104,1,14,0.6793,0,0.5
3104,4,75,0.6239,0,0.5
3105,2,113,0.8435,0,0.5
3105,3,38,0.7323,0,0.5
3105,1,14,0.6829,0,0.5
3105,4,75,0.6393,0,0.5
3106,2,113,0.8683,0,0.5
3106,1,14,0.7015,0,0.5
3106,3,38,0.6442,0,0.5
3106,4,75,0.6198,0,0.5
3107,2,113,0.8547,0,0.5
3107,1,14,0.6911,0,0.5
3107,4,75,0.6176,0,0.5
3107,3,38,0.615,0,0.5
3108,2,113,0.8723,0,0.5
3108,1,14,0.6854,0,0.5
3108,4,75,0.6534,0,0.5
3108,3,38,0.6304,0,0.5
3109,2,113,0.868,0,0.5
3109,1,14,0.6926,0,0.5
3109,3,38,0.691,0,0.5
3109,4,75,0.6622,0,0.5
3110,2,113,0.8544,0,0.5
3110,3,38,0.7754,0,0.5
3110,1,14,0.6945,0,0.5
3110,4,75,0.6723,0,0.5
3111,2,113,0.8607,0,0.5
3111,4,75,0.6961,0,0.5
3111,1,14,0.6852,0,0.5
3111,3,38,0.6301,0,0.5
3112,2,113,0.8671,0,0.5
3112,4,75,0.7175,0,0.5
3112,1,14,0.6863,0,0.5
3112,3,38,0.5639,0,0.5
3113,2,113,0.8649,0,0.5
3113,4,75,0.7367,0,0.5
3113,1,14,0.6699,0,0.5
3113,3,38,0.5715,0,0.5
3114,2,113,0.8924,0,0.5
3114,4,75,0.7248,0,0.5
3114,1,14,0.6791,0,0.5
3114,3,38,0.5824,0,0.5
3115,2,113,0.8882,0,0.5
3115,4,75,0.6763,0,0.5
3115,1,14,0.6684,0,0.5
3115,3,38,0.5942,0,0.5
3116,2,113,0.8624,0,0.5
3116,1,14,0.6792,0,0.5
3116,4,75,0.6663,0,0.5
3116,3,38,0.6547,0,0.5
3117,2,113,0.8802,0,0.5
3117,3,38,0.7887,0,0.5
3117,1,14,0.6975,0,0.5
3117,4,75,0.6398,0,0.5
3118,2,113,0.8824,0,0.5
3118,3,38,0.7483,0,0.5
3118,4,75,0.7051,0,0.5
3118,1,14,0.6785,0,0.5
3119,2,113,0.8905,0,0.5
3119,3,38,0.7405,0,0.5
3119,4,75,0.7131,0,0.5
3119,1,14,0.6914,0,0.5
3120,2,113,0.8789,0,0.5
3120,4,75,0.6915,0,0.5
3120,3,38,0.6853,0,0.5
3120,1,14,0.6833,0,0.5
3121,2,113,0.8651,0,0.5
3121,4,75,0.6973,0,0.5
3121,1,14,0.6891,0,0.5
3121,3,38,0.6655,0,0.5
3122,2,113,0.8605,0,0.5
3122,4,75,0.7138,0,0.5
3122,1,14,0.6829,0,0.5
3122,3,38,0.6257,0,0.5
3123,2,113,0.8511,0,0.5
3123,4,75,0.7215,0,0.5
3123,1,14,0.6779,0,0.5
3123,3,38,0.5963,0,0.5
3124,2,113,0.841,0,0.5
3124,4,75,0.7437,0,0.5
3124,1,14,0.7053,0,0.5
3124,3,38,0.5376,0,0.5
3125,2,113,0.8374,0,0.5
3125,4,75,0.7503,0,0.5
3125,1,14,0.7009,0,0.5
3125,3,38,0.6232,0,0.5
3126,2,113,0.8342,0,0.5
3126,4,75,0.7619,0,0.5
3126,3,38,0.7436,0,0.5
3126,1,14,0.7058,0,0.5
3127,2,113,0.8313,0,0.5
3127,4,75,0.7562,0,0.5
3127,3,38,0.7241,0,0.5
3127,1,14,0.7051,0,0.5
3128,2,113,0.8336,0,0.5
3128,4,75,0.7577,0,0.5
3128,1,14,0.6912,0,0.5
3128,3,38,0.5733,0,0.5
3129,2,113,0.8418,0,0.5
3129,4,75,0.7564,0,0.5
3129,1,14,0.6925,0,0.5
3129,3,38,0.4943,1,0.5
3130,2,113,0.8681,0,0.5
3130,4,75,0.7656,0,0.5
3130,1,14,0.679,0,0.5
3130,3,38,0.4745,1,0.5
3131,2,113,0.8714,0,0.5
3131,4,75,0.76,0,0.5
3131,1,14,0.6867,0,0.5
3131,3,38,0.5486,0,0.5
3132,2,113,0.8636,0,0.5
3132,4,75,0.7446,0,0.5
3132,1,14,0.688,0,0.5
3132,3,38,0.5196,0,0.5
3133,2,113,0.8721,0,0.5
3133,4,75,0.704,0,0.5
3133,1,14,0.6362,0,0.5
3133,3,38,0.4919,1,0.5
3134,2,113,0.865,0,0.5
3134,4,75,0.707,0,0.5
3134,1,14,0.6423,0,0.5
3134,3,38,0.5539,0,0.5
3135,2,113,0.8551,0,0.5
3135,4,75,0.7197,0,0.5
3135,1,14,0.6359,0,0.5
3135,3,38,0.6014,0,0.5
3136,2,113,0.8466,0,0.5
3136,4,75,0.7314,0,0.5
3136,3,38,0.6523,0,0.5
3136,1,14,0.6371,0,0.5
3137,2,113,0.8316,0,0.5
3137,4,75,0.7234,0,0.5
3137,3,38,0.6673,0,0.5
3137,1,14,0.6315,0,0.5
3138,2,113,0.8335,0,0.5
3138,4,75,0.7018,0,0.5
3138,3,38,0.6603,0,0.5
3138,1,14,0.6075,0,0.5
3139,2,113,0.8299,0,0.5
3139,3,38,0.7002,0,0.5
3139,4,75,0.6795,0,0.5
3139,1,14,0.6072,0,0.5
3140,2,113,0.8211,0,0.5
3140,4,75,0.6611,0,0.5
3140,1,14,0.5991,0,0.5
3140,3,38,0.308,1,0.5
3141,2,113,0.7954,0,0.5
3141,4,75,0.6542,0,0.5
3141,1,14,0.5877,0,0.5
3141,3,38,0.4634,1,0.5
3142,2,113,0.7851,0,0.5
3142,4,75,0.6439,0,0.5
3142,1,14,0.5974,0,0.5
3142,3,38,0.4692,1,0.5
3143,2,113,0.7896,0,0.5
3143,4,75,0.6289,0,0.5
3143,1,14,0.5776,0,0.5
3143,3,38,0.5473,0,0.5
3144,2,113,0.8053,0,0.5
3144,4,75,0.6206,0,0.5
3144,1,14,0.5843,0,0.5
3144,3,38,0.5188,0,0.5
3145,2,113,0.7898,0,0.5
3145,4,75,0.703,0,0.5
3145,1,14,0.582,0,0.5
3145,3,38,0.5064,0,0.5
3146,2,113,0.8036,0,0.5
3146,4,75,0.6794,0,0.5
3146,1,14,0.579,0,0.5
3146,3,38,0.5091,0,0.5
3147,2,113,0.8106,0,0.5
3147,4,75,0.6869,0,0.5
3147,1,14,0.5832,0,0.5
3147,3,38,0.5354,0,0.5
3148,2,113,0.8077,0,0.5
3148,4,75,0.7049,0,0.5
3148,1,14,0.561,0,0.5
3148,3,38,0.5227,0,0.5
3149,2,113,0.79,0,0.5
3149,4,75,0.7117,0,0.5
3149,1,14,0.5508,0,0.5
3149,3,38,0.5475,0,0.5
3150,2,113,0.7695,0,0.5
3150,4,75,0.7209,0,0.5
3150,3,38,0.5637,0,0.5
3150,1,14,0.5504,0,0.5
3151,2,113,0.7394,0,0.5
3151,4,75,0.728,0,0.5
3151,1,14,0.5361,0,0.5
3151,3,38,0.5064,0,0.5
3152,4,75,0.7158,0,0.5
3152,2,113,0.7136,0,0.5
3152,1,14,0.5366,0,0.5
3152,3,38,0.4556,1,0.5
3153,4,75,0.7203,0,0.5
3153,2,113,0.6881,0,0.5
3153,1,14,0.5232,0,0.5
3153,3,38,0.4448,1,0.5
3154,4,75,0.7188,0,0.5
3154,2,113,0.6858,0,0.5
3154,1,14,0.5239,0,0.5
3154,3,38,0.4738,1,0.5
3155,4,75,0.7216,0,0.5
3155,2,113,0.6772,0,0.5
3155,1,14,0.5199,0,0.5
3155,3,38,0.498,1,0.5
3156,4,75,0.7215,0,0.5
3156,2,113,0.6732,0,0.5
3156,3,38,0.6449,0,0.5
3156,1,14,0.5271,0,0.5
3157,4,75,0.7332,0,0.5
3157,2,113,0.6887,0,0.5
3157,3,38,0.661,0,0.5
3157,1,14,0.5221,0,0.5
3158,4,75,0.735,0,0.5
3158,2,113,0.7067,0,0.5
3158,3,38,0.6876,0,0.5
3158,1,14,0.5045,0,0.5
3159,4,75,0.7379,0,0.5
3159,2,113,0.7228,0,0.5
3159,3,38,0.6353,0,0.5
3159,1,14,0.5078,0,0.5
3160,2,113,0.7479,0,0.5
3160,4,75,0.7458,0,0.5
3160,3,38,0.6628,0,0.5
3160,1,14,0.5057,0,0.5
3161,2,113,0.7594,0,0.5
3161,4,75,0.7523,0,0.5
3161,3,38,0.7193,0,0.5
3161,1,14,0.5097,0,0.5
3162,2,113,0.7854,0,0.5
3162,4,75,0.7509,0,0.5
3162,3,38,0.6753,0,0.5
3162,1,14,0.5024,0,0.5
3163,2,113,0.7857,0,0.5
3163,4,75,0.7572,0,0.5
3163,3,38,0.6833,0,0.5
3163,1,14,0.4955,1,0.5
3164,2,113,0.7829,0,0.5
3164,4,75,0.7678,0,0.5
3164,3,38,0.7172,0,0.5
3164,1,14,0.5003,0,0.5
3165,3,38,0.8358,0,0.5
3165,2,113,0.7985,0,0.5
3165,4,75,0.7794,0,0.5
3165,1,14,0.5129,0,0.5
3166,3,38,0.8232,0,0.5
3166,2,113,0.8016,0,0.5
3166,4,75,0.7936,0,0.5
3166,1,14,0.5066,0,0.5
3167,3,38,0.8342,0,0.5
3167,2,113,0.8092,0,0.5
3167,4,75,0.7956,0,0.5
3167,1,14,0.5099,0,0.5
3168,2,113,0.8037,0,0.5
3168,3,38,0.8021,0,0.5
3168,4,75,0.7995,0,0.5
3168,1,14,0.5039,0,0.5
3169,2,113,0.8046,0,0.5
3169,4,75,0.7922,0,0.5
3169,3,38,0.7297,0,0.5
3169,1,14,0.5048,0,0.5
3170,2,113,0.8005,0,0.5
3170,4,75,0.7596,0,0.5
3170,3,38,0.707,0,0.5
3170,1,14,0.5067,0,0.5
3171,2,113,0.7999,0,0.5
3171,4,75,0.7402,0,0.5
3171,3,38,0.7161,0,0.5
3171,1,14,0.5045,0,0.5
3172,2,113,0.8106,0,0.5
3172,3,38,0.6772,0,0.5
3172,4,75,0.664,0,0.5
3172,1,14,0.5067,0,0.5
3173,2,113,0.8184,0,0.5
3173,3,38,0.6429,0,0.5
3173,4,75,0.5806,0,0.5
3173,1,14,0.5036,0,0.5
3174,2,113,0.8226,0,0.5
3174,3,38,0.7331,0,0.5
3174,4,75,0.5222,0,0.5
3174,1,14,0.4952,1,0.5
3175,2,113,0.8255,0,0.5
3175,3,38,0.7084,0,0.5
3175,1,14,0.4976,1,0.5
3175,4,75,0.4826,1,0.5
3176,2,113,0.8252,0,0.5
3176,3,38,0.6692,0,0.5
3176,1,14,0.4958,1,0.5
3176,4,75,0.4865,1,0.5
3177,2,113,0.828,0,0.5
3177,3,38,0.6569,0,0.5
3177,1,14,0.4949,1,0.5
3177,4,75,0.4455,1,0.5
3178,2,113,0.8335,0,0.5
3178,3,38,0.6391,0,0.5
3178,1,14,0.483,1,0.5
3178,4,75,0.3827,1,0.5
3179,2,113,0.8462,0,0.5
3179,3,38,0.6567,0,0.5
3179,1,14,0.4818,1,0.5
3179,4,75,0.3124,1,0.5
3180,2,113,0.847,0,0.5
3180,3,38,0.6421,0,0.5
3180,1,14,0.4769,1,0.5
3180,4,75,0.2441,1,0.5
3181,2,113,0.8495,0,0.5
3181,3,38,0.6207,0,0.5
3181,1,14,0.477,1,0.5
3181,4,75,0.1662,1,0.5
3182,2,113,0.8524,0,0.5
3182,3,38,0.5645,0,0.5
3182,1,14,0.4706,1,0.5
3182,4,75,0.0942,1,0.5
3183,2,113,0.8515,0,0.5
3183,3,38,0.745,0,0.5
3183,1,14,0.4618,1,0.5
3183,4,75,0.0563,1,0.5
3184,2,113,0.8577,0,0.5
3184,3,38,0.7388,0,0.5
3184,1,14,0.4644,1,0.5
3184,4,75,0.0049,1,0.5
3185,2,113,0.8591,0,0.5
3185,3,38,0.748,0,0.5
3185,1,14,0.4675,1,0.5
3185,4,75,0.0,1,0.5
3186,2,113,0.8494,0,0.5
3186,3,38,0.7288,0,0.5
3186,1,14,0.469,1,0.5
3186,4,75,0.0,1,0.5
3187,2,113,0.855,0,0.5
3187,3,38,0.7064,0,0.5
3187,1,14,0.4698,1,0.5
3187,4,75,0.0,1,0.5
3188,2,113,0.8593,0,0.5
3188,3,38,0.6121,0,0.5
3188,1,14,0.4597,1,0.5
3188,4,75,0.0,1,0.5
3189,2,113,0.8612,0,0.5
3189,3,38,0.6102,0,0.5
3189,1,14,0.4595,1,0.5
3189,4,75,0.0,1,0.5
3190,2,113,0.856,0,0.5
3190,3,38,0.5868,0,0.5
3190,1,14,0.456,1,0.5
3190,4,75,0.0,1,0.5
3191,2,113,0.852,0,0.5
3191,3,38,0.6098,0,0.5
3191,1,14,0.4518,1,0.5
3191,4,75,0.0,1,0.5
3192,2,113,0.8524,0,0.5
3192,3,38,0.6056,0,0.5
3192,1,14,0.4538,1,0.5
3192,4,75,0.0,1,0.5
3193,2,113,0.8546,0,0.5
3193,3,38,0.5799,0,0.5
3193,1,14,0.456,1,0.5
3193,4,75,0.0,1,0.5
3194,2,113,0.8494,0,0.5
3194,3,38,0.6167,0,0.5
3194,1,14,0.4573,1,0.5
3194,4,75,0.0,1,0.5
3195,2,113,0.8336,0,0.5
3195,3,38,0.6552,0,0.5
3195,1,14,0.4526,1,0.5
3195,4,75,0.0,1,0.5
3196,2,113,0.8219,0,0.5
3196,3,38,0.6879,0,0.5
3196,1,14,0.4524,1,0.5
3196,4,75,0.0,1,0.5
3197,2,113,0.8397,0,0.5
3197,3,38,0.721,0,0.5
3197,1,14,0.4558,1,0.5
3197,4,75,0.0,1,0.5
3198,2,113,0.8419,0,0.5
3198,3,38,0.7889,0,0.5
3198,1,14,0.4521,1,0.5
3198,4,75,0.0,1,0.5
3199,2,113,0.8375,0,0.5
3199,3,38,0.799,0,0.5
3199,1,14,0.453,1,0.5
3199,4,75,0.0,1,0.5
3200,2,113,0.8451,0,0.5
3200,3,38,0.8072,0,0.5
3200,1,14,0.457,1,0.5
3200,4,75,0.0,1,0.5
3201,2,113,0.8378,0,0.5
3201,3,38,0.78,0,0.5
3201,1,14,0.455,1,0.5
3201,4,75,0.0,1,0.5
3202,2,113,0.8397,0,0.5
3202,3,38,0.7759,0,0.5
3202,1,14,0.4533,1,0.5
3202,4,75,0.0,1,0.5
3203,2,113,0.8482,0,0.5
3203,3,38,0.7628,0,0.5
3203,1,14,0.4448,1,0.5
3203,4,75,0.0,1,0.5
3204,2,113,0.8591,0,0.5
3204,3,38,0.7877,0,0.5
3204,1,14,0.4435,1,0.5
3204,4,75,0.0,1,0.5
3205,2,113,0.8638,0,0.5
3205,3,38,0.7774,0,0.5
3205,1,14,0.451,1,0.5
3205,4,75,0.0056,1,0.5
3206,2,113,0.8624,0,0.5
3206,3,38,0.7519,0,0.5
3206,1,14,0.4443,1,0.5
3206,4,75,0.0,1,0.5
3207,2,113,0.8689,0,0.5
3207,3,38,0.7058,0,0.5
3207,1,14,0.4342,1,0.5
3207,4,75,0.0,1,0.5
3208,2,113,0.8703,0,0.5
3208,3,38,0.6472,0,0.5
3208,1,14,0.4227,1,0.5
3208,4,75,0.0,1,0.5
3209,2,113,0.8731,0,0.5
3209,3,38,0.6102,0,0.5
3209,1,14,0.4265,1,0.5
3209,4,75,0.0,1,0.5
3210,2,113,0.8717,0,0.5
3210,3,38,0.5641,0,0.5
3210,1,14,0.4308,1,0.5
3210,4,75,0.0,1,0.5
3211,2,113,0.8714,0,0.5
3211,3,38,0.469,1,0.5
3211,1,14,0.4313,1,0.5
3211,4,75,0.0,1,0.5
3212,2,113,0.8779,0,0.5
3212,1,14,0.4307,1,0.5
3212,3,38,0.3583,1,0.5
3212,4,75,0.0,1,0.5
3213,2,113,0.8765,0,0.5
3213,1,14,0.4223,1,0.5
3213,3,38,0.2564,1,0.5
3213,4,75,0.0,1,0.5
3214,2,113,0.8646,0,0.5
3214,1,14,0.4269,1,0.5
3214,3,38,0.2108,1,0.5
3214,4,75,0.0,1,0.5
3215,2,113,0.8557,0,0.5
3215,1,14,0.4235,1,0.5
3215,3,38,0.1647,1,0.5
3215,4,75,0.0,1,0.5
3216,2,113,0.8647,0,0.5
3216,1,14,0.4213,1,0.5
3216,3,38,0.093,1,0.5
3216,4,75,0.0,1,0.5
3217,2,113,0.8308,0,0.5
3217,1,14,0.417,1,0.5
3217,3,38,0.0451,1,0.5
3217,4,75,0.0,1,0.5
3218,2,113,0.8121,0,0.5
3218,1,14,0.4011,1,0.5
3218,3,38,0.0197,1,0.5
3218,4,75,0.0,1,0.5
3219,2,113,0.7849,0,0.5
3219,1,14,0.4202,1,0.5
3219,3,38,0.0009,1,0.5
3219,4,75,0.0,1,0.5
3220,2,113,0.7512,0,0.5
3220,1,14,0.4353,1,0.5
3220,3,38,0.0079,1,0.5
3220,4,75,0.0,1,0.5
3221,2,113,0.7053,0,0.5
3221,1,14,0.4305,1,0.5
3221,3,38,0.022,1,0.5
3221,4,75,0.0,1,0.5
3222,2,113,0.6841,0,0.5
3222,1,14,0.4267,1,0.5
3222,3,38,0.0768,1,0.5
3222,4,75,0.0,1,0.5
3223,2,113,0.6318,0,0.5
3223,1,14,0.4255,1,0.5
3223,3,38,0.1436,1,0.5
3223,4,75,0.0,1,0.5
3224,2,113,0.5451,0,0.5
3224,1,14,0.4387,1,0.5
3224,3,38,0.1638,1,0.5
3224,4,75,0.0,1,0.5
3225,2,113,0.5162,0,0.5
3225,1,14,0.4415,1,0.5
3225,3,38,0.2221,1,0.5
3225,4,75,0.0,1,0.5
3226,2,113,0.5006,0,0.5
3226,1,14,0.4484,1,0.5
3226,3,38,0.2666,1,0.5
3226,4,75,0.0,1,0.5
3227,2,113,0.4875,1,0.5
3227,1,14,0.4473,1,0.5
3227,3,38,0.3072,1,0.5
3227,4,75,0.0,1,0.5
3228,2,113,0.4918,1,0.5
3228,1,14,0.4261,1,0.5
3228,3,38,0.3007,1,0.5
3228,4,75,0.0024,1,0.5
3229,2,113,0.505,0,0.5
3229,1,14,0.4251,1,0.5
3229,3,38,0.2782,1,0.5
3229,4,75,0.0056,1,0.5
3230,2,113,0.5113,0,0.5
3230,1,14,0.4303,1,0.5
3230,3,38,0.2237,1,0.5
3230,4,75,0.0,1,0.5
3231,2,113,0.5,0,0.5
3231,1,14,0.4558,1,0.5
3231,3,38,0.1699,1,0.5
3231,4,75,0.0,1,0.5
3232,2,113,0.5062,0,0.5
3232,1,14,0.4568,1,0.5
3232,3,38,0.1379,1,0.5
3232,4,75,0.0,1,0.5
3233,2,113,0.496,1,0.5
3233,1,14,0.4591,1,0.5
3233,3,38,0.1184,1,0.5
3233,4,75,0.0,1,0.5
3234,2,113,0.5117,0,0.5
3234,1,14,0.4789,1,0.5
3234,3,38,0.1025,1,0.5
3234,4,75,0.0,1,0.5
3235,2,113,0.5321,0,0.5
3235,1,14,0.4929,1,0.5
3235,3,38,0.0866,1,0.5
3235,4,75,0.0,1,0.5
3236,2,113,0.5259,0,0.5
3236,1,14,0.5119,0,0.5
3236,3,38,0.0775,1,0.5
3237,2,113,0.5302,0,0.5
3237,1,14,0.5135,0,0.5
3237,3,38,0.057,1,0.5
3238,2,113,0.5264,0,0.5
3238,1,14,0.5116,0,0.5
3238,3,38,0.0307,1,0.5
3239,1,14,0.5064,0,0.5
3239,2,113,0.4786,1,0.5
3239,3,38,0.0248,1,0.5
3240,1,14,0.5142,0,0.5
3240,2,113,0.4344,1,0.5
3240,3,38,0.0169,1,0.5
3241,1,14,0.5145,0,0.5
3241,2,113,0.3786,1,0.5
3241,3,38,0.0084,1,0.5
3242,1,14,0.5118,0,0.5
3242,2,113,0.3217,1,0.5
3242,3,38,0.0,1,0.5
3243,1,14,0.5141,0,0.5
3243,2,113,0.287,1,0.5
3243,3,38,0.0,1,0.5
3244,1,14,0.5115,0,0.5
3244,2,113,0.2692,1,0.5
3244,3,38,0.0,1,0.5
3245,1,14,0.5074,0,0.5
3245,2,113,0.2682,1,0.5
3245,3,38,0.0,1,0.5
3246,1,14,0.4959,1,0.5
3246,2,113,0.2535,1,0.5
3246,3,38,0.0,1,0.5
3247,1,14,0.5028,0,0.5
3247,2,113,0.2378,1,0.5
3247,3,38,0.0037,1,0.5
3248,1,14,0.4977,1,0.5
3248,2,113,0.2447,1,0.5
3248,3,38,0.0302,1,0.5
3249,1,14,0.5015,0,0.5
3249,2,113,0.2399,1,0.5
3249,3,38,0.0368,1,0.5
3250,1,14,0.4896,1,0.5
3250,2,113,0.2525,1,0.5
3250,3,38,0.0498,1,0.5
3251,1,14,0.4957,1,0.5
3251,2,113,0.2966,1,0.5
3251,3,38,0.0523,1,0.5
3252,1,14,0.4892,1,0.5
3252,2,113,0.2753,1,0.5
3252,3,38,0.0673,1,0.5
3253,1,14,0.483,1,0.5
3253,2,113,0.2726,1,0.5
3253,3,38,0.0725,1,0.5
3254,1,14,0.4859,1,0.5
3254,2,113,0.291,1,0.5
3254,3,38,0.0927,1,0.5
3255,1,14,0.4864,1,0.5
3255,2,113,0.3122,1,0.5
3255,3,38,0.1248,1,0.5
3256,1,14,0.4818,1,0.5
3256,2,113,0.3445,1,0.5
3256,3,38,0.1436,1,0.5
3257,1,14,0.4797,1,0.5
3257,2,113,0.3758,1,0.5
3257,3,38,0.1058,1,0.5
3258,1,14,0.476,1,0.5
3258,2,113,0.4087,1,0.5
3258,3,38,0.0456,1,0.5
3259,2,113,0.4709,1,0.5
3259,1,14,0.4639,1,0.5
3259,3,38,0.0003,1,0.5
3260,2,113,0.5395,0,0.5
3260,1,14,0.4622,1,0.5
3260,3,38,0.0228,1,0.5
3261,2,113,0.5844,0,0.5
3261,1,14,0.4527,1,0.5
3261,3,38,0.0754,1,0.5
3262,2,113,0.6406,0,0.5
3262,1,14,0.4546,1,0.5
3262,3,38,0.041,1,0.5
3263,2,113,0.6628,0,0.5
3263,1,14,0.4515,1,0.5
3263,3,38,0.0107,1,0.5
3264,2,113,0.6665,0,0.5
3264,1,14,0.4472,1,0.5
3264,3,38,0.0002,1,0.5
3265,2,113,0.6748,0,0.5
3265,1,14,0.4516,1,0.5
3265,3,38,0.0058,1,0.5
3266,2,113,0.6951,0,0.5
3266,1,14,0.456,1,0.5
3266,3,38,0.0022,1,0.5
3267,2,113,0.6778,0,0.5
3267,1,14,0.4625,1,0.5
3267,3,38,0.0,1,0.5
3268,2,113,0.6472,0,0.5
3268,1,14,0.4846,1,0.5
3268,3,38,0.0,1,0.5
3269,2,113,0.6271,0,0.5
3269,1,14,0.4875,1,0.5
3269,3,38,0.0,1,0.5
3270,2,113,0.6296,0,0.5
3270,1,14,0.4911,1,0.5
3270,3,38,0.0,1,0.5
3271,2,113,0.6257,0,0.5
3271,1,14,0.4844,1,0.5
3271,3,38,0.0,1,0.5
3272,2,113,0.6474,0,0.5
3272,1,14,0.4839,1,0.5
3272,3,38,0.0,1,0.5
3273,2,113,0.6474,0,0.5
3273,1,14,0.4906,1,0.5
3273,3,38,0.0,1,0.5
3274,2,113,0.6416,0,0.5
3274,1,14,0.495,1,0.5
3274,3,38,0.0,1,0.5
3275,2,113,0.6619,0,0.5
3275,1,14,0.494,1,0.5
3275,3,38,0.0,1,0.5
3276,2,113,0.6415,0,0.5
3277,2,113,0.6639,0,0.5
3278,2,113,0.7119,0,0.5
3279,2,113,0.7129,0,0.5
3280,2,113,0.7376,0,0.5
3281,2,113,0.7687,0,0.5
3282,2,113,0.76,0,0.5
3283,2,113,0.738,0,0.5
3284,2,113,0.7382,0,0.5
3285,2,113,0.7635,0,0.5
3286,2,113,0.7458,0,0.5
3287,2,113,0.7633,0,0.5
3287,1,38,0.0,1,0.5
3288,2,113,0.7886,0,0.5
3288,1,38,0.0,1,0.5
3289,2,113,0.7063,0,0.5
3289,1,38,0.0,1,0.5
3290,2,113,0.7706,0,0.5
3290,1,38,0.0,1,0.5
3291,2,113,0.7659,0,0.5
3291,1,38,0.0,1,0.5
3292,2,113,0.7656,0,0.5
3292,1,38,0.0,1,0.5
3293,2,113,0.7407,0,0.5
3293,1,14,0.6297,0,0.5
3294,2,113,0.7465,0,0.5
3294,1,14,0.6306,0,0.5
3295,2,113,0.7377,0,0.5
3295,1,14,0.6605,0,0.5
3295,3,38,0.0,1,0.5
3296,2,113,0.7318,0,0.5
3296,1,14,0.5809,0,0.5
3296,3,38,0.0299,1,0.5
3297,2,113,0.7248,0,0.5
3297,1,14,0.5863,0,0.5
3297,3,75,0.0442,1,0.5
3298,2,113,0.7213,0,0.5
3298,1,14,0.5831,0,0.5
3298,3,75,0.1727,1,0.5
3299,2,113,0.7302,0,0.5
3299,1,14,0.5807,0,0.5
3299,4,75,0.2203,1,0.5
3299,3,38,0.0,1,0.5
3300,2,113,0.7208,0,0.5
3300,1,14,0.5416,0,0.5
3300,3,75,0.1529,1,0.5
3301,2,113,0.7245,0,0.5
3301,1,14,0.5911,0,0.5
3301,3,38,0.0,1,0.5
3302,2,113,0.7161,0,0.5
3302,1,14,0.5858,0,0.5
3302,3,38,0.0,1,0.5
3302,4,75,0.0,1,0.5
3303,2,113,0.7121,0,0.5
3303,1,14,0.5778,0,0.5
3303,3,38,0.0,1,0.5
3303,4,75,0.0,1,0.5
3304,2,113,0.6937,0,0.5
3304,1,14,0.6013,0,0.5
3304,3,38,0.0,1,0.5
3304,4,75,0.0,1,0.5
3305,2,113,0.6836,0,0.5
3305,1,14,0.6008,0,0.5
3305,3,38,0.0,1,0.5
3305,4,75,0.0,1,0.5
3306,2,113,0.6788,0,0.5
3306,1,14,0.5617,0,0.5
3306,3,38,0.0,1,0.5
3306,4,75,0.0,1,0.5
3307,2,113,0.6847,0,0.5
3307,1,14,0.5575,0,0.5
3307,3,38,0.0,1,0.5
3307,4,75,0.0,1,0.5
3308,2,113,0.6885,0,0.5
3308,1,14,0.5462,0,0.5
3308,3,38,0.0,1,0.5
3308,4,75,0.0,1,0.5
3309,2,113,0.687,0,0.5
3309,1,14,0.5846,0,0.5
3309,3,38,0.0,1,0.5
3309,4,75,0.0,1,0.5
3310,2,113,0.6836,0,0.5
3310,1,14,0.6179,0,0.5
3310,3,38,0.0,1,0.5
3310,4,75,0.0,1,0.5
3311,2,113,0.6756,0,0.5
3311,1,14,0.6536,0,0.5
3311,3,38,0.0,1,0.5
3311,4,75,0.0,1,0.5
3312,2,113,0.6882,0,0.5
3312,1,14,0.668,0,0.5
3312,3,38,0.0,1,0.5
3312,4,75,0.0,1,0.5
3313,2,113,0.6943,0,0.5
3313,1,14,0.6761,0,0.5
3313,4,38,0.0556,1,0.5
3313,3,75,0.0,1,0.5
3314,2,113,0.6993,0,0.5
3314,1,14,0.669,0,0.5
3314,4,38,0.1119,1,0.5
3314,3,75,0.0,1,0.5
3315,2,113,0.6689,0,0.5
3315,1,14,0.661,0,0.5
3315,4,38,0.0002,1,0.5
3315,3,75,0.0,1,0.5
3316,2,113,0.6568,0,0.5
3316,1,14,0.6314,0,0.5
3316,3,75,0.0073,1,0.5
3316,4,38,0.0,1,0.5
3317,1,14,0.6409,0,0.5
3317,2,113,0.6311,0,0.5
3317,3,75,0.0483,1,0.5
3317,4,38,0.0,1,0.5
3318,1,14,0.6299,0,0.5
3318,2,113,0.5624,0,0.5
3318,3,75,0.1055,1,0.5
3318,4,38,0.0,1,0.5
3319,1,14,0.7342,0,0.5
3319,2,113,0.5159,0,0.5
3319,3,75,0.1906,1,0.5
3319,4,38,0.0,1,0.5
3320,1,14,0.6193,0,0.5
3320,2,113,0.4839,1,0.5
3320,3,75,0.2789,1,0.5
3320,4,38,0.0,1,0.5
3321,1,14,0.6291,0,0.5
3321,2,113,0.4014,1,0.5
3321,3,75,0.2315,1,0.5
3321,4,38,0.0,1,0.5
3322,1,14,0.6413,0,0.5
3322,2,113,0.3471,1,0.5
3322,3,75,0.2454,1,0.5
3322,4,38,0.0,1,0.5
3323,1,14,0.6763,0,0.5
3323,2,113,0.3322,1,0.5
3323,3,75,0.2143,1,0.5
3323,4,38,0.0,1,0.5
3324,1,14,0.6444,0,0.5
3324,2,113,0.3065,1,0.5
3324,3,75,0.26,1,0.5
3324,4,38,0.0,1,0.5
3325,1,14,0.6726,0,0.5
3325,3,75,0.3126,1,0.5
3325,2,113,0.297,1,0.5
3326,1,14,0.6505,0,0.5
3326,3,75,0.3342,1,0.5
3326,2,113,0.3123,1,0.5
3327,1,14,0.6069,0,0.5
3327,2,113,0.3348,1,0.5
3327,3,75,0.2702,1,0.5
3328,1,14,0.5749,0,0.5
3328,2,113,0.3804,1,0.5
3328,3,75,0.2013,1,0.5
3329,1,14,0.5865,0,0.5
3329,2,113,0.4243,1,0.5
3329,3,75,0.2047,1,0.5
3330,1,14,0.6201,0,0.5
3330,2,113,0.4719,1,0.5
3330,3,75,0.2288,1,0.5
3331,1,14,0.5859,0,0.5
3331,2,113,0.5351,0,0.5
3331,3,75,0.252,1,0.5
3332,2,113,0.597,0,0.5
3332,1,14,0.5466,0,0.5
3332,3,75,0.2639,1,0.5
3333,2,113,0.6556,0,0.5
3333,1,14,0.5271,0,0.5
3333,3,75,0.2625,1,0.5
3334,2,113,0.7039,0,0.5
3334,1,14,0.4005,1,0.5
3334,3,75,0.2772,1,0.5
3335,2,113,0.7048,0,0.5
3335,1,14,0.3211,1,0.5
3335,3,75,0.2869,1,0.5
3336,2,113,0.7024,0,0.5
3336,3,75,0.4093,1,0.5
3336,1,14,0.2971,1,0.5
3337,2,113,0.7419,0,0.5
3337,3,75,0.4096,1,0.5
3337,1,14,0.2642,1,0.5
3338,2,113,0.7311,0,0.5
3338,3,75,0.4289,1,0.5
3338,1,14,0.2138,1,0.5
3339,2,113,0.729,0,0.5
3339,3,75,0.4474,1,0.5
3339,1,14,0.1788,1,0.5
3340,2,113,0.7313,0,0.5
3340,3,75,0.4734,1,0.5
3340,1,14,0.1804,1,0.5
3341,2,113,0.7385,0,0.5
3341,3,75,0.4786,1,0.5
3341,1,14,0.1715,1,0.5
3342,2,113,0.7342,0,0.5
3342,3,75,0.5156,0,0.5
3342,1,14,0.2102,1,0.5
3343,2,113,0.7328,0,0.5
3343,3,75,0.4981,1,0.5
3343,1,14,0.2389,1,0.5
3344,2,113,0.7371,0,0.5
3344,3,75,0.605,0,0.5
3344,1,14,0.2544,1,0.5
3345,2,113,0.7474,0,0.5
3345,3,75,0.6481,0,0.5
3345,1,14,0.2729,1,0.5
3346,2,113,0.7342,0,0.5
3346,3,75,0.6692,0,0.5
3346,1,14,0.3031,1,0.5
3347,2,113,0.7328,0,0.5
3347,3,75,0.6175,0,0.5
3347,1,14,0.3162,1,0.5
3348,2,113,0.7508,0,0.5
3348,3,75,0.636,0,0.5
3348,1,14,0.3396,1,0.5
3349,2,113,0.7229,0,0.5
3349,3,75,0.6319,0,0.5
3349,1,14,0.3753,1,0.5
3350,2,113,0.7335,0,0.5
3350,3,75,0.6191,0,0.5
3350,1,14,0.2377,1,0.5
3351,2,113,0.7373,0,0.5
3351,3,75,0.6043,0,0.5
3351,1,14,0.2338,1,0.5
3352,2,113,0.7395,0,0.5
3352,3,75,0.598,0,0.5
3352,1,14,0.2496,1,0.5
3353,2,113,0.7338,0,0.5
3353,3,75,0.611,0,0.5
3353,1,14,0.2396,1,0.5
3354,2,113,0.7376,0,0.5
3354,3,75,0.5993,0,0.5
3354,1,14,0.2467,1,0.5
3355,2,113,0.738,0,0.5
3355,3,75,0.554,0,0.5
3355,1,14,0.2736,1,0.5
3356,2,113,0.7393,0,0.5
3356,3,75,0.6094,0,0.5
3356,1,14,0.2984,1,0.5
3357,2,113,0.7218,0,0.5
3357,3,75,0.6228,0,0.5
3357,1,14,0.3109,1,0.5
3358,2,113,0.7297,0,0.5
3358,3,75,0.6184,0,0.5
3358,1,14,0.3286,1,0.5
3359,2,113,0.7319,0,0.5
3359,3,75,0.6207,0,0.5
3359,1,14,0.3529,1,0.5
3360,2,113,0.729,0,0.5
3360,3,75,0.567,0,0.5
3360,1,14,0.3825,1,0.5
3361,2,113,0.7339,0,0.5
3361,3,75,0.5591,0,0.5
3361,1,14,0.3769,1,0.5
3362,2,113,0.7363,0,0.5
3362,3,75,0.56,0,0.5
3362,1,14,0.3928,1,0.5
3363,2,113,0.7429,0,0.5
3363,3,75,0.5707,0,0.5
3363,1,14,0.4126,1,0.5
3364,2,113,0.7455,0,0.5
3364,3,75,0.5624,0,0.5
3364,1,14,0.4424,1,0.5
3365,2,113,0.7437,0,0.5
3365,3,75,0.6454,0,0.5
3365,1,14,0.5562,0,0.5
3366,2,113,0.7616,0,0.5
3366,1,14,0.6683,0,0.5
3366,3,75,0.6172,0,0.5
3367,2,113,0.7562,0,0.5
3367,1,14,0.7206,0,0.5
3367,3,75,0.5944,0,0.5
3368,2,113,0.7618,0,0.5
3368,1,14,0.7059,0,0.5
3368,3,75,0.5633,0,0.5
3369,2,113,0.7557,0,0.5
3369,1,14,0.6667,0,0.5
3369,3,75,0.6036,0,0.5
3370,2,113,0.7115,0,0.5
3370,3,75,0.6418,0,0.5
3370,1,14,0.5641,0,0.5
3371,2,113,0.7092,0,0.5
3371,3,75,0.6586,0,0.5
3371,1,14,0.5194,0,0.5
3372,3,75,0.7337,0,0.5
3372,2,113,0.7092,0,0.5
3372,1,14,0.4523,1,0.5
3373,3,75,0.7315,0,0.5
3373,2,113,0.7136,0,0.5
3373,1,14,0.4221,1,0.5
3374,3,75,0.8159,0,0.5
3374,2,113,0.7037,0,0.5
3374,1,14,0.4262,1,0.5
3375,3,75,0.8222,0,0.5
3375,2,113,0.7028,0,0.5
3375,1,14,0.4049,1,0.5
3376,3,75,0.7831,0,0.5
3376,2,113,0.7071,0,0.5
3376,1,14,0.3832,1,0.5
3377,2,113,0.7057,0,0.5
3377,3,75,0.6677,0,0.5
3377,1,14,0.3819,1,0.5
3378,2,113,0.6993,0,0.5
3378,3,75,0.6661,0,0.5
3378,1,14,0.4313,1,0.5
3379,3,75,0.7017,0,0.5
3379,2,113,0.6969,0,0.5
3379,1,14,0.5061,0,0.5
3380,2,113,0.7018,0,0.5
3380,3,75,0.6676,0,0.5
3380,1,14,0.5817,0,0.5
3381,2,113,0.6946,0,0.5
3381,1,14,0.6324,0,0.5
3381,3,75,0.6189,0,0.5
3382,2,113,0.6921,0,0.5
3382,1,14,0.678,0,0.5
3382,3,75,0.5203,0,0.5
3383,1,14,0.7109,0,0.5
3383,2,113,0.6754,0,0.5
3383,3,75,0.5383,0,0.5
3384,1,14,0.676,0,0.5
3384,2,113,0.6296,0,0.5
3384,3,75,0.5827,0,0.5
3385,1,14,0.7112,0,0.5
3385,3,75,0.7039,0,0.5
3385,2,113,0.6062,0,0.5
3386,3,75,0.7498,0,0.5
3386,1,14,0.6558,0,0.5
3386,2,113,0.6039,0,0.5
3387,3,75,0.7791,0,0.5
3387,2,113,0.5908,0,0.5
3387,1,14,0.5537,0,0.5
3388,3,75,0.7485,0,0.5
3388,1,14,0.5354,0,0.5
3388,2,113,0.5183,0,0.5
3389,3,75,0.7452,0,0.5
3389,1,14,0.5194,0,0.5
3389,2,113,0.5126,0,0.5
3390,3,75,0.6489,0,0.5
3390,1,14,0.5067,0,0.5
3390,2,113,0.4574,1,0.5
3391,3,75,0.6373,0,0.5
3391,1,14,0.4586,1,0.5
3391,2,113,0.386,1,0.5
3392,3,75,0.5889,0,0.5
3392,1,14,0.4379,1,0.5
3392,2,113,0.3371,1,0.5
3393,3,75,0.6718,0,0.5
3393,1,14,0.4055,1,0.5
3393,2,113,0.2833,1,0.5
3394,3,75,0.7549,0,0.5
3394,1,14,0.4274,1,0.5
3394,2,113,0.2072,1,0.5
3395,3,75,0.7681,0,0.5
3395,1,14,0.5114,0,0.5
3395,2,113,0.1472,1,0.5
3396,3,75,0.7116,0,0.5
3396,1,14,0.59,0,0.5
3396,2,113,0.0806,1,0.5
3397,1,14,0.644,0,0.5
3397,3,75,0.6414,0,0.5
3397,2,113,0.0323,1,0.5
3398,3,75,0.7766,0,0.5
3398,1,14,0.7264,0,0.5
3398,2,113,0.0301,1,0.5
3399,1,14,0.783,0,0.5
3399,3,75,0.7334,0,0.5
3399,2,113,0.08,1,0.5
3400,1,14,0.7606,0,0.5
3400,3,75,0.7027,0,0.5
3400,2,113,0.2813,1,0.5
3401,1,14,0.7172,0,0.5
3401,3,75,0.598,0,0.5
3401,2,113,0.2907,1,0.5
3402,3,75,0.5479,0,0.5
3402,1,38,0.0242,1,0.5
3402,2,14,0.0,1,0.5
3403,1,14,0.5978,0,0.5
3403,3,75,0.5111,0,0.5
3403,2,38,0.0441,1,0.5
3404,3,75,0.4672,1,0.5
3404,1,38,0.0275,1,0.5
3404,2,14,0.0,1,0.5
3405,1,14,0.8167,0,0.5
3405,3,75,0.4079,1,0.5
3405,2,113,0.1106,1,0.5
3406,1,14,0.7596,0,0.5
3406,3,75,0.3287,1,0.5
3406,2,113,0.0899,1,0.5
3407,1,14,0.4431,1,0.5
3407,3,75,0.3941,1,0.5
3407,2,113,0.0386,1,0.5
3408,3,75,0.4772,1,0.5
3408,1,14,0.2939,1,0.5
3408,2,113,0.0353,1,0.5
3408,4,38,0.0,1,0.5
3409,3,75,0.4816,1,0.5
3409,1,14,0.2232,1,0.5
3409,2,113,0.1073,1,0.5
3409,4,38,0.0,1,0.5
3410,3,75,0.57,0,0.5
3410,1,14,0.0766,1,0.5
3410,2,113,0.062,1,0.5
3410,4,38,0.0,1,0.5
3411,3,75,0.5086,0,0.5
3411,4,113,0.0223,1,0.5
3411,2,14,0.0,1,0.5
3412,3,75,0.4951,1,0.5
3412,1,14,0.1344,1,0.5
3412,4,38,0.0915,1,0.5
3412,2,113,0.0,1,0.5
3413,3,75,0.4896,1,0.5
3413,4,38,0.1047,1,0.5
3413,1,14,0.0,1,0.5
3413,2,113,0.0,1,0.5
3414,3,75,0.5339,0,0.5
3414,4,38,0.2086,1,0.5
3414,1,14,0.1739,1,0.5
3414,2,113,0.0123,1,0.5
3415,3,75,0.4887,1,0.5
3415,1,14,0.2419,1,0.5
3415,2,113,0.2173,1,0.5
3415,4,38,0.0798,1,0.5
3416,1,14,0.4772,1,0.5
3416,3,75,0.3827,1,0.5
3416,4,113,0.3668,1,0.5
3417,1,14,0.6031,0,0.5
3417,3,75,0.2903,1,0.5
3417,2,113,0.1927,1,0.5
3417,4,38,0.0007,1,0.5
3418,1,14,0.3523,1,0.5
3418,3,75,0.2484,1,0.5
3418,2,113,0.1514,1,0.5
3418,4,38,0.0514,1,0.5
3419,4,113,0.5924,0,0.5
3419,1,14,0.2741,1,0.5
3419,3,75,0.162,1,0.5
3419,2,38,0.0064,1,0.5
3420,4,113,0.6198,0,0.5
3420,1,14,0.1808,1,0.5
3420,3,75,0.0916,1,0.5
3420,2,38,0.005,1,0.5
3421,4,113,0.6643,0,0.5
3421,1,14,0.1251,1,0.5
3421,3,75,0.0418,1,0.5
3421,2,38,0.002,1,0.5
3422,4,113,0.6892,0,0.5
3422,1,14,0.0943,1,0.5
3422,3,75,0.006,1,0.5
3422,2,38,0.0039,1,0.5
3423,4,113,0.6531,0,0.5
3423,1,14,0.0263,1,0.5
3423,2,38,0.0067,1,0.5
3423,3,75,0.0,1,0.5
3424,4,113,0.7062,0,0.5
3424,1,14,0.0309,1,0.5
3424,3,38,0.0,1,0.5
3425,4,113,0.5875,0,0.5
3425,1,14,0.0805,1,0.5
3425,3,75,0.0079,1,0.5
3425,2,38,0.0038,1,0.5
3426,4,113,0.559,0,0.5
3426,1,14,0.1507,1,0.5
3426,2,38,0.0007,1,0.5
3426,3,75,0.0002,1,0.5
3427,4,113,0.4966,1,0.5
3427,1,14,0.2165,1,0.5
3427,2,38,0.0,1,0.5
3427,3,75,0.0,1,0.5
3428,4,113,0.5095,0,0.5
3428,1,14,0.2532,1,0.5
3428,2,38,0.0,1,0.5
3428,3,75,0.0,1,0.5
3429,4,113,0.4664,1,0.5
3429,1,14,0.178,1,0.5
3429,2,38,0.0,1,0.5
3429,3,75,0.0,1,0.5
3430,4,113,0.4829,1,0.5
3430,1,14,0.2074,1,0.5
3430,2,38,0.0,1,0.5
3430,3,75,0.0,1,0.5
3431,4,113,0.3815,1,0.5
3431,1,14,0.204,1,0.5
3431,2,38,0.0,1,0.5
3431,3,75,0.0,1,0.5
3432,4,113,0.318,1,0.5
3432,1,14,0.1782,1,0.5
3432,2,38,0.0,1,0.5
3432,3,75,0.0,1,0.5
3433,4,113,0.2671,1,0.5
3433,1,14,0.1841,1,0.5
3433,2,38,0.0,1,0.5
3433,3,75,0.0,1,0.5
3434,4,113,0.2321,1,0.5
3434,1,14,0.2203,1,0.5
3434,2,38,0.0,1,0.5
3434,3,75,0.0,1,0.5
3435,1,14,0.2029,1,0.5
3435,4,113,0.1953,1,0.5
3435,2,38,0.0,1,0.5
3435,3,75,0.0,1,0.5
3436,1,14,0.1898,1,0.5
3436,4,113,0.1799,1,0.5
3436,2,38,0.0,1,0.5
3436,3,75,0.0,1,0.5
3437,1,14,0.201,1,0.5
3437,4,113,0.1535,1,0.5
3437,2,38,0.0,1,0.5
3437,3,75,0.0,1,0.5
3438,1,14,0.1866,1,0.5
3438,4,113,0.1707,1,0.5
3438,2,38,0.0,1,0.5
3438,3,75,0.0,1,0.5
3439,4,113,0.2339,1,0.5
3439,1,14,0.1776,1,0.5
3439,2,38,0.0,1,0.5
3439,3,75,0.0,1,0.5
3440,4,113,0.2782,1,0.5
3440,1,14,0.2032,1,0.5
3440,3,38,0.0,1,0.5
3441,4,113,0.3247,1,0.5
3441,1,14,0.2358,1,0.5
3441,2,38,0.0,1,0.5
3441,3,75,0.0,1,0.5
3442,4,113,0.3809,1,0.5
3442,1,14,0.1764,1,0.5
3442,3,38,0.0,1,0.5
3443,4,113,0.4272,1,0.5
3443,1,14,0.1843,1,0.5
3443,3,38,0.0,1,0.5
3444,4,113,0.4098,1,0.5
3444,1,14,0.157,1,0.5
3444,3,75,0.004,1,0.5
3444,2,38,0.0,1,0.5
3445,4,113,0.4271,1,0.5
3445,1,14,0.1238,1,0.5
3445,3,75,0.0099,1,0.5
3445,2,38,0.0,1,0.5
3446,4,113,0.3912,1,0.5
3446,1,14,0.1371,1,0.5
3446,3,75,0.0083,1,0.5
3447,4,113,0.3575,1,0.5
3447,1,14,0.1375,1,0.5
3447,3,75,0.0111,1,0.5
3448,4,113,0.3703,1,0.5
3448,1,14,0.1579,1,0.5
3448,3,75,0.0088,1,0.5
3448,2,38,0.0,1,0.5
3449,4,113,0.3714,1,0.5
3449,1,14,0.1749,1,0.5
3449,3,75,0.0012,1,0.5
3449,2,38,0.0,1,0.5
3450,4,113,0.3435,1,0.5
3450,1,14,0.1796,1,0.5
3450,3,75,0.0014,1,0.5
3450,2,38,0.0,1,0.5
3451,4,113,0.3279,1,0.5
3451,1,14,0.1757,1,0.5
3451,3,75,0.0265,1,0.5
3451,2,38,0.0,1,0.5
3452,4,113,0.3105,1,0.5
3452,1,14,0.1866,1,0.5
3452,3,75,0.0453,1,0.5
3452,2,38,0.0,1,0.5
3453,4,113,0.2862,1,0.5
3453,1,14,0.2242,1,0.5
3453,3,75,0.0865,1,0.5
3453,2,38,0.0,1,0.5
3454,1,14,0.2767,1,0.5
3454,4,113,0.2676,1,0.5
3454,3,75,0.1306,1,0.5
3454,2,38,0.0,1,0.5
3455,1,14,0.3314,1,0.5
3455,4,113,0.2498,1,0.5
3455,3,75,0.1466,1,0.5
3455,2,38,0.0,1,0.5
3456,1,14,0.3266,1,0.5
3456,4,113,0.2412,1,0.5
3456,3,75,0.1504,1,0.5
3456,2,38,0.0,1,0.5
3457,1,14,0.2933,1,0.5
3457,4,113,0.2233,1,0.5
3457,3,75,0.1383,1,0.5
3457,2,38,0.0,1,0.5
3458,1,14,0.2718,1,0.5
3458,4,113,0.2312,1,0.5
3458,3,75,0.1446,1,0.5
3458,2,38,0.0,1,0.5
3459,1,14,0.276,1,0.5
3459,4,113,0.2521,1,0.5
3459,3,75,0.1588,1,0.5
3459,2,38,0.0,1,0.5
3460,1,14,0.266,1,0.5
3460,4,113,0.2548,1,0.5
3460,3,75,0.1874,1,0.5
3460,2,38,0.0,1,0.5
3461,4,113,0.2867,1,0.5
3461,1,14,0.238,1,0.5
3461,3,75,0.2259,1,0.5
3461,2,38,0.0,1,0.5
3462,4,113,0.3197,1,0.5
3462,1,14,0.2734,1,0.5
3462,3,75,0.2323,1,0.5
3462,2,38,0.0,1,0.5
3463,4,113,0.3753,1,0.5
3463,1,14,0.2722,1,0.5
3463,3,75,0.1938,1,0.5
3463,2,38,0.0,1,0.5
3464,4,113,0.4487,1,0.5
3464,1,14,0.2664,1,0.5
3464,3,75,0.2567,1,0.5
3464,2,38,0.0,1,0.5
3465,4,113,0.5125,0,0.5
3465,3,75,0.2991,1,0.5
3465,1,14,0.2804,1,0.5
3465,2,38,0.0,1,0.5
3466,4,113,0.5372,0,0.5
3466,3,75,0.3477,1,0.5
3466,1,14,0.309,1,0.5
3466,2,38,0.0,1,0.5
3467,4,113,0.5797,0,0.5
3467,3,75,0.4479,1,0.5
3467,1,14,0.3467,1,0.5
3468,4,113,0.5825,0,0.5
3468,3,75,0.5533,0,0.5
3468,1,14,0.3822,1,0.5
3469,4,113,0.5629,0,0.5
3469,3,75,0.5552,0,0.5
3469,1,14,0.4134,1,0.5
3469,2,38,0.0,1,0.5
3470,3,75,0.6791,0,0.5
3470,4,113,0.5573,0,0.5
3470,1,14,0.4204,1,0.5
3470,2,38,0.0,1,0.5
3471,3,75,0.8178,0,0.5
3471,4,113,0.5738,0,0.5
3471,1,14,0.4294,1,0.5
3471,2,38,0.0,1,0.5
3472,3,75,0.7803,0,0.5
3472,4,113,0.5714,0,0.5
3472,1,14,0.4404,1,0.5
3472,2,38,0.0,1,0.5
3473,3,75,0.7247,0,0.5
3473,4,113,0.5583,0,0.5
3473,1,14,0.4388,1,0.5
3473,2,38,0.0,1,0.5
3474,3,75,0.6789,0,0.5
3474,4,113,0.5502,0,0.5
3474,1,14,0.4343,1,0.5
3474,2,38,0.0,1,0.5
3475,4,113,0.5441,0,0.5
3475,3,75,0.5346,0,0.5
3475,1,14,0.4835,1,0.5
3476,4,113,0.5347,0,0.5
3476,1,14,0.5249,0,0.5
3476,3,75,0.4474,1,0.5
3476,2,38,0.0,1,0.5
3477,1,14,0.5039,0,0.5
3477,4,113,0.4913,1,0.5
3477,3,75,0.4427,1,0.5
3477,2,38,0.0,1,0.5
3478,4,113,0.547,0,0.5
3478,1,14,0.5099,0,0.5
3478,3,75,0.3049,1,0.5
3478,2,38,0.0,1,0.5
3479,4,113,0.5548,0,0.5
3479,1,14,0.4761,1,0.5
3479,3,75,0.2238,1,0.5
3479,2,38,0.0,1,0.5
3480,4,113,0.6028,0,0.5
3480,1,14,0.4266,1,0.5
3480,3,75,0.2783,1,0.5
3480,2,38,0.0,1,0.5
3481,4,113,0.5516,0,0.5
3481,1,14,0.377,1,0.5
3481,3,75,0.2571,1,0.5
3481,2,38,0.0,1,0.5
3482,4,113,0.4422,1,0.5
3482,1,14,0.3414,1,0.5
3482,3,75,0.2673,1,0.5
3482,2,38,0.0,1,0.5
3483,4,113,0.3506,1,0.5
3483,1,14,0.3451,1,0.5
3483,3,75,0.2735,1,0.5
3483,2,38,0.0,1,0.5
3484,1,14,0.3475,1,0.5
3484,3,75,0.3069,1,0.5
3484,4,113,0.2388,1,0.5
3484,2,38,0.0,1,0.5
3485,1,14,0.3678,1,0.5
3485,3,75,0.3389,1,0.5
3485,4,113,0.2079,1,0.5
3485,2,38,0.0,1,0.5
3486,1,14,0.3864,1,0.5
3486,3,75,0.3761,1,0.5
3486,4,113,0.1729,1,0.5
3486,2,38,0.0,1,0.5
3487,3,75,0.4994,1,0.5
3487,1,14,0.3364,1,0.5
3487,4,113,0.1553,1,0.5
3487,2,38,0.0,1,0.5
3488,3,75,0.5841,0,0.5
3488,1,14,0.3688,1,0.5
3488,4,113,0.1374,1,0.5
3488,2,38,0.0,1,0.5
3489,3,75,0.6218,0,0.5
3489,1,14,0.3966,1,0.5
3489,4,113,0.1321,1,0.5
3489,2,38,0.0,1,0.5
3490,3,75,0.6221,0,0.5
3490,1,14,0.4217,1,0.5
3490,4,113,0.1392,1,0.5
3490,2,38,0.0,1,0.5
3491,3,75,0.6537,0,0.5
3491,1,14,0.4049,1,0.5
3491,4,113,0.1513,1,0.5
3491,2,38,0.0,1,0.5
3492,3,75,0.6646,0,0.5
3492,1,14,0.3878,1,0.5
3492,4,113,0.1866,1,0.5
3493,3,75,0.7068,0,0.5
3493,1,14,0.4119,1,0.5
3493,4,113,0.2194,1,0.5
3493,2,38,0.0,1,0.5
3494,3,75,0.8055,0,0.5
3494,1,14,0.4348,1,0.5
3494,4,113,0.2483,1,0.5
3494,2,38,0.0,1,0.5
3495,3,75,0.7105,0,0.5
3495,1,14,0.4679,1,0.5
3495,4,113,0.2695,1,0.5
3496,3,75,0.6565,0,0.5
3496,1,14,0.5097,0,0.5
3496,4,113,0.3039,1,0.5
3496,2,38,0.0,1,0.5
3497,3,75,0.6121,0,0.5
3497,1,14,0.5533,0,0.5
3497,4,113,0.3483,1,0.5
3497,2,38,0.0,1,0.5
3498,1,14,0.5825,0,0.5
3498,3,75,0.574,0,0.5
3498,4,113,0.4096,1,0.5
3498,2,38,0.0,1,0.5
3499,1,14,0.6371,0,0.5
3499,3,75,0.4914,1,0.5
3499,4,113,0.4541,1,0.5
3499,2,38,0.0,1,0.5
3500,1,14,0.6898,0,0.5
3500,4,113,0.4988,1,0.5
3500,3,75,0.4332,1,0.5
3500,2,38,0.0,1,0.5
3501,1,14,0.6807,0,0.5
3501,4,113,0.5332,0,0.5
3501,3,75,0.4169,1,0.5
3501,2,38,0.0,1,0.5
3502,1,14,0.6313,0,0.5
3502,4,113,0.5716,0,0.5
3502,3,75,0.4221,1,0.5
3502,2,38,0.0,1,0.5
3503,1,14,0.6299,0,0.5
3503,4,113,0.6018,0,0.5
3503,3,75,0.4101,1,0.5
3503,2,38,0.0,1,0.5
3504,1,14,0.6652,0,0.5
3504,4,113,0.6295,0,0.5
3504,3,75,0.423,1,0.5
3504,2,38,0.0,1,0.5
3505,1,14,0.7099,0,0.5
3505,4,113,0.6507,0,0.5
3505,3,75,0.4867,1,0.5
3505,2,38,0.0,1,0.5
3506,1,14,0.7518,0,0.5
3506,4,113,0.6504,0,0.5
3506,3,75,0.4944,1,0.5
3506,2,38,0.0,1,0.5
3507,1,14,0.7562,0,0.5
3507,4,113,0.6181,0,0.5
3507,3,75,0.5363,0,0.5
3507,2,38,0.0,1,0.5
3508,1,14,0.7641,0,0.5
3508,4,113,0.7041,0,0.5
3508,3,75,0.6217,0,0.5
3508,2,38,0.0,1,0.5
3509,1,14,0.7932,0,0.5
3509,4,113,0.7063,0,0.5
3509,3,75,0.6045,0,0.5
3509,2,38,0.0,1,0.5
3510,1,14,0.7813,0,0.5
3510,4,113,0.7183,0,0.5
3510,3,75,0.5449,0,0.5
3510,2,38,0.0,1,0.5
3511,1,14,0.7419,0,0.5
3511,4,113,0.7325,0,0.5
3511,3,75,0.4608,1,0.5
3511,2,38,0.0,1,0.5
3512,4,113,0.7425,0,0.5
3512,1,14,0.6982,0,0.5
3512,3,75,0.3593,1,0.5
3512,2,38,0.0,1,0.5
3513,4,113,0.7726,0,0.5
3513,1,14,0.6806,0,0.5
3513,3,75,0.2356,1,0.5
3513,2,38,0.0,1,0.5
3514,4,113,0.8023,0,0.5
3514,1,14,0.6675,0,0.5
3514,3,75,0.1017,1,0.5
3514,2,38,0.0,1,0.5
3515,4,113,0.8079,0,0.5
3515,1,14,0.6674,0,0.5
3515,3,75,0.0211,1,0.5
3515,2,38,0.0,1,0.5
3516,4,113,0.8144,0,0.5
3516,1,14,0.6476,0,0.5
3516,3,75,0.001,1,0.5
3516,2,38,0.0,1,0.5
3517,4,113,0.8056,0,0.5
3517,1,14,0.6242,0,0.5
3517,2,38,0.0,1,0.5
3517,3,75,0.0,1,0.5
3518,4,113,0.8006,0,0.5
3518,1,14,0.6197,0,0.5
3518,2,38,0.0,1,0.5
3518,3,75,0.0,1,0.5
3519,4,113,0.8015,0,0.5
3519,1,14,0.6316,0,0.5
3519,2,38,0.0,1,0.5
3519,3,75,0.0,1,0.5
3520,4,113,0.7959,0,0.5
3520,1,14,0.6374,0,0.5
3520,2,38,0.0,1,0.5
3520,3,75,0.0,1,0.5
3521,4,113,0.7918,0,0.5
3521,1,14,0.6443,0,0.5
3521,2,38,0.0,1,0.5
3521,3,75,0.0,1,0.5
3522,4,113,0.7874,0,0.5
3522,1,14,0.6607,0,0.5
3522,2,38,0.0,1,0.5
3522,3,75,0.0,1,0.5
3523,4,113,0.7851,0,0.5
3523,1,14,0.6761,0,0.5
3523,2,38,0.0,1,0.5
3523,3,75,0.0,1,0.5
3524,4,113,0.7854,0,0.5
3524,1,14,0.6826,0,0.5
3524,2,38,0.0,1,0.5
3524,3,75,0.0,1,0.5
3525,4,113,0.7832,0,0.5
3525,1,14,0.6927,0,0.5
3525,3,75,0.0151,1,0.5
3525,2,38,0.0,1,0.5
3526,4,113,0.7835,0,0.5
3526,1,14,0.684,0,0.5
3526,3,75,0.0799,1,0.5
3526,2,38,0.0,1,0.5
3527,4,113,0.7827,0,0.5
3527,1,14,0.6747,0,0.5
3527,3,75,0.1781,1,0.5
3527,2,38,0.0,1,0.5
3528,4,113,0.7922,0,0.5
3528,1,14,0.6762,0,0.5
3528,3,75,0.2004,1,0.5
3528,2,38,0.0,1,0.5
3529,4,113,0.8156,0,0.5
3529,1,14,0.687,0,0.5
3529,3,75,0.1958,1,0.5
3529,2,38,0.0,1,0.5
3530,4,113,0.8179,0,0.5
3530,1,14,0.6968,0,0.5
3530,3,75,0.2206,1,0.5
3530,2,38,0.0,1,0.5
3531,4,113,0.8211,0,0.5
3531,1,14,0.7109,0,0.5
3531,3,75,0.228,1,0.5
3531,2,38,0.0,1,0.5
3532,4,113,0.8195,0,0.5
3532,1,14,0.7188,0,0.5
3532,3,75,0.1757,1,0.5
3532,2,38,0.0,1,0.5
3533,4,113,0.8234,0,0.5
3533,1,14,0.7363,0,0.5
3533,3,75,0.1599,1,0.5
3533,2,38,0.0,1,0.5
3534,4,113,0.823,0,0.5
3534,1,14,0.7696,0,0.5
3534,3,75,0.1854,1,0.5
3534,2,38,0.0,1,0.5
3535,4,113,0.8235,0,0.5
3535,1,14,0.7788,0,0.5
3535,3,75,0.2615,1,0.5
3535,2,38,0.0,1,0.5
3536,4,113,0.8203,0,0.5
3536,1,14,0.7967,0,0.5
3536,3,75,0.2743,1,0.5
3536,2,38,0.0,1,0.5
3537,1,14,0.8219,0,0.5
3537,4,113,0.819,0,0.5
3537,3,75,0.2642,1,0.5
3537,2,38,0.0,1,0.5
3538,1,14,0.8298,0,0.5
3538,4,113,0.8155,0,0.5
3538,3,75,0.2667,1,0.5
3538,2,38,0.0,1,0.5
3539,1,14,0.8355,0,0.5
3539,4,113,0.8167,0,0.5
3539,3,75,0.3076,1,0.5
3539,2,38,0.0,1,0.5
3540,1,14,0.8407,0,0.5
3540,4,113,0.8183,0,0.5
3540,3,75,0.3381,1,0.5
3540,2,38,0.0,1,0.5
3541,1,14,0.8364,0,0.5
3541,4,113,0.8199,0,0.5
3541,3,75,0.3812,1,0.5
3541,2,38,0.0,1,0.5
3542,1,14,0.8416,0,0.5
3542,4,113,0.8186,0,0.5
3542,3,75,0.4087,1,0.5
3542,2,38,0.0,1,0.5
3543,1,14,0.8303,0,0.5
3543,4,113,0.8211,0,0.5
3543,3,75,0.412,1,0.5
3543,2,38,0.0,1,0.5
3544,4,113,0.8221,0,0.5
3544,1,14,0.815,0,0.5
3544,3,75,0.4942,1,0.5
3544,2,38,0.0,1,0.5
3545,4,113,0.8207,0,0.5
3545,1,14,0.7832,0,0.5
3545,3,75,0.5386,0,0.5
3545,2,38,0.0,1,0.5
3546,4,113,0.8208,0,0.5
3546,1,14,0.7785,0,0.5
3546,3,75,0.573,0,0.5
3546,2,38,0.0,1,0.5
3547,4,113,0.8211,0,0.5
3547,1,14,0.7908,0,0.5
3547,3,75,0.5928,0,0.5
3547,2,38,0.0,1,0.5
3548,4,113,0.8214,0,0.5
3548,1,14,0.7901,0,0.5
3548,3,75,0.6577,0,0.5
3548,2,38,0.0,1,0.5
3549,4,113,0.8251,0,0.5
3549,1,14,0.7906,0,0.5
3549,3,75,0.6586,0,0.5
3549,2,38,0.0,1,0.5
3550,4,113,0.823,0,0.5
3550,1,14,0.7885,0,0.5
3550,3,75,0.7202,0,0.5
3550,2,38,0.0,1,0.5
3551,4,113,0.8079,0,0.5
3551,1,14,0.7625,0,0.5
3551,3,75,0.7299,0,0.5
3551,2,38,0.0,1,0.5
3552,4,113,0.8004,0,0.5
3552,1,14,0.7716,0,0.5
3552,3,75,0.7166,0,0.5
3552,2,38,0.0,1,0.5
3553,1,14,0.8012,0,0.5
3553,4,113,0.7943,0,0.5
3553,3,75,0.6144,0,0.5
3553,2,38,0.0,1,0.5
3554,1,14,0.7949,0,0.5
3554,4,113,0.7931,0,0.5
3554,3,75,0.5715,0,0.5
3554,2,38,0.0,1,0.5
3555,1,14,0.7993,0,0.5
3555,4,113,0.7929,0,0.5
3555,3,75,0.5262,0,0.5
3555,2,38,0.0,1,0.5
3556,1,14,0.8016,0,0.5
3556,4,113,0.7909,0,0.5
3556,3,75,0.4564,1,0.5
3556,2,38,0.0,1,0.5
3557,1,14,0.7833,0,0.5
3557,4,113,0.7393,0,0.5
3557,3,75,0.4323,1,0.5
3557,2,38,0.0,1,0.5
3558,1,14,0.7875,0,0.5
3558,4,113,0.6476,0,0.5
3558,3,75,0.4407,1,0.5
3558,2,38,0.0,1,0.5
3559,1,14,0.8027,0,0.5
3559,4,113,0.5426,0,0.5
3559,3,75,0.4259,1,0.5
3559,2,38,0.0,1,0.5
3560,1,14,0.8041,0,0.5
3560,3,75,0.4206,1,0.5
3560,4,113,0.4056,1,0.5
3560,2,38,0.0,1,0.5
3561,1,14,0.7968,0,0.5
3561,3,75,0.4837,1,0.5
3561,4,113,0.3043,1,0.5
3561,2,38,0.0,1,0.5
3562,1,14,0.7903,0,0.5
3562,3,75,0.6211,0,0.5
3562,4,113,0.228,1,0.5
3562,2,38,0.0,1,0.5
3563,1,14,0.7985,0,0.5
3563,3,75,0.6003,0,0.5
3563,4,113,0.1621,1,0.5
3563,2,38,0.0,1,0.5
3564,1,14,0.8049,0,0.5
3564,3,75,0.6382,0,0.5
3564,4,113,0.113,1,0.5
3564,2,38,0.0,1,0.5
3565,1,14,0.8132,0,0.5
3565,3,75,0.62,0,0.5
3565,4,113,0.0838,1,0.5
3565,2,38,0.0,1,0.5
3566,1,14,0.8066,0,0.5
3566,3,75,0.6119,0,0.5
3566,4,113,0.0676,1,0.5
3566,2,38,0.0,1,0.5
3567,1,14,0.8002,0,0.5
3567,3,75,0.6426,0,0.5
3567,4,113,0.0577,1,0.5
3567,2,38,0.0,1,0.5
3568,1,14,0.8192,0,0.5
3568,3,75,0.6444,0,0.5
3568,4,113,0.0576,1,0.5
3568,2,38,0.0,1,0.5
3569,1,14,0.8471,0,0.5
3569,3,75,0.6837,0,0.5
3569,4,113,0.0815,1,0.5
3569,2,38,0.0,1,0.5
3570,1,14,0.8674,0,0.5
3570,3,75,0.6698,0,0.5
3570,4,113,0.1159,1,0.5
3570,2,38,0.0,1,0.5
3571,1,14,0.8722,0,0.5
3571,3,75,0.6422,0,0.5
3571,4,113,0.1605,1,0.5
3571,2,38,0.0,1,0.5
3572,1,14,0.8653,0,0.5
3572,3,75,0.6738,0,0.5
3572,4,113,0.1957,1,0.5
3572,2,38,0.0,1,0.5
3573,1,14,0.8686,0,0.5
3573,3,75,0.7204,0,0.5
3573,4,113,0.2251,1,0.5
3573,2,38,0.0,1,0.5
3574,1,14,0.8846,0,0.5
3574,3,75,0.719,0,0.5
3574,4,113,0.2512,1,0.5
3574,2,38,0.0,1,0.5
3575,1,14,0.8856,0,0.5
3575,3,75,0.7177,0,0.5
3575,4,113,0.2821,1,0.5
3575,2,38,0.0,1,0.5
3576,1,14,0.8738,0,0.5
3576,3,75,0.692,0,0.5
3576,4,113,0.335,1,0.5
3576,2,38,0.0,1,0.5
3577,1,14,0.8703,0,0.5
3577,3,75,0.6633,0,0.5
3577,4,113,0.3647,1,0.5
3577,2,38,0.0,1,0.5
3578,1,14,0.8854,0,0.5
3578,3,75,0.6213,0,0.5
3578,4,113,0.412,1,0.5
3578,2,38,0.0,1,0.5
3579,1,14,0.8816,0,0.5
3579,3,75,0.6769,0,0.5
3579,4,113,0.4323,1,0.5
3579,2,38,0.0,1,0.5
3580,1,14,0.8763,0,0.5
3580,3,75,0.679,0,0.5
3580,4,113,0.428,1,0.5
3580,2,38,0.0,1,0.5
3581,1,14,0.8806,0,0.5
3581,3,75,0.6668,0,0.5
3581,4,113,0.407,1,0.5
3581,2,38,0.0,1,0.5
3582,1,14,0.8796,0,0.5
3582,3,75,0.6892,0,0.5
3582,4,113,0.3609,1,0.5
3582,2,38,0.0,1,0.5
3583,1,14,0.8739,0,0.5
3583,3,75,0.7582,0,0.5
3583,4,113,0.3414,1,0.5
3583,2,38,0.0,1,0.5
3584,1,14,0.8653,0,0.5
3584,3,75,0.6899,0,0.5
3584,4,113,0.3338,1,0.5
3584,2,38,0.0,1,0.5
3585,1,14,0.8635,0,0.5
3585,3,75,0.7483,0,0.5
3585,4,113,0.3467,1,0.5
3585,2,38,0.0,1,0.5
3586,1,14,0.8619,0,0.5
3586,3,75,0.7735,0,0.5
3586,4,113,0.3801,1,0.5
3586,2,38,0.0,1,0.5
3587,1,14,0.86,0,0.5
3587,3,75,0.8099,0,0.5
3587,4,113,0.4248,1,0.5
3587,2,38,0.0,1,0.5
3588,1,14,0.8539,0,0.5
3588,3,75,0.6797,0,0.5
3588,4,113,0.5049,0,0.5
3588,2,38,0.0,1,0.5
3589,1,14,0.8461,0,0.5
3589,3,75,0.7641,0,0.5
3589,4,113,0.5738,0,0.5
3589,2,38,0.0,1,0.5
3590,1,14,0.8362,0,0.5
3590,3,75,0.8086,0,0.5
3590,4,113,0.5052,0,0.5
3591,1,14,0.8349,0,0.5
3591,3,75,0.7741,0,0.5
3591,4,113,0.4348,1,0.5
3591,2,38,0.0,1,0.5
3592,1,14,0.8205,0,0.5
3592,3,75,0.7726,0,0.5
3592,4,113,0.388,1,0.5
3592,2,38,0.0,1,0.5
3593,1,14,0.8273,0,0.5
3593,3,75,0.7536,0,0.5
3593,4,113,0.3224,1,0.5
3594,1,14,0.8325,0,0.5
3594,3,75,0.7629,0,0.5
3594,4,113,0.2802,1,0.5
3594,2,38,0.0,1,0.5
3595,1,14,0.8333,0,0.5
3595,3,75,0.678,0,0.5
3595,4,113,0.2722,1,0.5
3595,2,38,0.0,1,0.5
3596,1,14,0.83,0,0.5
3596,3,75,0.68,0,0.5
3596,4,113,0.2743,1,0.5
3596,2,38,0.0,1,0.5
3597,1,14,0.8314,0,0.5
3597,3,75,0.654,0,0.5
3597,4,113,0.2706,1,0.5
3597,2,38,0.0,1,0.5
3598,1,14,0.8202,0,0.5
3598,3,75,0.6761,0,0.5
3598,4,113,0.2728,1,0.5
3598,2,38,0.0,1,0.5
3599,1,14,0.828,0,0.5
3599,3,75,0.6541,0,0.5
3599,4,113,0.2835,1,0.5
3599,2,38,0.0,1,0.5
3600,1,14,0.8192,0,0.5
3600,3,75,0.6511,0,0.5
3600,4,113,0.3194,1,0.5
3601,1,14,0.8157,0,0.5
3601,3,75,0.6447,0,0.5
3601,4,113,0.3766,1,0.5
3601,2,38,0.0,1,0.5
3602,1,14,0.8093,0,0.5
3602,3,75,0.646,0,0.5
3602,4,113,0.4038,1,0.5
3602,2,38,0.0,1,0.5
3603,1,14,0.7805,0,0.5
3603,3,75,0.515,0,0.5
3603,4,113,0.4091,1,0.5
3604,1,14,0.7584,0,0.5
3604,3,75,0.4335,1,0.5
3604,4,113,0.3731,1,0.5
3604,2,38,0.0,1,0.5
3605,1,14,0.7507,0,0.5
3605,3,75,0.462,1,0.5
3605,4,113,0.4555,1,0.5
3606,1,14,0.7289,0,0.5
3606,4,113,0.4788,1,0.5
3606,3,75,0.4541,1,0.5
3606,2,38,0.0,1,0.5
3607,1,14,0.698,0,0.5
3607,4,113,0.4636,1,0.5
3607,3,75,0.4368,1,0.5
3607,2,38,0.0,1,0.5
3608,1,14,0.6775,0,0.5
3608,4,113,0.5076,0,0.5
3608,3,75,0.4519,1,0.5
3608,2,38,0.0,1,0.5
3609,1,14,0.6542,0,0.5
3609,4,113,0.5484,0,0.5
3609,3,75,0.5154,0,0.5
3609,2,38,0.0,1,0.5
3610,1,14,0.5997,0,0.5
3610,4,113,0.5408,0,0.5
3610,3,75,0.483,1,0.5
3611,4,113,0.5963,0,0.5
3611,1,14,0.5122,0,0.5
3611,3,75,0.4524,1,0.5
3611,2,38,0.0,1,0.5
3612,4,113,0.7026,0,0.5
3612,3,75,0.4831,1,0.5
3612,1,14,0.4543,1,0.5
3612,2,38,0.0,1,0.5
3613,4,113,0.6472,0,0.5
3613,3,75,0.5767,0,0.5
3613,1,14,0.3869,1,0.5
3613,2,38,0.0,1,0.5
3614,4,113,0.663,0,0.5
3614,3,75,0.6204,0,0.5
3614,1,14,0.3282,1,0.5
3614,2,38,0.0,1,0.5
3615,4,113,0.6674,0,0.5
3615,3,75,0.6187,0,0.5
3615,1,14,0.3236,1,0.5
3615,2,38,0.0,1,0.5
3616,4,113,0.6834,0,0.5
3616,3,75,0.646,0,0.5
3616,1,14,0.3141,1,0.5
3616,2,38,0.0,1,0.5
3617,4,113,0.6831,0,0.5
3617,3,75,0.6067,0,0.5
3617,1,14,0.3414,1,0.5
3617,2,38,0.0,1,0.5
3618,4,113,0.6856,0,0.5
3618,3,75,0.5484,0,0.5
3618,1,14,0.4055,1,0.5
3618,2,38,0.0,1,0.5
3619,4,113,0.7024,0,0.5
3619,3,75,0.524,0,0.5
3619,1,14,0.4148,1,0.5
3619,2,38,0.0,1,0.5
3620,4,113,0.704,0,0.5
3620,3,75,0.5434,0,0.5
3620,1,14,0.4553,1,0.5
3620,2,38,0.0,1,0.5
3621,4,113,0.7044,0,0.5
3621,3,75,0.5617,0,0.5
3621,1,14,0.5435,0,0.5
3621,2,38,0.0,1,0.5
3622,4,113,0.6975,0,0.5
3622,1,14,0.676,0,0.5
3622,3,75,0.5984,0,0.5
3622,2,38,0.0,1,0.5
3623,1,14,0.7549,0,0.5
3623,4,113,0.695,0,0.5
3623,3,75,0.6211,0,0.5
3623,2,38,0.0,1,0.5
3624,1,14,0.7448,0,0.5
3624,4,113,0.7,0,0.5
3624,3,75,0.6285,0,0.5
3624,2,38,0.0,1,0.5
3625,1,14,0.748,0,0.5
3625,4,113,0.7049,0,0.5
3625,3,75,0.5982,0,0.5
3625,2,38,0.0,1,0.5
3626,1,14,0.7842,0,0.5
3626,4,113,0.7097,0,0.5
3626,3,75,0.6148,0,0.5
3626,2,38,0.0,1,0.5
3627,1,14,0.8187,0,0.5
3627,4,113,0.7161,0,0.5
3627,3,75,0.701,0,0.5
3627,2,38,0.0,1,0.5
3628,1,14,0.8177,0,0.5
3628,3,75,0.7998,0,0.5
3628,4,113,0.7193,0,0.5
3628,2,38,0.0,1,0.5
3629,1,14,0.8091,0,0.5
3629,3,75,0.7814,0,0.5
3629,4,113,0.6933,0,0.5
3629,2,38,0.0,1,0.5
3630,1,14,0.7557,0,0.5
3630,4,113,0.698,0,0.5
3630,3,75,0.6734,0,0.5
3630,2,38,0.0,1,0.5
3631,1,14,0.6726,0,0.5
3631,4,113,0.6511,0,0.5
3631,3,75,0.6129,0,0.5
3631,2,38,0.0,1,0.5
3632,3,75,0.6327,0,0.5
3632,4,113,0.6018,0,0.5
3632,1,14,0.5656,0,0.5
3632,2,38,0.0,1,0.5
3633,3,75,0.6331,0,0.5
3633,1,14,0.5388,0,0.5
3633,4,113,0.5073,0,0.5
3633,2,38,0.0,1,0.5
3634,3,75,0.6445,0,0.5
3634,1,14,0.4921,1,0.5
3634,4,113,0.4379,1,0.5
3634,2,38,0.0,1,0.5
3635,3,75,0.6757,0,0.5
3635,1,14,0.4838,1,0.5
3635,4,113,0.388,1,0.5
3635,2,38,0.0,1,0.5
3636,3,75,0.7358,0,0.5
3636,1,14,0.5016,0,0.5
3636,4,113,0.3541,1,0.5
3636,2,38,0.0,1,0.5
3637,3,75,0.6422,0,0.5
3637,1,14,0.5144,0,0.5
3637,4,113,0.3299,1,0.5
3637,2,38,0.0,1,0.5
3638,3,75,0.5391,0,0.5
3638,1,14,0.5082,0,0.5
3638,4,113,0.3187,1,0.5
3639,1,14,0.4999,1,0.5
3639,3,75,0.4823,1,0.5
3639,4,113,0.3039,1,0.5
3640,1,14,0.5292,0,0.5
3640,3,75,0.4435,1,0.5
3640,4,113,0.3085,1,0.5
3641,1,14,0.5693,0,0.5
3641,3,75,0.4481,1,0.5
3641,4,113,0.3522,1,0.5
3642,1,14,0.6414,0,0.5
3642,3,75,0.4345,1,0.5
3642,4,113,0.3676,1,0.5
3643,1,14,0.6684,0,0.5
3643,3,75,0.6071,0,0.5
3643,4,113,0.4023,1,0.5
3644,1,14,0.668,0,0.5
3644,3,75,0.5671,0,0.5
3644,4,113,0.4278,1,0.5
3645,1,14,0.671,0,0.5
3645,3,75,0.6481,0,0.5
3645,4,113,0.494,1,0.5
3646,3,75,0.7553,0,0.5
3646,1,14,0.6498,0,0.5
3646,4,113,0.5201,0,0.5
3647,1,14,0.6311,0,0.5
3647,3,75,0.5726,0,0.5
3647,4,113,0.5541,0,0.5
3648,1,14,0.6145,0,0.5
3648,3,75,0.5552,0,0.5
3648,4,113,0.5466,0,0.5
3649,1,14,0.5844,0,0.5
3649,4,113,0.5671,0,0.5
3649,3,75,0.5503,0,0.5
3650,4,113,0.602,0,0.5
3650,1,14,0.5754,0,0.5
3650,3,75,0.5546,0,0.5
3651,4,113,0.6373,0,0.5
3651,1,14,0.5657,0,0.5
3651,3,75,0.5482,0,0.5
3652,4,113,0.6677,0,0.5
3652,3,75,0.5918,0,0.5
3652,1,14,0.5645,0,0.5
3653,3,75,0.6883,0,0.5
3653,4,113,0.6786,0,0.5
3653,1,14,0.5881,0,0.5
3654,4,113,0.6665,0,0.5
3654,3,75,0.6456,0,0.5
3654,1,14,0.5892,0,0.5
3655,4,113,0.6696,0,0.5
3655,3,75,0.6596,0,0.5
3655,1,14,0.6392,0,0.5
3656,1,14,0.6789,0,0.5
3656,4,113,0.6709,0,0.5
3656,3,75,0.6343,0,0.5
3657,1,14,0.6843,0,0.5
3657,4,113,0.6754,0,0.5
3657,3,75,0.5359,0,0.5
3658,1,14,0.6955,0,0.5
3658,4,113,0.6879,0,0.5
3658,3,75,0.4825,1,0.5
3659,1,14,0.6828,0,0.5
3659,4,113,0.678,0,0.5
3659,3,75,0.559,0,0.5
3660,1,14,0.6917,0,0.5
3660,4,113,0.675,0,0.5
3660,3,75,0.5808,0,0.5
3661,1,14,0.7202,0,0.5
3661,4,113,0.6876,0,0.5
3661,3,75,0.5196,0,0.5
3662,1,14,0.7209,0,0.5
3662,4,113,0.6855,0,0.5
3662,3,75,0.3822,1,0.5
3663,1,14,0.7133,0,0.5
3663,4,113,0.6856,0,0.5
3663,3,75,0.2661,1,0.5
3664,1,14,0.7313,0,0.5
3664,4,113,0.6909,0,0.5
3664,3,75,0.1821,1,0.5
3665,1,14,0.7353,0,0.5
3665,4,113,0.6587,0,0.5
3665,3,75,0.1312,1,0.5
3666,1,14,0.7637,0,0.5
3666,4,113,0.6653,0,0.5
3666,3,75,0.1344,1,0.5
3667,1,14,0.796,0,0.5
3667,4,113,0.6877,0,0.5
3667,3,75,0.1188,1,0.5
3668,1,14,0.8035,0,0.5
3668,4,113,0.6639,0,0.5
3668,3,75,0.0633,1,0.5
3669,1,14,0.8206,0,0.5
3669,4,113,0.6656,0,0.5
3669,3,75,0.0643,1,0.5
3670,1,14,0.8418,0,0.5
3670,4,113,0.6626,0,0.5
3670,3,75,0.0632,1,0.5
3671,1,14,0.82,0,0.5
3671,4,113,0.6727,0,0.5
3671,3,75,0.0511,1,0.5
3672,1,14,0.8268,0,0.5
3672,4,113,0.6698,0,0.5
3672,3,75,0.0523,1,0.5
3673,1,14,0.8199,0,0.5
3673,4,113,0.6671,0,0.5
3673,3,75,0.0289,1,0.5
3674,1,14,0.8183,0,0.5
3674,4,113,0.6626,0,0.5
3674,3,75,0.0045,1,0.5
3675,1,14,0.8144,0,0.5
3675,4,113,0.6629,0,0.5
3675,2,75,0.0,1,0.5
3676,1,14,0.8107,0,0.5
3676,4,113,0.6623,0,0.5
3676,3,75,0.0008,1,0.5
3677,1,14,0.7801,0,0.5
3677,4,113,0.6563,0,0.5
3677,2,75,0.0,1,0.5
3678,1,14,0.7804,0,0.5
3678,4,113,0.6474,0,0.5
3678,2,75,0.0,1,0.5
3679,1,14,0.7795,0,0.5
3679,4,113,0.6554,0,0.5
3679,2,75,0.0,1,0.5
3680,1,14,0.7757,0,0.5
3680,4,113,0.6563,0,0.5
3680,2,75,0.0,1,0.5
3681,1,14,0.7806,0,0.5
3681,4,113,0.6563,0,0.5
3681,2,75,0.0,1,0.5
3682,1,14,0.7954,0,0.5
3682,4,113,0.6574,0,0.5
3682,2,75,0.0,1,0.5
3683,1,14,0.7545,0,0.5
3683,4,113,0.6564,0,0.5
3683,2,75,0.0,1,0.5
3684,1,14,0.7617,0,0.5
3684,4,113,0.6544,0,0.5
3684,2,75,0.0,1,0.5
3685,1,14,0.766,0,0.5
3685,4,113,0.6449,0,0.5
3685,2,75,0.0,1,0.5
3686,1,14,0.7679,0,0.5
3686,4,113,0.6594,0,0.5
3686,2,75,0.0,1,0.5
3687,1,14,0.7704,0,0.5
3687,4,113,0.6874,0,0.5
3687,2,75,0.0,1,0.5
3688,1,14,0.7835,0,0.5
3688,4,113,0.6674,0,0.5
3688,2,75,0.0,1,0.5
3689,1,14,0.7806,0,0.5
3689,4,113,0.6499,0,0.5
3689,2,75,0.0,1,0.5
3690,1,14,0.7835,0,0.5
3690,4,113,0.6082,0,0.5
3690,3,75,0.0197,1,0.5
3691,1,14,0.8059,0,0.5
3691,4,113,0.5453,0,0.5
3691,3,75,0.0163,1,0.5
3692,1,14,0.8093,0,0.5
3692,4,113,0.515,0,0.5
3692,3,75,0.0159,1,0.5
3693,1,14,0.8084,0,0.5
3693,4,113,0.4994,1,0.5
3693,3,75,0.0233,1,0.5
3694,1,14,0.7988,0,0.5
3694,4,113,0.4996,1,0.5
3694,3,75,0.025,1,0.5
3695,1,14,0.7915,0,0.5
3695,4,113,0.4915,1,0.5
3695,3,75,0.0507,1,0.5
3696,1,14,0.7569,0,0.5
3696,4,113,0.489,1,0.5
3696,3,75,0.0593,1,0.5
3697,1,14,0.7487,0,0.5
3697,4,113,0.5174,0,0.5
3697,3,75,0.0815,1,0.5
3698,1,14,0.7517,0,0.5
3698,4,113,0.5073,0,0.5
3698,3,75,0.1088,1,0.5
3699,1,14,0.7515,0,0.5
3699,4,113,0.4942,1,0.5
3699,3,75,0.1032,1,0.5
3700,1,14,0.748,0,0.5
3700,4,113,0.5394,0,0.5
3700,3,75,0.0988,1,0.5
3701,1,14,0.7515,0,0.5
3701,4,113,0.5662,0,0.5
3701,3,75,0.1482,1,0.5
3702,1,14,0.7528,0,0.5
3702,4,113,0.5368,0,0.5
3702,3,75,0.1773,1,0.5
3703,1,14,0.7571,0,0.5
3703,4,113,0.4801,1,0.5
3703,3,75,0.1655,1,0.5
3704,1,14,0.7671,0,0.5
3704,4,113,0.4411,1,0.5
3704,3,75,0.1965,1,0.5
3705,1,14,0.7691,0,0.5
3705,4,113,0.446,1,0.5
3705,3,75,0.1888,1,0.5
3706,1,14,0.7661,0,0.5
3706,4,113,0.4665,1,0.5
3706,3,75,0.1789,1,0.5
3707,1,14,0.7658,0,0.5
3707,4,113,0.4831,1,0.5
3707,3,75,0.1636,1,0.5
3708,1,14,0.7707,0,0.5
3708,4,113,0.4931,1,0.5
3708,3,75,0.1693,1,0.5
3709,1,14,0.7718,0,0.5
3709,4,113,0.4972,1,0.5
3709,3,75,0.1639,1,0.5
3710,1,14,0.7716,0,0.5
3710,4,113,0.4903,1,0.5
3710,3,75,0.1703,1,0.5
3711,1,14,0.7742,0,0.5
3711,4,113,0.4948,1,0.5
3711,3,75,0.1977,1,0.5
3712,1,14,0.7781,0,0.5
3712,4,113,0.5297,0,0.5
3712,3,75,0.2279,1,0.5
3713,1,14,0.783,0,0.5
3713,4,113,0.565,0,0.5
3713,3,75,0.2127,1,0.5
3713,2,38,0.0,1,0.5
3714,1,14,0.7596,0,0.5
3714,4,113,0.5666,0,0.5
3714,3,75,0.1908,1,0.5
3714,2,38,0.0,1,0.5
3715,1,14,0.7711,0,0.5
3715,4,113,0.579,0,0.5
3715,3,75,0.2004,1,0.5
3715,2,38,0.0,1,0.5
3716,1,14,0.7722,0,0.5
3716,4,113,0.5546,0,0.5
3716,3,75,0.2352,1,0.5
3716,2,38,0.0,1,0.5
3717,1,14,0.789,0,0.5
3717,4,113,0.5245,0,0.5
3717,3,75,0.2792,1,0.5
3717,2,38,0.0,1,0.5
3718,1,14,0.7643,0,0.5
3718,4,113,0.4916,1,0.5
3718,3,75,0.3061,1,0.5
3718,2,38,0.0,1,0.5
3719,1,14,0.7418,0,0.5
3719,4,113,0.4422,1,0.5
3719,3,75,0.3661,1,0.5
3719,2,38,0.0,1,0.5
3720,1,14,0.6944,0,0.5
3720,4,113,0.4864,1,0.5
3720,3,75,0.4582,1,0.5
3720,2,38,0.0,1,0.5
3721,1,14,0.6785,0,0.5
3721,4,113,0.5214,0,0.5
3721,3,75,0.4585,1,0.5
3721,2,38,0.0,1,0.5
3722,1,14,0.6668,0,0.5
3722,4,113,0.5393,0,0.5
3722,3,75,0.4933,1,0.5
3722,2,38,0.0,1,0.5
3723,4,113,0.6163,0,0.5
3723,1,14,0.6061,0,0.5
3723,3,75,0.5494,0,0.5
3723,2,38,0.0,1,0.5
3724,4,113,0.6286,0,0.5
3724,1,14,0.5911,0,0.5
3724,3,75,0.5567,0,0.5
3724,2,38,0.0,1,0.5
3725,4,113,0.7062,0,0.5
3725,1,14,0.5597,0,0.5
3725,3,75,0.4649,1,0.5
3725,2,38,0.0,1,0.5
3726,4,113,0.6765,0,0.5
3726,1,14,0.5136,0,0.5
3726,3,75,0.3943,1,0.5
3726,2,38,0.0,1,0.5
3727,4,113,0.6958,0,0.5
3727,1,14,0.5011,0,0.5
3727,3,75,0.2936,1,0.5
3727,2,38,0.0,1,0.5
3728,4,113,0.7139,0,0.5
3728,1,14,0.4914,1,0.5
3728,3,75,0.2289,1,0.5
3728,2,38,0.0,1,0.5
3729,4,113,0.7111,0,0.5
3729,1,14,0.4784,1,0.5
3729,3,75,0.1682,1,0.5
3729,2,38,0.0,1,0.5
3730,4,113,0.7489,0,0.5
3730,1,14,0.4487,1,0.5
3730,3,75,0.1527,1,0.5
3731,4,113,0.7436,0,0.5
3731,1,14,0.4106,1,0.5
3731,3,75,0.073,1,0.5
3732,4,113,0.7578,0,0.5
3732,1,14,0.3475,1,0.5
3732,3,75,0.0265,1,0.5
3733,4,113,0.7787,0,0.5
3733,1,14,0.2616,1,0.5
3733,2,38,0.0,1,0.5
3733,3,75,0.0,1,0.5
3734,4,113,0.7859,0,0.5
3734,1,14,0.2138,1,0.5
3734,2,38,0.0,1,0.5
3734,3,75,0.0,1,0.5
3735,4,113,0.797,0,0.5
3735,1,14,0.2085,1,0.5
3735,2,38,0.0,1,0.5
3735,3,75,0.0,1,0.5
3736,4,113,0.7984,0,0.5
3736,1,14,0.2002,1,0.5
3736,2,38,0.0,1,0.5
3736,3,75,0.0,1,0.5
3737,4,113,0.8029,0,0.5
3737,1,14,0.1647,1,0.5
3737,2,38,0.0,1,0.5
3737,3,75,0.0,1,0.5
3738,4,113,0.8142,0,0.5
3738,1,14,0.2013,1,0.5
3738,2,38,0.0,1,0.5
3738,3,75,0.0,1,0.5
3739,4,113,0.8224,0,0.5
3739,1,14,0.1816,1,0.5
3739,2,38,0.0,1,0.5
3739,3,75,0.0,1,0.5
3740,4,113,0.827,0,0.5
3740,1,14,0.1664,1,0.5
3740,3,38,0.0,1,0.5
3741,4,113,0.8321,0,0.5
3741,1,14,0.2054,1,0.5
3741,3,75,0.0041,1,0.5
3742,4,113,0.835,0,0.5
3742,1,14,0.2232,1,0.5
3742,3,75,0.0061,1,0.5
3742,2,38,0.0,1,0.5
3743,4,113,0.828,0,0.5
3743,1,14,0.2762,1,0.5
3743,3,75,0.0379,1,0.5
3743,2,38,0.0,1,0.5
3744,4,113,0.8279,0,0.5
3744,1,14,0.2998,1,0.5
3744,3,75,0.0835,1,0.5
3745,4,113,0.8253,0,0.5
3745,1,14,0.3389,1,0.5
3745,3,75,0.1163,1,0.5
3746,4,113,0.8259,0,0.5
3746,1,14,0.3703,1,0.5
3746,3,75,0.2146,1,0.5
3747,4,113,0.796,0,0.5
3747,1,14,0.4036,1,0.5
3747,3,75,0.2259,1,0.5
3748,4,113,0.7909,0,0.5
3748,1,14,0.4759,1,0.5
3748,3,75,0.2361,1,0.5
3748,2,38,0.0,1,0.5
3749,4,113,0.786,0,0.5
3749,1,14,0.5451,0,0.5
3749,3,75,0.2312,1,0.5
3749,2,38,0.0,1,0.5
3750,4,113,0.7924,0,0.5
3750,1,14,0.3867,1,0.5
3750,3,75,0.1256,1,0.5
3750,2,38,0.0199,1,0.5
3751,4,113,0.804,0,0.5
3751,1,14,0.4087,1,0.5
3751,3,75,0.1435,1,0.5
3751,2,38,0.0191,1,0.5
3752,4,113,0.7495,0,0.5
3752,1,14,0.4985,1,0.5
3752,3,75,0.1594,1,0.5
3752,2,38,0.0168,1,0.5
3753,4,113,0.7481,0,0.5
3753,1,14,0.5987,0,0.5
3753,3,75,0.1595,1,0.5
3753,2,38,0.0163,1,0.5
3754,4,113,0.7978,0,0.5
3754,1,14,0.6762,0,0.5
3754,3,75,0.1214,1,0.5
3754,2,38,0.017,1,0.5
3755,4,113,0.7362,0,0.5
3755,1,14,0.6714,0,0.5
3755,3,75,0.0725,1,0.5
3755,2,38,0.0149,1,0.5
3756,4,113,0.7897,0,0.5
3756,1,14,0.696,0,0.5
3756,3,75,0.0704,1,0.5
3756,2,38,0.0145,1,0.5
3757,4,113,0.7925,0,0.5
3757,1,14,0.6477,0,0.5
3757,3,75,0.0763,1,0.5
3757,2,38,0.0121,1,0.5
3758,4,113,0.6914,0,0.5
3758,1,14,0.6225,0,0.5
3758,3,75,0.0379,1,0.5
3758,2,38,0.0092,1,0.5
3759,4,113,0.7644,0,0.5
3759,1,14,0.5882,0,0.5
3759,3,75,0.0152,1,0.5
3759,2,38,0.0059,1,0.5
3760,4,113,0.7256,0,0.5
3760,1,14,0.5369,0,0.5
3760,3,75,0.0228,1,0.5
3760,2,38,0.004,1,0.5
3761,4,113,0.7518,0,0.5
3761,1,14,0.5066,0,0.5
3761,3,75,0.07,1,0.5
3761,2,38,0.0025,1,0.5
3762,4,113,0.726,0,0.5
3762,1,14,0.4714,1,0.5
3762,3,75,0.0679,1,0.5
3762,2,38,0.001,1,0.5
3763,4,113,0.7601,0,0.5
3763,1,14,0.4828,1,0.5
3763,3,75,0.0921,1,0.5
3763,2,38,0.0003,1,0.5
3764,4,113,0.743,0,0.5
3764,1,14,0.4741,1,0.5
3764,3,75,0.0819,1,0.5
3764,2,38,0.0,1,0.5
3765,4,113,0.7296,0,0.5
3765,1,14,0.4825,1,0.5
3765,3,75,0.1087,1,0.5
3765,2,38,0.0,1,0.5
3766,4,113,0.7051,0,0.5
3766,1,14,0.4875,1,0.5
3766,3,75,0.2391,1,0.5
3766,2,38,0.0,1,0.5
3767,4,113,0.6621,0,0.5
3767,1,14,0.4955,1,0.5
3767,3,75,0.2771,1,0.5
3767,2,38,0.0,1,0.5
3768,4,113,0.5973,0,0.5
3768,1,14,0.5266,0,0.5
3768,3,75,0.2928,1,0.5
3768,2,38,0.0,1,0.5
3769,1,14,0.5808,0,0.5
3769,4,113,0.5483,0,0.5
3769,3,75,0.3068,1,0.5
3769,2,38,0.0,1,0.5
3770,1,14,0.6391,0,0.5
3770,4,113,0.5065,0,0.5
3770,3,75,0.4195,1,0.5
3770,2,38,0.0,1,0.5
3771,1,14,0.7062,0,0.5
3771,3,75,0.5207,0,0.5
3771,4,113,0.4844,1,0.5
3771,2,38,0.0,1,0.5
3772,1,14,0.7025,0,0.5
3772,3,75,0.5074,0,0.5
3772,4,113,0.4648,1,0.5
3772,2,38,0.0004,1,0.5
3773,1,14,0.7266,0,0.5
3773,4,113,0.4605,1,0.5
3773,3,75,0.4108,1,0.5
3773,2,38,0.0008,1,0.5
3774,1,14,0.7272,0,0.5
3774,4,113,0.4683,1,0.5
3774,3,75,0.4234,1,0.5
3774,2,38,0.0016,1,0.5
3775,1,14,0.7173,0,0.5
3775,4,113,0.4696,1,0.5
3775,3,75,0.3935,1,0.5
3775,2,38,0.001,1,0.5
3776,1,14,0.7165,0,0.5
3776,4,113,0.4738,1,0.5
3776,3,75,0.4446,1,0.5
3776,2,38,0.0001,1,0.5
3777,1,14,0.7043,0,0.5
3777,4,113,0.4837,1,0.5
3777,3,75,0.4073,1,0.5
3777,2,38,0.0,1,0.5
3778,1,14,0.6808,0,0.5
3778,4,113,0.504,0,0.5
3778,3,75,0.4102,1,0.5
3778,2,38,0.0,1,0.5
3779,1,14,0.6511,0,0.5
3779,4,113,0.5273,0,0.5
3779,3,75,0.4954,1,0.5
3779,2,38,0.0,1,0.5
3780,1,14,0.6222,0,0.5
3780,4,113,0.5718,0,0.5
3780,3,75,0.4901,1,0.5
3780,2,38,0.0,1,0.5
3781,4,113,0.6055,0,0.5
3781,1,14,0.5785,0,0.5
3781,3,75,0.5315,0,0.5
3781,2,38,0.0,1,0.5
3782,4,113,0.6473,0,0.5
3782,3,75,0.5583,0,0.5
3782,1,14,0.5191,0,0.5
3782,2,38,0.0,1,0.5
3783,4,113,0.6628,0,0.5
3783,3,75,0.6007,0,0.5
3783,1,14,0.4622,1,0.5
3783,2,38,0.0,1,0.5
3784,4,113,0.6732,0,0.5
3784,3,75,0.6273,0,0.5
3784,1,14,0.4122,1,0.5
3784,2,38,0.0,1,0.5
3785,4,113,0.6927,0,0.5
3785,3,75,0.6525,0,0.5
3785,1,14,0.372,1,0.5
3785,2,38,0.0,1,0.5
3786,4,113,0.7072,0,0.5
3786,3,75,0.6496,0,0.5
3786,1,14,0.3492,1,0.5
3786,2,38,0.0,1,0.5
3787,4,113,0.7147,0,0.5
3787,3,75,0.5982,0,0.5
3787,1,14,0.3486,1,0.5
3787,2,38,0.0,1,0.5
3788,4,113,0.7331,0,0.5
3788,3,75,0.6753,0,0.5
3788,1,14,0.3512,1,0.5
3788,2,38,0.0,1,0.5
3789,4,113,0.743,0,0.5
3789,3,75,0.7144,0,0.5
3789,1,14,0.3637,1,0.5
3789,2,38,0.0,1,0.5
3790,3,75,0.7721,0,0.5
3790,4,113,0.7237,0,0.5
3790,1,14,0.3794,1,0.5
3790,2,38,0.0,1,0.5
3791,4,113,0.7282,0,0.5
3791,3,75,0.662,0,0.5
3791,1,14,0.3558,1,0.5
3791,2,38,0.0,1,0.5
3792,4,113,0.7061,0,0.5
3792,3,75,0.5374,0,0.5
3792,1,14,0.3971,1,0.5
3792,2,38,0.0,1,0.5
3793,4,113,0.6469,0,0.5
3793,3,75,0.5629,0,0.5
3793,1,14,0.4163,1,0.5
3793,2,38,0.0,1,0.5
3794,4,113,0.6003,0,0.5
3794,3,75,0.5844,0,0.5
3794,1,14,0.4501,1,0.5
3794,2,38,0.0,1,0.5
3795,3,75,0.6331,0,0.5
3795,4,113,0.5728,0,0.5
3795,1,14,0.5123,0,0.5
3795,2,38,0.0,1,0.5
3796,3,75,0.6438,0,0.5
3796,1,14,0.6064,0,0.5
3796,4,113,0.5599,0,0.5
3796,2,38,0.0,1,0.5
3797,3,75,0.6617,0,0.5
3797,1,14,0.6448,0,0.5
3797,4,113,0.5344,0,0.5
3797,2,38,0.0,1,0.5
3798,1,14,0.6735,0,0.5
3798,3,75,0.6405,0,0.5
3798,4,113,0.5151,0,0.5
3798,2,38,0.0,1,0.5
3799,1,14,0.7318,0,0.5
3799,3,75,0.6467,0,0.5
3799,4,113,0.4975,1,0.5
3799,2,38,0.0,1,0.5
3800,1,14,0.7465,0,0.5
3800,3,75,0.6452,0,0.5
3800,4,113,0.4971,1,0.5
3800,2,38,0.0,1,0.5
3801,1,14,0.7379,0,0.5
3801,3,75,0.6723,0,0.5
3801,4,113,0.4811,1,0.5
3801,2,38,0.0,1,0.5
