abs_frame,sam2_label,gt_id,block_id,direction,foreground_logit_score
449,1,14,0,later,0.9721896052360535
449,2,38,0,later,0.9853430986404419
449,3,75,0,later,0.9831612706184387
449,4,113,0,later,0.9853346943855286
450,1,14,0,later,0.9741740226745605
450,2,38,0,later,0.9912421107292175
450,3,75,0,later,0.987148642539978
450,4,113,0,later,0.98786461353302
451,1,14,0,later,0.9774191379547119
451,2,38,0,later,0.9900587201118469
451,3,75,0,later,0.9872414469718933
451,4,113,0,later,0.9870754480361938
452,1,14,0,later,0.9747157692909241
452,2,38,0,later,0.9870660305023193
452,3,75,0,later,0.9889044761657715
452,4,113,0,later,0.9831803441047668
453,1,14,0,later,0.9774264097213745
453,2,38,0,later,0.9873086214065552
453,3,75,0,later,0.9880028963088989
453,4,113,0,later,0.9519738554954529
454,1,14,0,later,0.9799178242683411
454,2,38,0,later,0.9871265888214111
454,3,75,0,later,0.983671247959137
454,4,113,0,later,0.9520626068115234
455,1,14,0,later,0.9800117015838623
455,2,38,0,later,0.9884899854660034
455,3,75,0,later,0.989271342754364
455,4,113,0,later,0.9564549922943115
456,1,14,0,later,0.975211501121521
456,2,38,0,later,0.9910323619842529
456,3,75,0,later,0.9836215972900391
456,4,113,0,later,0.9746100306510925
457,1,14,0,later,0.9785135388374329
457,2,38,0,later,0.9899126887321472
457,3,75,0,later,0.978368878364563
457,4,113,0,later,0.9814149141311646
458,1,14,0,later,0.9778382778167725
458,2,38,0,later,0.9923355579376221
458,3,75,0,later,0.9624214768409729
458,4,113,0,later,0.984165370464325
459,1,14,0,later,0.9803676605224609
459,2,38,0,later,0.9895228147506714
459,3,75,0,later,0.9798678755760193
459,4,113,0,later,0.9880473017692566
460,1,14,0,later,0.9792707562446594
460,2,38,0,later,0.9913066625595093
460,3,75,0,later,0.9858453869819641
460,4,113,0,later,0.9882512092590332
461,1,14,0,later,0.9808450937271118
461,2,38,0,later,0.9907048344612122
461,3,75,0,later,0.9866410493850708
461,4,113,0,later,0.989472508430481
462,1,14,0,later,0.9775285720825195
462,2,38,0,later,0.9915755987167358
462,3,75,0,later,0.9882825613021851
462,4,113,0,later,0.9879650473594666
463,1,14,0,later,0.9794776439666748
463,2,38,0,later,0.9903199076652527
463,3,75,0,later,0.9896882176399231
463,4,113,0,later,0.9886241555213928
464,1,14,0,later,0.9760560989379883
464,2,38,0,later,0.9875292778015137
464,3,75,0,later,0.9886982440948486
464,4,113,0,later,0.9904370903968811
465,1,14,0,later,0.9787105321884155
465,2,38,0,later,0.9906196594238281
465,3,75,0,later,0.9892969727516174
465,4,113,0,later,0.9890359044075012
466,1,14,0,later,0.9790008068084717
466,2,38,0,later,0.9816464185714722
466,3,75,0,later,0.9919882416725159
466,4,113,0,later,0.9900673031806946
467,1,14,0,later,0.9739201068878174
467,2,38,0,later,0.9890707731246948
467,3,75,0,later,0.989372968673706
467,4,113,0,later,0.9905756711959839
468,1,14,0,later,0.9727728962898254
468,2,38,0,later,0.9890919327735901
468,3,75,0,later,0.9907166361808777
468,4,113,0,later,0.9887732863426208
469,1,14,0,later,0.9788261651992798
469,2,38,0,later,0.9858965277671814
469,3,75,0,later,0.9906140565872192
469,4,113,0,later,0.989853024482727
470,1,14,0,later,0.9827121496200562
470,2,38,0,later,0.9808392524719238
470,3,75,0,later,0.9877361059188843
470,4,113,0,later,0.9896203875541687
471,1,14,0,later,0.9780279397964478
471,2,38,0,later,0.9867764115333557
471,3,75,0,later,0.9909985661506653
471,4,113,0,later,0.9882030487060547
472,1,14,0,later,0.9811488389968872
472,2,38,0,later,0.9806541800498962
472,3,75,0,later,0.9882632493972778
472,4,113,0,later,0.9882304072380066
473,1,14,0,later,0.97960364818573
473,2,38,0,later,0.9850136041641235
473,3,75,0,later,0.9894934296607971
473,4,113,0,later,0.9891083836555481
474,1,14,0,later,0.9790894389152527
474,2,38,0,later,0.9849745035171509
474,3,75,0,later,0.9904252886772156
474,4,113,0,later,0.9840391278266907
475,1,14,0,later,0.977034866809845
475,2,38,0,later,0.9873723983764648
475,3,75,0,later,0.9886075854301453
475,4,113,0,later,0.9849593639373779
476,1,14,0,later,0.9760491847991943
476,2,38,0,later,0.9857341051101685
476,3,75,0,later,0.9878631234169006
476,4,113,0,later,0.9835290908813477
477,1,14,0,later,0.9778214693069458
477,2,38,0,later,0.9873698949813843
477,3,75,0,later,0.98830246925354
477,4,113,0,later,0.9782382845878601
478,1,14,0,later,0.9770686626434326
478,2,38,0,later,0.9840054512023926
478,3,75,0,later,0.9876933097839355
478,4,113,0,later,0.9788683652877808
479,1,14,0,later,0.9807910919189453
479,2,38,0,later,0.9885927438735962
479,3,75,0,later,0.9873527884483337
479,4,113,0,later,0.9803416132926941
480,1,14,0,later,0.9809409976005554
480,2,38,0,later,0.9877038598060608
480,3,75,0,later,0.9875556230545044
480,4,113,0,later,0.9768189787864685
481,1,14,0,later,0.9798370599746704
481,2,38,0,later,0.9854745864868164
481,3,75,0,later,0.9879490733146667
481,4,113,0,later,0.9777429699897766
482,1,14,0,later,0.9794175624847412
482,2,38,0,later,0.9865432381629944
482,3,75,0,later,0.989806056022644
482,4,113,0,later,0.9785807132720947
483,1,14,0,later,0.9790319204330444
483,2,38,0,later,0.9896277189254761
483,3,75,0,later,0.9915552139282227
483,4,113,0,later,0.9763060808181763
484,1,14,0,later,0.9775898456573486
484,2,38,0,later,0.9892624616622925
484,3,75,0,later,0.9894000291824341
484,4,113,0,later,0.9794809818267822
485,1,14,0,later,0.9754700660705566
485,2,38,0,later,0.9886403679847717
485,3,75,0,later,0.9907793998718262
485,4,113,0,later,0.9838823080062866
486,1,14,0,later,0.9755647778511047
486,2,38,0,later,0.9854410290718079
486,3,75,0,later,0.9898972511291504
486,4,113,0,later,0.9782447814941406
487,1,14,0,later,0.9758433103561401
487,2,38,0,later,0.9853570461273193
487,3,75,0,later,0.9884110689163208
487,4,113,0,later,0.9789007902145386
488,1,14,0,later,0.9753844141960144
488,2,38,0,later,0.9851069450378418
488,3,75,0,later,0.9896029233932495
488,4,113,0,later,0.9766291975975037
489,1,14,0,later,0.9764350652694702
489,2,38,0,later,0.9861369729042053
489,3,75,0,later,0.9901862144470215
489,4,113,0,later,0.9779173135757446
490,1,14,0,later,0.9755558371543884
490,2,38,0,later,0.9838305115699768
490,3,75,0,later,0.9893285632133484
490,4,113,0,later,0.9797168374061584
491,1,14,0,later,0.9773523807525635
491,2,38,0,later,0.9856969714164734
491,3,75,0,later,0.9906560182571411
491,4,113,0,later,0.9776790142059326
492,1,14,0,later,0.9759801030158997
492,2,38,0,later,0.9809410572052002
492,3,75,0,later,0.9914652109146118
492,4,113,0,later,0.9782612919807434
493,1,14,0,later,0.9753410220146179
493,2,38,0,later,0.9818567037582397
493,3,75,0,later,0.989754319190979
493,4,113,0,later,0.9766054749488831
494,1,14,0,later,0.9750300645828247
494,2,38,0,later,0.9856314063072205
494,3,75,0,later,0.9920796751976013
494,4,113,0,later,0.9788917899131775
495,1,14,0,later,0.9758172631263733
495,2,38,0,later,0.9874273538589478
495,3,75,0,later,0.9912686944007874
495,4,113,0,later,0.9762318134307861
496,1,14,0,later,0.9760915040969849
496,2,38,0,later,0.9880973100662231
496,3,75,0,later,0.9908884167671204
496,4,113,0,later,0.9831241965293884
497,1,14,0,later,0.9779313206672668
497,2,38,0,later,0.9833399057388306
497,3,75,0,later,0.9902275204658508
497,4,113,0,later,0.9840970635414124
498,1,14,0,later,0.9772342443466187
498,2,38,0,later,0.9787524938583374
498,3,75,0,later,0.9916727542877197
498,4,113,0,later,0.9856881499290466
499,1,14,0,later,0.9777072072029114
499,2,38,0,later,0.9742405414581299
499,3,75,0,later,0.9887088537216187
499,4,113,0,later,0.9810660481452942
500,1,14,0,later,0.9783236384391785
500,2,38,0,later,0.9708253145217896
500,3,75,0,later,0.9868523478507996
500,4,113,0,later,0.9807690978050232
501,1,14,0,later,0.9847100973129272
501,2,38,0,later,0.9841294884681702
501,3,75,0,later,0.9880205392837524
501,4,113,0,later,0.9815835952758789
502,1,14,0,later,0.9794842004776001
502,2,38,0,later,0.9782331585884094
502,3,75,0,later,0.9899197816848755
502,4,113,0,later,0.9829267263412476
503,1,14,0,later,0.9776516556739807
503,2,38,0,later,0.9866127371788025
503,3,75,0,later,0.9904996156692505
503,4,113,0,later,0.9794738292694092
504,1,14,0,later,0.9852548837661743
504,2,38,0,later,0.9828949570655823
504,3,75,0,later,0.9867910146713257
504,4,113,0,later,0.9787512421607971
505,1,14,0,later,0.979491651058197
505,2,38,0,later,0.9848570227622986
505,3,75,0,later,0.9910767674446106
505,4,113,0,later,0.9843268990516663
506,1,14,0,later,0.9801588654518127
506,2,38,0,later,0.9843791127204895
506,3,75,0,later,0.990372896194458
506,4,113,0,later,0.9826287627220154
507,1,14,0,later,0.9808438420295715
507,2,38,0,later,0.9839814901351929
507,3,75,0,later,0.991159200668335
507,4,113,0,later,0.9812340140342712
508,1,14,0,later,0.98312908411026
508,2,38,0,later,0.9757183194160461
508,3,75,0,later,0.9907135963439941
508,4,113,0,later,0.9802023768424988
509,1,14,0,later,0.9860631823539734
509,2,38,0,later,0.9633756875991821
509,3,75,0,later,0.9921435117721558
509,4,113,0,later,0.9803398251533508
510,1,14,0,later,0.986117959022522
510,2,38,0,later,0.9661362767219543
510,3,75,0,later,0.991201639175415
510,4,113,0,later,0.9810559749603271
511,1,14,0,later,0.9877022504806519
511,2,38,0,later,0.9688787460327148
511,3,75,0,later,0.9914265871047974
511,4,113,0,later,0.9772574305534363
512,1,14,0,later,0.9873565435409546
512,2,38,0,later,0.9748863577842712
512,3,75,0,later,0.9885808825492859
512,4,113,0,later,0.9843912124633789
513,1,14,0,later,0.9885262846946716
513,2,38,0,later,0.9584329128265381
513,3,75,0,later,0.990551769733429
513,4,113,0,later,0.9879688620567322
514,1,14,0,later,0.9893998503684998
514,2,38,0,later,0.9750227928161621
514,3,75,0,later,0.990424633026123
514,4,113,0,later,0.9878156781196594
515,1,14,0,later,0.9881637692451477
515,2,38,0,later,0.9524321556091309
515,3,75,0,later,0.9913732409477234
515,4,113,0,later,0.9880245923995972
516,1,14,0,later,0.989473819732666
516,2,38,0,later,
516,3,75,0,later,0.9910116195678711
516,4,113,0,later,0.9875229001045227
517,1,14,0,later,0.9889468550682068
517,2,38,0,later,
517,3,75,0,later,0.9905067086219788
517,4,113,0,later,0.985350489616394
518,1,14,0,later,0.9890589118003845
518,2,38,0,later,
518,3,75,0,later,0.9899980425834656
518,4,113,0,later,0.9839182496070862
519,1,14,0,later,0.988673746585846
519,2,38,0,later,
519,3,75,0,later,0.9897422194480896
519,4,113,0,later,0.9828903675079346
520,1,14,0,later,0.9874541759490967
520,2,38,0,later,
520,3,75,0,later,0.9927794337272644
520,4,113,0,later,0.9828811287879944
521,1,14,0,later,0.9890801906585693
521,2,38,0,later,
521,3,75,0,later,0.9919208288192749
521,4,113,0,later,0.9838127493858337
522,1,14,0,later,0.9805597066879272
522,2,38,0,later,
522,3,75,0,later,0.9901147484779358
522,4,113,0,later,0.983534038066864
523,1,14,0,later,0.9796056747436523
523,2,38,0,later,
523,3,75,0,later,0.9883531332015991
523,4,113,0,later,0.9837577939033508
524,1,14,0,later,0.9786251783370972
524,2,38,0,later,
524,3,75,0,later,0.989726185798645
524,4,113,0,later,0.9833652377128601
525,1,14,0,later,0.9830741286277771
525,2,38,0,later,
525,3,75,0,later,0.9871340990066528
525,4,113,0,later,0.9850378036499023
526,1,14,0,later,0.9854545593261719
526,2,38,0,later,
526,3,75,0,later,0.987545907497406
526,4,113,0,later,0.9855471253395081
527,1,14,0,later,0.9858554601669312
527,2,38,0,later,
527,3,75,0,later,0.98546302318573
527,4,113,0,later,0.9863146543502808
528,1,14,0,later,0.984734833240509
528,2,38,0,later,
528,3,75,0,later,0.9870814681053162
528,4,113,0,later,0.9861732721328735
529,1,14,0,later,0.9847769737243652
529,2,38,0,later,
529,3,75,0,later,0.9847623705863953
529,4,113,0,later,0.9870197176933289
530,1,14,0,later,0.985676646232605
530,2,38,0,later,
530,3,75,0,later,0.9859686493873596
530,4,113,0,later,0.9887837767601013
531,1,14,0,later,0.9871681928634644
531,2,38,0,later,
531,3,75,0,later,0.9808761477470398
531,4,113,0,later,0.9874555468559265
532,1,14,0,later,0.984544575214386
532,2,38,0,later,
532,3,75,0,later,0.9778370261192322
532,4,113,0,later,0.986866295337677
533,1,14,0,later,0.982732892036438
533,2,38,0,later,
533,3,75,0,later,0.9821186065673828
533,4,113,0,later,0.9872219562530518
534,1,14,0,later,0.9775373339653015
534,2,38,0,later,
534,3,75,0,later,0.9820783138275146
534,4,113,0,later,0.9877035617828369
535,1,14,0,later,0.9840971827507019
535,2,38,0,later,
535,3,75,0,later,0.9843365550041199
535,4,113,0,later,0.9896611571311951
536,1,14,0,later,0.984068751335144
536,2,38,0,later,
536,3,75,0,later,0.9834572076797485
536,4,113,0,later,0.988304615020752
537,1,14,0,later,0.9774591326713562
537,2,38,0,later,
537,3,75,0,later,0.9825155735015869
537,4,113,0,later,0.9889509081840515
538,1,14,0,later,0.9820387363433838
538,2,38,0,later,
538,3,75,0,later,0.9856645464897156
538,4,113,0,later,0.9882742166519165
539,1,14,0,later,0.9771361351013184
539,2,38,0,later,
539,3,75,0,later,0.9854796528816223
539,4,113,0,later,0.9879679083824158
540,1,14,0,later,0.9803370833396912
540,2,38,0,later,
540,3,75,0,later,0.9850867390632629
540,4,113,0,later,0.9891166687011719
541,1,14,0,later,0.9820420145988464
541,2,38,0,later,
541,3,75,0,later,0.9851866960525513
541,4,113,0,later,0.9887011051177979
542,1,14,0,later,0.9759728312492371
542,2,38,0,later,
542,3,75,0,later,0.9848094582557678
542,4,113,0,later,0.9884560108184814
543,1,14,0,later,0.9821615219116211
543,2,38,0,later,
543,3,75,0,later,0.9843736290931702
543,4,113,0,later,0.9888057708740234
544,1,14,0,later,0.9826996922492981
544,2,38,0,later,
544,3,75,0,later,0.9859338998794556
544,4,113,0,later,0.9869279265403748
545,1,14,0,later,0.9817395210266113
545,2,38,0,later,
545,3,75,0,later,0.9847004413604736
545,4,113,0,later,0.9863928556442261
546,1,14,0,later,0.982710599899292
546,2,38,0,later,
546,3,75,0,later,0.9849606156349182
546,4,113,0,later,0.9867681264877319
547,1,14,0,later,0.9778238534927368
547,2,38,0,later,
547,3,75,0,later,0.9889466762542725
547,4,113,0,later,0.9886037707328796
548,1,14,0,later,0.9790204763412476
548,2,38,0,later,
548,3,75,0,later,0.9901917576789856
548,4,113,0,later,0.9872832298278809
549,1,14,0,later,0.9811888933181763
549,2,38,0,later,
549,3,75,0,later,0.9877706170082092
549,4,113,0,later,0.9878548383712769
550,1,14,0,later,0.9793949127197266
550,2,38,0,later,
550,3,75,0,later,0.988230288028717
550,4,113,0,later,0.9874260425567627
551,1,14,0,later,0.9783630967140198
551,2,38,0,later,
551,3,75,0,later,0.9895786046981812
551,4,113,0,later,0.9855715036392212
552,1,14,0,later,0.985543966293335
552,2,38,0,later,
552,3,75,0,later,0.9904554486274719
552,4,113,0,later,0.9855581521987915
553,1,14,0,later,0.9827640652656555
553,2,38,0,later,
553,3,75,0,later,0.9911136627197266
553,4,113,0,later,0.9860203266143799
554,1,14,0,later,0.9859113097190857
554,2,38,0,later,
554,3,75,0,later,0.9904475808143616
554,4,113,0,later,0.9855902194976807
555,1,14,0,later,0.9865337014198303
555,2,38,0,later,
555,3,75,0,later,0.9904748797416687
555,4,113,0,later,0.9870118498802185
556,1,14,0,later,0.9743608832359314
556,2,38,0,later,
556,3,75,0,later,0.987695574760437
556,4,113,0,later,0.9866587519645691
557,1,14,0,later,0.9789433479309082
557,2,38,0,later,
557,3,75,0,later,0.9888843894004822
557,4,113,0,later,0.9878944158554077
558,1,14,0,later,0.9774219989776611
558,2,38,0,later,
558,3,75,0,later,0.9881893396377563
558,4,113,0,later,0.984807550907135
559,1,14,0,later,0.9749438166618347
559,2,38,0,later,
559,3,75,0,later,0.9896330833435059
559,4,113,0,later,0.9832696914672852
560,1,14,0,later,0.9730635285377502
560,2,38,0,later,
560,3,75,0,later,0.9900115132331848
560,4,113,0,later,0.9785729646682739
561,1,14,0,later,0.9751399755477905
561,2,38,0,later,
561,3,75,0,later,0.9889851212501526
561,4,113,0,later,0.9679654836654663
562,1,14,0,later,0.9796203374862671
562,2,38,0,later,
562,3,75,0,later,0.9884709715843201
562,4,113,0,later,0.9731063842773438
563,1,14,0,later,0.9808794856071472
563,2,38,0,later,
563,3,75,0,later,0.9860627055168152
563,4,113,0,later,0.9721779823303223
564,1,14,0,later,0.9817724227905273
564,2,38,0,later,
564,3,75,0,later,0.9827820658683777
564,4,113,0,later,0.9634184837341309
565,1,14,0,later,0.9823091626167297
565,2,38,0,later,
565,3,75,0,later,0.9785304665565491
565,4,113,0,later,0.9723204970359802
566,1,14,0,later,0.9851373434066772
566,2,38,0,later,
566,3,75,0,later,0.9763689041137695
566,4,113,0,later,0.9797662496566772
567,1,14,0,later,0.9867067933082581
567,2,38,0,later,
567,3,75,0,later,0.98307865858078
567,4,113,0,later,0.9830346703529358
568,1,14,0,later,0.9872242212295532
568,2,38,0,later,
568,3,75,0,later,0.9839019179344177
568,4,113,0,later,0.9838734269142151
569,1,14,0,later,0.9865727424621582
569,2,38,0,later,
569,3,75,0,later,0.9897215366363525
569,4,113,0,later,0.9838834404945374
570,1,14,0,later,0.9857722520828247
570,2,38,0,later,
570,3,75,0,later,0.9874585866928101
570,4,113,0,later,0.9843882918357849
571,1,14,0,later,0.9863770008087158
571,2,38,0,later,
571,3,75,0,later,0.9859776496887207
571,4,113,0,later,0.9852842092514038
572,1,14,0,later,0.9864201545715332
572,2,38,0,later,
572,3,75,0,later,0.9859973192214966
572,4,113,0,later,0.9859991669654846
573,1,14,0,later,0.9867734909057617
573,2,38,0,later,
573,3,75,0,later,0.985254168510437
573,4,113,0,later,0.9880662560462952
574,1,14,0,later,0.9846564531326294
574,2,38,0,later,
574,3,75,0,later,0.986905038356781
574,4,113,0,later,0.9868475198745728
575,1,14,0,later,0.9791693687438965
575,2,38,0,later,
575,3,75,0,later,0.985664963722229
575,4,113,0,later,0.9878301620483398
576,1,14,0,later,0.9778132438659668
576,2,38,0,later,
576,3,75,0,later,0.9879817366600037
576,4,113,0,later,0.988070011138916
577,1,14,0,later,0.9802591800689697
577,2,38,0,later,
577,3,75,0,later,0.9876024723052979
577,4,113,0,later,0.9877849817276001
578,1,14,0,later,0.97974693775177
578,2,38,0,later,
578,3,75,0,later,0.9850030541419983
578,4,113,0,later,0.9865626096725464
579,1,14,0,later,0.977727472782135
579,2,38,0,later,
579,3,75,0,later,0.9865241646766663
579,4,113,0,later,0.9888250827789307
580,1,14,0,later,0.9764643311500549
580,2,38,0,later,
580,3,75,0,later,0.9865637421607971
580,4,113,0,later,0.9847913980484009
581,1,14,0,later,0.977218747138977
581,2,38,0,later,
581,3,75,0,later,0.9870787262916565
581,4,113,0,later,0.9884551167488098
582,1,14,0,later,0.9814966917037964
582,2,38,0,later,
582,3,75,0,later,0.9878645539283752
582,4,113,0,later,0.9870922565460205
583,1,14,0,later,0.9865924715995789
583,2,38,0,later,
583,3,75,0,later,0.9876681566238403
583,4,113,0,later,0.9884461760520935
584,1,14,0,later,0.9836745858192444
584,2,38,0,later,
584,3,75,0,later,0.9863824844360352
584,4,113,0,later,0.9887184500694275
585,1,14,0,later,0.9864881038665771
585,2,38,0,later,
585,3,75,0,later,0.988252580165863
585,4,113,0,later,0.988983154296875
586,1,14,0,later,0.9877530336380005
586,2,38,0,later,
586,3,75,0,later,0.9868533611297607
586,4,113,0,later,0.9873270392417908
587,1,14,0,later,0.9897127747535706
587,2,38,0,later,
587,3,75,0,later,0.9851163029670715
587,4,113,0,later,0.9881079792976379
588,1,14,0,later,0.9880927801132202
588,2,38,0,later,
588,3,75,0,later,0.9882360100746155
588,4,113,0,later,0.9859748482704163
589,1,14,0,later,0.9883396029472351
589,2,38,0,later,
589,3,75,0,later,0.98614102602005
589,4,113,0,later,0.9882555603981018
590,1,14,0,later,0.9889430999755859
590,2,38,0,later,
590,3,75,0,later,0.9859341979026794
590,4,113,0,later,0.9868348240852356
591,1,14,0,later,0.9892315864562988
591,2,38,0,later,
591,3,75,0,later,0.9794300198554993
591,4,113,0,later,0.9894574284553528
592,1,14,0,later,0.9893414378166199
592,2,38,0,later,
592,3,75,0,later,0.9793152213096619
592,4,113,0,later,0.9872379302978516
593,1,14,0,later,0.9899318814277649
593,2,38,0,later,
593,3,75,0,later,0.9790811538696289
593,4,113,0,later,0.9882945418357849
594,1,14,0,later,0.9882543683052063
594,2,38,0,later,
594,3,75,0,later,0.9810803532600403
594,4,113,0,later,0.989897608757019
595,1,14,0,later,0.987447202205658
595,2,38,0,later,
595,3,75,0,later,0.9750814437866211
595,4,113,0,later,0.9892982244491577
596,1,14,0,later,0.9845060706138611
596,2,38,0,later,
596,3,75,0,later,0.9744398593902588
596,4,113,0,later,0.9896406531333923
597,1,14,0,later,0.9834190607070923
597,2,38,0,later,
597,3,75,0,later,0.9782868027687073
597,4,113,0,later,0.9890602231025696
598,1,14,0,later,0.9877089858055115
598,2,38,0,later,
598,3,75,0,later,0.9766396284103394
598,4,113,0,later,0.9879682064056396
599,1,14,0,later,0.9777173399925232
599,2,38,0,later,
599,3,75,0,later,0.9767616987228394
599,4,113,0,later,0.9878827333450317
600,1,14,0,later,0.9814391732215881
600,2,38,0,later,
600,3,75,0,later,0.9782594442367554
600,4,113,0,later,0.9865578413009644
601,1,14,0,later,0.9840964674949646
601,2,38,0,later,
601,3,75,0,later,0.9787777662277222
601,4,113,0,later,0.9877293109893799
602,1,14,0,later,0.9841434955596924
602,2,38,0,later,
602,3,75,0,later,0.9806864261627197
602,4,113,0,later,0.9884431958198547
603,1,14,0,later,0.985005795955658
603,2,38,0,later,
603,3,75,0,later,0.9819753766059875
603,4,113,0,later,0.9878728985786438
604,1,14,0,later,0.9833081364631653
604,2,38,0,later,
604,3,75,0,later,0.982643187046051
604,4,113,0,later,0.9886025786399841
605,1,14,0,later,0.984684407711029
605,2,38,0,later,
605,3,75,0,later,0.9817310571670532
605,4,113,0,later,0.9903484582901001
606,1,14,0,later,0.9833052158355713
606,2,38,0,later,
606,3,75,0,later,0.9878994822502136
606,4,113,0,later,0.9891780018806458
607,1,14,0,later,0.9840368628501892
607,2,38,0,later,
607,3,75,0,later,0.9857348799705505
607,4,113,0,later,0.9898777604103088
608,1,14,0,later,0.9815697073936462
608,2,38,0,later,
608,3,75,0,later,0.9833101034164429
608,4,113,0,later,0.9906900525093079
609,1,14,0,later,0.9822232723236084
609,2,38,0,later,
609,3,75,0,later,0.9840322136878967
609,4,113,0,later,0.9915096759796143
610,1,14,0,later,0.9816718101501465
610,2,38,0,later,
610,3,75,0,later,0.983983039855957
610,4,113,0,later,0.9923022985458374
611,1,14,0,later,0.9825311899185181
611,2,38,0,later,
611,3,75,0,later,0.9838207960128784
611,4,113,0,later,0.9906309247016907
612,1,14,0,later,0.9828605651855469
612,2,38,0,later,
612,3,75,0,later,0.9848946928977966
612,4,113,0,later,0.9907940626144409
613,1,14,0,later,0.9832035303115845
613,2,38,0,later,
613,3,75,0,later,0.9848530888557434
613,4,113,0,later,0.9886256456375122
614,1,14,0,later,0.9831699728965759
614,2,38,0,later,
614,3,75,0,later,0.9828725457191467
614,4,113,0,later,0.9917194843292236
615,1,14,0,later,0.9808116555213928
615,2,38,0,later,
615,3,75,0,later,0.9843593835830688
615,4,113,0,later,0.9896243810653687
616,1,14,0,later,0.9830423593521118
616,2,38,0,later,
616,3,75,0,later,0.9830976128578186
616,4,113,0,later,0.9883236289024353
617,1,14,0,later,0.9775859713554382
617,2,38,0,later,
617,3,75,0,later,0.9847044348716736
617,4,113,0,later,0.989991307258606
618,1,14,0,later,0.9804219603538513
618,2,38,0,later,
618,3,75,0,later,0.9821491241455078
618,4,113,0,later,0.987957775592804
619,1,14,0,later,0.9818846583366394
619,2,38,0,later,
619,3,75,0,later,0.9756787419319153
619,4,113,0,later,0.9841917753219604
620,1,14,0,later,0.9755089282989502
620,2,38,0,later,
620,3,75,0,later,0.9722973704338074
620,4,113,0,later,0.984559178352356
621,1,14,0,later,0.9748848080635071
621,2,38,0,later,
621,3,75,0,later,0.9740720391273499
621,4,113,0,later,0.9762453436851501
622,1,14,0,later,0.9741706848144531
622,2,38,0,later,
622,3,75,0,later,0.9747569561004639
622,4,113,0,later,0.9771074652671814
623,1,14,0,later,0.9746101498603821
623,2,38,0,later,
623,3,75,0,later,0.9772925972938538
623,4,113,0,later,0.9786461591720581
624,1,14,0,later,0.9759268164634705
624,2,38,0,later,
624,3,75,0,later,0.9788784384727478
624,4,113,0,later,0.9801124334335327
625,1,14,0,later,0.9764740467071533
625,2,38,0,later,
625,3,75,0,later,0.9762254953384399
625,4,113,0,later,0.9764338731765747
626,1,14,0,later,0.9780357480049133
626,2,38,0,later,
626,3,75,0,later,0.9829018712043762
626,4,113,0,later,0.9773056507110596
627,1,14,0,later,0.9781747460365295
627,2,38,0,later,
627,3,75,0,later,0.9820801615715027
627,4,113,0,later,0.971186101436615
628,1,14,0,later,0.9784296154975891
628,2,38,0,later,
628,3,75,0,later,0.9835468530654907
628,4,113,0,later,0.9699724912643433
629,1,14,0,later,0.972216784954071
629,2,38,0,later,
629,3,75,0,later,0.9815545082092285
629,4,113,0,later,0.9653161764144897
630,1,14,0,later,0.9811503887176514
630,2,38,0,later,
630,3,75,0,later,0.9808085560798645
630,4,113,0,later,0.9671283960342407
631,1,14,0,later,0.983841061592102
631,2,38,0,later,0.9508810639381409
631,3,75,0,later,0.978265643119812
631,4,113,0,later,0.9747829437255859
632,1,14,0,later,0.9845483303070068
632,2,38,0,later,
632,3,75,0,later,0.9817781448364258
632,4,113,0,later,0.9730525612831116
633,1,14,0,later,0.98532634973526
633,2,38,0,later,0.9560208320617676
633,3,75,0,later,0.9838042259216309
633,4,113,0,later,0.9742258787155151
634,1,14,0,later,0.9842330813407898
634,2,38,0,later,0.942597508430481
634,3,75,0,later,0.9826372265815735
634,4,113,0,later,0.9810256361961365
635,1,14,0,later,0.9845014214515686
635,2,38,0,later,0.973395049571991
635,3,75,0,later,0.9802325367927551
635,4,113,0,later,0.9858447313308716
636,1,14,0,later,0.987136960029602
636,2,38,0,later,0.983245313167572
636,3,75,0,later,0.9807857275009155
636,4,113,0,later,0.987656831741333
637,1,14,0,later,0.9865520596504211
637,2,38,0,later,0.9675890803337097
637,3,75,0,later,0.9839447140693665
637,4,113,0,later,0.9873440861701965
638,1,14,0,later,0.9783169031143188
638,2,38,0,later,0.9799202680587769
638,3,75,0,later,0.9820944666862488
638,4,113,0,later,0.986175537109375
639,1,14,0,later,0.9745537042617798
639,2,38,0,later,0.9822232723236084
639,3,75,0,later,0.9814894199371338
639,4,113,0,later,0.9887807369232178
640,1,14,0,later,0.9730642437934875
640,2,38,0,later,0.9673106074333191
640,3,75,0,later,0.9880503416061401
640,4,113,0,later,0.9881049394607544
641,1,14,0,later,0.97857666015625
641,2,38,0,later,0.9350801706314087
641,3,75,0,later,0.9871741533279419
641,4,113,0,later,0.9885680079460144
642,1,14,0,later,0.9824197888374329
642,2,38,0,later,0.976266086101532
642,3,75,0,later,0.9834545850753784
642,4,113,0,later,0.9909750819206238
643,1,14,0,later,0.9876739978790283
643,2,38,0,later,0.9735451340675354
643,3,75,0,later,0.9866498112678528
643,4,113,0,later,0.9910842776298523
644,1,14,0,later,0.9849265217781067
644,2,38,0,later,0.973246157169342
644,3,75,0,later,0.9827976226806641
644,4,113,0,later,0.9917505979537964
645,1,14,0,later,0.988743007183075
645,2,38,0,later,0.9790918231010437
645,3,75,0,later,0.9872138500213623
645,4,113,0,later,0.991407573223114
646,1,14,0,later,0.9888725876808167
646,2,38,0,later,0.9802975058555603
646,3,75,0,later,0.9788625240325928
646,4,113,0,later,0.9916097521781921
647,1,14,0,later,0.9887400269508362
647,2,38,0,later,0.9429445266723633
647,3,75,0,later,0.9740715026855469
647,4,113,0,later,0.9916146397590637
648,1,14,0,later,0.9895830154418945
648,2,38,0,later,0.9798260927200317
648,3,75,0,later,0.9808511137962341
648,4,113,0,later,0.9923180937767029
649,1,14,0,later,0.9885110855102539
649,2,38,0,later,0.984721839427948
649,3,75,0,later,0.9771400094032288
649,4,113,0,later,0.9921540021896362
650,1,14,0,later,0.9885297417640686
650,2,38,0,later,0.9834593534469604
650,3,75,0,later,0.9761582016944885
650,4,113,0,later,0.9910181164741516
651,1,14,0,later,0.9809009432792664
651,2,38,0,later,0.9866519570350647
651,3,75,0,later,0.9780347347259521
651,4,113,0,later,0.9901400804519653
652,1,14,0,later,0.9855861663818359
652,2,38,0,later,0.9871537685394287
652,3,75,0,later,0.9791600704193115
652,4,113,0,later,0.9907937049865723
653,1,14,0,later,0.9837872982025146
653,2,38,0,later,0.9869076609611511
653,3,75,0,later,0.9843413829803467
653,4,113,0,later,0.9900234937667847
654,1,14,0,later,0.9831915497779846
654,2,38,0,later,0.9843865633010864
654,3,75,0,later,0.9846574664115906
654,4,113,0,later,0.9904361367225647
655,1,14,0,later,0.9833652973175049
655,2,38,0,later,0.989355742931366
655,3,75,0,later,0.9865519404411316
655,4,113,0,later,0.990178644657135
656,1,14,0,later,0.983802080154419
656,2,38,0,later,0.9893931746482849
656,3,75,0,later,0.9860043525695801
656,4,113,0,later,0.9862048625946045
657,1,14,0,later,0.9820730090141296
657,2,38,0,later,0.9892692565917969
657,3,75,0,later,0.9870412945747375
657,4,113,0,later,0.986434280872345
658,1,14,0,later,0.9834772944450378
658,2,38,0,later,0.9805987477302551
658,3,75,0,later,0.9878135919570923
658,4,113,0,later,0.9872552156448364
659,1,14,0,later,0.9818283915519714
659,2,38,0,later,0.9861751198768616
659,3,75,0,later,0.988267719745636
659,4,113,0,later,0.9883813858032227
660,1,14,0,later,0.983171820640564
660,2,38,0,later,0.9843026995658875
660,3,75,0,later,0.9872586727142334
660,4,113,0,later,0.9884594678878784
661,1,14,0,later,0.9833996891975403
661,2,38,0,later,0.9855495691299438
661,3,75,0,later,0.9858759641647339
661,4,113,0,later,0.9888613224029541
662,1,14,0,later,0.9831364750862122
662,2,38,0,later,0.9839139580726624
662,3,75,0,later,0.9875921010971069
662,4,113,0,later,0.9870646595954895
663,1,14,0,later,0.9828624129295349
663,2,38,0,later,0.9846251606941223
663,3,75,0,later,0.9891354441642761
663,4,113,0,later,0.9873178005218506
664,1,14,0,later,0.9838946461677551
664,2,38,0,later,0.9843510985374451
664,3,75,0,later,0.9881609678268433
664,4,113,0,later,0.9864670634269714
665,1,14,0,later,0.9843928813934326
665,2,38,0,later,0.9887428283691406
665,3,75,0,later,0.9865071177482605
665,4,113,0,later,0.9878888130187988
666,1,14,0,later,0.9837962985038757
666,2,38,0,later,0.9878160953521729
666,3,75,0,later,0.9889063239097595
666,4,113,0,later,0.9885850548744202
667,1,14,0,later,0.9830990433692932
667,2,38,0,later,0.9891759157180786
667,3,75,0,later,0.9882051348686218
667,4,113,0,later,0.9869115948677063
668,1,14,0,later,0.9836494326591492
668,2,38,0,later,0.9879028797149658
668,3,75,0,later,0.989103376865387
668,4,113,0,later,0.9876587390899658
669,1,14,0,later,0.9851580262184143
669,2,38,0,later,0.984936535358429
669,3,75,0,later,0.9893222451210022
669,4,113,0,later,0.9883512854576111
670,1,14,0,later,0.9838288426399231
670,2,38,0,later,0.9781358242034912
670,3,75,0,later,0.9905839562416077
670,4,113,0,later,0.9871937036514282
671,1,14,0,later,0.9830852746963501
671,2,38,0,later,0.9846327304840088
671,3,75,0,later,0.9902515411376953
671,4,113,0,later,0.9897334575653076
672,1,14,0,later,0.9832391142845154
672,2,38,0,later,0.9767498970031738
672,3,75,0,later,0.9908401370048523
672,4,113,0,later,0.9897806644439697
673,1,14,0,later,0.9855177402496338
673,2,38,0,later,0.9768824577331543
673,3,75,0,later,0.9914700984954834
673,4,113,0,later,0.9809284806251526
674,1,14,0,later,0.9851365089416504
674,2,38,0,later,0.9823176264762878
674,3,75,0,later,0.9887789487838745
674,4,113,0,later,0.9863695502281189
675,1,14,0,later,0.9848467111587524
675,2,38,0,later,0.9747677445411682
675,3,75,0,later,0.9902724623680115
675,4,113,0,later,0.9871647357940674
676,1,14,0,later,0.9810981154441833
676,2,38,0,later,0.9626237154006958
676,3,75,0,later,0.9897763133049011
676,4,113,0,later,0.9843922853469849
677,1,14,0,later,0.9798280000686646
677,2,38,0,later,0.9638880491256714
677,3,75,0,later,0.989506185054779
677,4,113,0,later,0.9891847372055054
678,1,14,0,later,0.9831711649894714
678,2,38,0,later,0.9631761312484741
678,3,75,0,later,0.9909436106681824
678,4,113,0,later,0.9889890551567078
679,1,14,0,later,0.9813628196716309
679,2,38,0,later,0.9750223755836487
679,3,75,0,later,0.9897611737251282
679,4,113,0,later,0.9884839057922363
680,1,14,0,later,0.979554295539856
680,2,38,0,later,0.9725247025489807
680,3,75,0,later,0.9911000728607178
680,4,113,0,later,0.9839338064193726
681,1,14,0,later,0.9807286858558655
681,2,38,0,later,0.9762140512466431
681,3,75,0,later,0.9919635057449341
681,4,113,0,later,0.9850974678993225
682,1,14,0,later,0.9744215607643127
682,2,38,0,later,0.9747164249420166
682,3,75,0,later,0.9895480275154114
682,4,113,0,later,0.9865261912345886
683,1,14,0,later,0.9806615710258484
683,2,38,0,later,0.9782583713531494
683,3,75,0,later,0.98746657371521
683,4,113,0,later,0.9860942363739014
684,1,14,0,later,0.9786416888237
684,2,38,0,later,0.978023886680603
684,3,75,0,later,0.9891322255134583
684,4,113,0,later,0.9869880676269531
685,1,14,0,later,0.9836965799331665
685,2,38,0,later,0.9754588603973389
685,3,75,0,later,0.9887963533401489
685,4,113,0,later,0.987244188785553
686,1,14,0,later,0.9852418899536133
686,2,38,0,later,0.9803115725517273
686,3,75,0,later,0.9895699620246887
686,4,113,0,later,0.9871602058410645
687,1,14,0,later,0.9817514419555664
687,2,38,0,later,0.9851915836334229
687,3,75,0,later,0.979207456111908
687,4,113,0,later,0.9859476685523987
688,1,14,0,later,0.978771984577179
688,2,38,0,later,0.9801404476165771
688,3,75,0,later,0.9809179902076721
688,4,113,0,later,0.9854012727737427
689,1,14,0,later,0.9832534193992615
689,2,38,0,later,0.9851118922233582
689,3,75,0,later,0.9803743362426758
689,4,113,0,later,0.9859189391136169
690,1,14,0,later,0.9825046062469482
690,2,38,0,later,0.9867918491363525
690,3,75,0,later,0.985714852809906
690,4,113,0,later,0.9858121871948242
691,1,14,0,later,0.9842371344566345
691,2,38,0,later,0.9882296323776245
691,3,75,0,later,0.9888836741447449
691,4,113,0,later,0.9864933490753174
692,1,14,0,later,0.9842290282249451
692,2,38,0,later,0.989133894443512
692,3,75,0,later,0.9894362092018127
692,4,113,0,later,0.9844783544540405
693,1,14,0,later,0.9863609075546265
693,2,38,0,later,0.9880229830741882
693,3,75,0,later,0.9902045130729675
693,4,113,0,later,0.9847527146339417
694,1,14,0,later,0.9865790605545044
694,2,38,0,later,0.9883112907409668
694,3,75,0,later,0.9893636107444763
694,4,113,0,later,0.9859657883644104
695,1,14,0,later,0.9841697812080383
695,2,38,0,later,0.9913873672485352
695,3,75,0,later,0.9907406568527222
695,4,113,0,later,0.9857630133628845
696,1,14,0,later,0.9849485754966736
696,2,38,0,later,0.9881355166435242
696,3,75,0,later,0.9910323619842529
696,4,113,0,later,0.9860896468162537
697,1,14,0,later,0.9850631356239319
697,2,38,0,later,0.9886208176612854
697,3,75,0,later,0.9906815886497498
697,4,113,0,later,0.9855492115020752
698,1,14,0,later,0.9866357445716858
698,2,38,0,later,0.9887694120407104
698,3,75,0,later,0.9890487194061279
698,4,113,0,later,0.9841834306716919
699,1,14,0,later,0.9843400716781616
699,2,38,0,later,0.9894201159477234
699,3,75,0,later,0.9894293546676636
699,4,113,0,later,0.9849527478218079
700,1,14,0,later,0.9848048090934753
700,2,38,0,later,0.9884182214736938
700,3,75,0,later,0.992048978805542
700,4,113,0,later,0.9852480888366699
701,1,14,0,later,0.9865288138389587
701,2,38,0,later,0.9925106763839722
701,3,75,0,later,0.9906637668609619
701,4,113,0,later,0.986022412776947
702,1,14,0,later,0.988231897354126
702,2,38,0,later,0.9846323728561401
702,3,75,0,later,0.9892010688781738
702,4,113,0,later,0.9848833084106445
703,1,14,0,later,0.9865025877952576
703,2,38,0,later,0.9880363345146179
703,3,75,0,later,0.9879282712936401
703,4,113,0,later,0.9859930276870728
704,1,14,0,later,0.9851558208465576
704,2,38,0,later,0.9854797720909119
704,3,75,0,later,0.9849466681480408
704,4,113,0,later,0.9848703145980835
705,1,14,0,later,0.9812834858894348
705,2,38,0,later,0.9866656064987183
705,3,75,0,later,0.9856491684913635
705,4,113,0,later,0.9849700927734375
706,1,14,0,later,0.9840148091316223
706,2,38,0,later,0.9870519638061523
706,3,75,0,later,0.9860972166061401
706,4,113,0,later,0.984864354133606
707,1,14,0,later,0.983626663684845
707,2,38,0,later,0.9889863133430481
707,3,75,0,later,0.9869870543479919
707,4,113,0,later,0.9846733808517456
708,1,14,0,later,0.9843013286590576
708,2,38,0,later,0.9886735081672668
708,3,75,0,later,0.9870729446411133
708,4,113,0,later,0.9839463233947754
709,1,14,0,later,0.9797941446304321
709,2,38,0,later,0.98138028383255
709,3,75,0,later,0.9869834184646606
709,4,113,0,later,0.9837601184844971
710,1,14,0,later,0.9850031137466431
710,2,38,0,later,0.9851943850517273
710,3,75,0,later,0.9872440695762634
710,4,113,0,later,0.9843007326126099
711,1,14,0,later,0.984288215637207
711,2,38,0,later,0.9826741218566895
711,3,75,0,later,0.9871979355812073
711,4,113,0,later,0.9838597774505615
712,1,14,0,later,0.9853671193122864
712,2,38,0,later,0.9845452308654785
712,3,75,0,later,0.9868012070655823
712,4,113,0,later,0.9840170741081238
713,1,14,0,later,0.9799084067344666
713,2,38,0,later,0.9884442090988159
713,3,75,0,later,0.987379252910614
713,4,113,0,later,0.9828891754150391
714,1,14,0,later,0.9861181378364563
714,2,38,0,later,0.9883745908737183
714,3,75,0,later,0.988832950592041
714,4,113,0,later,0.9827145934104919
715,1,14,0,later,0.9852659106254578
715,2,38,0,later,0.9864729046821594
715,3,75,0,later,0.990312933921814
715,4,113,0,later,0.9822230935096741
716,1,14,0,later,0.9809776544570923
716,2,38,0,later,0.9841943979263306
716,3,75,0,later,0.9911915063858032
716,4,113,0,later,0.9850859642028809
717,1,14,0,later,0.9837526082992554
717,2,38,0,later,0.9850556254386902
717,3,75,0,later,0.9880521893501282
717,4,113,0,later,0.9864429831504822
718,1,14,0,later,0.9865654110908508
718,2,38,0,later,0.9837931394577026
718,3,75,0,later,0.9906378388404846
718,4,113,0,later,0.9867668747901917
719,1,14,0,later,0.9822950959205627
719,2,38,0,later,0.9842427372932434
719,3,75,0,later,0.9896740317344666
719,4,113,0,later,0.9860009551048279
720,1,14,0,later,0.9865254759788513
720,2,38,0,later,0.9895784854888916
720,3,75,0,later,0.9920274615287781
720,4,113,0,later,0.9833500981330872
721,1,14,0,later,0.9863445162773132
721,2,38,0,later,0.9897215962409973
721,3,75,0,later,0.9904338717460632
721,4,113,0,later,0.9865051507949829
722,1,14,0,later,0.9862238764762878
722,2,38,0,later,0.988796055316925
722,3,75,0,later,0.9918870329856873
722,4,113,0,later,0.9867826700210571
723,1,14,0,later,0.9807946681976318
723,2,38,0,later,0.985839307308197
723,3,75,0,later,0.991645097732544
723,4,113,0,later,0.9869365692138672
724,1,14,0,later,0.9862682819366455
724,2,38,0,later,0.9888731241226196
724,3,75,0,later,0.9906768798828125
724,4,113,0,later,0.986284077167511
725,1,14,0,later,0.9859428405761719
725,2,38,0,later,0.9886276721954346
725,3,75,0,later,0.9901390671730042
725,4,113,0,later,0.9870463013648987
726,1,14,0,later,0.9819527268409729
726,2,38,0,later,0.9909318089485168
726,3,75,0,later,0.9895779490470886
726,4,113,0,later,0.9878557324409485
727,1,14,0,later,0.9858521819114685
727,2,38,0,later,0.9871423244476318
727,3,75,0,later,0.9903250336647034
727,4,113,0,later,0.9895138740539551
728,1,14,0,later,0.9853142499923706
728,2,38,0,later,0.9897102117538452
728,3,75,0,later,0.9894905686378479
728,4,113,0,later,0.9900533556938171
729,1,14,0,later,0.9849688410758972
729,2,38,0,later,0.9876680374145508
729,3,75,0,later,0.9880152940750122
729,4,113,0,later,0.989713728427887
730,1,14,0,later,0.981408417224884
730,2,38,0,later,0.9906538724899292
730,3,75,0,later,0.986522376537323
730,4,113,0,later,0.9902836680412292
731,1,14,0,later,0.9858412146568298
731,2,38,0,later,0.9909907579421997
731,3,75,0,later,0.9872000217437744
731,4,113,0,later,0.9908297657966614
732,1,14,0,later,0.9846556186676025
732,2,38,0,later,0.9891921281814575
732,3,75,0,later,0.9893828630447388
732,4,113,0,later,0.9883034229278564
733,1,14,0,later,0.9820593595504761
733,2,38,0,later,0.9885444045066833
733,3,75,0,later,0.9919034242630005
733,4,113,0,later,0.9899328947067261
734,1,14,0,later,0.9851903915405273
734,2,38,0,later,0.9865877628326416
734,3,75,0,later,0.9867379069328308
734,4,113,0,later,0.9905989766120911
735,1,14,0,later,0.9851683378219604
735,2,38,0,later,0.9895221590995789
735,3,75,0,later,0.9891936779022217
735,4,113,0,later,0.9914765357971191
736,1,14,0,later,0.9838193655014038
736,2,38,0,later,0.9897523522377014
736,3,75,0,later,0.9908748865127563
736,4,113,0,later,0.9888703227043152
737,1,14,0,later,0.9836348295211792
737,2,38,0,later,0.9895102977752686
737,3,75,0,later,0.9912428259849548
737,4,113,0,later,0.9903451204299927
738,1,14,0,later,0.984550416469574
738,2,38,0,later,0.988493800163269
738,3,75,0,later,0.9882408380508423
738,4,113,0,later,0.9881728887557983
739,1,14,0,later,0.9835138916969299
739,2,38,0,later,0.9901340007781982
739,3,75,0,later,0.9903160333633423
739,4,113,0,later,0.988772451877594
740,1,14,0,later,0.9840728640556335
740,2,38,0,later,0.9890591502189636
740,3,75,0,later,0.9915421009063721
740,4,113,0,later,0.9891074299812317
741,1,14,0,later,0.9844130277633667
741,2,38,0,later,0.9887264370918274
741,3,75,0,later,0.9888933300971985
741,4,113,0,later,0.9893013834953308
742,1,14,0,later,0.984664797782898
742,2,38,0,later,0.9878184795379639
742,3,75,0,later,0.9830592274665833
742,4,113,0,later,0.988315999507904
743,1,14,0,later,0.9841533899307251
743,2,38,0,later,0.9889112114906311
743,3,75,0,later,0.9847758412361145
743,4,113,0,later,0.9889942407608032
744,1,14,0,later,0.986606240272522
744,2,38,0,later,0.9886419177055359
744,3,75,0,later,0.985892653465271
744,4,113,0,later,0.9908939003944397
745,1,14,0,later,0.9863911271095276
745,2,38,0,later,0.9871791005134583
745,3,75,0,later,0.9855488538742065
745,4,113,0,later,0.9885172247886658
746,1,14,0,later,0.9864818453788757
746,2,38,0,later,0.9890571236610413
746,3,75,0,later,0.9862527847290039
746,4,113,0,later,0.9881483912467957
747,1,14,0,later,0.9857636094093323
747,2,38,0,later,0.9877592325210571
747,3,75,0,later,0.9843221306800842
747,4,113,0,later,0.9879405498504639
748,1,14,0,later,0.9859505295753479
748,2,38,0,later,0.9873256683349609
748,3,75,0,later,0.9837000966072083
748,4,113,0,later,0.989218533039093
749,1,14,0,later,0.9867540597915649
749,2,38,0,later,0.988048791885376
749,3,75,0,later,0.9789987206459045
749,4,113,0,later,0.9887498617172241
448,1,14,0,earlier,0.9758040308952332
448,2,38,0,earlier,0.9875355362892151
448,3,75,0,earlier,0.9882515668869019
448,4,113,0,earlier,0.9877958297729492
447,1,14,0,earlier,0.9829564690589905
447,2,38,0,earlier,0.9793580174446106
447,3,75,0,earlier,0.9823225736618042
447,4,113,0,earlier,0.9892066717147827
446,1,14,0,earlier,0.9833029508590698
446,2,38,0,earlier,0.9838449358940125
446,3,75,0,earlier,0.9886940717697144
446,4,113,0,earlier,0.9903573393821716
445,1,14,0,earlier,0.9832780957221985
445,2,38,0,earlier,0.986579954624176
445,3,75,0,earlier,0.9890550971031189
445,4,113,0,earlier,0.9895030856132507
444,1,14,0,earlier,0.9841204881668091
444,2,38,0,earlier,0.972517192363739
444,3,75,0,earlier,0.9881531000137329
444,4,113,0,earlier,0.9884575009346008
443,1,14,0,earlier,0.9845318794250488
443,2,38,0,earlier,0.9840815663337708
443,3,75,0,earlier,0.9905974864959717
443,4,113,0,earlier,0.9880313277244568
442,1,14,0,earlier,0.98487389087677
442,2,38,0,earlier,0.9868175387382507
442,3,75,0,earlier,0.985755443572998
442,4,113,0,earlier,0.988167941570282
441,1,14,0,earlier,0.9843513369560242
441,2,38,0,earlier,0.9744824767112732
441,3,75,0,earlier,0.988835871219635
441,4,113,0,earlier,0.9898379445075989
440,1,14,0,earlier,0.9845663905143738
440,2,38,0,earlier,0.9896318912506104
440,3,75,0,earlier,0.9851031303405762
440,4,113,0,earlier,0.9858003854751587
439,1,14,0,earlier,0.9850862622261047
439,2,38,0,earlier,0.9845522046089172
439,3,75,0,earlier,0.9860904812812805
439,4,113,0,earlier,0.9886052012443542
438,1,14,0,earlier,0.9843633770942688
438,2,38,0,earlier,0.9861904382705688
438,3,75,0,earlier,0.9862780570983887
438,4,113,0,earlier,0.988732099533081
437,1,14,0,earlier,0.9854004383087158
437,2,38,0,earlier,0.9916907548904419
437,3,75,0,earlier,0.990882396697998
437,4,113,0,earlier,0.9878886342048645
436,1,14,0,earlier,0.9863376617431641
436,2,38,0,earlier,0.9787591099739075
436,3,75,0,earlier,0.9882007241249084
436,4,113,0,earlier,0.9866073727607727
435,1,14,0,earlier,0.985360860824585
435,2,38,0,earlier,0.9876241087913513
435,3,75,0,earlier,0.9870043992996216
435,4,113,0,earlier,0.9878738522529602
434,1,14,0,earlier,0.9855819344520569
434,2,38,0,earlier,0.9784071445465088
434,3,75,0,earlier,0.9871825575828552
434,4,113,0,earlier,0.9903176426887512
433,1,14,0,earlier,0.9856318235397339
433,2,38,0,earlier,0.9841617345809937
433,3,75,0,earlier,0.9883100390434265
433,4,113,0,earlier,0.986893355846405
432,1,14,0,earlier,0.9856787323951721
432,2,38,0,earlier,0.9876253604888916
432,3,75,0,earlier,0.9870811104774475
432,4,113,0,earlier,0.9883577227592468
431,1,14,0,earlier,0.9854968190193176
431,2,38,0,earlier,0.9791387319564819
431,3,75,0,earlier,0.9873113036155701
431,4,113,0,earlier,0.9875075221061707
430,1,14,0,earlier,0.9853394031524658
430,2,38,0,earlier,0.9742771983146667
430,3,75,0,earlier,0.9882439970970154
430,4,113,0,earlier,0.986801266670227
429,1,14,0,earlier,0.9855728149414062
429,2,38,0,earlier,0.9862667322158813
429,3,75,0,earlier,0.9876830577850342
429,4,113,0,earlier,0.988136887550354
428,1,14,0,earlier,0.9861873984336853
428,2,38,0,earlier,0.9804686903953552
428,3,75,0,earlier,0.9869589805603027
428,4,113,0,earlier,0.9868963360786438
427,1,14,0,earlier,0.9856592416763306
427,2,38,0,earlier,0.9759021401405334
427,3,75,0,earlier,0.9884905219078064
427,4,113,0,earlier,0.989979088306427
426,1,14,0,earlier,0.985451340675354
426,2,38,0,earlier,0.9778684377670288
426,3,75,0,earlier,0.9869621992111206
426,4,113,0,earlier,0.9891310930252075
425,1,14,0,earlier,0.9859635233879089
425,2,38,0,earlier,0.9669268131256104
425,3,75,0,earlier,0.9868361949920654
425,4,113,0,earlier,0.9909870624542236
424,1,14,0,earlier,0.9856043457984924
424,2,38,0,earlier,0.9601607918739319
424,3,75,0,earlier,0.9902000427246094
424,4,113,0,earlier,0.9911016821861267
423,1,14,0,earlier,0.9865797758102417
423,2,38,0,earlier,0.9784569144248962
423,3,75,0,earlier,0.989713728427887
423,4,113,0,earlier,0.9896695613861084
422,1,14,0,earlier,0.9871774911880493
422,2,38,0,earlier,0.9801260232925415
422,3,75,0,earlier,0.9881972670555115
422,4,113,0,earlier,0.9881352782249451
421,1,14,0,earlier,0.98741614818573
421,2,38,0,earlier,0.9665865898132324
421,3,75,0,earlier,0.9854702353477478
421,4,113,0,earlier,0.9883111715316772
420,1,14,0,earlier,0.9877090454101562
420,2,38,0,earlier,0.9799644947052002
420,3,75,0,earlier,0.9895411133766174
420,4,113,0,earlier,0.9887545108795166
419,1,14,0,earlier,0.9877216219902039
419,2,38,0,earlier,0.963596522808075
419,3,75,0,earlier,0.9892251491546631
419,4,113,0,earlier,0.9918033480644226
418,1,14,0,earlier,0.9869871139526367
418,2,38,0,earlier,
418,3,75,0,earlier,0.9898155331611633
418,4,113,0,earlier,0.9888888001441956
417,1,14,0,earlier,0.9871889352798462
417,2,38,0,earlier,
417,3,75,0,earlier,0.9891032576560974
417,4,113,0,earlier,0.9885348677635193
416,1,14,0,earlier,0.9871400594711304
416,2,38,0,earlier,
416,3,75,0,earlier,0.9893949627876282
416,4,113,0,earlier,0.9898952841758728
415,1,14,0,earlier,0.9854040145874023
415,2,38,0,earlier,
415,3,75,0,earlier,0.9896920323371887
415,4,113,0,earlier,0.9894574284553528
414,1,14,0,earlier,0.9858211278915405
414,2,38,0,earlier,
414,3,75,0,earlier,0.9884677529335022
414,4,113,0,earlier,0.9895538687705994
413,1,14,0,earlier,0.9858658313751221
413,2,38,0,earlier,
413,3,75,0,earlier,0.990208089351654
413,4,113,0,earlier,0.9918727278709412
412,1,14,0,earlier,0.9854183197021484
412,2,38,0,earlier,
412,3,75,0,earlier,0.9907283782958984
412,4,113,0,earlier,0.9908308386802673
411,1,14,0,earlier,0.9853354692459106
411,2,38,0,earlier,
411,3,75,0,earlier,0.990411102771759
411,4,113,0,earlier,0.9900712370872498
410,1,14,0,earlier,0.9848365187644958
410,2,38,0,earlier,
410,3,75,0,earlier,0.9901595711708069
410,4,113,0,earlier,0.989282488822937
409,1,14,0,earlier,0.9854168891906738
409,2,38,0,earlier,
409,3,75,0,earlier,0.9905888438224792
409,4,113,0,earlier,0.9910147786140442
408,1,14,0,earlier,0.9849945306777954
408,2,38,0,earlier,
408,3,75,0,earlier,0.9894714951515198
408,4,113,0,earlier,0.9876537322998047
407,1,14,0,earlier,0.9847519993782043
407,2,38,0,earlier,
407,3,75,0,earlier,0.9907649159431458
407,4,113,0,earlier,0.9908539056777954
406,1,14,0,earlier,0.9843988418579102
406,2,38,0,earlier,
406,3,75,0,earlier,0.9909292459487915
406,4,113,0,earlier,0.990902841091156
405,1,14,0,earlier,0.9839641451835632
405,2,38,0,earlier,
405,3,75,0,earlier,0.9892681241035461
405,4,113,0,earlier,0.9894285798072815
404,1,14,0,earlier,0.9844492673873901
404,2,38,0,earlier,
404,3,75,0,earlier,0.9888482689857483
404,4,113,0,earlier,0.9894134998321533
403,1,14,0,earlier,0.9854356646537781
403,2,38,0,earlier,
403,3,75,0,earlier,0.9905604124069214
403,4,113,0,earlier,0.9872124195098877
402,1,14,0,earlier,0.98456209897995
402,2,38,0,earlier,
402,3,75,0,earlier,0.9897419214248657
402,4,113,0,earlier,0.9846552014350891
401,1,14,0,earlier,0.9850767254829407
401,2,38,0,earlier,
401,3,75,0,earlier,0.9895395040512085
401,4,113,0,earlier,0.9851969480514526
400,1,14,0,earlier,0.9841043949127197
400,2,38,0,earlier,
400,3,75,0,earlier,0.9891346096992493
400,4,113,0,earlier,0.9853001236915588
399,1,14,0,earlier,0.9853547215461731
399,2,38,0,earlier,
399,3,75,0,earlier,0.9907866716384888
399,4,113,0,earlier,0.9857946634292603
398,1,14,0,earlier,0.9860320687294006
398,2,38,0,earlier,
398,3,75,0,earlier,0.9890279769897461
398,4,113,0,earlier,0.9867948889732361
397,1,14,0,earlier,0.9863949418067932
397,2,38,0,earlier,
397,3,75,0,earlier,0.9887830018997192
397,4,113,0,earlier,0.9818605780601501
396,1,14,0,earlier,0.9862640500068665
396,2,38,0,earlier,
396,3,75,0,earlier,0.9912135601043701
396,4,113,0,earlier,0.9816737771034241
395,1,14,0,earlier,0.9855217933654785
395,2,38,0,earlier,
395,3,75,0,earlier,0.9903713464736938
395,4,113,0,earlier,0.9803053736686707
394,1,14,0,earlier,0.9851207137107849
394,2,38,0,earlier,
394,3,75,0,earlier,0.9903850555419922
394,4,113,0,earlier,0.9824891686439514
393,1,14,0,earlier,0.9846590161323547
393,2,38,0,earlier,
393,3,75,0,earlier,0.9904058575630188
393,4,113,0,earlier,0.9856482148170471
392,1,14,0,earlier,0.9859815239906311
392,2,38,0,earlier,
392,3,75,0,earlier,0.9898899793624878
392,4,113,0,earlier,0.9893277287483215
391,1,14,0,earlier,0.9856219291687012
391,2,38,0,earlier,
391,3,75,0,earlier,0.9863772392272949
391,4,113,0,earlier,0.9896723628044128
390,1,14,0,earlier,0.985725998878479
390,2,38,0,earlier,
390,3,75,0,earlier,0.9852908849716187
390,4,113,0,earlier,0.98977130651474
389,1,14,0,earlier,0.9851946830749512
389,2,38,0,earlier,
389,3,75,0,earlier,0.9880292415618896
389,4,113,0,earlier,0.9890134334564209
388,1,14,0,earlier,0.985746443271637
388,2,38,0,earlier,
388,3,75,0,earlier,0.9881240129470825
388,4,113,0,earlier,0.989315927028656
387,1,14,0,earlier,0.9853590726852417
387,2,38,0,earlier,
387,3,75,0,earlier,0.986620306968689
387,4,113,0,earlier,0.9905197024345398
386,1,14,0,earlier,0.9850529432296753
386,2,38,0,earlier,
386,3,75,0,earlier,0.9877904653549194
386,4,113,0,earlier,0.989734947681427
385,1,14,0,earlier,0.9867391586303711
385,2,38,0,earlier,
385,3,75,0,earlier,0.987612783908844
385,4,113,0,earlier,0.9898030757904053
384,1,14,0,earlier,0.985659122467041
384,2,38,0,earlier,
384,3,75,0,earlier,0.9885565042495728
384,4,113,0,earlier,0.989194929599762
383,1,14,0,earlier,0.9856834411621094
383,2,38,0,earlier,
383,3,75,0,earlier,0.9883288145065308
383,4,113,0,earlier,0.9895262718200684
382,1,14,0,earlier,0.9872097373008728
382,2,38,0,earlier,
382,3,75,0,earlier,0.9860095977783203
382,4,113,0,earlier,0.9892111420631409
381,1,14,0,earlier,0.9867376685142517
381,2,38,0,earlier,
381,3,75,0,earlier,0.97843998670578
381,4,113,0,earlier,0.9889816641807556
380,1,14,0,earlier,0.9869795441627502
380,2,38,0,earlier,
380,3,75,0,earlier,0.9833046197891235
380,4,113,0,earlier,0.987082839012146
379,1,14,0,earlier,0.9875040054321289
379,2,38,0,earlier,
379,3,75,0,earlier,0.9795544743537903
379,4,113,0,earlier,0.9871675372123718
378,1,14,0,earlier,0.9860156178474426
378,2,38,0,earlier,
378,3,75,0,earlier,0.9824270606040955
378,4,113,0,earlier,0.9877215623855591
377,1,14,0,earlier,0.9867700338363647
377,2,38,0,earlier,
377,3,75,0,earlier,0.9828409552574158
377,4,113,0,earlier,0.9877325892448425
376,1,14,0,earlier,0.9884957671165466
376,2,38,0,earlier,
376,3,75,0,earlier,0.9822704195976257
376,4,113,0,earlier,0.9881618022918701
375,1,14,0,earlier,0.9879032969474792
375,2,38,0,earlier,
375,3,75,0,earlier,0.9819982647895813
375,4,113,0,earlier,0.9895355105400085
374,1,14,0,earlier,0.986831545829773
374,2,38,0,earlier,
374,3,75,0,earlier,0.9818668961524963
374,4,113,0,earlier,0.9861185550689697
373,1,14,0,earlier,0.9875138998031616
373,2,38,0,earlier,
373,3,75,0,earlier,0.9829322099685669
373,4,113,0,earlier,0.9885695576667786
372,1,14,0,earlier,0.9880906939506531
372,2,38,0,earlier,
372,3,75,0,earlier,0.9827728271484375
372,4,113,0,earlier,0.9870885014533997
371,1,14,0,earlier,0.9873698949813843
371,2,38,0,earlier,
371,3,75,0,earlier,0.9828547239303589
371,4,113,0,earlier,0.9888045787811279
370,1,14,0,earlier,0.98832768201828
370,2,38,0,earlier,
370,3,75,0,earlier,0.9839615225791931
370,4,113,0,earlier,0.9868543148040771
369,1,14,0,earlier,0.9873399138450623
369,2,38,0,earlier,
369,3,75,0,earlier,0.9838201403617859
369,4,113,0,earlier,0.9877365231513977
368,1,14,0,earlier,0.9872981905937195
368,2,38,0,earlier,
368,3,75,0,earlier,0.9847721457481384
368,4,113,0,earlier,0.9838630557060242
367,1,14,0,earlier,0.9858053922653198
367,2,38,0,earlier,
367,3,75,0,earlier,0.9845021963119507
367,4,113,0,earlier,0.9904999732971191
366,1,14,0,earlier,0.9848340153694153
366,2,38,0,earlier,
366,3,75,0,earlier,0.9851312041282654
366,4,113,0,earlier,0.9898496866226196
365,1,14,0,earlier,0.982918918132782
365,2,38,0,earlier,
365,3,75,0,earlier,0.9841166138648987
365,4,113,0,earlier,0.9898208975791931
364,1,14,0,earlier,0.9848129749298096
364,2,38,0,earlier,
364,3,75,0,earlier,0.9849734306335449
364,4,113,0,earlier,0.9893112778663635
363,1,14,0,earlier,0.9843656420707703
363,2,38,0,earlier,
363,3,75,0,earlier,0.9851056337356567
363,4,113,0,earlier,0.9898203015327454
362,1,14,0,earlier,0.9783189296722412
362,2,38,0,earlier,
362,3,75,0,earlier,0.9844226241111755
362,4,113,0,earlier,0.9896292090415955
361,1,14,0,earlier,0.9803912043571472
361,2,38,0,earlier,
361,3,75,0,earlier,0.9852820634841919
361,4,113,0,earlier,0.9902406930923462
360,1,14,0,earlier,0.9809120297431946
360,2,38,0,earlier,
360,3,75,0,earlier,0.9836568832397461
360,4,113,0,earlier,0.9890793561935425
359,1,14,0,earlier,0.9784961342811584
359,2,38,0,earlier,
359,3,75,0,earlier,0.9863250851631165
359,4,113,0,earlier,0.9879624843597412
358,1,14,0,earlier,0.9795786142349243
358,2,38,0,earlier,
358,3,75,0,earlier,0.9859774112701416
358,4,113,0,earlier,0.9856458902359009
357,1,14,0,earlier,0.9833897948265076
357,2,38,0,earlier,
357,3,75,0,earlier,0.986445963382721
357,4,113,0,earlier,0.9845510125160217
356,1,14,0,earlier,0.9849604368209839
356,2,38,0,earlier,
356,3,75,0,earlier,0.986896812915802
356,4,113,0,earlier,0.982904314994812
355,1,14,0,earlier,0.9837108850479126
355,2,38,0,earlier,
355,3,75,0,earlier,0.9857735633850098
355,4,113,0,earlier,0.9815488457679749
354,1,14,0,earlier,0.9836317300796509
354,2,38,0,earlier,
354,3,75,0,earlier,0.9857236742973328
354,4,113,0,earlier,0.9837362170219421
353,1,14,0,earlier,0.9828473329544067
353,2,38,0,earlier,
353,3,75,0,earlier,0.9853931069374084
353,4,113,0,earlier,0.9805135726928711
352,1,14,0,earlier,0.9825356006622314
352,2,38,0,earlier,
352,3,75,0,earlier,0.9870722889900208
352,4,113,0,earlier,0.9818113446235657
351,1,14,0,earlier,0.9848912358283997
351,2,38,0,earlier,
351,3,75,0,earlier,0.9874945282936096
351,4,113,0,earlier,0.9727253317832947
350,1,14,0,earlier,0.9845321774482727
350,2,38,0,earlier,
350,3,75,0,earlier,0.9809834361076355
350,4,113,0,earlier,0.9769542217254639
349,1,14,0,earlier,0.9849122762680054
349,2,38,0,earlier,
349,3,75,0,earlier,0.981016218662262
349,4,113,0,earlier,0.9769137501716614
348,1,14,0,earlier,0.9851365685462952
348,2,38,0,earlier,
348,3,75,0,earlier,0.9801458120346069
348,4,113,0,earlier,0.9769032001495361
347,1,14,0,earlier,0.9843037724494934
347,2,38,0,earlier,
347,3,75,0,earlier,0.9845383167266846
347,4,113,0,earlier,0.9772902131080627
346,1,14,0,earlier,0.9854170680046082
346,2,38,0,earlier,
346,3,75,0,earlier,0.9850217700004578
346,4,113,0,earlier,0.9735647439956665
345,1,14,0,earlier,0.985334038734436
345,2,38,0,earlier,
345,3,75,0,earlier,0.9841643571853638
345,4,113,0,earlier,0.9725257158279419
344,1,14,0,earlier,0.9842466115951538
344,2,38,0,earlier,
344,3,75,0,earlier,0.984184980392456
344,4,113,0,earlier,0.9756595492362976
343,1,14,0,earlier,0.9812678098678589
343,2,38,0,earlier,
343,3,75,0,earlier,0.9830665588378906
343,4,113,0,earlier,0.9830216765403748
342,1,14,0,earlier,0.968852162361145
342,2,38,0,earlier,
342,3,75,0,earlier,0.9830182194709778
342,4,113,0,earlier,0.9889726042747498
341,1,14,0,earlier,0.9731981754302979
341,2,38,0,earlier,
341,3,75,0,earlier,0.9832679629325867
341,4,113,0,earlier,0.9888811707496643
340,1,14,0,earlier,0.9739454388618469
340,2,38,0,earlier,
340,3,75,0,earlier,0.9830856919288635
340,4,113,0,earlier,0.9871719479560852
339,1,14,0,earlier,0.9814898371696472
339,2,38,0,earlier,
339,3,75,0,earlier,0.9837169051170349
339,4,113,0,earlier,0.9888248443603516
338,1,14,0,earlier,0.9778339862823486
338,2,38,0,earlier,
338,3,75,0,earlier,0.9821116328239441
338,4,113,0,earlier,0.9897708296775818
337,1,14,0,earlier,0.9697341918945312
337,2,38,0,earlier,
337,3,75,0,earlier,0.9801797866821289
337,4,113,0,earlier,0.9885656833648682
336,1,14,0,earlier,0.9710696935653687
336,2,38,0,earlier,
336,3,75,0,earlier,0.9774567484855652
336,4,113,0,earlier,0.9884557127952576
335,1,14,0,earlier,0.9727038741111755
335,2,38,0,earlier,
335,3,75,0,earlier,0.9796300530433655
335,4,113,0,earlier,0.9865970015525818
334,1,14,0,earlier,0.9718952178955078
334,2,38,0,earlier,
334,3,75,0,earlier,0.9813828468322754
334,4,113,0,earlier,0.9872075319290161
333,1,14,0,earlier,0.9732265472412109
333,2,38,0,earlier,
333,3,75,0,earlier,0.9799076318740845
333,4,113,0,earlier,0.9883653521537781
332,1,14,0,earlier,0.971707284450531
332,2,38,0,earlier,
332,3,75,0,earlier,0.9807595610618591
332,4,113,0,earlier,0.9877897500991821
331,1,14,0,earlier,0.9790645241737366
331,2,38,0,earlier,
331,3,75,0,earlier,0.9827374219894409
331,4,113,0,earlier,0.9889415502548218
330,1,14,0,earlier,0.9767012000083923
330,2,38,0,earlier,
330,3,75,0,earlier,0.9829450249671936
330,4,113,0,earlier,0.9871465563774109
329,1,14,0,earlier,0.9776639342308044
329,2,38,0,earlier,
329,3,75,0,earlier,0.9805512428283691
329,4,113,0,earlier,0.9882859587669373
328,1,14,0,earlier,0.9749568104743958
328,2,38,0,earlier,
328,3,75,0,earlier,0.9838026165962219
328,4,113,0,earlier,0.9864338636398315
327,1,14,0,earlier,0.9766913056373596
327,2,38,0,earlier,
327,3,75,0,earlier,0.9868078827857971
327,4,113,0,earlier,0.9875640273094177
326,1,14,0,earlier,0.9792392253875732
326,2,38,0,earlier,0.9398307204246521
326,3,75,0,earlier,0.9850719571113586
326,4,113,0,earlier,0.9869906306266785
325,1,14,0,earlier,0.9800249934196472
325,2,38,0,earlier,
325,3,75,0,earlier,0.9833993911743164
325,4,113,0,earlier,0.9868142604827881
324,1,14,0,earlier,0.9816692471504211
324,2,38,0,earlier,
324,3,75,0,earlier,0.9822066426277161
324,4,113,0,earlier,0.986649751663208
323,1,14,0,earlier,0.9845804572105408
323,2,38,0,earlier,
323,3,75,0,earlier,0.9852855205535889
323,4,113,0,earlier,0.9849511384963989
322,1,14,0,earlier,0.9788285493850708
322,2,38,0,earlier,
322,3,75,0,earlier,0.9856573343276978
322,4,113,0,earlier,0.9864385724067688
321,1,14,0,earlier,0.9808430075645447
321,2,38,0,earlier,
321,3,75,0,earlier,0.9855998158454895
321,4,113,0,earlier,0.984573483467102
320,1,14,0,earlier,0.9816389679908752
320,2,38,0,earlier,
320,3,75,0,earlier,0.9854403138160706
320,4,113,0,earlier,0.9847779870033264
319,1,14,0,earlier,0.9790148735046387
319,2,38,0,earlier,
319,3,75,0,earlier,0.986419141292572
319,4,113,0,earlier,0.9837702512741089
318,1,14,0,earlier,0.9786733388900757
318,2,38,0,earlier,
318,3,75,0,earlier,0.9885801076889038
318,4,113,0,earlier,0.9853635430335999
317,1,14,0,earlier,0.9816792607307434
317,2,38,0,earlier,
317,3,75,0,earlier,0.988827109336853
317,4,113,0,earlier,0.9862790703773499
316,1,14,0,earlier,0.9790483117103577
316,2,38,0,earlier,
316,3,75,0,earlier,0.9872300028800964
316,4,113,0,earlier,0.987171471118927
315,1,14,0,earlier,0.9774143099784851
315,2,38,0,earlier,
315,3,75,0,earlier,0.989969789981842
315,4,113,0,earlier,0.9768556356430054
314,1,14,0,earlier,0.9783512949943542
314,2,38,0,earlier,
314,3,75,0,earlier,0.9887199401855469
314,4,113,0,earlier,0.9774481654167175
313,1,14,0,earlier,0.976203441619873
313,2,38,0,earlier,
313,3,75,0,earlier,0.9890967011451721
313,4,113,0,earlier,0.9792506694793701
312,1,14,0,earlier,0.977414071559906
312,2,38,0,earlier,
312,3,75,0,earlier,0.9864674210548401
312,4,113,0,earlier,0.9772752523422241
311,1,14,0,earlier,0.9744560718536377
311,2,38,0,earlier,
311,3,75,0,earlier,0.9885512590408325
311,4,113,0,earlier,0.9814114570617676
310,1,14,0,earlier,0.968340277671814
310,2,38,0,earlier,
310,3,75,0,earlier,0.9897958040237427
310,4,113,0,earlier,0.9824965596199036
309,1,14,0,earlier,0.9682173132896423
309,2,38,0,earlier,
309,3,75,0,earlier,0.9907150864601135
309,4,113,0,earlier,0.9777582883834839
308,1,14,0,earlier,0.968247652053833
308,2,38,0,earlier,
308,3,75,0,earlier,0.991247296333313
308,4,113,0,earlier,0.9770140051841736
307,1,14,0,earlier,0.9676388502120972
307,2,38,0,earlier,
307,3,75,0,earlier,0.9918771982192993
307,4,113,0,earlier,0.9797305464744568
306,1,14,0,earlier,0.9704784154891968
306,2,38,0,earlier,
306,3,75,0,earlier,0.9902859926223755
306,4,113,0,earlier,0.9793437123298645
305,1,14,0,earlier,0.9743786454200745
305,2,38,0,earlier,
305,3,75,0,earlier,0.9908695220947266
305,4,113,0,earlier,0.9786885380744934
304,1,14,0,earlier,0.9711910486221313
304,2,38,0,earlier,
304,3,75,0,earlier,0.9913881421089172
304,4,113,0,earlier,0.9730058312416077
303,1,14,0,earlier,0.976746141910553
303,2,38,0,earlier,
303,3,75,0,earlier,0.9917166829109192
303,4,113,0,earlier,0.9726637601852417
302,1,14,0,earlier,0.9785696864128113
302,2,38,0,earlier,
302,3,75,0,earlier,0.9912858605384827
302,4,113,0,earlier,0.9687713980674744
301,1,14,0,earlier,0.9802831411361694
301,2,38,0,earlier,
301,3,75,0,earlier,0.9892120957374573
301,4,113,0,earlier,0.9752175807952881
300,1,14,0,earlier,0.9771793484687805
300,2,38,0,earlier,
300,3,75,0,earlier,0.9905970096588135
300,4,113,0,earlier,0.9799932241439819
299,1,14,0,earlier,0.9787698984146118
299,2,38,0,earlier,
299,3,75,0,earlier,0.9907091856002808
299,4,113,0,earlier,0.9773712754249573
298,1,14,0,earlier,0.9771477580070496
298,2,38,0,earlier,
298,3,75,0,earlier,0.9884117841720581
298,4,113,0,earlier,0.9801781177520752
297,1,14,0,earlier,0.9821925163269043
297,2,38,0,earlier,
297,3,75,0,earlier,0.989513099193573
297,4,113,0,earlier,0.9806181788444519
296,1,14,0,earlier,0.9820383191108704
296,2,38,0,earlier,
296,3,75,0,earlier,0.990769624710083
296,4,113,0,earlier,0.9867180585861206
295,1,14,0,earlier,0.9771944880485535
295,2,38,0,earlier,
295,3,75,0,earlier,0.9914118051528931
295,4,113,0,earlier,0.9871712327003479
294,1,14,0,earlier,0.9779507517814636
294,2,38,0,earlier,
294,3,75,0,earlier,0.9884980916976929
294,4,113,0,earlier,0.9857690930366516
293,1,14,0,earlier,0.9786138534545898
293,2,38,0,earlier,
293,3,75,0,earlier,0.9882839322090149
293,4,113,0,earlier,0.9842661619186401
292,1,14,0,earlier,0.9818720817565918
292,2,38,0,earlier,
292,3,75,0,earlier,0.989530622959137
292,4,113,0,earlier,0.9856016039848328
291,1,14,0,earlier,0.9792531132698059
291,2,38,0,earlier,
291,3,75,0,earlier,0.9848316311836243
291,4,113,0,earlier,0.9824085831642151
290,1,14,0,earlier,0.9732143878936768
290,2,38,0,earlier,
290,3,75,0,earlier,0.9888098239898682
290,4,113,0,earlier,0.9816220998764038
289,1,14,0,earlier,0.9728169441223145
289,2,38,0,earlier,
289,3,75,0,earlier,0.9889211058616638
289,4,113,0,earlier,0.9820219874382019
288,1,14,0,earlier,0.9755468964576721
288,2,38,0,earlier,
288,3,75,0,earlier,0.9892424941062927
288,4,113,0,earlier,0.9812954068183899
287,1,14,0,earlier,0.9715607762336731
287,2,38,0,earlier,
287,3,75,0,earlier,0.9897058606147766
287,4,113,0,earlier,0.9754975438117981
286,1,14,0,earlier,0.9710400104522705
286,2,38,0,earlier,
286,3,75,0,earlier,0.9873055219650269
286,4,113,0,earlier,0.9643615484237671
285,1,14,0,earlier,0.9736371040344238
285,2,38,0,earlier,
285,3,75,0,earlier,0.9876293540000916
285,4,113,0,earlier,0.9749765992164612
284,1,14,0,earlier,0.9746905565261841
284,2,38,0,earlier,
284,3,75,0,earlier,0.9842295050621033
284,4,113,0,earlier,0.9763439893722534
283,1,14,0,earlier,0.9660439491271973
283,2,38,0,earlier,
283,3,75,0,earlier,0.9870564341545105
283,4,113,0,earlier,0.9831241965293884
282,1,14,0,earlier,0.9715747237205505
282,2,38,0,earlier,
282,3,75,0,earlier,0.9863598942756653
282,4,113,0,earlier,0.9783846139907837
281,1,14,0,earlier,0.9757112860679626
281,2,38,0,earlier,
281,3,75,0,earlier,0.9887097477912903
281,4,113,0,earlier,0.9778730273246765
280,1,14,0,earlier,0.9784895181655884
280,2,38,0,earlier,
280,3,75,0,earlier,0.986720621585846
280,4,113,0,earlier,0.9771509170532227
279,1,14,0,earlier,0.9795715808868408
279,2,38,0,earlier,
279,3,75,0,earlier,0.9863364696502686
279,4,113,0,earlier,0.9792056679725647
278,1,14,0,earlier,0.9789047837257385
278,2,38,0,earlier,
278,3,75,0,earlier,0.9819262027740479
278,4,113,0,earlier,0.9825894832611084
277,1,14,0,earlier,0.9744821786880493
277,2,38,0,earlier,
277,3,75,0,earlier,0.9910492897033691
277,4,113,0,earlier,0.9781367778778076
276,1,14,0,earlier,0.965579628944397
276,2,38,0,earlier,
276,3,75,0,earlier,0.9909852743148804
276,4,113,0,earlier,0.9833230376243591
275,1,14,0,earlier,0.9744026064872742
275,2,38,0,earlier,
275,3,75,0,earlier,0.9894282817840576
275,4,113,0,earlier,0.9842294454574585
274,1,14,0,earlier,0.9762035012245178
274,2,38,0,earlier,
274,3,75,0,earlier,0.9852620959281921
274,4,113,0,earlier,0.9850643277168274
273,1,14,0,earlier,0.9773430228233337
273,2,38,0,earlier,
273,3,75,0,earlier,0.9796386361122131
273,4,113,0,earlier,0.9847046136856079
272,1,14,0,earlier,0.9782457947731018
272,2,38,0,earlier,
272,3,75,0,earlier,0.9759601950645447
272,4,113,0,earlier,0.981208860874176
271,1,14,0,earlier,0.9820679426193237
271,2,38,0,earlier,
271,3,75,0,earlier,0.983279824256897
271,4,113,0,earlier,0.9763825535774231
270,1,14,0,earlier,0.9769442081451416
270,2,38,0,earlier,
270,3,75,0,earlier,0.9764721393585205
270,4,113,0,earlier,0.9809336066246033
269,1,14,0,earlier,0.9749220609664917
269,2,38,0,earlier,
269,3,75,0,earlier,0.9768745303153992
269,4,113,0,earlier,0.9836090803146362
268,1,14,0,earlier,0.9740205407142639
268,2,38,0,earlier,
268,3,75,0,earlier,0.9835711121559143
268,4,113,0,earlier,0.987968385219574
267,1,14,0,earlier,0.9790902733802795
267,2,38,0,earlier,
267,3,75,0,earlier,0.9839649200439453
267,4,113,0,earlier,0.9870724081993103
266,1,14,0,earlier,0.9872648119926453
266,2,38,0,earlier,
266,3,75,0,earlier,0.9825277924537659
266,4,113,0,earlier,0.9867782592773438
265,1,14,0,earlier,0.9848496317863464
265,2,38,0,earlier,
265,3,75,0,earlier,0.9845844507217407
265,4,113,0,earlier,0.9852006435394287
264,1,14,0,earlier,0.9849879741668701
264,2,38,0,earlier,
264,3,75,0,earlier,0.9886610507965088
264,4,113,0,earlier,0.9857722520828247
263,1,14,0,earlier,0.9835736155509949
263,2,38,0,earlier,
263,3,75,0,earlier,0.9861745834350586
263,4,113,0,earlier,0.9851403832435608
262,1,14,0,earlier,0.9834861159324646
262,2,38,0,earlier,
262,3,75,0,earlier,0.9685297012329102
262,4,113,0,earlier,0.985977053642273
261,1,14,0,earlier,0.9824443459510803
261,2,38,0,earlier,
261,3,75,0,earlier,0.9528087377548218
261,4,113,0,earlier,0.9815042018890381
260,1,14,0,earlier,0.981046736240387
260,2,38,0,earlier,
260,3,75,0,earlier,0.9627136588096619
260,4,113,0,earlier,0.9766435027122498
259,1,14,0,earlier,0.9828455448150635
259,2,38,0,earlier,
259,3,75,0,earlier,0.9626821875572205
259,4,113,0,earlier,0.9861799478530884
258,1,14,0,earlier,0.981937050819397
258,2,38,0,earlier,
258,3,75,0,earlier,0.9786958694458008
258,4,113,0,earlier,0.9844702482223511
257,1,14,0,earlier,0.9825778603553772
257,2,38,0,earlier,
257,3,75,0,earlier,0.9859824180603027
257,4,113,0,earlier,0.9890071153640747
256,1,14,0,earlier,0.9851830005645752
256,2,38,0,earlier,
256,3,75,0,earlier,0.9881358742713928
256,4,113,0,earlier,0.988689661026001
255,1,14,0,earlier,0.9795330762863159
255,2,38,0,earlier,
255,3,75,0,earlier,0.9886463284492493
255,4,113,0,earlier,0.9880695939064026
254,1,14,0,earlier,0.9806436896324158
254,2,38,0,earlier,
254,3,75,0,earlier,0.986736536026001
254,4,113,0,earlier,0.9907212853431702
253,1,14,0,earlier,0.9827484488487244
253,2,38,0,earlier,
253,3,75,0,earlier,0.9881784319877625
253,4,113,0,earlier,0.990115761756897
252,1,14,0,earlier,0.977716863155365
252,2,38,0,earlier,
252,3,75,0,earlier,0.9896366596221924
252,4,113,0,earlier,0.9905555844306946
251,1,14,0,earlier,0.9758174419403076
251,2,38,0,earlier,
251,3,75,0,earlier,0.9888924956321716
251,4,113,0,earlier,0.9917997121810913
250,1,14,0,earlier,0.9810370802879333
250,2,38,0,earlier,
250,3,75,0,earlier,0.990561842918396
250,4,113,0,earlier,0.9918038845062256
249,1,14,0,earlier,0.9820519685745239
249,2,38,0,earlier,
249,3,75,0,earlier,0.9873161315917969
249,4,113,0,earlier,0.9906167984008789
248,1,14,0,earlier,0.9872783422470093
248,2,38,0,earlier,
248,3,75,0,earlier,0.9854120016098022
248,4,113,0,earlier,0.9904225468635559
247,1,14,0,earlier,0.9830834269523621
247,2,38,0,earlier,
247,3,75,0,earlier,0.9853354096412659
247,4,113,0,earlier,0.9903254508972168
246,1,14,0,earlier,0.9864816665649414
246,2,38,0,earlier,
246,3,75,0,earlier,0.9860880970954895
246,4,113,0,earlier,0.9907096028327942
245,1,14,0,earlier,0.9879589080810547
245,2,38,0,earlier,
245,3,75,0,earlier,0.9867500066757202
245,4,113,0,earlier,0.9911202192306519
244,1,14,0,earlier,0.9882979989051819
244,2,38,0,earlier,
244,3,75,0,earlier,0.9905288219451904
244,4,113,0,earlier,0.9924282431602478
243,1,14,0,earlier,0.9890003204345703
243,2,38,0,earlier,
243,3,75,0,earlier,0.9894147515296936
243,4,113,0,earlier,0.9914196133613586
242,1,14,0,earlier,0.9894379377365112
242,2,38,0,earlier,
242,3,75,0,earlier,0.989499568939209
242,4,113,0,earlier,0.9915216565132141
241,1,14,0,earlier,0.9892575740814209
241,2,38,0,earlier,
241,3,75,0,earlier,0.9893789291381836
241,4,113,0,earlier,0.9918047785758972
240,1,14,0,earlier,0.9878016114234924
240,2,38,0,earlier,
240,3,75,0,earlier,0.9901599287986755
240,4,113,0,earlier,0.991884708404541
239,1,14,0,earlier,0.9785863161087036
239,2,38,0,earlier,
239,3,75,0,earlier,0.9890235662460327
239,4,113,0,earlier,0.992607593536377
238,1,14,0,earlier,0.9777226448059082
238,2,38,0,earlier,
238,3,75,0,earlier,0.9882996082305908
238,4,113,0,earlier,0.9914432764053345
237,1,14,0,earlier,0.9787669777870178
237,2,38,0,earlier,
237,3,75,0,earlier,0.9871233105659485
237,4,113,0,earlier,0.991706371307373
236,1,14,0,earlier,0.9833589792251587
236,2,38,0,earlier,
236,3,75,0,earlier,0.9883763790130615
236,4,113,0,earlier,0.9925426244735718
235,1,14,0,earlier,0.9807111620903015
235,2,38,0,earlier,
235,3,75,0,earlier,0.9885259866714478
235,4,113,0,earlier,0.9932323694229126
234,1,14,0,earlier,0.9808892607688904
234,2,38,0,earlier,
234,3,75,0,earlier,0.9901579022407532
234,4,113,0,earlier,0.9921069741249084
233,1,14,0,earlier,0.9835804104804993
233,2,38,0,earlier,
233,3,75,0,earlier,0.9893259406089783
233,4,113,0,earlier,0.9920284152030945
232,1,14,0,earlier,0.9814375042915344
232,2,38,0,earlier,
232,3,75,0,earlier,0.9880877733230591
232,4,113,0,earlier,0.9922435283660889
231,1,14,0,earlier,0.9811991453170776
231,2,38,0,earlier,
231,3,75,0,earlier,0.9898636341094971
231,4,113,0,earlier,0.9912704229354858
230,1,14,0,earlier,0.9810481071472168
230,2,38,0,earlier,
230,3,75,0,earlier,0.9865684509277344
230,4,113,0,earlier,0.9918747544288635
229,1,14,0,earlier,0.982070803642273
229,2,38,0,earlier,
229,3,75,0,earlier,0.987662672996521
229,4,113,0,earlier,0.9908197522163391
228,1,14,0,earlier,0.9851210117340088
228,2,38,0,earlier,
228,3,75,0,earlier,0.9900302290916443
228,4,113,0,earlier,0.990399956703186
227,1,14,0,earlier,0.9820298552513123
227,2,38,0,earlier,
227,3,75,0,earlier,0.9893555045127869
227,4,113,0,earlier,0.9904977679252625
226,1,14,0,earlier,0.9847089052200317
226,2,38,0,earlier,
226,3,75,0,earlier,0.9886524081230164
226,4,113,0,earlier,0.9917385578155518
225,1,14,0,earlier,0.9818850755691528
225,2,38,0,earlier,
225,3,75,0,earlier,0.9885482788085938
225,4,113,0,earlier,0.9926280379295349
224,1,14,0,earlier,0.9814554452896118
224,2,38,0,earlier,
224,3,75,0,earlier,0.9884771108627319
224,4,113,0,earlier,0.9904817938804626
223,1,14,0,earlier,0.9805763363838196
223,2,38,0,earlier,
223,3,75,0,earlier,0.9891006946563721
223,4,113,0,earlier,0.9919124245643616
222,1,14,0,earlier,0.9791805744171143
222,2,38,0,earlier,
222,3,75,0,earlier,0.9895347952842712
222,4,113,0,earlier,0.9912864565849304
221,1,14,0,earlier,0.9789012670516968
221,2,38,0,earlier,
221,3,75,0,earlier,0.9917798638343811
221,4,113,0,earlier,0.9918220639228821
220,1,14,0,earlier,0.9787836670875549
220,2,38,0,earlier,
220,3,75,0,earlier,0.9909431338310242
220,4,113,0,earlier,0.9915343523025513
219,1,14,0,earlier,0.977006733417511
219,2,38,0,earlier,
219,3,75,0,earlier,0.9906390905380249
219,4,113,0,earlier,0.9914600253105164
218,1,14,0,earlier,0.9770536422729492
218,2,38,0,earlier,
218,3,75,0,earlier,0.9917587637901306
218,4,113,0,earlier,0.9913138747215271
217,1,14,0,earlier,0.9741889834403992
217,2,38,0,earlier,
217,3,75,0,earlier,0.9900646805763245
217,4,113,0,earlier,0.990929365158081
216,1,14,0,earlier,0.9714730381965637
216,2,38,0,earlier,
216,3,75,0,earlier,0.992106020450592
216,4,113,0,earlier,0.9913116693496704
215,1,14,0,earlier,0.972882866859436
215,2,38,0,earlier,
215,3,75,0,earlier,0.991963803768158
215,4,113,0,earlier,0.9908561706542969
214,1,14,0,earlier,0.9732154011726379
214,2,38,0,earlier,
214,3,75,0,earlier,0.9909155368804932
214,4,113,0,earlier,0.9915693998336792
213,1,14,0,earlier,0.9723907113075256
213,2,38,0,earlier,
213,3,75,0,earlier,0.9921271204948425
213,4,113,0,earlier,0.9917334318161011
212,1,14,0,earlier,0.9709237217903137
212,2,38,0,earlier,
212,3,75,0,earlier,0.9916142821311951
212,4,113,0,earlier,0.9912269115447998
211,1,14,0,earlier,0.9734169244766235
211,2,38,0,earlier,
211,3,75,0,earlier,0.9931232929229736
211,4,113,0,earlier,0.9911794662475586
210,1,14,0,earlier,0.9735470414161682
210,2,38,0,earlier,
210,3,75,0,earlier,0.9896200299263
210,4,113,0,earlier,0.991645872592926
209,1,14,0,earlier,0.9735285043716431
209,2,38,0,earlier,
209,3,75,0,earlier,0.9910084009170532
209,4,113,0,earlier,0.9915139675140381
208,1,14,0,earlier,0.9780593514442444
208,2,38,0,earlier,
208,3,75,0,earlier,0.9879186153411865
208,4,113,0,earlier,0.991696834564209
207,1,14,0,earlier,0.9784488677978516
207,2,38,0,earlier,
207,3,75,0,earlier,0.990993857383728
207,4,113,0,earlier,0.9919142127037048
206,1,14,0,earlier,0.9791352152824402
206,2,38,0,earlier,
206,3,75,0,earlier,0.9919084310531616
206,4,113,0,earlier,0.9919103384017944
205,1,14,0,earlier,0.9785742163658142
205,2,38,0,earlier,
205,3,75,0,earlier,0.988882303237915
205,4,113,0,earlier,0.9922037720680237
204,1,14,0,earlier,0.9774786829948425
204,2,38,0,earlier,
204,3,75,0,earlier,0.989926278591156
204,4,113,0,earlier,0.9925362467765808
203,1,14,0,earlier,0.9755881428718567
203,2,38,0,earlier,
203,3,75,0,earlier,0.9913545250892639
203,4,113,0,earlier,0.9933837652206421
202,1,14,0,earlier,0.9712727665901184
202,2,38,0,earlier,
202,3,75,0,earlier,0.990971565246582
202,4,113,0,earlier,0.9933522939682007
201,1,14,0,earlier,0.9818360805511475
201,2,38,0,earlier,
201,3,75,0,earlier,0.9933967590332031
201,4,113,0,earlier,0.9928863048553467
200,1,14,0,earlier,0.985058605670929
200,2,38,0,earlier,
200,3,75,0,earlier,0.9919826984405518
200,4,113,0,earlier,0.989863932132721
199,1,14,0,earlier,0.984756588935852
199,2,38,0,earlier,
199,3,75,0,earlier,0.9919406771659851
199,4,113,0,earlier,0.9908838272094727
198,1,14,0,earlier,0.9835401773452759
198,2,38,0,earlier,
198,3,75,0,earlier,0.9909763336181641
198,4,113,0,earlier,0.990571141242981
197,1,14,0,earlier,0.9864544868469238
197,2,38,0,earlier,
197,3,75,0,earlier,0.9914572834968567
197,4,113,0,earlier,0.9913543462753296
196,1,14,0,earlier,0.9876255989074707
196,2,38,0,earlier,
196,3,75,0,earlier,0.9931854009628296
196,4,113,0,earlier,0.990698516368866
195,1,14,0,earlier,0.9871110916137695
195,2,38,0,earlier,
195,3,75,0,earlier,0.9908098578453064
195,4,113,0,earlier,0.9912204742431641
194,1,14,0,earlier,0.98686283826828
194,2,38,0,earlier,
194,3,75,0,earlier,0.9904533624649048
194,4,113,0,earlier,0.9912781119346619
193,1,14,0,earlier,0.9867434501647949
193,2,38,0,earlier,
193,3,75,0,earlier,0.9919248223304749
193,4,113,0,earlier,0.9906887412071228
192,1,14,0,earlier,0.9847444295883179
192,2,38,0,earlier,
192,3,75,0,earlier,0.9906092882156372
192,4,113,0,earlier,0.9919233322143555
191,1,14,0,earlier,0.9878794550895691
191,2,38,0,earlier,
191,3,75,0,earlier,0.9889230132102966
191,4,113,0,earlier,0.9900021553039551
190,1,14,0,earlier,0.9864740967750549
190,2,38,0,earlier,
190,3,75,0,earlier,0.9890860319137573
190,4,113,0,earlier,0.9900288581848145
189,1,14,0,earlier,0.9815224409103394
189,2,38,0,earlier,
189,3,75,0,earlier,0.9887586832046509
189,4,113,0,earlier,0.9905528426170349
188,1,14,0,earlier,0.9864552021026611
188,2,38,0,earlier,
188,3,75,0,earlier,0.9850139021873474
188,4,113,0,earlier,0.9906142950057983
187,1,14,0,earlier,0.9788438081741333
187,2,38,0,earlier,
187,3,75,0,earlier,0.9842403531074524
187,4,113,0,earlier,0.9904881715774536
186,1,14,0,earlier,0.9819045662879944
186,2,38,0,earlier,
186,3,75,0,earlier,0.9809826016426086
186,4,113,0,earlier,0.9905083179473877
185,1,14,0,earlier,0.9843438863754272
185,2,38,0,earlier,
185,3,75,0,earlier,0.9838127493858337
185,4,113,0,earlier,0.9907563924789429
184,1,14,0,earlier,0.9858313798904419
184,2,38,0,earlier,
184,3,75,0,earlier,0.9848164916038513
184,4,113,0,earlier,0.9898878931999207
183,1,14,0,earlier,0.9856041669845581
183,2,38,0,earlier,
183,3,75,0,earlier,0.986629843711853
183,4,113,0,earlier,0.9885693192481995
182,1,14,0,earlier,0.9854490756988525
182,2,38,0,earlier,
182,3,75,0,earlier,0.9816614389419556
182,4,113,0,earlier,0.9882883429527283
181,1,14,0,earlier,0.9852930903434753
181,2,38,0,earlier,
181,3,75,0,earlier,0.9869259595870972
181,4,113,0,earlier,0.9883871078491211
180,1,14,0,earlier,0.9857481122016907
180,2,38,0,earlier,
180,3,75,0,earlier,0.9819849729537964
180,4,113,0,earlier,0.989153265953064
179,1,14,0,earlier,0.986065685749054
179,2,38,0,earlier,
179,3,75,0,earlier,0.9815215468406677
179,4,113,0,earlier,0.9877402186393738
178,1,14,0,earlier,0.9847539067268372
178,2,38,0,earlier,
178,3,75,0,earlier,0.9818475842475891
178,4,113,0,earlier,0.9878671169281006
177,1,14,0,earlier,0.9873368740081787
177,2,38,0,earlier,
177,3,75,0,earlier,0.9801978468894958
177,4,113,0,earlier,0.9862337708473206
176,1,14,0,earlier,0.9873258471488953
176,2,38,0,earlier,
176,3,75,0,earlier,0.9815951585769653
176,4,113,0,earlier,0.9873045086860657
175,1,14,0,earlier,0.9872006177902222
175,2,38,0,earlier,
175,3,75,0,earlier,0.9798246622085571
175,4,113,0,earlier,0.9876675009727478
174,1,14,0,earlier,0.9882960915565491
174,2,38,0,earlier,
174,3,75,0,earlier,0.9815071821212769
174,4,113,0,earlier,0.9880164265632629
173,1,14,0,earlier,0.9880385994911194
173,2,38,0,earlier,
173,3,75,0,earlier,0.9801498055458069
173,4,113,0,earlier,0.9856491088867188
172,1,14,0,earlier,0.9880581498146057
172,2,38,0,earlier,
172,3,75,0,earlier,0.9799480438232422
172,4,113,0,earlier,0.9840849041938782
171,1,14,0,earlier,0.9885591864585876
171,2,38,0,earlier,
171,3,75,0,earlier,0.9795526266098022
171,4,113,0,earlier,0.987530529499054
170,1,14,0,earlier,0.9880058169364929
170,2,38,0,earlier,
170,3,75,0,earlier,0.9769079089164734
170,4,113,0,earlier,0.9875121712684631
169,1,14,0,earlier,0.988610565662384
169,2,38,0,earlier,
169,3,75,0,earlier,0.9778982996940613
169,4,113,0,earlier,0.9848527312278748
168,1,14,0,earlier,0.9873568415641785
168,2,38,0,earlier,
168,3,75,0,earlier,0.9779334664344788
168,4,113,0,earlier,0.9836382865905762
167,1,14,0,earlier,0.9867256879806519
167,2,38,0,earlier,
167,3,75,0,earlier,0.977053701877594
167,4,113,0,earlier,0.983144998550415
166,1,14,0,earlier,0.985458254814148
166,2,38,0,earlier,
166,3,75,0,earlier,0.9815201759338379
166,4,113,0,earlier,0.9850083589553833
165,1,14,0,earlier,0.9861243963241577
165,2,38,0,earlier,
165,3,75,0,earlier,0.9854706525802612
165,4,113,0,earlier,0.984545886516571
164,1,14,0,earlier,0.9834750294685364
164,2,38,0,earlier,
164,3,75,0,earlier,0.9841844439506531
164,4,113,0,earlier,0.9845470786094666
163,1,14,0,earlier,0.9835601449012756
163,2,38,0,earlier,
163,3,75,0,earlier,0.9867014288902283
163,4,113,0,earlier,0.9868440628051758
162,1,14,0,earlier,0.9888594150543213
162,2,38,0,earlier,
162,3,75,0,earlier,0.9892188310623169
162,4,113,0,earlier,0.9865389466285706
161,1,14,0,earlier,0.9893803596496582
161,2,38,0,earlier,
161,3,75,0,earlier,0.990405261516571
161,4,113,0,earlier,0.9869014024734497
160,1,14,0,earlier,0.9891421794891357
160,2,38,0,earlier,
160,3,75,0,earlier,0.9892100691795349
160,4,113,0,earlier,0.9862636923789978
159,1,14,0,earlier,0.9899444580078125
159,2,38,0,earlier,
159,3,75,0,earlier,0.9868893623352051
159,4,113,0,earlier,0.9857082366943359
158,1,14,0,earlier,0.9904674291610718
158,2,38,0,earlier,
158,3,75,0,earlier,0.9862657189369202
158,4,113,0,earlier,0.9854707717895508
157,1,14,0,earlier,0.9892001152038574
157,2,38,0,earlier,
157,3,75,0,earlier,0.9892146587371826
157,4,113,0,earlier,0.9850018620491028
156,1,14,0,earlier,0.989503800868988
156,2,38,0,earlier,
156,3,75,0,earlier,0.989222526550293
156,4,113,0,earlier,0.9855042695999146
155,1,14,0,earlier,0.9858478307723999
155,2,38,0,earlier,
155,3,75,0,earlier,0.9877312183380127
155,4,113,0,earlier,0.9861834049224854
154,1,14,0,earlier,0.9877539873123169
154,2,38,0,earlier,
154,3,75,0,earlier,0.9851357340812683
154,4,113,0,earlier,0.9857774972915649
153,1,14,0,earlier,0.9879700541496277
153,2,38,0,earlier,
153,3,75,0,earlier,0.9881501197814941
153,4,113,0,earlier,0.9854642748832703
152,1,14,0,earlier,0.9891297817230225
152,2,38,0,earlier,
152,3,75,0,earlier,0.9883602261543274
152,4,113,0,earlier,0.9861735701560974
151,1,14,0,earlier,0.9891560673713684
151,2,38,0,earlier,
151,3,75,0,earlier,0.9898937940597534
151,4,113,0,earlier,0.9877256155014038
150,1,14,0,earlier,0.9895128011703491
150,2,38,0,earlier,
150,3,75,0,earlier,0.9917217493057251
150,4,113,0,earlier,0.9878065586090088
149,1,14,0,earlier,0.988638162612915
149,2,38,0,earlier,
149,3,75,0,earlier,0.9909496903419495
149,4,113,0,earlier,0.9861270785331726
148,1,14,0,earlier,0.9850051999092102
148,2,38,0,earlier,
148,3,75,0,earlier,0.9896154403686523
148,4,113,0,earlier,0.9861060380935669
147,1,14,0,earlier,0.9851917624473572
147,2,38,0,earlier,
147,3,75,0,earlier,0.9917250275611877
147,4,113,0,earlier,0.9866484999656677
146,1,14,0,earlier,0.9853167533874512
146,2,38,0,earlier,
146,3,75,0,earlier,0.9909484386444092
146,4,113,0,earlier,0.986616313457489
145,1,14,0,earlier,0.9840535521507263
145,2,38,0,earlier,
145,3,75,0,earlier,0.9892849326133728
145,4,113,0,earlier,0.9882718324661255
144,1,14,0,earlier,0.9807926416397095
144,2,38,0,earlier,
144,3,75,0,earlier,0.9902614951133728
144,4,113,0,earlier,0.986698567867279
143,1,14,0,earlier,0.9833446741104126
143,2,38,0,earlier,
143,3,75,0,earlier,0.9901189804077148
143,4,113,0,earlier,0.9871991276741028
142,1,14,0,earlier,0.9865026473999023
142,2,38,0,earlier,
142,3,75,0,earlier,0.9908112287521362
142,4,113,0,earlier,0.9876957535743713
141,1,14,0,earlier,0.9872040152549744
141,2,38,0,earlier,
141,3,75,0,earlier,0.9915206432342529
141,4,113,0,earlier,0.9866649508476257
140,1,14,0,earlier,0.9874743223190308
140,2,38,0,earlier,
140,3,75,0,earlier,0.9916466474533081
140,4,113,0,earlier,0.9866534471511841
139,1,14,0,earlier,0.9871941208839417
139,2,38,0,earlier,
139,3,75,0,earlier,0.9913191199302673
139,4,113,0,earlier,0.9871669411659241
138,1,14,0,earlier,0.9882529377937317
138,2,38,0,earlier,
138,3,75,0,earlier,0.9918463230133057
138,4,113,0,earlier,0.9886863827705383
137,1,14,0,earlier,0.9864200949668884
137,2,38,0,earlier,
137,3,75,0,earlier,0.9922531247138977
137,4,113,0,earlier,0.9872716665267944
136,1,14,0,earlier,0.9866119623184204
136,2,38,0,earlier,
136,3,75,0,earlier,0.9879722595214844
136,4,113,0,earlier,0.9875453114509583
135,1,14,0,earlier,0.9860705733299255
135,2,38,0,earlier,
135,3,75,0,earlier,0.9835665225982666
135,4,113,0,earlier,0.9887130856513977
134,1,14,0,earlier,0.9863932132720947
134,2,38,0,earlier,
134,3,75,0,earlier,0.9863727688789368
134,4,113,0,earlier,0.989852249622345
133,1,14,0,earlier,0.9853624701499939
133,2,38,0,earlier,
133,3,75,0,earlier,0.9789866209030151
133,4,113,0,earlier,0.9877922534942627
132,1,14,0,earlier,0.9847651720046997
132,2,38,0,earlier,
132,3,75,0,earlier,0.9686751365661621
132,4,113,0,earlier,0.9885095357894897
131,1,14,0,earlier,0.9842079877853394
131,2,38,0,earlier,
131,3,75,0,earlier,0.9728792309761047
131,4,113,0,earlier,0.9744491577148438
130,1,14,0,earlier,0.9850071668624878
130,2,38,0,earlier,
130,3,75,0,earlier,0.9808011054992676
130,4,113,0,earlier,0.9814655780792236
129,1,14,0,earlier,0.9862951636314392
129,2,38,0,earlier,
129,3,75,0,earlier,0.9838680624961853
129,4,113,0,earlier,0.9831613898277283
128,1,14,0,earlier,0.9858529567718506
128,2,38,0,earlier,
128,3,75,0,earlier,0.9866030216217041
128,4,113,0,earlier,0.9825690984725952
127,1,14,0,earlier,0.9848669171333313
127,2,38,0,earlier,
127,3,75,0,earlier,0.9902881979942322
127,4,113,0,earlier,0.9848416447639465
126,1,14,0,earlier,0.9865685701370239
126,2,38,0,earlier,
126,3,75,0,earlier,0.9889020323753357
126,4,113,0,earlier,0.9862903952598572
125,1,14,0,earlier,0.983238697052002
125,2,38,0,earlier,
125,3,75,0,earlier,0.9895836114883423
125,4,113,0,earlier,0.9860603213310242
124,1,14,0,earlier,0.9776194095611572
124,2,38,0,earlier,
124,3,75,0,earlier,0.9871460199356079
124,4,113,0,earlier,0.9859904050827026
123,1,14,0,earlier,0.9756884574890137
123,2,38,0,earlier,
123,3,75,0,earlier,0.9886384606361389
123,4,113,0,earlier,0.98692387342453
122,1,14,0,earlier,0.9698669910430908
122,2,38,0,earlier,
122,3,75,0,earlier,0.9908021092414856
122,4,113,0,earlier,0.9867491722106934
121,1,14,0,earlier,0.9761650562286377
121,2,38,0,earlier,
121,3,75,0,earlier,0.991314709186554
121,4,113,0,earlier,0.9863729476928711
120,1,14,0,earlier,0.9822832345962524
120,2,38,0,earlier,
120,3,75,0,earlier,0.9919182658195496
120,4,113,0,earlier,0.9854555726051331
119,1,14,0,earlier,0.9781757593154907
119,2,38,0,earlier,
119,3,75,0,earlier,0.9905587434768677
119,4,113,0,earlier,0.984197735786438
118,1,14,0,earlier,0.9755086302757263
118,2,38,0,earlier,
118,3,75,0,earlier,0.9912518858909607
118,4,113,0,earlier,0.9850753545761108
117,1,14,0,earlier,0.9784578084945679
117,2,38,0,earlier,
117,3,75,0,earlier,0.9924092292785645
117,4,113,0,earlier,0.983528733253479
116,1,14,0,earlier,0.9825040698051453
116,2,38,0,earlier,
116,3,75,0,earlier,0.9918650984764099
116,4,113,0,earlier,0.9836840033531189
115,1,14,0,earlier,0.9825046062469482
115,2,38,0,earlier,
115,3,75,0,earlier,0.9916616082191467
115,4,113,0,earlier,0.9854153990745544
114,1,14,0,earlier,0.9843636155128479
114,2,38,0,earlier,
114,3,75,0,earlier,0.9919400215148926
114,4,113,0,earlier,0.9846059679985046
113,1,14,0,earlier,0.9837871193885803
113,2,38,0,earlier,
113,3,75,0,earlier,0.9920809268951416
113,4,113,0,earlier,0.9855846166610718
112,1,14,0,earlier,0.9853032231330872
112,2,38,0,earlier,
112,3,75,0,earlier,0.9916812181472778
112,4,113,0,earlier,0.9858091473579407
111,1,14,0,earlier,0.9865614771842957
111,2,38,0,earlier,
111,3,75,0,earlier,0.9923937320709229
111,4,113,0,earlier,0.9866790771484375
110,1,14,0,earlier,0.9842050671577454
110,2,38,0,earlier,
110,3,75,0,earlier,0.9898925423622131
110,4,113,0,earlier,0.9881678223609924
109,1,14,0,earlier,0.9857084155082703
109,2,38,0,earlier,
109,3,75,0,earlier,0.991398274898529
109,4,113,0,earlier,0.9902617335319519
108,1,14,0,earlier,0.986051082611084
108,2,38,0,earlier,
108,3,75,0,earlier,0.9919028878211975
108,4,113,0,earlier,0.9900928735733032
107,1,14,0,earlier,0.9848674535751343
107,2,38,0,earlier,
107,3,75,0,earlier,0.9917166829109192
107,4,113,0,earlier,0.9893088340759277
106,1,14,0,earlier,0.986266553401947
106,2,38,0,earlier,
106,3,75,0,earlier,0.9913969039916992
106,4,113,0,earlier,0.9887350797653198
105,1,14,0,earlier,0.9865463376045227
105,2,38,0,earlier,
105,3,75,0,earlier,0.9909906983375549
105,4,113,0,earlier,0.9889200925827026
104,1,14,0,earlier,0.98321133852005
104,2,38,0,earlier,
104,3,75,0,earlier,0.9888954758644104
104,4,113,0,earlier,0.9895479679107666
103,1,14,0,earlier,0.9864786267280579
103,2,38,0,earlier,
103,3,75,0,earlier,0.990418553352356
103,4,113,0,earlier,0.9917890429496765
102,1,14,0,earlier,0.9859329462051392
102,2,38,0,earlier,
102,3,75,0,earlier,0.9909113645553589
102,4,113,0,earlier,0.9912163019180298
101,1,14,0,earlier,0.9863200187683105
101,2,38,0,earlier,
101,3,75,0,earlier,0.9906052947044373
101,4,113,0,earlier,0.9916444420814514
100,1,14,0,earlier,0.9834902286529541
100,2,38,0,earlier,
100,3,75,0,earlier,0.9900969862937927
100,4,113,0,earlier,0.9920465350151062
99,1,14,0,earlier,0.9850361347198486
99,2,38,0,earlier,
99,3,75,0,earlier,0.9912305474281311
99,4,113,0,earlier,0.9902704954147339
98,1,14,0,earlier,0.9870295524597168
98,2,38,0,earlier,
98,3,75,0,earlier,0.9896844029426575
98,4,113,0,earlier,0.992749035358429
97,1,14,0,earlier,0.9853193759918213
97,2,38,0,earlier,
97,3,75,0,earlier,0.989267110824585
97,4,113,0,earlier,0.9917706847190857
96,1,14,0,earlier,0.9846453070640564
96,2,38,0,earlier,
96,3,75,0,earlier,0.9897932410240173
96,4,113,0,earlier,0.9905778169631958
95,1,14,0,earlier,0.9875936508178711
95,2,38,0,earlier,
95,3,75,0,earlier,0.9906464219093323
95,4,113,0,earlier,0.9910467267036438
94,1,14,0,earlier,0.9826964139938354
94,2,38,0,earlier,
94,3,75,0,earlier,0.9895742535591125
94,4,113,0,earlier,0.9915811419487
93,1,14,0,earlier,0.9887263774871826
93,2,38,0,earlier,
93,3,75,0,earlier,0.9858563542366028
93,4,113,0,earlier,0.9916071891784668
92,1,14,0,earlier,0.9829362034797668
92,2,38,0,earlier,
92,3,75,0,earlier,0.9872859716415405
92,4,113,0,earlier,0.991775393486023
91,1,14,0,earlier,0.9890857934951782
91,2,38,0,earlier,
91,3,75,0,earlier,0.9877855777740479
91,4,113,0,earlier,0.9909706115722656
90,1,14,0,earlier,0.9894058704376221
90,2,38,0,earlier,
90,3,75,0,earlier,0.9886057376861572
90,4,113,0,earlier,0.9905298352241516
89,1,14,0,earlier,0.9851803779602051
89,2,38,0,earlier,
89,3,75,0,earlier,0.9871826171875
89,4,113,0,earlier,0.9915462136268616
88,1,14,0,earlier,0.9900467395782471
88,2,38,0,earlier,
88,3,75,0,earlier,0.9839463829994202
88,4,113,0,earlier,0.9912372827529907
87,1,14,0,earlier,0.9890178442001343
87,2,38,0,earlier,
87,3,75,0,earlier,0.9813946485519409
87,4,113,0,earlier,0.9931190609931946
86,1,14,0,earlier,0.9833418130874634
86,2,38,0,earlier,
86,3,75,0,earlier,0.9830666184425354
86,4,113,0,earlier,0.9905148148536682
85,1,14,0,earlier,0.9852210283279419
85,2,38,0,earlier,
85,3,75,0,earlier,0.9835659861564636
85,4,113,0,earlier,0.9911364912986755
84,1,14,0,earlier,0.9861287474632263
84,2,38,0,earlier,
84,3,75,0,earlier,0.9841699004173279
84,4,113,0,earlier,0.9913296699523926
83,1,14,0,earlier,0.9896774888038635
83,2,38,0,earlier,
83,3,75,0,earlier,0.9838510155677795
83,4,113,0,earlier,0.991356611251831
82,1,14,0,earlier,0.9835953712463379
82,2,38,0,earlier,
82,3,75,0,earlier,0.9840116500854492
82,4,113,0,earlier,0.9915043711662292
81,1,14,0,earlier,0.9832051992416382
81,2,38,0,earlier,
81,3,75,0,earlier,0.9848882555961609
81,4,113,0,earlier,0.993197500705719
80,1,14,0,earlier,0.9820331931114197
80,2,38,0,earlier,
80,3,75,0,earlier,0.9852558374404907
80,4,113,0,earlier,0.9918145537376404
79,1,14,0,earlier,0.9835088849067688
79,2,38,0,earlier,
79,3,75,0,earlier,0.9850590229034424
79,4,113,0,earlier,0.9913994073867798
78,1,14,0,earlier,0.9839603304862976
78,2,38,0,earlier,
78,3,75,0,earlier,0.987789511680603
78,4,113,0,earlier,0.9914266467094421
77,1,14,0,earlier,0.9863489866256714
77,2,38,0,earlier,
77,3,75,0,earlier,0.9869557023048401
77,4,113,0,earlier,0.9919384717941284
76,1,14,0,earlier,0.9871696829795837
76,2,38,0,earlier,
76,3,75,0,earlier,0.9861240983009338
76,4,113,0,earlier,0.9914476871490479
75,1,14,0,earlier,0.9861884713172913
75,2,38,0,earlier,
75,3,75,0,earlier,0.9881376624107361
75,4,113,0,earlier,0.9936808943748474
74,1,14,0,earlier,0.9884487390518188
74,2,38,0,earlier,
74,3,75,0,earlier,0.9865829348564148
74,4,113,0,earlier,0.9908400774002075
73,1,14,0,earlier,0.9872279167175293
73,2,38,0,earlier,
73,3,75,0,earlier,0.9864102005958557
73,4,113,0,earlier,0.9921303391456604
72,1,14,0,earlier,0.9848617911338806
72,2,38,0,earlier,
72,3,75,0,earlier,0.9853624105453491
72,4,113,0,earlier,0.9920746088027954
71,1,14,0,earlier,0.982265830039978
71,2,38,0,earlier,
71,3,75,0,earlier,0.9870072603225708
71,4,113,0,earlier,0.992392361164093
70,1,14,0,earlier,0.9821264743804932
70,2,38,0,earlier,
70,3,75,0,earlier,0.9879389405250549
70,4,113,0,earlier,0.9921423196792603
69,1,14,0,earlier,0.9793487191200256
69,2,38,0,earlier,
69,3,75,0,earlier,0.9850737452507019
69,4,113,0,earlier,0.9916909337043762
68,1,14,0,earlier,0.979620099067688
68,2,38,0,earlier,
68,3,75,0,earlier,0.9869598150253296
68,4,113,0,earlier,0.9930521249771118
67,1,14,0,earlier,0.9820881485939026
67,2,38,0,earlier,
67,3,75,0,earlier,0.9870688915252686
67,4,113,0,earlier,0.9919347763061523
66,1,14,0,earlier,0.9841419458389282
66,2,38,0,earlier,
66,3,75,0,earlier,0.9873755574226379
66,4,113,0,earlier,0.991381824016571
65,1,14,0,earlier,0.9836962223052979
65,2,38,0,earlier,
65,3,75,0,earlier,0.9883425831794739
65,4,113,0,earlier,0.9900735020637512
64,1,14,0,earlier,0.9787163734436035
64,2,38,0,earlier,
64,3,75,0,earlier,0.987328827381134
64,4,113,0,earlier,0.992142915725708
63,1,14,0,earlier,0.9761074781417847
63,2,38,0,earlier,
63,3,75,0,earlier,0.9878953695297241
63,4,113,0,earlier,0.991127610206604
62,1,14,0,earlier,0.9852784872055054
62,2,38,0,earlier,
62,3,75,0,earlier,0.9844492077827454
62,4,113,0,earlier,0.988986074924469
61,1,14,0,earlier,0.9852201342582703
61,2,38,0,earlier,
61,3,75,0,earlier,0.9858049154281616
61,4,113,0,earlier,0.9871618747711182
60,1,14,0,earlier,0.9862334132194519
60,2,38,0,earlier,
60,3,75,0,earlier,0.9864266514778137
60,4,113,0,earlier,0.9889119863510132
59,1,14,0,earlier,0.9869926571846008
59,2,38,0,earlier,
59,3,75,0,earlier,0.9844406247138977
59,4,113,0,earlier,0.989378035068512
58,1,14,0,earlier,0.9846725463867188
58,2,38,0,earlier,
58,3,75,0,earlier,0.9843807220458984
58,4,113,0,earlier,0.9898337721824646
57,1,14,0,earlier,0.985491931438446
57,2,38,0,earlier,
57,3,75,0,earlier,0.9848418235778809
57,4,113,0,earlier,0.9896570444107056
56,1,14,0,earlier,0.9861615300178528
56,2,38,0,earlier,
56,3,75,0,earlier,0.9857715964317322
56,4,113,0,earlier,0.9905490875244141
55,1,14,0,earlier,0.984539806842804
55,2,38,0,earlier,
55,3,75,0,earlier,0.9857938289642334
55,4,113,0,earlier,0.9899079203605652
54,1,14,0,earlier,0.9862146377563477
54,2,38,0,earlier,
54,3,75,0,earlier,0.9855020642280579
54,4,113,0,earlier,0.9887620806694031
53,1,14,0,earlier,0.9862571358680725
53,2,38,0,earlier,
53,3,75,0,earlier,0.9851924180984497
53,4,113,0,earlier,0.9887875318527222
52,1,14,0,earlier,0.9881137013435364
52,2,38,0,earlier,
52,3,75,0,earlier,0.9843106865882874
52,4,113,0,earlier,0.9895875453948975
51,1,14,0,earlier,0.9842753410339355
51,2,38,0,earlier,
51,3,75,0,earlier,0.9849020838737488
51,4,113,0,earlier,0.9887480735778809
50,1,14,0,earlier,0.9837718605995178
50,2,38,0,earlier,
50,3,75,0,earlier,0.9839596152305603
50,4,113,0,earlier,0.9875221848487854
49,1,14,0,earlier,0.9829009175300598
49,2,38,0,earlier,
49,3,75,0,earlier,0.9851858615875244
49,4,113,0,earlier,0.9874335527420044
48,1,14,0,earlier,0.9812712669372559
48,2,38,0,earlier,
48,3,75,0,earlier,0.9852795004844666
48,4,113,0,earlier,0.9882956147193909
47,1,14,0,earlier,0.9791719317436218
47,2,38,0,earlier,
47,3,75,0,earlier,0.9849404692649841
47,4,113,0,earlier,0.9872570633888245
46,1,14,0,earlier,0.9834389686584473
46,2,38,0,earlier,
46,3,75,0,earlier,0.9844214916229248
46,4,113,0,earlier,0.9885616898536682
45,1,14,0,earlier,0.9880207180976868
45,2,38,0,earlier,
45,3,75,0,earlier,0.9865739941596985
45,4,113,0,earlier,0.9877497553825378
44,1,14,0,earlier,0.9842398762702942
44,2,38,0,earlier,
44,3,75,0,earlier,0.9839431047439575
44,4,113,0,earlier,0.9873172044754028
43,1,14,0,earlier,0.97737717628479
43,2,38,0,earlier,
43,3,75,0,earlier,0.9857775568962097
43,4,113,0,earlier,0.9863868951797485
42,1,14,0,earlier,0.980697751045227
42,2,38,0,earlier,
42,3,75,0,earlier,0.9862574338912964
42,4,113,0,earlier,0.988140344619751
41,1,14,0,earlier,0.9803410172462463
41,2,38,0,earlier,
41,3,75,0,earlier,0.984878420829773
41,4,113,0,earlier,0.9878883361816406
40,1,14,0,earlier,0.9824090600013733
40,2,38,0,earlier,
40,3,75,0,earlier,0.9854272603988647
40,4,113,0,earlier,0.9883651733398438
39,1,14,0,earlier,0.9807965159416199
39,2,38,0,earlier,
39,3,75,0,earlier,0.9851392507553101
39,4,113,0,earlier,0.9862520694732666
38,1,14,0,earlier,0.9814549684524536
38,2,38,0,earlier,
38,3,75,0,earlier,0.9860575795173645
38,4,113,0,earlier,0.9868752360343933
37,1,14,0,earlier,0.9829708933830261
37,2,38,0,earlier,
37,3,75,0,earlier,0.985134482383728
37,4,113,0,earlier,0.9895636439323425
36,1,14,0,earlier,0.9856728315353394
36,2,38,0,earlier,
36,3,75,0,earlier,0.9854390621185303
36,4,113,0,earlier,0.9875750541687012
35,1,14,0,earlier,0.9872682094573975
35,2,38,0,earlier,
35,3,75,0,earlier,0.9871237874031067
35,4,113,0,earlier,0.9853553175926208
34,1,14,0,earlier,0.9882492423057556
34,2,38,0,earlier,
34,3,75,0,earlier,0.9868695735931396
34,4,113,0,earlier,0.9870058298110962
33,1,14,0,earlier,0.989643394947052
33,2,38,0,earlier,
33,3,75,0,earlier,0.9883676767349243
33,4,113,0,earlier,0.9878461956977844
32,1,14,0,earlier,0.9882416129112244
32,2,38,0,earlier,
32,3,75,0,earlier,0.9872879981994629
32,4,113,0,earlier,0.9875004291534424
31,1,14,0,earlier,0.9863587617874146
31,2,38,0,earlier,
31,3,75,0,earlier,0.9865254163742065
31,4,113,0,earlier,0.9884109497070312
30,1,14,0,earlier,0.9802284836769104
30,2,38,0,earlier,
30,3,75,0,earlier,0.9873285889625549
30,4,113,0,earlier,0.988317608833313
29,1,14,0,earlier,0.9869415163993835
29,2,38,0,earlier,
29,3,75,0,earlier,0.9880887269973755
29,4,113,0,earlier,0.9879131317138672
28,1,14,0,earlier,0.9860058426856995
28,2,38,0,earlier,
28,3,75,0,earlier,0.9874337911605835
28,4,113,0,earlier,0.9880763292312622
27,1,14,0,earlier,0.9885793924331665
27,2,38,0,earlier,
27,3,75,0,earlier,0.988010048866272
27,4,113,0,earlier,0.987554669380188
26,1,14,0,earlier,0.9892812371253967
26,2,38,0,earlier,
26,3,75,0,earlier,0.9875392317771912
26,4,113,0,earlier,0.9880311489105225
25,1,14,0,earlier,0.9861883521080017
25,2,38,0,earlier,
25,3,75,0,earlier,0.9867925047874451
25,4,113,0,earlier,0.9873346090316772
24,1,14,0,earlier,0.9797913432121277
24,2,38,0,earlier,
24,3,75,0,earlier,0.9879729151725769
24,4,113,0,earlier,0.9859182238578796
23,1,14,0,earlier,0.9796403050422668
23,2,38,0,earlier,
23,3,75,0,earlier,0.9868574738502502
23,4,113,0,earlier,0.9846497178077698
22,1,14,0,earlier,0.985693633556366
22,2,38,0,earlier,
22,3,75,0,earlier,0.9866749048233032
22,4,113,0,earlier,0.9881537556648254
21,1,14,0,earlier,0.9832055568695068
21,2,38,0,earlier,
21,3,75,0,earlier,0.9875110983848572
21,4,113,0,earlier,0.9871417880058289
20,1,14,0,earlier,0.9850557446479797
20,2,38,0,earlier,
20,3,75,0,earlier,0.9849057197570801
20,4,113,0,earlier,0.9858808517456055
19,1,14,0,earlier,0.9845104813575745
19,2,38,0,earlier,
19,3,75,0,earlier,0.9857458472251892
19,4,113,0,earlier,0.9873766303062439
18,1,14,0,earlier,0.9873360991477966
18,2,38,0,earlier,
18,3,75,0,earlier,0.9881801009178162
18,4,113,0,earlier,0.9883859157562256
17,1,14,0,earlier,0.9852604866027832
17,2,38,0,earlier,
17,3,75,0,earlier,0.9849012494087219
17,4,113,0,earlier,0.990537703037262
16,1,14,0,earlier,0.9837130308151245
16,2,38,0,earlier,
16,3,75,0,earlier,0.9831885695457458
16,4,113,0,earlier,0.9901312589645386
15,1,14,0,earlier,0.9830596446990967
15,2,38,0,earlier,
15,3,75,0,earlier,0.9860714077949524
15,4,113,0,earlier,0.9904299974441528
14,1,14,0,earlier,0.9820286631584167
14,2,38,0,earlier,
14,3,75,0,earlier,0.9885129928588867
14,4,113,0,earlier,0.9894928932189941
13,1,14,0,earlier,0.9834149479866028
13,2,38,0,earlier,
13,3,75,0,earlier,0.9861084818840027
13,4,113,0,earlier,0.9907047152519226
12,1,14,0,earlier,0.9751424193382263
12,2,38,0,earlier,
12,3,75,0,earlier,0.9864674210548401
12,4,113,0,earlier,0.9887421131134033
11,1,14,0,earlier,0.9741805791854858
11,2,38,0,earlier,
11,3,75,0,earlier,0.9842577576637268
11,4,113,0,earlier,0.9893412590026855
10,1,14,0,earlier,0.9703038334846497
10,2,38,0,earlier,
10,3,75,0,earlier,0.9871477484703064
10,4,113,0,earlier,0.9890069961547852
9,1,14,0,earlier,0.9700576066970825
9,2,38,0,earlier,
9,3,75,0,earlier,0.986515998840332
9,4,113,0,earlier,0.9852415323257446
8,1,14,0,earlier,0.9674320816993713
8,2,38,0,earlier,
8,3,75,0,earlier,0.9847847819328308
8,4,113,0,earlier,0.9872884154319763
7,1,14,0,earlier,0.9684290885925293
7,2,38,0,earlier,
7,3,75,0,earlier,0.9854649305343628
7,4,113,0,earlier,0.9841054081916809
6,1,14,0,earlier,0.9659398794174194
6,2,38,0,earlier,
6,3,75,0,earlier,0.98410964012146
6,4,113,0,earlier,0.9832459092140198
5,1,14,0,earlier,0.9628005027770996
5,2,38,0,earlier,
5,3,75,0,earlier,0.9830450415611267
5,4,113,0,earlier,0.9850702285766602
4,1,14,0,earlier,0.9614830017089844
4,2,38,0,earlier,
4,3,75,0,earlier,0.9827942848205566
4,4,113,0,earlier,0.9858658313751221
3,1,14,0,earlier,0.9604294896125793
3,2,38,0,earlier,
3,3,75,0,earlier,0.9797797799110413
3,4,113,0,earlier,0.9864505529403687
2,1,14,0,earlier,0.9644379019737244
2,2,38,0,earlier,
2,3,75,0,earlier,0.9758625030517578
2,4,113,0,earlier,0.9889569878578186
1,1,14,0,earlier,0.9622625112533569
1,2,38,0,earlier,
1,3,75,0,earlier,0.9758803248405457
1,4,113,0,earlier,0.9874836802482605
0,1,14,0,earlier,0.9517401456832886
0,2,38,0,earlier,
0,3,75,0,earlier,0.9785897135734558
0,4,113,0,earlier,0.9871633052825928
1124,1,14,1,later,0.9837966561317444
1124,2,38,1,later,0.974850594997406
1124,3,75,1,later,0.9836615324020386
1124,4,113,1,later,0.9755449891090393
1125,1,14,1,later,0.9879377484321594
1125,2,38,1,later,0.9870983362197876
1125,3,75,1,later,0.9878103137016296
1125,4,113,1,later,0.979461133480072
1126,1,14,1,later,0.9892675280570984
1126,2,38,1,later,0.9869024753570557
1126,3,75,1,later,0.9891350865364075
1126,4,113,1,later,0.9843673706054688
1127,1,14,1,later,0.9883965849876404
1127,2,38,1,later,0.9905135631561279
1127,3,75,1,later,0.9893887042999268
1127,4,113,1,later,0.9861481785774231
1128,1,14,1,later,0.9870631098747253
1128,2,38,1,later,0.9885286092758179
1128,3,75,1,later,0.9901819825172424
1128,4,113,1,later,0.9770807027816772
1129,1,14,1,later,0.9840692281723022
1129,2,38,1,later,0.9789150357246399
1129,3,75,1,later,0.9909778237342834
1129,4,113,1,later,0.9808350205421448
1130,1,14,1,later,0.9857197999954224
1130,2,38,1,later,0.9857915043830872
1130,3,75,1,later,0.9907938838005066
1130,4,113,1,later,0.9815934300422668
1131,1,14,1,later,0.990032970905304
1131,2,38,1,later,0.9835382699966431
1131,3,75,1,later,0.9905740022659302
1131,4,113,1,later,0.9816275835037231
1132,1,14,1,later,0.9901846051216125
1132,2,38,1,later,0.9803613424301147
1132,3,75,1,later,0.9904671311378479
1132,4,113,1,later,0.9833277463912964
1133,1,14,1,later,0.9900885820388794
1133,2,38,1,later,0.983147919178009
1133,3,75,1,later,0.9911633729934692
1133,4,113,1,later,0.982120931148529
1134,1,14,1,later,0.9906934499740601
1134,2,38,1,later,0.9854801297187805
1134,3,75,1,later,0.9903877973556519
1134,4,113,1,later,0.9856515526771545
1135,1,14,1,later,0.9898542761802673
1135,2,38,1,later,0.9848676323890686
1135,3,75,1,later,0.9904298186302185
1135,4,113,1,later,0.9864190816879272
1136,1,14,1,later,0.987121045589447
1136,2,38,1,later,0.9828587174415588
1136,3,75,1,later,0.9913036823272705
1136,4,113,1,later,0.9869745373725891
1137,1,14,1,later,0.9855650663375854
1137,2,38,1,later,0.9896435737609863
1137,3,75,1,later,0.990726113319397
1137,4,113,1,later,0.9843437075614929
1138,1,14,1,later,0.9865239858627319
1138,2,38,1,later,0.991480827331543
1138,3,75,1,later,0.9887768030166626
1138,4,113,1,later,0.9875655174255371
1139,1,14,1,later,0.9895238280296326
1139,2,38,1,later,0.9879143238067627
1139,3,75,1,later,0.9875856637954712
1139,4,113,1,later,0.9866800308227539
1140,1,14,1,later,0.9905015826225281
1140,2,38,1,later,0.9882994890213013
1140,3,75,1,later,0.9884138107299805
1140,4,113,1,later,0.9868909120559692
1141,1,14,1,later,0.9893118143081665
1141,2,38,1,later,0.9847485423088074
1141,3,75,1,later,0.9896466732025146
1141,4,113,1,later,0.9866668581962585
1142,1,14,1,later,0.9881879687309265
1142,2,38,1,later,0.9846581220626831
1142,3,75,1,later,0.9893010258674622
1142,4,113,1,later,0.9869246482849121
1143,1,14,1,later,0.989067554473877
1143,2,38,1,later,0.9807813763618469
1143,3,75,1,later,0.9880264401435852
1143,4,113,1,later,0.9851441383361816
1144,1,14,1,later,0.9895882606506348
1144,2,38,1,later,0.9840145111083984
1144,3,75,1,later,0.9887622594833374
1144,4,113,1,later,0.9876025319099426
1145,1,14,1,later,0.9899061322212219
1145,2,38,1,later,0.9882188439369202
1145,3,75,1,later,0.987930417060852
1145,4,113,1,later,0.9867297410964966
1146,1,14,1,later,0.9903401732444763
1146,2,38,1,later,0.983329713344574
1146,3,75,1,later,0.9898651838302612
1146,4,113,1,later,0.9850361347198486
1147,1,14,1,later,0.9911199808120728
1147,2,38,1,later,0.9836546182632446
1147,3,75,1,later,0.9891322255134583
1147,4,113,1,later,0.9829763174057007
1148,1,14,1,later,0.9912289977073669
1148,2,38,1,later,0.9825147986412048
1148,3,75,1,later,0.9895422458648682
1148,4,113,1,later,0.98247230052948
1149,1,14,1,later,0.9915967583656311
1149,2,38,1,later,0.982280433177948
1149,3,75,1,later,0.9873726963996887
1149,4,113,1,later,0.9815404415130615
1150,1,14,1,later,0.9920939803123474
1150,2,38,1,later,0.9809982180595398
1150,3,75,1,later,0.9861224889755249
1150,4,113,1,later,0.9795866012573242
1151,1,14,1,later,0.9923243522644043
1151,2,38,1,later,0.9781889915466309
1151,3,75,1,later,0.9850267767906189
1151,4,113,1,later,0.9825537204742432
1152,1,14,1,later,0.9919410347938538
1152,2,38,1,later,0.9788175821304321
1152,3,75,1,later,0.9823447465896606
1152,4,113,1,later,0.9820576310157776
1153,1,14,1,later,0.9919843673706055
1153,2,38,1,later,0.9837833642959595
1153,3,75,1,later,0.9864787459373474
1153,4,113,1,later,0.9831866025924683
1154,1,14,1,later,0.991481602191925
1154,2,38,1,later,0.9834501147270203
1154,3,75,1,later,0.9816473722457886
1154,4,113,1,later,0.9806256294250488
1155,1,14,1,later,0.992374837398529
1155,2,38,1,later,0.9818712472915649
1155,3,75,1,later,0.987098753452301
1155,4,113,1,later,0.9794146418571472
1156,1,14,1,later,0.9928222894668579
1156,2,38,1,later,0.9828512072563171
1156,3,75,1,later,0.987433910369873
1156,4,113,1,later,0.9816475510597229
1157,1,14,1,later,0.9931510090827942
1157,2,38,1,later,0.982451856136322
1157,3,75,1,later,0.9875940680503845
1157,4,113,1,later,0.9829509854316711
1158,1,14,1,later,0.9936031699180603
1158,2,38,1,later,0.9797138571739197
1158,3,75,1,later,0.9862547516822815
1158,4,113,1,later,0.9841127395629883
1159,1,14,1,later,0.9927101135253906
1159,2,38,1,later,0.9805673360824585
1159,3,75,1,later,0.9918455481529236
1159,4,113,1,later,0.9789227247238159
1160,1,14,1,later,0.9924764037132263
1160,2,38,1,later,0.9808218479156494
1160,3,75,1,later,0.991649866104126
1160,4,113,1,later,0.983428418636322
1161,1,14,1,later,0.9927721619606018
1161,2,38,1,later,0.9778891801834106
1161,3,75,1,later,0.9868624210357666
1161,4,113,1,later,0.9828267693519592
1162,1,14,1,later,0.9917497038841248
1162,2,38,1,later,0.9807271957397461
1162,3,75,1,later,0.98562091588974
1162,4,113,1,later,0.9826315641403198
1163,1,14,1,later,0.9927355051040649
1163,2,38,1,later,0.9887629151344299
1163,3,75,1,later,0.9876989722251892
1163,4,113,1,later,0.9814928770065308
1164,1,14,1,later,0.9922764301300049
1164,2,38,1,later,0.9829988479614258
1164,3,75,1,later,0.9877443909645081
1164,4,113,1,later,0.9779917001724243
1165,1,14,1,later,0.9920108914375305
1165,2,38,1,later,0.98432856798172
1165,3,75,1,later,0.9896584153175354
1165,4,113,1,later,0.9773138761520386
1166,1,14,1,later,0.9905191659927368
1166,2,38,1,later,0.9833319187164307
1166,3,75,1,later,0.991252601146698
1166,4,113,1,later,0.9791567921638489
1167,1,14,1,later,0.9907539486885071
1167,2,38,1,later,0.9842596650123596
1167,3,75,1,later,0.9904971122741699
1167,4,113,1,later,0.9787158966064453
1168,1,14,1,later,0.9887108206748962
1168,2,38,1,later,0.9839673042297363
1168,3,75,1,later,0.9910802245140076
1168,4,113,1,later,0.978719174861908
1169,1,14,1,later,0.9915242195129395
1169,2,38,1,later,0.983973503112793
1169,3,75,1,later,0.9907472729682922
1169,4,113,1,later,0.9875582456588745
1170,1,14,1,later,0.9911794066429138
1170,2,38,1,later,0.9756749868392944
1170,3,75,1,later,0.9924243688583374
1170,4,113,1,later,0.9865368604660034
1171,1,14,1,later,0.9900999665260315
1171,2,38,1,later,0.9795131087303162
1171,3,75,1,later,0.991338849067688
1171,4,113,1,later,0.980290412902832
1172,1,14,1,later,0.9917221069335938
1172,2,38,1,later,0.9833000302314758
1172,3,75,1,later,0.9916767477989197
1172,4,113,1,later,0.9803153872489929
1173,1,14,1,later,0.9909594655036926
1173,2,38,1,later,0.9847921133041382
1173,3,75,1,later,0.9920352697372437
1173,4,113,1,later,0.9808540344238281
1174,1,14,1,later,0.9929628968238831
1174,2,38,1,later,0.9832377433776855
1174,3,75,1,later,0.9920030832290649
1174,4,113,1,later,0.9798446297645569
1175,1,14,1,later,0.992943286895752
1175,2,38,1,later,0.9879900813102722
1175,3,75,1,later,0.9926633834838867
1175,4,113,1,later,0.9827749133110046
1176,1,14,1,later,0.9905008673667908
1176,2,38,1,later,0.9860748052597046
1176,3,75,1,later,0.9919418692588806
1176,4,113,1,later,0.9781743288040161
1177,1,14,1,later,0.9926765561103821
1177,2,38,1,later,0.9799057841300964
1177,3,75,1,later,0.9906467199325562
1177,4,113,1,later,0.9794937968254089
1178,1,14,1,later,0.9929991960525513
1178,2,38,1,later,0.9894030690193176
1178,3,75,1,later,0.99137943983078
1178,4,113,1,later,0.9813500046730042
1179,1,14,1,later,0.9910500645637512
1179,2,38,1,later,0.9896376729011536
1179,3,75,1,later,0.9886260628700256
1179,4,113,1,later,0.9843968749046326
1180,1,14,1,later,0.9930644631385803
1180,2,38,1,later,0.9856303930282593
1180,3,75,1,later,0.9898624420166016
1180,4,113,1,later,0.9822933077812195
1181,1,14,1,later,0.9938682913780212
1181,2,38,1,later,0.9808454513549805
1181,3,75,1,later,0.9890996217727661
1181,4,113,1,later,0.9874854683876038
1182,1,14,1,later,0.9937887191772461
1182,2,38,1,later,0.9779849052429199
1182,3,75,1,later,0.9899583458900452
1182,4,113,1,later,0.9815459251403809
1183,1,14,1,later,0.9926803708076477
1183,2,38,1,later,0.9803834557533264
1183,3,75,1,later,0.9886413216590881
1183,4,113,1,later,0.9833624958992004
1184,1,14,1,later,0.9923315048217773
1184,2,38,1,later,0.9771967530250549
1184,3,75,1,later,0.9868716597557068
1184,4,113,1,later,0.9818074107170105
1185,1,14,1,later,0.9915410280227661
1185,2,38,1,later,0.9803431630134583
1185,3,75,1,later,0.9820766448974609
1185,4,113,1,later,0.9848096370697021
1186,1,14,1,later,0.9864867925643921
1186,2,38,1,later,0.9813550710678101
1186,3,75,1,later,0.976494312286377
1186,4,113,1,later,0.9819066524505615
1187,1,14,1,later,0.9851325750350952
1187,2,38,1,later,0.9680688977241516
1187,3,75,1,later,0.9852710962295532
1187,4,113,1,later,0.984655499458313
1188,1,14,1,later,0.9851682186126709
1188,2,38,1,later,0.9673760533332825
1188,3,75,1,later,0.9897253513336182
1188,4,113,1,later,0.9813250303268433
1189,1,14,1,later,0.9882105588912964
1189,2,38,1,later,0.9708039164543152
1189,3,75,1,later,0.9886173009872437
1189,4,113,1,later,0.9876519441604614
1190,1,14,1,later,0.9898306131362915
1190,2,38,1,later,0.9751484394073486
1190,3,75,1,later,0.9910200238227844
1190,4,113,1,later,0.9880293011665344
1191,1,14,1,later,0.9893577098846436
1191,2,38,1,later,0.9803635478019714
1191,3,75,1,later,0.99009770154953
1191,4,113,1,later,0.9843583106994629
1192,1,14,1,later,0.989635169506073
1192,2,38,1,later,0.9818055629730225
1192,3,75,1,later,0.9882612824440002
1192,4,113,1,later,0.9847847819328308
1193,1,14,1,later,0.9910467267036438
1193,2,38,1,later,0.9805504083633423
1193,3,75,1,later,0.9907091856002808
1193,4,113,1,later,0.9880689382553101
1194,1,14,1,later,0.9894854426383972
1194,2,38,1,later,0.9794204235076904
1194,3,75,1,later,0.9917026162147522
1194,4,113,1,later,0.9856590032577515
1195,1,14,1,later,0.990515947341919
1195,2,38,1,later,0.9739636182785034
1195,3,75,1,later,0.9904957413673401
1195,4,113,1,later,0.9879011511802673
1196,1,14,1,later,0.985759437084198
1196,2,38,1,later,0.9646996855735779
1196,3,75,1,later,0.9917981028556824
1196,4,113,1,later,0.9863354563713074
1197,1,14,1,later,0.9870165586471558
1197,2,38,1,later,0.9746675491333008
1197,3,75,1,later,0.9928131699562073
1197,4,113,1,later,0.9866589307785034
1198,1,14,1,later,0.9888109564781189
1198,2,38,1,later,0.982201874256134
1198,3,75,1,later,0.9925941228866577
1198,4,113,1,later,0.9869322776794434
1199,1,14,1,later,0.9882721900939941
1199,2,38,1,later,0.9841346144676208
1199,3,75,1,later,0.9913378357887268
1199,4,113,1,later,0.9870431423187256
1200,1,14,1,later,0.9844309091567993
1200,2,38,1,later,0.9831554293632507
1200,3,75,1,later,0.9917508363723755
1200,4,113,1,later,0.9874038100242615
1201,1,14,1,later,0.9837341904640198
1201,2,38,1,later,0.9769039154052734
1201,3,75,1,later,0.9914880394935608
1201,4,113,1,later,0.9874957203865051
1202,1,14,1,later,0.9875028729438782
1202,2,38,1,later,0.9850510954856873
1202,3,75,1,later,0.9900341629981995
1202,4,113,1,later,0.9868944883346558
1203,1,14,1,later,0.9858927130699158
1203,2,38,1,later,0.9791277050971985
1203,3,75,1,later,0.9898717999458313
1203,4,113,1,later,0.9857965707778931
1204,1,14,1,later,0.985956609249115
1204,2,38,1,later,0.974166989326477
1204,3,75,1,later,0.9878073930740356
1204,4,113,1,later,0.986014187335968
1205,1,14,1,later,0.9875289797782898
1205,2,38,1,later,0.9801243543624878
1205,3,75,1,later,0.9875023365020752
1205,4,113,1,later,0.9825347661972046
1206,1,14,1,later,0.9889464378356934
1206,2,38,1,later,0.973407506942749
1206,3,75,1,later,0.9865713715553284
1206,4,113,1,later,0.9813413619995117
1207,1,14,1,later,0.9881933331489563
1207,2,38,1,later,0.979604959487915
1207,3,75,1,later,0.9876583218574524
1207,4,113,1,later,0.9856780767440796
1208,1,14,1,later,0.9826343059539795
1208,2,38,1,later,0.9702068567276001
1208,3,75,1,later,0.9860022664070129
1208,4,113,1,later,0.9846370816230774
1209,1,14,1,later,0.9877524971961975
1209,2,38,1,later,0.975857138633728
1209,3,75,1,later,0.9876452684402466
1209,4,113,1,later,0.9863042235374451
1210,1,14,1,later,0.9832468628883362
1210,2,38,1,later,0.9703311324119568
1210,3,75,1,later,0.988125741481781
1210,4,113,1,later,0.9907375574111938
1211,1,14,1,later,0.9872481226921082
1211,2,38,1,later,0.9756622910499573
1211,3,75,1,later,0.9865220785140991
1211,4,113,1,later,0.9895843863487244
1212,1,14,1,later,0.9718195796012878
1212,2,38,1,later,0.9753919243812561
1212,3,75,1,later,0.9878463745117188
1212,4,113,1,later,0.9902680516242981
1213,1,14,1,later,0.984791100025177
1213,2,38,1,later,0.98139488697052
1213,3,75,1,later,0.9864424467086792
1213,4,113,1,later,0.9901747703552246
1214,1,14,1,later,0.9846646785736084
1214,2,38,1,later,0.9826295375823975
1214,3,75,1,later,0.9874306917190552
1214,4,113,1,later,0.9897978901863098
1215,1,14,1,later,0.9806127548217773
1215,2,38,1,later,0.9834604859352112
1215,3,75,1,later,0.9895930290222168
1215,4,113,1,later,0.9924958348274231
1216,1,14,1,later,0.9785106778144836
1216,2,38,1,later,0.9810858368873596
1216,3,75,1,later,0.9889091849327087
1216,4,113,1,later,0.9903059601783752
1217,1,14,1,later,0.9874979257583618
1217,2,38,1,later,0.9830975532531738
1217,3,75,1,later,0.987092912197113
1217,4,113,1,later,0.9909572005271912
1218,1,14,1,later,0.9857508540153503
1218,2,38,1,later,0.9834845066070557
1218,3,75,1,later,0.9870187044143677
1218,4,113,1,later,0.9921875596046448
1219,1,14,1,later,0.9912775158882141
1219,2,38,1,later,0.9834395051002502
1219,3,75,1,later,0.9882315397262573
1219,4,113,1,later,0.9921155571937561
1220,1,14,1,later,0.9907607436180115
1220,2,38,1,later,0.9851752519607544
1220,3,75,1,later,0.9909029603004456
1220,4,113,1,later,0.9916496872901917
1221,1,14,1,later,0.9895635843276978
1221,2,38,1,later,0.9867950081825256
1221,3,75,1,later,0.989376962184906
1221,4,113,1,later,0.9922539591789246
1222,1,14,1,later,0.9886812567710876
1222,2,38,1,later,0.9904365539550781
1222,3,75,1,later,0.9904475212097168
1222,4,113,1,later,0.9907107949256897
1223,1,14,1,later,0.9874604940414429
1223,2,38,1,later,0.990727424621582
1223,3,75,1,later,0.9900915026664734
1223,4,113,1,later,0.9919441938400269
1224,1,14,1,later,0.9840864539146423
1224,2,38,1,later,0.9867963790893555
1224,3,75,1,later,0.9876046776771545
1224,4,113,1,later,0.9892141222953796
1225,1,14,1,later,0.9825810790061951
1225,2,38,1,later,0.98629230260849
1225,3,75,1,later,0.9851750135421753
1225,4,113,1,later,0.9870790243148804
1226,1,14,1,later,0.9857783913612366
1226,2,38,1,later,0.9870619773864746
1226,3,75,1,later,0.9828607439994812
1226,4,113,1,later,0.9869939684867859
1227,1,14,1,later,0.987701416015625
1227,2,38,1,later,0.9880470633506775
1227,3,75,1,later,0.9831991791725159
1227,4,113,1,later,0.9876995086669922
1228,1,14,1,later,0.9870326519012451
1228,2,38,1,later,0.9857921004295349
1228,3,75,1,later,0.9851570129394531
1228,4,113,1,later,0.9871489405632019
1229,1,14,1,later,0.9838191866874695
1229,2,38,1,later,0.9832639098167419
1229,3,75,1,later,0.9865103363990784
1229,4,113,1,later,0.986255943775177
1230,1,14,1,later,0.989790678024292
1230,2,38,1,later,0.974541962146759
1230,3,75,1,later,0.9762394428253174
1230,4,113,1,later,0.9918861985206604
1231,1,14,1,later,0.9886361956596375
1231,2,38,1,later,0.9830276966094971
1231,3,75,1,later,0.9806897044181824
1231,4,113,1,later,0.988991379737854
1232,1,14,1,later,0.992316484451294
1232,2,38,1,later,0.984521210193634
1232,3,75,1,later,0.9763404726982117
1232,4,113,1,later,0.9867046475410461
1233,1,14,1,later,0.9877210855484009
1233,2,38,1,later,0.9865284562110901
1233,3,75,1,later,0.978620171546936
1233,4,113,1,later,0.987358570098877
1234,1,14,1,later,0.99107426404953
1234,2,38,1,later,0.9835448265075684
1234,3,75,1,later,0.9804548025131226
1234,4,113,1,later,0.9881842136383057
1235,1,14,1,later,0.9897507429122925
1235,2,38,1,later,0.9871520400047302
1235,3,75,1,later,0.9828171730041504
1235,4,113,1,later,0.9847042560577393
1236,1,14,1,later,0.9887285232543945
1236,2,38,1,later,0.9829707145690918
1236,3,75,1,later,0.981903612613678
1236,4,113,1,later,0.9913048148155212
1237,1,14,1,later,0.9897260069847107
1237,2,38,1,later,0.9851030111312866
1237,3,75,1,later,0.9815222024917603
1237,4,113,1,later,0.990322470664978
1238,1,14,1,later,0.9902876019477844
1238,2,38,1,later,0.9869337677955627
1238,3,75,1,later,0.9825757145881653
1238,4,113,1,later,0.9891021251678467
1239,1,14,1,later,0.9885843396186829
1239,2,38,1,later,0.9788486361503601
1239,3,75,1,later,0.983467161655426
1239,4,113,1,later,0.9845830202102661
1240,1,14,1,later,0.9878650903701782
1240,2,38,1,later,0.9841551780700684
1240,3,75,1,later,0.9842782616615295
1240,4,113,1,later,0.985087513923645
1241,1,14,1,later,0.9900220632553101
1241,2,38,1,later,0.9782341718673706
1241,3,75,1,later,0.9817603230476379
1241,4,113,1,later,0.9829562306404114
1242,1,14,1,later,0.98906409740448
1242,2,38,1,later,0.9801022410392761
1242,3,75,1,later,0.9824665784835815
1242,4,113,1,later,0.9849645495414734
1243,1,14,1,later,0.9903179407119751
1243,2,38,1,later,0.9838266968727112
1243,3,75,1,later,0.9810529351234436
1243,4,113,1,later,0.9839767813682556
1244,1,14,1,later,0.9887339472770691
1244,2,38,1,later,0.9794839024543762
1244,3,75,1,later,0.9779606461524963
1244,4,113,1,later,0.989328145980835
1245,1,14,1,later,0.9873850345611572
1245,2,38,1,later,0.9771844148635864
1245,3,75,1,later,0.9754394292831421
1245,4,113,1,later,0.9866721630096436
1246,1,14,1,later,0.9806508421897888
1246,2,38,1,later,0.9758673310279846
1246,3,75,1,later,0.976662278175354
1246,4,113,1,later,0.9879534840583801
1247,1,14,1,later,0.9804542064666748
1247,2,38,1,later,0.9759538769721985
1247,3,75,1,later,0.9814308285713196
1247,4,113,1,later,0.9887889623641968
1248,1,14,1,later,0.9718324542045593
1248,2,38,1,later,0.9780355095863342
1248,3,75,1,later,0.9840397834777832
1248,4,113,1,later,0.9902130961418152
1249,1,14,1,later,0.9762537479400635
1249,2,38,1,later,0.9793598651885986
1249,3,75,1,later,0.9846107363700867
1249,4,113,1,later,0.9868838787078857
1250,1,14,1,later,0.9787801504135132
1250,2,38,1,later,0.9801247119903564
1250,3,75,1,later,0.9853580594062805
1250,4,113,1,later,0.9792076349258423
1251,1,14,1,later,0.9799837470054626
1251,2,38,1,later,0.9813097715377808
1251,3,75,1,later,0.9865303039550781
1251,4,113,1,later,0.9797073006629944
1252,1,14,1,later,0.983997106552124
1252,2,38,1,later,0.97914057970047
1252,3,75,1,later,0.9874052405357361
1252,4,113,1,later,0.982347846031189
1253,1,14,1,later,0.9810335636138916
1253,2,38,1,later,0.9788265228271484
1253,3,75,1,later,0.987324059009552
1253,4,113,1,later,0.9883424043655396
1254,1,14,1,later,0.9813414216041565
1254,2,38,1,later,0.98675936460495
1254,3,75,1,later,0.985496997833252
1254,4,113,1,later,0.9884765148162842
1255,1,14,1,later,0.9818289875984192
1255,2,38,1,later,0.9855520725250244
1255,3,75,1,later,0.9884898066520691
1255,4,113,1,later,0.9917109608650208
1256,1,14,1,later,0.9804815649986267
1256,2,38,1,later,0.9876293540000916
1256,3,75,1,later,0.9855532050132751
1256,4,113,1,later,0.9897279143333435
1257,1,14,1,later,0.9793338775634766
1257,2,38,1,later,0.9870868921279907
1257,3,75,1,later,0.9887700080871582
1257,4,113,1,later,0.9870248436927795
1258,1,14,1,later,0.9762669205665588
1258,2,38,1,later,0.9839891195297241
1258,3,75,1,later,0.9872242212295532
1258,4,113,1,later,0.9825127720832825
1259,1,14,1,later,0.9724962711334229
1259,2,38,1,later,0.9801190495491028
1259,3,75,1,later,0.9875849485397339
1259,4,113,1,later,0.9824151396751404
1260,1,14,1,later,0.9745728373527527
1260,2,38,1,later,0.9827069044113159
1260,3,75,1,later,0.9845295548439026
1260,4,113,1,later,0.982620358467102
1261,1,14,1,later,0.9778808355331421
1261,2,38,1,later,0.9796880483627319
1261,3,75,1,later,0.9859141707420349
1261,4,113,1,later,0.9839689135551453
1262,1,14,1,later,0.9795758724212646
1262,2,38,1,later,0.9854608774185181
1262,3,75,1,later,0.986350953578949
1262,4,113,1,later,0.9837366342544556
1263,1,14,1,later,0.9799438714981079
1263,2,38,1,later,0.9863068461418152
1263,3,75,1,later,0.9883267283439636
1263,4,113,1,later,0.9870175123214722
1264,1,14,1,later,0.9840106964111328
1264,2,38,1,later,0.987210214138031
1264,3,75,1,later,0.9860995411872864
1264,4,113,1,later,0.9874610304832458
1265,1,14,1,later,0.9800798296928406
1265,2,38,1,later,0.9869012832641602
1265,3,75,1,later,0.9870346188545227
1265,4,113,1,later,0.9853265285491943
1266,1,14,1,later,0.9855654835700989
1266,2,38,1,later,0.9842965602874756
1266,3,75,1,later,0.9848320484161377
1266,4,113,1,later,0.9780293703079224
1267,1,14,1,later,0.9854562282562256
1267,2,38,1,later,0.9868518114089966
1267,3,75,1,later,0.9862526059150696
1267,4,113,1,later,0.9794355630874634
1268,1,14,1,later,0.985514223575592
1268,2,38,1,later,0.9861949682235718
1268,3,75,1,later,0.9890746474266052
1268,4,113,1,later,0.9805572032928467
1269,1,14,1,later,0.9869802594184875
1269,2,38,1,later,0.9852321743965149
1269,3,75,1,later,0.9858951568603516
1269,4,113,1,later,0.9811421632766724
1270,1,14,1,later,0.9857776165008545
1270,2,38,1,later,0.984534502029419
1270,3,75,1,later,0.9865266680717468
1270,4,113,1,later,0.9810855984687805
1271,1,14,1,later,0.986886739730835
1271,2,38,1,later,0.9801502227783203
1271,3,75,1,later,0.9867371916770935
1271,4,113,1,later,0.9829871654510498
1272,1,14,1,later,0.9876354932785034
1272,2,38,1,later,0.986989438533783
1272,3,75,1,later,0.9887514114379883
1272,4,113,1,later,0.9830698370933533
1273,1,14,1,later,0.9885810613632202
1273,2,38,1,later,0.9792010188102722
1273,3,75,1,later,0.9882319569587708
1273,4,113,1,later,0.9855942726135254
1274,1,14,1,later,0.9873365163803101
1274,2,38,1,later,0.9781502485275269
1274,3,75,1,later,0.9889182448387146
1274,4,113,1,later,0.9861656427383423
1275,1,14,1,later,0.9872872829437256
1275,2,38,1,later,0.9848736524581909
1275,3,75,1,later,0.9887747764587402
1275,4,113,1,later,0.9824831485748291
1276,1,14,1,later,0.9876474142074585
1276,2,38,1,later,0.9819970726966858
1276,3,75,1,later,0.9844853281974792
1276,4,113,1,later,0.9770615696907043
1277,1,14,1,later,0.9881560802459717
1277,2,38,1,later,0.9844024777412415
1277,3,75,1,later,0.9879739880561829
1277,4,113,1,later,0.9791017174720764
1278,1,14,1,later,0.987588107585907
1278,2,38,1,later,0.9847308397293091
1278,3,75,1,later,0.9887035489082336
1278,4,113,1,later,0.9737399220466614
1279,1,14,1,later,0.9878004193305969
1279,2,38,1,later,0.9795344471931458
1279,3,75,1,later,0.9910045862197876
1279,4,113,1,later,0.9770316481590271
1280,1,14,1,later,0.9884088039398193
1280,2,38,1,later,0.9786772131919861
1280,3,75,1,later,0.9895566701889038
1280,4,113,1,later,0.9805582165718079
1281,1,14,1,later,0.9881708025932312
1281,2,38,1,later,0.9819913506507874
1281,3,75,1,later,0.988002359867096
1281,4,113,1,later,0.9843762516975403
1282,1,14,1,later,0.9895033836364746
1282,2,38,1,later,0.9808698892593384
1282,3,75,1,later,0.9887933135032654
1282,4,113,1,later,0.9845864772796631
1283,1,14,1,later,0.9880293011665344
1283,2,38,1,later,0.979581356048584
1283,3,75,1,later,0.9868479371070862
1283,4,113,1,later,0.9819313287734985
1284,1,14,1,later,0.9881889224052429
1284,2,38,1,later,0.9790207147598267
1284,3,75,1,later,0.9870108366012573
1284,4,113,1,later,0.9788970351219177
1285,1,14,1,later,0.9894791841506958
1285,2,38,1,later,0.9797475337982178
1285,3,75,1,later,0.9879252910614014
1285,4,113,1,later,0.9828844666481018
1286,1,14,1,later,0.9902195334434509
1286,2,38,1,later,0.9749419689178467
1286,3,75,1,later,0.9898257255554199
1286,4,113,1,later,0.9810844659805298
1287,1,14,1,later,0.9886814951896667
1287,2,38,1,later,0.9754060506820679
1287,3,75,1,later,0.987715482711792
1287,4,113,1,later,0.9831557869911194
1288,1,14,1,later,0.9897148609161377
1288,2,38,1,later,0.9772390127182007
1288,3,75,1,later,0.9850926399230957
1288,4,113,1,later,0.9835296869277954
1289,1,14,1,later,0.9891518354415894
1289,2,38,1,later,0.9728060960769653
1289,3,75,1,later,0.9833553433418274
1289,4,113,1,later,0.9743587374687195
1290,1,14,1,later,0.9885452389717102
1290,2,38,1,later,0.9852526783943176
1290,3,75,1,later,0.9901290535926819
1290,4,113,1,later,0.972190260887146
1291,1,14,1,later,0.989123523235321
1291,2,38,1,later,0.985187292098999
1291,3,75,1,later,0.988570511341095
1291,4,113,1,later,0.973696231842041
1292,1,14,1,later,0.9830766916275024
1292,2,38,1,later,0.9837189316749573
1292,3,75,1,later,0.9891799688339233
1292,4,113,1,later,0.9784858822822571
1293,1,14,1,later,0.9848023653030396
1293,2,38,1,later,0.9791187644004822
1293,3,75,1,later,0.988209068775177
1293,4,113,1,later,0.9858884811401367
1294,1,14,1,later,0.9849679470062256
1294,2,38,1,later,0.9824075698852539
1294,3,75,1,later,0.9860023260116577
1294,4,113,1,later,0.9880834221839905
1295,1,14,1,later,0.9764660596847534
1295,2,38,1,later,0.9826820492744446
1295,3,75,1,later,0.9820124506950378
1295,4,113,1,later,0.9787914752960205
1296,1,14,1,later,0.9765943288803101
1296,2,38,1,later,0.9877793192863464
1296,3,75,1,later,0.985739529132843
1296,4,113,1,later,0.9798085689544678
1297,1,14,1,later,0.9756699800491333
1297,2,38,1,later,0.9821475148200989
1297,3,75,1,later,0.9865358471870422
1297,4,113,1,later,0.984359860420227
1298,1,14,1,later,0.9855063557624817
1298,2,38,1,later,0.9838555455207825
1298,3,75,1,later,0.9843409657478333
1298,4,113,1,later,0.9860550165176392
1299,1,14,1,later,0.9842960238456726
1299,2,38,1,later,0.9827523231506348
1299,3,75,1,later,0.9857943654060364
1299,4,113,1,later,0.9846280813217163
1300,1,14,1,later,0.9826372861862183
1300,2,38,1,later,0.9807223677635193
1300,3,75,1,later,0.9868150949478149
1300,4,113,1,later,0.9755210280418396
1301,1,14,1,later,0.9833681583404541
1301,2,38,1,later,0.9765990376472473
1301,3,75,1,later,0.9880130887031555
1301,4,113,1,later,0.9761784076690674
1302,1,14,1,later,0.979278028011322
1302,2,38,1,later,0.9799753427505493
1302,3,75,1,later,0.9871495962142944
1302,4,113,1,later,0.9744797348976135
1303,1,14,1,later,0.9739512801170349
1303,2,38,1,later,0.977016806602478
1303,3,75,1,later,0.9880441427230835
1303,4,113,1,later,0.9824845194816589
1304,1,14,1,later,0.9775183796882629
1304,2,38,1,later,0.9785709977149963
1304,3,75,1,later,0.9863996505737305
1304,4,113,1,later,0.979249119758606
1305,1,14,1,later,0.9770607352256775
1305,2,38,1,later,0.9801527857780457
1305,3,75,1,later,0.9878319501876831
1305,4,113,1,later,0.9868269562721252
1306,1,14,1,later,0.9852677583694458
1306,2,38,1,later,0.9851014614105225
1306,3,75,1,later,0.9907609820365906
1306,4,113,1,later,0.983772337436676
1307,1,14,1,later,0.9825499653816223
1307,2,38,1,later,0.987072765827179
1307,3,75,1,later,0.9914466738700867
1307,4,113,1,later,0.9791582822799683
1308,1,14,1,later,0.9800705313682556
1308,2,38,1,later,0.9900803565979004
1308,3,75,1,later,0.9901939630508423
1308,4,113,1,later,0.9842564463615417
1309,1,14,1,later,0.978157639503479
1309,2,38,1,later,0.9899570345878601
1309,3,75,1,later,0.9884816408157349
1309,4,113,1,later,0.9865828156471252
1310,1,14,1,later,0.9774790406227112
1310,2,38,1,later,0.9879444241523743
1310,3,75,1,later,0.9857493042945862
1310,4,113,1,later,0.981976330280304
1311,1,14,1,later,0.9743980169296265
1311,2,38,1,later,0.990551233291626
1311,3,75,1,later,0.986598551273346
1311,4,113,1,later,0.9769691228866577
1312,1,14,1,later,0.9772855639457703
1312,2,38,1,later,0.9909542798995972
1312,3,75,1,later,0.9896242022514343
1312,4,113,1,later,0.9784900546073914
1313,1,14,1,later,0.9783599972724915
1313,2,38,1,later,0.9883706569671631
1313,3,75,1,later,0.9907000064849854
1313,4,113,1,later,0.9763738512992859
1314,1,14,1,later,0.9788686633110046
1314,2,38,1,later,0.9889421463012695
1314,3,75,1,later,0.991045355796814
1314,4,113,1,later,0.9833074808120728
1315,1,14,1,later,0.9777940511703491
1315,2,38,1,later,0.9839074015617371
1315,3,75,1,later,0.9908707737922668
1315,4,113,1,later,0.982832133769989
1316,1,14,1,later,0.9796306490898132
1316,2,38,1,later,0.9824084043502808
1316,3,75,1,later,0.9888888597488403
1316,4,113,1,later,0.9820282459259033
1317,1,14,1,later,0.9841351509094238
1317,2,38,1,later,0.983568012714386
1317,3,75,1,later,0.9878607392311096
1317,4,113,1,later,0.9800329804420471
1318,1,14,1,later,0.97918301820755
1318,2,38,1,later,0.988456666469574
1318,3,75,1,later,0.9890990853309631
1318,4,113,1,later,0.9809913635253906
1319,1,14,1,later,0.9750738143920898
1319,2,38,1,later,0.9884764552116394
1319,3,75,1,later,0.9884993433952332
1319,4,113,1,later,0.9831705093383789
1320,1,14,1,later,0.9730275869369507
1320,2,38,1,later,0.9857173562049866
1320,3,75,1,later,0.9889199733734131
1320,4,113,1,later,0.9841437935829163
1321,1,14,1,later,0.9752711653709412
1321,2,38,1,later,0.9857422113418579
1321,3,75,1,later,0.9886571764945984
1321,4,113,1,later,0.9848816990852356
1322,1,14,1,later,0.9787645936012268
1322,2,38,1,later,0.983231782913208
1322,3,75,1,later,0.9899007678031921
1322,4,113,1,later,0.985044002532959
1323,1,14,1,later,0.9815096855163574
1323,2,38,1,later,0.9815928936004639
1323,3,75,1,later,0.991358757019043
1323,4,113,1,later,0.9854431748390198
1324,1,14,1,later,0.981162965297699
1324,2,38,1,later,0.9865571856498718
1324,3,75,1,later,0.9906130433082581
1324,4,113,1,later,0.9862985014915466
1325,1,14,1,later,0.9726673364639282
1325,2,38,1,later,0.9877961277961731
1325,3,75,1,later,0.9908939003944397
1325,4,113,1,later,0.9891616106033325
1326,1,14,1,later,0.9805562496185303
1326,2,38,1,later,0.9838094115257263
1326,3,75,1,later,0.9897661209106445
1326,4,113,1,later,0.9891166090965271
1327,1,14,1,later,0.9851720929145813
1327,2,38,1,later,0.980802059173584
1327,3,75,1,later,0.9896417260169983
1327,4,113,1,later,0.9886457324028015
1328,1,14,1,later,0.9852194786071777
1328,2,38,1,later,0.9793415665626526
1328,3,75,1,later,0.9898383021354675
1328,4,113,1,later,0.9894713163375854
1329,1,14,1,later,0.9785110950469971
1329,2,38,1,later,0.9770567417144775
1329,3,75,1,later,0.9911176562309265
1329,4,113,1,later,0.9884297847747803
1330,1,14,1,later,0.9852527976036072
1330,2,38,1,later,0.9818378686904907
1330,3,75,1,later,0.9913148880004883
1330,4,113,1,later,0.9898624420166016
1331,1,14,1,later,0.9848677515983582
1331,2,38,1,later,0.9834083318710327
1331,3,75,1,later,0.9898505210876465
1331,4,113,1,later,0.98678058385849
1332,1,14,1,later,0.981406569480896
1332,2,38,1,later,0.9808540344238281
1332,3,75,1,later,0.989547610282898
1332,4,113,1,later,0.987998366355896
1333,1,14,1,later,0.9872736930847168
1333,2,38,1,later,0.9706401228904724
1333,3,75,1,later,0.9912312030792236
1333,4,113,1,later,0.9873545169830322
1334,1,14,1,later,0.9851977229118347
1334,2,38,1,later,0.9764631986618042
1334,3,75,1,later,0.9916665554046631
1334,4,113,1,later,0.9867368936538696
1335,1,14,1,later,0.9895037412643433
1335,2,38,1,later,0.9810158014297485
1335,3,75,1,later,0.9918176531791687
1335,4,113,1,later,0.9874074459075928
1336,1,14,1,later,0.9857653379440308
1336,2,38,1,later,0.977037787437439
1336,3,75,1,later,0.9925428628921509
1336,4,113,1,later,0.9895076751708984
1337,1,14,1,later,0.9866609573364258
1337,2,38,1,later,0.9697490334510803
1337,3,75,1,later,0.9920181035995483
1337,4,113,1,later,0.9851027727127075
1338,1,14,1,later,0.9819060564041138
1338,2,38,1,later,0.9742816686630249
1338,3,75,1,later,0.9912192225456238
1338,4,113,1,later,0.9848717451095581
1339,1,14,1,later,0.9795611500740051
1339,2,38,1,later,0.9766492247581482
1339,3,75,1,later,0.9920896291732788
1339,4,113,1,later,0.9860486388206482
1340,1,14,1,later,0.9836238026618958
1340,2,38,1,later,0.981029212474823
1340,3,75,1,later,0.9918259382247925
1340,4,113,1,later,0.9872792959213257
1341,1,14,1,later,0.9877210259437561
1341,2,38,1,later,0.9844088554382324
1341,3,75,1,later,0.9921400547027588
1341,4,113,1,later,0.9856045246124268
1342,1,14,1,later,0.9891466498374939
1342,2,38,1,later,0.9833418726921082
1342,3,75,1,later,0.9918920397758484
1342,4,113,1,later,0.9900498390197754
1343,1,14,1,later,0.9871012568473816
1343,2,38,1,later,0.9831593036651611
1343,3,75,1,later,0.9927980303764343
1343,4,113,1,later,0.9891926050186157
1344,1,14,1,later,0.9869382977485657
1344,2,38,1,later,0.9823165535926819
1344,3,75,1,later,0.9916955828666687
1344,4,113,1,later,0.9889013171195984
1345,1,14,1,later,0.986748993396759
1345,2,38,1,later,0.9803116917610168
1345,3,75,1,later,0.9921025037765503
1345,4,113,1,later,0.9875855445861816
1346,1,14,1,later,0.9870681762695312
1346,2,38,1,later,0.9840404987335205
1346,3,75,1,later,0.9917764663696289
1346,4,113,1,later,0.9884296655654907
1347,1,14,1,later,0.9877892136573792
1347,2,38,1,later,0.9848117828369141
1347,3,75,1,later,0.9907793402671814
1347,4,113,1,later,0.9881607890129089
1348,1,14,1,later,0.9875048995018005
1348,2,38,1,later,0.9834411144256592
1348,3,75,1,later,0.992242157459259
1348,4,113,1,later,0.985029935836792
1349,1,14,1,later,0.987123429775238
1349,2,38,1,later,0.9908449649810791
1349,3,75,1,later,0.9916440844535828
1349,4,113,1,later,0.9837408065795898
1350,1,14,1,later,0.9837538599967957
1350,2,38,1,later,0.9904890656471252
1350,3,75,1,later,0.9913808107376099
1350,4,113,1,later,0.990286111831665
1351,1,14,1,later,0.9820802807807922
1351,2,38,1,later,0.9902569055557251
1351,3,75,1,later,0.9907745122909546
1351,4,113,1,later,0.9889737367630005
1352,1,14,1,later,0.9806526303291321
1352,2,38,1,later,0.9869247078895569
1352,3,75,1,later,0.9891676902770996
1352,4,113,1,later,0.9869997501373291
1353,1,14,1,later,0.9838390946388245
1353,2,38,1,later,0.9922489523887634
1353,3,75,1,later,0.9892957806587219
1353,4,113,1,later,0.9865034818649292
1354,1,14,1,later,0.9858429431915283
1354,2,38,1,later,0.9929282069206238
1354,3,75,1,later,0.9910209774971008
1354,4,113,1,later,0.9853979349136353
1355,1,14,1,later,0.9861454963684082
1355,2,38,1,later,0.993315577507019
1355,3,75,1,later,0.9876776337623596
1355,4,113,1,later,0.988994836807251
1356,1,14,1,later,0.9863001108169556
1356,2,38,1,later,0.9921429753303528
1356,3,75,1,later,0.9877040386199951
1356,4,113,1,later,0.9864933490753174
1357,1,14,1,later,0.9863893985748291
1357,2,38,1,later,0.9928714036941528
1357,3,75,1,later,0.9821113348007202
1357,4,113,1,later,0.9798809289932251
1358,1,14,1,later,0.9865212440490723
1358,2,38,1,later,0.9931614398956299
1358,3,75,1,later,0.9891958236694336
1358,4,113,1,later,0.9774417877197266
1359,1,14,1,later,0.9871582388877869
1359,2,38,1,later,0.9924101829528809
1359,3,75,1,later,0.9865429401397705
1359,4,113,1,later,0.97818922996521
1360,1,14,1,later,0.9859175086021423
1360,2,38,1,later,0.9928485751152039
1360,3,75,1,later,0.987339198589325
1360,4,113,1,later,0.9777827858924866
1361,1,14,1,later,0.9860141277313232
1361,2,38,1,later,0.9919025301933289
1361,3,75,1,later,0.9877578616142273
1361,4,113,1,later,0.9765928983688354
1362,1,14,1,later,0.984382152557373
1362,2,38,1,later,0.9917542338371277
1362,3,75,1,later,0.9905536770820618
1362,4,113,1,later,0.9760916233062744
1363,1,14,1,later,0.9848201870918274
1363,2,38,1,later,0.9911421537399292
1363,3,75,1,later,0.9920453429222107
1363,4,113,1,later,0.9787828326225281
1364,1,14,1,later,0.9828541874885559
1364,2,38,1,later,0.9937852621078491
1364,3,75,1,later,0.9908167719841003
1364,4,113,1,later,0.9779068231582642
1365,1,14,1,later,0.9824318885803223
1365,2,38,1,later,0.9920869469642639
1365,3,75,1,later,0.9900016784667969
1365,4,113,1,later,0.9856489300727844
1366,1,14,1,later,0.9802309274673462
1366,2,38,1,later,0.9883612394332886
1366,3,75,1,later,0.9899758100509644
1366,4,113,1,later,0.9884268045425415
1367,1,14,1,later,0.9784098267555237
1367,2,38,1,later,0.9903373122215271
1367,3,75,1,later,0.9906880259513855
1367,4,113,1,later,0.989660918712616
1368,1,14,1,later,0.9808151721954346
1368,2,38,1,later,0.9923727512359619
1368,3,75,1,later,0.9897443652153015
1368,4,113,1,later,0.9924036264419556
1369,1,14,1,later,0.9816272854804993
1369,2,38,1,later,0.9920765161514282
1369,3,75,1,later,0.9916788339614868
1369,4,113,1,later,0.9917681217193604
1370,1,14,1,later,0.9769275784492493
1370,2,38,1,later,0.991079568862915
1370,3,75,1,later,0.9925287961959839
1370,4,113,1,later,0.9892118573188782
1371,1,14,1,later,0.9853271842002869
1371,2,38,1,later,0.9871088862419128
1371,3,75,1,later,0.9897682666778564
1371,4,113,1,later,0.9894331097602844
1372,1,14,1,later,0.9852626323699951
1372,2,38,1,later,0.9908741116523743
1372,3,75,1,later,0.9895785450935364
1372,4,113,1,later,0.988132119178772
1373,1,14,1,later,0.9834446907043457
1373,2,38,1,later,0.9921894073486328
1373,3,75,1,later,0.9890920519828796
1373,4,113,1,later,0.9858663082122803
1374,1,14,1,later,0.9820412397384644
1374,2,38,1,later,0.9858577847480774
1374,3,75,1,later,0.9910273551940918
1374,4,113,1,later,0.98682701587677
1375,1,14,1,later,0.9840965270996094
1375,2,38,1,later,0.9869555830955505
1375,3,75,1,later,0.9878697991371155
1375,4,113,1,later,0.983963668346405
1376,1,14,1,later,0.9810007810592651
1376,2,38,1,later,0.9897005558013916
1376,3,75,1,later,0.9903926253318787
1376,4,113,1,later,0.983091413974762
1377,1,14,1,later,0.9807025790214539
1377,2,38,1,later,0.9821316599845886
1377,3,75,1,later,0.9902653098106384
1377,4,113,1,later,0.9740061163902283
1378,1,14,1,later,0.9801785349845886
1378,2,38,1,later,0.9848779439926147
1378,3,75,1,later,0.989723265171051
1378,4,113,1,later,0.9719691872596741
1379,1,14,1,later,0.9804241061210632
1379,2,38,1,later,0.9857913851737976
1379,3,75,1,later,0.9925792813301086
1379,4,113,1,later,0.9843848347663879
1380,1,14,1,later,0.9817163944244385
1380,2,38,1,later,0.9859224557876587
1380,3,75,1,later,0.9925389885902405
1380,4,113,1,later,0.9848029017448425
1381,1,14,1,later,0.9817302227020264
1381,2,38,1,later,0.9866746664047241
1381,3,75,1,later,0.9932445287704468
1381,4,113,1,later,0.9796373844146729
1382,1,14,1,later,0.9836554527282715
1382,2,38,1,later,0.9858461022377014
1382,3,75,1,later,0.993103563785553
1382,4,113,1,later,0.9808140397071838
1383,1,14,1,later,0.9844951033592224
1383,2,38,1,later,0.9868232011795044
1383,3,75,1,later,0.9937935471534729
1383,4,113,1,later,0.9888227581977844
1384,1,14,1,later,0.9847075343132019
1384,2,38,1,later,0.9889873266220093
1384,3,75,1,later,0.9933347702026367
1384,4,113,1,later,0.9850143790245056
1385,1,14,1,later,0.9847934246063232
1385,2,38,1,later,0.9859614968299866
1385,3,75,1,later,0.9925690293312073
1385,4,113,1,later,0.9777124524116516
1386,1,14,1,later,0.9843508005142212
1386,2,38,1,later,0.9843975901603699
1386,3,75,1,later,0.9927477836608887
1386,4,113,1,later,0.9801561236381531
1387,1,14,1,later,0.9861763715744019
1387,2,38,1,later,0.9847610592842102
1387,3,75,1,later,0.9924745559692383
1387,4,113,1,later,0.9844120740890503
1388,1,14,1,later,0.9856595396995544
1388,2,38,1,later,0.9861165285110474
1388,3,75,1,later,0.9929646253585815
1388,4,113,1,later,0.9877903461456299
1389,1,14,1,later,0.9841871857643127
1389,2,38,1,later,0.9863377809524536
1389,3,75,1,later,0.9930777549743652
1389,4,113,1,later,0.9878871440887451
1390,1,14,1,later,0.9847485423088074
1390,2,38,1,later,0.9847084879875183
1390,3,75,1,later,0.9919454455375671
1390,4,113,1,later,0.9822549819946289
1391,1,14,1,later,0.9853563904762268
1391,2,38,1,later,0.9819682240486145
1391,3,75,1,later,0.9920363426208496
1391,4,113,1,later,0.9916729927062988
1392,1,14,1,later,0.9858033657073975
1392,2,38,1,later,0.9873602986335754
1392,3,75,1,later,0.9848766326904297
1392,4,113,1,later,0.9892596006393433
1393,1,14,1,later,0.9857602119445801
1393,2,38,1,later,0.9879389405250549
1393,3,75,1,later,0.9828252792358398
1393,4,113,1,later,0.9924682974815369
1394,1,14,1,later,0.9854965209960938
1394,2,38,1,later,0.9874840378761292
1394,3,75,1,later,0.9868543744087219
1394,4,113,1,later,0.991756021976471
1395,1,14,1,later,0.9858963489532471
1395,2,38,1,later,0.9829596281051636
1395,3,75,1,later,0.9812073707580566
1395,4,113,1,later,0.9922692179679871
1396,1,14,1,later,0.9854658246040344
1396,2,38,1,later,0.983376145362854
1396,3,75,1,later,0.9832713603973389
1396,4,113,1,later,0.991321325302124
1397,1,14,1,later,0.9850549101829529
1397,2,38,1,later,0.9905469417572021
1397,3,75,1,later,0.9802818894386292
1397,4,113,1,later,0.9898423552513123
1398,1,14,1,later,0.9858714938163757
1398,2,38,1,later,0.9916775822639465
1398,3,75,1,later,0.9820842742919922
1398,4,113,1,later,0.9883729815483093
1399,1,14,1,later,0.9857479333877563
1399,2,38,1,later,0.9879246950149536
1399,3,75,1,later,0.9833194017410278
1399,4,113,1,later,0.9891059398651123
1400,1,14,1,later,0.9853055477142334
1400,2,38,1,later,0.9882534742355347
1400,3,75,1,later,0.9826716184616089
1400,4,113,1,later,0.9914587140083313
1401,1,14,1,later,0.9860392808914185
1401,2,38,1,later,0.986473560333252
1401,3,75,1,later,0.9862989187240601
1401,4,113,1,later,0.990714967250824
1402,1,14,1,later,0.9852397441864014
1402,2,38,1,later,0.9831482172012329
1402,3,75,1,later,0.9884693622589111
1402,4,113,1,later,0.990566611289978
1403,1,14,1,later,0.9852957129478455
1403,2,38,1,later,0.9836251735687256
1403,3,75,1,later,0.9874164462089539
1403,4,113,1,later,0.9886783957481384
1404,1,14,1,later,0.9839435815811157
1404,2,38,1,later,0.9813586473464966
1404,3,75,1,later,0.9872124195098877
1404,4,113,1,later,0.9868009686470032
1405,1,14,1,later,0.984059751033783
1405,2,38,1,later,0.9848431944847107
1405,3,75,1,later,0.9853707551956177
1405,4,113,1,later,0.9894507527351379
1406,1,14,1,later,0.983383059501648
1406,2,38,1,later,0.979528546333313
1406,3,75,1,later,0.9880017638206482
1406,4,113,1,later,0.9881536364555359
1407,1,14,1,later,0.9843183755874634
1407,2,38,1,later,0.9830450415611267
1407,3,75,1,later,0.9886079430580139
1407,4,113,1,later,0.9876037836074829
1408,1,14,1,later,0.9831539988517761
1408,2,38,1,later,0.9857964515686035
1408,3,75,1,later,0.9870100021362305
1408,4,113,1,later,0.9861260652542114
1409,1,14,1,later,0.9831580519676208
1409,2,38,1,later,0.9840090274810791
1409,3,75,1,later,0.9871276021003723
1409,4,113,1,later,0.9901918768882751
1410,1,14,1,later,0.9827269911766052
1410,2,38,1,later,0.9728313088417053
1410,3,75,1,later,0.9890653491020203
1410,4,113,1,later,0.9919047355651855
1411,1,14,1,later,0.9827257990837097
1411,2,38,1,later,0.9818332195281982
1411,3,75,1,later,0.9891712069511414
1411,4,113,1,later,0.9880526661872864
1412,1,14,1,later,0.9819145798683167
1412,2,38,1,later,0.9781141877174377
1412,3,75,1,later,0.988535463809967
1412,4,113,1,later,0.991284191608429
1413,1,14,1,later,0.9830111265182495
1413,2,38,1,later,0.9872490167617798
1413,3,75,1,later,0.9881645441055298
1413,4,113,1,later,0.9897275567054749
1414,1,14,1,later,0.9821135997772217
1414,2,38,1,later,0.9852785468101501
1414,3,75,1,later,0.9879884123802185
1414,4,113,1,later,0.9889761209487915
1415,1,14,1,later,0.9890859723091125
1415,2,38,1,later,0.981217086315155
1415,3,75,1,later,0.9883845448493958
1415,4,113,1,later,0.9887847304344177
1416,1,14,1,later,0.9846987724304199
1416,2,38,1,later,0.9811865091323853
1416,3,75,1,later,0.9873196482658386
1416,4,113,1,later,0.9894805550575256
1417,1,14,1,later,0.9853552579879761
1417,2,38,1,later,0.9815741777420044
1417,3,75,1,later,0.9876177906990051
1417,4,113,1,later,0.988818347454071
1418,1,14,1,later,0.9823707938194275
1418,2,38,1,later,0.982541561126709
1418,3,75,1,later,0.9869566559791565
1418,4,113,1,later,0.9889671802520752
1419,1,14,1,later,0.97943514585495
1419,2,38,1,later,0.9830135703086853
1419,3,75,1,later,0.9878493547439575
1419,4,113,1,later,0.9875210523605347
1420,1,14,1,later,0.9758484363555908
1420,2,38,1,later,0.9834102392196655
1420,3,75,1,later,0.985473096370697
1420,4,113,1,later,0.986542820930481
1421,1,14,1,later,0.9761723875999451
1421,2,38,1,later,0.974183976650238
1421,3,75,1,later,0.987477719783783
1421,4,113,1,later,0.9825013279914856
1422,1,14,1,later,0.975045919418335
1422,2,38,1,later,0.9729414582252502
1422,3,75,1,later,0.987523078918457
1422,4,113,1,later,0.9829998016357422
1423,1,14,1,later,0.9783896207809448
1423,2,38,1,later,0.9758180379867554
1423,3,75,1,later,0.9862081408500671
1423,4,113,1,later,0.9827978610992432
1424,1,14,1,later,0.9723895788192749
1424,2,38,1,later,0.9772171378135681
1424,3,75,1,later,0.9875205159187317
1424,4,113,1,later,0.9828252196311951
1425,1,14,1,later,0.9741530418395996
1425,2,38,1,later,0.9804548621177673
1425,3,75,1,later,0.9871122241020203
1425,4,113,1,later,0.9824417233467102
1426,1,14,1,later,0.9808992743492126
1426,2,38,1,later,0.9754980802536011
1426,3,75,1,later,0.9877059459686279
1426,4,113,1,later,0.9826140999794006
1427,1,14,1,later,0.97894287109375
1427,2,38,1,later,0.9810426831245422
1427,3,75,1,later,0.9877632856369019
1427,4,113,1,later,0.9852811098098755
1428,1,14,1,later,0.9735292196273804
1428,2,38,1,later,0.9791985750198364
1428,3,75,1,later,0.9870632290840149
1428,4,113,1,later,0.9829993844032288
1429,1,14,1,later,0.9700565934181213
1429,2,38,1,later,0.9759411215782166
1429,3,75,1,later,0.9869926571846008
1429,4,113,1,later,0.9851840734481812
1430,1,14,1,later,0.9720802903175354
1430,2,38,1,later,0.9811295866966248
1430,3,75,1,later,0.9833815693855286
1430,4,113,1,later,0.987798273563385
1431,1,14,1,later,0.973294198513031
1431,2,38,1,later,0.982621967792511
1431,3,75,1,later,0.9810540080070496
1431,4,113,1,later,0.986263632774353
1432,1,14,1,later,0.9802860021591187
1432,2,38,1,later,0.978744387626648
1432,3,75,1,later,0.9846349358558655
1432,4,113,1,later,0.9865003824234009
1433,1,14,1,later,0.981428861618042
1433,2,38,1,later,0.9802191853523254
1433,3,75,1,later,0.9837034344673157
1433,4,113,1,later,0.9827213883399963
1434,1,14,1,later,0.9827210903167725
1434,2,38,1,later,0.9796620607376099
1434,3,75,1,later,0.9836527705192566
1434,4,113,1,later,0.9858350157737732
1435,1,14,1,later,0.9800811409950256
1435,2,38,1,later,0.9812806248664856
1435,3,75,1,later,0.9821104407310486
1435,4,113,1,later,0.9881274700164795
1436,1,14,1,later,0.970468282699585
1436,2,38,1,later,0.9853746891021729
1436,3,75,1,later,0.9785804748535156
1436,4,113,1,later,0.98483806848526
1437,1,14,1,later,0.9725271463394165
1437,2,38,1,later,0.9739049077033997
1437,3,75,1,later,0.9708132147789001
1437,4,113,1,later,0.9889185428619385
1438,1,14,1,later,0.9693098664283752
1438,2,38,1,later,0.9786041378974915
1438,3,75,1,later,0.981065034866333
1438,4,113,1,later,0.9854670166969299
1439,1,14,1,later,0.980334997177124
1439,2,38,1,later,0.9781607985496521
1439,3,75,1,later,0.9846943616867065
1439,4,113,1,later,0.984690248966217
1440,1,14,1,later,0.9786406755447388
1440,2,38,1,later,0.9776543378829956
1440,3,75,1,later,0.9847123622894287
1440,4,113,1,later,0.9876388907432556
1441,1,14,1,later,0.9763655662536621
1441,2,38,1,later,0.9790204763412476
1441,3,75,1,later,0.9811343550682068
1441,4,113,1,later,0.9844263792037964
1442,1,14,1,later,0.9728561043739319
1442,2,38,1,later,0.9835129380226135
1442,3,75,1,later,0.9839368462562561
1442,4,113,1,later,0.9874261021614075
1443,1,14,1,later,0.9735308289527893
1443,2,38,1,later,0.9871972799301147
1443,3,75,1,later,0.9848161935806274
1443,4,113,1,later,0.9846673011779785
1444,1,14,1,later,0.9789451360702515
1444,2,38,1,later,0.9870715737342834
1444,3,75,1,later,0.9847251772880554
1444,4,113,1,later,0.9881211519241333
1445,1,14,1,later,0.9779194593429565
1445,2,38,1,later,0.9888730645179749
1445,3,75,1,later,0.9910153746604919
1445,4,113,1,later,0.9857980608940125
1446,1,14,1,later,0.9814959764480591
1446,2,38,1,later,0.9803229570388794
1446,3,75,1,later,0.9916884899139404
1446,4,113,1,later,0.9860308766365051
1447,1,14,1,later,0.9835081696510315
1447,2,38,1,later,0.9802277684211731
1447,3,75,1,later,0.992158055305481
1447,4,113,1,later,0.9853758811950684
1448,1,14,1,later,0.9836617112159729
1448,2,38,1,later,0.9828312993049622
1448,3,75,1,later,0.9926590323448181
1448,4,113,1,later,0.987770676612854
1449,1,14,1,later,0.9804933071136475
1449,2,38,1,later,0.9717991948127747
1449,3,75,1,later,0.9923949837684631
1449,4,113,1,later,0.9875470995903015
1450,1,14,1,later,0.9802042841911316
1450,2,38,1,later,0.981727123260498
1450,3,75,1,later,0.9915898442268372
1450,4,113,1,later,0.9872384071350098
1451,1,14,1,later,0.9738070368766785
1451,2,38,1,later,0.983738899230957
1451,3,75,1,later,0.9900882244110107
1451,4,113,1,later,0.986966609954834
1452,1,14,1,later,0.9787431955337524
1452,2,38,1,later,0.9826854467391968
1452,3,75,1,later,0.9915627241134644
1452,4,113,1,later,0.9885026812553406
1453,1,14,1,later,0.9729545712471008
1453,2,38,1,later,0.9845096468925476
1453,3,75,1,later,0.9912716150283813
1453,4,113,1,later,0.9863511323928833
1454,1,14,1,later,0.9800786375999451
1454,2,38,1,later,0.9845169186592102
1454,3,75,1,later,0.9894752502441406
1454,4,113,1,later,0.9875369668006897
1455,1,14,1,later,0.9841772317886353
1455,2,38,1,later,0.9860784411430359
1455,3,75,1,later,0.9906680583953857
1455,4,113,1,later,0.985590398311615
1456,1,14,1,later,0.9850694537162781
1456,2,38,1,later,0.9904189705848694
1456,3,75,1,later,0.9904311895370483
1456,4,113,1,later,0.9869301915168762
1457,1,14,1,later,0.9848854541778564
1457,2,38,1,later,0.9886838793754578
1457,3,75,1,later,0.9915989637374878
1457,4,113,1,later,0.9862755537033081
1458,1,14,1,later,0.9807975888252258
1458,2,38,1,later,0.9833658337593079
1458,3,75,1,later,0.9904816746711731
1458,4,113,1,later,0.9861515760421753
1459,1,14,1,later,0.9818241596221924
1459,2,38,1,later,0.9880615472793579
1459,3,75,1,later,0.991230845451355
1459,4,113,1,later,0.9879348278045654
1460,1,14,1,later,0.9812303781509399
1460,2,38,1,later,0.9877271056175232
1460,3,75,1,later,0.9895757436752319
1460,4,113,1,later,0.9874123334884644
1461,1,14,1,later,0.9789965152740479
1461,2,38,1,later,0.9878384470939636
1461,3,75,1,later,0.9898173213005066
1461,4,113,1,later,0.9850566387176514
1462,1,14,1,later,0.9810780882835388
1462,2,38,1,later,0.9871788024902344
1462,3,75,1,later,0.9897018074989319
1462,4,113,1,later,0.9840139746665955
1463,1,14,1,later,0.9817855954170227
1463,2,38,1,later,0.9907859563827515
1463,3,75,1,later,0.9882306456565857
1463,4,113,1,later,0.9803981184959412
1464,1,14,1,later,0.9820652008056641
1464,2,38,1,later,0.9891933798789978
1464,3,75,1,later,0.987738847732544
1464,4,113,1,later,0.9842802286148071
1465,1,14,1,later,0.9807425141334534
1465,2,38,1,later,0.990703284740448
1465,3,75,1,later,0.9872682094573975
1465,4,113,1,later,0.9785681366920471
1466,1,14,1,later,0.9800636768341064
1466,2,38,1,later,0.9913527369499207
1466,3,75,1,later,0.986199140548706
1466,4,113,1,later,0.9884498119354248
1467,1,14,1,later,0.9798933863639832
1467,2,38,1,later,0.9909835457801819
1467,3,75,1,later,0.9847617149353027
1467,4,113,1,later,0.9879283308982849
1468,1,14,1,later,0.9822906255722046
1468,2,38,1,later,0.9894360303878784
1468,3,75,1,later,0.9876487255096436
1468,4,113,1,later,0.9865463972091675
1469,1,14,1,later,0.9819452166557312
1469,2,38,1,later,0.989591658115387
1469,3,75,1,later,0.9891698360443115
1469,4,113,1,later,0.9872086048126221
1470,1,14,1,later,0.9822356104850769
1470,2,38,1,later,0.9874711632728577
1470,3,75,1,later,0.9870767593383789
1470,4,113,1,later,0.9892462491989136
1471,1,14,1,later,0.9824590682983398
1471,2,38,1,later,0.9850685000419617
1471,3,75,1,later,0.9875307083129883
1471,4,113,1,later,0.9908896684646606
1472,1,14,1,later,0.9825125932693481
1472,2,38,1,later,0.9889719486236572
1472,3,75,1,later,0.9874699115753174
1472,4,113,1,later,0.9852385520935059
1473,1,14,1,later,0.9823951125144958
1473,2,38,1,later,0.9848945140838623
1473,3,75,1,later,0.9859347939491272
1473,4,113,1,later,0.98499596118927
1474,1,14,1,later,0.9840378165245056
1474,2,38,1,later,0.9876174926757812
1474,3,75,1,later,0.9876134991645813
1474,4,113,1,later,0.9882679581642151
1475,1,14,1,later,0.9851222634315491
1475,2,38,1,later,0.9869678616523743
1475,3,75,1,later,0.982161283493042
1475,4,113,1,later,0.9878641963005066
1476,1,14,1,later,0.9857231974601746
1476,2,38,1,later,0.9867066144943237
1476,3,75,1,later,0.9817626476287842
1476,4,113,1,later,0.9837754368782043
1477,1,14,1,later,0.9841846227645874
1477,2,38,1,later,0.9881307482719421
1477,3,75,1,later,0.9787944555282593
1477,4,113,1,later,0.9855562448501587
1478,1,14,1,later,0.9772881269454956
1478,2,38,1,later,0.9871825575828552
1478,3,75,1,later,0.9871756434440613
1478,4,113,1,later,0.9890725016593933
1479,1,14,1,later,0.9760950207710266
1479,2,38,1,later,0.9881389737129211
1479,3,75,1,later,0.9912117123603821
1479,4,113,1,later,0.9886037111282349
1480,1,14,1,later,0.9725658893585205
1480,2,38,1,later,0.98740553855896
1480,3,75,1,later,0.9912517070770264
1480,4,113,1,later,0.9835245609283447
1481,1,14,1,later,0.9754958748817444
1481,2,38,1,later,0.9865732789039612
1481,3,75,1,later,0.9898605346679688
1481,4,113,1,later,0.9843140840530396
1482,1,14,1,later,0.9758567810058594
1482,2,38,1,later,0.9888522028923035
1482,3,75,1,later,0.9861069917678833
1482,4,113,1,later,0.9850469827651978
1483,1,14,1,later,0.97605961561203
1483,2,38,1,later,0.9888163208961487
1483,3,75,1,later,0.9887908101081848
1483,4,113,1,later,0.9876360297203064
1484,1,14,1,later,0.9778499603271484
1484,2,38,1,later,0.9871547222137451
1484,3,75,1,later,0.987106204032898
1484,4,113,1,later,0.9923186302185059
1485,1,14,1,later,0.9774892926216125
1485,2,38,1,later,0.9859901070594788
1485,3,75,1,later,0.9876686334609985
1485,4,113,1,later,0.9912331104278564
1486,1,14,1,later,0.9767155647277832
1486,2,38,1,later,0.9838876724243164
1486,3,75,1,later,0.9888839721679688
1486,4,113,1,later,0.9899638295173645
1487,1,14,1,later,0.9772546887397766
1487,2,38,1,later,0.9841543436050415
1487,3,75,1,later,0.9903196096420288
1487,4,113,1,later,0.9910122752189636
1488,1,14,1,later,0.9777767658233643
1488,2,38,1,later,0.988034725189209
1488,3,75,1,later,0.9868857860565186
1488,4,113,1,later,0.9907893538475037
1489,1,14,1,later,0.9783301949501038
1489,2,38,1,later,0.9849639534950256
1489,3,75,1,later,0.9891271591186523
1489,4,113,1,later,0.990138053894043
1490,1,14,1,later,0.9749066233634949
1490,2,38,1,later,0.9866056442260742
1490,3,75,1,later,0.9807108044624329
1490,4,113,1,later,0.990918755531311
1491,1,14,1,later,0.9737461805343628
1491,2,38,1,later,0.9842630624771118
1491,3,75,1,later,0.9830014705657959
1491,4,113,1,later,0.9887729287147522
1492,1,14,1,later,0.9768838286399841
1492,2,38,1,later,0.9875687956809998
1492,3,75,1,later,0.9831197261810303
1492,4,113,1,later,0.9905174970626831
1493,1,14,1,later,0.9768232703208923
1493,2,38,1,later,0.9878944158554077
1493,3,75,1,later,0.9789459109306335
1493,4,113,1,later,0.9896522760391235
1494,1,14,1,later,0.975399911403656
1494,2,38,1,later,0.9876540303230286
1494,3,75,1,later,0.9765751361846924
1494,4,113,1,later,0.9893227815628052
1495,1,14,1,later,0.9760573506355286
1495,2,38,1,later,0.9893779158592224
1495,3,75,1,later,0.9734389781951904
1495,4,113,1,later,0.9889735579490662
1496,1,14,1,later,0.975784957408905
1496,2,38,1,later,0.9886956214904785
1496,3,75,1,later,0.9744643568992615
1496,4,113,1,later,0.9884511232376099
1497,1,14,1,later,0.9746705293655396
1497,2,38,1,later,0.9877017736434937
1497,3,75,1,later,0.975360631942749
1497,4,113,1,later,0.989001989364624
1498,1,14,1,later,0.9776500463485718
1498,2,38,1,later,0.988021731376648
1498,3,75,1,later,0.9827870726585388
1498,4,113,1,later,0.9882202744483948
1499,1,14,1,later,0.9779213666915894
1499,2,38,1,later,0.9870405793190002
1499,3,75,1,later,0.9858032464981079
1499,4,113,1,later,0.9869932532310486
1123,1,14,1,earlier,0.9867879152297974
1123,2,38,1,earlier,0.9839081764221191
1123,3,75,1,earlier,0.9880659580230713
1123,4,113,1,earlier,0.9734817743301392
1122,1,14,1,earlier,0.9889985918998718
1122,2,38,1,earlier,0.983218252658844
1122,3,75,1,earlier,0.9886927008628845
1122,4,113,1,earlier,0.9766928553581238
1121,1,14,1,earlier,0.9850881099700928
1121,2,38,1,earlier,0.9723083972930908
1121,3,75,1,earlier,0.9896227717399597
1121,4,113,1,earlier,0.9815134406089783
1120,1,14,1,earlier,0.9899131655693054
1120,2,38,1,earlier,0.9680436253547668
1120,3,75,1,earlier,0.9897100925445557
1120,4,113,1,earlier,0.9845067262649536
1119,1,14,1,earlier,0.9883396625518799
1119,2,38,1,earlier,0.9756795763969421
1119,3,75,1,earlier,0.9898145198822021
1119,4,113,1,earlier,0.9848463535308838
1118,1,14,1,earlier,0.9847662448883057
1118,2,38,1,earlier,0.9792705774307251
1118,3,75,1,earlier,0.990453839302063
1118,4,113,1,earlier,0.987403929233551
1117,1,14,1,earlier,0.9841875433921814
1117,2,38,1,earlier,0.9815406203269958
1117,3,75,1,earlier,0.987267255783081
1117,4,113,1,earlier,0.9820816516876221
1116,1,14,1,earlier,0.9807687997817993
1116,2,38,1,earlier,0.9813017845153809
1116,3,75,1,earlier,0.9869118928909302
1116,4,113,1,earlier,0.9804556965827942
1115,1,14,1,earlier,0.9842466711997986
1115,2,38,1,earlier,0.9843506813049316
1115,3,75,1,earlier,0.9879467487335205
1115,4,113,1,earlier,0.9829836487770081
1114,1,14,1,earlier,0.9859808087348938
1114,2,38,1,earlier,0.9790557026863098
1114,3,75,1,earlier,0.987980842590332
1114,4,113,1,earlier,0.9837269186973572
1113,1,14,1,earlier,0.9883490204811096
1113,2,38,1,earlier,0.9866292476654053
1113,3,75,1,earlier,0.9864670038223267
1113,4,113,1,earlier,0.9820306897163391
1112,1,14,1,earlier,0.9854591488838196
1112,2,38,1,earlier,0.9865413308143616
1112,3,75,1,earlier,0.9894680976867676
1112,4,113,1,earlier,0.9827433228492737
1111,1,14,1,earlier,0.9840124249458313
1111,2,38,1,earlier,0.9847761988639832
1111,3,75,1,earlier,0.986447811126709
1111,4,113,1,earlier,0.9814596176147461
1110,1,14,1,earlier,0.980582058429718
1110,2,38,1,earlier,0.9854595065116882
1110,3,75,1,earlier,0.9876754879951477
1110,4,113,1,earlier,0.9768751859664917
1109,1,14,1,earlier,0.9786911606788635
1109,2,38,1,earlier,0.9865477681159973
1109,3,75,1,earlier,0.9880532622337341
1109,4,113,1,earlier,0.980962336063385
1108,1,14,1,earlier,0.9825974106788635
1108,2,38,1,earlier,0.9849640130996704
1108,3,75,1,earlier,0.9887116551399231
1108,4,113,1,earlier,0.9777267575263977
1107,1,14,1,earlier,0.9810922741889954
1107,2,38,1,earlier,0.9837464094161987
1107,3,75,1,earlier,0.9843181371688843
1107,4,113,1,earlier,0.9888823628425598
1106,1,14,1,earlier,0.9766162037849426
1106,2,38,1,earlier,0.9863118529319763
1106,3,75,1,earlier,0.9872995018959045
1106,4,113,1,earlier,0.9841042757034302
1105,1,14,1,earlier,0.9710462093353271
1105,2,38,1,earlier,0.9844899773597717
1105,3,75,1,earlier,0.9761483073234558
1105,4,113,1,earlier,0.982997477054596
1104,1,14,1,earlier,0.9643667340278625
1104,2,38,1,earlier,0.9816960096359253
1104,3,75,1,earlier,0.973128080368042
1104,4,113,1,earlier,0.9847394824028015
1103,1,14,1,earlier,0.9749835729598999
1103,2,38,1,earlier,0.9831945300102234
1103,3,75,1,earlier,0.9690138697624207
1103,4,113,1,earlier,0.9866926074028015
1102,1,14,1,earlier,0.9653018712997437
1102,2,38,1,earlier,0.983076810836792
1102,3,75,1,earlier,0.9856044054031372
1102,4,113,1,earlier,0.9848616719245911
1101,1,14,1,earlier,0.9658060073852539
1101,2,38,1,earlier,0.9727476835250854
1101,3,75,1,earlier,0.970606803894043
1101,4,113,1,earlier,0.9859871864318848
1100,1,14,1,earlier,0.9681232571601868
1100,2,38,1,earlier,0.9651864171028137
1100,3,75,1,earlier,0.9371848702430725
1100,4,113,1,earlier,0.9836913347244263
1099,1,14,1,earlier,0.9784756302833557
1099,2,38,1,earlier,0.9616895914077759
1099,3,75,1,earlier,0.9265214204788208
1099,4,113,1,earlier,0.9789105653762817
1098,1,14,1,earlier,0.9815554618835449
1098,2,38,1,earlier,0.9773913025856018
1098,3,75,1,earlier,0.9639931917190552
1098,4,113,1,earlier,0.9798421263694763
1097,1,14,1,earlier,0.950110673904419
1097,2,38,1,earlier,0.9800415635108948
1097,3,75,1,earlier,0.9630910754203796
1097,4,113,1,earlier,0.9829246997833252
1096,1,14,1,earlier,0.983512282371521
1096,2,38,1,earlier,0.9747877717018127
1096,3,75,1,earlier,0.9715152978897095
1096,4,113,1,earlier,0.9817946553230286
1095,1,14,1,earlier,0.9668699502944946
1095,2,38,1,earlier,0.9737198948860168
1095,3,75,1,earlier,0.9793532490730286
1095,4,113,1,earlier,0.9828712940216064
1094,1,14,1,earlier,0.9757293462753296
1094,2,38,1,earlier,0.9905980229377747
1094,3,75,1,earlier,0.948919415473938
1094,4,113,1,earlier,0.9881473779678345
1093,1,14,1,earlier,0.9616696238517761
1093,2,38,1,earlier,0.9208991527557373
1093,3,75,1,earlier,0.9740738272666931
1093,4,113,1,earlier,0.9907682538032532
1092,1,14,1,earlier,0.9798533320426941
1092,2,38,1,earlier,0.9705073237419128
1092,3,75,1,earlier,0.9315014481544495
1092,4,113,1,earlier,0.9896547794342041
1091,1,14,1,earlier,0.9642091989517212
1091,2,38,1,earlier,0.9846889972686768
1091,3,75,1,earlier,0.9522613883018494
1091,4,113,1,earlier,0.9862412214279175
1090,1,14,1,earlier,0.9758254289627075
1090,2,38,1,earlier,0.9827445149421692
1090,3,75,1,earlier,0.959272563457489
1090,4,113,1,earlier,0.9861628413200378
1089,1,14,1,earlier,0.9667854905128479
1089,2,38,1,earlier,0.9854200482368469
1089,3,75,1,earlier,0.9634309411048889
1089,4,113,1,earlier,0.984501302242279
1088,1,14,1,earlier,0.9626967310905457
1088,2,38,1,earlier,0.9791510105133057
1088,3,75,1,earlier,0.9782322645187378
1088,4,113,1,earlier,0.9819270968437195
1087,1,14,1,earlier,0.9746703505516052
1087,2,38,1,earlier,0.9819570183753967
1087,3,75,1,earlier,0.9602994322776794
1087,4,113,1,earlier,0.9875395894050598
1086,1,14,1,earlier,0.9683029055595398
1086,2,38,1,earlier,0.9817757606506348
1086,3,75,1,earlier,0.9786561727523804
1086,4,113,1,earlier,0.9885388016700745
1085,1,14,1,earlier,0.9696601033210754
1085,2,38,1,earlier,0.9868345260620117
1085,3,75,1,earlier,0.9874662160873413
1085,4,113,1,earlier,0.9854151606559753
1084,1,14,1,earlier,0.9638601541519165
1084,2,38,1,earlier,0.9877097010612488
1084,3,75,1,earlier,0.9709444046020508
1084,4,113,1,earlier,0.9846249222755432
1083,1,14,1,earlier,0.9689350724220276
1083,2,38,1,earlier,0.9846940040588379
1083,3,75,1,earlier,0.9801043272018433
1083,4,113,1,earlier,0.9841184020042419
1082,1,14,1,earlier,0.9717870354652405
1082,2,38,1,earlier,0.9817239046096802
1082,3,75,1,earlier,0.9874001145362854
1082,4,113,1,earlier,0.9863223433494568
1081,1,14,1,earlier,0.9720893502235413
1081,2,38,1,earlier,0.9414029717445374
1081,3,75,1,earlier,0.9644440412521362
1081,4,113,1,earlier,0.9875943660736084
1080,1,14,1,earlier,0.969598650932312
1080,2,38,1,earlier,0.9867070913314819
1080,3,75,1,earlier,0.9729996919631958
1080,4,113,1,earlier,0.9843174815177917
1079,1,14,1,earlier,0.9699978828430176
1079,2,38,1,earlier,0.9855955839157104
1079,3,75,1,earlier,0.972465991973877
1079,4,113,1,earlier,0.9882139563560486
1078,1,14,1,earlier,0.9706517457962036
1078,2,38,1,earlier,0.9910995960235596
1078,3,75,1,earlier,0.9709733128547668
1078,4,113,1,earlier,0.9880637526512146
1077,1,14,1,earlier,0.9669654965400696
1077,2,38,1,earlier,0.9940599799156189
1077,3,75,1,earlier,0.9718995690345764
1077,4,113,1,earlier,0.9883357882499695
1076,1,14,1,earlier,0.9686798453330994
1076,2,38,1,earlier,0.9935815334320068
1076,3,75,1,earlier,0.9821049571037292
1076,4,113,1,earlier,0.9879146814346313
1075,1,14,1,earlier,0.9727809429168701
1075,2,38,1,earlier,0.9939264059066772
1075,3,75,1,earlier,0.985461413860321
1075,4,113,1,earlier,0.991691529750824
1074,1,14,1,earlier,0.973975419998169
1074,2,38,1,earlier,0.9925887584686279
1074,3,75,1,earlier,0.9894247055053711
1074,4,113,1,earlier,0.9909887313842773
1073,1,14,1,earlier,0.9683101773262024
1073,2,38,1,earlier,0.9932456016540527
1073,3,75,1,earlier,0.992257833480835
1073,4,113,1,earlier,0.9902706742286682
1072,1,14,1,earlier,0.9645923376083374
1072,2,38,1,earlier,0.9898188710212708
1072,3,75,1,earlier,0.9867973327636719
1072,4,113,1,earlier,0.9914524555206299
1071,1,14,1,earlier,0.9644203782081604
1071,2,38,1,earlier,0.9898568987846375
1071,3,75,1,earlier,0.9883134961128235
1071,4,113,1,earlier,0.9902504086494446
1070,1,14,1,earlier,0.9782976508140564
1070,2,38,1,earlier,0.98721843957901
1070,3,75,1,earlier,0.9833820462226868
1070,4,113,1,earlier,0.9907727837562561
1069,1,14,1,earlier,0.9749400615692139
1069,2,38,1,earlier,0.9814231991767883
1069,3,75,1,earlier,0.984939455986023
1069,4,113,1,earlier,0.9891056418418884
1068,1,14,1,earlier,0.9804397821426392
1068,2,38,1,earlier,0.9822344183921814
1068,3,75,1,earlier,0.9760836958885193
1068,4,113,1,earlier,0.9898954033851624
1067,1,14,1,earlier,0.9760019779205322
1067,2,38,1,earlier,0.9839028120040894
1067,3,75,1,earlier,0.9834882020950317
1067,4,113,1,earlier,0.9890716671943665
1066,1,14,1,earlier,0.9735575318336487
1066,2,38,1,earlier,0.9788241982460022
1066,3,75,1,earlier,0.9865513443946838
1066,4,113,1,earlier,0.9902342557907104
1065,1,14,1,earlier,0.9708507061004639
1065,2,38,1,earlier,0.9664088487625122
1065,3,75,1,earlier,0.9876405000686646
1065,4,113,1,earlier,0.9912184476852417
1064,1,14,1,earlier,0.9753862619400024
1064,2,38,1,earlier,0.9697744250297546
1064,3,75,1,earlier,0.988558828830719
1064,4,113,1,earlier,0.9895761013031006
1063,1,14,1,earlier,0.9784014225006104
1063,2,38,1,earlier,0.9660534262657166
1063,3,75,1,earlier,0.9863466024398804
1063,4,113,1,earlier,0.9878373146057129
1062,1,14,1,earlier,0.9761271476745605
1062,2,38,1,earlier,0.977584183216095
1062,3,75,1,earlier,0.9882970452308655
1062,4,113,1,earlier,0.9872223138809204
1061,1,14,1,earlier,0.9750535488128662
1061,2,38,1,earlier,0.984411358833313
1061,3,75,1,earlier,0.9897666573524475
1061,4,113,1,earlier,0.9880208969116211
1060,1,14,1,earlier,0.9738990664482117
1060,2,38,1,earlier,0.979285478591919
1060,3,75,1,earlier,0.9875503778457642
1060,4,113,1,earlier,0.9857029914855957
1059,1,14,1,earlier,0.9751487970352173
1059,2,38,1,earlier,0.9784876108169556
1059,3,75,1,earlier,0.9885655641555786
1059,4,113,1,earlier,0.9888822436332703
1058,1,14,1,earlier,0.9682531952857971
1058,2,38,1,earlier,0.98147052526474
1058,3,75,1,earlier,0.9883120656013489
1058,4,113,1,earlier,0.9877966642379761
1057,1,14,1,earlier,0.9730405211448669
1057,2,38,1,earlier,0.9817934036254883
1057,3,75,1,earlier,0.9894823431968689
1057,4,113,1,earlier,0.9885340332984924
1056,1,14,1,earlier,0.9731400609016418
1056,2,38,1,earlier,0.9917145371437073
1056,3,75,1,earlier,0.9903034567832947
1056,4,113,1,earlier,0.9871842861175537
1055,1,14,1,earlier,0.9658989310264587
1055,2,38,1,earlier,0.9909383058547974
1055,3,75,1,earlier,0.9894134998321533
1055,4,113,1,earlier,0.9849734902381897
1054,1,14,1,earlier,0.9724047780036926
1054,2,38,1,earlier,0.9796490669250488
1054,3,75,1,earlier,0.989861249923706
1054,4,113,1,earlier,0.9885388016700745
1053,1,14,1,earlier,0.9731379151344299
1053,2,38,1,earlier,0.9848008751869202
1053,3,75,1,earlier,0.988611102104187
1053,4,113,1,earlier,0.990614116191864
1052,1,14,1,earlier,0.9749212861061096
1052,2,38,1,earlier,0.9868726134300232
1052,3,75,1,earlier,0.9902310967445374
1052,4,113,1,earlier,0.9898274540901184
1051,1,14,1,earlier,0.9732279777526855
1051,2,38,1,earlier,0.9858503341674805
1051,3,75,1,earlier,0.9898749589920044
1051,4,113,1,earlier,0.9921447038650513
1050,1,14,1,earlier,0.9778413772583008
1050,2,38,1,earlier,0.9810430407524109
1050,3,75,1,earlier,0.9903374910354614
1050,4,113,1,earlier,0.9911399483680725
1049,1,14,1,earlier,0.9790499806404114
1049,2,38,1,earlier,0.9857945442199707
1049,3,75,1,earlier,0.9923408627510071
1049,4,113,1,earlier,0.989944577217102
1048,1,14,1,earlier,0.9794228672981262
1048,2,38,1,earlier,0.9884726405143738
1048,3,75,1,earlier,0.9922086596488953
1048,4,113,1,earlier,0.9870749711990356
1047,1,14,1,earlier,0.9798897504806519
1047,2,38,1,earlier,0.9830934405326843
1047,3,75,1,earlier,0.9931848049163818
1047,4,113,1,earlier,0.9855900406837463
1046,1,14,1,earlier,0.9805309176445007
1046,2,38,1,earlier,0.9869483709335327
1046,3,75,1,earlier,0.992741584777832
1046,4,113,1,earlier,0.9892510771751404
1045,1,14,1,earlier,0.9814034700393677
1045,2,38,1,earlier,0.9867862462997437
1045,3,75,1,earlier,0.9931789040565491
1045,4,113,1,earlier,0.9869825839996338
1044,1,14,1,earlier,0.9811871647834778
1044,2,38,1,earlier,0.9869155287742615
1044,3,75,1,earlier,0.9929112792015076
1044,4,113,1,earlier,0.9891746640205383
1043,1,14,1,earlier,0.9817271828651428
1043,2,38,1,earlier,0.9823397994041443
1043,3,75,1,earlier,0.9923368096351624
1043,4,113,1,earlier,0.9833586812019348
1042,1,14,1,earlier,0.9819665551185608
1042,2,38,1,earlier,0.9851250052452087
1042,3,75,1,earlier,0.9929376244544983
1042,4,113,1,earlier,0.9789299368858337
1041,1,14,1,earlier,0.9815528392791748
1041,2,38,1,earlier,0.9882515668869019
1041,3,75,1,earlier,0.9933996796607971
1041,4,113,1,earlier,0.9817882776260376
1040,1,14,1,earlier,0.9797772169113159
1040,2,38,1,earlier,0.9891895651817322
1040,3,75,1,earlier,0.9927118420600891
1040,4,113,1,earlier,0.9859389066696167
1039,1,14,1,earlier,0.9812427759170532
1039,2,38,1,earlier,0.9893653392791748
1039,3,75,1,earlier,0.9903480410575867
1039,4,113,1,earlier,0.9824004173278809
1038,1,14,1,earlier,0.9813192486763
1038,2,38,1,earlier,0.9883092045783997
1038,3,75,1,earlier,0.9917390942573547
1038,4,113,1,earlier,0.9750097990036011
1037,1,14,1,earlier,0.9806908369064331
1037,2,38,1,earlier,0.9865447282791138
1037,3,75,1,earlier,0.9911479353904724
1037,4,113,1,earlier,0.9818764328956604
1036,1,14,1,earlier,0.9816424250602722
1036,2,38,1,earlier,0.9881188273429871
1036,3,75,1,earlier,0.9903594851493835
1036,4,113,1,earlier,0.9838985800743103
1035,1,14,1,earlier,0.9811252355575562
1035,2,38,1,earlier,0.9869216680526733
1035,3,75,1,earlier,0.9906079769134521
1035,4,113,1,earlier,0.984150767326355
1034,1,14,1,earlier,0.981299102306366
1034,2,38,1,earlier,0.9861662983894348
1034,3,75,1,earlier,0.9899105429649353
1034,4,113,1,earlier,0.9869820475578308
1033,1,14,1,earlier,0.985704243183136
1033,2,38,1,earlier,0.9901460409164429
1033,3,75,1,earlier,0.9916501641273499
1033,4,113,1,earlier,0.9806108474731445
1032,1,14,1,earlier,0.9845046997070312
1032,2,38,1,earlier,0.9900060296058655
1032,3,75,1,earlier,0.991362988948822
1032,4,113,1,earlier,0.9762235283851624
1031,1,14,1,earlier,0.9824174046516418
1031,2,38,1,earlier,0.9876264929771423
1031,3,75,1,earlier,0.9913027882575989
1031,4,113,1,earlier,0.9699298143386841
1030,1,14,1,earlier,0.9827542304992676
1030,2,38,1,earlier,0.9792314767837524
1030,3,75,1,earlier,0.9910491704940796
1030,4,113,1,earlier,0.9837895631790161
1029,1,14,1,earlier,0.9843639731407166
1029,2,38,1,earlier,0.9856635332107544
1029,3,75,1,earlier,0.9910017251968384
1029,4,113,1,earlier,0.9821289777755737
1028,1,14,1,earlier,0.9812982678413391
1028,2,38,1,earlier,0.9717657566070557
1028,3,75,1,earlier,0.9919156432151794
1028,4,113,1,earlier,0.9758552312850952
1027,1,14,1,earlier,0.9818616509437561
1027,2,38,1,earlier,0.9663466811180115
1027,3,75,1,earlier,0.9927343726158142
1027,4,113,1,earlier,0.9718651175498962
1026,1,14,1,earlier,0.9826287627220154
1026,2,38,1,earlier,0.9789400100708008
1026,3,75,1,earlier,0.9923490881919861
1026,4,113,1,earlier,0.9866859316825867
1025,1,14,1,earlier,0.9835982322692871
1025,2,38,1,earlier,0.9838257431983948
1025,3,75,1,earlier,0.9913243651390076
1025,4,113,1,earlier,0.9849960207939148
1024,1,14,1,earlier,0.9805564880371094
1024,2,38,1,earlier,0.9871388077735901
1024,3,75,1,earlier,0.990526020526886
1024,4,113,1,earlier,0.9805091619491577
1023,1,14,1,earlier,0.9835374355316162
1023,2,38,1,earlier,0.9846899509429932
1023,3,75,1,earlier,0.989733099937439
1023,4,113,1,earlier,0.9794392585754395
1022,1,14,1,earlier,0.9803555607795715
1022,2,38,1,earlier,0.9859520196914673
1022,3,75,1,earlier,0.9903537034988403
1022,4,113,1,earlier,0.9803351163864136
1021,1,14,1,earlier,0.9807506799697876
1021,2,38,1,earlier,0.9826570153236389
1021,3,75,1,earlier,0.9903607964515686
1021,4,113,1,earlier,0.982444703578949
1020,1,14,1,earlier,0.9825850129127502
1020,2,38,1,earlier,0.9797645807266235
1020,3,75,1,earlier,0.9923545122146606
1020,4,113,1,earlier,0.9850550293922424
1019,1,14,1,earlier,0.9838209748268127
1019,2,38,1,earlier,0.9766042232513428
1019,3,75,1,earlier,0.9919232726097107
1019,4,113,1,earlier,0.9778012037277222
1018,1,14,1,earlier,0.9878910183906555
1018,2,38,1,earlier,0.9806693196296692
1018,3,75,1,earlier,0.9918354153633118
1018,4,113,1,earlier,0.9753827452659607
1017,1,14,1,earlier,0.9881150126457214
1017,2,38,1,earlier,0.9787874817848206
1017,3,75,1,earlier,0.9925053715705872
1017,4,113,1,earlier,0.9765718579292297
1016,1,14,1,earlier,0.988767147064209
1016,2,38,1,earlier,0.9770587086677551
1016,3,75,1,earlier,0.990155041217804
1016,4,113,1,earlier,0.9769983291625977
1015,1,14,1,earlier,0.986577570438385
1015,2,38,1,earlier,0.9788045883178711
1015,3,75,1,earlier,0.9877005219459534
1015,4,113,1,earlier,0.9804669618606567
1014,1,14,1,earlier,0.9824607372283936
1014,2,38,1,earlier,0.9711517691612244
1014,3,75,1,earlier,0.9867649674415588
1014,4,113,1,earlier,0.9847379326820374
1013,1,14,1,earlier,0.9826133847236633
1013,2,38,1,earlier,0.9630381464958191
1013,3,75,1,earlier,0.9868758320808411
1013,4,113,1,earlier,0.9851260185241699
1012,1,14,1,earlier,0.9869129657745361
1012,2,38,1,earlier,0.9738219976425171
1012,3,75,1,earlier,0.9882835745811462
1012,4,113,1,earlier,0.9880300164222717
1011,1,14,1,earlier,0.9858003854751587
1011,2,38,1,earlier,0.9847410321235657
1011,3,75,1,earlier,0.9875590801239014
1011,4,113,1,earlier,0.9848364591598511
1010,1,14,1,earlier,0.9855531454086304
1010,2,38,1,earlier,0.98126620054245
1010,3,75,1,earlier,0.9878149628639221
1010,4,113,1,earlier,0.9824113249778748
1009,1,14,1,earlier,0.9850513935089111
1009,2,38,1,earlier,0.982769787311554
1009,3,75,1,earlier,0.9893011450767517
1009,4,113,1,earlier,0.9824982285499573
1008,1,14,1,earlier,0.9853054285049438
1008,2,38,1,earlier,0.975111186504364
1008,3,75,1,earlier,0.9903954267501831
1008,4,113,1,earlier,0.9845660924911499
1007,1,14,1,earlier,0.9842498302459717
1007,2,38,1,earlier,0.9893525838851929
1007,3,75,1,earlier,0.9893801808357239
1007,4,113,1,earlier,0.9803180694580078
1006,1,14,1,earlier,0.9821534752845764
1006,2,38,1,earlier,0.9825885891914368
1006,3,75,1,earlier,0.9903997778892517
1006,4,113,1,earlier,0.9717730283737183
1005,1,14,1,earlier,0.9823964238166809
1005,2,38,1,earlier,0.979935884475708
1005,3,75,1,earlier,0.9914336800575256
1005,4,113,1,earlier,0.9751439690589905
1004,1,14,1,earlier,0.9830589294433594
1004,2,38,1,earlier,0.983071506023407
1004,3,75,1,earlier,0.9917927980422974
1004,4,113,1,earlier,0.9754163026809692
1003,1,14,1,earlier,0.9814844727516174
1003,2,38,1,earlier,0.9864485263824463
1003,3,75,1,earlier,0.9905019402503967
1003,4,113,1,earlier,0.9715996384620667
1002,1,14,1,earlier,0.9866584539413452
1002,2,38,1,earlier,0.9827970266342163
1002,3,75,1,earlier,0.9908462166786194
1002,4,113,1,earlier,0.9885191321372986
1001,1,14,1,earlier,0.9859046339988708
1001,2,38,1,earlier,0.9782918691635132
1001,3,75,1,earlier,0.9911442995071411
1001,4,113,1,earlier,0.9859392046928406
1000,1,14,1,earlier,0.9857041239738464
1000,2,38,1,earlier,0.9785188436508179
1000,3,75,1,earlier,0.9899031519889832
1000,4,113,1,earlier,0.9851713180541992
999,1,14,1,earlier,0.9833441972732544
999,2,38,1,earlier,0.9840303659439087
999,3,75,1,earlier,0.992103099822998
999,4,113,1,earlier,0.9853524565696716
998,1,14,1,earlier,0.9815133213996887
998,2,38,1,earlier,0.9842798113822937
998,3,75,1,earlier,0.9923319220542908
998,4,113,1,earlier,0.9831528663635254
997,1,14,1,earlier,0.981266975402832
997,2,38,1,earlier,0.9754911065101624
997,3,75,1,earlier,0.9905215501785278
997,4,113,1,earlier,0.9778780937194824
996,1,14,1,earlier,0.9811810255050659
996,2,38,1,earlier,0.977174699306488
996,3,75,1,earlier,0.9886451959609985
996,4,113,1,earlier,0.9837285280227661
995,1,14,1,earlier,0.9820302128791809
995,2,38,1,earlier,0.978177547454834
995,3,75,1,earlier,0.9902802109718323
995,4,113,1,earlier,0.9746739268302917
994,1,14,1,earlier,0.9802852272987366
994,2,38,1,earlier,0.9763845801353455
994,3,75,1,earlier,0.9893914461135864
994,4,113,1,earlier,0.9761860370635986
993,1,14,1,earlier,0.9813874959945679
993,2,38,1,earlier,0.9765844941139221
993,3,75,1,earlier,0.9910942316055298
993,4,113,1,earlier,0.9863466024398804
992,1,14,1,earlier,0.9844455718994141
992,2,38,1,earlier,0.974544882774353
992,3,75,1,earlier,0.991665780544281
992,4,113,1,earlier,0.9845770001411438
991,1,14,1,earlier,0.9836714267730713
991,2,38,1,earlier,0.9778274893760681
991,3,75,1,earlier,0.9921082854270935
991,4,113,1,earlier,0.9874802827835083
990,1,14,1,earlier,0.9830635786056519
990,2,38,1,earlier,0.9850170612335205
990,3,75,1,earlier,0.9930835962295532
990,4,113,1,earlier,0.97576904296875
989,1,14,1,earlier,0.9834742546081543
989,2,38,1,earlier,0.9855979084968567
989,3,75,1,earlier,0.9917443990707397
989,4,113,1,earlier,0.9856975078582764
988,1,14,1,earlier,0.9833089113235474
988,2,38,1,earlier,0.9804548025131226
988,3,75,1,earlier,0.987553060054779
988,4,113,1,earlier,0.9855223298072815
987,1,14,1,earlier,0.9815433025360107
987,2,38,1,earlier,0.9857565760612488
987,3,75,1,earlier,0.9870392084121704
987,4,113,1,earlier,0.9872176647186279
986,1,14,1,earlier,0.9793051481246948
986,2,38,1,earlier,0.9879270195960999
986,3,75,1,earlier,0.984660804271698
986,4,113,1,earlier,0.9797558784484863
985,1,14,1,earlier,0.9803873896598816
985,2,38,1,earlier,0.9846115708351135
985,3,75,1,earlier,0.9845342636108398
985,4,113,1,earlier,0.9836428761482239
984,1,14,1,earlier,0.979854166507721
984,2,38,1,earlier,0.9796098470687866
984,3,75,1,earlier,0.9865853786468506
984,4,113,1,earlier,0.9878457188606262
983,1,14,1,earlier,0.9825108051300049
983,2,38,1,earlier,0.9862928986549377
983,3,75,1,earlier,0.9866883158683777
983,4,113,1,earlier,0.9888257384300232
982,1,14,1,earlier,0.9811283349990845
982,2,38,1,earlier,0.9831294417381287
982,3,75,1,earlier,0.9849345088005066
982,4,113,1,earlier,0.9858222007751465
981,1,14,1,earlier,0.9815462827682495
981,2,38,1,earlier,0.9810314774513245
981,3,75,1,earlier,0.9874804019927979
981,4,113,1,earlier,0.9821808934211731
980,1,14,1,earlier,0.9807379245758057
980,2,38,1,earlier,0.9832520484924316
980,3,75,1,earlier,0.9874611496925354
980,4,113,1,earlier,0.9862561821937561
979,1,14,1,earlier,0.9809186458587646
979,2,38,1,earlier,0.9830250144004822
979,3,75,1,earlier,0.9893375635147095
979,4,113,1,earlier,0.9882920980453491
978,1,14,1,earlier,0.9806110262870789
978,2,38,1,earlier,0.9878025054931641
978,3,75,1,earlier,0.9910979270935059
978,4,113,1,earlier,0.9896528124809265
977,1,14,1,earlier,0.9825612902641296
977,2,38,1,earlier,0.99029141664505
977,3,75,1,earlier,0.9861665964126587
977,4,113,1,earlier,0.9845247268676758
976,1,14,1,earlier,0.9809912443161011
976,2,38,1,earlier,0.9883443117141724
976,3,75,1,earlier,0.9903862476348877
976,4,113,1,earlier,0.9829527139663696
975,1,14,1,earlier,0.9809423685073853
975,2,38,1,earlier,0.983209490776062
975,3,75,1,earlier,0.9885437488555908
975,4,113,1,earlier,0.9740228056907654
974,1,14,1,earlier,0.9814846515655518
974,2,38,1,earlier,0.9847837090492249
974,3,75,1,earlier,0.9879313111305237
974,4,113,1,earlier,0.9728444814682007
973,1,14,1,earlier,0.9817090034484863
973,2,38,1,earlier,0.9837422370910645
973,3,75,1,earlier,0.9878567457199097
973,4,113,1,earlier,0.9806374311447144
972,1,14,1,earlier,0.981301486492157
972,2,38,1,earlier,0.9808045625686646
972,3,75,1,earlier,0.990226686000824
972,4,113,1,earlier,0.9827660322189331
971,1,14,1,earlier,0.9810320138931274
971,2,38,1,earlier,0.9844292402267456
971,3,75,1,earlier,0.9901368021965027
971,4,113,1,earlier,0.9848493337631226
970,1,14,1,earlier,0.9825670123100281
970,2,38,1,earlier,0.978514552116394
970,3,75,1,earlier,0.9888569712638855
970,4,113,1,earlier,0.9846023917198181
969,1,14,1,earlier,0.9821446537971497
969,2,38,1,earlier,0.9849927425384521
969,3,75,1,earlier,0.9896899461746216
969,4,113,1,earlier,0.9812589883804321
968,1,14,1,earlier,0.9824285507202148
968,2,38,1,earlier,0.9843971133232117
968,3,75,1,earlier,0.9854437112808228
968,4,113,1,earlier,0.9818006157875061
967,1,14,1,earlier,0.9816973209381104
967,2,38,1,earlier,0.9877265095710754
967,3,75,1,earlier,0.9896641969680786
967,4,113,1,earlier,0.9869815707206726
966,1,14,1,earlier,0.980742335319519
966,2,38,1,earlier,0.9788950681686401
966,3,75,1,earlier,0.9829827547073364
966,4,113,1,earlier,0.9865924715995789
965,1,14,1,earlier,0.9810541868209839
965,2,38,1,earlier,0.9793403744697571
965,3,75,1,earlier,0.9765931963920593
965,4,113,1,earlier,0.985481858253479
964,1,14,1,earlier,0.9783582091331482
964,2,38,1,earlier,0.9748726487159729
964,3,75,1,earlier,0.9827025532722473
964,4,113,1,earlier,0.9852547645568848
963,1,14,1,earlier,0.9788059592247009
963,2,38,1,earlier,0.9823893904685974
963,3,75,1,earlier,0.9833287000656128
963,4,113,1,earlier,0.9858030080795288
962,1,14,1,earlier,0.9813212156295776
962,2,38,1,earlier,0.9757530093193054
962,3,75,1,earlier,0.9837626218795776
962,4,113,1,earlier,0.9868212938308716
961,1,14,1,earlier,0.9675484895706177
961,2,38,1,earlier,0.9825766086578369
961,3,75,1,earlier,0.9870429039001465
961,4,113,1,earlier,0.9868800640106201
960,1,14,1,earlier,0.963475227355957
960,2,38,1,earlier,0.9830861687660217
960,3,75,1,earlier,0.9859867095947266
960,4,113,1,earlier,0.9866898655891418
959,1,14,1,earlier,0.9806336760520935
959,2,38,1,earlier,0.987942636013031
959,3,75,1,earlier,0.9910114407539368
959,4,113,1,earlier,0.9864813685417175
958,1,14,1,earlier,0.9793898463249207
958,2,38,1,earlier,0.9905762076377869
958,3,75,1,earlier,0.988500714302063
958,4,113,1,earlier,0.9877341389656067
957,1,14,1,earlier,0.9799548387527466
957,2,38,1,earlier,0.9861584305763245
957,3,75,1,earlier,0.988442599773407
957,4,113,1,earlier,0.98650723695755
956,1,14,1,earlier,0.9816034436225891
956,2,38,1,earlier,0.9890522360801697
956,3,75,1,earlier,0.9849451780319214
956,4,113,1,earlier,0.9870398044586182
955,1,14,1,earlier,0.9830005764961243
955,2,38,1,earlier,0.9855725765228271
955,3,75,1,earlier,0.9875978231430054
955,4,113,1,earlier,0.9869137406349182
954,1,14,1,earlier,0.9841314554214478
954,2,38,1,earlier,0.9867860674858093
954,3,75,1,earlier,0.9694573879241943
954,4,113,1,earlier,0.986585259437561
953,1,14,1,earlier,0.9830111861228943
953,2,38,1,earlier,0.9879514575004578
953,3,75,1,earlier,0.980128824710846
953,4,113,1,earlier,0.985549807548523
952,1,14,1,earlier,0.9828965663909912
952,2,38,1,earlier,0.9876260757446289
952,3,75,1,earlier,0.9854705929756165
952,4,113,1,earlier,0.9863527417182922
951,1,14,1,earlier,0.9794157147407532
951,2,38,1,earlier,0.9871383309364319
951,3,75,1,earlier,0.9777299761772156
951,4,113,1,earlier,0.9864567518234253
950,1,14,1,earlier,0.9754606485366821
950,2,38,1,earlier,0.985954225063324
950,3,75,1,earlier,0.965015172958374
950,4,113,1,earlier,0.9856394529342651
949,1,14,1,earlier,0.9750874042510986
949,2,38,1,earlier,0.9852946996688843
949,3,75,1,earlier,0.9818508625030518
949,4,113,1,earlier,0.9872824549674988
948,1,14,1,earlier,0.9756361842155457
948,2,38,1,earlier,0.9902077913284302
948,3,75,1,earlier,0.9792738556861877
948,4,113,1,earlier,0.9872686266899109
947,1,14,1,earlier,0.9798401594161987
947,2,38,1,earlier,0.9914543032646179
947,3,75,1,earlier,0.9672273993492126
947,4,113,1,earlier,0.9873692989349365
946,1,14,1,earlier,0.979631781578064
946,2,38,1,earlier,0.9857800006866455
946,3,75,1,earlier,0.9625268578529358
946,4,113,1,earlier,0.9866146445274353
945,1,14,1,earlier,0.9769574999809265
945,2,38,1,earlier,0.9819243550300598
945,3,75,1,earlier,0.9711953997612
945,4,113,1,earlier,0.9878456592559814
944,1,14,1,earlier,0.9791811108589172
944,2,38,1,earlier,0.9877886772155762
944,3,75,1,earlier,0.9474891424179077
944,4,113,1,earlier,0.9873977899551392
943,1,14,1,earlier,0.979422390460968
943,2,38,1,earlier,0.9832315444946289
943,3,75,1,earlier,0.9574353694915771
943,4,113,1,earlier,0.985739529132843
942,1,14,1,earlier,0.9807126522064209
942,2,38,1,earlier,0.984139084815979
942,3,75,1,earlier,0.9722509980201721
942,4,113,1,earlier,0.9868000745773315
941,1,14,1,earlier,0.980478823184967
941,2,38,1,earlier,0.9704799056053162
941,3,75,1,earlier,0.9537510275840759
941,4,113,1,earlier,0.9861904978752136
940,1,14,1,earlier,0.9791743755340576
940,2,38,1,earlier,0.9850122928619385
940,3,75,1,earlier,0.9623039960861206
940,4,113,1,earlier,0.984819233417511
939,1,14,1,earlier,0.9792409539222717
939,2,38,1,earlier,0.9669929146766663
939,3,75,1,earlier,0.946546733379364
939,4,113,1,earlier,0.9857271313667297
938,1,14,1,earlier,0.9771672487258911
938,2,38,1,earlier,0.9796779155731201
938,3,75,1,earlier,
938,4,113,1,earlier,0.9844014644622803
937,1,14,1,earlier,0.9776792526245117
937,2,38,1,earlier,0.9936804175376892
937,3,75,1,earlier,
937,4,113,1,earlier,0.985302746295929
936,1,14,1,earlier,0.976987361907959
936,2,38,1,earlier,0.9913845658302307
936,3,75,1,earlier,
936,4,113,1,earlier,0.9839250445365906
935,1,14,1,earlier,0.9775401949882507
935,2,38,1,earlier,0.9882585406303406
935,3,75,1,earlier,
935,4,113,1,earlier,0.9859855771064758
934,1,14,1,earlier,0.978972315788269
934,2,38,1,earlier,0.989643394947052
934,3,75,1,earlier,
934,4,113,1,earlier,0.9855346083641052
933,1,14,1,earlier,0.9797345995903015
933,2,38,1,earlier,0.9888755679130554
933,3,75,1,earlier,
933,4,113,1,earlier,0.9858664870262146
932,1,14,1,earlier,0.9810464382171631
932,2,38,1,earlier,0.9863641858100891
932,3,75,1,earlier,
932,4,113,1,earlier,0.9863759279251099
931,1,14,1,earlier,0.9805627465248108
931,2,38,1,earlier,0.9856771230697632
931,3,75,1,earlier,
931,4,113,1,earlier,0.9864806532859802
930,1,14,1,earlier,0.9803827404975891
930,2,38,1,earlier,0.9886601567268372
930,3,75,1,earlier,
930,4,113,1,earlier,0.9869962930679321
929,1,14,1,earlier,0.9809371829032898
929,2,38,1,earlier,0.9822013974189758
929,3,75,1,earlier,
929,4,113,1,earlier,0.9867302179336548
928,1,14,1,earlier,0.9808898568153381
928,2,38,1,earlier,0.9680193066596985
928,3,75,1,earlier,
928,4,113,1,earlier,0.987797737121582
927,1,14,1,earlier,0.9829137325286865
927,2,38,1,earlier,0.982022225856781
927,3,75,1,earlier,
927,4,113,1,earlier,0.9862427711486816
926,1,14,1,earlier,0.983740508556366
926,2,38,1,earlier,0.9829602241516113
926,3,75,1,earlier,
926,4,113,1,earlier,0.98562091588974
925,1,14,1,earlier,0.9833552837371826
925,2,38,1,earlier,0.9177327156066895
925,3,75,1,earlier,
925,4,113,1,earlier,0.9860882759094238
924,1,14,1,earlier,0.9381019473075867
924,2,38,1,earlier,0.96966552734375
924,3,75,1,earlier,
924,4,113,1,earlier,
923,1,14,1,earlier,
923,2,38,1,earlier,0.9799289703369141
923,3,75,1,earlier,
923,4,113,1,earlier,
922,1,14,1,earlier,
922,2,38,1,earlier,0.9786300659179688
922,3,75,1,earlier,
922,4,113,1,earlier,
921,1,14,1,earlier,0.9895516037940979
921,2,38,1,earlier,0.9854780435562134
921,3,75,1,earlier,
921,4,113,1,earlier,0.9873761534690857
920,1,14,1,earlier,0.9823864698410034
920,2,38,1,earlier,0.9843044281005859
920,3,75,1,earlier,
920,4,113,1,earlier,0.9880568385124207
919,1,14,1,earlier,0.9870874881744385
919,2,38,1,earlier,0.9850534200668335
919,3,75,1,earlier,0.9244555234909058
919,4,113,1,earlier,0.9884838461875916
918,1,14,1,earlier,0.9882839918136597
918,2,38,1,earlier,0.983258843421936
918,3,75,1,earlier,0.938409686088562
918,4,113,1,earlier,0.9875609278678894
917,1,14,1,earlier,0.9786314368247986
917,2,38,1,earlier,0.9878097176551819
917,3,75,1,earlier,0.9373575448989868
917,4,113,1,earlier,0.9854869246482849
916,1,14,1,earlier,0.9807541966438293
916,2,38,1,earlier,0.9831953644752502
916,3,75,1,earlier,0.9622451663017273
916,4,113,1,earlier,0.9887188076972961
915,1,14,1,earlier,0.9815939664840698
915,2,38,1,earlier,0.9825618863105774
915,3,75,1,earlier,0.9586314558982849
915,4,113,1,earlier,0.9891830682754517
914,1,14,1,earlier,0.9794619679450989
914,2,38,1,earlier,0.9801041483879089
914,3,75,1,earlier,0.9381009340286255
914,4,113,1,earlier,0.9873082637786865
913,1,14,1,earlier,0.9863935112953186
913,2,38,1,earlier,0.9647580981254578
913,3,75,1,earlier,0.9509894251823425
913,4,113,1,earlier,0.9876593351364136
912,1,14,1,earlier,0.9839221835136414
912,2,38,1,earlier,0.9809814095497131
912,3,75,1,earlier,0.9589811563491821
912,4,113,1,earlier,0.9890050292015076
911,1,14,1,earlier,0.9786458611488342
911,2,38,1,earlier,0.9793877601623535
911,3,75,1,earlier,0.9654707908630371
911,4,113,1,earlier,0.9901150465011597
910,1,14,1,earlier,0.9826803207397461
910,2,38,1,earlier,0.9806002974510193
910,3,75,1,earlier,0.9415767788887024
910,4,113,1,earlier,0.988711953163147
909,1,14,1,earlier,0.9812895059585571
909,2,38,1,earlier,0.9853102564811707
909,3,75,1,earlier,0.9694328904151917
909,4,113,1,earlier,0.9842594861984253
908,1,14,1,earlier,0.9759190082550049
908,2,38,1,earlier,0.9818549752235413
908,3,75,1,earlier,0.9447895288467407
908,4,113,1,earlier,0.988828718662262
907,1,14,1,earlier,0.9769254326820374
907,2,38,1,earlier,0.9870560169219971
907,3,75,1,earlier,0.9645681381225586
907,4,113,1,earlier,0.9825223088264465
906,1,14,1,earlier,0.9772568345069885
906,2,38,1,earlier,0.9851636290550232
906,3,75,1,earlier,0.9668121337890625
906,4,113,1,earlier,0.973293125629425
905,1,14,1,earlier,0.9785707592964172
905,2,38,1,earlier,0.9827108979225159
905,3,75,1,earlier,0.9659053087234497
905,4,113,1,earlier,0.979922890663147
904,1,14,1,earlier,0.9792864918708801
904,2,38,1,earlier,0.9866147041320801
904,3,75,1,earlier,0.9694066643714905
904,4,113,1,earlier,0.9793501496315002
903,1,14,1,earlier,0.9838055968284607
903,2,38,1,earlier,0.9883357286453247
903,3,75,1,earlier,0.975235104560852
903,4,113,1,earlier,0.9780285954475403
902,1,14,1,earlier,0.9845950603485107
902,2,38,1,earlier,0.979047954082489
902,3,75,1,earlier,0.9751937985420227
902,4,113,1,earlier,0.9813410639762878
901,1,14,1,earlier,0.983090877532959
901,2,38,1,earlier,0.989039421081543
901,3,75,1,earlier,0.9728971719741821
901,4,113,1,earlier,0.9802181720733643
900,1,14,1,earlier,0.98021399974823
900,2,38,1,earlier,0.9900500178337097
900,3,75,1,earlier,0.977099597454071
900,4,113,1,earlier,0.9836340546607971
899,1,14,1,earlier,0.9809516668319702
899,2,38,1,earlier,0.9916181564331055
899,3,75,1,earlier,0.9720956087112427
899,4,113,1,earlier,0.9845141172409058
898,1,14,1,earlier,0.9805638194084167
898,2,38,1,earlier,0.9884439706802368
898,3,75,1,earlier,0.968819260597229
898,4,113,1,earlier,0.9831146001815796
897,1,14,1,earlier,0.9810128211975098
897,2,38,1,earlier,0.9890013337135315
897,3,75,1,earlier,0.9772668480873108
897,4,113,1,earlier,0.9843652248382568
896,1,14,1,earlier,0.9818896055221558
896,2,38,1,earlier,0.9830806255340576
896,3,75,1,earlier,0.9770505428314209
896,4,113,1,earlier,0.9849820733070374
895,1,14,1,earlier,0.9853727221488953
895,2,38,1,earlier,0.9898125529289246
895,3,75,1,earlier,0.9747969508171082
895,4,113,1,earlier,0.9865089058876038
894,1,14,1,earlier,0.9851768016815186
894,2,38,1,earlier,0.9874601364135742
894,3,75,1,earlier,0.9652387499809265
894,4,113,1,earlier,0.9871006011962891
893,1,14,1,earlier,0.9839639067649841
893,2,38,1,earlier,0.9826434254646301
893,3,75,1,earlier,0.9587494134902954
893,4,113,1,earlier,0.987999439239502
892,1,14,1,earlier,0.9825878739356995
892,2,38,1,earlier,0.9831237196922302
892,3,75,1,earlier,0.9534238576889038
892,4,113,1,earlier,0.9878519177436829
891,1,14,1,earlier,0.984503448009491
891,2,38,1,earlier,0.9836922883987427
891,3,75,1,earlier,0.9675860404968262
891,4,113,1,earlier,0.9867509603500366
890,1,14,1,earlier,0.9842987060546875
890,2,38,1,earlier,0.980993390083313
890,3,75,1,earlier,0.9701963663101196
890,4,113,1,earlier,0.9870535731315613
889,1,14,1,earlier,0.9829704165458679
889,2,38,1,earlier,0.9721758365631104
889,3,75,1,earlier,0.9699953198432922
889,4,113,1,earlier,0.9874909520149231
888,1,14,1,earlier,0.9835640788078308
888,2,38,1,earlier,0.9760630130767822
888,3,75,1,earlier,0.9695336818695068
888,4,113,1,earlier,0.9875248074531555
887,1,14,1,earlier,0.9840049147605896
887,2,38,1,earlier,0.9781751036643982
887,3,75,1,earlier,0.9707406759262085
887,4,113,1,earlier,0.9868690371513367
886,1,14,1,earlier,0.9809092879295349
886,2,38,1,earlier,0.9778595566749573
886,3,75,1,earlier,0.9720813035964966
886,4,113,1,earlier,0.9877265095710754
885,1,14,1,earlier,0.9803559184074402
885,2,38,1,earlier,0.9817925691604614
885,3,75,1,earlier,0.9753193259239197
885,4,113,1,earlier,0.9870777726173401
884,1,14,1,earlier,0.9801779985427856
884,2,38,1,earlier,0.9863061904907227
884,3,75,1,earlier,0.9738079309463501
884,4,113,1,earlier,0.9877586960792542
883,1,14,1,earlier,0.9810867309570312
883,2,38,1,earlier,0.9880010485649109
883,3,75,1,earlier,0.9744714498519897
883,4,113,1,earlier,0.9867327213287354
882,1,14,1,earlier,0.9795461297035217
882,2,38,1,earlier,0.9866198897361755
882,3,75,1,earlier,0.9756534695625305
882,4,113,1,earlier,0.9867339730262756
881,1,14,1,earlier,0.9804605841636658
881,2,38,1,earlier,0.9915831089019775
881,3,75,1,earlier,0.9780411720275879
881,4,113,1,earlier,0.986476480960846
880,1,14,1,earlier,0.9813849329948425
880,2,38,1,earlier,0.9911661744117737
880,3,75,1,earlier,0.978779673576355
880,4,113,1,earlier,0.9869173169136047
879,1,14,1,earlier,0.9805110096931458
879,2,38,1,earlier,0.9899060130119324
879,3,75,1,earlier,0.9789602160453796
879,4,113,1,earlier,0.9868701696395874
878,1,14,1,earlier,0.9829557538032532
878,2,38,1,earlier,0.9875104427337646
878,3,75,1,earlier,0.9830974340438843
878,4,113,1,earlier,0.9875944256782532
877,1,14,1,earlier,0.9828945398330688
877,2,38,1,earlier,0.9897815585136414
877,3,75,1,earlier,0.9826406240463257
877,4,113,1,earlier,0.9864634871482849
876,1,14,1,earlier,0.9848634004592896
876,2,38,1,earlier,0.9866660833358765
876,3,75,1,earlier,0.9829659461975098
876,4,113,1,earlier,0.9864574670791626
875,1,14,1,earlier,0.9848783612251282
875,2,38,1,earlier,0.989207923412323
875,3,75,1,earlier,0.9852062463760376
875,4,113,1,earlier,0.9871894717216492
874,1,14,1,earlier,0.9844319224357605
874,2,38,1,earlier,0.9881615042686462
874,3,75,1,earlier,0.9829811453819275
874,4,113,1,earlier,0.9869229793548584
873,1,14,1,earlier,0.9838284850120544
873,2,38,1,earlier,0.9887288808822632
873,3,75,1,earlier,0.9842308759689331
873,4,113,1,earlier,0.9860944747924805
872,1,14,1,earlier,0.9842287302017212
872,2,38,1,earlier,0.9871702790260315
872,3,75,1,earlier,0.9855050444602966
872,4,113,1,earlier,0.9854022264480591
871,1,14,1,earlier,0.9834980964660645
871,2,38,1,earlier,0.9879227876663208
871,3,75,1,earlier,0.9851347804069519
871,4,113,1,earlier,0.9869502782821655
870,1,14,1,earlier,0.9868267178535461
870,2,38,1,earlier,0.984966516494751
870,3,75,1,earlier,0.9866192936897278
870,4,113,1,earlier,0.9879353642463684
869,1,14,1,earlier,0.9880287647247314
869,2,38,1,earlier,0.9871726036071777
869,3,75,1,earlier,0.9883655309677124
869,4,113,1,earlier,0.9896345138549805
868,1,14,1,earlier,0.9880303740501404
868,2,38,1,earlier,0.9860221147537231
868,3,75,1,earlier,0.9870548248291016
868,4,113,1,earlier,0.9890351891517639
867,1,14,1,earlier,0.9894191026687622
867,2,38,1,earlier,0.989677369594574
867,3,75,1,earlier,0.9897809624671936
867,4,113,1,earlier,0.9897517561912537
866,1,14,1,earlier,0.9895805716514587
866,2,38,1,earlier,0.9888375401496887
866,3,75,1,earlier,0.9893757104873657
866,4,113,1,earlier,0.9892415404319763
865,1,14,1,earlier,0.9900463819503784
865,2,38,1,earlier,0.9897845983505249
865,3,75,1,earlier,0.9895312190055847
865,4,113,1,earlier,0.9879766702651978
864,1,14,1,earlier,0.9891648292541504
864,2,38,1,earlier,0.9908989071846008
864,3,75,1,earlier,0.9890018701553345
864,4,113,1,earlier,0.9882548451423645
863,1,14,1,earlier,0.9899412393569946
863,2,38,1,earlier,0.9918584823608398
863,3,75,1,earlier,0.9895471334457397
863,4,113,1,earlier,0.9891649484634399
862,1,14,1,earlier,0.99061518907547
862,2,38,1,earlier,0.9890350103378296
862,3,75,1,earlier,0.9887537956237793
862,4,113,1,earlier,0.990332841873169
861,1,14,1,earlier,0.9920708537101746
861,2,38,1,earlier,0.9895536303520203
861,3,75,1,earlier,0.9906395673751831
861,4,113,1,earlier,0.9887027144432068
860,1,14,1,earlier,0.9910654425621033
860,2,38,1,earlier,0.985980749130249
860,3,75,1,earlier,0.9914867281913757
860,4,113,1,earlier,0.9897993803024292
859,1,14,1,earlier,0.9907341599464417
859,2,38,1,earlier,0.9863747954368591
859,3,75,1,earlier,0.9907134175300598
859,4,113,1,earlier,0.9887956380844116
858,1,14,1,earlier,0.9911103844642639
858,2,38,1,earlier,0.9865936636924744
858,3,75,1,earlier,0.9906775951385498
858,4,113,1,earlier,0.9897645115852356
857,1,14,1,earlier,0.9887755513191223
857,2,38,1,earlier,0.9824944138526917
857,3,75,1,earlier,0.9894757270812988
857,4,113,1,earlier,0.9890319108963013
856,1,14,1,earlier,0.9884430170059204
856,2,38,1,earlier,0.985008955001831
856,3,75,1,earlier,0.9902514219284058
856,4,113,1,earlier,0.9892892837524414
855,1,14,1,earlier,0.9906324148178101
855,2,38,1,earlier,0.9791107177734375
855,3,75,1,earlier,0.9906833171844482
855,4,113,1,earlier,0.9899231195449829
854,1,14,1,earlier,0.9903368949890137
854,2,38,1,earlier,0.9889132976531982
854,3,75,1,earlier,0.9909000992774963
854,4,113,1,earlier,0.9908633828163147
853,1,14,1,earlier,0.9918922781944275
853,2,38,1,earlier,0.9846375584602356
853,3,75,1,earlier,0.9924755692481995
853,4,113,1,earlier,0.9891116619110107
852,1,14,1,earlier,0.9913643598556519
852,2,38,1,earlier,0.9824414253234863
852,3,75,1,earlier,0.9924595355987549
852,4,113,1,earlier,0.9887855648994446
851,1,14,1,earlier,0.9908118844032288
851,2,38,1,earlier,0.9860661029815674
851,3,75,1,earlier,0.9927050471305847
851,4,113,1,earlier,0.9889727234840393
850,1,14,1,earlier,0.9905486106872559
850,2,38,1,earlier,0.9852742552757263
850,3,75,1,earlier,0.9913324117660522
850,4,113,1,earlier,0.9890546798706055
849,1,14,1,earlier,0.9911463856697083
849,2,38,1,earlier,0.9887495040893555
849,3,75,1,earlier,0.9913686513900757
849,4,113,1,earlier,0.989601194858551
848,1,14,1,earlier,0.9914584159851074
848,2,38,1,earlier,0.9892004728317261
848,3,75,1,earlier,0.992821216583252
848,4,113,1,earlier,0.9891416430473328
847,1,14,1,earlier,0.9927188754081726
847,2,38,1,earlier,0.9804483652114868
847,3,75,1,earlier,0.9915652275085449
847,4,113,1,earlier,0.988325834274292
846,1,14,1,earlier,0.9908270239830017
846,2,38,1,earlier,0.9806919097900391
846,3,75,1,earlier,0.9930487275123596
846,4,113,1,earlier,0.9883453845977783
845,1,14,1,earlier,0.9911743402481079
845,2,38,1,earlier,0.9832872748374939
845,3,75,1,earlier,0.9931887984275818
845,4,113,1,earlier,0.989414393901825
844,1,14,1,earlier,0.9911311268806458
844,2,38,1,earlier,0.9754455089569092
844,3,75,1,earlier,0.9916832447052002
844,4,113,1,earlier,0.9890758991241455
843,1,14,1,earlier,0.993030309677124
843,2,38,1,earlier,0.9716551303863525
843,3,75,1,earlier,0.9930914044380188
843,4,113,1,earlier,0.9897407293319702
842,1,14,1,earlier,0.9908056259155273
842,2,38,1,earlier,0.9803878664970398
842,3,75,1,earlier,0.9916436672210693
842,4,113,1,earlier,0.9894039034843445
841,1,14,1,earlier,0.9910419583320618
841,2,38,1,earlier,0.9730286002159119
841,3,75,1,earlier,0.9914582371711731
841,4,113,1,earlier,0.9887234568595886
840,1,14,1,earlier,0.9910545349121094
840,2,38,1,earlier,0.9705820083618164
840,3,75,1,earlier,0.9921646118164062
840,4,113,1,earlier,0.9887450337409973
839,1,14,1,earlier,0.9913352131843567
839,2,38,1,earlier,0.9714460372924805
839,3,75,1,earlier,0.9921363592147827
839,4,113,1,earlier,0.9894407987594604
838,1,14,1,earlier,0.9929267168045044
838,2,38,1,earlier,0.9879773855209351
838,3,75,1,earlier,0.992136538028717
838,4,113,1,earlier,0.9883285760879517
837,1,14,1,earlier,0.9932481050491333
837,2,38,1,earlier,0.9858400225639343
837,3,75,1,earlier,0.9932581782341003
837,4,113,1,earlier,0.9889698028564453
836,1,14,1,earlier,0.9933165311813354
836,2,38,1,earlier,0.9793407320976257
836,3,75,1,earlier,0.993370532989502
836,4,113,1,earlier,0.9912976622581482
835,1,14,1,earlier,0.9925112724304199
835,2,38,1,earlier,0.9866330623626709
835,3,75,1,earlier,0.9933492541313171
835,4,113,1,earlier,0.9911817312240601
834,1,14,1,earlier,0.9943444132804871
834,2,38,1,earlier,0.9874575734138489
834,3,75,1,earlier,0.9932253956794739
834,4,113,1,earlier,0.9897274374961853
833,1,14,1,earlier,0.9932630062103271
833,2,38,1,earlier,0.984144926071167
833,3,75,1,earlier,0.9938592910766602
833,4,113,1,earlier,0.9907188415527344
832,1,14,1,earlier,0.9933552742004395
832,2,38,1,earlier,0.9833467602729797
832,3,75,1,earlier,0.9937736988067627
832,4,113,1,earlier,0.988387405872345
831,1,14,1,earlier,0.9935438632965088
831,2,38,1,earlier,0.9863566756248474
831,3,75,1,earlier,0.9938920736312866
831,4,113,1,earlier,0.9917614459991455
830,1,14,1,earlier,0.9904507398605347
830,2,38,1,earlier,0.9777055382728577
830,3,75,1,earlier,0.9921548962593079
830,4,113,1,earlier,0.9876117706298828
829,1,14,1,earlier,0.9890890121459961
829,2,38,1,earlier,0.9828212857246399
829,3,75,1,earlier,0.9928898215293884
829,4,113,1,earlier,0.9890508055686951
828,1,14,1,earlier,0.9933080077171326
828,2,38,1,earlier,0.9796173572540283
828,3,75,1,earlier,0.9932895302772522
828,4,113,1,earlier,0.989718496799469
827,1,14,1,earlier,0.98811936378479
827,2,38,1,earlier,0.979557991027832
827,3,75,1,earlier,0.9906549453735352
827,4,113,1,earlier,0.9889775514602661
826,1,14,1,earlier,0.9909780621528625
826,2,38,1,earlier,0.9826627969741821
826,3,75,1,earlier,0.9907764792442322
826,4,113,1,earlier,0.9895097613334656
825,1,14,1,earlier,0.9911882281303406
825,2,38,1,earlier,0.9868596792221069
825,3,75,1,earlier,0.9914863109588623
825,4,113,1,earlier,0.990516722202301
824,1,14,1,earlier,0.9928102493286133
824,2,38,1,earlier,0.9880996942520142
824,3,75,1,earlier,0.9919376969337463
824,4,113,1,earlier,0.9913291931152344
823,1,14,1,earlier,0.9931710958480835
823,2,38,1,earlier,0.986971914768219
823,3,75,1,earlier,0.9933170676231384
823,4,113,1,earlier,0.990820586681366
822,1,14,1,earlier,0.993965208530426
822,2,38,1,earlier,0.9901963472366333
822,3,75,1,earlier,0.9933016896247864
822,4,113,1,earlier,0.9912351965904236
821,1,14,1,earlier,0.992885172367096
821,2,38,1,earlier,0.9914335012435913
821,3,75,1,earlier,0.9931308627128601
821,4,113,1,earlier,0.9915009140968323
820,1,14,1,earlier,0.9929518103599548
820,2,38,1,earlier,0.9884338974952698
820,3,75,1,earlier,0.9931660294532776
820,4,113,1,earlier,0.9890233874320984
819,1,14,1,earlier,0.9919038414955139
819,2,38,1,earlier,0.988701343536377
819,3,75,1,earlier,0.9920910000801086
819,4,113,1,earlier,0.987345814704895
818,1,14,1,earlier,0.9939954876899719
818,2,38,1,earlier,0.9860299229621887
818,3,75,1,earlier,0.993687629699707
818,4,113,1,earlier,0.9844894409179688
817,1,14,1,earlier,0.9930826425552368
817,2,38,1,earlier,0.9799103140830994
817,3,75,1,earlier,0.9930384755134583
817,4,113,1,earlier,0.9864551424980164
816,1,14,1,earlier,0.9926341772079468
816,2,38,1,earlier,0.9885632991790771
816,3,75,1,earlier,0.9931086897850037
816,4,113,1,earlier,0.9850462079048157
815,1,14,1,earlier,0.993827223777771
815,2,38,1,earlier,0.9898248910903931
815,3,75,1,earlier,0.9931386113166809
815,4,113,1,earlier,0.9862586855888367
814,1,14,1,earlier,0.9921046495437622
814,2,38,1,earlier,0.9890074729919434
814,3,75,1,earlier,0.9928770065307617
814,4,113,1,earlier,0.9852879643440247
813,1,14,1,earlier,0.9886449575424194
813,2,38,1,earlier,0.9887741208076477
813,3,75,1,earlier,0.9886876344680786
813,4,113,1,earlier,0.9834868907928467
812,1,14,1,earlier,0.9863244295120239
812,2,38,1,earlier,0.991624653339386
812,3,75,1,earlier,0.9864669442176819
812,4,113,1,earlier,0.9807760119438171
811,1,14,1,earlier,0.9856312274932861
811,2,38,1,earlier,0.990629255771637
811,3,75,1,earlier,0.9865136742591858
811,4,113,1,earlier,0.9820355176925659
810,1,14,1,earlier,0.9889869093894958
810,2,38,1,earlier,0.9821330904960632
810,3,75,1,earlier,0.9858900308609009
810,4,113,1,earlier,0.9792386889457703
809,1,14,1,earlier,0.9870991110801697
809,2,38,1,earlier,0.9877271056175232
809,3,75,1,earlier,0.9864357113838196
809,4,113,1,earlier,0.9859145879745483
808,1,14,1,earlier,0.9847511649131775
808,2,38,1,earlier,0.9899157285690308
808,3,75,1,earlier,0.9853565692901611
808,4,113,1,earlier,0.9859452843666077
807,1,14,1,earlier,0.9832116365432739
807,2,38,1,earlier,0.9896259903907776
807,3,75,1,earlier,0.9830977320671082
807,4,113,1,earlier,0.9874297976493835
806,1,14,1,earlier,0.9838117361068726
806,2,38,1,earlier,0.9899563789367676
806,3,75,1,earlier,0.9863861799240112
806,4,113,1,earlier,0.9867047667503357
805,1,14,1,earlier,0.9829842448234558
805,2,38,1,earlier,0.9888298511505127
805,3,75,1,earlier,0.9822697043418884
805,4,113,1,earlier,0.987554132938385
804,1,14,1,earlier,0.9834539294242859
804,2,38,1,earlier,0.9847822189331055
804,3,75,1,earlier,0.9803529381752014
804,4,113,1,earlier,0.988615095615387
803,1,14,1,earlier,0.9849653840065002
803,2,38,1,earlier,0.9850770235061646
803,3,75,1,earlier,0.9837566614151001
803,4,113,1,earlier,0.9907170534133911
802,1,14,1,earlier,0.9831463098526001
802,2,38,1,earlier,0.9889665246009827
802,3,75,1,earlier,0.982924222946167
802,4,113,1,earlier,0.9893725514411926
801,1,14,1,earlier,0.9830735325813293
801,2,38,1,earlier,0.9898809790611267
801,3,75,1,earlier,0.9818007946014404
801,4,113,1,earlier,0.9889119863510132
800,1,14,1,earlier,0.9805155992507935
800,2,38,1,earlier,0.9894930720329285
800,3,75,1,earlier,0.9799554347991943
800,4,113,1,earlier,0.9877439141273499
799,1,14,1,earlier,0.9817233085632324
799,2,38,1,earlier,0.987857460975647
799,3,75,1,earlier,0.9802752733230591
799,4,113,1,earlier,0.9899947047233582
798,1,14,1,earlier,0.9795330166816711
798,2,38,1,earlier,0.9865754842758179
798,3,75,1,earlier,0.9775664806365967
798,4,113,1,earlier,0.9892552495002747
797,1,14,1,earlier,0.9795134663581848
797,2,38,1,earlier,0.9870634078979492
797,3,75,1,earlier,0.9776914119720459
797,4,113,1,earlier,0.9893993139266968
796,1,14,1,earlier,0.9802930355072021
796,2,38,1,earlier,0.9846716523170471
796,3,75,1,earlier,0.9800091981887817
796,4,113,1,earlier,0.9890046119689941
795,1,14,1,earlier,0.9815264940261841
795,2,38,1,earlier,0.9878286719322205
795,3,75,1,earlier,0.9811079502105713
795,4,113,1,earlier,0.9894821643829346
794,1,14,1,earlier,0.987135112285614
794,2,38,1,earlier,0.9874098300933838
794,3,75,1,earlier,0.9818775653839111
794,4,113,1,earlier,0.9894289970397949
793,1,14,1,earlier,0.9842923283576965
793,2,38,1,earlier,0.9847507476806641
793,3,75,1,earlier,0.9833395481109619
793,4,113,1,earlier,0.9898259043693542
792,1,14,1,earlier,0.9874269962310791
792,2,38,1,earlier,0.9855740070343018
792,3,75,1,earlier,0.9823786616325378
792,4,113,1,earlier,0.9898325800895691
791,1,14,1,earlier,0.9844136238098145
791,2,38,1,earlier,0.9782125353813171
791,3,75,1,earlier,0.9828541874885559
791,4,113,1,earlier,0.9882278442382812
790,1,14,1,earlier,0.9842960238456726
790,2,38,1,earlier,0.9776950478553772
790,3,75,1,earlier,0.9869301915168762
790,4,113,1,earlier,0.9866195917129517
789,1,14,1,earlier,0.9856458902359009
789,2,38,1,earlier,0.9793099164962769
789,3,75,1,earlier,0.9840855598449707
789,4,113,1,earlier,0.9874060153961182
788,1,14,1,earlier,0.9850080013275146
788,2,38,1,earlier,0.9834257960319519
788,3,75,1,earlier,0.9832569360733032
788,4,113,1,earlier,0.9877729415893555
787,1,14,1,earlier,0.984866738319397
787,2,38,1,earlier,0.9841152429580688
787,3,75,1,earlier,0.9831027388572693
787,4,113,1,earlier,0.9882636070251465
786,1,14,1,earlier,0.983655571937561
786,2,38,1,earlier,0.9886091947555542
786,3,75,1,earlier,0.9822013974189758
786,4,113,1,earlier,0.9876062870025635
785,1,14,1,earlier,0.9808661937713623
785,2,38,1,earlier,0.9809229373931885
785,3,75,1,earlier,0.9808895587921143
785,4,113,1,earlier,0.9868433475494385
784,1,14,1,earlier,0.9842981696128845
784,2,38,1,earlier,0.9816622138023376
784,3,75,1,earlier,0.9828762412071228
784,4,113,1,earlier,0.9872751832008362
783,1,14,1,earlier,0.9839176535606384
783,2,38,1,earlier,0.9761400818824768
783,3,75,1,earlier,0.9825617671012878
783,4,113,1,earlier,0.9915642142295837
782,1,14,1,earlier,0.9880688190460205
782,2,38,1,earlier,0.9844456911087036
782,3,75,1,earlier,0.9826700687408447
782,4,113,1,earlier,0.9907371997833252
781,1,14,1,earlier,0.9831903576850891
781,2,38,1,earlier,0.9865937829017639
781,3,75,1,earlier,0.983196496963501
781,4,113,1,earlier,0.9906632304191589
780,1,14,1,earlier,0.9833308458328247
780,2,38,1,earlier,0.9791384935379028
780,3,75,1,earlier,0.9873774647712708
780,4,113,1,earlier,0.9901682138442993
779,1,14,1,earlier,0.9883272051811218
779,2,38,1,earlier,0.9765321612358093
779,3,75,1,earlier,0.9839841723442078
779,4,113,1,earlier,0.9863027334213257
778,1,14,1,earlier,0.9892847537994385
778,2,38,1,earlier,0.9759848713874817
778,3,75,1,earlier,0.9847739338874817
778,4,113,1,earlier,0.9878941774368286
777,1,14,1,earlier,0.9857404232025146
777,2,38,1,earlier,0.9795313477516174
777,3,75,1,earlier,0.9846091866493225
777,4,113,1,earlier,0.986274003982544
776,1,14,1,earlier,0.9856903553009033
776,2,38,1,earlier,0.9806961417198181
776,3,75,1,earlier,0.9863698482513428
776,4,113,1,earlier,0.9815815687179565
775,1,14,1,earlier,0.9845359325408936
775,2,38,1,earlier,0.9703980684280396
775,3,75,1,earlier,0.9785876870155334
775,4,113,1,earlier,0.9834977388381958
774,1,14,1,earlier,0.9846241474151611
774,2,38,1,earlier,0.9779340624809265
774,3,75,1,earlier,0.9836524724960327
774,4,113,1,earlier,0.983617901802063
773,1,14,1,earlier,0.9844202995300293
773,2,38,1,earlier,0.9789568781852722
773,3,75,1,earlier,0.9832426309585571
773,4,113,1,earlier,0.9799134135246277
772,1,14,1,earlier,0.9845272898674011
772,2,38,1,earlier,0.978693425655365
772,3,75,1,earlier,0.9841627478599548
772,4,113,1,earlier,0.9853056073188782
771,1,14,1,earlier,0.990173876285553
771,2,38,1,earlier,0.9759411215782166
771,3,75,1,earlier,0.9900226593017578
771,4,113,1,earlier,0.9871740937232971
770,1,14,1,earlier,0.985482394695282
770,2,38,1,earlier,0.9837460517883301
770,3,75,1,earlier,0.9838000535964966
770,4,113,1,earlier,0.9875060319900513
769,1,14,1,earlier,0.9860376715660095
769,2,38,1,earlier,0.9875134825706482
769,3,75,1,earlier,0.9859594106674194
769,4,113,1,earlier,0.9873495697975159
768,1,14,1,earlier,0.9857379198074341
768,2,38,1,earlier,0.9844669699668884
768,3,75,1,earlier,0.9856821298599243
768,4,113,1,earlier,0.9897652268409729
767,1,14,1,earlier,0.9826908111572266
767,2,38,1,earlier,0.9854034185409546
767,3,75,1,earlier,0.9822587370872498
767,4,113,1,earlier,0.9915569424629211
766,1,14,1,earlier,0.9862834215164185
766,2,38,1,earlier,0.990473210811615
766,3,75,1,earlier,0.9869626760482788
766,4,113,1,earlier,0.9903324842453003
765,1,14,1,earlier,0.9883327484130859
765,2,38,1,earlier,0.99041348695755
765,3,75,1,earlier,0.9884932637214661
765,4,113,1,earlier,0.9900998473167419
764,1,14,1,earlier,0.9823302030563354
764,2,38,1,earlier,0.9911807775497437
764,3,75,1,earlier,0.9846169948577881
764,4,113,1,earlier,0.9881166815757751
763,1,14,1,earlier,0.9825770258903503
763,2,38,1,earlier,0.9909799098968506
763,3,75,1,earlier,0.9841257333755493
763,4,113,1,earlier,0.9872120022773743
762,1,14,1,earlier,0.9820956587791443
762,2,38,1,earlier,0.9889562726020813
762,3,75,1,earlier,0.9817150831222534
762,4,113,1,earlier,0.9857372641563416
761,1,14,1,earlier,0.9807087182998657
761,2,38,1,earlier,0.9884291887283325
761,3,75,1,earlier,0.9803036451339722
761,4,113,1,earlier,0.9882853031158447
760,1,14,1,earlier,0.9784836173057556
760,2,38,1,earlier,0.9899765253067017
760,3,75,1,earlier,0.9809619188308716
760,4,113,1,earlier,0.9878748655319214
759,1,14,1,earlier,0.979114830493927
759,2,38,1,earlier,0.9901493787765503
759,3,75,1,earlier,0.982577919960022
759,4,113,1,earlier,0.9861873388290405
758,1,14,1,earlier,0.9849090576171875
758,2,38,1,earlier,0.9872718453407288
758,3,75,1,earlier,0.9842231869697571
758,4,113,1,earlier,0.989282488822937
757,1,14,1,earlier,0.9807168841362
757,2,38,1,earlier,0.9891171455383301
757,3,75,1,earlier,0.9803314805030823
757,4,113,1,earlier,0.9886861443519592
756,1,14,1,earlier,0.9837900996208191
756,2,38,1,earlier,0.9895352721214294
756,3,75,1,earlier,0.9832756519317627
756,4,113,1,earlier,0.9904623627662659
755,1,14,1,earlier,0.9813058376312256
755,2,38,1,earlier,0.9911196827888489
755,3,75,1,earlier,0.9828709959983826
755,4,113,1,earlier,0.989984929561615
754,1,14,1,earlier,0.9817579984664917
754,2,38,1,earlier,0.987962007522583
754,3,75,1,earlier,0.9812651872634888
754,4,113,1,earlier,0.9898216128349304
753,1,14,1,earlier,0.9825692772865295
753,2,38,1,earlier,0.9893072843551636
753,3,75,1,earlier,0.982720673084259
753,4,113,1,earlier,0.989007294178009
752,1,14,1,earlier,0.9833196401596069
752,2,38,1,earlier,0.9877213835716248
752,3,75,1,earlier,0.9830238819122314
752,4,113,1,earlier,0.9875723123550415
751,1,14,1,earlier,0.9821904897689819
751,2,38,1,earlier,0.9842393398284912
751,3,75,1,earlier,0.9821087718009949
751,4,113,1,earlier,0.9872713685035706
750,1,14,1,earlier,0.981825590133667
750,2,38,1,earlier,0.9773294925689697
750,3,75,1,earlier,0.9812465310096741
750,4,113,1,earlier,0.9890639185905457
1874,1,14,2,later,0.9758208394050598
1874,2,38,2,later,0.985902726650238
1874,3,75,2,later,0.9875429272651672
1874,4,113,2,later,0.9743500351905823
1875,1,14,2,later,0.97841876745224
1875,2,38,2,later,0.9878233075141907
1875,3,75,2,later,0.9911962151527405
1875,4,113,2,later,0.9804734587669373
1876,1,14,2,later,0.9793328046798706
1876,2,38,2,later,0.9907048940658569
1876,3,75,2,later,0.9905742406845093
1876,4,113,2,later,0.9751050472259521
1877,1,14,2,later,0.9814692735671997
1877,2,38,2,later,0.9898985028266907
1877,3,75,2,later,0.9910848736763
1877,4,113,2,later,0.9867511987686157
1878,1,14,2,later,0.9824017286300659
1878,2,38,2,later,0.9894540309906006
1878,3,75,2,later,0.9903272390365601
1878,4,113,2,later,0.9855018854141235
1879,1,14,2,later,0.9821045398712158
1879,2,38,2,later,0.9903739094734192
1879,3,75,2,later,0.9906677007675171
1879,4,113,2,later,0.9833251237869263
1880,1,14,2,later,0.983147144317627
1880,2,38,2,later,0.9907739162445068
1880,3,75,2,later,0.9910832643508911
1880,4,113,2,later,0.9799290895462036
1881,1,14,2,later,0.9812649488449097
1881,2,38,2,later,0.9900435209274292
1881,3,75,2,later,0.9921525716781616
1881,4,113,2,later,0.9858657121658325
1882,1,14,2,later,0.9830259084701538
1882,2,38,2,later,0.9847820997238159
1882,3,75,2,later,0.9912879467010498
1882,4,113,2,later,0.9839750528335571
1883,1,14,2,later,0.9836283326148987
1883,2,38,2,later,0.9848175644874573
1883,3,75,2,later,0.9905288219451904
1883,4,113,2,later,0.9824340343475342
1884,1,14,2,later,0.9831772446632385
1884,2,38,2,later,0.985081136226654
1884,3,75,2,later,0.9909367561340332
1884,4,113,2,later,0.976619303226471
1885,1,14,2,later,0.9836647510528564
1885,2,38,2,later,0.980333685874939
1885,3,75,2,later,0.9909730553627014
1885,4,113,2,later,0.9775552749633789
1886,1,14,2,later,0.9839281439781189
1886,2,38,2,later,0.9758533239364624
1886,3,75,2,later,0.9911786913871765
1886,4,113,2,later,0.9805070757865906
1887,1,14,2,later,0.9830910563468933
1887,2,38,2,later,0.9693034887313843
1887,3,75,2,later,0.9909346699714661
1887,4,113,2,later,0.980800986289978
1888,1,14,2,later,0.9835966229438782
1888,2,38,2,later,0.9724231958389282
1888,3,75,2,later,0.9913702607154846
1888,4,113,2,later,0.9811974167823792
1889,1,14,2,later,0.9832322597503662
1889,2,38,2,later,0.9751763939857483
1889,3,75,2,later,0.9909871220588684
1889,4,113,2,later,0.9851856231689453
1890,1,14,2,later,0.9831351041793823
1890,2,38,2,later,0.9700864553451538
1890,3,75,2,later,0.9922956824302673
1890,4,113,2,later,0.9854350686073303
1891,1,14,2,later,0.9831268191337585
1891,2,38,2,later,0.9680390954017639
1891,3,75,2,later,0.9924441576004028
1891,4,113,2,later,0.9812514781951904
1892,1,14,2,later,0.9827560782432556
1892,2,38,2,later,0.9753761291503906
1892,3,75,2,later,0.9907520413398743
1892,4,113,2,later,0.9761624932289124
1893,1,14,2,later,0.9821868538856506
1893,2,38,2,later,0.9737660884857178
1893,3,75,2,later,0.9921331405639648
1893,4,113,2,later,0.9784896373748779
1894,1,14,2,later,0.9828019142150879
1894,2,38,2,later,0.9728995561599731
1894,3,75,2,later,0.9919652342796326
1894,4,113,2,later,0.9809675216674805
1895,1,14,2,later,0.9820008277893066
1895,2,38,2,later,0.9765280485153198
1895,3,75,2,later,0.991241991519928
1895,4,113,2,later,0.9797259569168091
1896,1,14,2,later,0.9822643399238586
1896,2,38,2,later,0.9748287200927734
1896,3,75,2,later,0.9915832281112671
1896,4,113,2,later,0.9812398552894592
1897,1,14,2,later,0.9819583892822266
1897,2,38,2,later,0.976503849029541
1897,3,75,2,later,0.9920178055763245
1897,4,113,2,later,0.9847612977027893
1898,1,14,2,later,0.9797973036766052
1898,2,38,2,later,0.9803991913795471
1898,3,75,2,later,0.9923352599143982
1898,4,113,2,later,0.9891307950019836
1899,1,14,2,later,0.9819138050079346
1899,2,38,2,later,0.9845299124717712
1899,3,75,2,later,0.9918439388275146
1899,4,113,2,later,0.9851253032684326
1900,1,14,2,later,0.9834370613098145
1900,2,38,2,later,0.9702715277671814
1900,3,75,2,later,0.9914928078651428
1900,4,113,2,later,0.9760295748710632
1901,1,14,2,later,0.9835684895515442
1901,2,38,2,later,0.9756277799606323
1901,3,75,2,later,0.991716742515564
1901,4,113,2,later,0.9791688919067383
1902,1,14,2,later,0.9830413460731506
1902,2,38,2,later,0.9700862169265747
1902,3,75,2,later,0.9926058650016785
1902,4,113,2,later,0.981009840965271
1903,1,14,2,later,0.9822043776512146
1903,2,38,2,later,0.9715372323989868
1903,3,75,2,later,0.9915324449539185
1903,4,113,2,later,0.9829740524291992
1904,1,14,2,later,0.9822473526000977
1904,2,38,2,later,0.9755356311798096
1904,3,75,2,later,0.9914367198944092
1904,4,113,2,later,0.9845254421234131
1905,1,14,2,later,0.9828144311904907
1905,2,38,2,later,0.9525494575500488
1905,3,75,2,later,0.991305410861969
1905,4,113,2,later,0.9819170236587524
1906,1,14,2,later,0.9838696122169495
1906,2,38,2,later,0.97786945104599
1906,3,75,2,later,0.9917017817497253
1906,4,113,2,later,0.9645546674728394
1907,1,14,2,later,0.9837052226066589
1907,2,38,2,later,0.9813471436500549
1907,3,75,2,later,0.992070734500885
1907,4,113,2,later,0.9783377647399902
1908,1,14,2,later,0.9838871955871582
1908,2,38,2,later,0.9851075410842896
1908,3,75,2,later,0.9921852350234985
1908,4,113,2,later,0.9767767190933228
1909,1,14,2,later,0.9826256036758423
1909,2,38,2,later,0.9872220158576965
1909,3,75,2,later,0.9900161623954773
1909,4,113,2,later,0.9670436978340149
1910,1,14,2,later,0.9824328422546387
1910,2,38,2,later,0.9875295162200928
1910,3,75,2,later,0.991975724697113
1910,4,113,2,later,0.9771522283554077
1911,1,14,2,later,0.9823494553565979
1911,2,38,2,later,0.9879439473152161
1911,3,75,2,later,0.9908343553543091
1911,4,113,2,later,0.9879052042961121
1912,1,14,2,later,0.9823073148727417
1912,2,38,2,later,0.9847915768623352
1912,3,75,2,later,0.9908836483955383
1912,4,113,2,later,0.9834949374198914
1913,1,14,2,later,0.9830363988876343
1913,2,38,2,later,0.9831212162971497
1913,3,75,2,later,0.9906520247459412
1913,4,113,2,later,0.9867873787879944
1914,1,14,2,later,0.9829078316688538
1914,2,38,2,later,0.9822344183921814
1914,3,75,2,later,0.9888141751289368
1914,4,113,2,later,0.9871548414230347
1915,1,14,2,later,0.9835424423217773
1915,2,38,2,later,0.9826337099075317
1915,3,75,2,later,0.9896323680877686
1915,4,113,2,later,0.9852763414382935
1916,1,14,2,later,0.9835036396980286
1916,2,38,2,later,0.9832270741462708
1916,3,75,2,later,0.9892768859863281
1916,4,113,2,later,0.9870424866676331
1917,1,14,2,later,0.9833338856697083
1917,2,38,2,later,0.9884330034255981
1917,3,75,2,later,0.9904242753982544
1917,4,113,2,later,0.9870942234992981
1918,1,14,2,later,0.9829589128494263
1918,2,38,2,later,0.9842157959938049
1918,3,75,2,later,0.9904856085777283
1918,4,113,2,later,0.9874423742294312
1919,1,14,2,later,0.9827439785003662
1919,2,38,2,later,0.9833911657333374
1919,3,75,2,later,0.991025984287262
1919,4,113,2,later,0.9786755442619324
1920,1,14,2,later,0.9802922010421753
1920,2,38,2,later,0.9853352308273315
1920,3,75,2,later,0.9898759722709656
1920,4,113,2,later,0.9797616600990295
1921,1,14,2,later,0.982538104057312
1921,2,38,2,later,0.9865396618843079
1921,3,75,2,later,0.9903857111930847
1921,4,113,2,later,0.9800699353218079
1922,1,14,2,later,0.9810583591461182
1922,2,38,2,later,0.9856364727020264
1922,3,75,2,later,0.9896907806396484
1922,4,113,2,later,0.976673424243927
1923,1,14,2,later,0.9848396182060242
1923,2,38,2,later,0.9845141768455505
1923,3,75,2,later,0.989100456237793
1923,4,113,2,later,0.974826991558075
1924,1,14,2,later,0.9827181696891785
1924,2,38,2,later,0.9848836064338684
1924,3,75,2,later,0.9899011254310608
1924,4,113,2,later,0.9802024364471436
1925,1,14,2,later,0.9831366539001465
1925,2,38,2,later,0.9854597449302673
1925,3,75,2,later,0.9898898005485535
1925,4,113,2,later,0.9866492748260498
1926,1,14,2,later,0.9825999140739441
1926,2,38,2,later,0.9820438027381897
1926,3,75,2,later,0.9892163276672363
1926,4,113,2,later,0.9800747632980347
1927,1,14,2,later,0.9827763438224792
1927,2,38,2,later,0.9863058924674988
1927,3,75,2,later,0.9899953007698059
1927,4,113,2,later,0.9824900031089783
1928,1,14,2,later,0.9828093647956848
1928,2,38,2,later,0.9876785278320312
1928,3,75,2,later,0.988866925239563
1928,4,113,2,later,0.9819895625114441
1929,1,14,2,later,0.9822384715080261
1929,2,38,2,later,0.9871006011962891
1929,3,75,2,later,0.987862765789032
1929,4,113,2,later,0.976762056350708
1930,1,14,2,later,0.9829508066177368
1930,2,38,2,later,0.9809347987174988
1930,3,75,2,later,0.988480269908905
1930,4,113,2,later,0.9734253287315369
1931,1,14,2,later,0.9823935627937317
1931,2,38,2,later,0.9842305183410645
1931,3,75,2,later,0.988070011138916
1931,4,113,2,later,0.9743906259536743
1932,1,14,2,later,0.981986939907074
1932,2,38,2,later,0.983605682849884
1932,3,75,2,later,0.9874739050865173
1932,4,113,2,later,0.9805306196212769
1933,1,14,2,later,0.9824163913726807
1933,2,38,2,later,0.9844003915786743
1933,3,75,2,later,0.9878363609313965
1933,4,113,2,later,0.982559084892273
1934,1,14,2,later,0.982464611530304
1934,2,38,2,later,0.984012246131897
1934,3,75,2,later,0.9887849688529968
1934,4,113,2,later,0.9835436940193176
1935,1,14,2,later,0.982666552066803
1935,2,38,2,later,0.9837906956672668
1935,3,75,2,later,0.9876589179039001
1935,4,113,2,later,0.9747281074523926
1936,1,14,2,later,0.9829798936843872
1936,2,38,2,later,0.9831486344337463
1936,3,75,2,later,0.9886080622673035
1936,4,113,2,later,0.9747474789619446
1937,1,14,2,later,0.9823461771011353
1937,2,38,2,later,0.9827265739440918
1937,3,75,2,later,0.9890230298042297
1937,4,113,2,later,0.9748154282569885
1938,1,14,2,later,0.9847455620765686
1938,2,38,2,later,0.9827056527137756
1938,3,75,2,later,0.9867990016937256
1938,4,113,2,later,0.9738848805427551
1939,1,14,2,later,0.9837545156478882
1939,2,38,2,later,0.9848814010620117
1939,3,75,2,later,0.988201916217804
1939,4,113,2,later,0.9794203042984009
1940,1,14,2,later,0.9819584488868713
1940,2,38,2,later,0.9858151078224182
1940,3,75,2,later,0.9862462282180786
1940,4,113,2,later,0.9847223162651062
1941,1,14,2,later,0.9823367595672607
1941,2,38,2,later,0.9856185913085938
1941,3,75,2,later,0.9855844378471375
1941,4,113,2,later,0.9763213992118835
1942,1,14,2,later,0.9846188426017761
1942,2,38,2,later,0.9862357378005981
1942,3,75,2,later,0.9866342544555664
1942,4,113,2,later,0.9734891653060913
1943,1,14,2,later,0.9822765588760376
1943,2,38,2,later,0.9819396734237671
1943,3,75,2,later,0.9866247773170471
1943,4,113,2,later,0.9743383526802063
1944,1,14,2,later,0.9814925789833069
1944,2,38,2,later,0.9863672852516174
1944,3,75,2,later,0.9845970869064331
1944,4,113,2,later,0.9758525490760803
1945,1,14,2,later,0.9821916222572327
1945,2,38,2,later,0.9849269986152649
1945,3,75,2,later,0.9850392937660217
1945,4,113,2,later,0.9822998046875
1946,1,14,2,later,0.980491042137146
1946,2,38,2,later,0.9812361001968384
1946,3,75,2,later,0.9869413375854492
1946,4,113,2,later,0.9864178895950317
1947,1,14,2,later,0.9825053215026855
1947,2,38,2,later,0.9758421778678894
1947,3,75,2,later,0.9880666732788086
1947,4,113,2,later,0.9826542735099792
1948,1,14,2,later,0.9811422228813171
1948,2,38,2,later,0.9873113632202148
1948,3,75,2,later,0.986994743347168
1948,4,113,2,later,0.9848539233207703
1949,1,14,2,later,0.9815638065338135
1949,2,38,2,later,0.982603907585144
1949,3,75,2,later,0.9870795011520386
1949,4,113,2,later,0.9760378003120422
1950,1,14,2,later,0.9842092394828796
1950,2,38,2,later,0.9863669872283936
1950,3,75,2,later,0.9872344136238098
1950,4,113,2,later,0.9784327149391174
1951,1,14,2,later,0.9840648770332336
1951,2,38,2,later,0.9712759256362915
1951,3,75,2,later,0.9868140816688538
1951,4,113,2,later,0.9807984828948975
1952,1,14,2,later,0.9830735325813293
1952,2,38,2,later,0.9716842174530029
1952,3,75,2,later,0.9872926473617554
1952,4,113,2,later,0.9870418310165405
1953,1,14,2,later,0.9818717241287231
1953,2,38,2,later,0.9652431011199951
1953,3,75,2,later,0.9877752661705017
1953,4,113,2,later,0.986937403678894
1954,1,14,2,later,0.9814024567604065
1954,2,38,2,later,0.988560676574707
1954,3,75,2,later,0.987699568271637
1954,4,113,2,later,0.981699526309967
1955,1,14,2,later,0.9835758805274963
1955,2,38,2,later,0.9823707342147827
1955,3,75,2,later,0.9877854585647583
1955,4,113,2,later,0.9764187932014465
1956,1,14,2,later,0.9827332496643066
1956,2,38,2,later,0.9853470325469971
1956,3,75,2,later,0.9876238703727722
1956,4,113,2,later,0.9853360056877136
1957,1,14,2,later,0.9828272461891174
1957,2,38,2,later,0.9874570965766907
1957,3,75,2,later,0.9869674444198608
1957,4,113,2,later,0.9811438918113708
1958,1,14,2,later,0.9825639128684998
1958,2,38,2,later,0.9857373237609863
1958,3,75,2,later,0.9873099327087402
1958,4,113,2,later,0.9878193736076355
1959,1,14,2,later,0.9816162586212158
1959,2,38,2,later,0.9844263195991516
1959,3,75,2,later,0.9873945116996765
1959,4,113,2,later,0.9888796806335449
1960,1,14,2,later,0.982158899307251
1960,2,38,2,later,0.9858134388923645
1960,3,75,2,later,0.9888405203819275
1960,4,113,2,later,0.9889888167381287
1961,1,14,2,later,0.9815290570259094
1961,2,38,2,later,0.9874536991119385
1961,3,75,2,later,0.9879440069198608
1961,4,113,2,later,0.9862442016601562
1962,1,14,2,later,0.9809871315956116
1962,2,38,2,later,0.9848924875259399
1962,3,75,2,later,0.9868013858795166
1962,4,113,2,later,0.9817671179771423
1963,1,14,2,later,0.9813060760498047
1963,2,38,2,later,0.9849016070365906
1963,3,75,2,later,0.9869321584701538
1963,4,113,2,later,0.9868163466453552
1964,1,14,2,later,0.9807099103927612
1964,2,38,2,later,0.9883884191513062
1964,3,75,2,later,0.9872059226036072
1964,4,113,2,later,0.9878717660903931
1965,1,14,2,later,0.9791789650917053
1965,2,38,2,later,0.9904720783233643
1965,3,75,2,later,0.9879886507987976
1965,4,113,2,later,0.9886665344238281
1966,1,14,2,later,0.9802375435829163
1966,2,38,2,later,0.9910061955451965
1966,3,75,2,later,0.9865383505821228
1966,4,113,2,later,0.9910241961479187
1967,1,14,2,later,0.9797985553741455
1967,2,38,2,later,0.9913483262062073
1967,3,75,2,later,0.9855906963348389
1967,4,113,2,later,0.9926924109458923
1968,1,14,2,later,0.9800143837928772
1968,2,38,2,later,0.9907214641571045
1968,3,75,2,later,0.9857695698738098
1968,4,113,2,later,0.9930583238601685
1969,1,14,2,later,0.9796536564826965
1969,2,38,2,later,0.9908544421195984
1969,3,75,2,later,0.9863053560256958
1969,4,113,2,later,0.99221271276474
1970,1,14,2,later,0.9789924025535583
1970,2,38,2,later,0.993192195892334
1970,3,75,2,later,0.9868375062942505
1970,4,113,2,later,0.9931139349937439
1971,1,14,2,later,0.9809865355491638
1971,2,38,2,later,0.9935871958732605
1971,3,75,2,later,0.9861854314804077
1971,4,113,2,later,0.992782711982727
1972,1,14,2,later,0.9801562428474426
1972,2,38,2,later,0.9920941591262817
1972,3,75,2,later,0.9849702715873718
1972,4,113,2,later,0.9919957518577576
1973,1,14,2,later,0.9794096350669861
1973,2,38,2,later,0.9914296269416809
1973,3,75,2,later,0.9852926135063171
1973,4,113,2,later,0.9932734370231628
1974,1,14,2,later,0.9804469347000122
1974,2,38,2,later,0.9914355874061584
1974,3,75,2,later,0.985300600528717
1974,4,113,2,later,0.9939326047897339
1975,1,14,2,later,0.9793084859848022
1975,2,38,2,later,0.9919415712356567
1975,3,75,2,later,0.9850737452507019
1975,4,113,2,later,0.9938410520553589
1976,1,14,2,later,0.9807306528091431
1976,2,38,2,later,0.9914067983627319
1976,3,75,2,later,0.9859223961830139
1976,4,113,2,later,0.9934418797492981
1977,1,14,2,later,0.9805406332015991
1977,2,38,2,later,0.9892368912696838
1977,3,75,2,later,0.9844711422920227
1977,4,113,2,later,0.9928079843521118
1978,1,14,2,later,0.9802863001823425
1978,2,38,2,later,0.9913069009780884
1978,3,75,2,later,0.9842069745063782
1978,4,113,2,later,0.990077555179596
1979,1,14,2,later,0.9803691506385803
1979,2,38,2,later,0.9892181158065796
1979,3,75,2,later,0.9854472875595093
1979,4,113,2,later,0.9912983775138855
1980,1,14,2,later,0.9806826710700989
1980,2,38,2,later,0.9931083917617798
1980,3,75,2,later,0.9854020476341248
1980,4,113,2,later,0.9901071190834045
1981,1,14,2,later,0.9805632829666138
1981,2,38,2,later,0.9932044148445129
1981,3,75,2,later,0.9855709075927734
1981,4,113,2,later,0.9911625981330872
1982,1,14,2,later,0.9807515144348145
1982,2,38,2,later,0.9943749904632568
1982,3,75,2,later,0.9859609007835388
1982,4,113,2,later,0.9908642172813416
1983,1,14,2,later,0.9811877608299255
1983,2,38,2,later,0.9924899935722351
1983,3,75,2,later,0.9872055053710938
1983,4,113,2,later,0.9894014000892639
1984,1,14,2,later,0.9807096719741821
1984,2,38,2,later,0.991695761680603
1984,3,75,2,later,0.9875258207321167
1984,4,113,2,later,0.9886636137962341
1985,1,14,2,later,0.9800373315811157
1985,2,38,2,later,0.9922592043876648
1985,3,75,2,later,0.987718403339386
1985,4,113,2,later,0.9911632537841797
1986,1,14,2,later,0.9802868366241455
1986,2,38,2,later,0.9914684891700745
1986,3,75,2,later,0.9870047569274902
1986,4,113,2,later,0.9898852109909058
1987,1,14,2,later,0.9810255169868469
1987,2,38,2,later,0.9920223951339722
1987,3,75,2,later,0.9870823621749878
1987,4,113,2,later,0.9888819456100464
1988,1,14,2,later,0.9811677932739258
1988,2,38,2,later,0.9900136590003967
1988,3,75,2,later,0.9883483648300171
1988,4,113,2,later,0.9876222014427185
1989,1,14,2,later,0.9810577630996704
1989,2,38,2,later,0.9904037117958069
1989,3,75,2,later,0.9875087738037109
1989,4,113,2,later,0.9888363480567932
1990,1,14,2,later,0.9810027480125427
1990,2,38,2,later,0.9897109866142273
1990,3,75,2,later,0.9880051612854004
1990,4,113,2,later,0.99095219373703
1991,1,14,2,later,0.9799033403396606
1991,2,38,2,later,0.9903813600540161
1991,3,75,2,later,0.9882869720458984
1991,4,113,2,later,0.9904171824455261
1992,1,14,2,later,0.9813145399093628
1992,2,38,2,later,0.9886760711669922
1992,3,75,2,later,0.9878258109092712
1992,4,113,2,later,0.9906705617904663
1993,1,14,2,later,0.9802514314651489
1993,2,38,2,later,0.9886476993560791
1993,3,75,2,later,0.9879396557807922
1993,4,113,2,later,0.9907754063606262
1994,1,14,2,later,0.9812964797019958
1994,2,38,2,later,0.9902045130729675
1994,3,75,2,later,0.9871481657028198
1994,4,113,2,later,0.9904327392578125
1995,1,14,2,later,0.9806784987449646
1995,2,38,2,later,0.9922289848327637
1995,3,75,2,later,0.9874433279037476
1995,4,113,2,later,0.9898882508277893
1996,1,14,2,later,0.9828730821609497
1996,2,38,2,later,0.9917604923248291
1996,3,75,2,later,0.9883590936660767
1996,4,113,2,later,0.9907890558242798
1997,1,14,2,later,0.9825870990753174
1997,2,38,2,later,0.9821346998214722
1997,3,75,2,later,0.9894939064979553
1997,4,113,2,later,0.9914582967758179
1998,1,14,2,later,0.9825487732887268
1998,2,38,2,later,0.9851331114768982
1998,3,75,2,later,0.9894198775291443
1998,4,113,2,later,0.9886965155601501
1999,1,14,2,later,0.9823519587516785
1999,2,38,2,later,0.9815574884414673
1999,3,75,2,later,0.9894763827323914
1999,4,113,2,later,0.9902877807617188
2000,1,14,2,later,0.9822901487350464
2000,2,38,2,later,0.9849780201911926
2000,3,75,2,later,0.9896122813224792
2000,4,113,2,later,0.986420214176178
2001,1,14,2,later,0.982664167881012
2001,2,38,2,later,0.9847403764724731
2001,3,75,2,later,0.9894025921821594
2001,4,113,2,later,0.9860313534736633
2002,1,14,2,later,0.9829162359237671
2002,2,38,2,later,0.9813566207885742
2002,3,75,2,later,0.9894090294837952
2002,4,113,2,later,0.9858951568603516
2003,1,14,2,later,0.9828223586082458
2003,2,38,2,later,0.9683577418327332
2003,3,75,2,later,0.9894059300422668
2003,4,113,2,later,0.9861013293266296
2004,1,14,2,later,0.9827148914337158
2004,2,38,2,later,0.9816566705703735
2004,3,75,2,later,0.9894495010375977
2004,4,113,2,later,0.9856797456741333
2005,1,14,2,later,0.9822121262550354
2005,2,38,2,later,0.9793840646743774
2005,3,75,2,later,0.9900121092796326
2005,4,113,2,later,0.9854757189750671
2006,1,14,2,later,0.9827898144721985
2006,2,38,2,later,0.9848290681838989
2006,3,75,2,later,0.9899019598960876
2006,4,113,2,later,0.9873389601707458
2007,1,14,2,later,0.9826059937477112
2007,2,38,2,later,0.9860721230506897
2007,3,75,2,later,0.9901952743530273
2007,4,113,2,later,0.9875494241714478
2008,1,14,2,later,0.9825000166893005
2008,2,38,2,later,0.9780751466751099
2008,3,75,2,later,0.9897014498710632
2008,4,113,2,later,0.98746657371521
2009,1,14,2,later,0.9825798273086548
2009,2,38,2,later,0.9855349063873291
2009,3,75,2,later,0.9903063178062439
2009,4,113,2,later,0.9862432479858398
2010,1,14,2,later,0.9827291369438171
2010,2,38,2,later,0.9873944520950317
2010,3,75,2,later,0.9896641373634338
2010,4,113,2,later,0.987247109413147
2011,1,14,2,later,0.9830206632614136
2011,2,38,2,later,0.9869623780250549
2011,3,75,2,later,0.9895765781402588
2011,4,113,2,later,0.9849881529808044
2012,1,14,2,later,0.9833081364631653
2012,2,38,2,later,0.9888702630996704
2012,3,75,2,later,0.9904208183288574
2012,4,113,2,later,0.9832592606544495
2013,1,14,2,later,0.9826761484146118
2013,2,38,2,later,0.9899597764015198
2013,3,75,2,later,0.9896653294563293
2013,4,113,2,later,0.9862523078918457
2014,1,14,2,later,0.9826780557632446
2014,2,38,2,later,0.9892224669456482
2014,3,75,2,later,0.990135908126831
2014,4,113,2,later,0.9873027205467224
2015,1,14,2,later,0.982886016368866
2015,2,38,2,later,0.9900697469711304
2015,3,75,2,later,0.9903901219367981
2015,4,113,2,later,0.9880114793777466
2016,1,14,2,later,0.9842537045478821
2016,2,38,2,later,0.9886903762817383
2016,3,75,2,later,0.9887697696685791
2016,4,113,2,later,0.9882087707519531
2017,1,14,2,later,0.9841954708099365
2017,2,38,2,later,0.9891562461853027
2017,3,75,2,later,0.9907529950141907
2017,4,113,2,later,0.9876071214675903
2018,1,14,2,later,0.9848445057868958
2018,2,38,2,later,0.9890788197517395
2018,3,75,2,later,0.9898284673690796
2018,4,113,2,later,0.984900712966919
2019,1,14,2,later,0.9840875864028931
2019,2,38,2,later,0.9888754487037659
2019,3,75,2,later,0.9909830689430237
2019,4,113,2,later,0.9890203475952148
2020,1,14,2,later,0.9831617474555969
2020,2,38,2,later,0.9889321327209473
2020,3,75,2,later,0.9906447529792786
2020,4,113,2,later,0.9888619184494019
2021,1,14,2,later,0.9827256798744202
2021,2,38,2,later,0.9869524240493774
2021,3,75,2,later,0.9901106953620911
2021,4,113,2,later,0.9849849343299866
2022,1,14,2,later,0.9830114245414734
2022,2,38,2,later,0.984984815120697
2022,3,75,2,later,0.989349365234375
2022,4,113,2,later,0.9869586825370789
2023,1,14,2,later,0.983558177947998
2023,2,38,2,later,0.9868087768554688
2023,3,75,2,later,0.9891355037689209
2023,4,113,2,later,0.987459123134613
2024,1,14,2,later,0.9831807017326355
2024,2,38,2,later,0.9894454479217529
2024,3,75,2,later,0.9877988696098328
2024,4,113,2,later,0.9870703816413879
2025,1,14,2,later,0.9833014607429504
2025,2,38,2,later,0.9888778328895569
2025,3,75,2,later,0.9860814213752747
2025,4,113,2,later,0.9875341057777405
2026,1,14,2,later,0.9833186864852905
2026,2,38,2,later,0.9901984333992004
2026,3,75,2,later,0.9855494499206543
2026,4,113,2,later,0.9842424392700195
2027,1,14,2,later,0.9825906753540039
2027,2,38,2,later,0.9896828532218933
2027,3,75,2,later,0.9843307137489319
2027,4,113,2,later,0.9877585768699646
2028,1,14,2,later,0.9819211959838867
2028,2,38,2,later,0.9890798330307007
2028,3,75,2,later,0.9820046424865723
2028,4,113,2,later,0.9862455725669861
2029,1,14,2,later,0.9821363687515259
2029,2,38,2,later,0.9887919425964355
2029,3,75,2,later,0.9814696311950684
2029,4,113,2,later,0.9870110154151917
2030,1,14,2,later,0.9815611243247986
2030,2,38,2,later,0.9902735948562622
2030,3,75,2,later,0.9835957884788513
2030,4,113,2,later,0.9846680164337158
2031,1,14,2,later,0.9822197556495667
2031,2,38,2,later,0.9898191690444946
2031,3,75,2,later,0.9877994656562805
2031,4,113,2,later,0.9836360812187195
2032,1,14,2,later,0.9841822385787964
2032,2,38,2,later,0.9918892979621887
2032,3,75,2,later,0.9860371947288513
2032,4,113,2,later,0.9829624891281128
2033,1,14,2,later,0.983522355556488
2033,2,38,2,later,0.9918729662895203
2033,3,75,2,later,0.9832713007926941
2033,4,113,2,later,0.9851384162902832
2034,1,14,2,later,0.9839192628860474
2034,2,38,2,later,0.9885815978050232
2034,3,75,2,later,0.9869722723960876
2034,4,113,2,later,0.9862324595451355
2035,1,14,2,later,0.9824766516685486
2035,2,38,2,later,0.9898747205734253
2035,3,75,2,later,0.9787383079528809
2035,4,113,2,later,0.9867783188819885
2036,1,14,2,later,0.9837720990180969
2036,2,38,2,later,0.991206169128418
2036,3,75,2,later,0.980404257774353
2036,4,113,2,later,0.9869630932807922
2037,1,14,2,later,0.9828919172286987
2037,2,38,2,later,0.9914610981941223
2037,3,75,2,later,0.9823499321937561
2037,4,113,2,later,0.9848484992980957
2038,1,14,2,later,0.9834911227226257
2038,2,38,2,later,0.9930614233016968
2038,3,75,2,later,0.9843999743461609
2038,4,113,2,later,0.9874277114868164
2039,1,14,2,later,0.98392254114151
2039,2,38,2,later,0.9912613034248352
2039,3,75,2,later,0.9861265420913696
2039,4,113,2,later,0.9874770641326904
2040,1,14,2,later,0.9841657280921936
2040,2,38,2,later,0.9924654364585876
2040,3,75,2,later,0.9908234477043152
2040,4,113,2,later,0.9833019375801086
2041,1,14,2,later,0.9843814969062805
2041,2,38,2,later,0.991447925567627
2041,3,75,2,later,0.9923438429832458
2041,4,113,2,later,0.9842966794967651
2042,1,14,2,later,0.9834370017051697
2042,2,38,2,later,0.9908167123794556
2042,3,75,2,later,0.9911078214645386
2042,4,113,2,later,0.9840916395187378
2043,1,14,2,later,0.9838196635246277
2043,2,38,2,later,0.990790605545044
2043,3,75,2,later,0.9918932318687439
2043,4,113,2,later,0.9858020544052124
2044,1,14,2,later,0.983477771282196
2044,2,38,2,later,0.990172266960144
2044,3,75,2,later,0.9911333918571472
2044,4,113,2,later,0.9886187314987183
2045,1,14,2,later,0.9850081205368042
2045,2,38,2,later,0.9888925552368164
2045,3,75,2,later,0.9937090873718262
2045,4,113,2,later,0.9885623455047607
2046,1,14,2,later,0.9831966757774353
2046,2,38,2,later,0.9896887540817261
2046,3,75,2,later,0.9919649362564087
2046,4,113,2,later,0.9831792116165161
2047,1,14,2,later,0.9860607981681824
2047,2,38,2,later,0.9904234409332275
2047,3,75,2,later,0.9902275204658508
2047,4,113,2,later,0.9813198447227478
2048,1,14,2,later,0.9846813678741455
2048,2,38,2,later,0.9877621531486511
2048,3,75,2,later,0.9885745048522949
2048,4,113,2,later,0.9866964221000671
2049,1,14,2,later,0.9786681532859802
2049,2,38,2,later,0.9865360856056213
2049,3,75,2,later,0.9891514182090759
2049,4,113,2,later,0.9868277311325073
2050,1,14,2,later,0.9782078862190247
2050,2,38,2,later,0.9881628155708313
2050,3,75,2,later,0.9898948073387146
2050,4,113,2,later,0.9875022768974304
2051,1,14,2,later,0.9797068238258362
2051,2,38,2,later,0.9876316785812378
2051,3,75,2,later,0.9900385141372681
2051,4,113,2,later,0.9867193102836609
2052,1,14,2,later,0.9810566306114197
2052,2,38,2,later,0.988382875919342
2052,3,75,2,later,0.9893722534179688
2052,4,113,2,later,0.988203227519989
2053,1,14,2,later,0.9855858683586121
2053,2,38,2,later,0.9881753325462341
2053,3,75,2,later,0.9883918166160583
2053,4,113,2,later,0.9862419366836548
2054,1,14,2,later,0.9818416237831116
2054,2,38,2,later,0.9809703826904297
2054,3,75,2,later,0.9869146347045898
2054,4,113,2,later,0.9871336817741394
2055,1,14,2,later,0.9859246611595154
2055,2,38,2,later,0.989047646522522
2055,3,75,2,later,0.9873101711273193
2055,4,113,2,later,0.9894871115684509
2056,1,14,2,later,0.9851081967353821
2056,2,38,2,later,0.9899652004241943
2056,3,75,2,later,0.9863232374191284
2056,4,113,2,later,0.9868893623352051
2057,1,14,2,later,0.9874438047409058
2057,2,38,2,later,0.987939178943634
2057,3,75,2,later,0.9854360222816467
2057,4,113,2,later,0.9880930185317993
2058,1,14,2,later,0.9864224791526794
2058,2,38,2,later,0.9851303696632385
2058,3,75,2,later,0.9851544499397278
2058,4,113,2,later,0.9879336953163147
2059,1,14,2,later,0.9844833612442017
2059,2,38,2,later,0.9858471751213074
2059,3,75,2,later,0.9860625267028809
2059,4,113,2,later,0.9875442981719971
2060,1,14,2,later,0.9840375781059265
2060,2,38,2,later,0.9851018786430359
2060,3,75,2,later,0.9866371154785156
2060,4,113,2,later,0.9911609888076782
2061,1,14,2,later,0.9827282428741455
2061,2,38,2,later,0.9818917512893677
2061,3,75,2,later,0.9883919358253479
2061,4,113,2,later,0.9899353981018066
2062,1,14,2,later,0.9849196076393127
2062,2,38,2,later,0.9845049977302551
2062,3,75,2,later,0.9891443252563477
2062,4,113,2,later,0.9900464415550232
2063,1,14,2,later,0.9851645827293396
2063,2,38,2,later,0.9737401008605957
2063,3,75,2,later,0.9853826761245728
2063,4,113,2,later,0.9853057861328125
2064,1,14,2,later,0.9850996136665344
2064,2,38,2,later,0.9813459515571594
2064,3,75,2,later,0.9892842769622803
2064,4,113,2,later,0.9865687489509583
2065,1,14,2,later,0.9819754958152771
2065,2,38,2,later,0.9815837740898132
2065,3,75,2,later,0.987652063369751
2065,4,113,2,later,0.9863278865814209
2066,1,14,2,later,0.9818312525749207
2066,2,38,2,later,0.9807087779045105
2066,3,75,2,later,0.9878612756729126
2066,4,113,2,later,0.9851329922676086
2067,1,14,2,later,0.985108494758606
2067,2,38,2,later,0.9805360436439514
2067,3,75,2,later,0.9873438477516174
2067,4,113,2,later,0.9907072186470032
2068,1,14,2,later,0.9827958941459656
2068,2,38,2,later,0.9826690554618835
2068,3,75,2,later,0.9869733452796936
2068,4,113,2,later,0.9912153482437134
2069,1,14,2,later,0.9849764704704285
2069,2,38,2,later,0.983616828918457
2069,3,75,2,later,0.9870976209640503
2069,4,113,2,later,0.9887209534645081
2070,1,14,2,later,0.9834355115890503
2070,2,38,2,later,0.9840285181999207
2070,3,75,2,later,0.9872855544090271
2070,4,113,2,later,0.9900413751602173
2071,1,14,2,later,0.983254611492157
2071,2,38,2,later,0.9870693683624268
2071,3,75,2,later,0.9883782863616943
2071,4,113,2,later,0.9851467609405518
2072,1,14,2,later,0.9838879108428955
2072,2,38,2,later,0.9857064485549927
2072,3,75,2,later,0.9872957468032837
2072,4,113,2,later,0.9887545704841614
2073,1,14,2,later,0.9821608066558838
2073,2,38,2,later,0.9857333898544312
2073,3,75,2,later,0.9876047372817993
2073,4,113,2,later,0.9893662929534912
2074,1,14,2,later,0.981717050075531
2074,2,38,2,later,0.9844288229942322
2074,3,75,2,later,0.9869816303253174
2074,4,113,2,later,0.9890494346618652
2075,1,14,2,later,0.9814683198928833
2075,2,38,2,later,0.9850614070892334
2075,3,75,2,later,0.9878113865852356
2075,4,113,2,later,0.9898249506950378
2076,1,14,2,later,0.9816172122955322
2076,2,38,2,later,0.9867323040962219
2076,3,75,2,later,0.987994372844696
2076,4,113,2,later,0.9861651659011841
2077,1,14,2,later,0.9836645722389221
2077,2,38,2,later,0.9864514470100403
2077,3,75,2,later,0.9882448315620422
2077,4,113,2,later,0.9871383905410767
2078,1,14,2,later,0.9831162095069885
2078,2,38,2,later,0.9883148670196533
2078,3,75,2,later,0.9888010621070862
2078,4,113,2,later,0.9896803498268127
2079,1,14,2,later,0.9824922680854797
2079,2,38,2,later,0.9871759414672852
2079,3,75,2,later,0.987754762172699
2079,4,113,2,later,0.9891459941864014
2080,1,14,2,later,0.9831231832504272
2080,2,38,2,later,0.9859451055526733
2080,3,75,2,later,0.9888268113136292
2080,4,113,2,later,0.9901602864265442
2081,1,14,2,later,0.9847743511199951
2081,2,38,2,later,0.9870717525482178
2081,3,75,2,later,0.9888289570808411
2081,4,113,2,later,0.98954176902771
2082,1,14,2,later,0.9838457107543945
2082,2,38,2,later,0.9868142008781433
2082,3,75,2,later,0.9883984923362732
2082,4,113,2,later,0.986175537109375
2083,1,14,2,later,0.9845278859138489
2083,2,38,2,later,0.9897483587265015
2083,3,75,2,later,0.9890407919883728
2083,4,113,2,later,0.9849849343299866
2084,1,14,2,later,0.982111930847168
2084,2,38,2,later,0.9919785261154175
2084,3,75,2,later,0.9894019961357117
2084,4,113,2,later,0.9881842136383057
2085,1,14,2,later,0.9819489121437073
2085,2,38,2,later,0.9899296760559082
2085,3,75,2,later,0.9862151145935059
2085,4,113,2,later,0.9880012273788452
2086,1,14,2,later,0.984344482421875
2086,2,38,2,later,0.9907002449035645
2086,3,75,2,later,0.9857233166694641
2086,4,113,2,later,0.9869945049285889
2087,1,14,2,later,0.984088122844696
2087,2,38,2,later,0.9896246194839478
2087,3,75,2,later,0.9870041608810425
2087,4,113,2,later,0.9868810176849365
2088,1,14,2,later,0.9829595685005188
2088,2,38,2,later,0.9891645908355713
2088,3,75,2,later,0.9880378842353821
2088,4,113,2,later,0.9903056621551514
2089,1,14,2,later,0.9833817481994629
2089,2,38,2,later,0.9905164837837219
2089,3,75,2,later,0.9915779232978821
2089,4,113,2,later,0.9887522459030151
2090,1,14,2,later,0.9828709363937378
2090,2,38,2,later,0.9917786717414856
2090,3,75,2,later,0.9925908446311951
2090,4,113,2,later,0.9892989993095398
2091,1,14,2,later,0.9840158224105835
2091,2,38,2,later,0.9925922155380249
2091,3,75,2,later,0.9935154914855957
2091,4,113,2,later,0.9891691207885742
2092,1,14,2,later,0.9833669066429138
2092,2,38,2,later,0.9910238981246948
2092,3,75,2,later,0.9938524961471558
2092,4,113,2,later,0.9875710606575012
2093,1,14,2,later,0.9789261817932129
2093,2,38,2,later,0.9902982711791992
2093,3,75,2,later,0.9924845099449158
2093,4,113,2,later,0.9898432493209839
2094,1,14,2,later,0.9815172553062439
2094,2,38,2,later,0.992207944393158
2094,3,75,2,later,0.9943670630455017
2094,4,113,2,later,0.9902231693267822
2095,1,14,2,later,0.9852877855300903
2095,2,38,2,later,0.9911983013153076
2095,3,75,2,later,0.9928128123283386
2095,4,113,2,later,0.9902800917625427
2096,1,14,2,later,0.9868552088737488
2096,2,38,2,later,0.9850755929946899
2096,3,75,2,later,0.9930952787399292
2096,4,113,2,later,0.989585816860199
2097,1,14,2,later,0.9876928329467773
2097,2,38,2,later,0.9805271625518799
2097,3,75,2,later,0.9927035570144653
2097,4,113,2,later,0.9892134070396423
2098,1,14,2,later,0.9899216890335083
2098,2,38,2,later,0.9758695363998413
2098,3,75,2,later,0.9931885600090027
2098,4,113,2,later,0.9880596399307251
2099,1,14,2,later,0.987058699131012
2099,2,38,2,later,0.9772320985794067
2099,3,75,2,later,0.9928109645843506
2099,4,113,2,later,0.9877312779426575
2100,1,14,2,later,0.9887426495552063
2100,2,38,2,later,
2100,3,75,2,later,0.9935963749885559
2100,4,113,2,later,0.9894453883171082
2101,1,14,2,later,0.9853520393371582
2101,2,38,2,later,
2101,3,75,2,later,0.993183434009552
2101,4,113,2,later,0.9897025227546692
2102,1,14,2,later,0.9876340627670288
2102,2,38,2,later,
2102,3,75,2,later,0.9915441870689392
2102,4,113,2,later,0.9881398677825928
2103,1,14,2,later,0.9808346629142761
2103,2,38,2,later,
2103,3,75,2,later,0.9932414889335632
2103,4,113,2,later,0.9896462559700012
2104,1,14,2,later,0.9818615317344666
2104,2,38,2,later,
2104,3,75,2,later,0.9931299090385437
2104,4,113,2,later,0.9888412356376648
2105,1,14,2,later,0.9850951433181763
2105,2,38,2,later,
2105,3,75,2,later,0.9928068518638611
2105,4,113,2,later,0.9875370860099792
2106,1,14,2,later,0.9841340184211731
2106,2,38,2,later,
2106,3,75,2,later,0.9931043386459351
2106,4,113,2,later,0.9894009828567505
2107,1,14,2,later,0.9830738306045532
2107,2,38,2,later,
2107,3,75,2,later,0.991627037525177
2107,4,113,2,later,0.9906499981880188
2108,1,14,2,later,0.9782853126525879
2108,2,38,2,later,
2108,3,75,2,later,0.9914226531982422
2108,4,113,2,later,0.9917961955070496
2109,1,14,2,later,0.9815841317176819
2109,2,38,2,later,
2109,3,75,2,later,0.9922048449516296
2109,4,113,2,later,0.9924570918083191
2110,1,14,2,later,0.9862959384918213
2110,2,38,2,later,
2110,3,75,2,later,0.9919779300689697
2110,4,113,2,later,0.9934982061386108
2111,1,14,2,later,0.9880473017692566
2111,2,38,2,later,
2111,3,75,2,later,0.9909955859184265
2111,4,113,2,later,0.9917555451393127
2112,1,14,2,later,0.9879017472267151
2112,2,38,2,later,
2112,3,75,2,later,0.9923834204673767
2112,4,113,2,later,0.9897848963737488
2113,1,14,2,later,0.9859100580215454
2113,2,38,2,later,
2113,3,75,2,later,0.9907076358795166
2113,4,113,2,later,0.9907317757606506
2114,1,14,2,later,0.987350344657898
2114,2,38,2,later,0.9642952680587769
2114,3,75,2,later,0.9912896752357483
2114,4,113,2,later,0.9925633072853088
2115,1,14,2,later,0.9885064363479614
2115,2,38,2,later,0.9795179963111877
2115,3,75,2,later,0.9903918504714966
2115,4,113,2,later,0.9921537637710571
2116,1,14,2,later,0.9873272776603699
2116,2,38,2,later,0.9693195223808289
2116,3,75,2,later,0.9899975061416626
2116,4,113,2,later,0.9913563132286072
2117,1,14,2,later,0.9880788922309875
2117,2,38,2,later,0.9826186895370483
2117,3,75,2,later,0.9910435080528259
2117,4,113,2,later,0.9909361004829407
2118,1,14,2,later,0.9885499477386475
2118,2,38,2,later,0.981961190700531
2118,3,75,2,later,0.9894878268241882
2118,4,113,2,later,0.991382896900177
2119,1,14,2,later,0.9870954751968384
2119,2,38,2,later,0.9877302050590515
2119,3,75,2,later,0.9892773032188416
2119,4,113,2,later,0.9911198019981384
2120,1,14,2,later,0.9872275590896606
2120,2,38,2,later,0.9859813451766968
2120,3,75,2,later,0.9907984137535095
2120,4,113,2,later,0.9931302666664124
2121,1,14,2,later,0.984162449836731
2121,2,38,2,later,0.9791936874389648
2121,3,75,2,later,0.9893140196800232
2121,4,113,2,later,0.9903841018676758
2122,1,14,2,later,0.9837729334831238
2122,2,38,2,later,0.9857717752456665
2122,3,75,2,later,0.9903532266616821
2122,4,113,2,later,0.9934791922569275
2123,1,14,2,later,0.9843751192092896
2123,2,38,2,later,0.9824116826057434
2123,3,75,2,later,0.9903524518013
2123,4,113,2,later,0.9934481382369995
2124,1,14,2,later,0.9895713329315186
2124,2,38,2,later,0.9829549193382263
2124,3,75,2,later,0.9908827543258667
2124,4,113,2,later,0.9933577179908752
2125,1,14,2,later,0.988446056842804
2125,2,38,2,later,0.9840563535690308
2125,3,75,2,later,0.9893540143966675
2125,4,113,2,later,0.9937885999679565
2126,1,14,2,later,0.9882726669311523
2126,2,38,2,later,0.980917751789093
2126,3,75,2,later,0.9894165396690369
2126,4,113,2,later,0.9914225935935974
2127,1,14,2,later,0.9878655672073364
2127,2,38,2,later,0.9849250316619873
2127,3,75,2,later,0.9878833889961243
2127,4,113,2,later,0.9929541945457458
2128,1,14,2,later,0.9891916513442993
2128,2,38,2,later,0.9790574312210083
2128,3,75,2,later,0.9891766309738159
2128,4,113,2,later,0.9918797016143799
2129,1,14,2,later,0.9876791834831238
2129,2,38,2,later,0.9769679307937622
2129,3,75,2,later,0.9887515902519226
2129,4,113,2,later,0.9937384724617004
2130,1,14,2,later,0.9888345003128052
2130,2,38,2,later,0.9749426245689392
2130,3,75,2,later,0.9867145419120789
2130,4,113,2,later,0.9921236038208008
2131,1,14,2,later,0.9906015396118164
2131,2,38,2,later,0.9779492020606995
2131,3,75,2,later,0.9886031150817871
2131,4,113,2,later,0.99097740650177
2132,1,14,2,later,0.9897280335426331
2132,2,38,2,later,0.979441225528717
2132,3,75,2,later,0.9895088076591492
2132,4,113,2,later,0.9897480607032776
2133,1,14,2,later,0.9911969304084778
2133,2,38,2,later,0.971429705619812
2133,3,75,2,later,0.9883381128311157
2133,4,113,2,later,0.9863236546516418
2134,1,14,2,later,0.9888373017311096
2134,2,38,2,later,0.9803780317306519
2134,3,75,2,later,0.9881302118301392
2134,4,113,2,later,0.988011360168457
2135,1,14,2,later,0.9917358160018921
2135,2,38,2,later,0.9852973818778992
2135,3,75,2,later,0.9880838394165039
2135,4,113,2,later,0.9895103573799133
2136,1,14,2,later,0.9924113750457764
2136,2,38,2,later,0.9845244884490967
2136,3,75,2,later,0.9880209565162659
2136,4,113,2,later,0.9905949234962463
2137,1,14,2,later,0.9930535554885864
2137,2,38,2,later,0.9853577613830566
2137,3,75,2,later,0.9895121455192566
2137,4,113,2,later,0.9893299341201782
2138,1,14,2,later,0.9924300909042358
2138,2,38,2,later,0.985588014125824
2138,3,75,2,later,0.9906937479972839
2138,4,113,2,later,0.9824928045272827
2139,1,14,2,later,0.9915032386779785
2139,2,38,2,later,0.9831005930900574
2139,3,75,2,later,0.990073561668396
2139,4,113,2,later,0.9833634495735168
2140,1,14,2,later,0.9890121817588806
2140,2,38,2,later,0.9856283664703369
2140,3,75,2,later,0.98930823802948
2140,4,113,2,later,0.9861858487129211
2141,1,14,2,later,0.9878286719322205
2141,2,38,2,later,0.9861023426055908
2141,3,75,2,later,0.9881442189216614
2141,4,113,2,later,0.9833746552467346
2142,1,14,2,later,0.9857309460639954
2142,2,38,2,later,0.9845898151397705
2142,3,75,2,later,0.9877370595932007
2142,4,113,2,later,0.982312023639679
2143,1,14,2,later,0.9797104001045227
2143,2,38,2,later,0.9841940999031067
2143,3,75,2,later,0.98794025182724
2143,4,113,2,later,0.9802759289741516
2144,1,14,2,later,0.9777276515960693
2144,2,38,2,later,0.982473611831665
2144,3,75,2,later,0.9884989261627197
2144,4,113,2,later,0.9893582463264465
2145,1,14,2,later,0.9823008179664612
2145,2,38,2,later,0.9829363226890564
2145,3,75,2,later,0.9886282682418823
2145,4,113,2,later,0.9890463352203369
2146,1,14,2,later,0.9829967617988586
2146,2,38,2,later,0.9810614585876465
2146,3,75,2,later,0.988431453704834
2146,4,113,2,later,0.987916111946106
2147,1,14,2,later,0.9790259599685669
2147,2,38,2,later,0.9862144589424133
2147,3,75,2,later,0.989560067653656
2147,4,113,2,later,0.9886796474456787
2148,1,14,2,later,0.9733688831329346
2148,2,38,2,later,0.9840102791786194
2148,3,75,2,later,0.9885552525520325
2148,4,113,2,later,0.9876688718795776
2149,1,14,2,later,0.9773592352867126
2149,2,38,2,later,0.9835753440856934
2149,3,75,2,later,0.988644003868103
2149,4,113,2,later,0.989557147026062
2150,1,14,2,later,0.9796350002288818
2150,2,38,2,later,0.9862671494483948
2150,3,75,2,later,0.9891533851623535
2150,4,113,2,later,0.9881019592285156
2151,1,14,2,later,0.9822218418121338
2151,2,38,2,later,0.9824279546737671
2151,3,75,2,later,0.9891983270645142
2151,4,113,2,later,0.9891762733459473
2152,1,14,2,later,0.9725543260574341
2152,2,38,2,later,0.9830639362335205
2152,3,75,2,later,0.988719642162323
2152,4,113,2,later,0.9858817458152771
2153,1,14,2,later,0.9628445506095886
2153,2,38,2,later,0.9854961633682251
2153,3,75,2,later,0.9899140000343323
2153,4,113,2,later,0.9855256080627441
2154,1,14,2,later,0.9725291728973389
2154,2,38,2,later,0.9856606125831604
2154,3,75,2,later,0.9881170392036438
2154,4,113,2,later,0.9789572358131409
2155,1,14,2,later,0.980477511882782
2155,2,38,2,later,0.9824417233467102
2155,3,75,2,later,0.9895428419113159
2155,4,113,2,later,0.9756487607955933
2156,1,14,2,later,0.9673112034797668
2156,2,38,2,later,0.9797989130020142
2156,3,75,2,later,0.9898594617843628
2156,4,113,2,later,0.9846178889274597
2157,1,14,2,later,0.9593102931976318
2157,2,38,2,later,0.9856114983558655
2157,3,75,2,later,0.9900001883506775
2157,4,113,2,later,0.9884657859802246
2158,1,14,2,later,0.9589216113090515
2158,2,38,2,later,0.9868274331092834
2158,3,75,2,later,0.9898291230201721
2158,4,113,2,later,0.9907047152519226
2159,1,14,2,later,0.9751548767089844
2159,2,38,2,later,0.9880290031433105
2159,3,75,2,later,0.9915745258331299
2159,4,113,2,later,0.9896820187568665
2160,1,14,2,later,0.956430196762085
2160,2,38,2,later,0.9873905181884766
2160,3,75,2,later,0.9918313026428223
2160,4,113,2,later,0.9875425100326538
2161,1,14,2,later,0.9720654487609863
2161,2,38,2,later,0.987356424331665
2161,3,75,2,later,0.9919137358665466
2161,4,113,2,later,0.9868093729019165
2162,1,14,2,later,0.958220899105072
2162,2,38,2,later,0.9884904623031616
2162,3,75,2,later,0.9916067123413086
2162,4,113,2,later,0.9859541654586792
2163,1,14,2,later,0.974883496761322
2163,2,38,2,later,0.9886272549629211
2163,3,75,2,later,0.9926237463951111
2163,4,113,2,later,0.9822304844856262
2164,1,14,2,later,0.9762641787528992
2164,2,38,2,later,0.9893549084663391
2164,3,75,2,later,0.9910847544670105
2164,4,113,2,later,0.9845340847969055
2165,1,14,2,later,0.9643779993057251
2165,2,38,2,later,0.9889735579490662
2165,3,75,2,later,0.9907786250114441
2165,4,113,2,later,0.975703239440918
2166,1,14,2,later,0.9578471183776855
2166,2,38,2,later,0.9881534576416016
2166,3,75,2,later,0.9899192452430725
2166,4,113,2,later,0.9803429841995239
2167,1,14,2,later,0.9678971171379089
2167,2,38,2,later,0.988472044467926
2167,3,75,2,later,0.9901967644691467
2167,4,113,2,later,0.9864411354064941
2168,1,14,2,later,0.9653295278549194
2168,2,38,2,later,0.9878605604171753
2168,3,75,2,later,0.9880439043045044
2168,4,113,2,later,0.9837178587913513
2169,1,14,2,later,0.9708423614501953
2169,2,38,2,later,0.9841740131378174
2169,3,75,2,later,0.9915419816970825
2169,4,113,2,later,0.9856345057487488
2170,1,14,2,later,0.9307107925415039
2170,2,38,2,later,0.9891235828399658
2170,3,75,2,later,0.9732837080955505
2170,4,113,2,later,0.9821237325668335
2171,1,14,2,later,0.9728884100914001
2171,2,38,2,later,0.9871917366981506
2171,3,75,2,later,0.9816177487373352
2171,4,113,2,later,0.9773935675621033
2172,1,14,2,later,0.962123692035675
2172,2,38,2,later,0.9913003444671631
2172,3,75,2,later,0.9763990640640259
2172,4,113,2,later,0.9803720116615295
2173,1,14,2,later,0.978765070438385
2173,2,38,2,later,0.9913799166679382
2173,3,75,2,later,0.9831159114837646
2173,4,113,2,later,0.9798824191093445
2174,1,14,2,later,0.9626613855361938
2174,2,38,2,later,0.99069744348526
2174,3,75,2,later,0.9398019313812256
2174,4,113,2,later,0.9831077456474304
2175,1,14,2,later,0.9682558178901672
2175,2,38,2,later,0.9910982251167297
2175,3,75,2,later,0.9805605411529541
2175,4,113,2,later,0.9819766879081726
2176,1,14,2,later,0.9695287942886353
2176,2,38,2,later,0.9887708425521851
2176,3,75,2,later,0.9327067732810974
2176,4,113,2,later,0.9851803183555603
2177,1,14,2,later,0.9688626527786255
2177,2,38,2,later,0.9912505149841309
2177,3,75,2,later,0.9648938179016113
2177,4,113,2,later,0.9876683950424194
2178,1,14,2,later,0.9419626593589783
2178,2,38,2,later,0.9920321106910706
2178,3,75,2,later,0.9751155972480774
2178,4,113,2,later,0.9889782667160034
2179,1,14,2,later,0.9535840153694153
2179,2,38,2,later,0.9909541606903076
2179,3,75,2,later,0.9853204488754272
2179,4,113,2,later,0.9894651174545288
2180,1,14,2,later,0.9591480493545532
2180,2,38,2,later,0.9908785820007324
2180,3,75,2,later,0.9876168370246887
2180,4,113,2,later,0.9891567826271057
2181,1,14,2,later,0.9714195728302002
2181,2,38,2,later,0.9883779883384705
2181,3,75,2,later,0.9838900566101074
2181,4,113,2,later,0.9898829460144043
2182,1,14,2,later,0.9515496492385864
2182,2,38,2,later,0.9886757731437683
2182,3,75,2,later,0.982964038848877
2182,4,113,2,later,0.9896859526634216
2183,1,14,2,later,0.9688220024108887
2183,2,38,2,later,0.9894371628761292
2183,3,75,2,later,0.9884759783744812
2183,4,113,2,later,0.989703893661499
2184,1,14,2,later,0.9606831669807434
2184,2,38,2,later,0.9908421635627747
2184,3,75,2,later,0.9879891872406006
2184,4,113,2,later,0.9884547591209412
2185,1,14,2,later,0.9599364399909973
2185,2,38,2,later,0.9900450706481934
2185,3,75,2,later,0.9897171258926392
2185,4,113,2,later,0.9894206523895264
2186,1,14,2,later,0.9777666926383972
2186,2,38,2,later,0.9908201694488525
2186,3,75,2,later,0.9901955723762512
2186,4,113,2,later,0.9891401529312134
2187,1,14,2,later,0.9601510763168335
2187,2,38,2,later,0.9897176027297974
2187,3,75,2,later,0.9908439517021179
2187,4,113,2,later,0.9878724813461304
2188,1,14,2,later,0.9494417905807495
2188,2,38,2,later,0.9910489320755005
2188,3,75,2,later,0.9918358325958252
2188,4,113,2,later,0.9860429763793945
2189,1,14,2,later,
2189,2,38,2,later,0.9860718846321106
2189,3,75,2,later,0.9919849038124084
2189,4,113,2,later,0.984722375869751
2190,1,14,2,later,
2190,2,38,2,later,0.9873338341712952
2190,3,75,2,later,0.9919746518135071
2190,4,113,2,later,0.9890063405036926
2191,1,14,2,later,
2191,2,38,2,later,0.9900573492050171
2191,3,75,2,later,0.9918172955513
2191,4,113,2,later,0.9876502752304077
2192,1,14,2,later,
2192,2,38,2,later,0.9865157604217529
2192,3,75,2,later,0.9920871257781982
2192,4,113,2,later,0.9877989888191223
2193,1,14,2,later,
2193,2,38,2,later,0.9843928217887878
2193,3,75,2,later,0.9919890761375427
2193,4,113,2,later,0.9901100993156433
2194,1,14,2,later,
2194,2,38,2,later,0.9829515218734741
2194,3,75,2,later,0.9918450713157654
2194,4,113,2,later,0.9911400079727173
2195,1,14,2,later,
2195,2,38,2,later,0.9810177683830261
2195,3,75,2,later,0.9924477934837341
2195,4,113,2,later,0.9893440008163452
2196,1,14,2,later,
2196,2,38,2,later,0.9761269092559814
2196,3,75,2,later,0.9920873641967773
2196,4,113,2,later,0.9898620247840881
2197,1,14,2,later,
2197,2,38,2,later,0.9852292537689209
2197,3,75,2,later,0.9928833246231079
2197,4,113,2,later,0.9913595914840698
2198,1,14,2,later,
2198,2,38,2,later,0.9847817420959473
2198,3,75,2,later,0.989559531211853
2198,4,113,2,later,0.9878910779953003
2199,1,14,2,later,
2199,2,38,2,later,0.9845384955406189
2199,3,75,2,later,0.9909427165985107
2199,4,113,2,later,0.9882898926734924
2200,1,14,2,later,
2200,2,38,2,later,0.9820203185081482
2200,3,75,2,later,0.9923158884048462
2200,4,113,2,later,0.9880096316337585
2201,1,14,2,later,
2201,2,38,2,later,0.9848271012306213
2201,3,75,2,later,0.9919182658195496
2201,4,113,2,later,0.988193929195404
2202,1,14,2,later,
2202,2,38,2,later,0.9831963181495667
2202,3,75,2,later,0.9913615584373474
2202,4,113,2,later,0.9874905943870544
2203,1,14,2,later,
2203,2,38,2,later,0.9852386116981506
2203,3,75,2,later,0.9928169846534729
2203,4,113,2,later,0.9833202958106995
2204,1,14,2,later,
2204,2,38,2,later,0.9851890206336975
2204,3,75,2,later,0.992570698261261
2204,4,113,2,later,0.9829709529876709
2205,1,14,2,later,
2205,2,38,2,later,0.9824889898300171
2205,3,75,2,later,0.9910060167312622
2205,4,113,2,later,0.9910985231399536
2206,1,14,2,later,
2206,2,38,2,later,0.989130437374115
2206,3,75,2,later,0.9912266135215759
2206,4,113,2,later,0.990302324295044
2207,1,14,2,later,
2207,2,38,2,later,0.9809798002243042
2207,3,75,2,later,0.9905073046684265
2207,4,113,2,later,0.9853439331054688
2208,1,14,2,later,
2208,2,38,2,later,0.9855071902275085
2208,3,75,2,later,0.9886031150817871
2208,4,113,2,later,0.9829379320144653
2209,1,14,2,later,
2209,2,38,2,later,0.9862091541290283
2209,3,75,2,later,0.9799927473068237
2209,4,113,2,later,0.9788053631782532
2210,1,14,2,later,
2210,2,38,2,later,0.9873600602149963
2210,3,75,2,later,0.9902570843696594
2210,4,113,2,later,0.9805884957313538
2211,1,14,2,later,
2211,2,38,2,later,0.9885978698730469
2211,3,75,2,later,0.9829511046409607
2211,4,113,2,later,0.9868004322052002
2212,1,14,2,later,
2212,2,38,2,later,0.9882908463478088
2212,3,75,2,later,0.9879425168037415
2212,4,113,2,later,0.9873027205467224
2213,1,14,2,later,
2213,2,38,2,later,0.9905492067337036
2213,3,75,2,later,0.9844242930412292
2213,4,113,2,later,0.9885225296020508
2214,1,14,2,later,
2214,2,38,2,later,0.9901283383369446
2214,3,75,2,later,0.9856369495391846
2214,4,113,2,later,0.9908890128135681
2215,1,14,2,later,
2215,2,38,2,later,0.9900094270706177
2215,3,75,2,later,0.9866772890090942
2215,4,113,2,later,0.9881432056427002
2216,1,14,2,later,
2216,2,38,2,later,0.9869963526725769
2216,3,75,2,later,0.9866662621498108
2216,4,113,2,later,0.9891390204429626
2217,1,14,2,later,
2217,2,38,2,later,0.9787036180496216
2217,3,75,2,later,0.9867822527885437
2217,4,113,2,later,0.9890931248664856
2218,1,14,2,later,
2218,2,38,2,later,0.9831128716468811
2218,3,75,2,later,0.9872077703475952
2218,4,113,2,later,0.9885952472686768
2219,1,14,2,later,
2219,2,38,2,later,0.98473060131073
2219,3,75,2,later,0.9870864748954773
2219,4,113,2,later,0.9860734343528748
2220,1,14,2,later,
2220,2,38,2,later,0.9834791421890259
2220,3,75,2,later,0.9873380064964294
2220,4,113,2,later,0.9863024950027466
2221,1,14,2,later,
2221,2,38,2,later,0.9815976619720459
2221,3,75,2,later,0.9873108863830566
2221,4,113,2,later,0.9853529334068298
2222,1,14,2,later,
2222,2,38,2,later,0.9845868349075317
2222,3,75,2,later,0.9871577620506287
2222,4,113,2,later,0.9886362552642822
2223,1,14,2,later,
2223,2,38,2,later,0.9881045818328857
2223,3,75,2,later,0.9872602820396423
2223,4,113,2,later,0.9859662652015686
2224,1,14,2,later,
2224,2,38,2,later,0.9848209619522095
2224,3,75,2,later,0.9867779612541199
2224,4,113,2,later,0.9844952821731567
2225,1,14,2,later,
2225,2,38,2,later,0.9891493916511536
2225,3,75,2,later,0.9856712222099304
2225,4,113,2,later,0.9844542741775513
2226,1,14,2,later,
2226,2,38,2,later,0.9892386794090271
2226,3,75,2,later,0.9855353236198425
2226,4,113,2,later,0.9855189323425293
2227,1,14,2,later,
2227,2,38,2,later,0.9842664003372192
2227,3,75,2,later,0.9840896725654602
2227,4,113,2,later,0.9837911128997803
2228,1,14,2,later,
2228,2,38,2,later,0.9815244078636169
2228,3,75,2,later,0.9849055409431458
2228,4,113,2,later,0.9836986064910889
2229,1,14,2,later,
2229,2,38,2,later,0.9866917729377747
2229,3,75,2,later,0.9834244251251221
2229,4,113,2,later,0.9730117917060852
2230,1,14,2,later,
2230,2,38,2,later,0.9921275973320007
2230,3,75,2,later,0.9834649562835693
2230,4,113,2,later,0.9765931367874146
2231,1,14,2,later,
2231,2,38,2,later,0.9912279844284058
2231,3,75,2,later,0.9837651252746582
2231,4,113,2,later,0.9746264219284058
2232,1,14,2,later,
2232,2,38,2,later,0.9857402443885803
2232,3,75,2,later,0.9832468032836914
2232,4,113,2,later,0.9731793403625488
2233,1,14,2,later,
2233,2,38,2,later,0.986656665802002
2233,3,75,2,later,0.9825125336647034
2233,4,113,2,later,0.97325199842453
2234,1,14,2,later,
2234,2,38,2,later,0.989290177822113
2234,3,75,2,later,0.9819452166557312
2234,4,113,2,later,0.974598228931427
2235,1,14,2,later,
2235,2,38,2,later,0.9893022179603577
2235,3,75,2,later,0.9825559854507446
2235,4,113,2,later,0.9827017784118652
2236,1,14,2,later,
2236,2,38,2,later,0.9885613918304443
2236,3,75,2,later,0.9817074537277222
2236,4,113,2,later,0.9855610132217407
2237,1,14,2,later,
2237,2,38,2,later,0.9836738705635071
2237,3,75,2,later,0.981778621673584
2237,4,113,2,later,0.9873326420783997
2238,1,14,2,later,
2238,2,38,2,later,0.9821110367774963
2238,3,75,2,later,0.9811348915100098
2238,4,113,2,later,0.9807395935058594
2239,1,14,2,later,
2239,2,38,2,later,0.9804031252861023
2239,3,75,2,later,0.981427013874054
2239,4,113,2,later,0.9818419814109802
2240,1,14,2,later,
2240,2,38,2,later,0.9880351424217224
2240,3,75,2,later,0.9802495837211609
2240,4,113,2,later,0.9864158034324646
2241,1,14,2,later,
2241,2,38,2,later,0.9839004874229431
2241,3,75,2,later,0.9817231893539429
2241,4,113,2,later,0.9819988012313843
2242,1,14,2,later,
2242,2,38,2,later,0.9837947487831116
2242,3,75,2,later,0.9822907447814941
2242,4,113,2,later,0.9800317883491516
2243,1,14,2,later,
2243,2,38,2,later,0.9842720031738281
2243,3,75,2,later,0.9822562336921692
2243,4,113,2,later,0.9805012941360474
2244,1,14,2,later,
2244,2,38,2,later,0.9791561365127563
2244,3,75,2,later,0.9831235408782959
2244,4,113,2,later,0.978310763835907
2245,1,14,2,later,
2245,2,38,2,later,0.9888452887535095
2245,3,75,2,later,0.9820675849914551
2245,4,113,2,later,0.9810542464256287
2246,1,14,2,later,
2246,2,38,2,later,0.9902622699737549
2246,3,75,2,later,0.9816303849220276
2246,4,113,2,later,0.9837868809700012
2247,1,14,2,later,
2247,2,38,2,later,0.9898830652236938
2247,3,75,2,later,0.9819563627243042
2247,4,113,2,later,0.9865941405296326
2248,1,14,2,later,
2248,2,38,2,later,0.9837347865104675
2248,3,75,2,later,0.9823090434074402
2248,4,113,2,later,0.9831222295761108
2249,1,14,2,later,
2249,2,38,2,later,0.9832977056503296
2249,3,75,2,later,0.9830936193466187
2249,4,113,2,later,0.9780364036560059
1873,1,14,2,earlier,0.9788299798965454
1873,2,38,2,earlier,0.9868857264518738
1873,3,75,2,earlier,0.9906069040298462
1873,4,113,2,earlier,0.9798425436019897
1872,1,14,2,earlier,0.9811931848526001
1872,2,38,2,earlier,0.9873078465461731
1872,3,75,2,earlier,0.9903334975242615
1872,4,113,2,earlier,0.9817150831222534
1871,1,14,2,earlier,0.9820048809051514
1871,2,38,2,earlier,0.9872832298278809
1871,3,75,2,earlier,0.989879846572876
1871,4,113,2,earlier,0.9859695434570312
1870,1,14,2,earlier,0.9823017120361328
1870,2,38,2,earlier,0.9899882674217224
1870,3,75,2,earlier,0.9907143712043762
1870,4,113,2,earlier,0.9777231216430664
1869,1,14,2,earlier,0.9802095293998718
1869,2,38,2,earlier,0.9883922934532166
1869,3,75,2,earlier,0.9908488392829895
1869,4,113,2,earlier,0.9876523017883301
1868,1,14,2,earlier,0.980599045753479
1868,2,38,2,earlier,0.9877082109451294
1868,3,75,2,earlier,0.9901705980300903
1868,4,113,2,earlier,0.9868911504745483
1867,1,14,2,earlier,0.9697719812393188
1867,2,38,2,earlier,0.9854585528373718
1867,3,75,2,earlier,0.9829440116882324
1867,4,113,2,earlier,0.9848529100418091
1866,1,14,2,earlier,0.9766976237297058
1866,2,38,2,earlier,0.9871132373809814
1866,3,75,2,earlier,0.987548828125
1866,4,113,2,earlier,0.9798712134361267
1865,1,14,2,earlier,0.9781832098960876
1865,2,38,2,earlier,0.984314501285553
1865,3,75,2,earlier,0.9874063730239868
1865,4,113,2,earlier,0.9741329550743103
1864,1,14,2,earlier,0.9796444773674011
1864,2,38,2,earlier,0.9861687421798706
1864,3,75,2,earlier,0.9851797819137573
1864,4,113,2,earlier,0.9847987294197083
1863,1,14,2,earlier,0.9756726622581482
1863,2,38,2,earlier,0.9899728298187256
1863,3,75,2,earlier,0.9863922595977783
1863,4,113,2,earlier,0.9823448061943054
1862,1,14,2,earlier,0.9758132696151733
1862,2,38,2,earlier,0.9902764558792114
1862,3,75,2,earlier,0.9888681769371033
1862,4,113,2,earlier,0.9901678562164307
1861,1,14,2,earlier,0.9772059321403503
1861,2,38,2,earlier,0.9895433187484741
1861,3,75,2,earlier,0.9900999665260315
1861,4,113,2,earlier,0.9923085570335388
1860,1,14,2,earlier,0.9764745831489563
1860,2,38,2,earlier,0.9897950291633606
1860,3,75,2,earlier,0.9892603158950806
1860,4,113,2,earlier,0.9878573417663574
1859,1,14,2,earlier,0.975023627281189
1859,2,38,2,earlier,0.9898836016654968
1859,3,75,2,earlier,0.9898785948753357
1859,4,113,2,earlier,0.9842668175697327
1858,1,14,2,earlier,0.9788910150527954
1858,2,38,2,earlier,0.9839857816696167
1858,3,75,2,earlier,0.9878183603286743
1858,4,113,2,earlier,0.9777172207832336
1857,1,14,2,earlier,0.9766127467155457
1857,2,38,2,earlier,0.9866499900817871
1857,3,75,2,earlier,0.983281672000885
1857,4,113,2,earlier,0.98096764087677
1856,1,14,2,earlier,0.9742343425750732
1856,2,38,2,earlier,0.9875441789627075
1856,3,75,2,earlier,0.986750066280365
1856,4,113,2,earlier,0.9839340448379517
1855,1,14,2,earlier,0.9552689790725708
1855,2,38,2,earlier,0.9874798655509949
1855,3,75,2,earlier,0.9856029748916626
1855,4,113,2,earlier,0.9857498407363892
1854,1,14,2,earlier,0.9683466553688049
1854,2,38,2,earlier,0.9896454215049744
1854,3,75,2,earlier,0.9846944808959961
1854,4,113,2,earlier,0.9877281188964844
1853,1,14,2,earlier,0.9697468280792236
1853,2,38,2,earlier,0.988621711730957
1853,3,75,2,earlier,0.9760711789131165
1853,4,113,2,earlier,0.9869194626808167
1852,1,14,2,earlier,0.9714450836181641
1852,2,38,2,earlier,0.9865115284919739
1852,3,75,2,earlier,0.9772403240203857
1852,4,113,2,earlier,0.9880647659301758
1851,1,14,2,earlier,0.9748328924179077
1851,2,38,2,earlier,0.9881550669670105
1851,3,75,2,earlier,0.9817264080047607
1851,4,113,2,earlier,0.9876279830932617
1850,1,14,2,earlier,0.9783559441566467
1850,2,38,2,earlier,0.9848034381866455
1850,3,75,2,earlier,0.989033043384552
1850,4,113,2,earlier,0.9877956509590149
1849,1,14,2,earlier,0.9778998494148254
1849,2,38,2,earlier,0.9848577976226807
1849,3,75,2,earlier,0.9889447689056396
1849,4,113,2,earlier,0.9872995615005493
1848,1,14,2,earlier,0.9809532761573792
1848,2,38,2,earlier,0.9857025742530823
1848,3,75,2,earlier,0.9867067337036133
1848,4,113,2,earlier,0.9874202013015747
1847,1,14,2,earlier,0.9797197580337524
1847,2,38,2,earlier,0.9884453415870667
1847,3,75,2,earlier,0.9871067404747009
1847,4,113,2,earlier,0.9878193140029907
1846,1,14,2,earlier,0.9744789600372314
1846,2,38,2,earlier,0.9863523244857788
1846,3,75,2,earlier,0.9872049689292908
1846,4,113,2,earlier,0.9898676872253418
1845,1,14,2,earlier,0.9746270775794983
1845,2,38,2,earlier,0.987942099571228
1845,3,75,2,earlier,0.9860737919807434
1845,4,113,2,earlier,0.9841049909591675
1844,1,14,2,earlier,0.9581693410873413
1844,2,38,2,earlier,0.9907712340354919
1844,3,75,2,earlier,0.9832532405853271
1844,4,113,2,earlier,0.9824435114860535
1843,1,14,2,earlier,0.9732508659362793
1843,2,38,2,earlier,0.9884059429168701
1843,3,75,2,earlier,0.977815568447113
1843,4,113,2,earlier,0.9847201108932495
1842,1,14,2,earlier,0.9723476767539978
1842,2,38,2,earlier,0.9899840950965881
1842,3,75,2,earlier,0.9713059663772583
1842,4,113,2,earlier,0.9907561540603638
1841,1,14,2,earlier,0.9664838910102844
1841,2,38,2,earlier,0.9867036938667297
1841,3,75,2,earlier,0.9741595387458801
1841,4,113,2,earlier,0.9882223010063171
1840,1,14,2,earlier,0.9638143181800842
1840,2,38,2,earlier,0.9890303015708923
1840,3,75,2,earlier,0.9763633012771606
1840,4,113,2,earlier,0.9905543923377991
1839,1,14,2,earlier,0.9754663705825806
1839,2,38,2,earlier,0.9872296452522278
1839,3,75,2,earlier,0.9814383387565613
1839,4,113,2,earlier,0.9894876480102539
1838,1,14,2,earlier,0.974444568157196
1838,2,38,2,earlier,0.9871336221694946
1838,3,75,2,earlier,0.9798121452331543
1838,4,113,2,earlier,0.9859830141067505
1837,1,14,2,earlier,0.9841881394386292
1837,2,38,2,earlier,0.9840368032455444
1837,3,75,2,earlier,0.9702855944633484
1837,4,113,2,earlier,0.9888964295387268
1836,1,14,2,earlier,0.9837700128555298
1836,2,38,2,earlier,0.9870392084121704
1836,3,75,2,earlier,0.9676994681358337
1836,4,113,2,earlier,0.9866514205932617
1835,1,14,2,earlier,0.9820377826690674
1835,2,38,2,earlier,0.9900033473968506
1835,3,75,2,earlier,0.9799315929412842
1835,4,113,2,earlier,0.9903231859207153
1834,1,14,2,earlier,0.9766574501991272
1834,2,38,2,earlier,0.9867727160453796
1834,3,75,2,earlier,0.9801955819129944
1834,4,113,2,earlier,0.9894882440567017
1833,1,14,2,earlier,0.9778835773468018
1833,2,38,2,earlier,0.9831730127334595
1833,3,75,2,earlier,0.9841240048408508
1833,4,113,2,earlier,0.9867157936096191
1832,1,14,2,earlier,0.9790238738059998
1832,2,38,2,earlier,0.983810544013977
1832,3,75,2,earlier,0.9859722852706909
1832,4,113,2,earlier,0.988569974899292
1831,1,14,2,earlier,0.9786445498466492
1831,2,38,2,earlier,0.9802060127258301
1831,3,75,2,earlier,0.9854629039764404
1831,4,113,2,earlier,0.9859787821769714
1830,1,14,2,earlier,0.9809338450431824
1830,2,38,2,earlier,0.9816473722457886
1830,3,75,2,earlier,0.9818618893623352
1830,4,113,2,earlier,0.9874531626701355
1829,1,14,2,earlier,0.9774224758148193
1829,2,38,2,earlier,0.9800426363945007
1829,3,75,2,earlier,0.9822192788124084
1829,4,113,2,earlier,0.9881525635719299
1828,1,14,2,earlier,0.9846700429916382
1828,2,38,2,earlier,0.9838865995407104
1828,3,75,2,earlier,0.982673704624176
1828,4,113,2,earlier,0.9908713698387146
1827,1,14,2,earlier,0.9784708023071289
1827,2,38,2,earlier,0.9798797965049744
1827,3,75,2,earlier,0.9833683371543884
1827,4,113,2,earlier,0.9909922480583191
1826,1,14,2,earlier,0.9814234972000122
1826,2,38,2,earlier,0.9720080494880676
1826,3,75,2,earlier,0.9813473224639893
1826,4,113,2,earlier,0.9867468476295471
1825,1,14,2,earlier,0.9820684790611267
1825,2,38,2,earlier,0.9825008511543274
1825,3,75,2,earlier,0.9800986051559448
1825,4,113,2,earlier,0.9855365753173828
1824,1,14,2,earlier,0.9844737648963928
1824,2,38,2,earlier,0.9801942706108093
1824,3,75,2,earlier,0.9803118109703064
1824,4,113,2,earlier,0.987740159034729
1823,1,14,2,earlier,0.9859153032302856
1823,2,38,2,earlier,0.9860767722129822
1823,3,75,2,earlier,0.9842398166656494
1823,4,113,2,earlier,0.9875734448432922
1822,1,14,2,earlier,0.9857219457626343
1822,2,38,2,earlier,0.9888226985931396
1822,3,75,2,earlier,0.9891589879989624
1822,4,113,2,earlier,0.9850966334342957
1821,1,14,2,earlier,0.9852614998817444
1821,2,38,2,earlier,0.9900097846984863
1821,3,75,2,earlier,0.9892336130142212
1821,4,113,2,earlier,0.983749508857727
1820,1,14,2,earlier,0.9872507452964783
1820,2,38,2,earlier,0.9796299934387207
1820,3,75,2,earlier,0.9902138710021973
1820,4,113,2,earlier,0.9877892732620239
1819,1,14,2,earlier,0.9797790050506592
1819,2,38,2,earlier,0.9850861430168152
1819,3,75,2,earlier,0.987823486328125
1819,4,113,2,earlier,0.987607479095459
1818,1,14,2,earlier,0.9909579753875732
1818,2,38,2,earlier,0.9872958064079285
1818,3,75,2,earlier,0.9864722490310669
1818,4,113,2,earlier,0.9873324632644653
1817,1,14,2,earlier,0.9833734631538391
1817,2,38,2,earlier,0.9868249893188477
1817,3,75,2,earlier,0.987406849861145
1817,4,113,2,earlier,0.9873974323272705
1816,1,14,2,earlier,0.988863468170166
1816,2,38,2,earlier,0.986065149307251
1816,3,75,2,earlier,0.9887339472770691
1816,4,113,2,earlier,0.9868089556694031
1815,1,14,2,earlier,0.987471878528595
1815,2,38,2,earlier,0.9872082471847534
1815,3,75,2,earlier,0.9887039065361023
1815,4,113,2,earlier,0.9875460267066956
1814,1,14,2,earlier,0.9644922614097595
1814,2,38,2,earlier,0.985338032245636
1814,3,75,2,earlier,0.9893063902854919
1814,4,113,2,earlier,0.9873518943786621
1813,1,14,2,earlier,0.9738425612449646
1813,2,38,2,earlier,0.9854766130447388
1813,3,75,2,earlier,0.9907408952713013
1813,4,113,2,earlier,0.9878585338592529
1812,1,14,2,earlier,0.9727129936218262
1812,2,38,2,earlier,0.9875419735908508
1812,3,75,2,earlier,0.9906147718429565
1812,4,113,2,earlier,0.9879018068313599
1811,1,14,2,earlier,0.9801921248435974
1811,2,38,2,earlier,0.9875232577323914
1811,3,75,2,earlier,0.9911586046218872
1811,4,113,2,earlier,0.9885153770446777
1810,1,14,2,earlier,0.9799519181251526
1810,2,38,2,earlier,0.9884130954742432
1810,3,75,2,earlier,0.9897621870040894
1810,4,113,2,earlier,0.9864813685417175
1809,1,14,2,earlier,0.9847694039344788
1809,2,38,2,earlier,0.986306369304657
1809,3,75,2,earlier,0.9911233186721802
1809,4,113,2,earlier,0.9874706864356995
1808,1,14,2,earlier,0.9793019890785217
1808,2,38,2,earlier,0.9866145253181458
1808,3,75,2,earlier,0.9898512959480286
1808,4,113,2,earlier,0.98793625831604
1807,1,14,2,earlier,0.9850149154663086
1807,2,38,2,earlier,0.9862627387046814
1807,3,75,2,earlier,0.9913094639778137
1807,4,113,2,earlier,0.9872867465019226
1806,1,14,2,earlier,0.9846153855323792
1806,2,38,2,earlier,0.988517165184021
1806,3,75,2,earlier,0.9908148050308228
1806,4,113,2,earlier,0.9884659051895142
1805,1,14,2,earlier,0.9853276610374451
1805,2,38,2,earlier,0.9874235391616821
1805,3,75,2,earlier,0.9913334250450134
1805,4,113,2,earlier,0.9878816604614258
1804,1,14,2,earlier,0.9845256209373474
1804,2,38,2,earlier,0.9888261556625366
1804,3,75,2,earlier,0.9908105731010437
1804,4,113,2,earlier,0.9873059988021851
1803,1,14,2,earlier,0.9849922060966492
1803,2,38,2,earlier,0.9839852452278137
1803,3,75,2,earlier,0.9906798601150513
1803,4,113,2,earlier,0.9885767102241516
1802,1,14,2,earlier,0.9834872484207153
1802,2,38,2,earlier,0.983806848526001
1802,3,75,2,earlier,0.9904994368553162
1802,4,113,2,earlier,0.9897853136062622
1801,1,14,2,earlier,0.9885256290435791
1801,2,38,2,earlier,0.981330394744873
1801,3,75,2,earlier,0.9899700284004211
1801,4,113,2,earlier,0.9901620149612427
1800,1,14,2,earlier,0.9876172542572021
1800,2,38,2,earlier,0.9821431040763855
1800,3,75,2,earlier,0.9908859729766846
1800,4,113,2,earlier,0.9890860915184021
1799,1,14,2,earlier,0.9745643138885498
1799,2,38,2,earlier,0.9809920191764832
1799,3,75,2,earlier,0.9912698268890381
1799,4,113,2,earlier,0.9885525107383728
1798,1,14,2,earlier,0.9763720631599426
1798,2,38,2,earlier,0.9854649901390076
1798,3,75,2,earlier,0.9906078577041626
1798,4,113,2,earlier,0.9890438318252563
1797,1,14,2,earlier,0.9773106575012207
1797,2,38,2,earlier,0.9862610697746277
1797,3,75,2,earlier,0.9906132817268372
1797,4,113,2,earlier,0.9851230382919312
1796,1,14,2,earlier,0.9748470783233643
1796,2,38,2,earlier,0.9847769737243652
1796,3,75,2,earlier,0.9918575882911682
1796,4,113,2,earlier,0.9827331900596619
1795,1,14,2,earlier,0.9761936068534851
1795,2,38,2,earlier,0.9753677845001221
1795,3,75,2,earlier,0.9916206002235413
1795,4,113,2,earlier,0.983498215675354
1794,1,14,2,earlier,0.9843320250511169
1794,2,38,2,earlier,0.9781777262687683
1794,3,75,2,earlier,0.9905626773834229
1794,4,113,2,earlier,0.9824326038360596
1793,1,14,2,earlier,0.9815065860748291
1793,2,38,2,earlier,0.9779633283615112
1793,3,75,2,earlier,0.9905984997749329
1793,4,113,2,earlier,0.9835363626480103
1792,1,14,2,earlier,0.986240029335022
1792,2,38,2,earlier,0.9821928143501282
1792,3,75,2,earlier,0.9917096495628357
1792,4,113,2,earlier,0.9847789406776428
1791,1,14,2,earlier,0.9862938523292542
1791,2,38,2,earlier,0.9828522205352783
1791,3,75,2,earlier,0.990985095500946
1791,4,113,2,earlier,0.9847933053970337
1790,1,14,2,earlier,0.9874855279922485
1790,2,38,2,earlier,0.9826686978340149
1790,3,75,2,earlier,0.989524781703949
1790,4,113,2,earlier,0.9850777983665466
1789,1,14,2,earlier,0.9854395389556885
1789,2,38,2,earlier,0.9793652892112732
1789,3,75,2,earlier,0.9900799989700317
1789,4,113,2,earlier,0.9850625991821289
1788,1,14,2,earlier,0.9857255220413208
1788,2,38,2,earlier,0.9752341508865356
1788,3,75,2,earlier,0.9882838726043701
1788,4,113,2,earlier,0.9850103259086609
1787,1,14,2,earlier,0.98607337474823
1787,2,38,2,earlier,0.986007809638977
1787,3,75,2,earlier,0.9873594641685486
1787,4,113,2,earlier,0.9865797162055969
1786,1,14,2,earlier,0.9856070876121521
1786,2,38,2,earlier,0.9851256608963013
1786,3,75,2,earlier,0.9871905446052551
1786,4,113,2,earlier,0.9838440418243408
1785,1,14,2,earlier,0.9841800928115845
1785,2,38,2,earlier,0.9777887463569641
1785,3,75,2,earlier,0.989829957485199
1785,4,113,2,earlier,0.9822691082954407
1784,1,14,2,earlier,0.9773430228233337
1784,2,38,2,earlier,0.9762855768203735
1784,3,75,2,earlier,0.9895630478858948
1784,4,113,2,earlier,0.9851431846618652
1783,1,14,2,earlier,0.9832789897918701
1783,2,38,2,earlier,0.975443959236145
1783,3,75,2,earlier,0.9898872375488281
1783,4,113,2,earlier,0.986339271068573
1782,1,14,2,earlier,0.9840039610862732
1782,2,38,2,earlier,0.9796050190925598
1782,3,75,2,earlier,0.9892910122871399
1782,4,113,2,earlier,0.9851727485656738
1781,1,14,2,earlier,0.9840608835220337
1781,2,38,2,earlier,0.986115038394928
1781,3,75,2,earlier,0.9888034462928772
1781,4,113,2,earlier,0.9884048700332642
1780,1,14,2,earlier,0.9847720861434937
1780,2,38,2,earlier,0.9752788543701172
1780,3,75,2,earlier,0.9877620935440063
1780,4,113,2,earlier,0.9880500435829163
1779,1,14,2,earlier,0.9840906262397766
1779,2,38,2,earlier,0.9761006832122803
1779,3,75,2,earlier,0.9861595630645752
1779,4,113,2,earlier,0.9869487881660461
1778,1,14,2,earlier,0.9864615797996521
1778,2,38,2,earlier,0.975286602973938
1778,3,75,2,earlier,0.9864287376403809
1778,4,113,2,earlier,0.987876832485199
1777,1,14,2,earlier,0.9855722188949585
1777,2,38,2,earlier,0.9870336055755615
1777,3,75,2,earlier,0.9862603545188904
1777,4,113,2,earlier,0.9883133769035339
1776,1,14,2,earlier,0.9846882820129395
1776,2,38,2,earlier,0.9888477325439453
1776,3,75,2,earlier,0.9862543344497681
1776,4,113,2,earlier,0.9879792928695679
1775,1,14,2,earlier,0.9794302582740784
1775,2,38,2,earlier,0.9855229258537292
1775,3,75,2,earlier,0.9875200390815735
1775,4,113,2,earlier,0.9861385226249695
1774,1,14,2,earlier,0.9861577153205872
1774,2,38,2,earlier,0.9848260283470154
1774,3,75,2,earlier,0.9882323741912842
1774,4,113,2,earlier,0.9877332448959351
1773,1,14,2,earlier,0.9868574142456055
1773,2,38,2,earlier,0.9841638803482056
1773,3,75,2,earlier,0.9888743758201599
1773,4,113,2,earlier,0.9870393872261047
1772,1,14,2,earlier,0.9898693561553955
1772,2,38,2,earlier,0.9751033782958984
1772,3,75,2,earlier,0.9869158864021301
1772,4,113,2,earlier,0.9889732003211975
1771,1,14,2,earlier,0.9888849854469299
1771,2,38,2,earlier,0.9897782802581787
1771,3,75,2,earlier,0.9897165298461914
1771,4,113,2,earlier,0.9919481873512268
1770,1,14,2,earlier,0.9853487610816956
1770,2,38,2,earlier,0.9869852662086487
1770,3,75,2,earlier,0.9905056357383728
1770,4,113,2,earlier,0.9906828999519348
1769,1,14,2,earlier,0.9817816615104675
1769,2,38,2,earlier,0.9874758720397949
1769,3,75,2,earlier,0.9887341260910034
1769,4,113,2,earlier,0.9923836588859558
1768,1,14,2,earlier,0.9859459400177002
1768,2,38,2,earlier,0.9856211543083191
1768,3,75,2,earlier,0.9884225726127625
1768,4,113,2,earlier,0.9922460913658142
1767,1,14,2,earlier,0.9885079860687256
1767,2,38,2,earlier,0.9882690906524658
1767,3,75,2,earlier,0.9906526207923889
1767,4,113,2,earlier,0.9900283217430115
1766,1,14,2,earlier,0.9892378449440002
1766,2,38,2,earlier,0.9869003891944885
1766,3,75,2,earlier,0.9900453686714172
1766,4,113,2,earlier,0.9916792511940002
1765,1,14,2,earlier,0.9915528893470764
1765,2,38,2,earlier,0.9874842166900635
1765,3,75,2,earlier,0.98984295129776
1765,4,113,2,earlier,0.9916270971298218
1764,1,14,2,earlier,0.9917387366294861
1764,2,38,2,earlier,0.9884681105613708
1764,3,75,2,earlier,0.9895089864730835
1764,4,113,2,earlier,0.9911156892776489
1763,1,14,2,earlier,0.9893210530281067
1763,2,38,2,earlier,0.9854949116706848
1763,3,75,2,earlier,0.9905277490615845
1763,4,113,2,earlier,0.9905709624290466
1762,1,14,2,earlier,0.9915876984596252
1762,2,38,2,earlier,0.9890657067298889
1762,3,75,2,earlier,0.9903508424758911
1762,4,113,2,earlier,0.9915745854377747
1761,1,14,2,earlier,0.9882402420043945
1761,2,38,2,earlier,0.9888964295387268
1761,3,75,2,earlier,0.9910868406295776
1761,4,113,2,earlier,0.9919009804725647
1760,1,14,2,earlier,0.9869898557662964
1760,2,38,2,earlier,0.9903337955474854
1760,3,75,2,earlier,0.9912579655647278
1760,4,113,2,earlier,0.9905195832252502
1759,1,14,2,earlier,0.9885895252227783
1759,2,38,2,earlier,0.9863706827163696
1759,3,75,2,earlier,0.9916129112243652
1759,4,113,2,earlier,0.9905696511268616
1758,1,14,2,earlier,0.988213300704956
1758,2,38,2,earlier,0.9858078360557556
1758,3,75,2,earlier,0.9913284182548523
1758,4,113,2,earlier,0.988086462020874
1757,1,14,2,earlier,0.9915015697479248
1757,2,38,2,earlier,0.9857183694839478
1757,3,75,2,earlier,0.9904517531394958
1757,4,113,2,earlier,0.9875834584236145
1756,1,14,2,earlier,0.9858502149581909
1756,2,38,2,earlier,0.9868831634521484
1756,3,75,2,earlier,0.9880266189575195
1756,4,113,2,earlier,0.9863649010658264
1755,1,14,2,earlier,0.9900060892105103
1755,2,38,2,earlier,0.9868447184562683
1755,3,75,2,earlier,0.9888898730278015
1755,4,113,2,earlier,0.9882791042327881
1754,1,14,2,earlier,0.9844592213630676
1754,2,38,2,earlier,0.9886606931686401
1754,3,75,2,earlier,0.9885801076889038
1754,4,113,2,earlier,0.9836248159408569
1753,1,14,2,earlier,0.9866605997085571
1753,2,38,2,earlier,0.9909264445304871
1753,3,75,2,earlier,0.9895042181015015
1753,4,113,2,earlier,0.9860048294067383
1752,1,14,2,earlier,0.9888792634010315
1752,2,38,2,earlier,0.991537868976593
1752,3,75,2,earlier,0.990058183670044
1752,4,113,2,earlier,0.9880908131599426
1751,1,14,2,earlier,0.9854202270507812
1751,2,38,2,earlier,0.9915165901184082
1751,3,75,2,earlier,0.9915354251861572
1751,4,113,2,earlier,0.9793040156364441
1750,1,14,2,earlier,0.9832422733306885
1750,2,38,2,earlier,0.990841269493103
1750,3,75,2,earlier,0.9898578524589539
1750,4,113,2,earlier,0.982283890247345
1749,1,14,2,earlier,0.9773647785186768
1749,2,38,2,earlier,0.9905925989151001
1749,3,75,2,earlier,0.9881953597068787
1749,4,113,2,earlier,0.9820324182510376
1748,1,14,2,earlier,0.9796199202537537
1748,2,38,2,earlier,0.9894982576370239
1748,3,75,2,earlier,0.9885370135307312
1748,4,113,2,earlier,0.9751431941986084
1747,1,14,2,earlier,0.9834583401679993
1747,2,38,2,earlier,0.9874143600463867
1747,3,75,2,earlier,0.9865095615386963
1747,4,113,2,earlier,0.9754838347434998
1746,1,14,2,earlier,0.9821233153343201
1746,2,38,2,earlier,0.9863893985748291
1746,3,75,2,earlier,0.9836203455924988
1746,4,113,2,earlier,0.9778350591659546
1745,1,14,2,earlier,0.9858762621879578
1745,2,38,2,earlier,0.9918102025985718
1745,3,75,2,earlier,0.9907888770103455
1745,4,113,2,earlier,0.9792155027389526
1744,1,14,2,earlier,0.9834093451499939
1744,2,38,2,earlier,0.9863781929016113
1744,3,75,2,earlier,0.9903799295425415
1744,4,113,2,earlier,0.978760302066803
1743,1,14,2,earlier,0.9873514771461487
1743,2,38,2,earlier,0.9842774868011475
1743,3,75,2,earlier,0.9901812076568604
1743,4,113,2,earlier,0.9804379940032959
1742,1,14,2,earlier,0.9864073395729065
1742,2,38,2,earlier,0.9837290644645691
1742,3,75,2,earlier,0.9885600209236145
1742,4,113,2,earlier,0.9767428636550903
1741,1,14,2,earlier,0.9872863292694092
1741,2,38,2,earlier,0.9861201047897339
1741,3,75,2,earlier,0.9875193238258362
1741,4,113,2,earlier,0.9841047525405884
1740,1,14,2,earlier,0.987610936164856
1740,2,38,2,earlier,0.9872838854789734
1740,3,75,2,earlier,0.9888798594474792
1740,4,113,2,earlier,0.9840394854545593
1739,1,14,2,earlier,0.9878305196762085
1739,2,38,2,earlier,0.9823256134986877
1739,3,75,2,earlier,0.9905710220336914
1739,4,113,2,earlier,0.9856849908828735
1738,1,14,2,earlier,0.9871158003807068
1738,2,38,2,earlier,0.9835760593414307
1738,3,75,2,earlier,0.9888256788253784
1738,4,113,2,earlier,0.984765887260437
1737,1,14,2,earlier,0.9880728125572205
1737,2,38,2,earlier,0.9770181179046631
1737,3,75,2,earlier,0.9909742474555969
1737,4,113,2,earlier,0.9805319309234619
1736,1,14,2,earlier,0.9885455965995789
1736,2,38,2,earlier,0.9838026165962219
1736,3,75,2,earlier,0.9890271425247192
1736,4,113,2,earlier,0.966837465763092
1735,1,14,2,earlier,0.9882594347000122
1735,2,38,2,earlier,0.9828981161117554
1735,3,75,2,earlier,0.9887862801551819
1735,4,113,2,earlier,0.9764354228973389
1734,1,14,2,earlier,0.9883133172988892
1734,2,38,2,earlier,0.9840525984764099
1734,3,75,2,earlier,0.9894585609436035
1734,4,113,2,earlier,0.9800394773483276
1733,1,14,2,earlier,0.9881448149681091
1733,2,38,2,earlier,0.9893546104431152
1733,3,75,2,earlier,0.9893671870231628
1733,4,113,2,earlier,0.9796141982078552
1732,1,14,2,earlier,0.9882065057754517
1732,2,38,2,earlier,0.9901045560836792
1732,3,75,2,earlier,0.9891648292541504
1732,4,113,2,earlier,0.9868952035903931
1731,1,14,2,earlier,0.9890786409378052
1731,2,38,2,earlier,0.9908571243286133
1731,3,75,2,earlier,0.9884983897209167
1731,4,113,2,earlier,0.9845569729804993
1730,1,14,2,earlier,0.9892975091934204
1730,2,38,2,earlier,0.9850642681121826
1730,3,75,2,earlier,0.9891456365585327
1730,4,113,2,earlier,0.9816601872444153
1729,1,14,2,earlier,0.9888440370559692
1729,2,38,2,earlier,0.9861699342727661
1729,3,75,2,earlier,0.9892612099647522
1729,4,113,2,earlier,0.9821673631668091
1728,1,14,2,earlier,0.9882398247718811
1728,2,38,2,earlier,0.9833797812461853
1728,3,75,2,earlier,0.9892186522483826
1728,4,113,2,earlier,0.9830458164215088
1727,1,14,2,earlier,0.9885578751564026
1727,2,38,2,earlier,0.9845425486564636
1727,3,75,2,earlier,0.9902788400650024
1727,4,113,2,earlier,0.9772926568984985
1726,1,14,2,earlier,0.9889636635780334
1726,2,38,2,earlier,0.9882602691650391
1726,3,75,2,earlier,0.9904637932777405
1726,4,113,2,earlier,0.9815031290054321
1725,1,14,2,earlier,0.9895187616348267
1725,2,38,2,earlier,0.9858987927436829
1725,3,75,2,earlier,0.9904456734657288
1725,4,113,2,earlier,0.9801095128059387
1724,1,14,2,earlier,0.9887031316757202
1724,2,38,2,earlier,0.986223042011261
1724,3,75,2,earlier,0.9897360801696777
1724,4,113,2,earlier,0.9770784974098206
1723,1,14,2,earlier,0.9896580576896667
1723,2,38,2,earlier,0.9853747487068176
1723,3,75,2,earlier,0.9901931881904602
1723,4,113,2,earlier,0.9811752438545227
1722,1,14,2,earlier,0.9891678094863892
1722,2,38,2,earlier,0.984508752822876
1722,3,75,2,earlier,0.9905617833137512
1722,4,113,2,earlier,0.9808952808380127
1721,1,14,2,earlier,0.9891064763069153
1721,2,38,2,earlier,0.9890181422233582
1721,3,75,2,earlier,0.9891182780265808
1721,4,113,2,earlier,0.9865872859954834
1720,1,14,2,earlier,0.9891770482063293
1720,2,38,2,earlier,0.9828982949256897
1720,3,75,2,earlier,0.9894282221794128
1720,4,113,2,earlier,0.9786939024925232
1719,1,14,2,earlier,0.9882986545562744
1719,2,38,2,earlier,0.9852355122566223
1719,3,75,2,earlier,0.9899451732635498
1719,4,113,2,earlier,0.9836889505386353
1718,1,14,2,earlier,0.989189863204956
1718,2,38,2,earlier,0.9860542416572571
1718,3,75,2,earlier,0.9907100200653076
1718,4,113,2,earlier,0.9886887073516846
1717,1,14,2,earlier,0.9886817932128906
1717,2,38,2,earlier,0.9799203872680664
1717,3,75,2,earlier,0.9899244904518127
1717,4,113,2,earlier,0.988455057144165
1716,1,14,2,earlier,0.9883304238319397
1716,2,38,2,earlier,0.9839178323745728
1716,3,75,2,earlier,0.9897743463516235
1716,4,113,2,earlier,0.9880464673042297
1715,1,14,2,earlier,0.987940788269043
1715,2,38,2,earlier,0.9817333817481995
1715,3,75,2,earlier,0.9897529482841492
1715,4,113,2,earlier,0.9904316067695618
1714,1,14,2,earlier,0.9884589314460754
1714,2,38,2,earlier,0.983618438243866
1714,3,75,2,earlier,0.9890608191490173
1714,4,113,2,earlier,0.9904406666755676
1713,1,14,2,earlier,0.9885416030883789
1713,2,38,2,earlier,0.9871180653572083
1713,3,75,2,earlier,0.9898011088371277
1713,4,113,2,earlier,0.9903914332389832
1712,1,14,2,earlier,0.9886420965194702
1712,2,38,2,earlier,0.9911912083625793
1712,3,75,2,earlier,0.9897390604019165
1712,4,113,2,earlier,0.9907075762748718
1711,1,14,2,earlier,0.9883532524108887
1711,2,38,2,earlier,0.9907045960426331
1711,3,75,2,earlier,0.9903164505958557
1711,4,113,2,earlier,0.9870929718017578
1710,1,14,2,earlier,0.9885162711143494
1710,2,38,2,earlier,0.9892117977142334
1710,3,75,2,earlier,0.9898398518562317
1710,4,113,2,earlier,0.9853741526603699
1709,1,14,2,earlier,0.988107442855835
1709,2,38,2,earlier,0.9889018535614014
1709,3,75,2,earlier,0.9902035593986511
1709,4,113,2,earlier,0.9881924986839294
1708,1,14,2,earlier,0.9880027174949646
1708,2,38,2,earlier,0.9890367388725281
1708,3,75,2,earlier,0.9906628727912903
1708,4,113,2,earlier,0.9883953928947449
1707,1,14,2,earlier,0.9880168437957764
1707,2,38,2,earlier,0.9890609979629517
1707,3,75,2,earlier,0.990666925907135
1707,4,113,2,earlier,0.9896563291549683
1706,1,14,2,earlier,0.9873936772346497
1706,2,38,2,earlier,0.9888858199119568
1706,3,75,2,earlier,0.9906311631202698
1706,4,113,2,earlier,0.9879298806190491
1705,1,14,2,earlier,0.987083911895752
1705,2,38,2,earlier,0.9891724586486816
1705,3,75,2,earlier,0.9899775385856628
1705,4,113,2,earlier,0.9891389012336731
1704,1,14,2,earlier,0.9866405725479126
1704,2,38,2,earlier,0.9892311692237854
1704,3,75,2,earlier,0.9893483519554138
1704,4,113,2,earlier,0.9882598519325256
1703,1,14,2,earlier,0.9854341745376587
1703,2,38,2,earlier,0.989127516746521
1703,3,75,2,earlier,0.9895866513252258
1703,4,113,2,earlier,0.9906509518623352
1702,1,14,2,earlier,0.9847779870033264
1702,2,38,2,earlier,0.988998532295227
1702,3,75,2,earlier,0.989902138710022
1702,4,113,2,earlier,0.9910349249839783
1701,1,14,2,earlier,0.9797720909118652
1701,2,38,2,earlier,0.9886311292648315
1701,3,75,2,earlier,0.9898671507835388
1701,4,113,2,earlier,0.990237295627594
1700,1,14,2,earlier,0.9815948605537415
1700,2,38,2,earlier,0.9888703227043152
1700,3,75,2,earlier,0.989596426486969
1700,4,113,2,earlier,0.9879586696624756
1699,1,14,2,earlier,0.9806346893310547
1699,2,38,2,earlier,0.9889020323753357
1699,3,75,2,earlier,0.9890972971916199
1699,4,113,2,earlier,0.9893727898597717
1698,1,14,2,earlier,0.9755880236625671
1698,2,38,2,earlier,0.9886177778244019
1698,3,75,2,earlier,0.9908373355865479
1698,4,113,2,earlier,0.9884039759635925
1697,1,14,2,earlier,0.9856671094894409
1697,2,38,2,earlier,0.9889110326766968
1697,3,75,2,earlier,0.9905737638473511
1697,4,113,2,earlier,0.9886069893836975
1696,1,14,2,earlier,0.9873429536819458
1696,2,38,2,earlier,0.9888818264007568
1696,3,75,2,earlier,0.9904969930648804
1696,4,113,2,earlier,0.986974835395813
1695,1,14,2,earlier,0.9815981984138489
1695,2,38,2,earlier,0.9878992438316345
1695,3,75,2,earlier,0.9895171523094177
1695,4,113,2,earlier,0.9808278679847717
1694,1,14,2,earlier,0.9816317558288574
1694,2,38,2,earlier,0.9877064824104309
1694,3,75,2,earlier,0.9899254441261292
1694,4,113,2,earlier,0.9832772612571716
1693,1,14,2,earlier,0.977659285068512
1693,2,38,2,earlier,0.9881512522697449
1693,3,75,2,earlier,0.9902008175849915
1693,4,113,2,earlier,0.9870303869247437
1692,1,14,2,earlier,0.9855242967605591
1692,2,38,2,earlier,0.9881526827812195
1692,3,75,2,earlier,0.9908599853515625
1692,4,113,2,earlier,0.9877454042434692
1691,1,14,2,earlier,0.9843969345092773
1691,2,38,2,earlier,0.988166868686676
1691,3,75,2,earlier,0.9910555481910706
1691,4,113,2,earlier,0.9892667531967163
1690,1,14,2,earlier,0.982327938079834
1690,2,38,2,earlier,0.9877212643623352
1690,3,75,2,earlier,0.990936815738678
1690,4,113,2,earlier,0.9891319870948792
1689,1,14,2,earlier,0.9806725382804871
1689,2,38,2,earlier,0.9882753491401672
1689,3,75,2,earlier,0.9914169311523438
1689,4,113,2,earlier,0.9846411943435669
1688,1,14,2,earlier,0.9817123413085938
1688,2,38,2,earlier,0.9885086417198181
1688,3,75,2,earlier,0.9916172623634338
1688,4,113,2,earlier,0.9851974844932556
1687,1,14,2,earlier,0.9856629967689514
1687,2,38,2,earlier,0.9883483052253723
1687,3,75,2,earlier,0.9910385012626648
1687,4,113,2,earlier,0.9844624400138855
1686,1,14,2,earlier,0.9818140864372253
1686,2,38,2,earlier,0.9881848096847534
1686,3,75,2,earlier,0.9915224313735962
1686,4,113,2,earlier,0.982982337474823
1685,1,14,2,earlier,0.9860013127326965
1685,2,38,2,earlier,0.9879714250564575
1685,3,75,2,earlier,0.9915127754211426
1685,4,113,2,earlier,0.9884515404701233
1684,1,14,2,earlier,0.9874536991119385
1684,2,38,2,earlier,0.9877187609672546
1684,3,75,2,earlier,0.9904868006706238
1684,4,113,2,earlier,0.9901403188705444
1683,1,14,2,earlier,0.9824516773223877
1683,2,38,2,earlier,0.9874742031097412
1683,3,75,2,earlier,0.9916598796844482
1683,4,113,2,earlier,0.990680456161499
1682,1,14,2,earlier,0.9804388880729675
1682,2,38,2,earlier,0.9871755242347717
1682,3,75,2,earlier,0.991373598575592
1682,4,113,2,earlier,0.9772798418998718
1681,1,14,2,earlier,0.9808365106582642
1681,2,38,2,earlier,0.9866379499435425
1681,3,75,2,earlier,0.992342472076416
1681,4,113,2,earlier,0.9824932217597961
1680,1,14,2,earlier,0.9816555380821228
1680,2,38,2,earlier,0.9869099855422974
1680,3,75,2,earlier,0.9908806085586548
1680,4,113,2,earlier,0.9834662079811096
1679,1,14,2,earlier,0.9854634404182434
1679,2,38,2,earlier,0.9871019124984741
1679,3,75,2,earlier,0.9919246435165405
1679,4,113,2,earlier,0.9829087257385254
1678,1,14,2,earlier,0.9851839542388916
1678,2,38,2,earlier,0.9866029620170593
1678,3,75,2,earlier,0.9890114068984985
1678,4,113,2,earlier,0.9836367964744568
1677,1,14,2,earlier,0.9854728579521179
1677,2,38,2,earlier,0.9863744974136353
1677,3,75,2,earlier,0.9915626049041748
1677,4,113,2,earlier,0.9842934608459473
1676,1,14,2,earlier,0.9773908257484436
1676,2,38,2,earlier,0.986480176448822
1676,3,75,2,earlier,0.991736888885498
1676,4,113,2,earlier,0.983496904373169
1675,1,14,2,earlier,0.9840134978294373
1675,2,38,2,earlier,0.9858282208442688
1675,3,75,2,earlier,0.9906947612762451
1675,4,113,2,earlier,0.9811582565307617
1674,1,14,2,earlier,0.9801965951919556
1674,2,38,2,earlier,0.9858145117759705
1674,3,75,2,earlier,0.9911482334136963
1674,4,113,2,earlier,0.9784792065620422
1673,1,14,2,earlier,0.9792259335517883
1673,2,38,2,earlier,0.9858163595199585
1673,3,75,2,earlier,0.9911841750144958
1673,4,113,2,earlier,0.9820957779884338
1672,1,14,2,earlier,0.9759307503700256
1672,2,38,2,earlier,0.9861181974411011
1672,3,75,2,earlier,0.9906798601150513
1672,4,113,2,earlier,0.9840518832206726
1671,1,14,2,earlier,0.9860574007034302
1671,2,38,2,earlier,0.9865542054176331
1671,3,75,2,earlier,0.9852898716926575
1671,4,113,2,earlier,0.9848052859306335
1670,1,14,2,earlier,0.9869216084480286
1670,2,38,2,earlier,0.9865066409111023
1670,3,75,2,earlier,0.9826194047927856
1670,4,113,2,earlier,0.9895084500312805
1669,1,14,2,earlier,0.9859158992767334
1669,2,38,2,earlier,0.9862467050552368
1669,3,75,2,earlier,0.984244167804718
1669,4,113,2,earlier,0.990258514881134
1668,1,14,2,earlier,0.9852935075759888
1668,2,38,2,earlier,0.9867516756057739
1668,3,75,2,earlier,0.9821791648864746
1668,4,113,2,earlier,0.9857361316680908
1667,1,14,2,earlier,0.9855709075927734
1667,2,38,2,earlier,0.9865092039108276
1667,3,75,2,earlier,0.9813036322593689
1667,4,113,2,earlier,0.9870299696922302
1666,1,14,2,earlier,0.9846480488777161
1666,2,38,2,earlier,0.9864161610603333
1666,3,75,2,earlier,0.9818274974822998
1666,4,113,2,earlier,0.9903414249420166
1665,1,14,2,earlier,0.9823935031890869
1665,2,38,2,earlier,0.9867382645606995
1665,3,75,2,earlier,0.9816738963127136
1665,4,113,2,earlier,0.9883252382278442
1664,1,14,2,earlier,0.9826700687408447
1664,2,38,2,earlier,0.9870461821556091
1664,3,75,2,earlier,0.9829645156860352
1664,4,113,2,earlier,0.9864334464073181
1663,1,14,2,earlier,0.9820623993873596
1663,2,38,2,earlier,0.9864819049835205
1663,3,75,2,earlier,0.9797940850257874
1663,4,113,2,earlier,0.9881664514541626
1662,1,14,2,earlier,0.9844118356704712
1662,2,38,2,earlier,0.9867845177650452
1662,3,75,2,earlier,0.9811903238296509
1662,4,113,2,earlier,0.9831321239471436
1661,1,14,2,earlier,0.9863058924674988
1661,2,38,2,earlier,0.9870001673698425
1661,3,75,2,earlier,0.9827501773834229
1661,4,113,2,earlier,0.9884800314903259
1660,1,14,2,earlier,0.9818599820137024
1660,2,38,2,earlier,0.9874557256698608
1660,3,75,2,earlier,0.982659101486206
1660,4,113,2,earlier,0.9833875298500061
1659,1,14,2,earlier,0.9832404851913452
1659,2,38,2,earlier,0.9874046444892883
1659,3,75,2,earlier,0.9839147925376892
1659,4,113,2,earlier,0.9857707619667053
1658,1,14,2,earlier,0.9825653433799744
1658,2,38,2,earlier,0.987095057964325
1658,3,75,2,earlier,0.9835706949234009
1658,4,113,2,earlier,0.9852059483528137
1657,1,14,2,earlier,0.9806086421012878
1657,2,38,2,earlier,0.9874383211135864
1657,3,75,2,earlier,0.9829583764076233
1657,4,113,2,earlier,0.9852244257926941
1656,1,14,2,earlier,0.9795539379119873
1656,2,38,2,earlier,0.9874613881111145
1656,3,75,2,earlier,0.9831315875053406
1656,4,113,2,earlier,0.9805355072021484
1655,1,14,2,earlier,0.9853287935256958
1655,2,38,2,earlier,0.9872663021087646
1655,3,75,2,earlier,0.9830408096313477
1655,4,113,2,earlier,0.9839991927146912
1654,1,14,2,earlier,0.9836786985397339
1654,2,38,2,earlier,0.9867520332336426
1654,3,75,2,earlier,0.9800747632980347
1654,4,113,2,earlier,0.986136794090271
1653,1,14,2,earlier,0.9826756119728088
1653,2,38,2,earlier,0.9869851469993591
1653,3,75,2,earlier,0.9809324741363525
1653,4,113,2,earlier,0.986602246761322
1652,1,14,2,earlier,0.9782845973968506
1652,2,38,2,earlier,0.9873296022415161
1652,3,75,2,earlier,0.9707040190696716
1652,4,113,2,earlier,0.9862653017044067
1651,1,14,2,earlier,0.9787784218788147
1651,2,38,2,earlier,0.9871673583984375
1651,3,75,2,earlier,0.974240243434906
1651,4,113,2,earlier,0.9881618618965149
1650,1,14,2,earlier,0.9815798401832581
1650,2,38,2,earlier,0.9872879981994629
1650,3,75,2,earlier,0.9807868599891663
1650,4,113,2,earlier,0.9840477108955383
1649,1,14,2,earlier,0.9817532300949097
1649,2,38,2,earlier,0.9872437715530396
1649,3,75,2,earlier,0.9814673662185669
1649,4,113,2,earlier,0.9814295172691345
1648,1,14,2,earlier,0.9776958227157593
1648,2,38,2,earlier,0.9874127507209778
1648,3,75,2,earlier,0.9813315868377686
1648,4,113,2,earlier,0.9802533388137817
1647,1,14,2,earlier,0.9732309579849243
1647,2,38,2,earlier,0.9872758388519287
1647,3,75,2,earlier,0.98238205909729
1647,4,113,2,earlier,0.9813246726989746
1646,1,14,2,earlier,0.9760476350784302
1646,2,38,2,earlier,0.9871705174446106
1646,3,75,2,earlier,0.9835129976272583
1646,4,113,2,earlier,0.9849527478218079
1645,1,14,2,earlier,0.9769347310066223
1645,2,38,2,earlier,0.987179696559906
1645,3,75,2,earlier,0.9837572574615479
1645,4,113,2,earlier,0.988099217414856
1644,1,14,2,earlier,0.9782980680465698
1644,2,38,2,earlier,0.9871338605880737
1644,3,75,2,earlier,0.983104944229126
1644,4,113,2,earlier,0.9878306984901428
1643,1,14,2,earlier,0.9773411750793457
1643,2,38,2,earlier,0.9874264597892761
1643,3,75,2,earlier,0.9844537377357483
1643,4,113,2,earlier,0.9883213639259338
1642,1,14,2,earlier,0.976600706577301
1642,2,38,2,earlier,0.9876238703727722
1642,3,75,2,earlier,0.9846137166023254
1642,4,113,2,earlier,0.9881115555763245
1641,1,14,2,earlier,0.9765748381614685
1641,2,38,2,earlier,0.9872710704803467
1641,3,75,2,earlier,0.9851016998291016
1641,4,113,2,earlier,0.9876387119293213
1640,1,14,2,earlier,0.9757362008094788
1640,2,38,2,earlier,0.9875921010971069
1640,3,75,2,earlier,0.9848034977912903
1640,4,113,2,earlier,0.9860329031944275
1639,1,14,2,earlier,0.9757505655288696
1639,2,38,2,earlier,0.9877332448959351
1639,3,75,2,earlier,0.9845975637435913
1639,4,113,2,earlier,0.9863641858100891
1638,1,14,2,earlier,0.9748182892799377
1638,2,38,2,earlier,0.9875141978263855
1638,3,75,2,earlier,0.9846271276473999
1638,4,113,2,earlier,0.9874830842018127
1637,1,14,2,earlier,0.975030243396759
1637,2,38,2,earlier,0.987540066242218
1637,3,75,2,earlier,0.9849882125854492
1637,4,113,2,earlier,0.9867891669273376
1636,1,14,2,earlier,0.9750398397445679
1636,2,38,2,earlier,0.9876374006271362
1636,3,75,2,earlier,0.98492032289505
1636,4,113,2,earlier,0.9867069721221924
1635,1,14,2,earlier,0.9762442111968994
1635,2,38,2,earlier,0.9876574277877808
1635,3,75,2,earlier,0.9857677221298218
1635,4,113,2,earlier,0.9870204329490662
1634,1,14,2,earlier,0.9759597182273865
1634,2,38,2,earlier,0.9874520301818848
1634,3,75,2,earlier,0.9866445064544678
1634,4,113,2,earlier,0.9856082201004028
1633,1,14,2,earlier,0.9748554229736328
1633,2,38,2,earlier,0.987721860408783
1633,3,75,2,earlier,0.9866464734077454
1633,4,113,2,earlier,0.9871705770492554
1632,1,14,2,earlier,0.9745457768440247
1632,2,38,2,earlier,0.9876291751861572
1632,3,75,2,earlier,0.9877016544342041
1632,4,113,2,earlier,0.9861866235733032
1631,1,14,2,earlier,0.9764809012413025
1631,2,38,2,earlier,0.9862260222434998
1631,3,75,2,earlier,0.9889331459999084
1631,4,113,2,earlier,0.9851058125495911
1630,1,14,2,earlier,0.9766391515731812
1630,2,38,2,earlier,0.9858951568603516
1630,3,75,2,earlier,0.9891589283943176
1630,4,113,2,earlier,0.9873964190483093
1629,1,14,2,earlier,0.9770548939704895
1629,2,38,2,earlier,0.9853911399841309
1629,3,75,2,earlier,0.9891588091850281
1629,4,113,2,earlier,0.9872126579284668
1628,1,14,2,earlier,0.9771323204040527
1628,2,38,2,earlier,0.9857337474822998
1628,3,75,2,earlier,0.9901410937309265
1628,4,113,2,earlier,0.9871134757995605
1627,1,14,2,earlier,0.977401077747345
1627,2,38,2,earlier,0.9855760335922241
1627,3,75,2,earlier,0.9911741614341736
1627,4,113,2,earlier,0.9855074882507324
1626,1,14,2,earlier,0.9774498343467712
1626,2,38,2,earlier,0.9858646392822266
1626,3,75,2,earlier,0.9907475709915161
1626,4,113,2,earlier,0.986493706703186
1625,1,14,2,earlier,0.9777296185493469
1625,2,38,2,earlier,0.9861027598381042
1625,3,75,2,earlier,0.988990843296051
1625,4,113,2,earlier,0.9868493676185608
1624,1,14,2,earlier,0.9769787192344666
1624,2,38,2,earlier,0.9868943691253662
1624,3,75,2,earlier,0.9896168112754822
1624,4,113,2,earlier,0.9888372421264648
1623,1,14,2,earlier,0.9780564904212952
1623,2,38,2,earlier,0.9866268634796143
1623,3,75,2,earlier,0.9895526170730591
1623,4,113,2,earlier,0.9886224865913391
1622,1,14,2,earlier,0.9741062521934509
1622,2,38,2,earlier,0.9863510131835938
1622,3,75,2,earlier,0.9900225400924683
1622,4,113,2,earlier,0.9892749786376953
1621,1,14,2,earlier,0.9741551876068115
1621,2,38,2,earlier,0.9866704940795898
1621,3,75,2,earlier,0.9910198450088501
1621,4,113,2,earlier,0.9817759990692139
1620,1,14,2,earlier,0.9751291871070862
1620,2,38,2,earlier,0.9868211150169373
1620,3,75,2,earlier,0.9904798865318298
1620,4,113,2,earlier,0.9830531477928162
1619,1,14,2,earlier,0.9769895076751709
1619,2,38,2,earlier,0.9866403341293335
1619,3,75,2,earlier,0.9911946058273315
1619,4,113,2,earlier,0.9852827191352844
1618,1,14,2,earlier,0.9775164723396301
1618,2,38,2,earlier,0.9867510795593262
1618,3,75,2,earlier,0.9904364943504333
1618,4,113,2,earlier,0.9864089488983154
1617,1,14,2,earlier,0.9770568013191223
1617,2,38,2,earlier,0.9867870211601257
1617,3,75,2,earlier,0.9900804162025452
1617,4,113,2,earlier,0.9865937232971191
1616,1,14,2,earlier,0.9754595756530762
1616,2,38,2,earlier,0.9870339632034302
1616,3,75,2,earlier,0.9912076592445374
1616,4,113,2,earlier,0.9887178540229797
1615,1,14,2,earlier,0.9755218029022217
1615,2,38,2,earlier,0.987356960773468
1615,3,75,2,earlier,0.9908835291862488
1615,4,113,2,earlier,0.9884511828422546
1614,1,14,2,earlier,0.9749428033828735
1614,2,38,2,earlier,0.9874932765960693
1614,3,75,2,earlier,0.9903867244720459
1614,4,113,2,earlier,0.9890801906585693
1613,1,14,2,earlier,0.9746055006980896
1613,2,38,2,earlier,0.9872313737869263
1613,3,75,2,earlier,0.9906519651412964
1613,4,113,2,earlier,0.9870395064353943
1612,1,14,2,earlier,0.9742765426635742
1612,2,38,2,earlier,0.9876160621643066
1612,3,75,2,earlier,0.9902729988098145
1612,4,113,2,earlier,0.9883912801742554
1611,1,14,2,earlier,0.974175751209259
1611,2,38,2,earlier,0.9875360727310181
1611,3,75,2,earlier,0.9892423152923584
1611,4,113,2,earlier,0.987335741519928
1610,1,14,2,earlier,0.9740958213806152
1610,2,38,2,earlier,0.9873195290565491
1610,3,75,2,earlier,0.9885507225990295
1610,4,113,2,earlier,0.9875342845916748
1609,1,14,2,earlier,0.9741408824920654
1609,2,38,2,earlier,0.9873727560043335
1609,3,75,2,earlier,0.9892445206642151
1609,4,113,2,earlier,0.9849470257759094
1608,1,14,2,earlier,0.975792646408081
1608,2,38,2,earlier,0.9872779846191406
1608,3,75,2,earlier,0.9890464544296265
1608,4,113,2,earlier,0.9875288605690002
1607,1,14,2,earlier,0.9766045808792114
1607,2,38,2,earlier,0.9868356585502625
1607,3,75,2,earlier,0.9887327551841736
1607,4,113,2,earlier,0.9839298129081726
1606,1,14,2,earlier,0.9780455231666565
1606,2,38,2,earlier,0.9863818287849426
1606,3,75,2,earlier,0.9887970685958862
1606,4,113,2,earlier,0.9893555641174316
1605,1,14,2,earlier,0.9754384160041809
1605,2,38,2,earlier,0.9866362810134888
1605,3,75,2,earlier,0.9895222783088684
1605,4,113,2,earlier,0.9900947213172913
1604,1,14,2,earlier,0.9778006076812744
1604,2,38,2,earlier,0.9867019653320312
1604,3,75,2,earlier,0.9888535737991333
1604,4,113,2,earlier,0.9895706176757812
1603,1,14,2,earlier,0.9768886566162109
1603,2,38,2,earlier,0.9867324233055115
1603,3,75,2,earlier,0.9892128705978394
1603,4,113,2,earlier,0.9828608632087708
1602,1,14,2,earlier,0.9770584106445312
1602,2,38,2,earlier,0.9865941405296326
1602,3,75,2,earlier,0.9893590807914734
1602,4,113,2,earlier,0.9868947863578796
1601,1,14,2,earlier,0.9762762784957886
1601,2,38,2,earlier,0.986966073513031
1601,3,75,2,earlier,0.9904839992523193
1601,4,113,2,earlier,0.986778199672699
1600,1,14,2,earlier,0.9759514927864075
1600,2,38,2,earlier,0.9865055680274963
1600,3,75,2,earlier,0.9904800057411194
1600,4,113,2,earlier,0.98524010181427
1599,1,14,2,earlier,0.9776745438575745
1599,2,38,2,earlier,0.9860715866088867
1599,3,75,2,earlier,0.9911880493164062
1599,4,113,2,earlier,0.9873057007789612
1598,1,14,2,earlier,0.9772545099258423
1598,2,38,2,earlier,0.9857484698295593
1598,3,75,2,earlier,0.9905571341514587
1598,4,113,2,earlier,0.98575758934021
1597,1,14,2,earlier,0.9768708348274231
1597,2,38,2,earlier,0.9857457280158997
1597,3,75,2,earlier,0.9904741644859314
1597,4,113,2,earlier,0.9887416958808899
1596,1,14,2,earlier,0.9761866331100464
1596,2,38,2,earlier,0.9856154918670654
1596,3,75,2,earlier,0.9899502396583557
1596,4,113,2,earlier,0.9868490695953369
1595,1,14,2,earlier,0.9786149263381958
1595,2,38,2,earlier,0.9854806065559387
1595,3,75,2,earlier,0.9902100563049316
1595,4,113,2,earlier,0.9874228239059448
1594,1,14,2,earlier,0.9808063507080078
1594,2,38,2,earlier,0.984376072883606
1594,3,75,2,earlier,0.9911053776741028
1594,4,113,2,earlier,0.9871806502342224
1593,1,14,2,earlier,0.9819099307060242
1593,2,38,2,earlier,0.9839230179786682
1593,3,75,2,earlier,0.9928168058395386
1593,4,113,2,earlier,0.9815051555633545
1592,1,14,2,earlier,0.9783366918563843
1592,2,38,2,earlier,0.9836415648460388
1592,3,75,2,earlier,0.9928757548332214
1592,4,113,2,earlier,0.9840909838676453
1591,1,14,2,earlier,0.9844695329666138
1591,2,38,2,earlier,0.9830964207649231
1591,3,75,2,earlier,0.9930839538574219
1591,4,113,2,earlier,0.9853079915046692
1590,1,14,2,earlier,0.983502984046936
1590,2,38,2,earlier,0.9806654453277588
1590,3,75,2,earlier,0.9934476017951965
1590,4,113,2,earlier,0.9802417159080505
1589,1,14,2,earlier,0.9883765578269958
1589,2,38,2,earlier,0.9585021138191223
1589,3,75,2,earlier,0.9926439523696899
1589,4,113,2,earlier,0.9841152429580688
1588,1,14,2,earlier,0.9898267388343811
1588,2,38,2,earlier,0.9841859936714172
1588,3,75,2,earlier,0.9920254349708557
1588,4,113,2,earlier,0.9828481674194336
1587,1,14,2,earlier,0.9896965622901917
1587,2,38,2,earlier,0.985705554485321
1587,3,75,2,earlier,0.9924056529998779
1587,4,113,2,earlier,0.9812029004096985
1586,1,14,2,earlier,0.9892822504043579
1586,2,38,2,earlier,0.9849685430526733
1586,3,75,2,earlier,0.9908116459846497
1586,4,113,2,earlier,0.991162121295929
1585,1,14,2,earlier,0.9880181550979614
1585,2,38,2,earlier,0.9852290749549866
1585,3,75,2,earlier,0.9904972910881042
1585,4,113,2,earlier,0.9909877181053162
1584,1,14,2,earlier,0.9797496795654297
1584,2,38,2,earlier,0.9848510026931763
1584,3,75,2,earlier,0.9881767630577087
1584,4,113,2,earlier,0.9906395673751831
1583,1,14,2,earlier,0.9792023301124573
1583,2,38,2,earlier,0.9852200746536255
1583,3,75,2,earlier,0.9803409576416016
1583,4,113,2,earlier,0.9846210479736328
1582,1,14,2,earlier,0.9790109992027283
1582,2,38,2,earlier,0.9762175679206848
1582,3,75,2,earlier,0.9793317317962646
1582,4,113,2,earlier,0.9790266752243042
1581,1,14,2,earlier,0.9783985614776611
1581,2,38,2,earlier,0.9798789024353027
1581,3,75,2,earlier,0.9779559373855591
1581,4,113,2,earlier,0.9822328090667725
1580,1,14,2,earlier,0.9775163531303406
1580,2,38,2,earlier,0.9806817173957825
1580,3,75,2,earlier,0.9752585887908936
1580,4,113,2,earlier,0.9875503778457642
1579,1,14,2,earlier,0.9795456528663635
1579,2,38,2,earlier,0.9598156809806824
1579,3,75,2,earlier,0.9773604273796082
1579,4,113,2,earlier,0.9865889549255371
1578,1,14,2,earlier,0.9794566631317139
1578,2,38,2,earlier,0.9843283295631409
1578,3,75,2,earlier,0.9776358008384705
1578,4,113,2,earlier,0.9883858561515808
1577,1,14,2,earlier,0.9790916442871094
1577,2,38,2,earlier,0.9843414425849915
1577,3,75,2,earlier,0.9772221446037292
1577,4,113,2,earlier,0.9895137548446655
1576,1,14,2,earlier,0.9803997874259949
1576,2,38,2,earlier,0.9845505952835083
1576,3,75,2,earlier,0.9778226017951965
1576,4,113,2,earlier,0.9793049097061157
1575,1,14,2,earlier,0.9810568690299988
1575,2,38,2,earlier,0.9843214154243469
1575,3,75,2,earlier,0.9788300395011902
1575,4,113,2,earlier,0.9864829182624817
1574,1,14,2,earlier,0.9804643988609314
1574,2,38,2,earlier,0.9843752384185791
1574,3,75,2,earlier,0.9810963273048401
1574,4,113,2,earlier,0.9876357316970825
1573,1,14,2,earlier,0.9799166321754456
1573,2,38,2,earlier,0.984818160533905
1573,3,75,2,earlier,0.9812740683555603
1573,4,113,2,earlier,0.9865599870681763
1572,1,14,2,earlier,0.9804309606552124
1572,2,38,2,earlier,0.9824047088623047
1572,3,75,2,earlier,0.9811996817588806
1572,4,113,2,earlier,0.9878889918327332
1571,1,14,2,earlier,0.9805734157562256
1571,2,38,2,earlier,0.9816176295280457
1571,3,75,2,earlier,0.9817742705345154
1571,4,113,2,earlier,0.9883795380592346
1570,1,14,2,earlier,0.9808448553085327
1570,2,38,2,earlier,0.9821223616600037
1570,3,75,2,earlier,0.9821476340293884
1570,4,113,2,earlier,0.9882162809371948
1569,1,14,2,earlier,0.9813815355300903
1569,2,38,2,earlier,0.9815717935562134
1569,3,75,2,earlier,0.9828981161117554
1569,4,113,2,earlier,0.9890753030776978
1568,1,14,2,earlier,0.9814633131027222
1568,2,38,2,earlier,0.9773885011672974
1568,3,75,2,earlier,0.9834863543510437
1568,4,113,2,earlier,0.9887732863426208
1567,1,14,2,earlier,0.9821957945823669
1567,2,38,2,earlier,0.9865355491638184
1567,3,75,2,earlier,0.9759173393249512
1567,4,113,2,earlier,0.985878586769104
1566,1,14,2,earlier,0.9817610383033752
1566,2,38,2,earlier,0.9856432676315308
1566,3,75,2,earlier,0.9775587916374207
1566,4,113,2,earlier,0.9888209104537964
1565,1,14,2,earlier,0.9823426008224487
1565,2,38,2,earlier,0.9864098429679871
1565,3,75,2,earlier,0.9784190058708191
1565,4,113,2,earlier,0.9898170828819275
1564,1,14,2,earlier,0.9819715023040771
1564,2,38,2,earlier,0.9853360652923584
1564,3,75,2,earlier,0.9774369597434998
1564,4,113,2,earlier,0.9888351559638977
1563,1,14,2,earlier,0.9828429818153381
1563,2,38,2,earlier,0.9861266613006592
1563,3,75,2,earlier,0.9775413870811462
1563,4,113,2,earlier,0.9870321154594421
1562,1,14,2,earlier,0.9831807613372803
1562,2,38,2,earlier,0.985472559928894
1562,3,75,2,earlier,0.9810968637466431
1562,4,113,2,earlier,0.9853182435035706
1561,1,14,2,earlier,0.9827257990837097
1561,2,38,2,earlier,0.9846471548080444
1561,3,75,2,earlier,0.976177990436554
1561,4,113,2,earlier,0.9821915626525879
1560,1,14,2,earlier,0.9827444553375244
1560,2,38,2,earlier,0.984551727771759
1560,3,75,2,earlier,0.9772061705589294
1560,4,113,2,earlier,0.9833031892776489
1559,1,14,2,earlier,0.9806824326515198
1559,2,38,2,earlier,0.9834797382354736
1559,3,75,2,earlier,0.9768469929695129
1559,4,113,2,earlier,0.9832594394683838
1558,1,14,2,earlier,0.9818195104598999
1558,2,38,2,earlier,0.9842063188552856
1558,3,75,2,earlier,0.9764984846115112
1558,4,113,2,earlier,0.9730848670005798
1557,1,14,2,earlier,0.9787576198577881
1557,2,38,2,earlier,0.9851692318916321
1557,3,75,2,earlier,0.9708514213562012
1557,4,113,2,earlier,0.9839304685592651
1556,1,14,2,earlier,0.9755265712738037
1556,2,38,2,earlier,0.985186755657196
1556,3,75,2,earlier,0.9742181897163391
1556,4,113,2,earlier,0.9850552678108215
1555,1,14,2,earlier,0.9761214852333069
1555,2,38,2,earlier,0.9854392409324646
1555,3,75,2,earlier,0.9777136445045471
1555,4,113,2,earlier,0.98552405834198
1554,1,14,2,earlier,0.9770218729972839
1554,2,38,2,earlier,0.9858874678611755
1554,3,75,2,earlier,0.9789679050445557
1554,4,113,2,earlier,0.9859080910682678
1553,1,14,2,earlier,0.9771717190742493
1553,2,38,2,earlier,0.986115038394928
1553,3,75,2,earlier,0.9784621000289917
1553,4,113,2,earlier,0.9862109422683716
1552,1,14,2,earlier,0.979174792766571
1552,2,38,2,earlier,0.9864871501922607
1552,3,75,2,earlier,0.9783757925033569
1552,4,113,2,earlier,0.9849977493286133
1551,1,14,2,earlier,0.9783937931060791
1551,2,38,2,earlier,0.9866945743560791
1551,3,75,2,earlier,0.9761305451393127
1551,4,113,2,earlier,0.9865549802780151
1550,1,14,2,earlier,0.9774465560913086
1550,2,38,2,earlier,0.9861421585083008
1550,3,75,2,earlier,0.9765480160713196
1550,4,113,2,earlier,0.9872051477432251
1549,1,14,2,earlier,0.9765974283218384
1549,2,38,2,earlier,0.986851692199707
1549,3,75,2,earlier,0.9781673550605774
1549,4,113,2,earlier,0.9851509928703308
1548,1,14,2,earlier,0.9803321361541748
1548,2,38,2,earlier,0.9862019419670105
1548,3,75,2,earlier,0.9802432060241699
1548,4,113,2,earlier,0.9868251085281372
1547,1,14,2,earlier,0.9805610179901123
1547,2,38,2,earlier,0.9857722520828247
1547,3,75,2,earlier,0.9751474857330322
1547,4,113,2,earlier,0.9821250438690186
1546,1,14,2,earlier,0.9775004982948303
1546,2,38,2,earlier,0.9861862063407898
1546,3,75,2,earlier,0.9798533916473389
1546,4,113,2,earlier,0.984137773513794
1545,1,14,2,earlier,0.9810354113578796
1545,2,38,2,earlier,0.9855561256408691
1545,3,75,2,earlier,0.9796420931816101
1545,4,113,2,earlier,0.9843189716339111
1544,1,14,2,earlier,0.9806972146034241
1544,2,38,2,earlier,0.9864300489425659
1544,3,75,2,earlier,0.9825776815414429
1544,4,113,2,earlier,0.9842687249183655
1543,1,14,2,earlier,0.9790418744087219
1543,2,38,2,earlier,0.9861904978752136
1543,3,75,2,earlier,0.9829251766204834
1543,4,113,2,earlier,0.9852237105369568
1542,1,14,2,earlier,0.982053279876709
1542,2,38,2,earlier,0.9859683513641357
1542,3,75,2,earlier,0.9819151163101196
1542,4,113,2,earlier,0.986749529838562
1541,1,14,2,earlier,0.9808297157287598
1541,2,38,2,earlier,0.9858661890029907
1541,3,75,2,earlier,0.9849376082420349
1541,4,113,2,earlier,0.9834350943565369
1540,1,14,2,earlier,0.9793617129325867
1540,2,38,2,earlier,0.9858818650245667
1540,3,75,2,earlier,0.9825925827026367
1540,4,113,2,earlier,0.9852519035339355
1539,1,14,2,earlier,0.9780294895172119
1539,2,38,2,earlier,0.9860724210739136
1539,3,75,2,earlier,0.9823956489562988
1539,4,113,2,earlier,0.9874382615089417
1538,1,14,2,earlier,0.978672206401825
1538,2,38,2,earlier,0.9861631989479065
1538,3,75,2,earlier,0.9789363741874695
1538,4,113,2,earlier,0.9868782758712769
1537,1,14,2,earlier,0.9761084318161011
1537,2,38,2,earlier,0.9859961867332458
1537,3,75,2,earlier,0.9731943011283875
1537,4,113,2,earlier,0.9862965941429138
1536,1,14,2,earlier,0.9780413508415222
1536,2,38,2,earlier,0.9861581921577454
1536,3,75,2,earlier,0.9760696887969971
1536,4,113,2,earlier,0.9833421111106873
1535,1,14,2,earlier,0.9745045900344849
1535,2,38,2,earlier,0.986949622631073
1535,3,75,2,earlier,0.974817156791687
1535,4,113,2,earlier,0.9804152250289917
1534,1,14,2,earlier,0.9806093573570251
1534,2,38,2,earlier,0.9866250157356262
1534,3,75,2,earlier,0.9732151627540588
1534,4,113,2,earlier,0.9783420562744141
1533,1,14,2,earlier,0.9822468757629395
1533,2,38,2,earlier,0.9860114455223083
1533,3,75,2,earlier,0.9733679294586182
1533,4,113,2,earlier,0.9790794849395752
1532,1,14,2,earlier,0.9859574437141418
1532,2,38,2,earlier,0.9855411648750305
1532,3,75,2,earlier,0.9786006808280945
1532,4,113,2,earlier,0.9838709831237793
1531,1,14,2,earlier,0.9860393404960632
1531,2,38,2,earlier,0.9862686395645142
1531,3,75,2,earlier,0.973548948764801
1531,4,113,2,earlier,0.9835080504417419
1530,1,14,2,earlier,0.9877185225486755
1530,2,38,2,earlier,0.9850949048995972
1530,3,75,2,earlier,0.9784091114997864
1530,4,113,2,earlier,0.9836528301239014
1529,1,14,2,earlier,0.9860215187072754
1529,2,38,2,earlier,0.9850568771362305
1529,3,75,2,earlier,0.9755421876907349
1529,4,113,2,earlier,0.9838042855262756
1528,1,14,2,earlier,0.9876824021339417
1528,2,38,2,earlier,0.9836882948875427
1528,3,75,2,earlier,0.9728537797927856
1528,4,113,2,earlier,0.9827606678009033
1527,1,14,2,earlier,0.9854692816734314
1527,2,38,2,earlier,0.9833883047103882
1527,3,75,2,earlier,0.9747710824012756
1527,4,113,2,earlier,0.9820852875709534
1526,1,14,2,earlier,0.986557126045227
1526,2,38,2,earlier,0.9823004603385925
1526,3,75,2,earlier,0.977069616317749
1526,4,113,2,earlier,0.9855043292045593
1525,1,14,2,earlier,0.9865424633026123
1525,2,38,2,earlier,0.9827328324317932
1525,3,75,2,earlier,0.9766988158226013
1525,4,113,2,earlier,0.9864909648895264
1524,1,14,2,earlier,0.9863852858543396
1524,2,38,2,earlier,0.9831926822662354
1524,3,75,2,earlier,0.9807682037353516
1524,4,113,2,earlier,0.9851785898208618
1523,1,14,2,earlier,0.9861801862716675
1523,2,38,2,earlier,0.9819772839546204
1523,3,75,2,earlier,0.9851819276809692
1523,4,113,2,earlier,0.9801737070083618
1522,1,14,2,earlier,0.9836044907569885
1522,2,38,2,earlier,0.9820791482925415
1522,3,75,2,earlier,0.9859836101531982
1522,4,113,2,earlier,0.9748298525810242
1521,1,14,2,earlier,0.9795552492141724
1521,2,38,2,earlier,0.9813275337219238
1521,3,75,2,earlier,0.9875349998474121
1521,4,113,2,earlier,0.9776852130889893
1520,1,14,2,earlier,0.9844917058944702
1520,2,38,2,earlier,0.9827100038528442
1520,3,75,2,earlier,0.9891414642333984
1520,4,113,2,earlier,0.9766431450843811
1519,1,14,2,earlier,0.9862120747566223
1519,2,38,2,earlier,0.9806737303733826
1519,3,75,2,earlier,0.9886685013771057
1519,4,113,2,earlier,0.9798312187194824
1518,1,14,2,earlier,0.9779402613639832
1518,2,38,2,earlier,0.9811716079711914
1518,3,75,2,earlier,0.9900221824645996
1518,4,113,2,earlier,0.9842696189880371
1517,1,14,2,earlier,0.9776172637939453
1517,2,38,2,earlier,0.9809274673461914
1517,3,75,2,earlier,0.9903721213340759
1517,4,113,2,earlier,0.9845098853111267
1516,1,14,2,earlier,0.980674684047699
1516,2,38,2,earlier,0.9806755781173706
1516,3,75,2,earlier,0.9894726872444153
1516,4,113,2,earlier,0.9830738306045532
1515,1,14,2,earlier,0.9801838397979736
1515,2,38,2,earlier,0.9818527102470398
1515,3,75,2,earlier,0.9894706606864929
1515,4,113,2,earlier,0.9836045503616333
1514,1,14,2,earlier,0.980303168296814
1514,2,38,2,earlier,0.9838947653770447
1514,3,75,2,earlier,0.9888095259666443
1514,4,113,2,earlier,0.9840008020401001
1513,1,14,2,earlier,0.9827914237976074
1513,2,38,2,earlier,0.9831662178039551
1513,3,75,2,earlier,0.988825261592865
1513,4,113,2,earlier,0.9878198504447937
1512,1,14,2,earlier,0.9803125262260437
1512,2,38,2,earlier,0.98252272605896
1512,3,75,2,earlier,0.9881230592727661
1512,4,113,2,earlier,0.9881282448768616
1511,1,14,2,earlier,0.9812090396881104
1511,2,38,2,earlier,0.9820711612701416
1511,3,75,2,earlier,0.9902068972587585
1511,4,113,2,earlier,0.9887630939483643
1510,1,14,2,earlier,0.9795729517936707
1510,2,38,2,earlier,0.98175048828125
1510,3,75,2,earlier,0.9911211133003235
1510,4,113,2,earlier,0.9796667695045471
1509,1,14,2,earlier,0.9801812767982483
1509,2,38,2,earlier,0.9812947511672974
1509,3,75,2,earlier,0.9902176856994629
1509,4,113,2,earlier,0.9847332239151001
1508,1,14,2,earlier,0.9805096983909607
1508,2,38,2,earlier,0.9821869730949402
1508,3,75,2,earlier,0.9888055920600891
1508,4,113,2,earlier,0.9869175553321838
1507,1,14,2,earlier,0.9788067936897278
1507,2,38,2,earlier,0.9823320508003235
1507,3,75,2,earlier,0.9902188181877136
1507,4,113,2,earlier,0.986345112323761
1506,1,14,2,earlier,0.9780933260917664
1506,2,38,2,earlier,0.982306182384491
1506,3,75,2,earlier,0.9898049831390381
1506,4,113,2,earlier,0.9852539300918579
1505,1,14,2,earlier,0.9788820147514343
1505,2,38,2,earlier,0.9815518856048584
1505,3,75,2,earlier,0.9909225702285767
1505,4,113,2,earlier,0.9845002889633179
1504,1,14,2,earlier,0.9827567338943481
1504,2,38,2,earlier,0.9825937747955322
1504,3,75,2,earlier,0.9899700284004211
1504,4,113,2,earlier,0.9837892651557922
1503,1,14,2,earlier,0.9836563467979431
1503,2,38,2,earlier,0.9833892583847046
1503,3,75,2,earlier,0.990222156047821
1503,4,113,2,earlier,0.9810776114463806
1502,1,14,2,earlier,0.9834989309310913
1502,2,38,2,earlier,0.9843714237213135
1502,3,75,2,earlier,0.9890465140342712
1502,4,113,2,earlier,0.9812855124473572
1501,1,14,2,earlier,0.9790616631507874
1501,2,38,2,earlier,0.9828847050666809
1501,3,75,2,earlier,0.9901868104934692
1501,4,113,2,earlier,0.9817422032356262
1500,1,14,2,earlier,0.9825997352600098
1500,2,38,2,earlier,0.9837588667869568
1500,3,75,2,earlier,0.9884173274040222
1500,4,113,2,earlier,0.9837000966072083
2624,1,14,3,later,0.9846400618553162
2624,2,38,3,later,0.9803003072738647
2624,3,75,3,later,0.9823499917984009
2624,4,113,3,later,0.9780635237693787
2625,1,14,3,later,0.991209864616394
2625,2,38,3,later,0.9808139801025391
2625,3,75,3,later,0.985464870929718
2625,4,113,3,later,0.9851813912391663
2626,1,14,3,later,0.9928553104400635
2626,2,38,3,later,0.9837241172790527
2626,3,75,3,later,0.9870885610580444
2626,4,113,3,later,0.9882494211196899
2627,1,14,3,later,0.993832528591156
2627,2,38,3,later,0.9853335618972778
2627,3,75,3,later,0.9874250292778015
2627,4,113,3,later,0.9872051477432251
2628,1,14,3,later,0.993137538433075
2628,2,38,3,later,0.984389066696167
2628,3,75,3,later,0.984702467918396
2628,4,113,3,later,0.9876068234443665
2629,1,14,3,later,0.9926874041557312
2629,2,38,3,later,0.9844603538513184
2629,3,75,3,later,0.9881434440612793
2629,4,113,3,later,0.9881494045257568
2630,1,14,3,later,0.9920174479484558
2630,2,38,3,later,0.984994649887085
2630,3,75,3,later,0.9886459112167358
2630,4,113,3,later,0.9884142279624939
2631,1,14,3,later,0.9921786189079285
2631,2,38,3,later,0.9811579585075378
2631,3,75,3,later,0.987871527671814
2631,4,113,3,later,0.9886139631271362
2632,1,14,3,later,0.9919277429580688
2632,2,38,3,later,0.9827396869659424
2632,3,75,3,later,0.9879007339477539
2632,4,113,3,later,0.9882366061210632
2633,1,14,3,later,0.9928190112113953
2633,2,38,3,later,0.9827495813369751
2633,3,75,3,later,0.9885050654411316
2633,4,113,3,later,0.9877459406852722
2634,1,14,3,later,0.9925751090049744
2634,2,38,3,later,0.9857006072998047
2634,3,75,3,later,0.988521933555603
2634,4,113,3,later,0.9876371026039124
2635,1,14,3,later,0.9922935366630554
2635,2,38,3,later,0.9795275330543518
2635,3,75,3,later,0.9885707497596741
2635,4,113,3,later,0.98893803358078
2636,1,14,3,later,0.992405354976654
2636,2,38,3,later,0.9799407720565796
2636,3,75,3,later,0.988788902759552
2636,4,113,3,later,0.9871777892112732
2637,1,14,3,later,0.9928454756736755
2637,2,38,3,later,0.9767826199531555
2637,3,75,3,later,0.9881768822669983
2637,4,113,3,later,0.9897398352622986
2638,1,14,3,later,0.9918337464332581
2638,2,38,3,later,0.9789254069328308
2638,3,75,3,later,0.9887991547584534
2638,4,113,3,later,0.9886033535003662
2639,1,14,3,later,0.9928566813468933
2639,2,38,3,later,0.9741500616073608
2639,3,75,3,later,0.988471508026123
2639,4,113,3,later,0.9884300231933594
2640,1,14,3,later,0.993341326713562
2640,2,38,3,later,0.9759705662727356
2640,3,75,3,later,0.9888530969619751
2640,4,113,3,later,0.9890664219856262
2641,1,14,3,later,0.9923299551010132
2641,2,38,3,later,0.9774297475814819
2641,3,75,3,later,0.9887457489967346
2641,4,113,3,later,0.9881937503814697
2642,1,14,3,later,0.9917199015617371
2642,2,38,3,later,0.9724759459495544
2642,3,75,3,later,0.9891542196273804
2642,4,113,3,later,0.9881747364997864
2643,1,14,3,later,0.9913860559463501
2643,2,38,3,later,0.9827786087989807
2643,3,75,3,later,0.9878674745559692
2643,4,113,3,later,0.9879165291786194
2644,1,14,3,later,0.9912078976631165
2644,2,38,3,later,0.9831055998802185
2644,3,75,3,later,0.9880976676940918
2644,4,113,3,later,0.9878211617469788
2645,1,14,3,later,0.9932824969291687
2645,2,38,3,later,0.9829699397087097
2645,3,75,3,later,0.9890739321708679
2645,4,113,3,later,0.9886434674263
2646,1,14,3,later,0.9923502802848816
2646,2,38,3,later,0.9832338094711304
2646,3,75,3,later,0.9891050457954407
2646,4,113,3,later,0.9875159859657288
2647,1,14,3,later,0.9931790232658386
2647,2,38,3,later,0.9828054904937744
2647,3,75,3,later,0.9889878034591675
2647,4,113,3,later,0.9880648851394653
2648,1,14,3,later,0.9929771423339844
2648,2,38,3,later,0.9818300008773804
2648,3,75,3,later,0.988480269908905
2648,4,113,3,later,0.9880149364471436
2649,1,14,3,later,0.992607831954956
2649,2,38,3,later,0.9883052110671997
2649,3,75,3,later,0.9883347749710083
2649,4,113,3,later,0.9891675114631653
2650,1,14,3,later,0.9926793575286865
2650,2,38,3,later,0.9786300659179688
2650,3,75,3,later,0.9886016249656677
2650,4,113,3,later,0.9887242317199707
2651,1,14,3,later,0.992775022983551
2651,2,38,3,later,0.9786239266395569
2651,3,75,3,later,0.9887263178825378
2651,4,113,3,later,0.9882221221923828
2652,1,14,3,later,0.9923561215400696
2652,2,38,3,later,0.9741144180297852
2652,3,75,3,later,0.9890222549438477
2652,4,113,3,later,0.9890385866165161
2653,1,14,3,later,0.992378830909729
2653,2,38,3,later,0.9805194735527039
2653,3,75,3,later,0.9886208772659302
2653,4,113,3,later,0.9874167442321777
2654,1,14,3,later,0.9915300607681274
2654,2,38,3,later,0.9787181615829468
2654,3,75,3,later,0.9886245727539062
2654,4,113,3,later,0.9871228337287903
2655,1,14,3,later,0.9917746782302856
2655,2,38,3,later,0.9831193685531616
2655,3,75,3,later,0.9887953400611877
2655,4,113,3,later,0.9879509210586548
2656,1,14,3,later,0.9926643371582031
2656,2,38,3,later,0.9834175705909729
2656,3,75,3,later,0.9885292649269104
2656,4,113,3,later,0.9861441254615784
2657,1,14,3,later,0.992483913898468
2657,2,38,3,later,0.9817151427268982
2657,3,75,3,later,0.9887705445289612
2657,4,113,3,later,0.9857581853866577
2658,1,14,3,later,0.992451012134552
2658,2,38,3,later,0.9833455085754395
2658,3,75,3,later,0.9884901642799377
2658,4,113,3,later,0.9862204790115356
2659,1,14,3,later,0.9936419725418091
2659,2,38,3,later,0.9849045872688293
2659,3,75,3,later,0.9887708425521851
2659,4,113,3,later,0.9871886968612671
2660,1,14,3,later,0.9925186038017273
2660,2,38,3,later,0.979137659072876
2660,3,75,3,later,0.9880666732788086
2660,4,113,3,later,0.9860507249832153
2661,1,14,3,later,0.9925673604011536
2661,2,38,3,later,0.9784066677093506
2661,3,75,3,later,0.9879422187805176
2661,4,113,3,later,0.9868066906929016
2662,1,14,3,later,0.9923738241195679
2662,2,38,3,later,0.9802372455596924
2662,3,75,3,later,0.9886436462402344
2662,4,113,3,later,0.9864693284034729
2663,1,14,3,later,0.9928915500640869
2663,2,38,3,later,0.9897353649139404
2663,3,75,3,later,0.9884989857673645
2663,4,113,3,later,0.9871087670326233
2664,1,14,3,later,0.9927091598510742
2664,2,38,3,later,0.9892033934593201
2664,3,75,3,later,0.9885585308074951
2664,4,113,3,later,0.9870827198028564
2665,1,14,3,later,0.9939655661582947
2665,2,38,3,later,0.9882524013519287
2665,3,75,3,later,0.9887783527374268
2665,4,113,3,later,0.9871379733085632
2666,1,14,3,later,0.9929347038269043
2666,2,38,3,later,0.9794979691505432
2666,3,75,3,later,0.9882702231407166
2666,4,113,3,later,0.9879484176635742
2667,1,14,3,later,0.9932068586349487
2667,2,38,3,later,0.9824884533882141
2667,3,75,3,later,0.9884575009346008
2667,4,113,3,later,0.9870628714561462
2668,1,14,3,later,0.9923166036605835
2668,2,38,3,later,0.9850890040397644
2668,3,75,3,later,0.9889548420906067
2668,4,113,3,later,0.9875292181968689
2669,1,14,3,later,0.9915328621864319
2669,2,38,3,later,0.9862912893295288
2669,3,75,3,later,0.9885312914848328
2669,4,113,3,later,0.9874900579452515
2670,1,14,3,later,0.9935536980628967
2670,2,38,3,later,0.9842339754104614
2670,3,75,3,later,0.9882246851921082
2670,4,113,3,later,0.9877591133117676
2671,1,14,3,later,0.993886411190033
2671,2,38,3,later,0.9810742735862732
2671,3,75,3,later,0.9881154298782349
2671,4,113,3,later,0.9880288243293762
2672,1,14,3,later,0.9941273927688599
2672,2,38,3,later,0.973686158657074
2672,3,75,3,later,0.9882141947746277
2672,4,113,3,later,0.987907350063324
2673,1,14,3,later,0.9912192821502686
2673,2,38,3,later,0.9837973117828369
2673,3,75,3,later,0.9885445833206177
2673,4,113,3,later,0.9879927635192871
2674,1,14,3,later,0.992892861366272
2674,2,38,3,later,0.9842720627784729
2674,3,75,3,later,0.988538920879364
2674,4,113,3,later,0.9878958463668823
2675,1,14,3,later,0.9928764700889587
2675,2,38,3,later,0.987913191318512
2675,3,75,3,later,0.9883937835693359
2675,4,113,3,later,0.9875561594963074
2676,1,14,3,later,0.9921461939811707
2676,2,38,3,later,0.9881198406219482
2676,3,75,3,later,0.9881784915924072
2676,4,113,3,later,0.9881499409675598
2677,1,14,3,later,0.9924827218055725
2677,2,38,3,later,0.9873801469802856
2677,3,75,3,later,0.9882396459579468
2677,4,113,3,later,0.9874517917633057
2678,1,14,3,later,0.9915773272514343
2678,2,38,3,later,0.9874852299690247
2678,3,75,3,later,0.9886133670806885
2678,4,113,3,later,0.988005518913269
2679,1,14,3,later,0.9913124442100525
2679,2,38,3,later,0.9861025810241699
2679,3,75,3,later,0.9890314936637878
2679,4,113,3,later,0.9874891042709351
2680,1,14,3,later,0.99027419090271
2680,2,38,3,later,0.9905500411987305
2680,3,75,3,later,0.9888949990272522
2680,4,113,3,later,0.988223135471344
2681,1,14,3,later,0.9905301332473755
2681,2,38,3,later,0.990162193775177
2681,3,75,3,later,0.9884306788444519
2681,4,113,3,later,0.9879660606384277
2682,1,14,3,later,0.9902941584587097
2682,2,38,3,later,0.9904317259788513
2682,3,75,3,later,0.9886325001716614
2682,4,113,3,later,0.9873247742652893
2683,1,14,3,later,0.9905463457107544
2683,2,38,3,later,0.98041832447052
2683,3,75,3,later,0.9885937571525574
2683,4,113,3,later,0.9880551695823669
2684,1,14,3,later,0.9904108047485352
2684,2,38,3,later,0.9887017607688904
2684,3,75,3,later,0.9888585805892944
2684,4,113,3,later,0.9877787232398987
2685,1,14,3,later,0.9925523996353149
2685,2,38,3,later,0.978972315788269
2685,3,75,3,later,0.9894121289253235
2685,4,113,3,later,0.9865782260894775
2686,1,14,3,later,0.9910052418708801
2686,2,38,3,later,0.9832912087440491
2686,3,75,3,later,0.9895367622375488
2686,4,113,3,later,0.9875842928886414
2687,1,14,3,later,0.9907712936401367
2687,2,38,3,later,0.9795110821723938
2687,3,75,3,later,0.9897922873497009
2687,4,113,3,later,0.9870543479919434
2688,1,14,3,later,0.989115834236145
2688,2,38,3,later,0.9810779094696045
2688,3,75,3,later,0.9900178909301758
2688,4,113,3,later,0.9879698157310486
2689,1,14,3,later,0.9901794195175171
2689,2,38,3,later,0.9784446358680725
2689,3,75,3,later,0.9896165132522583
2689,4,113,3,later,0.987891435623169
2690,1,14,3,later,0.9894130825996399
2690,2,38,3,later,0.9722478985786438
2690,3,75,3,later,0.9898079633712769
2690,4,113,3,later,0.9872435331344604
2691,1,14,3,later,0.9928816556930542
2691,2,38,3,later,0.9690550565719604
2691,3,75,3,later,0.989753782749176
2691,4,113,3,later,0.9876938462257385
2692,1,14,3,later,0.9894843697547913
2692,2,38,3,later,0.9640461802482605
2692,3,75,3,later,0.9898927211761475
2692,4,113,3,later,0.9873786568641663
2693,1,14,3,later,0.9888051748275757
2693,2,38,3,later,0.9706881642341614
2693,3,75,3,later,0.9898509979248047
2693,4,113,3,later,0.9878036975860596
2694,1,14,3,later,0.9882192015647888
2694,2,38,3,later,0.9785999655723572
2694,3,75,3,later,0.9899843335151672
2694,4,113,3,later,0.9889477491378784
2695,1,14,3,later,0.9948332905769348
2695,2,38,3,later,0.9794818162918091
2695,3,75,3,later,0.9899784922599792
2695,4,113,3,later,0.9886831641197205
2696,1,14,3,later,0.9920071959495544
2696,2,38,3,later,0.9753823280334473
2696,3,75,3,later,0.9898661971092224
2696,4,113,3,later,0.988494873046875
2697,1,14,3,later,0.9920288324356079
2697,2,38,3,later,0.9765925407409668
2697,3,75,3,later,0.9894475936889648
2697,4,113,3,later,0.9878281354904175
2698,1,14,3,later,0.9907055497169495
2698,2,38,3,later,0.975252628326416
2698,3,75,3,later,0.989712119102478
2698,4,113,3,later,0.9876894950866699
2699,1,14,3,later,0.9915857911109924
2699,2,38,3,later,0.9691389799118042
2699,3,75,3,later,0.9895098805427551
2699,4,113,3,later,0.9876683354377747
2700,1,14,3,later,0.9909660816192627
2700,2,38,3,later,0.9685994982719421
2700,3,75,3,later,0.9898890852928162
2700,4,113,3,later,0.9870773553848267
2701,1,14,3,later,0.9905509948730469
2701,2,38,3,later,0.9776046276092529
2701,3,75,3,later,0.9896085262298584
2701,4,113,3,later,0.9880725145339966
2702,1,14,3,later,0.9911259412765503
2702,2,38,3,later,0.9845455288887024
2702,3,75,3,later,0.9896824359893799
2702,4,113,3,later,0.9882699251174927
2703,1,14,3,later,0.9912195205688477
2703,2,38,3,later,0.9859245419502258
2703,3,75,3,later,0.9894226789474487
2703,4,113,3,later,0.9877523183822632
2704,1,14,3,later,0.9921973943710327
2704,2,38,3,later,0.9716999530792236
2704,3,75,3,later,0.9892960786819458
2704,4,113,3,later,0.988206148147583
2705,1,14,3,later,0.9917447566986084
2705,2,38,3,later,0.976865828037262
2705,3,75,3,later,0.9891940355300903
2705,4,113,3,later,0.9887285828590393
2706,1,14,3,later,0.9920504689216614
2706,2,38,3,later,0.9732827544212341
2706,3,75,3,later,0.9899807572364807
2706,4,113,3,later,0.9882463216781616
2707,1,14,3,later,0.9917729496955872
2707,2,38,3,later,0.9740467667579651
2707,3,75,3,later,0.9892492890357971
2707,4,113,3,later,0.9875646233558655
2708,1,14,3,later,0.9917156100273132
2708,2,38,3,later,0.9738178849220276
2708,3,75,3,later,0.988462507724762
2708,4,113,3,later,0.9883124828338623
2709,1,14,3,later,0.9923951625823975
2709,2,38,3,later,0.9753723740577698
2709,3,75,3,later,0.9884268641471863
2709,4,113,3,later,0.98785400390625
2710,1,14,3,later,0.992453396320343
2710,2,38,3,later,0.9743725657463074
2710,3,75,3,later,0.98711758852005
2710,4,113,3,later,0.9886710047721863
2711,1,14,3,later,0.9924814105033875
2711,2,38,3,later,0.9768691658973694
2711,3,75,3,later,0.9880547523498535
2711,4,113,3,later,0.9884049296379089
2712,1,14,3,later,0.9915729761123657
2712,2,38,3,later,0.9709247350692749
2712,3,75,3,later,0.9888642430305481
2712,4,113,3,later,0.9885329604148865
2713,1,14,3,later,0.9928919076919556
2713,2,38,3,later,0.9770022034645081
2713,3,75,3,later,0.9885890483856201
2713,4,113,3,later,0.9886159300804138
2714,1,14,3,later,0.9914379715919495
2714,2,38,3,later,0.983108401298523
2714,3,75,3,later,0.9883564710617065
2714,4,113,3,later,0.9885797500610352
2715,1,14,3,later,0.9900938868522644
2715,2,38,3,later,0.9721529483795166
2715,3,75,3,later,0.9883955121040344
2715,4,113,3,later,0.9881818890571594
2716,1,14,3,later,0.9896953701972961
2716,2,38,3,later,0.9805185198783875
2716,3,75,3,later,0.9887301325798035
2716,4,113,3,later,0.9893767237663269
2717,1,14,3,later,0.9910227656364441
2717,2,38,3,later,0.9636856913566589
2717,3,75,3,later,0.9885842204093933
2717,4,113,3,later,0.988889217376709
2718,1,14,3,later,0.9909607172012329
2718,2,38,3,later,0.9774942398071289
2718,3,75,3,later,0.9885551333427429
2718,4,113,3,later,0.9893880486488342
2719,1,14,3,later,0.990177571773529
2719,2,38,3,later,0.9763441681861877
2719,3,75,3,later,0.9871987700462341
2719,4,113,3,later,0.9888796806335449
2720,1,14,3,later,0.9909502267837524
2720,2,38,3,later,0.9763258099555969
2720,3,75,3,later,0.9888944029808044
2720,4,113,3,later,0.9882583022117615
2721,1,14,3,later,0.9923344254493713
2721,2,38,3,later,0.9695640206336975
2721,3,75,3,later,0.9890653491020203
2721,4,113,3,later,0.9873685836791992
2722,1,14,3,later,0.9917417764663696
2722,2,38,3,later,0.9776909351348877
2722,3,75,3,later,0.9890286326408386
2722,4,113,3,later,0.9874987006187439
2723,1,14,3,later,0.990827202796936
2723,2,38,3,later,0.9744755625724792
2723,3,75,3,later,0.9891013503074646
2723,4,113,3,later,0.9875913858413696
2724,1,14,3,later,0.9915980100631714
2724,2,38,3,later,0.9814510941505432
2724,3,75,3,later,0.9895322918891907
2724,4,113,3,later,0.9877042174339294
2725,1,14,3,later,0.9914602041244507
2725,2,38,3,later,0.9809461236000061
2725,3,75,3,later,0.9900549650192261
2725,4,113,3,later,0.9874598383903503
2726,1,14,3,later,0.9922789335250854
2726,2,38,3,later,0.974683403968811
2726,3,75,3,later,0.9897468686103821
2726,4,113,3,later,0.988851010799408
2727,1,14,3,later,0.991619348526001
2727,2,38,3,later,0.9754606485366821
2727,3,75,3,later,0.9895877242088318
2727,4,113,3,later,0.9875190258026123
2728,1,14,3,later,0.9917994737625122
2728,2,38,3,later,0.9789519309997559
2728,3,75,3,later,0.989448070526123
2728,4,113,3,later,0.9887168407440186
2729,1,14,3,later,0.9916430115699768
2729,2,38,3,later,0.9798292517662048
2729,3,75,3,later,0.9898545742034912
2729,4,113,3,later,0.9883121252059937
2730,1,14,3,later,0.9915616512298584
2730,2,38,3,later,0.970903754234314
2730,3,75,3,later,0.9895023703575134
2730,4,113,3,later,0.9873847365379333
2731,1,14,3,later,0.991892397403717
2731,2,38,3,later,0.9737130999565125
2731,3,75,3,later,0.9895811080932617
2731,4,113,3,later,0.9881631731987
2732,1,14,3,later,0.9897235631942749
2732,2,38,3,later,0.973992109298706
2732,3,75,3,later,0.9897644519805908
2732,4,113,3,later,0.9887782335281372
2733,1,14,3,later,0.9897859692573547
2733,2,38,3,later,0.9763780236244202
2733,3,75,3,later,0.989391565322876
2733,4,113,3,later,0.9867213368415833
2734,1,14,3,later,0.9906793832778931
2734,2,38,3,later,0.9686780571937561
2734,3,75,3,later,0.9897936582565308
2734,4,113,3,later,0.989137589931488
2735,1,14,3,later,0.9910303950309753
2735,2,38,3,later,0.9807330965995789
2735,3,75,3,later,0.9897280931472778
2735,4,113,3,later,0.9887402653694153
2736,1,14,3,later,0.9905827045440674
2736,2,38,3,later,0.9752432703971863
2736,3,75,3,later,0.9896523952484131
2736,4,113,3,later,0.9882234930992126
2737,1,14,3,later,0.9912999868392944
2737,2,38,3,later,0.9876430630683899
2737,3,75,3,later,0.9898036122322083
2737,4,113,3,later,0.9868031740188599
2738,1,14,3,later,0.9902669787406921
2738,2,38,3,later,0.9895288348197937
2738,3,75,3,later,0.9900981783866882
2738,4,113,3,later,0.9881031513214111
2739,1,14,3,later,0.9900655746459961
2739,2,38,3,later,0.98907470703125
2739,3,75,3,later,0.9899256229400635
2739,4,113,3,later,0.987556517124176
2740,1,14,3,later,0.991136372089386
2740,2,38,3,later,0.9871562719345093
2740,3,75,3,later,0.9899625182151794
2740,4,113,3,later,0.9870639443397522
2741,1,14,3,later,0.9917469620704651
2741,2,38,3,later,0.9876812100410461
2741,3,75,3,later,0.9899569749832153
2741,4,113,3,later,0.9873746633529663
2742,1,14,3,later,0.9915823936462402
2742,2,38,3,later,0.9858858585357666
2742,3,75,3,later,0.9895877838134766
2742,4,113,3,later,0.9878895878791809
2743,1,14,3,later,0.9911952018737793
2743,2,38,3,later,0.9840303063392639
2743,3,75,3,later,0.9899660348892212
2743,4,113,3,later,0.9881789088249207
2744,1,14,3,later,0.9910037517547607
2744,2,38,3,later,0.9865925312042236
2744,3,75,3,later,0.9896039962768555
2744,4,113,3,later,0.9884452819824219
2745,1,14,3,later,0.9910345673561096
2745,2,38,3,later,0.9908633828163147
2745,3,75,3,later,0.989366888999939
2745,4,113,3,later,0.988471508026123
2746,1,14,3,later,0.9907729029655457
2746,2,38,3,later,0.989424467086792
2746,3,75,3,later,0.9899544715881348
2746,4,113,3,later,0.9887632727622986
2747,1,14,3,later,0.9911919236183167
2747,2,38,3,later,0.9884442090988159
2747,3,75,3,later,0.9888613820075989
2747,4,113,3,later,0.9896238446235657
2748,1,14,3,later,0.9910101294517517
2748,2,38,3,later,0.9891672730445862
2748,3,75,3,later,0.9892733693122864
2748,4,113,3,later,0.9875215888023376
2749,1,14,3,later,0.9912317991256714
2749,2,38,3,later,0.9889727234840393
2749,3,75,3,later,0.9893054366111755
2749,4,113,3,later,0.9890944361686707
2750,1,14,3,later,0.9911198616027832
2750,2,38,3,later,0.9870895147323608
2750,3,75,3,later,0.9892128705978394
2750,4,113,3,later,0.9889105558395386
2751,1,14,3,later,0.9922290444374084
2751,2,38,3,later,0.9881773591041565
2751,3,75,3,later,0.9889761209487915
2751,4,113,3,later,0.9904692769050598
2752,1,14,3,later,0.9902011752128601
2752,2,38,3,later,0.9892705678939819
2752,3,75,3,later,0.9897584319114685
2752,4,113,3,later,0.990385890007019
2753,1,14,3,later,0.991112232208252
2753,2,38,3,later,0.9853731393814087
2753,3,75,3,later,0.9895084500312805
2753,4,113,3,later,0.9883759617805481
2754,1,14,3,later,0.9905205965042114
2754,2,38,3,later,0.9874392151832581
2754,3,75,3,later,0.989696204662323
2754,4,113,3,later,0.9885393381118774
2755,1,14,3,later,0.9905723929405212
2755,2,38,3,later,0.9885527491569519
2755,3,75,3,later,0.9893378019332886
2755,4,113,3,later,0.9903600811958313
2756,1,14,3,later,0.9906536340713501
2756,2,38,3,later,0.9867851138114929
2756,3,75,3,later,0.9889954328536987
2756,4,113,3,later,0.98626309633255
2757,1,14,3,later,0.9905633926391602
2757,2,38,3,later,0.9891622066497803
2757,3,75,3,later,0.9890887141227722
2757,4,113,3,later,0.9881738424301147
2758,1,14,3,later,0.9897318482398987
2758,2,38,3,later,0.9868687987327576
2758,3,75,3,later,0.9890737533569336
2758,4,113,3,later,0.9892364740371704
2759,1,14,3,later,0.9896966814994812
2759,2,38,3,later,0.9868097901344299
2759,3,75,3,later,0.9890720844268799
2759,4,113,3,later,0.9868364930152893
2760,1,14,3,later,0.9918391704559326
2760,2,38,3,later,0.9854201078414917
2760,3,75,3,later,0.988800585269928
2760,4,113,3,later,0.9895516037940979
2761,1,14,3,later,0.9922895431518555
2761,2,38,3,later,0.9880644083023071
2761,3,75,3,later,0.9887999892234802
2761,4,113,3,later,0.9874176979064941
2762,1,14,3,later,0.9901832938194275
2762,2,38,3,later,0.9856297373771667
2762,3,75,3,later,0.9870701432228088
2762,4,113,3,later,0.98759925365448
2763,1,14,3,later,0.9915274977684021
2763,2,38,3,later,0.9916021227836609
2763,3,75,3,later,0.9878351092338562
2763,4,113,3,later,0.9854651093482971
2764,1,14,3,later,0.9908823370933533
2764,2,38,3,later,0.9898797869682312
2764,3,75,3,later,0.9876589775085449
2764,4,113,3,later,0.984354555606842
2765,1,14,3,later,0.990300714969635
2765,2,38,3,later,0.9884872436523438
2765,3,75,3,later,0.9878540635108948
2765,4,113,3,later,0.9801340103149414
2766,1,14,3,later,0.9906041622161865
2766,2,38,3,later,0.9883246421813965
2766,3,75,3,later,0.988904595375061
2766,4,113,3,later,0.9827693104743958
2767,1,14,3,later,0.9903039932250977
2767,2,38,3,later,0.9870660305023193
2767,3,75,3,later,0.9878647327423096
2767,4,113,3,later,0.9801825881004333
2768,1,14,3,later,0.9900928139686584
2768,2,38,3,later,0.9862636923789978
2768,3,75,3,later,0.9884640574455261
2768,4,113,3,later,0.9744400382041931
2769,1,14,3,later,0.9889853596687317
2769,2,38,3,later,0.983529806137085
2769,3,75,3,later,0.9892168045043945
2769,4,113,3,later,0.9612919688224792
2770,1,14,3,later,0.9911027550697327
2770,2,38,3,later,0.9823624491691589
2770,3,75,3,later,0.9878107309341431
2770,4,113,3,later,0.972443163394928
2771,1,14,3,later,0.9902963042259216
2771,2,38,3,later,0.9868572950363159
2771,3,75,3,later,0.9874371290206909
2771,4,113,3,later,0.9701133966445923
2772,1,14,3,later,0.9830380082130432
2772,2,38,3,later,0.9847112894058228
2772,3,75,3,later,0.9874077439308167
2772,4,113,3,later,0.9757242798805237
2773,1,14,3,later,0.9844224452972412
2773,2,38,3,later,0.9864471554756165
2773,3,75,3,later,0.9893132448196411
2773,4,113,3,later,0.9786012172698975
2774,1,14,3,later,0.9892147183418274
2774,2,38,3,later,0.98582923412323
2774,3,75,3,later,0.9886443018913269
2774,4,113,3,later,0.9825865030288696
2775,1,14,3,later,0.9896225333213806
2775,2,38,3,later,0.9855934381484985
2775,3,75,3,later,0.9888346195220947
2775,4,113,3,later,0.9807942509651184
2776,1,14,3,later,0.9913692474365234
2776,2,38,3,later,0.9831710457801819
2776,3,75,3,later,0.9883876442909241
2776,4,113,3,later,0.9819677472114563
2777,1,14,3,later,0.990858256816864
2777,2,38,3,later,0.9836686849594116
2777,3,75,3,later,0.9885727763175964
2777,4,113,3,later,0.9810159802436829
2778,1,14,3,later,0.9922194480895996
2778,2,38,3,later,0.9826341867446899
2778,3,75,3,later,0.9884957671165466
2778,4,113,3,later,0.9796443581581116
2779,1,14,3,later,0.9905513525009155
2779,2,38,3,later,0.9875378608703613
2779,3,75,3,later,0.9880338311195374
2779,4,113,3,later,0.9804526567459106
2780,1,14,3,later,0.9931196570396423
2780,2,38,3,later,0.9847085475921631
2780,3,75,3,later,0.9884039163589478
2780,4,113,3,later,0.980204701423645
2781,1,14,3,later,0.991034209728241
2781,2,38,3,later,0.9838626384735107
2781,3,75,3,later,0.9886373281478882
2781,4,113,3,later,0.9711861610412598
2782,1,14,3,later,0.9915974140167236
2782,2,38,3,later,0.9805207848548889
2782,3,75,3,later,0.9888438582420349
2782,4,113,3,later,0.9798773527145386
2783,1,14,3,later,0.9910906553268433
2783,2,38,3,later,0.9810556769371033
2783,3,75,3,later,0.9885826110839844
2783,4,113,3,later,0.9810343384742737
2784,1,14,3,later,0.9912517666816711
2784,2,38,3,later,0.979839563369751
2784,3,75,3,later,0.9898353815078735
2784,4,113,3,later,0.9841484427452087
2785,1,14,3,later,0.9901822805404663
2785,2,38,3,later,0.9782675504684448
2785,3,75,3,later,0.9901923537254333
2785,4,113,3,later,0.9815176129341125
2786,1,14,3,later,0.9920340180397034
2786,2,38,3,later,0.9795414805412292
2786,3,75,3,later,0.990378737449646
2786,4,113,3,later,0.9794767498970032
2787,1,14,3,later,0.9899470806121826
2787,2,38,3,later,0.9755027294158936
2787,3,75,3,later,0.9900345206260681
2787,4,113,3,later,0.975533127784729
2788,1,14,3,later,0.9898907542228699
2788,2,38,3,later,0.9776520133018494
2788,3,75,3,later,0.9898982048034668
2788,4,113,3,later,0.9783222675323486
2789,1,14,3,later,0.9897229671478271
2789,2,38,3,later,0.9769340753555298
2789,3,75,3,later,0.9896009564399719
2789,4,113,3,later,0.9764207005500793
2790,1,14,3,later,0.9871519207954407
2790,2,38,3,later,0.978908121585846
2790,3,75,3,later,0.9891887903213501
2790,4,113,3,later,0.9809096455574036
2791,1,14,3,later,0.9898988008499146
2791,2,38,3,later,0.9819678664207458
2791,3,75,3,later,0.9880693554878235
2791,4,113,3,later,0.9835860133171082
2792,1,14,3,later,0.9874446988105774
2792,2,38,3,later,0.9880322813987732
2792,3,75,3,later,0.9866754412651062
2792,4,113,3,later,0.9842671155929565
2793,1,14,3,later,0.9897122383117676
2793,2,38,3,later,0.9889805912971497
2793,3,75,3,later,0.986348032951355
2793,4,113,3,later,0.9743155837059021
2794,1,14,3,later,0.9900918006896973
2794,2,38,3,later,0.9896230697631836
2794,3,75,3,later,0.9871920943260193
2794,4,113,3,later,0.97821444272995
2795,1,14,3,later,0.9918423891067505
2795,2,38,3,later,0.9888973832130432
2795,3,75,3,later,0.986581027507782
2795,4,113,3,later,0.9754172563552856
2796,1,14,3,later,0.9889482259750366
2796,2,38,3,later,0.9870898127555847
2796,3,75,3,later,0.9752630591392517
2796,4,113,3,later,0.9779399037361145
2797,1,14,3,later,0.9889772534370422
2797,2,38,3,later,0.9850364923477173
2797,3,75,3,later,0.9777906537055969
2797,4,113,3,later,0.9779759645462036
2798,1,14,3,later,0.9838954210281372
2798,2,38,3,later,0.9886006712913513
2798,3,75,3,later,0.9826469421386719
2798,4,113,3,later,0.9813476800918579
2799,1,14,3,later,0.985706090927124
2799,2,38,3,later,0.9853945374488831
2799,3,75,3,later,0.9784385561943054
2799,4,113,3,later,0.981646716594696
2800,1,14,3,later,0.9900822639465332
2800,2,38,3,later,0.9842642545700073
2800,3,75,3,later,0.9832309484481812
2800,4,113,3,later,0.9801842570304871
2801,1,14,3,later,0.986006498336792
2801,2,38,3,later,0.9839137196540833
2801,3,75,3,later,0.9870850443840027
2801,4,113,3,later,0.9851553440093994
2802,1,14,3,later,0.9861162900924683
2802,2,38,3,later,0.9858092069625854
2802,3,75,3,later,0.9885839819908142
2802,4,113,3,later,0.9807039499282837
2803,1,14,3,later,0.9851449728012085
2803,2,38,3,later,0.9851000905036926
2803,3,75,3,later,0.9888827800750732
2803,4,113,3,later,0.9802897572517395
2804,1,14,3,later,0.9860085844993591
2804,2,38,3,later,0.9876925945281982
2804,3,75,3,later,0.9854505658149719
2804,4,113,3,later,0.9816463589668274
2805,1,14,3,later,0.9871519207954407
2805,2,38,3,later,0.9866862893104553
2805,3,75,3,later,0.9861538410186768
2805,4,113,3,later,0.9831942319869995
2806,1,14,3,later,0.9880419373512268
2806,2,38,3,later,0.9858289957046509
2806,3,75,3,later,0.9806898236274719
2806,4,113,3,later,0.9842309951782227
2807,1,14,3,later,0.9881327152252197
2807,2,38,3,later,0.9849655032157898
2807,3,75,3,later,0.9792688488960266
2807,4,113,3,later,0.9840319156646729
2808,1,14,3,later,0.9868155717849731
2808,2,38,3,later,0.9856047630310059
2808,3,75,3,later,0.9805704355239868
2808,4,113,3,later,0.9865443110466003
2809,1,14,3,later,0.9874682426452637
2809,2,38,3,later,0.9858526587486267
2809,3,75,3,later,0.9816967844963074
2809,4,113,3,later,0.9858413338661194
2810,1,14,3,later,0.9872137904167175
2810,2,38,3,later,0.9828919172286987
2810,3,75,3,later,0.9878020882606506
2810,4,113,3,later,0.9882459044456482
2811,1,14,3,later,0.9886720776557922
2811,2,38,3,later,0.9843971133232117
2811,3,75,3,later,0.9702275395393372
2811,4,113,3,later,0.9857723116874695
2812,1,14,3,later,0.9903927445411682
2812,2,38,3,later,0.9860697984695435
2812,3,75,3,later,0.985349714756012
2812,4,113,3,later,0.9871194958686829
2813,1,14,3,later,0.9897090196609497
2813,2,38,3,later,0.9759069085121155
2813,3,75,3,later,0.9847190976142883
2813,4,113,3,later,0.9871698021888733
2814,1,14,3,later,0.989301860332489
2814,2,38,3,later,0.978083074092865
2814,3,75,3,later,0.9804496169090271
2814,4,113,3,later,0.9880192875862122
2815,1,14,3,later,0.9891636967658997
2815,2,38,3,later,0.9720181226730347
2815,3,75,3,later,0.9814372062683105
2815,4,113,3,later,0.9860568046569824
2816,1,14,3,later,0.9912371039390564
2816,2,38,3,later,0.9788973927497864
2816,3,75,3,later,0.9828917980194092
2816,4,113,3,later,0.9840731620788574
2817,1,14,3,later,0.9883229732513428
2817,2,38,3,later,0.9845314621925354
2817,3,75,3,later,0.9857839941978455
2817,4,113,3,later,0.9846451282501221
2818,1,14,3,later,0.9927617907524109
2818,2,38,3,later,0.982574462890625
2818,3,75,3,later,0.990353524684906
2818,4,113,3,later,0.9879350066184998
2819,1,14,3,later,0.9909276962280273
2819,2,38,3,later,0.9838467836380005
2819,3,75,3,later,0.9860687255859375
2819,4,113,3,later,0.9864146113395691
2820,1,14,3,later,0.9869123697280884
2820,2,38,3,later,0.9863981008529663
2820,3,75,3,later,0.9855316281318665
2820,4,113,3,later,0.9869635105133057
2821,1,14,3,later,0.9920691251754761
2821,2,38,3,later,0.9885252714157104
2821,3,75,3,later,0.9891915321350098
2821,4,113,3,later,0.9865431785583496
2822,1,14,3,later,0.9872820973396301
2822,2,38,3,later,0.989216148853302
2822,3,75,3,later,0.981400191783905
2822,4,113,3,later,0.9873143434524536
2823,1,14,3,later,0.9866544008255005
2823,2,38,3,later,0.9875234961509705
2823,3,75,3,later,0.9838358759880066
2823,4,113,3,later,0.9879978895187378
2824,1,14,3,later,0.9872249364852905
2824,2,38,3,later,0.9836752414703369
2824,3,75,3,later,0.9810467958450317
2824,4,113,3,later,0.9871645569801331
2825,1,14,3,later,0.9869720935821533
2825,2,38,3,later,0.9794318675994873
2825,3,75,3,later,0.9838290810585022
2825,4,113,3,later,0.9851846694946289
2826,1,14,3,later,0.9857513308525085
2826,2,38,3,later,0.9801004528999329
2826,3,75,3,later,0.9880688786506653
2826,4,113,3,later,0.9827664494514465
2827,1,14,3,later,0.9875376224517822
2827,2,38,3,later,0.9807559847831726
2827,3,75,3,later,0.9920521974563599
2827,4,113,3,later,0.9846615791320801
2828,1,14,3,later,0.9845807552337646
2828,2,38,3,later,0.9850136041641235
2828,3,75,3,later,0.9895100593566895
2828,4,113,3,later,0.9844479560852051
2829,1,14,3,later,0.9863841533660889
2829,2,38,3,later,0.9870005249977112
2829,3,75,3,later,0.9752243161201477
2829,4,113,3,later,0.9848390221595764
2830,1,14,3,later,0.988240122795105
2830,2,38,3,later,0.9841393232345581
2830,3,75,3,later,0.9779860377311707
2830,4,113,3,later,0.9854549169540405
2831,1,14,3,later,0.9879992604255676
2831,2,38,3,later,0.9816637635231018
2831,3,75,3,later,0.9915768504142761
2831,4,113,3,later,0.9866816401481628
2832,1,14,3,later,0.9831323623657227
2832,2,38,3,later,0.9829041361808777
2832,3,75,3,later,0.9860578775405884
2832,4,113,3,later,0.9846796989440918
2833,1,14,3,later,0.9831659197807312
2833,2,38,3,later,0.9847773313522339
2833,3,75,3,later,0.9813117980957031
2833,4,113,3,later,0.9858434200286865
2834,1,14,3,later,0.983319103717804
2834,2,38,3,later,0.9829432368278503
2834,3,75,3,later,0.9795379638671875
2834,4,113,3,later,0.9847944378852844
2835,1,14,3,later,0.9813088774681091
2835,2,38,3,later,0.9847167134284973
2835,3,75,3,later,0.9802362322807312
2835,4,113,3,later,0.9878199100494385
2836,1,14,3,later,0.9809141755104065
2836,2,38,3,later,0.9803637266159058
2836,3,75,3,later,0.9832583665847778
2836,4,113,3,later,0.9864559173583984
2837,1,14,3,later,0.9888036847114563
2837,2,38,3,later,0.9867348670959473
2837,3,75,3,later,0.9844694137573242
2837,4,113,3,later,0.9877800941467285
2838,1,14,3,later,0.9888638257980347
2838,2,38,3,later,0.9880211353302002
2838,3,75,3,later,0.9782664179801941
2838,4,113,3,later,0.9887839555740356
2839,1,14,3,later,0.9899536371231079
2839,2,38,3,later,0.9890720248222351
2839,3,75,3,later,0.9746218919754028
2839,4,113,3,later,0.9882206916809082
2840,1,14,3,later,0.9900805354118347
2840,2,38,3,later,0.9890496134757996
2840,3,75,3,later,0.9773367047309875
2840,4,113,3,later,0.9882283210754395
2841,1,14,3,later,0.9892093539237976
2841,2,38,3,later,0.9861937761306763
2841,3,75,3,later,0.9766992926597595
2841,4,113,3,later,0.9877119064331055
2842,1,14,3,later,0.9916380047798157
2842,2,38,3,later,0.9858514070510864
2842,3,75,3,later,0.9799516201019287
2842,4,113,3,later,0.9895939230918884
2843,1,14,3,later,0.9901335835456848
2843,2,38,3,later,0.9817209243774414
2843,3,75,3,later,0.9813218712806702
2843,4,113,3,later,0.988409161567688
2844,1,14,3,later,0.9891460537910461
2844,2,38,3,later,0.979398250579834
2844,3,75,3,later,0.9852173924446106
2844,4,113,3,later,0.9885732531547546
2845,1,14,3,later,0.9907118678092957
2845,2,38,3,later,0.9720916748046875
2845,3,75,3,later,0.9798691272735596
2845,4,113,3,later,0.9890840649604797
2846,1,14,3,later,0.990861713886261
2846,2,38,3,later,0.9759923219680786
2846,3,75,3,later,0.9831540584564209
2846,4,113,3,later,0.9902159571647644
2847,1,14,3,later,0.9907021522521973
2847,2,38,3,later,0.9781926870346069
2847,3,75,3,later,0.9855274558067322
2847,4,113,3,later,0.9898297190666199
2848,1,14,3,later,0.9906434416770935
2848,2,38,3,later,0.9739331603050232
2848,3,75,3,later,0.981384813785553
2848,4,113,3,later,0.9899308085441589
2849,1,14,3,later,0.9908187985420227
2849,2,38,3,later,0.9750757217407227
2849,3,75,3,later,0.9805309176445007
2849,4,113,3,later,0.9890515208244324
2850,1,14,3,later,0.9909946322441101
2850,2,38,3,later,0.9758604168891907
2850,3,75,3,later,0.9828744530677795
2850,4,113,3,later,0.9891543388366699
2851,1,14,3,later,0.9908100962638855
2851,2,38,3,later,0.9758075475692749
2851,3,75,3,later,0.9863341450691223
2851,4,113,3,later,0.9893675446510315
2852,1,14,3,later,0.9900508522987366
2852,2,38,3,later,0.9772109389305115
2852,3,75,3,later,0.9887537956237793
2852,4,113,3,later,0.9892073273658752
2853,1,14,3,later,0.9909279346466064
2853,2,38,3,later,0.9855638146400452
2853,3,75,3,later,0.9936475157737732
2853,4,113,3,later,0.9895333647727966
2854,1,14,3,later,0.991199791431427
2854,2,38,3,later,0.9860349893569946
2854,3,75,3,later,0.9916306138038635
2854,4,113,3,later,0.990147054195404
2855,1,14,3,later,0.9920307993888855
2855,2,38,3,later,0.9867855906486511
2855,3,75,3,later,0.9906868934631348
2855,4,113,3,later,0.9895792007446289
2856,1,14,3,later,0.9897871613502502
2856,2,38,3,later,0.9864553213119507
2856,3,75,3,later,0.9883487820625305
2856,4,113,3,later,0.9906063675880432
2857,1,14,3,later,0.9884007573127747
2857,2,38,3,later,0.9885009527206421
2857,3,75,3,later,0.9837130904197693
2857,4,113,3,later,0.9903619289398193
2858,1,14,3,later,0.9909002780914307
2858,2,38,3,later,0.9868797659873962
2858,3,75,3,later,0.9815995693206787
2858,4,113,3,later,0.9912596940994263
2859,1,14,3,later,0.9913570880889893
2859,2,38,3,later,0.9871870279312134
2859,3,75,3,later,0.9903527498245239
2859,4,113,3,later,0.9903600215911865
2860,1,14,3,later,0.9876625537872314
2860,2,38,3,later,0.9874886274337769
2860,3,75,3,later,0.9906563758850098
2860,4,113,3,later,0.9889218211174011
2861,1,14,3,later,0.9893850684165955
2861,2,38,3,later,0.988343358039856
2861,3,75,3,later,0.9906620979309082
2861,4,113,3,later,0.9897583723068237
2862,1,14,3,later,0.9887610077857971
2862,2,38,3,later,0.9904384613037109
2862,3,75,3,later,0.9862814545631409
2862,4,113,3,later,0.9913232326507568
2863,1,14,3,later,0.9914708733558655
2863,2,38,3,later,0.9884870052337646
2863,3,75,3,later,0.9772300124168396
2863,4,113,3,later,0.990775465965271
2864,1,14,3,later,0.9903439283370972
2864,2,38,3,later,0.9888630509376526
2864,3,75,3,later,0.9860254526138306
2864,4,113,3,later,0.9904090762138367
2865,1,14,3,later,0.9903216361999512
2865,2,38,3,later,0.9900301694869995
2865,3,75,3,later,0.9896363019943237
2865,4,113,3,later,0.9902719259262085
2866,1,14,3,later,0.9898284077644348
2866,2,38,3,later,0.9903926253318787
2866,3,75,3,later,0.9870586395263672
2866,4,113,3,later,0.989331066608429
2867,1,14,3,later,0.9888411164283752
2867,2,38,3,later,0.9893077611923218
2867,3,75,3,later,0.987651526927948
2867,4,113,3,later,0.9903287291526794
2868,1,14,3,later,0.9884274005889893
2868,2,38,3,later,0.9884415864944458
2868,3,75,3,later,0.9838032722473145
2868,4,113,3,later,0.9904159307479858
2869,1,14,3,later,0.9866899251937866
2869,2,38,3,later,0.9875860810279846
2869,3,75,3,later,0.9848108291625977
2869,4,113,3,later,0.9911738038063049
2870,1,14,3,later,0.9891961216926575
2870,2,38,3,later,0.988312304019928
2870,3,75,3,later,0.9885602593421936
2870,4,113,3,later,0.9896421432495117
2871,1,14,3,later,0.9865797758102417
2871,2,38,3,later,0.9879642724990845
2871,3,75,3,later,0.9903919100761414
2871,4,113,3,later,0.9910891652107239
2872,1,14,3,later,0.9884512424468994
2872,2,38,3,later,0.9843393564224243
2872,3,75,3,later,0.9915563464164734
2872,4,113,3,later,0.9895290732383728
2873,1,14,3,later,0.9875614643096924
2873,2,38,3,later,0.9867457747459412
2873,3,75,3,later,0.9909844398498535
2873,4,113,3,later,0.9896513223648071
2874,1,14,3,later,0.9893218278884888
2874,2,38,3,later,0.983974039554596
2874,3,75,3,later,0.9898566007614136
2874,4,113,3,later,0.9902780055999756
2875,1,14,3,later,0.9903155565261841
2875,2,38,3,later,0.9834126234054565
2875,3,75,3,later,0.9913955926895142
2875,4,113,3,later,0.9912726879119873
2876,1,14,3,later,0.9893085360527039
2876,2,38,3,later,0.9867581129074097
2876,3,75,3,later,0.9921459555625916
2876,4,113,3,later,0.9903748035430908
2877,1,14,3,later,0.99124675989151
2877,2,38,3,later,0.984246015548706
2877,3,75,3,later,0.9924982786178589
2877,4,113,3,later,0.9910722374916077
2878,1,14,3,later,0.9870104193687439
2878,2,38,3,later,0.9891128540039062
2878,3,75,3,later,0.9921234250068665
2878,4,113,3,later,0.9903563261032104
2879,1,14,3,later,0.9902921915054321
2879,2,38,3,later,0.9889065623283386
2879,3,75,3,later,0.9916608929634094
2879,4,113,3,later,0.9913362860679626
2880,1,14,3,later,0.9915586113929749
2880,2,38,3,later,0.989329993724823
2880,3,75,3,later,0.9904617071151733
2880,4,113,3,later,0.9894191026687622
2881,1,14,3,later,0.9921182990074158
2881,2,38,3,later,0.9886357188224792
2881,3,75,3,later,0.9895586371421814
2881,4,113,3,later,0.9906637072563171
2882,1,14,3,later,0.9884333610534668
2882,2,38,3,later,0.9912754893302917
2882,3,75,3,later,0.9906050562858582
2882,4,113,3,later,0.9892995357513428
2883,1,14,3,later,0.9870457649230957
2883,2,38,3,later,0.9900026321411133
2883,3,75,3,later,0.9895194172859192
2883,4,113,3,later,0.9894991517066956
2884,1,14,3,later,0.9869731664657593
2884,2,38,3,later,0.9867967367172241
2884,3,75,3,later,0.988147497177124
2884,4,113,3,later,0.990129828453064
2885,1,14,3,later,0.9878803491592407
2885,2,38,3,later,0.9855021238327026
2885,3,75,3,later,0.984520673751831
2885,4,113,3,later,0.9912068247795105
2886,1,14,3,later,0.9865912199020386
2886,2,38,3,later,0.9825221300125122
2886,3,75,3,later,0.989016592502594
2886,4,113,3,later,0.9906928539276123
2887,1,14,3,later,0.9861897826194763
2887,2,38,3,later,0.9833422303199768
2887,3,75,3,later,0.990159273147583
2887,4,113,3,later,0.9916262626647949
2888,1,14,3,later,0.9869803190231323
2888,2,38,3,later,0.9788311719894409
2888,3,75,3,later,0.9887832999229431
2888,4,113,3,later,0.9910860061645508
2889,1,14,3,later,0.9870997071266174
2889,2,38,3,later,0.9888165593147278
2889,3,75,3,later,0.9874035120010376
2889,4,113,3,later,0.9909852743148804
2890,1,14,3,later,0.985944926738739
2890,2,38,3,later,0.9878941178321838
2890,3,75,3,later,0.9860705733299255
2890,4,113,3,later,0.9890324473381042
2891,1,14,3,later,0.986276388168335
2891,2,38,3,later,0.990757405757904
2891,3,75,3,later,0.9857969880104065
2891,4,113,3,later,0.9919078350067139
2892,1,14,3,later,0.9870635271072388
2892,2,38,3,later,0.9884137511253357
2892,3,75,3,later,0.9878390431404114
2892,4,113,3,later,0.991397500038147
2893,1,14,3,later,0.9854010343551636
2893,2,38,3,later,0.9854890704154968
2893,3,75,3,later,0.9825742244720459
2893,4,113,3,later,0.9904002547264099
2894,1,14,3,later,0.9859365224838257
2894,2,38,3,later,0.9869610071182251
2894,3,75,3,later,0.9785882234573364
2894,4,113,3,later,0.9905727505683899
2895,1,14,3,later,0.9880090951919556
2895,2,38,3,later,0.9885707497596741
2895,3,75,3,later,0.9793398976325989
2895,4,113,3,later,0.9910420179367065
2896,1,14,3,later,0.9848309755325317
2896,2,38,3,later,0.986964762210846
2896,3,75,3,later,0.9849501252174377
2896,4,113,3,later,0.9908592104911804
2897,1,14,3,later,0.9859499335289001
2897,2,38,3,later,0.9886481165885925
2897,3,75,3,later,0.9832591414451599
2897,4,113,3,later,0.991219162940979
2898,1,14,3,later,0.9901660680770874
2898,2,38,3,later,0.9846170544624329
2898,3,75,3,later,0.9853793978691101
2898,4,113,3,later,0.9914412498474121
2899,1,14,3,later,0.9876262545585632
2899,2,38,3,later,0.9840720295906067
2899,3,75,3,later,0.9845301508903503
2899,4,113,3,later,0.9915422797203064
2900,1,14,3,later,0.9866802096366882
2900,2,38,3,later,0.9869378209114075
2900,3,75,3,later,0.9843201041221619
2900,4,113,3,later,0.9907619953155518
2901,1,14,3,later,0.9866277575492859
2901,2,38,3,later,0.9833267331123352
2901,3,75,3,later,0.986106276512146
2901,4,113,3,later,0.9922056794166565
2902,1,14,3,later,0.9846065044403076
2902,2,38,3,later,0.9840052723884583
2902,3,75,3,later,0.9781364798545837
2902,4,113,3,later,0.9923697113990784
2903,1,14,3,later,0.9858872294425964
2903,2,38,3,later,0.9848032593727112
2903,3,75,3,later,0.9832401275634766
2903,4,113,3,later,0.9915681481361389
2904,1,14,3,later,0.9890984892845154
2904,2,38,3,later,0.9839641451835632
2904,3,75,3,later,0.9827279448509216
2904,4,113,3,later,0.9900707006454468
2905,1,14,3,later,0.9875875115394592
2905,2,38,3,later,0.9857765436172485
2905,3,75,3,later,0.9814868569374084
2905,4,113,3,later,0.9894457459449768
2906,1,14,3,later,0.9880010485649109
2906,2,38,3,later,0.9813782572746277
2906,3,75,3,later,0.9690515398979187
2906,4,113,3,later,0.990794837474823
2907,1,14,3,later,0.9870119094848633
2907,2,38,3,later,0.9817265868186951
2907,3,75,3,later,0.9743034839630127
2907,4,113,3,later,0.9902819991111755
2908,1,14,3,later,0.9905965328216553
2908,2,38,3,later,0.9812501072883606
2908,3,75,3,later,0.972980260848999
2908,4,113,3,later,0.988806426525116
2909,1,14,3,later,0.9919724464416504
2909,2,38,3,later,0.9808393716812134
2909,3,75,3,later,0.9733493328094482
2909,4,113,3,later,0.9898618459701538
2910,1,14,3,later,0.9939021468162537
2910,2,38,3,later,0.984443724155426
2910,3,75,3,later,0.9721310138702393
2910,4,113,3,later,0.9892138838768005
2911,1,14,3,later,0.9933384656906128
2911,2,38,3,later,0.9816964268684387
2911,3,75,3,later,0.9652119278907776
2911,4,113,3,later,0.9904311299324036
2912,1,14,3,later,0.9935879707336426
2912,2,38,3,later,0.9886362552642822
2912,3,75,3,later,0.9701714515686035
2912,4,113,3,later,0.9898306727409363
2913,1,14,3,later,0.9933487176895142
2913,2,38,3,later,0.9836925268173218
2913,3,75,3,later,0.9739534258842468
2913,4,113,3,later,0.9897317886352539
2914,1,14,3,later,0.9920200705528259
2914,2,38,3,later,0.9861977696418762
2914,3,75,3,later,0.9709622263908386
2914,4,113,3,later,0.990684449672699
2915,1,14,3,later,0.9926563501358032
2915,2,38,3,later,0.9849504232406616
2915,3,75,3,later,0.9766970276832581
2915,4,113,3,later,0.9898208975791931
2916,1,14,3,later,0.9912942051887512
2916,2,38,3,later,0.9875379800796509
2916,3,75,3,later,0.9727429747581482
2916,4,113,3,later,0.989427924156189
2917,1,14,3,later,0.9929383397102356
2917,2,38,3,later,0.9873864054679871
2917,3,75,3,later,0.9734644889831543
2917,4,113,3,later,0.9911457300186157
2918,1,14,3,later,0.9916819334030151
2918,2,38,3,later,0.9872522354125977
2918,3,75,3,later,0.965674638748169
2918,4,113,3,later,0.9897708296775818
2919,1,14,3,later,0.9908120036125183
2919,2,38,3,later,0.9853612780570984
2919,3,75,3,later,0.9695901870727539
2919,4,113,3,later,0.9895353317260742
2920,1,14,3,later,0.9920316338539124
2920,2,38,3,later,0.988016664981842
2920,3,75,3,later,0.9690473675727844
2920,4,113,3,later,0.9914526343345642
2921,1,14,3,later,0.9900454878807068
2921,2,38,3,later,0.9919024109840393
2921,3,75,3,later,0.9684774875640869
2921,4,113,3,later,0.9912171959877014
2922,1,14,3,later,0.9896028637886047
2922,2,38,3,later,0.991283118724823
2922,3,75,3,later,0.9757870435714722
2922,4,113,3,later,0.9913292527198792
2923,1,14,3,later,0.9908445477485657
2923,2,38,3,later,0.9880978465080261
2923,3,75,3,later,0.9765703082084656
2923,4,113,3,later,0.9916791319847107
2924,1,14,3,later,0.988960325717926
2924,2,38,3,later,0.9894040822982788
2924,3,75,3,later,0.970364511013031
2924,4,113,3,later,0.9908100366592407
2925,1,14,3,later,0.9888529181480408
2925,2,38,3,later,0.9912944436073303
2925,3,75,3,later,0.9671091437339783
2925,4,113,3,later,0.9909283518791199
2926,1,14,3,later,0.9912258982658386
2926,2,38,3,later,0.9861026406288147
2926,3,75,3,later,0.9641913175582886
2926,4,113,3,later,0.9905582070350647
2927,1,14,3,later,0.9906959533691406
2927,2,38,3,later,0.9899219870567322
2927,3,75,3,later,0.9669371843338013
2927,4,113,3,later,0.9912576079368591
2928,1,14,3,later,0.9927045702934265
2928,2,38,3,later,0.9863725900650024
2928,3,75,3,later,0.9719995856285095
2928,4,113,3,later,0.9915522336959839
2929,1,14,3,later,0.9904534220695496
2929,2,38,3,later,0.9788657426834106
2929,3,75,3,later,0.985404908657074
2929,4,113,3,later,0.991084098815918
2930,1,14,3,later,0.9916386604309082
2930,2,38,3,later,0.986430287361145
2930,3,75,3,later,0.9825145602226257
2930,4,113,3,later,0.9892895817756653
2931,1,14,3,later,0.9910200834274292
2931,2,38,3,later,0.9862907528877258
2931,3,75,3,later,0.9793292880058289
2931,4,113,3,later,0.989969789981842
2932,1,14,3,later,0.9898759126663208
2932,2,38,3,later,0.9906072020530701
2932,3,75,3,later,0.9778570532798767
2932,4,113,3,later,0.9914965033531189
2933,1,14,3,later,0.9916334748268127
2933,2,38,3,later,0.9915570020675659
2933,3,75,3,later,0.9706124663352966
2933,4,113,3,later,0.9915179014205933
2934,1,14,3,later,0.9895296692848206
2934,2,38,3,later,0.9907611608505249
2934,3,75,3,later,0.9699051380157471
2934,4,113,3,later,0.991485595703125
2935,1,14,3,later,0.9904780983924866
2935,2,38,3,later,0.9909392595291138
2935,3,75,3,later,0.9690816402435303
2935,4,113,3,later,0.9916107058525085
2936,1,14,3,later,0.9911785125732422
2936,2,38,3,later,0.9903280735015869
2936,3,75,3,later,0.9776483774185181
2936,4,113,3,later,0.991841733455658
2937,1,14,3,later,0.9908941388130188
2937,2,38,3,later,0.989716649055481
2937,3,75,3,later,0.9832053184509277
2937,4,113,3,later,0.9921243786811829
2938,1,14,3,later,0.9904878735542297
2938,2,38,3,later,0.9869067668914795
2938,3,75,3,later,0.9844205975532532
2938,4,113,3,later,0.991843581199646
2939,1,14,3,later,0.9900793433189392
2939,2,38,3,later,0.9875784516334534
2939,3,75,3,later,0.9814864993095398
2939,4,113,3,later,0.9913609027862549
2940,1,14,3,later,0.9894145727157593
2940,2,38,3,later,0.9848849773406982
2940,3,75,3,later,0.9831804633140564
2940,4,113,3,later,0.9910624623298645
2941,1,14,3,later,0.9920274019241333
2941,2,38,3,later,0.9845777750015259
2941,3,75,3,later,0.9838320016860962
2941,4,113,3,later,0.9898933172225952
2942,1,14,3,later,0.9918454885482788
2942,2,38,3,later,0.9852961897850037
2942,3,75,3,later,0.9845625758171082
2942,4,113,3,later,0.9896745681762695
2943,1,14,3,later,0.9925522208213806
2943,2,38,3,later,0.9875537753105164
2943,3,75,3,later,0.9859067797660828
2943,4,113,3,later,0.9909899830818176
2944,1,14,3,later,0.9923907518386841
2944,2,38,3,later,
2944,3,75,3,later,0.9856128096580505
2944,4,113,3,later,0.9897290468215942
2945,1,14,3,later,0.9924845099449158
2945,2,38,3,later,
2945,3,75,3,later,0.9868481159210205
2945,4,113,3,later,0.99050372838974
2946,1,14,3,later,0.9915417432785034
2946,2,38,3,later,
2946,3,75,3,later,0.9868775010108948
2946,4,113,3,later,0.9896056652069092
2947,1,14,3,later,0.9927591681480408
2947,2,38,3,later,
2947,3,75,3,later,0.9863793253898621
2947,4,113,3,later,0.9891400337219238
2948,1,14,3,later,0.9895547032356262
2948,2,38,3,later,
2948,3,75,3,later,0.9867167472839355
2948,4,113,3,later,0.990103542804718
2949,1,14,3,later,0.992616593837738
2949,2,38,3,later,
2949,3,75,3,later,0.9796493053436279
2949,4,113,3,later,0.9869914054870605
2950,1,14,3,later,0.9922861456871033
2950,2,38,3,later,
2950,3,75,3,later,0.9798692464828491
2950,4,113,3,later,0.9895821809768677
2951,1,14,3,later,0.9927412271499634
2951,2,38,3,later,
2951,3,75,3,later,0.9732933044433594
2951,4,113,3,later,0.9893232583999634
2952,1,14,3,later,0.991951584815979
2952,2,38,3,later,
2952,3,75,3,later,0.981148362159729
2952,4,113,3,later,0.9887760281562805
2953,1,14,3,later,0.9941402077674866
2953,2,38,3,later,
2953,3,75,3,later,0.9773224592208862
2953,4,113,3,later,0.9894407391548157
2954,1,14,3,later,0.9937927722930908
2954,2,38,3,later,
2954,3,75,3,later,0.9779119491577148
2954,4,113,3,later,0.9876216650009155
2955,1,14,3,later,0.993312656879425
2955,2,38,3,later,
2955,3,75,3,later,0.9843312501907349
2955,4,113,3,later,0.9873554706573486
2956,1,14,3,later,0.990067183971405
2956,2,38,3,later,
2956,3,75,3,later,0.9834318161010742
2956,4,113,3,later,0.9895043969154358
2957,1,14,3,later,0.9923825263977051
2957,2,38,3,later,
2957,3,75,3,later,0.9840623736381531
2957,4,113,3,later,0.9894075989723206
2958,1,14,3,later,0.9919415712356567
2958,2,38,3,later,
2958,3,75,3,later,0.9849286079406738
2958,4,113,3,later,0.9885733127593994
2959,1,14,3,later,0.9917378425598145
2959,2,38,3,later,
2959,3,75,3,later,0.9867486357688904
2959,4,113,3,later,0.9895267486572266
2960,1,14,3,later,0.9918537139892578
2960,2,38,3,later,
2960,3,75,3,later,0.9885671734809875
2960,4,113,3,later,0.9907925128936768
2961,1,14,3,later,0.9914944171905518
2961,2,38,3,later,
2961,3,75,3,later,0.9837162494659424
2961,4,113,3,later,0.9905561804771423
2962,1,14,3,later,0.9925852417945862
2962,2,38,3,later,
2962,3,75,3,later,0.9893614649772644
2962,4,113,3,later,0.9900929927825928
2963,1,14,3,later,0.9921550750732422
2963,2,38,3,later,
2963,3,75,3,later,0.9909842014312744
2963,4,113,3,later,0.9889770150184631
2964,1,14,3,later,0.9917824268341064
2964,2,38,3,later,
2964,3,75,3,later,0.9866666197776794
2964,4,113,3,later,0.9907587170600891
2965,1,14,3,later,0.9908820986747742
2965,2,38,3,later,
2965,3,75,3,later,0.9894294738769531
2965,4,113,3,later,0.9893434643745422
2966,1,14,3,later,0.9916073083877563
2966,2,38,3,later,
2966,3,75,3,later,0.9898825287818909
2966,4,113,3,later,0.9893123507499695
2967,1,14,3,later,0.9906027317047119
2967,2,38,3,later,
2967,3,75,3,later,0.9887868762016296
2967,4,113,3,later,0.9899420738220215
2968,1,14,3,later,0.9912601709365845
2968,2,38,3,later,
2968,3,75,3,later,0.9889962673187256
2968,4,113,3,later,0.9897093176841736
2969,1,14,3,later,0.9920512437820435
2969,2,38,3,later,
2969,3,75,3,later,0.9898484349250793
2969,4,113,3,later,0.9908837676048279
2970,1,14,3,later,0.9914379119873047
2970,2,38,3,later,
2970,3,75,3,later,0.9900654554367065
2970,4,113,3,later,0.9898263812065125
2971,1,14,3,later,0.9914608597755432
2971,2,38,3,later,
2971,3,75,3,later,0.9913190603256226
2971,4,113,3,later,0.9907532334327698
2972,1,14,3,later,0.9926207661628723
2972,2,38,3,later,
2972,3,75,3,later,0.9914476275444031
2972,4,113,3,later,0.9905609488487244
2973,1,14,3,later,0.9926544427871704
2973,2,38,3,later,
2973,3,75,3,later,0.99298095703125
2973,4,113,3,later,0.9900615215301514
2974,1,14,3,later,0.9924497008323669
2974,2,38,3,later,
2974,3,75,3,later,0.9916686415672302
2974,4,113,3,later,0.9910266399383545
2975,1,14,3,later,0.9921584129333496
2975,2,38,3,later,
2975,3,75,3,later,0.9910892844200134
2975,4,113,3,later,0.9916293025016785
2976,1,14,3,later,0.9909658432006836
2976,2,38,3,later,
2976,3,75,3,later,0.9880254864692688
2976,4,113,3,later,0.9907028079032898
2977,1,14,3,later,0.9909697771072388
2977,2,38,3,later,
2977,3,75,3,later,0.9905914664268494
2977,4,113,3,later,0.9912582039833069
2978,1,14,3,later,0.991409957408905
2978,2,38,3,later,
2978,3,75,3,later,0.9908398389816284
2978,4,113,3,later,0.9918254017829895
2979,1,14,3,later,0.9918033480644226
2979,2,38,3,later,
2979,3,75,3,later,0.9906236529350281
2979,4,113,3,later,0.9916349053382874
2980,1,14,3,later,0.9921717643737793
2980,2,38,3,later,0.9788199663162231
2980,3,75,3,later,0.9905958771705627
2980,4,113,3,later,0.9916073679924011
2981,1,14,3,later,0.9931530952453613
2981,2,38,3,later,0.9885901808738708
2981,3,75,3,later,0.9875177145004272
2981,4,113,3,later,0.9919359087944031
2982,1,14,3,later,0.9920769929885864
2982,2,38,3,later,0.9881498217582703
2982,3,75,3,later,0.9900959134101868
2982,4,113,3,later,0.9903998374938965
2983,1,14,3,later,0.9915825128555298
2983,2,38,3,later,0.9838477969169617
2983,3,75,3,later,0.9921373128890991
2983,4,113,3,later,0.9916309714317322
2984,1,14,3,later,0.9876695871353149
2984,2,38,3,later,0.9837074875831604
2984,3,75,3,later,0.9765962958335876
2984,4,113,3,later,0.991061806678772
2985,1,14,3,later,0.9864469170570374
2985,2,38,3,later,0.9752421975135803
2985,3,75,3,later,0.9829763770103455
2985,4,113,3,later,0.9881510138511658
2986,1,14,3,later,0.9872773885726929
2986,2,38,3,later,0.9750350117683411
2986,3,75,3,later,0.9793686866760254
2986,4,113,3,later,0.9885818362236023
2987,1,14,3,later,0.9739878177642822
2987,2,38,3,later,0.9718688130378723
2987,3,75,3,later,0.9874528050422668
2987,4,113,3,later,0.9885886907577515
2988,1,14,3,later,0.9746004343032837
2988,2,38,3,later,0.9802272319793701
2988,3,75,3,later,0.9815472364425659
2988,4,113,3,later,0.9906920194625854
2989,1,14,3,later,0.9824844598770142
2989,2,38,3,later,0.9795746207237244
2989,3,75,3,later,0.9829263687133789
2989,4,113,3,later,0.9915740489959717
2990,1,14,3,later,0.9886831045150757
2990,2,38,3,later,0.982884407043457
2990,3,75,3,later,0.9841766357421875
2990,4,113,3,later,0.9897547364234924
2991,1,14,3,later,0.993040919303894
2991,2,38,3,later,0.9809607863426208
2991,3,75,3,later,0.9871431589126587
2991,4,113,3,later,0.9888493418693542
2992,1,14,3,later,0.9887517690658569
2992,2,38,3,later,0.97809237241745
2992,3,75,3,later,0.9856777787208557
2992,4,113,3,later,0.9903055429458618
2993,1,14,3,later,0.9898272752761841
2993,2,38,3,later,0.9729352593421936
2993,3,75,3,later,0.9861001372337341
2993,4,113,3,later,0.9891196489334106
2994,1,14,3,later,0.9926775693893433
2994,2,38,3,later,0.9829950332641602
2994,3,75,3,later,0.9893487095832825
2994,4,113,3,later,0.9913221597671509
2995,1,14,3,later,0.9909769296646118
2995,2,38,3,later,0.9824685454368591
2995,3,75,3,later,0.9835589528083801
2995,4,113,3,later,0.9907737374305725
2996,1,14,3,later,0.9912998676300049
2996,2,38,3,later,0.9819783568382263
2996,3,75,3,later,0.9860149025917053
2996,4,113,3,later,0.9914404153823853
2997,1,14,3,later,0.9900602102279663
2997,2,38,3,later,0.9805814623832703
2997,3,75,3,later,0.9876850843429565
2997,4,113,3,later,0.9907280802726746
2998,1,14,3,later,0.9888777136802673
2998,2,38,3,later,0.9837713837623596
2998,3,75,3,later,0.9900000691413879
2998,4,113,3,later,0.9891738891601562
2999,1,14,3,later,0.9891736507415771
2999,2,38,3,later,0.9839147925376892
2999,3,75,3,later,0.9890603423118591
2999,4,113,3,later,0.9896377921104431
2623,1,14,3,earlier,0.9920533895492554
2623,2,38,3,earlier,0.9819459319114685
2623,3,75,3,earlier,0.9858669638633728
2623,4,113,3,earlier,0.9845846891403198
2622,1,14,3,earlier,0.9919244050979614
2622,2,38,3,earlier,0.9820255041122437
2622,3,75,3,earlier,0.9869837760925293
2622,4,113,3,earlier,0.9844511151313782
2621,1,14,3,earlier,0.9922149181365967
2621,2,38,3,earlier,0.9841985106468201
2621,3,75,3,earlier,0.987439751625061
2621,4,113,3,earlier,0.9847561120986938
2620,1,14,3,earlier,0.9919878840446472
2620,2,38,3,earlier,0.9832050800323486
2620,3,75,3,earlier,0.9876676201820374
2620,4,113,3,earlier,0.9848353266716003
2619,1,14,3,earlier,0.9903292059898376
2619,2,38,3,earlier,0.9892699122428894
2619,3,75,3,earlier,0.9883699417114258
2619,4,113,3,earlier,0.9858180284500122
2618,1,14,3,earlier,0.9928396344184875
2618,2,38,3,earlier,0.989246129989624
2618,3,75,3,earlier,0.9887210130691528
2618,4,113,3,earlier,0.9872379302978516
2617,1,14,3,earlier,0.9917547702789307
2617,2,38,3,earlier,0.9884567260742188
2617,3,75,3,earlier,0.9888622164726257
2617,4,113,3,earlier,0.9877801537513733
2616,1,14,3,earlier,0.9900434017181396
2616,2,38,3,earlier,0.9890294671058655
2616,3,75,3,earlier,0.9888306260108948
2616,4,113,3,earlier,0.9861462712287903
2615,1,14,3,earlier,0.9893523454666138
2615,2,38,3,earlier,0.9891181588172913
2615,3,75,3,earlier,0.989531397819519
2615,4,113,3,earlier,0.987756073474884
2614,1,14,3,earlier,0.9903433918952942
2614,2,38,3,earlier,0.9876450896263123
2614,3,75,3,earlier,0.9874150156974792
2614,4,113,3,earlier,0.9862890839576721
2613,1,14,3,earlier,0.9894796013832092
2613,2,38,3,earlier,0.9877534508705139
2613,3,75,3,earlier,0.9888470768928528
2613,4,113,3,earlier,0.989121675491333
2612,1,14,3,earlier,0.9894471168518066
2612,2,38,3,earlier,0.987022876739502
2612,3,75,3,earlier,0.9867445826530457
2612,4,113,3,earlier,0.9871265292167664
2611,1,14,3,earlier,0.990940272808075
2611,2,38,3,earlier,0.9864689111709595
2611,3,75,3,earlier,0.9885359406471252
2611,4,113,3,earlier,0.9884520769119263
2610,1,14,3,earlier,0.9873013496398926
2610,2,38,3,earlier,0.985867977142334
2610,3,75,3,earlier,0.9888277053833008
2610,4,113,3,earlier,0.9882450103759766
2609,1,14,3,earlier,0.9892594814300537
2609,2,38,3,earlier,0.9835888743400574
2609,3,75,3,earlier,0.9888335466384888
2609,4,113,3,earlier,0.9883912801742554
2608,1,14,3,earlier,0.9884003400802612
2608,2,38,3,earlier,0.9848207235336304
2608,3,75,3,earlier,0.988981306552887
2608,4,113,3,earlier,0.9884035587310791
2607,1,14,3,earlier,0.9889084100723267
2607,2,38,3,earlier,0.9859969615936279
2607,3,75,3,earlier,0.9888597130775452
2607,4,113,3,earlier,0.9894663691520691
2606,1,14,3,earlier,0.9871450662612915
2606,2,38,3,earlier,0.9859942197799683
2606,3,75,3,earlier,0.9882553815841675
2606,4,113,3,earlier,0.9892997145652771
2605,1,14,3,earlier,0.988074779510498
2605,2,38,3,earlier,0.986489474773407
2605,3,75,3,earlier,0.9887818694114685
2605,4,113,3,earlier,0.9891217947006226
2604,1,14,3,earlier,0.9883595108985901
2604,2,38,3,earlier,0.986769437789917
2604,3,75,3,earlier,0.9878944754600525
2604,4,113,3,earlier,0.9880287051200867
2603,1,14,3,earlier,0.9887759685516357
2603,2,38,3,earlier,0.9841663241386414
2603,3,75,3,earlier,0.9887564778327942
2603,4,113,3,earlier,0.9880396723747253
2602,1,14,3,earlier,0.9862964749336243
2602,2,38,3,earlier,0.9840471744537354
2602,3,75,3,earlier,0.9893823862075806
2602,4,113,3,earlier,0.9870754480361938
2601,1,14,3,earlier,0.9824559092521667
2601,2,38,3,earlier,0.9860153198242188
2601,3,75,3,earlier,0.9892531633377075
2601,4,113,3,earlier,0.9869158864021301
2600,1,14,3,earlier,0.9797192215919495
2600,2,38,3,earlier,0.9857434034347534
2600,3,75,3,earlier,0.9887402653694153
2600,4,113,3,earlier,0.9872833490371704
2599,1,14,3,earlier,0.9833474159240723
2599,2,38,3,earlier,0.985613226890564
2599,3,75,3,earlier,0.9897437691688538
2599,4,113,3,earlier,0.9879662394523621
2598,1,14,3,earlier,0.983396589756012
2598,2,38,3,earlier,0.9847849011421204
2598,3,75,3,earlier,0.9896746277809143
2598,4,113,3,earlier,0.9879310727119446
2597,1,14,3,earlier,0.9828435182571411
2597,2,38,3,earlier,0.9887599945068359
2597,3,75,3,earlier,0.9894010424613953
2597,4,113,3,earlier,0.9881125092506409
2596,1,14,3,earlier,0.9848088622093201
2596,2,38,3,earlier,0.9890092611312866
2596,3,75,3,earlier,0.9897341132164001
2596,4,113,3,earlier,0.9891397356987
2595,1,14,3,earlier,0.9827132821083069
2595,2,38,3,earlier,0.9902516603469849
2595,3,75,3,earlier,0.9899542927742004
2595,4,113,3,earlier,0.987781822681427
2594,1,14,3,earlier,0.9837904572486877
2594,2,38,3,earlier,0.989128828048706
2594,3,75,3,earlier,0.9896374344825745
2594,4,113,3,earlier,0.9884716272354126
2593,1,14,3,earlier,0.9842168092727661
2593,2,38,3,earlier,0.9907127022743225
2593,3,75,3,earlier,0.9904193878173828
2593,4,113,3,earlier,0.9887728095054626
2592,1,14,3,earlier,0.985673725605011
2592,2,38,3,earlier,0.9896429181098938
2592,3,75,3,earlier,0.9900658130645752
2592,4,113,3,earlier,0.9859834313392639
2591,1,14,3,earlier,0.9799156188964844
2591,2,38,3,earlier,0.9897576570510864
2591,3,75,3,earlier,0.9901158213615417
2591,4,113,3,earlier,0.9875118732452393
2590,1,14,3,earlier,0.9795997738838196
2590,2,38,3,earlier,0.9910330772399902
2590,3,75,3,earlier,0.9902549386024475
2590,4,113,3,earlier,0.9878324866294861
2589,1,14,3,earlier,0.983659565448761
2589,2,38,3,earlier,0.990392804145813
2589,3,75,3,earlier,0.9903144240379333
2589,4,113,3,earlier,0.9878201484680176
2588,1,14,3,earlier,0.9811563491821289
2588,2,38,3,earlier,0.9910518527030945
2588,3,75,3,earlier,0.9906997680664062
2588,4,113,3,earlier,0.9874113202095032
2587,1,14,3,earlier,0.9809794425964355
2587,2,38,3,earlier,0.9858962893486023
2587,3,75,3,earlier,0.9903537631034851
2587,4,113,3,earlier,0.9856080412864685
2586,1,14,3,earlier,0.979799747467041
2586,2,38,3,earlier,0.987779974937439
2586,3,75,3,earlier,0.9866560697555542
2586,4,113,3,earlier,0.9869444966316223
2585,1,14,3,earlier,0.9826376438140869
2585,2,38,3,earlier,0.9904728531837463
2585,3,75,3,earlier,0.9904547929763794
2585,4,113,3,earlier,0.9866938591003418
2584,1,14,3,earlier,0.9836496114730835
2584,2,38,3,earlier,0.9916890263557434
2584,3,75,3,earlier,0.9898911714553833
2584,4,113,3,earlier,0.9869745373725891
2583,1,14,3,earlier,0.9864145517349243
2583,2,38,3,earlier,0.9905468821525574
2583,3,75,3,earlier,0.9897599816322327
2583,4,113,3,earlier,0.9871366024017334
2582,1,14,3,earlier,0.9875206351280212
2582,2,38,3,earlier,0.9889625310897827
2582,3,75,3,earlier,0.9899349808692932
2582,4,113,3,earlier,0.9871330261230469
2581,1,14,3,earlier,0.9870880842208862
2581,2,38,3,earlier,0.9854170083999634
2581,3,75,3,earlier,0.9868794083595276
2581,4,113,3,earlier,0.987502932548523
2580,1,14,3,earlier,0.9814213514328003
2580,2,38,3,earlier,0.9884217381477356
2580,3,75,3,earlier,0.9899271130561829
2580,4,113,3,earlier,0.987753689289093
2579,1,14,3,earlier,0.9707810878753662
2579,2,38,3,earlier,0.9859568476676941
2579,3,75,3,earlier,0.989921510219574
2579,4,113,3,earlier,0.9854617118835449
2578,1,14,3,earlier,0.9697675704956055
2578,2,38,3,earlier,0.9896998405456543
2578,3,75,3,earlier,0.9899184703826904
2578,4,113,3,earlier,0.9884610772132874
2577,1,14,3,earlier,0.9802478551864624
2577,2,38,3,earlier,0.9903798699378967
2577,3,75,3,earlier,0.9894049763679504
2577,4,113,3,earlier,0.9877556562423706
2576,1,14,3,earlier,0.9816883206367493
2576,2,38,3,earlier,0.9875630736351013
2576,3,75,3,earlier,0.9886894822120667
2576,4,113,3,earlier,0.987371563911438
2575,1,14,3,earlier,0.9819623827934265
2575,2,38,3,earlier,0.9908929467201233
2575,3,75,3,earlier,0.9894182682037354
2575,4,113,3,earlier,0.9854781031608582
2574,1,14,3,earlier,0.981809139251709
2574,2,38,3,earlier,0.9824914932250977
2574,3,75,3,earlier,0.9863097667694092
2574,4,113,3,earlier,0.9880185127258301
2573,1,14,3,earlier,0.9821844100952148
2573,2,38,3,earlier,0.9867570400238037
2573,3,75,3,earlier,0.9874306321144104
2573,4,113,3,earlier,0.9876689910888672
2572,1,14,3,earlier,0.9813059568405151
2572,2,38,3,earlier,0.9876978993415833
2572,3,75,3,earlier,0.9878855347633362
2572,4,113,3,earlier,0.9852135181427002
2571,1,14,3,earlier,0.980963945388794
2571,2,38,3,earlier,0.986042320728302
2571,3,75,3,earlier,0.9866330027580261
2571,4,113,3,earlier,0.9836354851722717
2570,1,14,3,earlier,0.9818001389503479
2570,2,38,3,earlier,0.9849083423614502
2570,3,75,3,earlier,0.9881395101547241
2570,4,113,3,earlier,0.9850090742111206
2569,1,14,3,earlier,0.9818690419197083
2569,2,38,3,earlier,0.9868761897087097
2569,3,75,3,earlier,0.9897578358650208
2569,4,113,3,earlier,0.9812458753585815
2568,1,14,3,earlier,0.9842833876609802
2568,2,38,3,earlier,0.9839844703674316
2568,3,75,3,earlier,0.9869202375411987
2568,4,113,3,earlier,0.9772933125495911
2567,1,14,3,earlier,0.983586311340332
2567,2,38,3,earlier,0.9861958622932434
2567,3,75,3,earlier,0.9875646233558655
2567,4,113,3,earlier,0.9732056856155396
2566,1,14,3,earlier,0.983476996421814
2566,2,38,3,earlier,0.9925411939620972
2566,3,75,3,earlier,0.9881600737571716
2566,4,113,3,earlier,0.9731988906860352
2565,1,14,3,earlier,0.9807754158973694
2565,2,38,3,earlier,0.992775559425354
2565,3,75,3,earlier,0.9870210289955139
2565,4,113,3,earlier,0.9689512848854065
2564,1,14,3,earlier,0.9817779660224915
2564,2,38,3,earlier,0.9907626509666443
2564,3,75,3,earlier,0.9879258275032043
2564,4,113,3,earlier,0.968843936920166
2563,1,14,3,earlier,0.9795814156532288
2563,2,38,3,earlier,0.9900749921798706
2563,3,75,3,earlier,0.986879289150238
2563,4,113,3,earlier,0.9669476747512817
2562,1,14,3,earlier,0.9810105562210083
2562,2,38,3,earlier,0.9895824193954468
2562,3,75,3,earlier,0.9860204458236694
2562,4,113,3,earlier,0.9706622958183289
2561,1,14,3,earlier,0.9842548966407776
2561,2,38,3,earlier,0.9859107732772827
2561,3,75,3,earlier,0.9867342114448547
2561,4,113,3,earlier,0.9719979763031006
2560,1,14,3,earlier,0.9836516380310059
2560,2,38,3,earlier,0.9883373379707336
2560,3,75,3,earlier,0.9863978028297424
2560,4,113,3,earlier,0.9777631759643555
2559,1,14,3,earlier,0.9794551730155945
2559,2,38,3,earlier,0.9894353747367859
2559,3,75,3,earlier,0.9868541955947876
2559,4,113,3,earlier,0.9781678318977356
2558,1,14,3,earlier,0.9813916683197021
2558,2,38,3,earlier,0.9883912205696106
2558,3,75,3,earlier,0.9888145923614502
2558,4,113,3,earlier,0.9773668050765991
2557,1,14,3,earlier,0.9784610867500305
2557,2,38,3,earlier,0.9859386086463928
2557,3,75,3,earlier,0.9884496927261353
2557,4,113,3,earlier,0.9780182242393494
2556,1,14,3,earlier,0.978599488735199
2556,2,38,3,earlier,0.989689290523529
2556,3,75,3,earlier,0.9885082244873047
2556,4,113,3,earlier,0.9779343605041504
2555,1,14,3,earlier,0.976141095161438
2555,2,38,3,earlier,0.9887213706970215
2555,3,75,3,earlier,0.9886776804924011
2555,4,113,3,earlier,0.9735219478607178
2554,1,14,3,earlier,0.9780168533325195
2554,2,38,3,earlier,0.9920608997344971
2554,3,75,3,earlier,0.9891259074211121
2554,4,113,3,earlier,0.9840509295463562
2553,1,14,3,earlier,0.9769076108932495
2553,2,38,3,earlier,0.9900350570678711
2553,3,75,3,earlier,0.9886547327041626
2553,4,113,3,earlier,0.9877614974975586
2552,1,14,3,earlier,0.9696806073188782
2552,2,38,3,earlier,0.9900733828544617
2552,3,75,3,earlier,0.9894214272499084
2552,4,113,3,earlier,0.983407199382782
2551,1,14,3,earlier,0.9695494174957275
2551,2,38,3,earlier,0.988431990146637
2551,3,75,3,earlier,0.988771378993988
2551,4,113,3,earlier,0.9859435558319092
2550,1,14,3,earlier,0.9653140902519226
2550,2,38,3,earlier,0.9909144639968872
2550,3,75,3,earlier,0.9887112379074097
2550,4,113,3,earlier,0.9825787544250488
2549,1,14,3,earlier,0.9642021059989929
2549,2,38,3,earlier,0.9890254735946655
2549,3,75,3,earlier,0.988242506980896
2549,4,113,3,earlier,0.977634608745575
2548,1,14,3,earlier,0.9655250906944275
2548,2,38,3,earlier,0.9882218837738037
2548,3,75,3,earlier,0.98689866065979
2548,4,113,3,earlier,0.9785566926002502
2547,1,14,3,earlier,0.9677159786224365
2547,2,38,3,earlier,0.9892508387565613
2547,3,75,3,earlier,0.9878571629524231
2547,4,113,3,earlier,0.9773232340812683
2546,1,14,3,earlier,0.9698252081871033
2546,2,38,3,earlier,0.9908797144889832
2546,3,75,3,earlier,0.9871807098388672
2546,4,113,3,earlier,0.9740096926689148
2545,1,14,3,earlier,0.9674031138420105
2545,2,38,3,earlier,0.9907706379890442
2545,3,75,3,earlier,0.9869658946990967
2545,4,113,3,earlier,0.9798333048820496
2544,1,14,3,earlier,0.9655998945236206
2544,2,38,3,earlier,0.9919135570526123
2544,3,75,3,earlier,0.9871312379837036
2544,4,113,3,earlier,0.9795019626617432
2543,1,14,3,earlier,0.967144787311554
2543,2,38,3,earlier,0.9916576147079468
2543,3,75,3,earlier,0.9880636930465698
2543,4,113,3,earlier,0.9853427410125732
2542,1,14,3,earlier,0.9677532315254211
2542,2,38,3,earlier,0.9910921454429626
2542,3,75,3,earlier,0.988003134727478
2542,4,113,3,earlier,0.9824038147926331
2541,1,14,3,earlier,0.9685328006744385
2541,2,38,3,earlier,0.9915254712104797
2541,3,75,3,earlier,0.987960934638977
2541,4,113,3,earlier,0.9844856262207031
2540,1,14,3,earlier,0.9695865511894226
2540,2,38,3,earlier,0.9868559837341309
2540,3,75,3,earlier,0.9885802865028381
2540,4,113,3,earlier,0.9833480715751648
2539,1,14,3,earlier,0.9714714288711548
2539,2,38,3,earlier,0.9905505180358887
2539,3,75,3,earlier,0.988332986831665
2539,4,113,3,earlier,0.9844685196876526
2538,1,14,3,earlier,0.9743664860725403
2538,2,38,3,earlier,0.9896901845932007
2538,3,75,3,earlier,0.9880318641662598
2538,4,113,3,earlier,0.9829645752906799
2537,1,14,3,earlier,0.9755493402481079
2537,2,38,3,earlier,0.9868661165237427
2537,3,75,3,earlier,0.9872015118598938
2537,4,113,3,earlier,0.9858153462409973
2536,1,14,3,earlier,0.9748366475105286
2536,2,38,3,earlier,0.9905833005905151
2536,3,75,3,earlier,0.9872914552688599
2536,4,113,3,earlier,0.9848300814628601
2535,1,14,3,earlier,0.9784051775932312
2535,2,38,3,earlier,0.9881501197814941
2535,3,75,3,earlier,0.9875922799110413
2535,4,113,3,earlier,0.9688750505447388
2534,1,14,3,earlier,0.9763448238372803
2534,2,38,3,earlier,0.9861896634101868
2534,3,75,3,earlier,0.9877098202705383
2534,4,113,3,earlier,0.9734365940093994
2533,1,14,3,earlier,0.9808594584465027
2533,2,38,3,earlier,0.988877534866333
2533,3,75,3,earlier,0.9875228404998779
2533,4,113,3,earlier,0.9730159044265747
2532,1,14,3,earlier,0.9810712337493896
2532,2,38,3,earlier,0.9890410900115967
2532,3,75,3,earlier,0.9875357151031494
2532,4,113,3,earlier,0.979544997215271
2531,1,14,3,earlier,0.9796092510223389
2531,2,38,3,earlier,0.986689031124115
2531,3,75,3,earlier,0.9868981838226318
2531,4,113,3,earlier,0.9731711149215698
2530,1,14,3,earlier,0.9793756008148193
2530,2,38,3,earlier,0.9840063452720642
2530,3,75,3,earlier,0.98661208152771
2530,4,113,3,earlier,0.9757987260818481
2529,1,14,3,earlier,0.9820057153701782
2529,2,38,3,earlier,0.9887791275978088
2529,3,75,3,earlier,0.986993134021759
2529,4,113,3,earlier,0.9810550808906555
2528,1,14,3,earlier,0.9836443066596985
2528,2,38,3,earlier,0.988670289516449
2528,3,75,3,earlier,0.9879804253578186
2528,4,113,3,earlier,0.9862051010131836
2527,1,14,3,earlier,0.9841856956481934
2527,2,38,3,earlier,0.9838567972183228
2527,3,75,3,earlier,0.987504243850708
2527,4,113,3,earlier,0.9783810377120972
2526,1,14,3,earlier,0.9820674657821655
2526,2,38,3,earlier,0.9853337407112122
2526,3,75,3,earlier,0.98698490858078
2526,4,113,3,earlier,0.9814653396606445
2525,1,14,3,earlier,0.9828503131866455
2525,2,38,3,earlier,0.9861657619476318
2525,3,75,3,earlier,0.9869844317436218
2525,4,113,3,earlier,0.9714089632034302
2524,1,14,3,earlier,0.9838416576385498
2524,2,38,3,earlier,0.9827007055282593
2524,3,75,3,earlier,0.9872657656669617
2524,4,113,3,earlier,0.9822604060173035
2523,1,14,3,earlier,0.9792082905769348
2523,2,38,3,earlier,0.9779525995254517
2523,3,75,3,earlier,0.9866045117378235
2523,4,113,3,earlier,0.9842618107795715
2522,1,14,3,earlier,0.9801719784736633
2522,2,38,3,earlier,0.9872966408729553
2522,3,75,3,earlier,0.9884757995605469
2522,4,113,3,earlier,0.9830775856971741
2521,1,14,3,earlier,0.9791414737701416
2521,2,38,3,earlier,0.9852933883666992
2521,3,75,3,earlier,0.987301766872406
2521,4,113,3,earlier,0.9826002717018127
2520,1,14,3,earlier,0.9811843633651733
2520,2,38,3,earlier,0.979996383190155
2520,3,75,3,earlier,0.9875827431678772
2520,4,113,3,earlier,0.9794995784759521
2519,1,14,3,earlier,0.9803879857063293
2519,2,38,3,earlier,0.982237696647644
2519,3,75,3,earlier,0.9868059158325195
2519,4,113,3,earlier,0.9845584630966187
2518,1,14,3,earlier,0.9793896079063416
2518,2,38,3,earlier,0.9813258051872253
2518,3,75,3,earlier,0.9875017404556274
2518,4,113,3,earlier,0.9850324988365173
2517,1,14,3,earlier,0.9798456430435181
2517,2,38,3,earlier,0.9774690866470337
2517,3,75,3,earlier,0.9870656132698059
2517,4,113,3,earlier,0.9829281568527222
2516,1,14,3,earlier,0.978052020072937
2516,2,38,3,earlier,0.980584979057312
2516,3,75,3,earlier,0.9872267246246338
2516,4,113,3,earlier,0.9798942804336548
2515,1,14,3,earlier,0.9808303117752075
2515,2,38,3,earlier,0.9790941476821899
2515,3,75,3,earlier,0.9865625500679016
2515,4,113,3,earlier,0.9855916500091553
2514,1,14,3,earlier,0.9792993068695068
2514,2,38,3,earlier,0.9728631973266602
2514,3,75,3,earlier,0.9874602556228638
2514,4,113,3,earlier,0.9847469329833984
2513,1,14,3,earlier,0.9770029187202454
2513,2,38,3,earlier,0.9744895696640015
2513,3,75,3,earlier,0.9869043827056885
2513,4,113,3,earlier,0.9845919609069824
2512,1,14,3,earlier,0.9792546629905701
2512,2,38,3,earlier,0.9792963266372681
2512,3,75,3,earlier,0.9870009422302246
2512,4,113,3,earlier,0.9790198802947998
2511,1,14,3,earlier,0.9790428280830383
2511,2,38,3,earlier,0.9839996099472046
2511,3,75,3,earlier,0.9873773455619812
2511,4,113,3,earlier,0.9795591831207275
2510,1,14,3,earlier,0.9824161529541016
2510,2,38,3,earlier,0.9823701977729797
2510,3,75,3,earlier,0.9876196384429932
2510,4,113,3,earlier,0.9794184565544128
2509,1,14,3,earlier,0.988644540309906
2509,2,38,3,earlier,0.9813157916069031
2509,3,75,3,earlier,0.9866093993186951
2509,4,113,3,earlier,0.9833470582962036
2508,1,14,3,earlier,0.9881970882415771
2508,2,38,3,earlier,0.9870991110801697
2508,3,75,3,earlier,0.9868091344833374
2508,4,113,3,earlier,0.9836093187332153
2507,1,14,3,earlier,0.9879177808761597
2507,2,38,3,earlier,0.9871748089790344
2507,3,75,3,earlier,0.9881832599639893
2507,4,113,3,earlier,0.9848746657371521
2506,1,14,3,earlier,0.988554835319519
2506,2,38,3,earlier,0.9820981025695801
2506,3,75,3,earlier,0.9883790016174316
2506,4,113,3,earlier,0.9840301871299744
2505,1,14,3,earlier,0.9899573922157288
2505,2,38,3,earlier,0.9846910238265991
2505,3,75,3,earlier,0.9879251718521118
2505,4,113,3,earlier,0.9838669896125793
2504,1,14,3,earlier,0.9897015690803528
2504,2,38,3,earlier,0.9828729629516602
2504,3,75,3,earlier,0.9876733422279358
2504,4,113,3,earlier,0.9810442328453064
2503,1,14,3,earlier,0.9894906878471375
2503,2,38,3,earlier,0.9750892519950867
2503,3,75,3,earlier,0.9877747893333435
2503,4,113,3,earlier,0.981342077255249
2502,1,14,3,earlier,0.9888103008270264
2502,2,38,3,earlier,0.9885058403015137
2502,3,75,3,earlier,0.987231433391571
2502,4,113,3,earlier,0.9835627675056458
2501,1,14,3,earlier,0.987277090549469
2501,2,38,3,earlier,0.9899662137031555
2501,3,75,3,earlier,0.9885540008544922
2501,4,113,3,earlier,0.9845722913742065
2500,1,14,3,earlier,0.9890775084495544
2500,2,38,3,earlier,0.9893061518669128
2500,3,75,3,earlier,0.9879884719848633
2500,4,113,3,earlier,0.9844076633453369
2499,1,14,3,earlier,0.9885436296463013
2499,2,38,3,earlier,0.9835923314094543
2499,3,75,3,earlier,0.987276017665863
2499,4,113,3,earlier,0.9844874739646912
2498,1,14,3,earlier,0.9890745282173157
2498,2,38,3,earlier,0.9869153499603271
2498,3,75,3,earlier,0.9886998534202576
2498,4,113,3,earlier,0.9853368401527405
2497,1,14,3,earlier,0.9897165894508362
2497,2,38,3,earlier,0.9889687299728394
2497,3,75,3,earlier,0.9874587655067444
2497,4,113,3,earlier,0.9855965375900269
2496,1,14,3,earlier,0.9899616837501526
2496,2,38,3,earlier,0.9905104637145996
2496,3,75,3,earlier,0.988766074180603
2496,4,113,3,earlier,0.9867117404937744
2495,1,14,3,earlier,0.9876498579978943
2495,2,38,3,earlier,0.9861292839050293
2495,3,75,3,earlier,0.9877011775970459
2495,4,113,3,earlier,0.9849852323532104
2494,1,14,3,earlier,0.987725019454956
2494,2,38,3,earlier,0.990117609500885
2494,3,75,3,earlier,0.9884687662124634
2494,4,113,3,earlier,0.9827868938446045
2493,1,14,3,earlier,0.9869821071624756
2493,2,38,3,earlier,0.9811505079269409
2493,3,75,3,earlier,0.9889681935310364
2493,4,113,3,earlier,0.9853760600090027
2492,1,14,3,earlier,0.987167239189148
2492,2,38,3,earlier,0.9849757552146912
2492,3,75,3,earlier,0.9889981746673584
2492,4,113,3,earlier,0.9859218597412109
2491,1,14,3,earlier,0.9866063594818115
2491,2,38,3,earlier,0.9854243993759155
2491,3,75,3,earlier,0.9884470105171204
2491,4,113,3,earlier,0.985286295413971
2490,1,14,3,earlier,0.9861812591552734
2490,2,38,3,earlier,0.9705985188484192
2490,3,75,3,earlier,0.9880518913269043
2490,4,113,3,earlier,0.9865257143974304
2489,1,14,3,earlier,0.9882582426071167
2489,2,38,3,earlier,0.9698972105979919
2489,3,75,3,earlier,0.9881152510643005
2489,4,113,3,earlier,0.9814753532409668
2488,1,14,3,earlier,0.9882519841194153
2488,2,38,3,earlier,0.9870356917381287
2488,3,75,3,earlier,0.9867882132530212
2488,4,113,3,earlier,0.9804005026817322
2487,1,14,3,earlier,0.9879040718078613
2487,2,38,3,earlier,0.9821006059646606
2487,3,75,3,earlier,0.9868789315223694
2487,4,113,3,earlier,0.9856640696525574
2486,1,14,3,earlier,0.9877626299858093
2486,2,38,3,earlier,0.9852209091186523
2486,3,75,3,earlier,0.9869409799575806
2486,4,113,3,earlier,0.9806873798370361
2485,1,14,3,earlier,0.9872974753379822
2485,2,38,3,earlier,0.9819312691688538
2485,3,75,3,earlier,0.9872826933860779
2485,4,113,3,earlier,0.9829182624816895
2484,1,14,3,earlier,0.9887091517448425
2484,2,38,3,earlier,0.9751012921333313
2484,3,75,3,earlier,0.9885116219520569
2484,4,113,3,earlier,0.9806986451148987
2483,1,14,3,earlier,0.9893849492073059
2483,2,38,3,earlier,0.9865825772285461
2483,3,75,3,earlier,0.9884082674980164
2483,4,113,3,earlier,0.9845346808433533
2482,1,14,3,earlier,0.9883150458335876
2482,2,38,3,earlier,0.9818271994590759
2482,3,75,3,earlier,0.9880690574645996
2482,4,113,3,earlier,0.9863053560256958
2481,1,14,3,earlier,0.9858700037002563
2481,2,38,3,earlier,0.9888260364532471
2481,3,75,3,earlier,0.9873520731925964
2481,4,113,3,earlier,0.9853684902191162
2480,1,14,3,earlier,0.9880723357200623
2480,2,38,3,earlier,0.9874749779701233
2480,3,75,3,earlier,0.9882174134254456
2480,4,113,3,earlier,0.9849859476089478
2479,1,14,3,earlier,0.9891379475593567
2479,2,38,3,earlier,0.9880223274230957
2479,3,75,3,earlier,0.987878680229187
2479,4,113,3,earlier,0.9857549071311951
2478,1,14,3,earlier,0.9876435995101929
2478,2,38,3,earlier,0.9872575402259827
2478,3,75,3,earlier,0.987018883228302
2478,4,113,3,earlier,0.9863806366920471
2477,1,14,3,earlier,0.9873299598693848
2477,2,38,3,earlier,0.9859483242034912
2477,3,75,3,earlier,0.98926842212677
2477,4,113,3,earlier,0.9853406548500061
2476,1,14,3,earlier,0.9868241548538208
2476,2,38,3,earlier,0.9847838878631592
2476,3,75,3,earlier,0.989004373550415
2476,4,113,3,earlier,0.9850480556488037
2475,1,14,3,earlier,0.9864839315414429
2475,2,38,3,earlier,0.9867767691612244
2475,3,75,3,earlier,0.9880843758583069
2475,4,113,3,earlier,0.9863181710243225
2474,1,14,3,earlier,0.986301839351654
2474,2,38,3,earlier,0.9872151613235474
2474,3,75,3,earlier,0.9841794967651367
2474,4,113,3,earlier,0.9873061776161194
2473,1,14,3,earlier,0.9871481657028198
2473,2,38,3,earlier,0.9880253672599792
2473,3,75,3,earlier,0.9877411127090454
2473,4,113,3,earlier,0.9852993488311768
2472,1,14,3,earlier,0.9916790127754211
2472,2,38,3,earlier,0.986118495464325
2472,3,75,3,earlier,0.9815917611122131
2472,4,113,3,earlier,0.9852234721183777
2471,1,14,3,earlier,0.9905573725700378
2471,2,38,3,earlier,0.9865748286247253
2471,3,75,3,earlier,0.9828641414642334
2471,4,113,3,earlier,0.9836506247520447
2470,1,14,3,earlier,0.9911453723907471
2470,2,38,3,earlier,0.9859173893928528
2470,3,75,3,earlier,0.9813140630722046
2470,4,113,3,earlier,0.9798339605331421
2469,1,14,3,earlier,0.991463840007782
2469,2,38,3,earlier,0.9883162975311279
2469,3,75,3,earlier,0.9820210933685303
2469,4,113,3,earlier,0.9806656241416931
2468,1,14,3,earlier,0.9898942708969116
2468,2,38,3,earlier,0.9904857277870178
2468,3,75,3,earlier,0.9812396764755249
2468,4,113,3,earlier,0.9857664108276367
2467,1,14,3,earlier,0.9877793192863464
2467,2,38,3,earlier,0.9897370934486389
2467,3,75,3,earlier,0.9842000603675842
2467,4,113,3,earlier,0.9864786863327026
2466,1,14,3,earlier,0.9880318641662598
2466,2,38,3,earlier,0.99038165807724
2466,3,75,3,earlier,0.9835206866264343
2466,4,113,3,earlier,0.9864649772644043
2465,1,14,3,earlier,0.9844182729721069
2465,2,38,3,earlier,0.9888327717781067
2465,3,75,3,earlier,0.9839853048324585
2465,4,113,3,earlier,0.9841570854187012
2464,1,14,3,earlier,0.9878239035606384
2464,2,38,3,earlier,0.9895293116569519
2464,3,75,3,earlier,0.9852131009101868
2464,4,113,3,earlier,0.9843394756317139
2463,1,14,3,earlier,0.9858024716377258
2463,2,38,3,earlier,0.986338198184967
2463,3,75,3,earlier,0.9821364879608154
2463,4,113,3,earlier,0.979479968547821
2462,1,14,3,earlier,0.9858693480491638
2462,2,38,3,earlier,0.9836322665214539
2462,3,75,3,earlier,0.9824140667915344
2462,4,113,3,earlier,0.9803134799003601
2461,1,14,3,earlier,0.9857496619224548
2461,2,38,3,earlier,0.984819233417511
2461,3,75,3,earlier,0.9823525547981262
2461,4,113,3,earlier,0.9784862399101257
2460,1,14,3,earlier,0.9865197539329529
2460,2,38,3,earlier,0.9842416048049927
2460,3,75,3,earlier,0.9832239151000977
2460,4,113,3,earlier,0.9809049963951111
2459,1,14,3,earlier,0.9881502389907837
2459,2,38,3,earlier,0.9817423224449158
2459,3,75,3,earlier,0.9871034622192383
2459,4,113,3,earlier,0.9804100394248962
2458,1,14,3,earlier,0.98948734998703
2458,2,38,3,earlier,0.9817829728126526
2458,3,75,3,earlier,0.9863000512123108
2458,4,113,3,earlier,0.9817067384719849
2457,1,14,3,earlier,0.9873873591423035
2457,2,38,3,earlier,0.9844864010810852
2457,3,75,3,earlier,0.9856188297271729
2457,4,113,3,earlier,0.9809022545814514
2456,1,14,3,earlier,0.9897447824478149
2456,2,38,3,earlier,0.9845089912414551
2456,3,75,3,earlier,0.9875624179840088
2456,4,113,3,earlier,0.9812055230140686
2455,1,14,3,earlier,0.9897041320800781
2455,2,38,3,earlier,0.9826500415802002
2455,3,75,3,earlier,0.9838435053825378
2455,4,113,3,earlier,0.9826236367225647
2454,1,14,3,earlier,0.9891594052314758
2454,2,38,3,earlier,0.9840123057365417
2454,3,75,3,earlier,0.982321560382843
2454,4,113,3,earlier,0.9810043573379517
2453,1,14,3,earlier,0.9890110492706299
2453,2,38,3,earlier,0.9834370613098145
2453,3,75,3,earlier,0.9785521030426025
2453,4,113,3,earlier,0.9808180928230286
2452,1,14,3,earlier,0.9888005256652832
2452,2,38,3,earlier,0.978814959526062
2452,3,75,3,earlier,0.9751211404800415
2452,4,113,3,earlier,0.9809544682502747
2451,1,14,3,earlier,0.9866366982460022
2451,2,38,3,earlier,0.976690948009491
2451,3,75,3,earlier,0.9864683151245117
2451,4,113,3,earlier,0.9819071292877197
2450,1,14,3,earlier,0.9858651757240295
2450,2,38,3,earlier,0.9780870079994202
2450,3,75,3,earlier,0.9854671955108643
2450,4,113,3,earlier,0.982201337814331
2449,1,14,3,earlier,0.9852550029754639
2449,2,38,3,earlier,0.9804131984710693
2449,3,75,3,earlier,0.98399817943573
2449,4,113,3,earlier,0.9810256958007812
2448,1,14,3,earlier,0.9847167730331421
2448,2,38,3,earlier,0.9800368547439575
2448,3,75,3,earlier,0.9841498732566833
2448,4,113,3,earlier,0.9811621308326721
2447,1,14,3,earlier,0.9860761761665344
2447,2,38,3,earlier,0.9814233183860779
2447,3,75,3,earlier,0.9865976572036743
2447,4,113,3,earlier,0.9813721179962158
2446,1,14,3,earlier,0.9872360229492188
2446,2,38,3,earlier,0.9811145663261414
2446,3,75,3,earlier,0.9841357469558716
2446,4,113,3,earlier,0.9817596077919006
2445,1,14,3,earlier,0.9854976534843445
2445,2,38,3,earlier,0.9773609638214111
2445,3,75,3,earlier,0.9853574633598328
2445,4,113,3,earlier,0.9801886081695557
2444,1,14,3,earlier,0.9861103892326355
2444,2,38,3,earlier,0.978541910648346
2444,3,75,3,earlier,0.9858862161636353
2444,4,113,3,earlier,0.9799685478210449
2443,1,14,3,earlier,0.987599790096283
2443,2,38,3,earlier,0.9786693453788757
2443,3,75,3,earlier,0.9797618985176086
2443,4,113,3,earlier,0.9815987348556519
2442,1,14,3,earlier,0.98701012134552
2442,2,38,3,earlier,0.98170006275177
2442,3,75,3,earlier,0.9790791869163513
2442,4,113,3,earlier,0.9822037816047668
2441,1,14,3,earlier,0.9894551634788513
2441,2,38,3,earlier,0.981362521648407
2441,3,75,3,earlier,0.9731096625328064
2441,4,113,3,earlier,0.9823786616325378
2440,1,14,3,earlier,0.986513614654541
2440,2,38,3,earlier,0.9814268946647644
2440,3,75,3,earlier,0.9618057608604431
2440,4,113,3,earlier,0.9824283123016357
2439,1,14,3,earlier,0.9868738055229187
2439,2,38,3,earlier,0.9801914691925049
2439,3,75,3,earlier,0.9822206497192383
2439,4,113,3,earlier,0.9823836088180542
2438,1,14,3,earlier,0.98762047290802
2438,2,38,3,earlier,0.9850960969924927
2438,3,75,3,earlier,0.9801749587059021
2438,4,113,3,earlier,0.980665922164917
2437,1,14,3,earlier,0.988469660282135
2437,2,38,3,earlier,0.9843758940696716
2437,3,75,3,earlier,0.9700830578804016
2437,4,113,3,earlier,0.9767919778823853
2436,1,14,3,earlier,0.9890781044960022
2436,2,38,3,earlier,0.9826825857162476
2436,3,75,3,earlier,0.9790439605712891
2436,4,113,3,earlier,0.9784904718399048
2435,1,14,3,earlier,0.9878206253051758
2435,2,38,3,earlier,0.9851366877555847
2435,3,75,3,earlier,0.981855034828186
2435,4,113,3,earlier,0.9768010973930359
2434,1,14,3,earlier,0.9874170422554016
2434,2,38,3,earlier,0.9874365925788879
2434,3,75,3,earlier,0.9639469385147095
2434,4,113,3,earlier,0.982187032699585
2433,1,14,3,earlier,0.9894504547119141
2433,2,38,3,earlier,0.9832475185394287
2433,3,75,3,earlier,0.9827865362167358
2433,4,113,3,earlier,0.9826409220695496
2432,1,14,3,earlier,0.9888806343078613
2432,2,38,3,earlier,0.981748640537262
2432,3,75,3,earlier,0.9816333651542664
2432,4,113,3,earlier,0.98255854845047
2431,1,14,3,earlier,0.9882804751396179
2431,2,38,3,earlier,0.9851716160774231
2431,3,75,3,earlier,0.9784896969795227
2431,4,113,3,earlier,0.9812031984329224
2430,1,14,3,earlier,0.9875096678733826
2430,2,38,3,earlier,0.984103262424469
2430,3,75,3,earlier,0.9519088864326477
2430,4,113,3,earlier,0.9822947382926941
2429,1,14,3,earlier,0.9854832291603088
2429,2,38,3,earlier,0.9843732714653015
2429,3,75,3,earlier,
2429,4,113,3,earlier,0.9809545874595642
2428,1,14,3,earlier,0.9865536093711853
2428,2,38,3,earlier,0.9852538108825684
2428,3,75,3,earlier,
2428,4,113,3,earlier,0.9822243452072144
2427,1,14,3,earlier,0.9832223653793335
2427,2,38,3,earlier,0.9833092093467712
2427,3,75,3,earlier,
2427,4,113,3,earlier,0.9797700047492981
2426,1,14,3,earlier,0.9846917390823364
2426,2,38,3,earlier,0.9842051863670349
2426,3,75,3,earlier,
2426,4,113,3,earlier,0.9813017845153809
2425,1,14,3,earlier,0.9845699667930603
2425,2,38,3,earlier,0.9849246144294739
2425,3,75,3,earlier,
2425,4,113,3,earlier,0.9811095595359802
2424,1,14,3,earlier,0.9864100217819214
2424,2,38,3,earlier,0.9862744808197021
2424,3,75,3,earlier,
2424,4,113,3,earlier,0.9814302921295166
2423,1,14,3,earlier,0.9867046475410461
2423,2,38,3,earlier,0.9881564378738403
2423,3,75,3,earlier,
2423,4,113,3,earlier,0.9822227358818054
2422,1,14,3,earlier,0.9825272560119629
2422,2,38,3,earlier,0.9842607975006104
2422,3,75,3,earlier,
2422,4,113,3,earlier,0.9820931553840637
2421,1,14,3,earlier,0.987915575504303
2421,2,38,3,earlier,0.9838958978652954
2421,3,75,3,earlier,
2421,4,113,3,earlier,0.9821491837501526
2420,1,14,3,earlier,0.9897651672363281
2420,2,38,3,earlier,0.9861600399017334
2420,3,75,3,earlier,
2420,4,113,3,earlier,0.9816963076591492
2419,1,14,3,earlier,0.9887011647224426
2419,2,38,3,earlier,0.985410749912262
2419,3,75,3,earlier,
2419,4,113,3,earlier,0.9831456542015076
2418,1,14,3,earlier,0.987628161907196
2418,2,38,3,earlier,0.9853370785713196
2418,3,75,3,earlier,
2418,4,113,3,earlier,0.984136700630188
2417,1,14,3,earlier,0.9862912893295288
2417,2,38,3,earlier,0.9852057099342346
2417,3,75,3,earlier,
2417,4,113,3,earlier,0.9862912893295288
2416,1,14,3,earlier,0.9875022768974304
2416,2,38,3,earlier,0.9869666695594788
2416,3,75,3,earlier,
2416,4,113,3,earlier,0.9873631000518799
2415,1,14,3,earlier,0.9853321313858032
2415,2,38,3,earlier,0.9864737391471863
2415,3,75,3,earlier,
2415,4,113,3,earlier,0.9886331558227539
2414,1,14,3,earlier,0.9875105023384094
2414,2,38,3,earlier,0.9872740507125854
2414,3,75,3,earlier,
2414,4,113,3,earlier,0.9883705973625183
2413,1,14,3,earlier,0.9885516166687012
2413,2,38,3,earlier,0.9874452352523804
2413,3,75,3,earlier,
2413,4,113,3,earlier,0.9884332418441772
2412,1,14,3,earlier,0.9870808720588684
2412,2,38,3,earlier,0.9879616498947144
2412,3,75,3,earlier,
2412,4,113,3,earlier,0.982894778251648
2411,1,14,3,earlier,0.985150158405304
2411,2,38,3,earlier,0.9850375652313232
2411,3,75,3,earlier,
2411,4,113,3,earlier,0.9888536334037781
2410,1,14,3,earlier,0.9870145916938782
2410,2,38,3,earlier,0.983460009098053
2410,3,75,3,earlier,
2410,4,113,3,earlier,0.9837651252746582
2409,1,14,3,earlier,0.9884456396102905
2409,2,38,3,earlier,0.9797341823577881
2409,3,75,3,earlier,
2409,4,113,3,earlier,0.9857869148254395
2408,1,14,3,earlier,0.9858585596084595
2408,2,38,3,earlier,0.9793367981910706
2408,3,75,3,earlier,
2408,4,113,3,earlier,0.9824933409690857
2407,1,14,3,earlier,0.9875791668891907
2407,2,38,3,earlier,0.9809697866439819
2407,3,75,3,earlier,
2407,4,113,3,earlier,0.9827613830566406
2406,1,14,3,earlier,0.989166796207428
2406,2,38,3,earlier,0.9806245565414429
2406,3,75,3,earlier,
2406,4,113,3,earlier,0.9880717992782593
2405,1,14,3,earlier,0.9892082810401917
2405,2,38,3,earlier,0.9834076166152954
2405,3,75,3,earlier,
2405,4,113,3,earlier,0.9865160584449768
2404,1,14,3,earlier,0.9905905723571777
2404,2,38,3,earlier,0.9819371104240417
2404,3,75,3,earlier,
2404,4,113,3,earlier,0.9825575947761536
2403,1,14,3,earlier,0.9861549735069275
2403,2,38,3,earlier,0.9801382422447205
2403,3,75,3,earlier,
2403,4,113,3,earlier,0.9841018319129944
2402,1,14,3,earlier,0.9861785769462585
2402,2,38,3,earlier,0.9822946786880493
2402,3,75,3,earlier,
2402,4,113,3,earlier,0.9866655468940735
2401,1,14,3,earlier,0.9890704154968262
2401,2,38,3,earlier,0.9808214902877808
2401,3,75,3,earlier,
2401,4,113,3,earlier,0.9869086742401123
2400,1,14,3,earlier,0.9907698035240173
2400,2,38,3,earlier,0.9869481325149536
2400,3,75,3,earlier,
2400,4,113,3,earlier,0.9839062690734863
2399,1,14,3,earlier,0.9882729649543762
2399,2,38,3,earlier,0.9890650510787964
2399,3,75,3,earlier,
2399,4,113,3,earlier,0.9893614649772644
2398,1,14,3,earlier,0.9869442582130432
2398,2,38,3,earlier,0.9912561774253845
2398,3,75,3,earlier,
2398,4,113,3,earlier,0.9827949404716492
2397,1,14,3,earlier,0.9865395426750183
2397,2,38,3,earlier,0.9904088377952576
2397,3,75,3,earlier,
2397,4,113,3,earlier,0.9790990948677063
2396,1,14,3,earlier,0.9870790839195251
2396,2,38,3,earlier,0.9883825778961182
2396,3,75,3,earlier,
2396,4,113,3,earlier,0.9767764210700989
2395,1,14,3,earlier,0.9902980327606201
2395,2,38,3,earlier,0.9891415238380432
2395,3,75,3,earlier,
2395,4,113,3,earlier,0.9763080477714539
2394,1,14,3,earlier,0.9898264408111572
2394,2,38,3,earlier,0.9900259971618652
2394,3,75,3,earlier,
2394,4,113,3,earlier,0.9799975752830505
2393,1,14,3,earlier,0.9859086871147156
2393,2,38,3,earlier,0.9863802790641785
2393,3,75,3,earlier,
2393,4,113,3,earlier,0.9791078567504883
2392,1,14,3,earlier,0.9897295832633972
2392,2,38,3,earlier,0.9852392673492432
2392,3,75,3,earlier,
2392,4,113,3,earlier,0.9793645143508911
2391,1,14,3,earlier,0.9889850616455078
2391,2,38,3,earlier,0.9839989542961121
2391,3,75,3,earlier,
2391,4,113,3,earlier,0.9753424525260925
2390,1,14,3,earlier,0.9848185777664185
2390,2,38,3,earlier,0.9869177341461182
2390,3,75,3,earlier,
2390,4,113,3,earlier,0.9767105579376221
2389,1,14,3,earlier,0.9871901273727417
2389,2,38,3,earlier,0.9834104776382446
2389,3,75,3,earlier,
2389,4,113,3,earlier,0.98048996925354
2388,1,14,3,earlier,0.9849506616592407
2388,2,38,3,earlier,0.9892431497573853
2388,3,75,3,earlier,
2388,4,113,3,earlier,0.9782118797302246
2387,1,14,3,earlier,0.9853047728538513
2387,2,38,3,earlier,0.9895501732826233
2387,3,75,3,earlier,
2387,4,113,3,earlier,0.9781593680381775
2386,1,14,3,earlier,0.9885115027427673
2386,2,38,3,earlier,0.9887274503707886
2386,3,75,3,earlier,
2386,4,113,3,earlier,0.9805312752723694
2385,1,14,3,earlier,0.989915132522583
2385,2,38,3,earlier,0.9898444414138794
2385,3,75,3,earlier,
2385,4,113,3,earlier,0.9818791151046753
2384,1,14,3,earlier,0.9901086688041687
2384,2,38,3,earlier,0.9915264844894409
2384,3,75,3,earlier,
2384,4,113,3,earlier,0.9795060157775879
2383,1,14,3,earlier,0.9875467419624329
2383,2,38,3,earlier,0.9899768829345703
2383,3,75,3,earlier,
2383,4,113,3,earlier,0.9824286103248596
2382,1,14,3,earlier,0.988254725933075
2382,2,38,3,earlier,0.9897831082344055
2382,3,75,3,earlier,
2382,4,113,3,earlier,0.9814364910125732
2381,1,14,3,earlier,0.9856268167495728
2381,2,38,3,earlier,0.9859685301780701
2381,3,75,3,earlier,0.9580968618392944
2381,4,113,3,earlier,0.9809643030166626
2380,1,14,3,earlier,0.9856719970703125
2380,2,38,3,earlier,0.9899136424064636
2380,3,75,3,earlier,0.9718378186225891
2380,4,113,3,earlier,0.9850485920906067
2379,1,14,3,earlier,0.98698890209198
2379,2,38,3,earlier,0.992473304271698
2379,3,75,3,earlier,0.9775524139404297
2379,4,113,3,earlier,0.983502984046936
2378,1,14,3,earlier,0.9865953326225281
2378,2,38,3,earlier,0.9910872578620911
2378,3,75,3,earlier,0.9769725203514099
2378,4,113,3,earlier,0.9833943843841553
2377,1,14,3,earlier,0.9857506155967712
2377,2,38,3,earlier,0.9909393191337585
2377,3,75,3,earlier,0.9778485298156738
2377,4,113,3,earlier,0.9820725917816162
2376,1,14,3,earlier,0.9871336817741394
2376,2,38,3,earlier,0.9867874979972839
2376,3,75,3,earlier,0.9797111749649048
2376,4,113,3,earlier,0.9827544093132019
2375,1,14,3,earlier,0.9866774082183838
2375,2,38,3,earlier,0.9889351725578308
2375,3,75,3,earlier,0.9792214035987854
2375,4,113,3,earlier,0.9828978180885315
2374,1,14,3,earlier,0.9866877794265747
2374,2,38,3,earlier,0.9903390407562256
2374,3,75,3,earlier,0.9811690449714661
2374,4,113,3,earlier,0.9856517314910889
2373,1,14,3,earlier,0.9865675568580627
2373,2,38,3,earlier,0.9887716770172119
2373,3,75,3,earlier,0.9743517637252808
2373,4,113,3,earlier,0.9842524528503418
2372,1,14,3,earlier,0.9869663715362549
2372,2,38,3,earlier,0.9883791208267212
2372,3,75,3,earlier,0.9620677828788757
2372,4,113,3,earlier,0.984911322593689
2371,1,14,3,earlier,0.9847860932350159
2371,2,38,3,earlier,0.9848518967628479
2371,3,75,3,earlier,0.9790872931480408
2371,4,113,3,earlier,0.9844231605529785
2370,1,14,3,earlier,0.9861454367637634
2370,2,38,3,earlier,0.9781906604766846
2370,3,75,3,earlier,0.9579243659973145
2370,4,113,3,earlier,0.9838135242462158
2369,1,14,3,earlier,0.9879168272018433
2369,2,38,3,earlier,0.9765041470527649
2369,3,75,3,earlier,0.9645022749900818
2369,4,113,3,earlier,0.9814263582229614
2368,1,14,3,earlier,0.9896523356437683
2368,2,38,3,earlier,0.9726166129112244
2368,3,75,3,earlier,0.9790154099464417
2368,4,113,3,earlier,0.9796084761619568
2367,1,14,3,earlier,0.9860771894454956
2367,2,38,3,earlier,0.9833135008811951
2367,3,75,3,earlier,0.9645363688468933
2367,4,113,3,earlier,0.9796874523162842
2366,1,14,3,earlier,0.9831234812736511
2366,2,38,3,earlier,0.9804151654243469
2366,3,75,3,earlier,0.9713209867477417
2366,4,113,3,earlier,0.9811654686927795
2365,1,14,3,earlier,0.9894289374351501
2365,2,38,3,earlier,0.9760486483573914
2365,3,75,3,earlier,0.964180588722229
2365,4,113,3,earlier,0.9806111454963684
2364,1,14,3,earlier,0.986210286617279
2364,2,38,3,earlier,0.9877872467041016
2364,3,75,3,earlier,0.955858051776886
2364,4,113,3,earlier,0.9802693128585815
2363,1,14,3,earlier,0.9887439608573914
2363,2,38,3,earlier,0.9859522581100464
2363,3,75,3,earlier,0.9682560563087463
2363,4,113,3,earlier,0.981924295425415
2362,1,14,3,earlier,0.9896592497825623
2362,2,38,3,earlier,0.979279100894928
2362,3,75,3,earlier,0.9718192219734192
2362,4,113,3,earlier,0.9811602830886841
2361,1,14,3,earlier,0.9904691576957703
2361,2,38,3,earlier,0.9841310381889343
2361,3,75,3,earlier,0.9741315841674805
2361,4,113,3,earlier,0.977757453918457
2360,1,14,3,earlier,0.9880300760269165
2360,2,38,3,earlier,0.9884212613105774
2360,3,75,3,earlier,0.9620416760444641
2360,4,113,3,earlier,0.9822951555252075
2359,1,14,3,earlier,0.9873254299163818
2359,2,38,3,earlier,0.9912515878677368
2359,3,75,3,earlier,0.9639847874641418
2359,4,113,3,earlier,0.9800262451171875
2358,1,14,3,earlier,0.9902533292770386
2358,2,38,3,earlier,0.9922189116477966
2358,3,75,3,earlier,0.9634914994239807
2358,4,113,3,earlier,0.9829148650169373
2357,1,14,3,earlier,0.9897090196609497
2357,2,38,3,earlier,0.988201379776001
2357,3,75,3,earlier,0.9540488719940186
2357,4,113,3,earlier,0.9858859181404114
2356,1,14,3,earlier,0.9893746972084045
2356,2,38,3,earlier,0.9893602132797241
2356,3,75,3,earlier,0.9635064005851746
2356,4,113,3,earlier,0.9853318333625793
2355,1,14,3,earlier,0.9890963435173035
2355,2,38,3,earlier,0.9905813336372375
2355,3,75,3,earlier,0.9745675325393677
2355,4,113,3,earlier,0.985892117023468
2354,1,14,3,earlier,0.9881009459495544
2354,2,38,3,earlier,0.9914064407348633
2354,3,75,3,earlier,0.9706957340240479
2354,4,113,3,earlier,0.9838837385177612
2353,1,14,3,earlier,0.9904357194900513
2353,2,38,3,earlier,0.9925099611282349
2353,3,75,3,earlier,0.9646320939064026
2353,4,113,3,earlier,0.9847358465194702
2352,1,14,3,earlier,0.990052342414856
2352,2,38,3,earlier,0.9922887086868286
2352,3,75,3,earlier,0.9672252535820007
2352,4,113,3,earlier,0.9854840040206909
2351,1,14,3,earlier,0.9891365766525269
2351,2,38,3,earlier,0.9925453066825867
2351,3,75,3,earlier,0.9673975110054016
2351,4,113,3,earlier,0.9831100106239319
2350,1,14,3,earlier,0.9887723922729492
2350,2,38,3,earlier,0.991750955581665
2350,3,75,3,earlier,0.9730885624885559
2350,4,113,3,earlier,0.984124481678009
2349,1,14,3,earlier,0.9868650436401367
2349,2,38,3,earlier,0.9907712936401367
2349,3,75,3,earlier,0.9829980731010437
2349,4,113,3,earlier,0.9817706346511841
2348,1,14,3,earlier,0.9910020232200623
2348,2,38,3,earlier,0.9886669516563416
2348,3,75,3,earlier,0.9838842153549194
2348,4,113,3,earlier,0.9829686284065247
2347,1,14,3,earlier,0.9892390370368958
2347,2,38,3,earlier,0.9914568066596985
2347,3,75,3,earlier,0.9817442297935486
2347,4,113,3,earlier,0.9754809141159058
2346,1,14,3,earlier,0.9902072548866272
2346,2,38,3,earlier,0.9916607737541199
2346,3,75,3,earlier,0.97053462266922
2346,4,113,3,earlier,0.9765300154685974
2345,1,14,3,earlier,0.9841521978378296
2345,2,38,3,earlier,0.9903851747512817
2345,3,75,3,earlier,0.9723823666572571
2345,4,113,3,earlier,0.9733577966690063
2344,1,14,3,earlier,0.9873833656311035
2344,2,38,3,earlier,0.9902642369270325
2344,3,75,3,earlier,0.9707656502723694
2344,4,113,3,earlier,0.9737562537193298
2343,1,14,3,earlier,0.9876686334609985
2343,2,38,3,earlier,0.9887413382530212
2343,3,75,3,earlier,0.9866546988487244
2343,4,113,3,earlier,0.9597367644309998
2342,1,14,3,earlier,0.9910891652107239
2342,2,38,3,earlier,0.9798792600631714
2342,3,75,3,earlier,0.9806111454963684
2342,4,113,3,earlier,0.9650352597236633
2341,1,14,3,earlier,0.9865644574165344
2341,2,38,3,earlier,0.9780872464179993
2341,3,75,3,earlier,0.9827294945716858
2341,4,113,3,earlier,0.9765414595603943
2340,1,14,3,earlier,0.9855570793151855
2340,2,38,3,earlier,0.976742684841156
2340,3,75,3,earlier,0.9773546457290649
2340,4,113,3,earlier,0.9678674340248108
2339,1,14,3,earlier,0.9848208427429199
2339,2,38,3,earlier,0.9731622338294983
2339,3,75,3,earlier,0.9785822629928589
2339,4,113,3,earlier,0.9723032116889954
2338,1,14,3,earlier,0.9881501197814941
2338,2,38,3,earlier,0.9622435569763184
2338,3,75,3,earlier,0.9830175638198853
2338,4,113,3,earlier,0.9743055701255798
2337,1,14,3,earlier,0.984902560710907
2337,2,38,3,earlier,0.977043628692627
2337,3,75,3,earlier,0.9839929342269897
2337,4,113,3,earlier,0.976813793182373
2336,1,14,3,earlier,0.9875258207321167
2336,2,38,3,earlier,0.9761572480201721
2336,3,75,3,earlier,0.9855852723121643
2336,4,113,3,earlier,0.9769368171691895
2335,1,14,3,earlier,0.9884493350982666
2335,2,38,3,earlier,0.9720660448074341
2335,3,75,3,earlier,0.9885061383247375
2335,4,113,3,earlier,0.979668378829956
2334,1,14,3,earlier,0.9861145615577698
2334,2,38,3,earlier,0.9672314524650574
2334,3,75,3,earlier,0.9887853264808655
2334,4,113,3,earlier,0.9792645573616028
2333,1,14,3,earlier,0.9873825311660767
2333,2,38,3,earlier,0.9686843156814575
2333,3,75,3,earlier,0.9885549545288086
2333,4,113,3,earlier,0.9798644781112671
2332,1,14,3,earlier,0.9878101944923401
2332,2,38,3,earlier,0.9808676242828369
2332,3,75,3,earlier,0.9875293374061584
2332,4,113,3,earlier,0.9814950823783875
2331,1,14,3,earlier,0.9867740869522095
2331,2,38,3,earlier,0.9818300008773804
2331,3,75,3,earlier,0.9865634441375732
2331,4,113,3,earlier,0.9832225441932678
2330,1,14,3,earlier,0.9888311624526978
2330,2,38,3,earlier,0.9793969988822937
2330,3,75,3,earlier,0.987092912197113
2330,4,113,3,earlier,0.9818029403686523
2329,1,14,3,earlier,0.9845986366271973
2329,2,38,3,earlier,0.9777817726135254
2329,3,75,3,earlier,0.9814191460609436
2329,4,113,3,earlier,0.9837931990623474
2328,1,14,3,earlier,0.9855844378471375
2328,2,38,3,earlier,0.9793477058410645
2328,3,75,3,earlier,0.9880332350730896
2328,4,113,3,earlier,0.9790168404579163
2327,1,14,3,earlier,0.9848672151565552
2327,2,38,3,earlier,0.9834799766540527
2327,3,75,3,earlier,0.988884687423706
2327,4,113,3,earlier,0.9807354807853699
2326,1,14,3,earlier,0.9852897524833679
2326,2,38,3,earlier,0.981408953666687
2326,3,75,3,earlier,0.986426830291748
2326,4,113,3,earlier,0.9787580966949463
2325,1,14,3,earlier,0.9838459491729736
2325,2,38,3,earlier,0.9756870865821838
2325,3,75,3,earlier,0.9869973659515381
2325,4,113,3,earlier,0.9816930890083313
2324,1,14,3,earlier,0.9792864322662354
2324,2,38,3,earlier,0.9786325693130493
2324,3,75,3,earlier,0.9895873069763184
2324,4,113,3,earlier,0.9831511974334717
2323,1,14,3,earlier,0.9823172092437744
2323,2,38,3,earlier,0.982522189617157
2323,3,75,3,earlier,0.9887095093727112
2323,4,113,3,earlier,0.9845991730690002
2322,1,14,3,earlier,0.9832968711853027
2322,2,38,3,earlier,0.9866413474082947
2322,3,75,3,earlier,0.988905131816864
2322,4,113,3,earlier,0.984754204750061
2321,1,14,3,earlier,0.9834477305412292
2321,2,38,3,earlier,0.9817054271697998
2321,3,75,3,earlier,0.9899610877037048
2321,4,113,3,earlier,0.984099805355072
2320,1,14,3,earlier,0.9839103817939758
2320,2,38,3,earlier,0.9795611500740051
2320,3,75,3,earlier,0.9908556342124939
2320,4,113,3,earlier,0.9840455651283264
2319,1,14,3,earlier,0.9876073002815247
2319,2,38,3,earlier,0.9791595339775085
2319,3,75,3,earlier,0.9911639094352722
2319,4,113,3,earlier,0.9834181070327759
2318,1,14,3,earlier,0.986696183681488
2318,2,38,3,earlier,0.987885057926178
2318,3,75,3,earlier,0.9907679557800293
2318,4,113,3,earlier,0.9827783107757568
2317,1,14,3,earlier,0.9883797764778137
2317,2,38,3,earlier,0.9903244972229004
2317,3,75,3,earlier,0.9931735992431641
2317,4,113,3,earlier,0.9832924008369446
2316,1,14,3,earlier,0.987857460975647
2316,2,38,3,earlier,0.9887412786483765
2316,3,75,3,earlier,0.993238091468811
2316,4,113,3,earlier,0.9842095971107483
2315,1,14,3,earlier,0.9891148209571838
2315,2,38,3,earlier,0.9828793406486511
2315,3,75,3,earlier,0.9932729005813599
2315,4,113,3,earlier,0.9845424294471741
2314,1,14,3,earlier,0.9900747537612915
2314,2,38,3,earlier,0.9877264499664307
2314,3,75,3,earlier,0.992694616317749
2314,4,113,3,earlier,0.9847897291183472
2313,1,14,3,earlier,0.9888569116592407
2313,2,38,3,earlier,0.9883053302764893
2313,3,75,3,earlier,0.9917047619819641
2313,4,113,3,earlier,0.9837863445281982
2312,1,14,3,earlier,0.985742449760437
2312,2,38,3,earlier,0.9835584163665771
2312,3,75,3,earlier,0.991603672504425
2312,4,113,3,earlier,0.9823668003082275
2311,1,14,3,earlier,0.9873282313346863
2311,2,38,3,earlier,0.984286904335022
2311,3,75,3,earlier,0.9925862550735474
2311,4,113,3,earlier,0.9857531785964966
2310,1,14,3,earlier,0.9872730374336243
2310,2,38,3,earlier,0.9818801283836365
2310,3,75,3,earlier,0.9893753528594971
2310,4,113,3,earlier,0.9847729802131653
2309,1,14,3,earlier,0.9871664047241211
2309,2,38,3,earlier,0.9866011142730713
2309,3,75,3,earlier,
2309,4,113,3,earlier,0.9862207770347595
2308,1,14,3,earlier,0.9885216951370239
2308,2,38,3,earlier,0.985481321811676
2308,3,75,3,earlier,
2308,4,113,3,earlier,0.985613226890564
2307,1,14,3,earlier,0.9877819418907166
2307,2,38,3,earlier,0.9852479100227356
2307,3,75,3,earlier,
2307,4,113,3,earlier,0.9839177131652832
2306,1,14,3,earlier,0.9873794317245483
2306,2,38,3,earlier,0.9854264259338379
2306,3,75,3,earlier,
2306,4,113,3,earlier,0.9851454496383667
2305,1,14,3,earlier,0.9870462417602539
2305,2,38,3,earlier,0.9892510771751404
2305,3,75,3,earlier,
2305,4,113,3,earlier,0.9860541820526123
2304,1,14,3,earlier,0.9864308834075928
2304,2,38,3,earlier,0.9920952320098877
2304,3,75,3,earlier,
2304,4,113,3,earlier,0.985519528388977
2303,1,14,3,earlier,0.9903759360313416
2303,2,38,3,earlier,0.9879372715950012
2303,3,75,3,earlier,
2303,4,113,3,earlier,0.9864438772201538
2302,1,14,3,earlier,0.9886773824691772
2302,2,38,3,earlier,0.9876149296760559
2302,3,75,3,earlier,
2302,4,113,3,earlier,0.9868039488792419
2301,1,14,3,earlier,0.9872851371765137
2301,2,38,3,earlier,0.9883865118026733
2301,3,75,3,earlier,
2301,4,113,3,earlier,0.9875836968421936
2300,1,14,3,earlier,0.9898071885108948
2300,2,38,3,earlier,0.9879406690597534
2300,3,75,3,earlier,
2300,4,113,3,earlier,0.9884474873542786
2299,1,14,3,earlier,0.9896408915519714
2299,2,38,3,earlier,0.9879113435745239
2299,3,75,3,earlier,
2299,4,113,3,earlier,0.9883869886398315
2298,1,14,3,earlier,0.989503026008606
2298,2,38,3,earlier,0.9864010214805603
2298,3,75,3,earlier,
2298,4,113,3,earlier,0.9879719018936157
2297,1,14,3,earlier,0.9895859360694885
2297,2,38,3,earlier,0.9864508509635925
2297,3,75,3,earlier,
2297,4,113,3,earlier,0.9854478240013123
2296,1,14,3,earlier,0.9915776252746582
2296,2,38,3,earlier,0.9853172302246094
2296,3,75,3,earlier,
2296,4,113,3,earlier,0.986214816570282
2295,1,14,3,earlier,0.9906929135322571
2295,2,38,3,earlier,0.9859543442726135
2295,3,75,3,earlier,
2295,4,113,3,earlier,0.986990213394165
2294,1,14,3,earlier,0.9923025369644165
2294,2,38,3,earlier,0.9879575967788696
2294,3,75,3,earlier,
2294,4,113,3,earlier,0.9870526194572449
2293,1,14,3,earlier,0.9914448261260986
2293,2,38,3,earlier,0.9866229891777039
2293,3,75,3,earlier,
2293,4,113,3,earlier,0.98896324634552
2292,1,14,3,earlier,0.9900075793266296
2292,2,38,3,earlier,0.98702472448349
2292,3,75,3,earlier,
2292,4,113,3,earlier,0.9863237142562866
2291,1,14,3,earlier,0.9894392490386963
2291,2,38,3,earlier,0.9878113269805908
2291,3,75,3,earlier,
2291,4,113,3,earlier,0.9890722632408142
2290,1,14,3,earlier,0.9897814989089966
2290,2,38,3,earlier,0.9847613573074341
2290,3,75,3,earlier,
2290,4,113,3,earlier,0.9880624413490295
2289,1,14,3,earlier,0.9883468747138977
2289,2,38,3,earlier,0.9898779988288879
2289,3,75,3,earlier,
2289,4,113,3,earlier,0.9866737127304077
2288,1,14,3,earlier,0.9897181391716003
2288,2,38,3,earlier,0.9872953295707703
2288,3,75,3,earlier,
2288,4,113,3,earlier,0.9878214001655579
2287,1,14,3,earlier,0.9919411540031433
2287,2,38,3,earlier,0.9829643368721008
2287,3,75,3,earlier,
2287,4,113,3,earlier,0.9899250864982605
2286,1,14,3,earlier,0.9923983216285706
2286,2,38,3,earlier,0.9848759770393372
2286,3,75,3,earlier,
2286,4,113,3,earlier,0.9884934425354004
2285,1,14,3,earlier,0.9937797784805298
2285,2,38,3,earlier,0.9843974709510803
2285,3,75,3,earlier,
2285,4,113,3,earlier,0.9886429309844971
2284,1,14,3,earlier,0.9941545128822327
2284,2,38,3,earlier,0.9838339686393738
2284,3,75,3,earlier,
2284,4,113,3,earlier,0.9834126234054565
2283,1,14,3,earlier,0.9931511878967285
2283,2,38,3,earlier,0.981450080871582
2283,3,75,3,earlier,
2283,4,113,3,earlier,0.9868025779724121
2282,1,14,3,earlier,0.9919047355651855
2282,2,38,3,earlier,0.9799720644950867
2282,3,75,3,earlier,
2282,4,113,3,earlier,0.9820461869239807
2281,1,14,3,earlier,0.9924260377883911
2281,2,38,3,earlier,0.980647623538971
2281,3,75,3,earlier,
2281,4,113,3,earlier,0.980486273765564
2280,1,14,3,earlier,0.993965208530426
2280,2,38,3,earlier,0.9812046885490417
2280,3,75,3,earlier,
2280,4,113,3,earlier,0.9777856469154358
2279,1,14,3,earlier,0.9923205375671387
2279,2,38,3,earlier,0.9821920394897461
2279,3,75,3,earlier,
2279,4,113,3,earlier,0.9775226712226868
2278,1,14,3,earlier,0.9904019236564636
2278,2,38,3,earlier,0.9830467700958252
2278,3,75,3,earlier,
2278,4,113,3,earlier,0.9726389646530151
2277,1,14,3,earlier,0.9907286167144775
2277,2,38,3,earlier,0.9846065044403076
2277,3,75,3,earlier,
2277,4,113,3,earlier,0.9781500697135925
2276,1,14,3,earlier,0.9886413216590881
2276,2,38,3,earlier,0.9884905219078064
2276,3,75,3,earlier,
2276,4,113,3,earlier,0.9876232743263245
2275,1,14,3,earlier,0.9911577701568604
2275,2,38,3,earlier,0.9870668053627014
2275,3,75,3,earlier,
2275,4,113,3,earlier,0.973687469959259
2274,1,14,3,earlier,0.9912698864936829
2274,2,38,3,earlier,0.9884011745452881
2274,3,75,3,earlier,
2274,4,113,3,earlier,0.9820429682731628
2273,1,14,3,earlier,0.9905741810798645
2273,2,38,3,earlier,0.9883323311805725
2273,3,75,3,earlier,
2273,4,113,3,earlier,0.9846588969230652
2272,1,14,3,earlier,0.9898608326911926
2272,2,38,3,earlier,0.989449143409729
2272,3,75,3,earlier,
2272,4,113,3,earlier,0.9731279015541077
2271,1,14,3,earlier,0.9918290972709656
2271,2,38,3,earlier,0.9892798066139221
2271,3,75,3,earlier,
2271,4,113,3,earlier,0.9876024723052979
2270,1,14,3,earlier,0.9872611165046692
2270,2,38,3,earlier,0.9862821102142334
2270,3,75,3,earlier,
2270,4,113,3,earlier,0.9837270975112915
2269,1,14,3,earlier,0.9836601614952087
2269,2,38,3,earlier,0.9863672852516174
2269,3,75,3,earlier,
2269,4,113,3,earlier,0.9852654337882996
2268,1,14,3,earlier,0.986794650554657
2268,2,38,3,earlier,0.9893960356712341
2268,3,75,3,earlier,
2268,4,113,3,earlier,0.985592246055603
2267,1,14,3,earlier,0.9855282306671143
2267,2,38,3,earlier,0.988767683506012
2267,3,75,3,earlier,
2267,4,113,3,earlier,0.989927351474762
2266,1,14,3,earlier,0.9890427589416504
2266,2,38,3,earlier,0.9913923144340515
2266,3,75,3,earlier,
2266,4,113,3,earlier,0.9842123985290527
2265,1,14,3,earlier,0.9852011203765869
2265,2,38,3,earlier,0.990399956703186
2265,3,75,3,earlier,
2265,4,113,3,earlier,0.9840655326843262
2264,1,14,3,earlier,0.9865514039993286
2264,2,38,3,earlier,0.9920965433120728
2264,3,75,3,earlier,
2264,4,113,3,earlier,0.9872746467590332
2263,1,14,3,earlier,0.989479124546051
2263,2,38,3,earlier,0.9922739863395691
2263,3,75,3,earlier,
2263,4,113,3,earlier,0.9786800742149353
2262,1,14,3,earlier,0.9899405241012573
2262,2,38,3,earlier,0.9913610219955444
2262,3,75,3,earlier,
2262,4,113,3,earlier,0.9775348901748657
2261,1,14,3,earlier,0.9849013686180115
2261,2,38,3,earlier,0.9910188913345337
2261,3,75,3,earlier,
2261,4,113,3,earlier,0.9882121682167053
2260,1,14,3,earlier,0.9841219186782837
2260,2,38,3,earlier,0.9922493100166321
2260,3,75,3,earlier,
2260,4,113,3,earlier,0.9810647964477539
2259,1,14,3,earlier,0.9844891428947449
2259,2,38,3,earlier,0.9908308982849121
2259,3,75,3,earlier,
2259,4,113,3,earlier,0.9824202656745911
2258,1,14,3,earlier,0.9809098839759827
2258,2,38,3,earlier,0.9924225211143494
2258,3,75,3,earlier,
2258,4,113,3,earlier,0.9860585331916809
2257,1,14,3,earlier,0.9844658970832825
2257,2,38,3,earlier,0.9907445311546326
2257,3,75,3,earlier,
2257,4,113,3,earlier,0.9787753224372864
2256,1,14,3,earlier,0.985933244228363
2256,2,38,3,earlier,0.9880713820457458
2256,3,75,3,earlier,
2256,4,113,3,earlier,0.9707373976707458
2255,1,14,3,earlier,0.9855404496192932
2255,2,38,3,earlier,0.9906420707702637
2255,3,75,3,earlier,0.6463527083396912
2255,4,113,3,earlier,0.980807900428772
2254,1,14,3,earlier,0.985891580581665
2254,2,38,3,earlier,0.9915772676467896
2254,3,75,3,earlier,0.8958632349967957
2254,4,113,3,earlier,0.9795719981193542
2253,1,14,3,earlier,0.9855486154556274
2253,2,38,3,earlier,0.9911162853240967
2253,3,75,3,earlier,0.9245833158493042
2253,4,113,3,earlier,0.9714928865432739
2252,1,14,3,earlier,0.9866595268249512
2252,2,38,3,earlier,0.9892827272415161
2252,3,75,3,earlier,0.9629402160644531
2252,4,113,3,earlier,0.9665943384170532
2251,1,14,3,earlier,0.9860270619392395
2251,2,38,3,earlier,0.9909154176712036
2251,3,75,3,earlier,0.9591490626335144
2251,4,113,3,earlier,0.966072678565979
2250,1,14,3,earlier,0.9860880374908447
2250,2,38,3,earlier,0.9911822080612183
2250,3,75,3,earlier,0.9665098786354065
2250,4,113,3,earlier,
3324,1,14,4,later,0.9896119832992554
3324,2,38,4,later,0.986590564250946
3324,3,75,4,later,0.9808369874954224
3324,4,113,4,later,0.9841410517692566
3325,1,14,4,later,0.9924370050430298
3325,2,38,4,later,0.9806376099586487
3325,3,75,4,later,0.9866727590560913
3325,4,113,4,later,0.9880536198616028
3326,1,14,4,later,0.991267740726471
3326,2,38,4,later,0.9806307554244995
3326,3,75,4,later,0.9898793697357178
3326,4,113,4,later,0.9899204969406128
3327,1,14,4,later,0.9915775060653687
3327,2,38,4,later,0.974606990814209
3327,3,75,4,later,0.9906377792358398
3327,4,113,4,later,0.9871905446052551
3328,1,14,4,later,0.9920887351036072
3328,2,38,4,later,0.9705423712730408
3328,3,75,4,later,0.987747848033905
3328,4,113,4,later,0.9894100427627563
3329,1,14,4,later,0.9923396110534668
3329,2,38,4,later,0.9723066687583923
3329,3,75,4,later,0.9913654923439026
3329,4,113,4,later,0.989682674407959
3330,1,14,4,later,0.9920225143432617
3330,2,38,4,later,0.9675427675247192
3330,3,75,4,later,0.9904099106788635
3330,4,113,4,later,0.99057936668396
3331,1,14,4,later,0.9921623468399048
3331,2,38,4,later,0.9664947390556335
3331,3,75,4,later,0.9901599287986755
3331,4,113,4,later,0.9877894520759583
3332,1,14,4,later,0.9915176033973694
3332,2,38,4,later,0.9800302386283875
3332,3,75,4,later,0.9867436289787292
3332,4,113,4,later,0.9910393953323364
3333,1,14,4,later,0.9931855797767639
3333,2,38,4,later,0.9651958346366882
3333,3,75,4,later,0.990796685218811
3333,4,113,4,later,0.9891946911811829
3334,1,14,4,later,0.9920699596405029
3334,2,38,4,later,0.9630797505378723
3334,3,75,4,later,0.9895416498184204
3334,4,113,4,later,0.9909182786941528
3335,1,14,4,later,0.9927668571472168
3335,2,38,4,later,0.947425127029419
3335,3,75,4,later,0.9902119636535645
3335,4,113,4,later,0.9911308884620667
3336,1,14,4,later,0.9916613101959229
3336,2,38,4,later,0.9762020707130432
3336,3,75,4,later,0.9910085797309875
3336,4,113,4,later,0.9914294481277466
3337,1,14,4,later,0.9924476742744446
3337,2,38,4,later,0.9686173796653748
3337,3,75,4,later,0.9892873167991638
3337,4,113,4,later,0.9887831807136536
3338,1,14,4,later,0.9939104914665222
3338,2,38,4,later,
3338,3,75,4,later,0.9901679754257202
3338,4,113,4,later,0.9896472692489624
3339,1,14,4,later,0.9914551377296448
3339,2,38,4,later,
3339,3,75,4,later,0.9911459684371948
3339,4,113,4,later,0.9869287014007568
3340,1,14,4,later,0.9909664392471313
3340,2,38,4,later,
3340,3,75,4,later,0.9924500584602356
3340,4,113,4,later,0.9877379536628723
3341,1,14,4,later,0.9911037683486938
3341,2,38,4,later,
3341,3,75,4,later,0.9915056228637695
3341,4,113,4,later,0.9887201189994812
3342,1,14,4,later,0.991958498954773
3342,2,38,4,later,
3342,3,75,4,later,0.9900304079055786
3342,4,113,4,later,0.9887284636497498
3343,1,14,4,later,0.9916547536849976
3343,2,38,4,later,
3343,3,75,4,later,0.9901592135429382
3343,4,113,4,later,0.9881521463394165
3344,1,14,4,later,0.9918511509895325
3344,2,38,4,later,
3344,3,75,4,later,0.9906334280967712
3344,4,113,4,later,0.9899477958679199
3345,1,14,4,later,0.9904512166976929
3345,2,38,4,later,
3345,3,75,4,later,0.9908415675163269
3345,4,113,4,later,0.9901361465454102
3346,1,14,4,later,0.992358922958374
3346,2,38,4,later,
3346,3,75,4,later,0.9902638792991638
3346,4,113,4,later,0.9914001822471619
3347,1,14,4,later,0.9934594631195068
3347,2,38,4,later,
3347,3,75,4,later,0.9891781210899353
3347,4,113,4,later,0.9904829263687134
3348,1,14,4,later,0.9905655384063721
3348,2,38,4,later,
3348,3,75,4,later,0.9902582764625549
3348,4,113,4,later,0.9890700578689575
3349,1,14,4,later,0.9926730990409851
3349,2,38,4,later,
3349,3,75,4,later,0.990226686000824
3349,4,113,4,later,0.98949134349823
3350,1,14,4,later,0.9920964241027832
3350,2,38,4,later,
3350,3,75,4,later,0.9884670376777649
3350,4,113,4,later,0.9904387593269348
3351,1,14,4,later,0.9898485541343689
3351,2,38,4,later,
3351,3,75,4,later,0.9882092475891113
3351,4,113,4,later,0.989826500415802
3352,1,14,4,later,0.9896523952484131
3352,2,38,4,later,
3352,3,75,4,later,0.9875551462173462
3352,4,113,4,later,0.9897550940513611
3353,1,14,4,later,0.9909608960151672
3353,2,38,4,later,
3353,3,75,4,later,0.9857940673828125
3353,4,113,4,later,0.9899278879165649
3354,1,14,4,later,0.9905489683151245
3354,2,38,4,later,
3354,3,75,4,later,0.9855514168739319
3354,4,113,4,later,0.9900909066200256
3355,1,14,4,later,0.9913697838783264
3355,2,38,4,later,
3355,3,75,4,later,0.9818603992462158
3355,4,113,4,later,0.990925133228302
3356,1,14,4,later,0.9902082085609436
3356,2,38,4,later,
3356,3,75,4,later,0.980726957321167
3356,4,113,4,later,0.991100013256073
3357,1,14,4,later,0.9926386475563049
3357,2,38,4,later,
3357,3,75,4,later,0.9780020713806152
3357,4,113,4,later,0.9903181791305542
3358,1,14,4,later,0.9914137721061707
3358,2,38,4,later,
3358,3,75,4,later,0.9835246801376343
3358,4,113,4,later,0.9915345907211304
3359,1,14,4,later,0.989216685295105
3359,2,38,4,later,
3359,3,75,4,later,0.9807854294776917
3359,4,113,4,later,0.9904609322547913
3360,1,14,4,later,0.9920144081115723
3360,2,38,4,later,
3360,3,75,4,later,0.9794358015060425
3360,4,113,4,later,0.9897568225860596
3361,1,14,4,later,0.9911672472953796
3361,2,38,4,later,
3361,3,75,4,later,0.9835867881774902
3361,4,113,4,later,0.9909114241600037
3362,1,14,4,later,0.9925485253334045
3362,2,38,4,later,
3362,3,75,4,later,0.98447185754776
3362,4,113,4,later,0.9921990036964417
3363,1,14,4,later,0.9924123883247375
3363,2,38,4,later,
3363,3,75,4,later,0.9855751991271973
3363,4,113,4,later,0.9915169477462769
3364,1,14,4,later,0.9927387833595276
3364,2,38,4,later,
3364,3,75,4,later,0.9866731762886047
3364,4,113,4,later,0.9919708967208862
3365,1,14,4,later,0.9923570156097412
3365,2,38,4,later,
3365,3,75,4,later,0.9856468439102173
3365,4,113,4,later,0.9926103353500366
3366,1,14,4,later,0.9924721717834473
3366,2,38,4,later,
3366,3,75,4,later,0.9856963157653809
3366,4,113,4,later,0.9920512437820435
3367,1,14,4,later,0.9921513795852661
3367,2,38,4,later,
3367,3,75,4,later,0.9854108691215515
3367,4,113,4,later,0.992762565612793
3368,1,14,4,later,0.991542637348175
3368,2,38,4,later,
3368,3,75,4,later,0.9835411906242371
3368,4,113,4,later,0.9929990768432617
3369,1,14,4,later,0.9928763508796692
3369,2,38,4,later,
3369,3,75,4,later,0.9817174077033997
3369,4,113,4,later,0.9925098419189453
3370,1,14,4,later,0.992887020111084
3370,2,38,4,later,
3370,3,75,4,later,0.9814150333404541
3370,4,113,4,later,0.992849588394165
3371,1,14,4,later,0.9936681985855103
3371,2,38,4,later,
3371,3,75,4,later,0.9813346266746521
3371,4,113,4,later,0.9921232461929321
3372,1,14,4,later,0.9918890595436096
3372,2,38,4,later,
3372,3,75,4,later,0.9812203645706177
3372,4,113,4,later,0.9905399084091187
3373,1,14,4,later,0.992253839969635
3373,2,38,4,later,
3373,3,75,4,later,0.9861962199211121
3373,4,113,4,later,0.9917829632759094
3374,1,14,4,later,0.9917812347412109
3374,2,38,4,later,
3374,3,75,4,later,0.9887166023254395
3374,4,113,4,later,0.9904689192771912
3375,1,14,4,later,0.9934788942337036
3375,2,38,4,later,
3375,3,75,4,later,0.9887010455131531
3375,4,113,4,later,0.9929895401000977
3376,1,14,4,later,0.9911704063415527
3376,2,38,4,later,
3376,3,75,4,later,0.9828274846076965
3376,4,113,4,later,0.9922491908073425
3377,1,14,4,later,0.9927827715873718
3377,2,38,4,later,
3377,3,75,4,later,0.983008861541748
3377,4,113,4,later,0.9924287796020508
3378,1,14,4,later,0.9944108724594116
3378,2,38,4,later,
3378,3,75,4,later,0.9838576316833496
3378,4,113,4,later,0.9925772547721863
3379,1,14,4,later,0.9940019249916077
3379,2,38,4,later,
3379,3,75,4,later,0.987687885761261
3379,4,113,4,later,0.9905820488929749
3380,1,14,4,later,0.9932262301445007
3380,2,38,4,later,
3380,3,75,4,later,0.9832695126533508
3380,4,113,4,later,0.9905608296394348
3381,1,14,4,later,0.9920650720596313
3381,2,38,4,later,
3381,3,75,4,later,0.982850968837738
3381,4,113,4,later,0.9899829626083374
3382,1,14,4,later,0.9930958151817322
3382,2,38,4,later,
3382,3,75,4,later,0.9845588207244873
3382,4,113,4,later,0.9901662468910217
3383,1,14,4,later,0.9934306144714355
3383,2,38,4,later,
3383,3,75,4,later,0.9843394756317139
3383,4,113,4,later,0.990193247795105
3384,1,14,4,later,0.9928387999534607
3384,2,38,4,later,
3384,3,75,4,later,0.9823576211929321
3384,4,113,4,later,0.9916306734085083
3385,1,14,4,later,0.994253396987915
3385,2,38,4,later,
3385,3,75,4,later,0.9828161001205444
3385,4,113,4,later,0.9902868866920471
3386,1,14,4,later,0.9940130114555359
3386,2,38,4,later,
3386,3,75,4,later,0.9831636548042297
3386,4,113,4,later,0.9907254576683044
3387,1,14,4,later,0.9930544495582581
3387,2,38,4,later,
3387,3,75,4,later,0.9835917949676514
3387,4,113,4,later,0.9915099143981934
3388,1,14,4,later,0.9906291365623474
3388,2,38,4,later,
3388,3,75,4,later,0.9820088744163513
3388,4,113,4,later,0.9913830161094666
3389,1,14,4,later,0.991208016872406
3389,2,38,4,later,
3389,3,75,4,later,0.9850626587867737
3389,4,113,4,later,0.990355372428894
3390,1,14,4,later,0.9918109178543091
3390,2,38,4,later,
3390,3,75,4,later,0.9845190644264221
3390,4,113,4,later,0.9895231127738953
3391,1,14,4,later,0.9923760890960693
3391,2,38,4,later,
3391,3,75,4,later,0.9843258857727051
3391,4,113,4,later,0.991764485836029
3392,1,14,4,later,0.9927188158035278
3392,2,38,4,later,
3392,3,75,4,later,0.9805331230163574
3392,4,113,4,later,0.9909172058105469
3393,1,14,4,later,0.9932819604873657
3393,2,38,4,later,
3393,3,75,4,later,0.9745602011680603
3393,4,113,4,later,0.9905185103416443
3394,1,14,4,later,0.9933739900588989
3394,2,38,4,later,
3394,3,75,4,later,0.9791808128356934
3394,4,113,4,later,0.9906694293022156
3395,1,14,4,later,0.9922330975532532
3395,2,38,4,later,
3395,3,75,4,later,0.9715678691864014
3395,4,113,4,later,0.9918476343154907
3396,1,14,4,later,0.9924187660217285
3396,2,38,4,later,
3396,3,75,4,later,0.9711971879005432
3396,4,113,4,later,0.9927355051040649
3397,1,14,4,later,0.9917392134666443
3397,2,38,4,later,
3397,3,75,4,later,0.9683413505554199
3397,4,113,4,later,0.9913303256034851
3398,1,14,4,later,0.990628719329834
3398,2,38,4,later,
3398,3,75,4,later,0.9766523241996765
3398,4,113,4,later,0.9911530613899231
3399,1,14,4,later,0.9917980432510376
3399,2,38,4,later,
3399,3,75,4,later,0.9648969173431396
3399,4,113,4,later,0.9916887879371643
3400,1,14,4,later,0.9913559556007385
3400,2,38,4,later,
3400,3,75,4,later,0.9533893465995789
3400,4,113,4,later,0.991694986820221
3401,1,14,4,later,0.9913663268089294
3401,2,38,4,later,
3401,3,75,4,later,0.9693548679351807
3401,4,113,4,later,0.9907391667366028
3402,1,14,4,later,0.9920156002044678
3402,2,38,4,later,
3402,3,75,4,later,0.9636945724487305
3402,4,113,4,later,0.9929603934288025
3403,1,14,4,later,0.991800844669342
3403,2,38,4,later,
3403,3,75,4,later,0.9658293128013611
3403,4,113,4,later,0.9927952885627747
3404,1,14,4,later,0.989997386932373
3404,2,38,4,later,
3404,3,75,4,later,0.9685889482498169
3404,4,113,4,later,0.9919643402099609
3405,1,14,4,later,0.9899910092353821
3405,2,38,4,later,
3405,3,75,4,later,0.9640752077102661
3405,4,113,4,later,0.9925370812416077
3406,1,14,4,later,0.9892850518226624
3406,2,38,4,later,
3406,3,75,4,later,0.9697919487953186
3406,4,113,4,later,0.9938868284225464
3407,1,14,4,later,0.9904411435127258
3407,2,38,4,later,
3407,3,75,4,later,0.9710557460784912
3407,4,113,4,later,0.9909077882766724
3408,1,14,4,later,0.990778923034668
3408,2,38,4,later,
3408,3,75,4,later,0.9713305830955505
3408,4,113,4,later,0.9919686913490295
3409,1,14,4,later,0.9898526072502136
3409,2,38,4,later,
3409,3,75,4,later,0.9731503129005432
3409,4,113,4,later,0.9892554879188538
3410,1,14,4,later,0.9923381209373474
3410,2,38,4,later,
3410,3,75,4,later,0.9672315716743469
3410,4,113,4,later,0.9875453114509583
3411,1,14,4,later,0.9927988052368164
3411,2,38,4,later,
3411,3,75,4,later,0.9617709517478943
3411,4,113,4,later,0.9903591871261597
3412,1,14,4,later,0.9897130727767944
3412,2,38,4,later,
3412,3,75,4,later,0.9726956486701965
3412,4,113,4,later,0.9879028797149658
3413,1,14,4,later,0.9761207699775696
3413,2,38,4,later,
3413,3,75,4,later,0.9739940166473389
3413,4,113,4,later,0.9834737181663513
3414,1,14,4,later,
3414,2,38,4,later,0.9030647873878479
3414,3,75,4,later,0.9591243863105774
3414,4,113,4,later,0.9626874327659607
3415,1,14,4,later,0.9819338321685791
3415,2,38,4,later,0.9281094670295715
3415,3,75,4,later,0.9730563163757324
3415,4,113,4,later,0.9611465930938721
3416,1,14,4,later,0.9537125825881958
3416,2,38,4,later,0.8244077563285828
3416,3,75,4,later,0.9744627475738525
3416,4,113,4,later,0.9521443247795105
3417,1,14,4,later,0.9906715750694275
3417,2,38,4,later,0.9627358913421631
3417,3,75,4,later,0.9734665155410767
3417,4,113,4,later,0.9824011325836182
3418,1,14,4,later,0.9909375309944153
3418,2,38,4,later,0.964141309261322
3418,3,75,4,later,0.9739343523979187
3418,4,113,4,later,0.9846278429031372
3419,1,14,4,later,0.9907283782958984
3419,2,38,4,later,0.9218522906303406
3419,3,75,4,later,0.9762272834777832
3419,4,113,4,later,0.9834319353103638
3420,1,14,4,later,0.9912400841712952
3420,2,38,4,later,0.8210694193840027
3420,3,75,4,later,0.9754140973091125
3420,4,113,4,later,0.9827556014060974
3421,1,14,4,later,0.9910038113594055
3421,2,38,4,later,0.9646073579788208
3421,3,75,4,later,0.9764025807380676
3421,4,113,4,later,0.9822178483009338
3422,1,14,4,later,0.9904876947402954
3422,2,38,4,later,0.9764086008071899
3422,3,75,4,later,0.9790073037147522
3422,4,113,4,later,0.9702336192131042
3423,1,14,4,later,0.9920490980148315
3423,2,38,4,later,0.9692702293395996
3423,3,75,4,later,0.9810415506362915
3423,4,113,4,later,0.9779933094978333
3424,1,14,4,later,0.9926729798316956
3424,2,38,4,later,0.9661310911178589
3424,3,75,4,later,0.9784174561500549
3424,4,113,4,later,0.9784739017486572
3425,1,14,4,later,0.989788830280304
3425,2,38,4,later,0.9765861630439758
3425,3,75,4,later,0.9785856604576111
3425,4,113,4,later,0.982184112071991
3426,1,14,4,later,0.9891015887260437
3426,2,38,4,later,0.9765281081199646
3426,3,75,4,later,0.9751402735710144
3426,4,113,4,later,0.9883004426956177
3427,1,14,4,later,0.9924634099006653
3427,2,38,4,later,0.9782531261444092
3427,3,75,4,later,0.9769207239151001
3427,4,113,4,later,0.9881480932235718
3428,1,14,4,later,0.9920064210891724
3428,2,38,4,later,0.9750649929046631
3428,3,75,4,later,0.9697398543357849
3428,4,113,4,later,0.9856898188591003
3429,1,14,4,later,0.9912815690040588
3429,2,38,4,later,0.9807736873626709
3429,3,75,4,later,0.9728633761405945
3429,4,113,4,later,0.9860215783119202
3430,1,14,4,later,0.9929075241088867
3430,2,38,4,later,0.9764297604560852
3430,3,75,4,later,0.9717971682548523
3430,4,113,4,later,0.9748772978782654
3431,1,14,4,later,0.9906870126724243
3431,2,38,4,later,0.9778935313224792
3431,3,75,4,later,0.9787442684173584
3431,4,113,4,later,0.9830414652824402
3432,1,14,4,later,0.9927091002464294
3432,2,38,4,later,0.9795745611190796
3432,3,75,4,later,0.9783374667167664
3432,4,113,4,later,0.97797030210495
3433,1,14,4,later,0.9899337887763977
3433,2,38,4,later,0.9792414307594299
3433,3,75,4,later,0.9753090143203735
3433,4,113,4,later,0.98642498254776
3434,1,14,4,later,0.9906356930732727
3434,2,38,4,later,0.9842506647109985
3434,3,75,4,later,0.9721880555152893
3434,4,113,4,later,0.9883664846420288
3435,1,14,4,later,0.9887318015098572
3435,2,38,4,later,0.977699339389801
3435,3,75,4,later,0.9830763936042786
3435,4,113,4,later,0.9857344627380371
3436,1,14,4,later,0.989254891872406
3436,2,38,4,later,0.9651541709899902
3436,3,75,4,later,0.9789726734161377
3436,4,113,4,later,0.9858963489532471
3437,1,14,4,later,0.9885662198066711
3437,2,38,4,later,0.9782021045684814
3437,3,75,4,later,0.98444664478302
3437,4,113,4,later,0.9857397675514221
3438,1,14,4,later,0.991335391998291
3438,2,38,4,later,0.9810735583305359
3438,3,75,4,later,0.9862369298934937
3438,4,113,4,later,0.9869247674942017
3439,1,14,4,later,0.9880488514900208
3439,2,38,4,later,0.9734868407249451
3439,3,75,4,later,0.9873512387275696
3439,4,113,4,later,0.9863553643226624
3440,1,14,4,later,0.9871745109558105
3440,2,38,4,later,0.9817278981208801
3440,3,75,4,later,0.9896600246429443
3440,4,113,4,later,0.9856488704681396
3441,1,14,4,later,0.989146888256073
3441,2,38,4,later,0.9828065037727356
3441,3,75,4,later,0.9867467284202576
3441,4,113,4,later,0.9820274114608765
3442,1,14,4,later,0.9883398413658142
3442,2,38,4,later,0.9838652610778809
3442,3,75,4,later,0.98429274559021
3442,4,113,4,later,0.9873582124710083
3443,1,14,4,later,0.9870263934135437
3443,2,38,4,later,0.9808660745620728
3443,3,75,4,later,0.9829599857330322
3443,4,113,4,later,0.9858638644218445
3444,1,14,4,later,0.98298180103302
3444,2,38,4,later,0.9758849740028381
3444,3,75,4,later,0.9890134334564209
3444,4,113,4,later,0.9870411157608032
3445,1,14,4,later,0.9842142462730408
3445,2,38,4,later,0.9693055748939514
3445,3,75,4,later,0.9764574766159058
3445,4,113,4,later,0.9836191534996033
3446,1,14,4,later,0.9866633415222168
3446,2,38,4,later,0.9767554998397827
3446,3,75,4,later,0.9808393120765686
3446,4,113,4,later,0.9845252633094788
3447,1,14,4,later,0.9856289029121399
3447,2,38,4,later,0.9700994491577148
3447,3,75,4,later,0.9774359464645386
3447,4,113,4,later,0.9774521589279175
3448,1,14,4,later,0.9870627522468567
3448,2,38,4,later,0.9808008670806885
3448,3,75,4,later,0.9799932241439819
3448,4,113,4,later,0.9788805842399597
3449,1,14,4,later,0.9891544580459595
3449,2,38,4,later,0.972440779209137
3449,3,75,4,later,0.9807683825492859
3449,4,113,4,later,0.9816656112670898
3450,1,14,4,later,0.9754001498222351
3450,2,38,4,later,0.9726253151893616
3450,3,75,4,later,0.9811740517616272
3450,4,113,4,later,0.9713274240493774
3451,1,14,4,later,0.9826292395591736
3451,2,38,4,later,0.974493682384491
3451,3,75,4,later,0.9809421896934509
3451,4,113,4,later,0.9779863357543945
3452,1,14,4,later,0.9785126447677612
3452,2,38,4,later,0.9814459085464478
3452,3,75,4,later,0.9786416888237
3452,4,113,4,later,0.9804972410202026
3453,1,14,4,later,0.975602388381958
3453,2,38,4,later,0.9713172316551208
3453,3,75,4,later,0.9782653450965881
3453,4,113,4,later,0.9811089038848877
3454,1,14,4,later,0.9812053442001343
3454,2,38,4,later,0.9706847667694092
3454,3,75,4,later,0.9705488085746765
3454,4,113,4,later,0.9790816903114319
3455,1,14,4,later,0.986129105091095
3455,2,38,4,later,0.9801292419433594
3455,3,75,4,later,0.9705634713172913
3455,4,113,4,later,0.9793475866317749
3456,1,14,4,later,0.9824284315109253
3456,2,38,4,later,0.9704954028129578
3456,3,75,4,later,0.9716281890869141
3456,4,113,4,later,0.9784613251686096
3457,1,14,4,later,0.97821044921875
3457,2,38,4,later,0.9714576005935669
3457,3,75,4,later,0.9800151586532593
3457,4,113,4,later,0.9788199067115784
3458,1,14,4,later,0.9793530702590942
3458,2,38,4,later,0.9791616201400757
3458,3,75,4,later,0.9788737297058105
3458,4,113,4,later,0.97819584608078
3459,1,14,4,later,0.9827185869216919
3459,2,38,4,later,0.9821040630340576
3459,3,75,4,later,0.9773404598236084
3459,4,113,4,later,0.9788792729377747
3460,1,14,4,later,0.9848912954330444
3460,2,38,4,later,0.9822368025779724
3460,3,75,4,later,0.9721748232841492
3460,4,113,4,later,0.9798559546470642
3461,1,14,4,later,0.9799472689628601
3461,2,38,4,later,0.9812014102935791
3461,3,75,4,later,0.976232647895813
3461,4,113,4,later,0.9814959764480591
3462,1,14,4,later,0.9852646589279175
3462,2,38,4,later,0.9701593518257141
3462,3,75,4,later,0.9798992276191711
3462,4,113,4,later,0.9820677638053894
3463,1,14,4,later,0.9845259189605713
3463,2,38,4,later,0.9733129739761353
3463,3,75,4,later,0.9751456379890442
3463,4,113,4,later,0.9803733825683594
3464,1,14,4,later,0.9828431606292725
3464,2,38,4,later,0.9741277098655701
3464,3,75,4,later,0.971278190612793
3464,4,113,4,later,0.9702720046043396
3465,1,14,4,later,0.9864364266395569
3465,2,38,4,later,0.9771347641944885
3465,3,75,4,later,0.9731884598731995
3465,4,113,4,later,0.9753455519676208
3466,1,14,4,later,0.9797954559326172
3466,2,38,4,later,0.9807954430580139
3466,3,75,4,later,0.978012204170227
3466,4,113,4,later,0.9771357178688049
3467,1,14,4,later,0.9840850830078125
3467,2,38,4,later,0.9833741188049316
3467,3,75,4,later,0.9772399663925171
3467,4,113,4,later,0.9815394878387451
3468,1,14,4,later,0.9850078821182251
3468,2,38,4,later,0.9845368266105652
3468,3,75,4,later,0.9829314351081848
3468,4,113,4,later,0.9828503727912903
3469,1,14,4,later,0.9830952882766724
3469,2,38,4,later,0.982221245765686
3469,3,75,4,later,0.9821884632110596
3469,4,113,4,later,0.9788050055503845
3470,1,14,4,later,0.9837647080421448
3470,2,38,4,later,0.9762920141220093
3470,3,75,4,later,0.9832330942153931
3470,4,113,4,later,0.9811245799064636
3471,1,14,4,later,0.9831856489181519
3471,2,38,4,later,0.971555233001709
3471,3,75,4,later,0.9827454090118408
3471,4,113,4,later,0.980316162109375
3472,1,14,4,later,0.9867512583732605
3472,2,38,4,later,0.9746919870376587
3472,3,75,4,later,0.9797296524047852
3472,4,113,4,later,0.982258677482605
3473,1,14,4,later,0.9890842437744141
3473,2,38,4,later,0.9786463975906372
3473,3,75,4,later,0.9823684692382812
3473,4,113,4,later,0.9837515950202942
3474,1,14,4,later,0.9898553490638733
3474,2,38,4,later,0.9788636565208435
3474,3,75,4,later,0.9866084456443787
3474,4,113,4,later,0.9849094748497009
3475,1,14,4,later,0.9905506372451782
3475,2,38,4,later,0.9801105856895447
3475,3,75,4,later,0.9816736578941345
3475,4,113,4,later,0.9855979681015015
3476,1,14,4,later,0.9897030591964722
3476,2,38,4,later,0.9791476130485535
3476,3,75,4,later,0.9835376739501953
3476,4,113,4,later,0.9862286448478699
3477,1,14,4,later,0.9867119193077087
3477,2,38,4,later,0.9840613603591919
3477,3,75,4,later,0.9819836020469666
3477,4,113,4,later,0.9870338439941406
3478,1,14,4,later,0.9872339963912964
3478,2,38,4,later,0.9819307923316956
3478,3,75,4,later,0.9832101464271545
3478,4,113,4,later,0.9777109622955322
3479,1,14,4,later,0.9860977530479431
3479,2,38,4,later,0.9816271662712097
3479,3,75,4,later,0.9899188280105591
3479,4,113,4,later,0.9767704010009766
3480,1,14,4,later,0.9844745993614197
3480,2,38,4,later,0.9793906211853027
3480,3,75,4,later,0.9842026233673096
3480,4,113,4,later,0.9773848652839661
3481,1,14,4,later,0.9895960688591003
3481,2,38,4,later,0.9745413064956665
3481,3,75,4,later,0.9796959161758423
3481,4,113,4,later,0.9750242829322815
3482,1,14,4,later,0.9904417991638184
3482,2,38,4,later,0.9764562249183655
3482,3,75,4,later,0.9762903451919556
3482,4,113,4,later,0.9738118052482605
3483,1,14,4,later,0.990170419216156
3483,2,38,4,later,0.9761001467704773
3483,3,75,4,later,0.9896348118782043
3483,4,113,4,later,0.9781546592712402
3484,1,14,4,later,0.9886058568954468
3484,2,38,4,later,0.9777995347976685
3484,3,75,4,later,0.9895628094673157
3484,4,113,4,later,0.9788629412651062
3485,1,14,4,later,0.989078164100647
3485,2,38,4,later,0.9773321151733398
3485,3,75,4,later,0.97855144739151
3485,4,113,4,later,0.9782136082649231
3486,1,14,4,later,0.9883726835250854
3486,2,38,4,later,0.9801713824272156
3486,3,75,4,later,0.9884911775588989
3486,4,113,4,later,0.9782649874687195
3487,1,14,4,later,0.9872584342956543
3487,2,38,4,later,0.9789158701896667
3487,3,75,4,later,0.9861564636230469
3487,4,113,4,later,0.9830467700958252
3488,1,14,4,later,0.9876334071159363
3488,2,38,4,later,0.9816109538078308
3488,3,75,4,later,0.9848118424415588
3488,4,113,4,later,0.9806936979293823
3489,1,14,4,later,0.9894501566886902
3489,2,38,4,later,0.9800428152084351
3489,3,75,4,later,0.9820024967193604
3489,4,113,4,later,0.9825775027275085
3490,1,14,4,later,0.9894165992736816
3490,2,38,4,later,0.9809505343437195
3490,3,75,4,later,0.985518753528595
3490,4,113,4,later,0.9846807718276978
3491,1,14,4,later,0.9907822608947754
3491,2,38,4,later,0.9795671701431274
3491,3,75,4,later,0.9901871681213379
3491,4,113,4,later,0.9805633425712585
3492,1,14,4,later,0.990727424621582
3492,2,38,4,later,0.9802292585372925
3492,3,75,4,later,0.9909219741821289
3492,4,113,4,later,0.9828800559043884
3493,1,14,4,later,0.9871615171432495
3493,2,38,4,later,0.9783194661140442
3493,3,75,4,later,0.983298122882843
3493,4,113,4,later,0.9771277904510498
3494,1,14,4,later,0.9889113306999207
3494,2,38,4,later,0.9760300517082214
3494,3,75,4,later,0.9854736328125
3494,4,113,4,later,0.9790302515029907
3495,1,14,4,later,0.9887229800224304
3495,2,38,4,later,0.974022388458252
3495,3,75,4,later,0.9809460639953613
3495,4,113,4,later,0.9816756844520569
3496,1,14,4,later,0.9852024912834167
3496,2,38,4,later,0.9744897484779358
3496,3,75,4,later,0.9844807982444763
3496,4,113,4,later,0.9813404679298401
3497,1,14,4,later,0.985477864742279
3497,2,38,4,later,0.9711753726005554
3497,3,75,4,later,0.9837002754211426
3497,4,113,4,later,0.9822050333023071
3498,1,14,4,later,0.9881776571273804
3498,2,38,4,later,0.9685956835746765
3498,3,75,4,later,0.9837524890899658
3498,4,113,4,later,0.986760675907135
3499,1,14,4,later,0.9875802397727966
3499,2,38,4,later,0.9673613905906677
3499,3,75,4,later,0.9866693019866943
3499,4,113,4,later,0.9799337983131409
3500,1,14,4,later,0.9878533482551575
3500,2,38,4,later,0.9689804315567017
3500,3,75,4,later,0.9870275259017944
3500,4,113,4,later,0.9825214147567749
3501,1,14,4,later,0.9860961437225342
3501,2,38,4,later,0.9671086072921753
3501,3,75,4,later,0.9866357445716858
3501,4,113,4,later,0.9844070672988892
3502,1,14,4,later,0.988161027431488
3502,2,38,4,later,0.9693381786346436
3502,3,75,4,later,0.9851617813110352
3502,4,113,4,later,0.9831073880195618
3503,1,14,4,later,0.9884659647941589
3503,2,38,4,later,0.9706160426139832
3503,3,75,4,later,0.9852803945541382
3503,4,113,4,later,0.9833232164382935
3504,1,14,4,later,0.9868280291557312
3504,2,38,4,later,0.9704334735870361
3504,3,75,4,later,0.9839256405830383
3504,4,113,4,later,0.9807805418968201
3505,1,14,4,later,0.9882985353469849
3505,2,38,4,later,0.9724546670913696
3505,3,75,4,later,0.9856351613998413
3505,4,113,4,later,0.9790810942649841
3506,1,14,4,later,0.9884746074676514
3506,2,38,4,later,0.9728590250015259
3506,3,75,4,later,0.9817405343055725
3506,4,113,4,later,0.984587550163269
3507,1,14,4,later,0.988890528678894
3507,2,38,4,later,0.9728420972824097
3507,3,75,4,later,0.9833728075027466
3507,4,113,4,later,0.9853737950325012
3508,1,14,4,later,0.9870314002037048
3508,2,38,4,later,0.9733786582946777
3508,3,75,4,later,0.9850776791572571
3508,4,113,4,later,0.9836554527282715
3509,1,14,4,later,0.9890562891960144
3509,2,38,4,later,0.9728761911392212
3509,3,75,4,later,0.9798595309257507
3509,4,113,4,later,0.9844449758529663
3510,1,14,4,later,0.9899430871009827
3510,2,38,4,later,0.9714662432670593
3510,3,75,4,later,0.9834378957748413
3510,4,113,4,later,0.9836467504501343
3511,1,14,4,later,0.9865873456001282
3511,2,38,4,later,0.971451997756958
3511,3,75,4,later,0.980424702167511
3511,4,113,4,later,0.9807801246643066
3512,1,14,4,later,0.9859651327133179
3512,2,38,4,later,0.9757979512214661
3512,3,75,4,later,0.9751466512680054
3512,4,113,4,later,0.9818823337554932
3513,1,14,4,later,0.9865379333496094
3513,2,38,4,later,0.9745232462882996
3513,3,75,4,later,0.9743750691413879
3513,4,113,4,later,0.9817770719528198
3514,1,14,4,later,0.9870730042457581
3514,2,38,4,later,0.97463458776474
3514,3,75,4,later,0.9745821356773376
3514,4,113,4,later,0.9839113354682922
3515,1,14,4,later,0.9871774315834045
3515,2,38,4,later,0.9734627604484558
3515,3,75,4,later,0.9708969593048096
3515,4,113,4,later,0.9835802316665649
3516,1,14,4,later,0.9843837022781372
3516,2,38,4,later,0.9722647666931152
3516,3,75,4,later,0.9614495635032654
3516,4,113,4,later,0.9830077290534973
3517,1,14,4,later,0.9848759174346924
3517,2,38,4,later,0.9738244414329529
3517,3,75,4,later,0.9663921594619751
3517,4,113,4,later,0.9843690395355225
3518,1,14,4,later,0.986254870891571
3518,2,38,4,later,0.9729818105697632
3518,3,75,4,later,0.9799287915229797
3518,4,113,4,later,0.9840638637542725
3519,1,14,4,later,0.986422598361969
3519,2,38,4,later,0.9764807820320129
3519,3,75,4,later,0.9719222187995911
3519,4,113,4,later,0.9846029877662659
3520,1,14,4,later,0.9867685437202454
3520,2,38,4,later,0.9779137372970581
3520,3,75,4,later,0.9651956558227539
3520,4,113,4,later,0.9846148490905762
3521,1,14,4,later,0.985803484916687
3521,2,38,4,later,0.9774619936943054
3521,3,75,4,later,0.9807965159416199
3521,4,113,4,later,0.9833118319511414
3522,1,14,4,later,0.985831618309021
3522,2,38,4,later,0.9758753180503845
3522,3,75,4,later,0.9815175533294678
3522,4,113,4,later,0.9838537573814392
3523,1,14,4,later,0.9871388077735901
3523,2,38,4,later,0.9767650961875916
3523,3,75,4,later,0.9743887186050415
3523,4,113,4,later,0.9834756851196289
3524,1,14,4,later,0.9894750714302063
3524,2,38,4,later,0.9762069582939148
3524,3,75,4,later,0.9757810831069946
3524,4,113,4,later,0.9846783876419067
3525,1,14,4,later,0.9896532297134399
3525,2,38,4,later,0.9751137495040894
3525,3,75,4,later,0.9736550450325012
3525,4,113,4,later,0.9850054979324341
3526,1,14,4,later,0.9897943139076233
3526,2,38,4,later,0.9761252999305725
3526,3,75,4,later,0.9752310514450073
3526,4,113,4,later,0.9857154488563538
3527,1,14,4,later,0.9892191886901855
3527,2,38,4,later,0.9762176871299744
3527,3,75,4,later,0.9774733185768127
3527,4,113,4,later,0.985543966293335
3528,1,14,4,later,0.9883567690849304
3528,2,38,4,later,0.976714551448822
3528,3,75,4,later,0.9781064987182617
3528,4,113,4,later,0.9854809641838074
3529,1,14,4,later,0.9892985224723816
3529,2,38,4,later,0.9769445657730103
3529,3,75,4,later,0.9730523824691772
3529,4,113,4,later,0.9860952496528625
3530,1,14,4,later,0.9887698888778687
3530,2,38,4,later,0.9787930846214294
3530,3,75,4,later,0.9847941994667053
3530,4,113,4,later,0.9855335354804993
3531,1,14,4,later,0.9902256727218628
3531,2,38,4,later,0.9782513380050659
3531,3,75,4,later,0.9842566251754761
3531,4,113,4,later,0.9864152073860168
3532,1,14,4,later,0.9892633557319641
3532,2,38,4,later,0.9787567257881165
3532,3,75,4,later,0.9867304563522339
3532,4,113,4,later,0.9869239926338196
3533,1,14,4,later,0.9898638129234314
3533,2,38,4,later,0.9789555668830872
3533,3,75,4,later,0.983226478099823
3533,4,113,4,later,0.9862400889396667
3534,1,14,4,later,0.9886738061904907
3534,2,38,4,later,0.9791697859764099
3534,3,75,4,later,0.9921335577964783
3534,4,113,4,later,0.9870821237564087
3535,1,14,4,later,0.9885911345481873
3535,2,38,4,later,0.980643630027771
3535,3,75,4,later,0.9914175271987915
3535,4,113,4,later,0.987521767616272
3536,1,14,4,later,0.9869985580444336
3536,2,38,4,later,0.9810076951980591
3536,3,75,4,later,0.9881705641746521
3536,4,113,4,later,0.9874326586723328
3537,1,14,4,later,0.9877307415008545
3537,2,38,4,later,0.980792760848999
3537,3,75,4,later,0.9884454607963562
3537,4,113,4,later,0.9875955581665039
3538,1,14,4,later,0.9873723983764648
3538,2,38,4,later,0.980616569519043
3538,3,75,4,later,0.9894916415214539
3538,4,113,4,later,0.9877824783325195
3539,1,14,4,later,0.9873212575912476
3539,2,38,4,later,0.9803787469863892
3539,3,75,4,later,0.9853758811950684
3539,4,113,4,later,0.9868790507316589
3540,1,14,4,later,0.9861879944801331
3540,2,38,4,later,0.9802381992340088
3540,3,75,4,later,0.9897062182426453
3540,4,113,4,later,0.9869977235794067
3541,1,14,4,later,0.9870167374610901
3541,2,38,4,later,0.9806217551231384
3541,3,75,4,later,0.9906719923019409
3541,4,113,4,later,0.9866729974746704
3542,1,14,4,later,0.9870595335960388
3542,2,38,4,later,0.9801596999168396
3542,3,75,4,later,0.9865853190422058
3542,4,113,4,later,0.9870525002479553
3543,1,14,4,later,0.987191915512085
3543,2,38,4,later,0.9805536270141602
3543,3,75,4,later,0.9864189624786377
3543,4,113,4,later,0.9872855544090271
3544,1,14,4,later,0.9858101010322571
3544,2,38,4,later,0.9816333055496216
3544,3,75,4,later,0.9875532984733582
3544,4,113,4,later,0.9878327250480652
3545,1,14,4,later,0.9879735708236694
3545,2,38,4,later,0.9812098145484924
3545,3,75,4,later,0.9866569638252258
3545,4,113,4,later,0.9872004389762878
3546,1,14,4,later,0.9859665632247925
3546,2,38,4,later,0.9809454083442688
3546,3,75,4,later,0.9844194054603577
3546,4,113,4,later,0.9870849847793579
3547,1,14,4,later,0.9865448474884033
3547,2,38,4,later,0.9811720252037048
3547,3,75,4,later,0.9827249646186829
3547,4,113,4,later,0.9869289398193359
3548,1,14,4,later,0.9867613911628723
3548,2,38,4,later,0.9812521934509277
3548,3,75,4,later,0.9837415814399719
3548,4,113,4,later,0.9874950647354126
3549,1,14,4,later,0.9864829778671265
3549,2,38,4,later,0.9812148809432983
3549,3,75,4,later,0.9785944223403931
3549,4,113,4,later,0.9867525100708008
3550,1,14,4,later,0.986174464225769
3550,2,38,4,later,0.9815807938575745
3550,3,75,4,later,0.9800112247467041
3550,4,113,4,later,0.9872583746910095
3551,1,14,4,later,0.9849775433540344
3551,2,38,4,later,0.9811258316040039
3551,3,75,4,later,0.9768751263618469
3551,4,113,4,later,0.9869986772537231
3552,1,14,4,later,0.9874775409698486
3552,2,38,4,later,0.9821563363075256
3552,3,75,4,later,0.979119062423706
3552,4,113,4,later,0.9886190891265869
3553,1,14,4,later,0.9880235195159912
3553,2,38,4,later,0.9818276166915894
3553,3,75,4,later,0.9748098254203796
3553,4,113,4,later,0.9885390400886536
3554,1,14,4,later,0.9879900217056274
3554,2,38,4,later,0.9826859831809998
3554,3,75,4,later,0.9802422523498535
3554,4,113,4,later,0.9885849356651306
3555,1,14,4,later,0.9877250790596008
3555,2,38,4,later,0.9817030429840088
3555,3,75,4,later,0.9790111780166626
3555,4,113,4,later,0.9884970784187317
3556,1,14,4,later,0.9875022172927856
3556,2,38,4,later,0.9824433326721191
3556,3,75,4,later,0.9795019030570984
3556,4,113,4,later,0.9887270927429199
3557,1,14,4,later,0.9858378171920776
3557,2,38,4,later,0.9820491671562195
3557,3,75,4,later,0.9786456823348999
3557,4,113,4,later,0.9885610938072205
3558,1,14,4,later,0.9868223071098328
3558,2,38,4,later,0.9829633235931396
3558,3,75,4,later,0.9768783450126648
3558,4,113,4,later,0.9881373643875122
3559,1,14,4,later,0.9850960969924927
3559,2,38,4,later,0.9825295209884644
3559,3,75,4,later,0.9792331457138062
3559,4,113,4,later,0.9881418943405151
3560,1,14,4,later,0.9866719245910645
3560,2,38,4,later,0.9825636744499207
3560,3,75,4,later,0.9776160717010498
3560,4,113,4,later,0.9879489541053772
3561,1,14,4,later,0.9864106774330139
3561,2,38,4,later,0.9824933409690857
3561,3,75,4,later,0.9783806204795837
3561,4,113,4,later,0.9877724647521973
3562,1,14,4,later,0.9867094159126282
3562,2,38,4,later,0.9828041791915894
3562,3,75,4,later,0.9766324758529663
3562,4,113,4,later,0.9883413314819336
3563,1,14,4,later,0.9846652150154114
3563,2,38,4,later,0.9834476709365845
3563,3,75,4,later,0.9785627126693726
3563,4,113,4,later,0.9883010387420654
3564,1,14,4,later,0.9861302971839905
3564,2,38,4,later,0.9828065037727356
3564,3,75,4,later,0.9774025678634644
3564,4,113,4,later,0.9878168702125549
3565,1,14,4,later,0.9848708510398865
3565,2,38,4,later,0.982639729976654
3565,3,75,4,later,0.9782420992851257
3565,4,113,4,later,0.9887968897819519
3566,1,14,4,later,0.9853423833847046
3566,2,38,4,later,0.9835838079452515
3566,3,75,4,later,0.9837095737457275
3566,4,113,4,later,0.9892466068267822
3567,1,14,4,later,0.9858766198158264
3567,2,38,4,later,0.9834571480751038
3567,3,75,4,later,0.9863669872283936
3567,4,113,4,later,0.9888836145401001
3568,1,14,4,later,0.985572874546051
3568,2,38,4,later,0.9839552044868469
3568,3,75,4,later,0.9792380332946777
3568,4,113,4,later,0.989793062210083
3569,1,14,4,later,0.985643208026886
3569,2,38,4,later,0.9833804965019226
3569,3,75,4,later,0.9805485010147095
3569,4,113,4,later,0.990320086479187
3570,1,14,4,later,0.9842751622200012
3570,2,38,4,later,0.9833825826644897
3570,3,75,4,later,0.9770408272743225
3570,4,113,4,later,0.9893364906311035
3571,1,14,4,later,0.9876208305358887
3571,2,38,4,later,0.9847946166992188
3571,3,75,4,later,0.97835373878479
3571,4,113,4,later,0.9859078526496887
3572,1,14,4,later,0.987518846988678
3572,2,38,4,later,0.9847316741943359
3572,3,75,4,later,0.9794008731842041
3572,4,113,4,later,0.9807248115539551
3573,1,14,4,later,0.9883816242218018
3573,2,38,4,later,0.9843435883522034
3573,3,75,4,later,0.9821262955665588
3573,4,113,4,later,0.9807373881340027
3574,1,14,4,later,0.9907645583152771
3574,2,38,4,later,0.9847342371940613
3574,3,75,4,later,0.981917679309845
3574,4,113,4,later,0.987507700920105
3575,1,14,4,later,0.9907998442649841
3575,2,38,4,later,0.9851170778274536
3575,3,75,4,later,0.9827335476875305
3575,4,113,4,later,0.9892879724502563
3576,1,14,4,later,0.9878925085067749
3576,2,38,4,later,0.9851409196853638
3576,3,75,4,later,0.9820387363433838
3576,4,113,4,later,0.9902786016464233
3577,1,14,4,later,0.9877930879592896
3577,2,38,4,later,0.9854334592819214
3577,3,75,4,later,0.9797709584236145
3577,4,113,4,later,0.9897036552429199
3578,1,14,4,later,0.9896879196166992
3578,2,38,4,later,0.9850894808769226
3578,3,75,4,later,0.9827365279197693
3578,4,113,4,later,0.989027202129364
3579,1,14,4,later,0.9903869032859802
3579,2,38,4,later,0.9854480028152466
3579,3,75,4,later,0.9832412004470825
3579,4,113,4,later,0.9912468791007996
3580,1,14,4,later,0.9895697832107544
3580,2,38,4,later,0.9852964282035828
3580,3,75,4,later,0.9847418665885925
3580,4,113,4,later,0.9917090535163879
3581,1,14,4,later,0.9897341132164001
3581,2,38,4,later,0.9849303960800171
3581,3,75,4,later,0.9831664562225342
3581,4,113,4,later,0.991990327835083
3582,1,14,4,later,0.9897247552871704
3582,2,38,4,later,0.9847593307495117
3582,3,75,4,later,0.9872095584869385
3582,4,113,4,later,0.9915010333061218
3583,1,14,4,later,0.9896634817123413
3583,2,38,4,later,0.9845770597457886
3583,3,75,4,later,0.9849077463150024
3583,4,113,4,later,0.991731584072113
3584,1,14,4,later,0.989185094833374
3584,2,38,4,later,0.9834551811218262
3584,3,75,4,later,0.986422598361969
3584,4,113,4,later,0.9918268322944641
3585,1,14,4,later,0.9887443780899048
3585,2,38,4,later,0.9830214977264404
3585,3,75,4,later,0.9865257740020752
3585,4,113,4,later,0.9911096692085266
3586,1,14,4,later,0.9889823198318481
3586,2,38,4,later,0.9836390614509583
3586,3,75,4,later,0.983777642250061
3586,4,113,4,later,0.9906026721000671
3587,1,14,4,later,0.9887889623641968
3587,2,38,4,later,0.9824855923652649
3587,3,75,4,later,0.9845372438430786
3587,4,113,4,later,0.9888855814933777
3588,1,14,4,later,0.9875913262367249
3588,2,38,4,later,0.9829079508781433
3588,3,75,4,later,0.9854828715324402
3588,4,113,4,later,0.9892141222953796
3589,1,14,4,later,0.9877851605415344
3589,2,38,4,later,0.9832267761230469
3589,3,75,4,later,0.981086254119873
3589,4,113,4,later,0.9902998208999634
3590,1,14,4,later,0.9882150292396545
3590,2,38,4,later,0.9831492900848389
3590,3,75,4,later,0.9859198331832886
3590,4,113,4,later,0.9915417432785034
3591,1,14,4,later,0.9876433610916138
3591,2,38,4,later,0.9836169481277466
3591,3,75,4,later,0.9839575886726379
3591,4,113,4,later,0.9911855459213257
3592,1,14,4,later,0.9866729378700256
3592,2,38,4,later,0.9826986193656921
3592,3,75,4,later,0.9833343625068665
3592,4,113,4,later,0.9925874471664429
3593,1,14,4,later,0.9874463677406311
3593,2,38,4,later,0.9824917316436768
3593,3,75,4,later,0.9808630347251892
3593,4,113,4,later,0.9914299249649048
3594,1,14,4,later,0.9879456162452698
3594,2,38,4,later,0.9828187823295593
3594,3,75,4,later,0.979990541934967
3594,4,113,4,later,0.9928812384605408
3595,1,14,4,later,0.9884523153305054
3595,2,38,4,later,0.9828115105628967
3595,3,75,4,later,0.9825790524482727
3595,4,113,4,later,0.9927821755409241
3596,1,14,4,later,0.9882128834724426
3596,2,38,4,later,0.982331395149231
3596,3,75,4,later,0.9754536151885986
3596,4,113,4,later,0.9912561178207397
3597,1,14,4,later,0.9882420897483826
3597,2,38,4,later,0.9834586977958679
3597,3,75,4,later,0.982650876045227
3597,4,113,4,later,0.9922190308570862
3598,1,14,4,later,0.9880915880203247
3598,2,38,4,later,0.982942521572113
3598,3,75,4,later,0.9779215455055237
3598,4,113,4,later,0.9914692640304565
3599,1,14,4,later,0.9872416853904724
3599,2,38,4,later,0.9836047887802124
3599,3,75,4,later,0.9770128130912781
3599,4,113,4,later,0.9909090995788574
3600,1,14,4,later,0.9888017773628235
3600,2,38,4,later,0.983983039855957
3600,3,75,4,later,0.9766246676445007
3600,4,113,4,later,0.99048912525177
3601,1,14,4,later,0.9877015948295593
3601,2,38,4,later,0.9842100143432617
3601,3,75,4,later,0.978174090385437
3601,4,113,4,later,0.989937961101532
3602,1,14,4,later,0.98809415102005
3602,2,38,4,later,0.984120786190033
3602,3,75,4,later,0.9825245141983032
3602,4,113,4,later,0.9883109927177429
3603,1,14,4,later,0.9874582886695862
3603,2,38,4,later,0.9839720726013184
3603,3,75,4,later,0.9754721522331238
3603,4,113,4,later,0.9875847101211548
3604,1,14,4,later,0.9892926216125488
3604,2,38,4,later,0.9843351244926453
3604,3,75,4,later,0.9762576818466187
3604,4,113,4,later,0.989251971244812
3605,1,14,4,later,0.9903766512870789
3605,2,38,4,later,0.9840123653411865
3605,3,75,4,later,0.9795184135437012
3605,4,113,4,later,0.9876804947853088
3606,1,14,4,later,0.9905063509941101
3606,2,38,4,later,0.9833962321281433
3606,3,75,4,later,0.9795362949371338
3606,4,113,4,later,0.9847472906112671
3607,1,14,4,later,0.9909619092941284
3607,2,38,4,later,0.9836687445640564
3607,3,75,4,later,0.9779583215713501
3607,4,113,4,later,0.9825047850608826
3608,1,14,4,later,0.9910594820976257
3608,2,38,4,later,0.9833038449287415
3608,3,75,4,later,0.9782397150993347
3608,4,113,4,later,0.9819899201393127
3609,1,14,4,later,0.9907933473587036
3609,2,38,4,later,0.9830646514892578
3609,3,75,4,later,0.9758273959159851
3609,4,113,4,later,0.9806716442108154
3610,1,14,4,later,0.9908793568611145
3610,2,38,4,later,0.9828943014144897
3610,3,75,4,later,0.974230945110321
3610,4,113,4,later,0.9795157313346863
3611,1,14,4,later,0.9905841946601868
3611,2,38,4,later,0.9838892817497253
3611,3,75,4,later,0.9826085567474365
3611,4,113,4,later,0.9834804534912109
3612,1,14,4,later,0.990307092666626
3612,2,38,4,later,0.9835472702980042
3612,3,75,4,later,0.9813547134399414
3612,4,113,4,later,0.9792515635490417
3613,1,14,4,later,0.9904882907867432
3613,2,38,4,later,0.983882486820221
3613,3,75,4,later,0.9717323184013367
3613,4,113,4,later,0.9840705394744873
3614,1,14,4,later,0.9897984862327576
3614,2,38,4,later,0.9838830232620239
3614,3,75,4,later,0.9692762494087219
3614,4,113,4,later,0.9817425608634949
3615,1,14,4,later,0.9904701709747314
3615,2,38,4,later,0.9837324023246765
3615,3,75,4,later,0.9771546125411987
3615,4,113,4,later,0.9848626255989075
3616,1,14,4,later,0.9909367561340332
3616,2,38,4,later,0.9832429885864258
3616,3,75,4,later,0.9674361348152161
3616,4,113,4,later,0.9840572476387024
3617,1,14,4,later,0.9904416799545288
3617,2,38,4,later,0.9804899096488953
3617,3,75,4,later,0.9710999131202698
3617,4,113,4,later,0.9849704504013062
3618,1,14,4,later,0.9897697567939758
3618,2,38,4,later,0.9796721339225769
3618,3,75,4,later,0.9721457958221436
3618,4,113,4,later,0.9878815412521362
3619,1,14,4,later,0.9889123439788818
3619,2,38,4,later,0.9762150645256042
3619,3,75,4,later,0.9684745073318481
3619,4,113,4,later,0.9870794415473938
3620,1,14,4,later,0.9878500699996948
3620,2,38,4,later,0.9855037927627563
3620,3,75,4,later,0.9731794595718384
3620,4,113,4,later,0.9854769110679626
3621,1,14,4,later,0.9868091940879822
3621,2,38,4,later,0.984872579574585
3621,3,75,4,later,0.9707286357879639
3621,4,113,4,later,0.9867401719093323
3622,1,14,4,later,0.988496720790863
3622,2,38,4,later,0.984941303730011
3622,3,75,4,later,0.9747697710990906
3622,4,113,4,later,0.9883242845535278
3623,1,14,4,later,0.9905989766120911
3623,2,38,4,later,0.9866615533828735
3623,3,75,4,later,0.9707940816879272
3623,4,113,4,later,0.9874714612960815
3624,1,14,4,later,0.9931395053863525
3624,2,38,4,later,0.9873403906822205
3624,3,75,4,later,0.9730573892593384
3624,4,113,4,later,0.9881480932235718
3625,1,14,4,later,0.9915264248847961
3625,2,38,4,later,0.9877101182937622
3625,3,75,4,later,0.9686930775642395
3625,4,113,4,later,0.987318754196167
3626,1,14,4,later,0.9897689819335938
3626,2,38,4,later,0.9887197613716125
3626,3,75,4,later,0.969045877456665
3626,4,113,4,later,0.9877423644065857
3627,1,14,4,later,0.9918918013572693
3627,2,38,4,later,0.9855684041976929
3627,3,75,4,later,0.9711741209030151
3627,4,113,4,later,0.9863972067832947
3628,1,14,4,later,0.992017924785614
3628,2,38,4,later,0.988981306552887
3628,3,75,4,later,0.9706339240074158
3628,4,113,4,later,0.9861567616462708
3629,1,14,4,later,0.9907879829406738
3629,2,38,4,later,0.9873598217964172
3629,3,75,4,later,0.9803380966186523
3629,4,113,4,later,0.9867883920669556
3630,1,14,4,later,0.9899033308029175
3630,2,38,4,later,0.9879828691482544
3630,3,75,4,later,0.9798793792724609
3630,4,113,4,later,0.9870020151138306
3631,1,14,4,later,0.9902692437171936
3631,2,38,4,later,0.9875972867012024
3631,3,75,4,later,0.9817865490913391
3631,4,113,4,later,0.9873339533805847
3632,1,14,4,later,0.9882333874702454
3632,2,38,4,later,0.9880795478820801
3632,3,75,4,later,0.9817072153091431
3632,4,113,4,later,0.9873973727226257
3633,1,14,4,later,0.9894297122955322
3633,2,38,4,later,0.9845829010009766
3633,3,75,4,later,0.9804708361625671
3633,4,113,4,later,0.9865451455116272
3634,1,14,4,later,0.9893621206283569
3634,2,38,4,later,0.9876112341880798
3634,3,75,4,later,0.9829353094100952
3634,4,113,4,later,0.9859417080879211
3635,1,14,4,later,0.990422785282135
3635,2,38,4,later,0.9878448247909546
3635,3,75,4,later,0.986598789691925
3635,4,113,4,later,0.986333429813385
3636,1,14,4,later,0.9909514784812927
3636,2,38,4,later,0.987171471118927
3636,3,75,4,later,0.9852747917175293
3636,4,113,4,later,0.9861886501312256
3637,1,14,4,later,0.9912816882133484
3637,2,38,4,later,0.987478494644165
3637,3,75,4,later,0.9867022037506104
3637,4,113,4,later,0.986297070980072
3638,1,14,4,later,0.9906733632087708
3638,2,38,4,later,0.9829596877098083
3638,3,75,4,later,0.9883763790130615
3638,4,113,4,later,0.9856545329093933
3639,1,14,4,later,0.9911079406738281
3639,2,38,4,later,0.9852202534675598
3639,3,75,4,later,0.9852187633514404
3639,4,113,4,later,0.9862064123153687
3640,1,14,4,later,0.9899863600730896
3640,2,38,4,later,0.9827240109443665
3640,3,75,4,later,0.9840481877326965
3640,4,113,4,later,0.9865793585777283
3641,1,14,4,later,0.9888726472854614
3641,2,38,4,later,0.9795675873756409
3641,3,75,4,later,0.9849542379379272
3641,4,113,4,later,0.986319363117218
3642,1,14,4,later,0.9902989864349365
3642,2,38,4,later,0.9793938398361206
3642,3,75,4,later,0.986267626285553
3642,4,113,4,later,0.9854604005813599
3643,1,14,4,later,0.9891262650489807
3643,2,38,4,later,0.9619172811508179
3643,3,75,4,later,0.9860749244689941
3643,4,113,4,later,0.9832502007484436
3644,1,14,4,later,0.987734317779541
3644,2,38,4,later,0.9703040719032288
3644,3,75,4,later,0.9819874167442322
3644,4,113,4,later,0.983218789100647
3645,1,14,4,later,0.9882789850234985
3645,2,38,4,later,0.9727367758750916
3645,3,75,4,later,0.9841492176055908
3645,4,113,4,later,0.9783521294593811
3646,1,14,4,later,0.9862995147705078
3646,2,38,4,later,0.9657749533653259
3646,3,75,4,later,0.9820622801780701
3646,4,113,4,later,0.9794932007789612
3647,1,14,4,later,0.9862870573997498
3647,2,38,4,later,0.9732077717781067
3647,3,75,4,later,0.9835872650146484
3647,4,113,4,later,0.9815541505813599
3648,1,14,4,later,0.9827656149864197
3648,2,38,4,later,0.9824543595314026
3648,3,75,4,later,0.9796028137207031
3648,4,113,4,later,0.9828588962554932
3649,1,14,4,later,0.9806519746780396
3649,2,38,4,later,0.966465950012207
3649,3,75,4,later,0.976722776889801
3649,4,113,4,later,0.9845747947692871
3650,1,14,4,later,0.9828166961669922
3650,2,38,4,later,
3650,3,75,4,later,0.9775574803352356
3650,4,113,4,later,0.9845190644264221
3651,1,14,4,later,0.9825688600540161
3651,2,38,4,later,
3651,3,75,4,later,0.9805864095687866
3651,4,113,4,later,0.9825676083564758
3652,1,14,4,later,0.9842085242271423
3652,2,38,4,later,
3652,3,75,4,later,0.9850742220878601
3652,4,113,4,later,0.9795466065406799
3653,1,14,4,later,0.9860817193984985
3653,2,38,4,later,
3653,3,75,4,later,0.9839687347412109
3653,4,113,4,later,0.9781855940818787
3654,1,14,4,later,0.9900699257850647
3654,2,38,4,later,
3654,3,75,4,later,0.9845491647720337
3654,4,113,4,later,0.9764077067375183
3655,1,14,4,later,0.9882069230079651
3655,2,38,4,later,
3655,3,75,4,later,0.9845553040504456
3655,4,113,4,later,0.9772732257843018
3656,1,14,4,later,0.9881694316864014
3656,2,38,4,later,
3656,3,75,4,later,0.9805912971496582
3656,4,113,4,later,0.9770142436027527
3657,1,14,4,later,0.9869885444641113
3657,2,38,4,later,
3657,3,75,4,later,0.9815877676010132
3657,4,113,4,later,0.9754090309143066
3658,1,14,4,later,0.9879359006881714
3658,2,38,4,later,
3658,3,75,4,later,0.9822286367416382
3658,4,113,4,later,0.975236177444458
3659,1,14,4,later,0.989229679107666
3659,2,38,4,later,
3659,3,75,4,later,0.9829719066619873
3659,4,113,4,later,0.9756816029548645
3660,1,14,4,later,0.9884467124938965
3660,2,38,4,later,
3660,3,75,4,later,0.9771865010261536
3660,4,113,4,later,0.9756361842155457
3661,1,14,4,later,0.9864583015441895
3661,2,38,4,later,
3661,3,75,4,later,0.9847332835197449
3661,4,113,4,later,0.9751916527748108
3662,1,14,4,later,0.9848897457122803
3662,2,38,4,later,
3662,3,75,4,later,0.9858340620994568
3662,4,113,4,later,0.97603839635849
3663,1,14,4,later,0.9830380082130432
3663,2,38,4,later,
3663,3,75,4,later,0.9780356884002686
3663,4,113,4,later,0.9778188467025757
3664,1,14,4,later,0.9847360849380493
3664,2,38,4,later,
3664,3,75,4,later,0.9843945503234863
3664,4,113,4,later,0.9764130711555481
3665,1,14,4,later,0.9869924783706665
3665,2,38,4,later,
3665,3,75,4,later,0.9828353524208069
3665,4,113,4,later,0.9777142405509949
3666,1,14,4,later,0.988503634929657
3666,2,38,4,later,
3666,3,75,4,later,0.977340817451477
3666,4,113,4,later,0.9786845445632935
3667,1,14,4,later,0.9892750978469849
3667,2,38,4,later,
3667,3,75,4,later,0.9785953760147095
3667,4,113,4,later,0.9781177639961243
3668,1,14,4,later,0.9858161211013794
3668,2,38,4,later,
3668,3,75,4,later,0.9860516786575317
3668,4,113,4,later,0.978074312210083
3669,1,14,4,later,0.9863036870956421
3669,2,38,4,later,
3669,3,75,4,later,0.9820935130119324
3669,4,113,4,later,0.9787137508392334
3670,1,14,4,later,0.9868753552436829
3670,2,38,4,later,
3670,3,75,4,later,0.9838150143623352
3670,4,113,4,later,0.9798519611358643
3671,1,14,4,later,0.9867383241653442
3671,2,38,4,later,
3671,3,75,4,later,0.9871146082878113
3671,4,113,4,later,0.9796643257141113
3672,1,14,4,later,0.9874013066291809
3672,2,38,4,later,
3672,3,75,4,later,0.9863739609718323
3672,4,113,4,later,0.9791672825813293
3673,1,14,4,later,0.9876312017440796
3673,2,38,4,later,
3673,3,75,4,later,0.9839040637016296
3673,4,113,4,later,0.9792880415916443
3674,1,14,4,later,0.9877960681915283
3674,2,38,4,later,
3674,3,75,4,later,0.9795129299163818
3674,4,113,4,later,0.9784601330757141
3675,1,14,4,later,0.9881349205970764
3675,2,38,4,later,
3675,3,75,4,later,0.9770259261131287
3675,4,113,4,later,0.9782905578613281
3676,1,14,4,later,0.9886701107025146
3676,2,38,4,later,
3676,3,75,4,later,0.9819203019142151
3676,4,113,4,later,0.9769546985626221
3677,1,14,4,later,0.9884390234947205
3677,2,38,4,later,
3677,3,75,4,later,0.9821529984474182
3677,4,113,4,later,0.9799975752830505
3678,1,14,4,later,0.9893151521682739
3678,2,38,4,later,
3678,3,75,4,later,0.9815071821212769
3678,4,113,4,later,0.9800824522972107
3679,1,14,4,later,0.9897058010101318
3679,2,38,4,later,
3679,3,75,4,later,0.9812179207801819
3679,4,113,4,later,0.9799256324768066
3680,1,14,4,later,0.9895312190055847
3680,2,38,4,later,
3680,3,75,4,later,0.9837009906768799
3680,4,113,4,later,0.9824258685112
3681,1,14,4,later,0.9895679950714111
3681,2,38,4,later,
3681,3,75,4,later,0.9834832549095154
3681,4,113,4,later,0.9826382398605347
3682,1,14,4,later,0.9890654683113098
3682,2,38,4,later,
3682,3,75,4,later,0.9859955906867981
3682,4,113,4,later,0.9821088314056396
3683,1,14,4,later,0.9895324110984802
3683,2,38,4,later,
3683,3,75,4,later,0.9822503924369812
3683,4,113,4,later,0.9818825125694275
3684,1,14,4,later,0.9883498549461365
3684,2,38,4,later,
3684,3,75,4,later,0.9854594469070435
3684,4,113,4,later,0.9821482300758362
3685,1,14,4,later,0.9878641366958618
3685,2,38,4,later,
3685,3,75,4,later,0.9805752635002136
3685,4,113,4,later,0.9824592471122742
3686,1,14,4,later,0.987870991230011
3686,2,38,4,later,
3686,3,75,4,later,0.9858505129814148
3686,4,113,4,later,0.9819276928901672
3687,1,14,4,later,0.9888497591018677
3687,2,38,4,later,
3687,3,75,4,later,0.9863417148590088
3687,4,113,4,later,0.9803985953330994
3688,1,14,4,later,0.9876580834388733
3688,2,38,4,later,
3688,3,75,4,later,0.9891976118087769
3688,4,113,4,later,0.9810048341751099
3689,1,14,4,later,0.9885953664779663
3689,2,38,4,later,
3689,3,75,4,later,0.9879478216171265
3689,4,113,4,later,0.9807483553886414
3690,1,14,4,later,0.9887246489524841
3690,2,38,4,later,
3690,3,75,4,later,0.986678421497345
3690,4,113,4,later,0.9812302589416504
3691,1,14,4,later,0.9885019063949585
3691,2,38,4,later,
3691,3,75,4,later,0.988959014415741
3691,4,113,4,later,0.9815954566001892
3692,1,14,4,later,0.9886988997459412
3692,2,38,4,later,
3692,3,75,4,later,0.9892183542251587
3692,4,113,4,later,0.9814771413803101
3693,1,14,4,later,0.9890804290771484
3693,2,38,4,later,
3693,3,75,4,later,0.9842389822006226
3693,4,113,4,later,0.9819764494895935
3694,1,14,4,later,0.9888743758201599
3694,2,38,4,later,
3694,3,75,4,later,0.9827797412872314
3694,4,113,4,later,0.98269122838974
3695,1,14,4,later,0.9890207052230835
3695,2,38,4,later,
3695,3,75,4,later,0.9891902804374695
3695,4,113,4,later,0.9822928309440613
3696,1,14,4,later,0.9885743260383606
3696,2,38,4,later,
3696,3,75,4,later,0.9864269495010376
3696,4,113,4,later,0.9823823571205139
3697,1,14,4,later,0.9896349906921387
3697,2,38,4,later,
3697,3,75,4,later,0.9856396913528442
3697,4,113,4,later,0.9820829033851624
3698,1,14,4,later,0.9879924058914185
3698,2,38,4,later,
3698,3,75,4,later,0.9838729500770569
3698,4,113,4,later,0.9816898107528687
3699,1,14,4,later,0.9885897040367126
3699,2,38,4,later,
3699,3,75,4,later,0.984171986579895
3699,4,113,4,later,0.9826576113700867
3700,1,14,4,later,0.9890386462211609
3700,2,38,4,later,
3700,3,75,4,later,0.9871007800102234
3700,4,113,4,later,0.9819743633270264
3701,1,14,4,later,0.9880921840667725
3701,2,38,4,later,
3701,3,75,4,later,0.9777184724807739
3701,4,113,4,later,0.9831311106681824
3702,1,14,4,later,0.9876700639724731
3702,2,38,4,later,
3702,3,75,4,later,0.973851203918457
3702,4,113,4,later,0.9818922281265259
3703,1,14,4,later,0.988618016242981
3703,2,38,4,later,
3703,3,75,4,later,0.974901020526886
3703,4,113,4,later,0.9850345849990845
3704,1,14,4,later,0.9886700510978699
3704,2,38,4,later,
3704,3,75,4,later,0.9724493622779846
3704,4,113,4,later,0.9879305958747864
3705,1,14,4,later,0.9884834289550781
3705,2,38,4,later,
3705,3,75,4,later,0.9757686853408813
3705,4,113,4,later,0.9891235828399658
3706,1,14,4,later,0.9881259202957153
3706,2,38,4,later,0.9498107433319092
3706,3,75,4,later,0.9727476239204407
3706,4,113,4,later,0.9861639738082886
3707,1,14,4,later,0.9885942935943604
3707,2,38,4,later,0.9790529012680054
3707,3,75,4,later,0.9712867140769958
3707,4,113,4,later,0.9886659979820251
3708,1,14,4,later,0.9883254170417786
3708,2,38,4,later,0.9818002581596375
3708,3,75,4,later,0.9673999547958374
3708,4,113,4,later,0.9876196384429932
3709,1,14,4,later,0.9890536665916443
3709,2,38,4,later,0.9784457087516785
3709,3,75,4,later,0.9745612740516663
3709,4,113,4,later,0.9887786507606506
3710,1,14,4,later,0.989277184009552
3710,2,38,4,later,0.9819203615188599
3710,3,75,4,later,0.9726419448852539
3710,4,113,4,later,0.9897474646568298
3711,1,14,4,later,0.989540696144104
3711,2,38,4,later,0.975770115852356
3711,3,75,4,later,0.9667834043502808
3711,4,113,4,later,0.9896669983863831
3712,1,14,4,later,0.9893554449081421
3712,2,38,4,later,0.9759305715560913
3712,3,75,4,later,0.9532443881034851
3712,4,113,4,later,0.9900569915771484
3713,1,14,4,later,0.989594042301178
3713,2,38,4,later,0.9803985357284546
3713,3,75,4,later,0.9684794545173645
3713,4,113,4,later,0.9901131391525269
3714,1,14,4,later,0.9896767735481262
3714,2,38,4,later,0.9805265069007874
3714,3,75,4,later,0.9609900712966919
3714,4,113,4,later,0.9895492196083069
3715,1,14,4,later,0.9897271394729614
3715,2,38,4,later,0.9815618395805359
3715,3,75,4,later,0.9688218235969543
3715,4,113,4,later,0.9882168769836426
3716,1,14,4,later,0.9898910522460938
3716,2,38,4,later,0.9799164533615112
3716,3,75,4,later,0.967323362827301
3716,4,113,4,later,0.9881163835525513
3717,1,14,4,later,0.9907805919647217
3717,2,38,4,later,0.9769118428230286
3717,3,75,4,later,0.9763151407241821
3717,4,113,4,later,0.9887655377388
3718,1,14,4,later,0.990172266960144
3718,2,38,4,later,0.9722998142242432
3718,3,75,4,later,0.9738363027572632
3718,4,113,4,later,0.9922929406166077
3719,1,14,4,later,0.9908815622329712
3719,2,38,4,later,0.9719834327697754
3719,3,75,4,later,0.9774414300918579
3719,4,113,4,later,0.9934003949165344
3720,1,14,4,later,0.9897910952568054
3720,2,38,4,later,0.977228581905365
3720,3,75,4,later,0.9723222851753235
3720,4,113,4,later,0.993191659450531
3721,1,14,4,later,0.9901391863822937
3721,2,38,4,later,0.9796763062477112
3721,3,75,4,later,0.9684810638427734
3721,4,113,4,later,0.9917200803756714
3722,1,14,4,later,0.9902291893959045
3722,2,38,4,later,0.9780845046043396
3722,3,75,4,later,0.9680765271186829
3722,4,113,4,later,0.9903272390365601
3723,1,14,4,later,0.9883560538291931
3723,2,38,4,later,0.9796929359436035
3723,3,75,4,later,0.9684770107269287
3723,4,113,4,later,0.9888585805892944
3724,1,14,4,later,0.9880905747413635
3724,2,38,4,later,0.9782423377037048
3724,3,75,4,later,0.9615533947944641
3724,4,113,4,later,0.9891356825828552
3725,1,14,4,later,0.9877353310585022
3725,2,38,4,later,0.9729760885238647
3725,3,75,4,later,0.9603225588798523
3725,4,113,4,later,0.9898992776870728
3726,1,14,4,later,0.987133264541626
3726,2,38,4,later,0.9817262291908264
3726,3,75,4,later,0.9605763554573059
3726,4,113,4,later,0.9887937903404236
3727,1,14,4,later,0.9879440665245056
3727,2,38,4,later,0.9798257946968079
3727,3,75,4,later,0.9655552506446838
3727,4,113,4,later,0.9914481043815613
3728,1,14,4,later,0.9880062937736511
3728,2,38,4,later,0.9772849678993225
3728,3,75,4,later,0.9691590666770935
3728,4,113,4,later,0.9894996285438538
3729,1,14,4,later,0.9870290160179138
3729,2,38,4,later,0.984716534614563
3729,3,75,4,later,0.9748889207839966
3729,4,113,4,later,0.9900790452957153
3730,1,14,4,later,0.9872932434082031
3730,2,38,4,later,0.9764519929885864
3730,3,75,4,later,0.9585781693458557
3730,4,113,4,later,0.9897008538246155
3731,1,14,4,later,0.9887945055961609
3731,2,38,4,later,0.9672508835792542
3731,3,75,4,later,0.9773846864700317
3731,4,113,4,later,0.9890333414077759
3732,1,14,4,later,0.9884888529777527
3732,2,38,4,later,0.9700911045074463
3732,3,75,4,later,0.9759656190872192
3732,4,113,4,later,0.9862900376319885
3733,1,14,4,later,0.9892188906669617
3733,2,38,4,later,0.9679086208343506
3733,3,75,4,later,0.9781429171562195
3733,4,113,4,later,0.9860156774520874
3734,1,14,4,later,0.9891253709793091
3734,2,38,4,later,0.9745465517044067
3734,3,75,4,later,0.979140043258667
3734,4,113,4,later,0.985751748085022
3735,1,14,4,later,0.9893742799758911
3735,2,38,4,later,0.9713507294654846
3735,3,75,4,later,0.9759629368782043
3735,4,113,4,later,0.9852184057235718
3736,1,14,4,later,0.9882557988166809
3736,2,38,4,later,0.9743283987045288
3736,3,75,4,later,0.9769521951675415
3736,4,113,4,later,0.9858159422874451
3737,1,14,4,later,0.9910725951194763
3737,2,38,4,later,0.9674122333526611
3737,3,75,4,later,0.9734029769897461
3737,4,113,4,later,0.9856626987457275
3738,1,14,4,later,0.9867649078369141
3738,2,38,4,later,0.965079128742218
3738,3,75,4,later,0.9601717591285706
3738,4,113,4,later,0.9880754351615906
3739,1,14,4,later,0.9880586266517639
3739,2,38,4,later,0.9742268323898315
3739,3,75,4,later,0.9788292646408081
3739,4,113,4,later,0.9846146106719971
3740,1,14,4,later,0.987430214881897
3740,2,38,4,later,0.9766286015510559
3740,3,75,4,later,0.9758061766624451
3740,4,113,4,later,0.9858483076095581
3741,1,14,4,later,0.987680971622467
3741,2,38,4,later,0.9748460650444031
3741,3,75,4,later,0.9754506349563599
3741,4,113,4,later,0.9852979779243469
3742,1,14,4,later,0.9871743321418762
3742,2,38,4,later,0.9741504788398743
3742,3,75,4,later,0.9762449860572815
3742,4,113,4,later,0.9853708148002625
3743,1,14,4,later,0.9846674799919128
3743,2,38,4,later,0.9745003581047058
3743,3,75,4,later,0.9750843048095703
3743,4,113,4,later,0.9860916137695312
3744,1,14,4,later,0.9888200163841248
3744,2,38,4,later,0.973747730255127
3744,3,75,4,later,0.9715808629989624
3744,4,113,4,later,0.9883732199668884
3745,1,14,4,later,0.9889132380485535
3745,2,38,4,later,0.9743735790252686
3745,3,75,4,later,0.9790515899658203
3745,4,113,4,later,0.9888114333152771
3746,1,14,4,later,0.9902645349502563
3746,2,38,4,later,0.9823019504547119
3746,3,75,4,later,0.9840381145477295
3746,4,113,4,later,0.9892367720603943
3747,1,14,4,later,0.9914619326591492
3747,2,38,4,later,0.9735389351844788
3747,3,75,4,later,0.9834011793136597
3747,4,113,4,later,0.9900702834129333
3748,1,14,4,later,0.9898602366447449
3748,2,38,4,later,0.9800075888633728
3748,3,75,4,later,0.9781519770622253
3748,4,113,4,later,0.9894214868545532
3749,1,14,4,later,0.9907383322715759
3749,2,38,4,later,0.9849265813827515
3749,3,75,4,later,0.9873126149177551
3749,4,113,4,later,0.988537073135376
3323,1,14,4,earlier,0.9910628795623779
3323,2,38,4,earlier,0.9882041215896606
3323,3,75,4,earlier,0.9882569909095764
3323,4,113,4,earlier,0.9871020913124084
3322,1,14,4,earlier,0.9925243258476257
3322,2,38,4,earlier,0.9901092052459717
3322,3,75,4,earlier,0.9893728494644165
3322,4,113,4,earlier,0.9884855151176453
3321,1,14,4,earlier,0.9913919568061829
3321,2,38,4,earlier,0.9888438582420349
3321,3,75,4,earlier,0.9866528511047363
3321,4,113,4,earlier,0.9891157746315002
3320,1,14,4,earlier,0.9924247860908508
3320,2,38,4,earlier,0.9870565533638
3320,3,75,4,earlier,0.9860069155693054
3320,4,113,4,earlier,0.989453911781311
3319,1,14,4,earlier,0.9920065402984619
3319,2,38,4,earlier,0.9902536869049072
3319,3,75,4,earlier,0.9830338358879089
3319,4,113,4,earlier,0.9890837073326111
3318,1,14,4,earlier,0.9931308031082153
3318,2,38,4,earlier,0.9906470775604248
3318,3,75,4,earlier,0.9806480407714844
3318,4,113,4,earlier,0.9895043969154358
3317,1,14,4,earlier,0.9934673309326172
3317,2,38,4,earlier,0.9914852380752563
3317,3,75,4,earlier,0.985279381275177
3317,4,113,4,earlier,0.988666832447052
3316,1,14,4,earlier,0.9924940466880798
3316,2,38,4,earlier,0.9875514507293701
3316,3,75,4,earlier,0.9866220355033875
3316,4,113,4,earlier,0.9881184697151184
3315,1,14,4,earlier,0.9931918978691101
3315,2,38,4,earlier,0.9890291094779968
3315,3,75,4,earlier,0.9905667304992676
3315,4,113,4,earlier,0.9889438152313232
3314,1,14,4,earlier,0.9908368587493896
3314,2,38,4,earlier,0.9907809495925903
3314,3,75,4,earlier,0.9873331189155579
3314,4,113,4,earlier,0.9887903332710266
3313,1,14,4,earlier,0.9953136444091797
3313,2,38,4,earlier,0.9902364611625671
3313,3,75,4,earlier,0.9876722693443298
3313,4,113,4,earlier,0.9872753620147705
3312,1,14,4,earlier,0.9942706823348999
3312,2,38,4,earlier,0.9919517636299133
3312,3,75,4,earlier,0.9868680834770203
3312,4,113,4,earlier,0.9882890582084656
3311,1,14,4,earlier,0.9912642240524292
3311,2,38,4,earlier,0.9917505979537964
3311,3,75,4,earlier,0.985192596912384
3311,4,113,4,earlier,0.9883392453193665
3310,1,14,4,earlier,0.9926145672798157
3310,2,38,4,earlier,0.9896776080131531
3310,3,75,4,earlier,0.9887645840644836
3310,4,113,4,earlier,0.9878731369972229
3309,1,14,4,earlier,0.9923040866851807
3309,2,38,4,earlier,0.9920571446418762
3309,3,75,4,earlier,0.9852339029312134
3309,4,113,4,earlier,0.9882602691650391
3308,1,14,4,earlier,0.9930186867713928
3308,2,38,4,earlier,0.9901729226112366
3308,3,75,4,earlier,
3308,4,113,4,earlier,0.9880210757255554
3307,1,14,4,earlier,0.9933088421821594
3307,2,38,4,earlier,0.9866369962692261
3307,3,75,4,earlier,
3307,4,113,4,earlier,0.9877395033836365
3306,1,14,4,earlier,0.9918034076690674
3306,2,38,4,earlier,0.9844392538070679
3306,3,75,4,earlier,
3306,4,113,4,earlier,0.9881203174591064
3305,1,14,4,earlier,0.9919811487197876
3305,2,38,4,earlier,0.9810442328453064
3305,3,75,4,earlier,
3305,4,113,4,earlier,0.9892668128013611
3304,1,14,4,earlier,0.9903202056884766
3304,2,38,4,earlier,0.982879638671875
3304,3,75,4,earlier,
3304,4,113,4,earlier,0.9890409708023071
3303,1,14,4,earlier,0.9885632991790771
3303,2,38,4,earlier,0.9874038100242615
3303,3,75,4,earlier,
3303,4,113,4,earlier,0.9902824759483337
3302,1,14,4,earlier,0.9917696118354797
3302,2,38,4,earlier,0.9806418418884277
3302,3,75,4,earlier,
3302,4,113,4,earlier,0.9880946278572083
3301,1,14,4,earlier,0.9897528886795044
3301,2,38,4,earlier,0.978027880191803
3301,3,75,4,earlier,
3301,4,113,4,earlier,0.990267813205719
3300,1,14,4,earlier,0.9908452033996582
3300,2,38,4,earlier,0.9883630871772766
3300,3,75,4,earlier,
3300,4,113,4,earlier,0.9900823831558228
3299,1,14,4,earlier,0.9852908253669739
3299,2,38,4,earlier,0.9821479320526123
3299,3,75,4,earlier,
3299,4,113,4,earlier,0.9906198382377625
3298,1,14,4,earlier,0.9878377318382263
3298,2,38,4,earlier,0.9729180932044983
3298,3,75,4,earlier,
3298,4,113,4,earlier,0.9902229309082031
3297,1,14,4,earlier,0.9873701930046082
3297,2,38,4,earlier,0.9880445599555969
3297,3,75,4,earlier,
3297,4,113,4,earlier,0.9897583723068237
3296,1,14,4,earlier,0.9860876202583313
3296,2,38,4,earlier,
3296,3,75,4,earlier,
3296,4,113,4,earlier,0.9903120994567871
3295,1,14,4,earlier,0.9889122843742371
3295,2,38,4,earlier,
3295,3,75,4,earlier,
3295,4,113,4,earlier,0.9883357882499695
3294,1,14,4,earlier,0.9863265752792358
3294,2,38,4,earlier,
3294,3,75,4,earlier,
3294,4,113,4,earlier,0.9885439276695251
3293,1,14,4,earlier,0.985389232635498
3293,2,38,4,earlier,
3293,3,75,4,earlier,
3293,4,113,4,earlier,0.9880477786064148
3292,1,14,4,earlier,0.987338125705719
3292,2,38,4,earlier,
3292,3,75,4,earlier,
3292,4,113,4,earlier,0.9894853830337524
3291,1,14,4,earlier,0.9852297306060791
3291,2,38,4,earlier,
3291,3,75,4,earlier,
3291,4,113,4,earlier,0.9886581897735596
3290,1,14,4,earlier,0.9855072498321533
3290,2,38,4,earlier,
3290,3,75,4,earlier,
3290,4,113,4,earlier,0.9890772700309753
3289,1,14,4,earlier,0.986086368560791
3289,2,38,4,earlier,
3289,3,75,4,earlier,
3289,4,113,4,earlier,0.9892457127571106
3288,1,14,4,earlier,0.9834975004196167
3288,2,38,4,earlier,
3288,3,75,4,earlier,
3288,4,113,4,earlier,0.9890111684799194
3287,1,14,4,earlier,0.9881806373596191
3287,2,38,4,earlier,
3287,3,75,4,earlier,0.9810022115707397
3287,4,113,4,earlier,0.9874231815338135
3286,1,14,4,earlier,0.9887344837188721
3286,2,38,4,earlier,
3286,3,75,4,earlier,0.9878872036933899
3286,4,113,4,earlier,0.9880380034446716
3285,1,14,4,earlier,0.9874933958053589
3285,2,38,4,earlier,
3285,3,75,4,earlier,0.9799846410751343
3285,4,113,4,earlier,0.9887876510620117
3284,1,14,4,earlier,0.9867250323295593
3284,2,38,4,earlier,
3284,3,75,4,earlier,0.9666719436645508
3284,4,113,4,earlier,0.9898513555526733
3283,1,14,4,earlier,0.9883116483688354
3283,2,38,4,earlier,
3283,3,75,4,earlier,0.9860642552375793
3283,4,113,4,earlier,0.9893698692321777
3282,1,14,4,earlier,0.9890804290771484
3282,2,38,4,earlier,
3282,3,75,4,earlier,0.9691118597984314
3282,4,113,4,earlier,0.9876143336296082
3281,1,14,4,earlier,0.9875787496566772
3281,2,38,4,earlier,
3281,3,75,4,earlier,0.9781907200813293
3281,4,113,4,earlier,0.9896818995475769
3280,1,14,4,earlier,0.9888913631439209
3280,2,38,4,earlier,
3280,3,75,4,earlier,0.9849874973297119
3280,4,113,4,earlier,0.9899901151657104
3279,1,14,4,earlier,0.9878652095794678
3279,2,38,4,earlier,
3279,3,75,4,earlier,0.9821025133132935
3279,4,113,4,earlier,0.9873639941215515
3278,1,14,4,earlier,0.9880320429801941
3278,2,38,4,earlier,
3278,3,75,4,earlier,0.982313334941864
3278,4,113,4,earlier,0.9873597621917725
3277,1,14,4,earlier,0.9864194989204407
3277,2,38,4,earlier,
3277,3,75,4,earlier,0.9824488759040833
3277,4,113,4,earlier,0.9885375499725342
3276,1,14,4,earlier,0.9877282977104187
3276,2,38,4,earlier,
3276,3,75,4,earlier,0.9814113974571228
3276,4,113,4,earlier,0.9847028255462646
3275,1,14,4,earlier,0.9868374466896057
3275,2,38,4,earlier,
3275,3,75,4,earlier,0.9780649542808533
3275,4,113,4,earlier,0.9859206676483154
3274,1,14,4,earlier,0.9870573878288269
3274,2,38,4,earlier,
3274,3,75,4,earlier,0.9742367267608643
3274,4,113,4,earlier,0.9861578941345215
3273,1,14,4,earlier,0.9865218997001648
3273,2,38,4,earlier,
3273,3,75,4,earlier,0.9738060235977173
3273,4,113,4,earlier,0.9875012040138245
3272,1,14,4,earlier,0.9883129596710205
3272,2,38,4,earlier,
3272,3,75,4,earlier,0.9552593231201172
3272,4,113,4,earlier,0.9858249425888062
3271,1,14,4,earlier,0.9876448512077332
3271,2,38,4,earlier,
3271,3,75,4,earlier,0.9780564904212952
3271,4,113,4,earlier,0.9889230728149414
3270,1,14,4,earlier,0.9862790703773499
3270,2,38,4,earlier,
3270,3,75,4,earlier,0.9764992594718933
3270,4,113,4,earlier,0.9884609580039978
3269,1,14,4,earlier,0.9887943267822266
3269,2,38,4,earlier,
3269,3,75,4,earlier,0.9768688082695007
3269,4,113,4,earlier,0.9849546551704407
3268,1,14,4,earlier,0.9903411269187927
3268,2,38,4,earlier,
3268,3,75,4,earlier,0.9770468473434448
3268,4,113,4,earlier,0.9867537617683411
3267,1,14,4,earlier,0.9884934425354004
3267,2,38,4,earlier,
3267,3,75,4,earlier,0.9716269969940186
3267,4,113,4,earlier,0.9880662560462952
3266,1,14,4,earlier,0.9886963367462158
3266,2,38,4,earlier,
3266,3,75,4,earlier,0.9685033559799194
3266,4,113,4,earlier,0.9863112568855286
3265,1,14,4,earlier,0.9887717962265015
3265,2,38,4,earlier,
3265,3,75,4,earlier,0.971295952796936
3265,4,113,4,earlier,0.9879687428474426
3264,1,14,4,earlier,0.9878578186035156
3264,2,38,4,earlier,
3264,3,75,4,earlier,0.96750408411026
3264,4,113,4,earlier,0.9865442514419556
3263,1,14,4,earlier,0.988167405128479
3263,2,38,4,earlier,
3263,3,75,4,earlier,0.9789488911628723
3263,4,113,4,earlier,0.9865967631340027
3262,1,14,4,earlier,0.9884917736053467
3262,2,38,4,earlier,
3262,3,75,4,earlier,0.9775353074073792
3262,4,113,4,earlier,0.9899803996086121
3261,1,14,4,earlier,0.988608181476593
3261,2,38,4,earlier,
3261,3,75,4,earlier,0.9863643050193787
3261,4,113,4,earlier,0.9887331128120422
3260,1,14,4,earlier,0.9876179099082947
3260,2,38,4,earlier,
3260,3,75,4,earlier,0.9850054383277893
3260,4,113,4,earlier,0.9880403280258179
3259,1,14,4,earlier,0.988117516040802
3259,2,38,4,earlier,
3259,3,75,4,earlier,0.9845137596130371
3259,4,113,4,earlier,0.9895825982093811
3258,1,14,4,earlier,0.9900714755058289
3258,2,38,4,earlier,
3258,3,75,4,earlier,0.9818233847618103
3258,4,113,4,earlier,0.9910262227058411
3257,1,14,4,earlier,0.9904487729072571
3257,2,38,4,earlier,
3257,3,75,4,earlier,0.986774742603302
3257,4,113,4,earlier,0.9911987781524658
3256,1,14,4,earlier,0.9901572465896606
3256,2,38,4,earlier,
3256,3,75,4,earlier,0.9863714575767517
3256,4,113,4,earlier,0.992175281047821
3255,1,14,4,earlier,0.9904946684837341
3255,2,38,4,earlier,
3255,3,75,4,earlier,0.9873670935630798
3255,4,113,4,earlier,0.9913376569747925
3254,1,14,4,earlier,0.9914491176605225
3254,2,38,4,earlier,
3254,3,75,4,earlier,0.9872822761535645
3254,4,113,4,earlier,0.9903066754341125
3253,1,14,4,earlier,0.9898049831390381
3253,2,38,4,earlier,
3253,3,75,4,earlier,0.9884175062179565
3253,4,113,4,earlier,0.9904907941818237
3252,1,14,4,earlier,0.9888872504234314
3252,2,38,4,earlier,
3252,3,75,4,earlier,0.9861796498298645
3252,4,113,4,earlier,0.9886612296104431
3251,1,14,4,earlier,0.9880673885345459
3251,2,38,4,earlier,
3251,3,75,4,earlier,0.9806062579154968
3251,4,113,4,earlier,0.9905709624290466
3250,1,14,4,earlier,0.9893882870674133
3250,2,38,4,earlier,
3250,3,75,4,earlier,0.9796990752220154
3250,4,113,4,earlier,0.9908475279808044
3249,1,14,4,earlier,0.9893471598625183
3249,2,38,4,earlier,
3249,3,75,4,earlier,0.9824047684669495
3249,4,113,4,earlier,0.9914471507072449
3248,1,14,4,earlier,0.9868060946464539
3248,2,38,4,earlier,
3248,3,75,4,earlier,0.9651136994361877
3248,4,113,4,earlier,0.9929539561271667
3247,1,14,4,earlier,0.9869366884231567
3247,2,38,4,earlier,0.9088666439056396
3247,3,75,4,earlier,0.9789947271347046
3247,4,113,4,earlier,0.9917490482330322
3246,1,14,4,earlier,0.9891130328178406
3246,2,38,4,earlier,0.982924222946167
3246,3,75,4,earlier,0.975559413433075
3246,4,113,4,earlier,0.993638813495636
3245,1,14,4,earlier,0.9874259233474731
3245,2,38,4,earlier,0.9865112900733948
3245,3,75,4,earlier,0.9776477217674255
3245,4,113,4,earlier,0.9945734143257141
3244,1,14,4,earlier,0.9877403378486633
3244,2,38,4,earlier,0.9863865971565247
3244,3,75,4,earlier,0.9767112731933594
3244,4,113,4,earlier,0.9931485652923584
3243,1,14,4,earlier,0.9871280193328857
3243,2,38,4,earlier,0.985294759273529
3243,3,75,4,earlier,0.9776225686073303
3243,4,113,4,earlier,0.9929248094558716
3242,1,14,4,earlier,0.9866154193878174
3242,2,38,4,earlier,0.9801782369613647
3242,3,75,4,earlier,0.9796736240386963
3242,4,113,4,earlier,0.9929074645042419
3241,1,14,4,earlier,0.9886842966079712
3241,2,38,4,earlier,0.9804704189300537
3241,3,75,4,earlier,0.981303334236145
3241,4,113,4,earlier,0.9925733804702759
3240,1,14,4,earlier,0.9902043342590332
3240,2,38,4,earlier,0.9785079956054688
3240,3,75,4,earlier,0.9817641973495483
3240,4,113,4,earlier,0.9928210973739624
3239,1,14,4,earlier,0.9865794777870178
3239,2,38,4,earlier,0.9795660376548767
3239,3,75,4,earlier,0.9807931184768677
3239,4,113,4,earlier,0.9934719204902649
3238,1,14,4,earlier,0.9886496067047119
3238,2,38,4,earlier,0.9781241416931152
3238,3,75,4,earlier,0.9793069362640381
3238,4,113,4,earlier,0.9912281036376953
3237,1,14,4,earlier,0.9884945154190063
3237,2,38,4,earlier,0.9757463932037354
3237,3,75,4,earlier,0.9785372018814087
3237,4,113,4,earlier,0.9915499091148376
3236,1,14,4,earlier,0.9873617887496948
3236,2,38,4,earlier,0.9660128355026245
3236,3,75,4,earlier,0.9774147272109985
3236,4,113,4,earlier,0.9911646842956543
3235,1,14,4,earlier,0.9862699508666992
3235,2,38,4,earlier,0.9743621945381165
3235,3,75,4,earlier,0.9806547164916992
3235,4,113,4,earlier,0.9919184446334839
3234,1,14,4,earlier,0.9868159294128418
3234,2,38,4,earlier,0.9771904349327087
3234,3,75,4,earlier,0.971429169178009
3234,4,113,4,earlier,0.9912058115005493
3233,1,14,4,earlier,0.9891391396522522
3233,2,38,4,earlier,0.9741332530975342
3233,3,75,4,earlier,0.9753637313842773
3233,4,113,4,earlier,0.9920402765274048
3232,1,14,4,earlier,0.9879252314567566
3232,2,38,4,earlier,0.9565741419792175
3232,3,75,4,earlier,0.9740678668022156
3232,4,113,4,earlier,0.9920650124549866
3231,1,14,4,earlier,0.9881391525268555
3231,2,38,4,earlier,0.9686547517776489
3231,3,75,4,earlier,0.9768004417419434
3231,4,113,4,earlier,0.9911468625068665
3230,1,14,4,earlier,0.9876836538314819
3230,2,38,4,earlier,0.9684199690818787
3230,3,75,4,earlier,0.9729257822036743
3230,4,113,4,earlier,0.9923542737960815
3229,1,14,4,earlier,0.9891867637634277
3229,2,38,4,earlier,0.9709871411323547
3229,3,75,4,earlier,0.9758792519569397
3229,4,113,4,earlier,0.9900757074356079
3228,1,14,4,earlier,0.9874637722969055
3228,2,38,4,earlier,0.9613444209098816
3228,3,75,4,earlier,0.974047064781189
3228,4,113,4,earlier,0.9916825890541077
3227,1,14,4,earlier,0.9871682524681091
3227,2,38,4,earlier,0.9724186062812805
3227,3,75,4,earlier,0.9742396473884583
3227,4,113,4,earlier,0.9907604455947876
3226,1,14,4,earlier,0.988065779209137
3226,2,38,4,earlier,0.9756198525428772
3226,3,75,4,earlier,0.9715844392776489
3226,4,113,4,earlier,0.992376446723938
3225,1,14,4,earlier,0.9878729581832886
3225,2,38,4,earlier,0.9774910807609558
3225,3,75,4,earlier,0.9732453227043152
3225,4,113,4,earlier,0.9910706281661987
3224,1,14,4,earlier,0.9882776737213135
3224,2,38,4,earlier,0.9594946503639221
3224,3,75,4,earlier,0.9723687171936035
3224,4,113,4,earlier,0.9912239909172058
3223,1,14,4,earlier,0.9861803650856018
3223,2,38,4,earlier,0.9834232330322266
3223,3,75,4,earlier,0.9755073189735413
3223,4,113,4,earlier,0.9910516142845154
3222,1,14,4,earlier,0.9880995750427246
3222,2,38,4,earlier,0.9802998304367065
3222,3,75,4,earlier,0.9762423634529114
3222,4,113,4,earlier,0.9928923845291138
3221,1,14,4,earlier,0.9895060658454895
3221,2,38,4,earlier,0.9831483960151672
3221,3,75,4,earlier,0.9786462187767029
3221,4,113,4,earlier,0.9929074645042419
3220,1,14,4,earlier,0.9892961382865906
3220,2,38,4,earlier,0.9811784029006958
3220,3,75,4,earlier,0.9796516299247742
3220,4,113,4,earlier,0.9932295680046082
3219,1,14,4,earlier,0.9890978932380676
3219,2,38,4,earlier,0.9836351275444031
3219,3,75,4,earlier,0.97701096534729
3219,4,113,4,earlier,0.9930041432380676
3218,1,14,4,earlier,0.9883847236633301
3218,2,38,4,earlier,0.9789018034934998
3218,3,75,4,earlier,0.979354739189148
3218,4,113,4,earlier,0.991321325302124
3217,1,14,4,earlier,0.9886245727539062
3217,2,38,4,earlier,0.9787095189094543
3217,3,75,4,earlier,0.9804736375808716
3217,4,113,4,earlier,0.9933381676673889
3216,1,14,4,earlier,0.9877208471298218
3216,2,38,4,earlier,0.9821861982345581
3216,3,75,4,earlier,0.9823444485664368
3216,4,113,4,earlier,0.9926629066467285
3215,1,14,4,earlier,0.9874697327613831
3215,2,38,4,earlier,0.9801799654960632
3215,3,75,4,earlier,0.9808608293533325
3215,4,113,4,earlier,0.9925139546394348
3214,1,14,4,earlier,0.9910433888435364
3214,2,38,4,earlier,0.9805266261100769
3214,3,75,4,earlier,0.981316089630127
3214,4,113,4,earlier,0.991189181804657
3213,1,14,4,earlier,0.9879468083381653
3213,2,38,4,earlier,0.9848714470863342
3213,3,75,4,earlier,0.9801095724105835
3213,4,113,4,earlier,0.9909641146659851
3212,1,14,4,earlier,0.9862371683120728
3212,2,38,4,earlier,0.9825459122657776
3212,3,75,4,earlier,0.9805103540420532
3212,4,113,4,earlier,0.99124675989151
3211,1,14,4,earlier,0.987770676612854
3211,2,38,4,earlier,0.9796971678733826
3211,3,75,4,earlier,0.9813333749771118
3211,4,113,4,earlier,0.9908304214477539
3210,1,14,4,earlier,0.9883065223693848
3210,2,38,4,earlier,0.975724458694458
3210,3,75,4,earlier,0.9808487296104431
3210,4,113,4,earlier,0.9914692044258118
3209,1,14,4,earlier,0.988371729850769
3209,2,38,4,earlier,0.972622275352478
3209,3,75,4,earlier,0.9805193543434143
3209,4,113,4,earlier,0.9912285804748535
3208,1,14,4,earlier,0.9871110320091248
3208,2,38,4,earlier,0.9741104245185852
3208,3,75,4,earlier,0.9788867831230164
3208,4,113,4,earlier,0.9916256666183472
3207,1,14,4,earlier,0.9857677817344666
3207,2,38,4,earlier,0.9853469729423523
3207,3,75,4,earlier,0.9797301292419434
3207,4,113,4,earlier,0.9903647899627686
3206,1,14,4,earlier,0.9889988899230957
3206,2,38,4,earlier,0.9845983982086182
3206,3,75,4,earlier,0.979234516620636
3206,4,113,4,earlier,0.9912648797035217
3205,1,14,4,earlier,0.9900162816047668
3205,2,38,4,earlier,0.98462975025177
3205,3,75,4,earlier,0.9796848297119141
3205,4,113,4,earlier,0.9915571212768555
3204,1,14,4,earlier,0.9879312515258789
3204,2,38,4,earlier,0.9877750873565674
3204,3,75,4,earlier,0.9787784218788147
3204,4,113,4,earlier,0.9918984174728394
3203,1,14,4,earlier,0.9897866249084473
3203,2,38,4,earlier,0.9867284297943115
3203,3,75,4,earlier,0.9770302176475525
3203,4,113,4,earlier,0.991104245185852
3202,1,14,4,earlier,0.9896559119224548
3202,2,38,4,earlier,0.986111581325531
3202,3,75,4,earlier,0.9775584936141968
3202,4,113,4,earlier,0.9918385148048401
3201,1,14,4,earlier,0.9895740151405334
3201,2,38,4,earlier,0.9864186644554138
3201,3,75,4,earlier,0.9761149287223816
3201,4,113,4,earlier,0.9915913343429565
3200,1,14,4,earlier,0.9889410138130188
3200,2,38,4,earlier,0.9813315272331238
3200,3,75,4,earlier,0.9753223657608032
3200,4,113,4,earlier,0.991287887096405
3199,1,14,4,earlier,0.9850773811340332
3199,2,38,4,earlier,0.9801328182220459
3199,3,75,4,earlier,0.9740326404571533
3199,4,113,4,earlier,0.9923243522644043
3198,1,14,4,earlier,0.986764669418335
3198,2,38,4,earlier,0.9854253530502319
3198,3,75,4,earlier,0.976595938205719
3198,4,113,4,earlier,0.9917967319488525
3197,1,14,4,earlier,0.9852291941642761
3197,2,38,4,earlier,0.983886182308197
3197,3,75,4,earlier,0.9775661826133728
3197,4,113,4,earlier,0.9911087155342102
3196,1,14,4,earlier,0.9855679869651794
3196,2,38,4,earlier,0.9849466681480408
3196,3,75,4,earlier,0.9782556891441345
3196,4,113,4,earlier,0.991325318813324
3195,1,14,4,earlier,0.9862979650497437
3195,2,38,4,earlier,0.9870837926864624
3195,3,75,4,earlier,0.9773720502853394
3195,4,113,4,earlier,0.9919613599777222
3194,1,14,4,earlier,0.9866345524787903
3194,2,38,4,earlier,0.9787890911102295
3194,3,75,4,earlier,0.9760918617248535
3194,4,113,4,earlier,0.9921389818191528
3193,1,14,4,earlier,0.9867457151412964
3193,2,38,4,earlier,0.9845054149627686
3193,3,75,4,earlier,0.9776443839073181
3193,4,113,4,earlier,0.9922130107879639
3192,1,14,4,earlier,0.9887349605560303
3192,2,38,4,earlier,0.9850949645042419
3192,3,75,4,earlier,0.9770635962486267
3192,4,113,4,earlier,0.9920831918716431
3191,1,14,4,earlier,0.9868221879005432
3191,2,38,4,earlier,0.9834384322166443
3191,3,75,4,earlier,0.9786198139190674
3191,4,113,4,earlier,0.9911419749259949
3190,1,14,4,earlier,0.9869408011436462
3190,2,38,4,earlier,0.9844117164611816
3190,3,75,4,earlier,0.9761725068092346
3190,4,113,4,earlier,0.9914675354957581
3189,1,14,4,earlier,0.9878659844398499
3189,2,38,4,earlier,0.9850550293922424
3189,3,75,4,earlier,0.9781671762466431
3189,4,113,4,earlier,0.9912430047988892
3188,1,14,4,earlier,0.9900143146514893
3188,2,38,4,earlier,0.9826755523681641
3188,3,75,4,earlier,0.9786776900291443
3188,4,113,4,earlier,0.9921525120735168
3187,1,14,4,earlier,0.9913079738616943
3187,2,38,4,earlier,0.9864765405654907
3187,3,75,4,earlier,0.977882444858551
3187,4,113,4,earlier,0.9924161434173584
3186,1,14,4,earlier,0.9912635684013367
3186,2,38,4,earlier,0.9853973984718323
3186,3,75,4,earlier,0.9775916934013367
3186,4,113,4,earlier,0.9920588731765747
3185,1,14,4,earlier,0.9896325469017029
3185,2,38,4,earlier,0.9855313301086426
3185,3,75,4,earlier,0.979503333568573
3185,4,113,4,earlier,0.992188572883606
3184,1,14,4,earlier,0.9895773530006409
3184,2,38,4,earlier,0.9847890734672546
3184,3,75,4,earlier,0.9786643385887146
3184,4,113,4,earlier,0.9920369386672974
3183,1,14,4,earlier,0.9878641366958618
3183,2,38,4,earlier,0.9850726127624512
3183,3,75,4,earlier,0.9784564971923828
3183,4,113,4,earlier,0.9929978251457214
3182,1,14,4,earlier,0.9880334734916687
3182,2,38,4,earlier,0.9838897585868835
3182,3,75,4,earlier,0.9778478145599365
3182,4,113,4,earlier,0.9920240044593811
3181,1,14,4,earlier,0.9871909618377686
3181,2,38,4,earlier,0.9819057583808899
3181,3,75,4,earlier,0.9802603125572205
3181,4,113,4,earlier,0.9918898344039917
3180,1,14,4,earlier,0.9872128963470459
3180,2,38,4,earlier,0.9818514585494995
3180,3,75,4,earlier,0.9797779321670532
3180,4,113,4,earlier,0.9918594360351562
3179,1,14,4,earlier,0.9870819449424744
3179,2,38,4,earlier,0.9821332097053528
3179,3,75,4,earlier,0.9791939854621887
3179,4,113,4,earlier,0.9930981993675232
3178,1,14,4,earlier,0.9873197078704834
3178,2,38,4,earlier,0.9830790162086487
3178,3,75,4,earlier,0.9779821038246155
3178,4,113,4,earlier,0.9934993386268616
3177,1,14,4,earlier,0.9879741668701172
3177,2,38,4,earlier,0.9830368161201477
3177,3,75,4,earlier,0.9774373173713684
3177,4,113,4,earlier,0.9920759201049805
3176,1,14,4,earlier,0.9903122782707214
3176,2,38,4,earlier,0.981497049331665
3176,3,75,4,earlier,0.9750456213951111
3176,4,113,4,earlier,0.9918227791786194
3175,1,14,4,earlier,0.9897587299346924
3175,2,38,4,earlier,0.9815627932548523
3175,3,75,4,earlier,0.9766926169395447
3175,4,113,4,earlier,0.9917948842048645
3174,1,14,4,earlier,0.9893492460250854
3174,2,38,4,earlier,0.9821574687957764
3174,3,75,4,earlier,0.9778635501861572
3174,4,113,4,earlier,0.9931738376617432
3173,1,14,4,earlier,0.9906131625175476
3173,2,38,4,earlier,0.982897162437439
3173,3,75,4,earlier,0.9783110618591309
3173,4,113,4,earlier,0.9909012317657471
3172,1,14,4,earlier,0.9891230463981628
3172,2,38,4,earlier,0.9830100536346436
3172,3,75,4,earlier,0.9756624698638916
3172,4,113,4,earlier,0.9924301505088806
3171,1,14,4,earlier,0.9891138076782227
3171,2,38,4,earlier,0.9824686646461487
3171,3,75,4,earlier,0.9761643409729004
3171,4,113,4,earlier,0.99235600233078
3170,1,14,4,earlier,0.9852088093757629
3170,2,38,4,earlier,0.9820520877838135
3170,3,75,4,earlier,0.9706575274467468
3170,4,113,4,earlier,0.9934998750686646
3169,1,14,4,earlier,0.9872124791145325
3169,2,38,4,earlier,0.9818726181983948
3169,3,75,4,earlier,0.9757379293441772
3169,4,113,4,earlier,0.9938144087791443
3168,1,14,4,earlier,0.986501932144165
3168,2,38,4,earlier,0.9822615385055542
3168,3,75,4,earlier,0.9727926254272461
3168,4,113,4,earlier,0.991862416267395
3167,1,14,4,earlier,0.9887710809707642
3167,2,38,4,earlier,0.9819062948226929
3167,3,75,4,earlier,0.9817065000534058
3167,4,113,4,earlier,0.9924649000167847
3166,1,14,4,earlier,0.9890874028205872
3166,2,38,4,earlier,0.9827004075050354
3166,3,75,4,earlier,0.9731402397155762
3166,4,113,4,earlier,0.9914020895957947
3165,1,14,4,earlier,0.9900191426277161
3165,2,38,4,earlier,0.983253002166748
3165,3,75,4,earlier,0.9788216948509216
3165,4,113,4,earlier,0.9930101633071899
3164,1,14,4,earlier,0.9877936840057373
3164,2,38,4,earlier,0.9824594259262085
3164,3,75,4,earlier,0.9836931228637695
3164,4,113,4,earlier,0.9918886423110962
3163,1,14,4,earlier,0.9870569705963135
3163,2,38,4,earlier,0.981692373752594
3163,3,75,4,earlier,0.980950653553009
3163,4,113,4,earlier,0.9928203225135803
3162,1,14,4,earlier,0.9891492128372192
3162,2,38,4,earlier,0.9831849932670593
3162,3,75,4,earlier,0.9810341596603394
3162,4,113,4,earlier,0.9929006695747375
3161,1,14,4,earlier,0.9900821447372437
3161,2,38,4,earlier,0.9811511635780334
3161,3,75,4,earlier,0.9789556860923767
3161,4,113,4,earlier,0.9918755888938904
3160,1,14,4,earlier,0.9883530139923096
3160,2,38,4,earlier,0.9818322062492371
3160,3,75,4,earlier,0.9770044088363647
3160,4,113,4,earlier,0.9918860793113708
3159,1,14,4,earlier,0.9874809980392456
3159,2,38,4,earlier,0.9831224083900452
3159,3,75,4,earlier,0.9777505993843079
3159,4,113,4,earlier,0.9914383292198181
3158,1,14,4,earlier,0.9874247312545776
3158,2,38,4,earlier,0.9826844930648804
3158,3,75,4,earlier,0.9750962853431702
3158,4,113,4,earlier,0.9908990263938904
3157,1,14,4,earlier,0.9868310689926147
3157,2,38,4,earlier,0.9825744032859802
3157,3,75,4,earlier,0.9736600518226624
3157,4,113,4,earlier,0.9917804002761841
3156,1,14,4,earlier,0.9879418611526489
3156,2,38,4,earlier,0.9806430339813232
3156,3,75,4,earlier,0.9727441668510437
3156,4,113,4,earlier,0.9912267327308655
3155,1,14,4,earlier,0.9880973100662231
3155,2,38,4,earlier,0.9807869791984558
3155,3,75,4,earlier,0.9737502336502075
3155,4,113,4,earlier,0.9908928871154785
3154,1,14,4,earlier,0.9857456088066101
3154,2,38,4,earlier,0.9801095128059387
3154,3,75,4,earlier,0.9746589064598083
3154,4,113,4,earlier,0.9914719462394714
3153,1,14,4,earlier,0.9868951439857483
3153,2,38,4,earlier,0.9787847995758057
3153,3,75,4,earlier,0.973713755607605
3153,4,113,4,earlier,0.9930077791213989
3152,1,14,4,earlier,0.9864398837089539
3152,2,38,4,earlier,0.9812206625938416
3152,3,75,4,earlier,0.9538590312004089
3152,4,113,4,earlier,0.9929763078689575
3151,1,14,4,earlier,0.9843915104866028
3151,2,38,4,earlier,0.9810951948165894
3151,3,75,4,earlier,0.9677222967147827
3151,4,113,4,earlier,0.9932542443275452
3150,1,14,4,earlier,0.9841870665550232
3150,2,38,4,earlier,0.9819286465644836
3150,3,75,4,earlier,0.967930793762207
3150,4,113,4,earlier,0.9927656650543213
3149,1,14,4,earlier,0.9839215278625488
3149,2,38,4,earlier,0.982568085193634
3149,3,75,4,earlier,0.9714837074279785
3149,4,113,4,earlier,0.9904228448867798
3148,1,14,4,earlier,0.9839262366294861
3148,2,38,4,earlier,0.9814228415489197
3148,3,75,4,earlier,0.9635201692581177
3148,4,113,4,earlier,0.9923582077026367
3147,1,14,4,earlier,0.9854390025138855
3147,2,38,4,earlier,0.9749021530151367
3147,3,75,4,earlier,0.9750241637229919
3147,4,113,4,earlier,0.9931744337081909
3146,1,14,4,earlier,0.9835178852081299
3146,2,38,4,earlier,0.976526141166687
3146,3,75,4,earlier,0.9747720956802368
3146,4,113,4,earlier,0.9920898675918579
3145,1,14,4,earlier,0.9825246930122375
3145,2,38,4,earlier,0.9788917899131775
3145,3,75,4,earlier,0.9762369990348816
3145,4,113,4,earlier,0.9920839071273804
3144,1,14,4,earlier,0.9839991927146912
3144,2,38,4,earlier,0.9829130172729492
3144,3,75,4,earlier,0.9722121953964233
3144,4,113,4,earlier,0.9913893342018127
3143,1,14,4,earlier,0.9844726324081421
3143,2,38,4,earlier,0.9824643731117249
3143,3,75,4,earlier,0.9738894104957581
3143,4,113,4,earlier,0.9922492504119873
3142,1,14,4,earlier,0.9851983785629272
3142,2,38,4,earlier,0.9822958707809448
3142,3,75,4,earlier,0.9747282266616821
3142,4,113,4,earlier,0.9925770163536072
3141,1,14,4,earlier,0.9840677976608276
3141,2,38,4,earlier,0.9818944931030273
3141,3,75,4,earlier,0.9715275168418884
3141,4,113,4,earlier,0.9914701581001282
3140,1,14,4,earlier,0.9829154014587402
3140,2,38,4,earlier,0.9803119897842407
3140,3,75,4,earlier,0.9716989994049072
3140,4,113,4,earlier,0.99241703748703
3139,1,14,4,earlier,0.982176661491394
3139,2,38,4,earlier,0.9817061424255371
3139,3,75,4,earlier,0.9737958312034607
3139,4,113,4,earlier,0.9925186038017273
3138,1,14,4,earlier,0.9834219813346863
3138,2,38,4,earlier,0.9802594780921936
3138,3,75,4,earlier,0.962705135345459
3138,4,113,4,earlier,0.9916108250617981
3137,1,14,4,earlier,0.9850137233734131
3137,2,38,4,earlier,0.981131911277771
3137,3,75,4,earlier,0.9691993594169617
3137,4,113,4,earlier,0.991977334022522
3136,1,14,4,earlier,0.9836301207542419
3136,2,38,4,earlier,0.9810832142829895
3136,3,75,4,earlier,0.9773674011230469
3136,4,113,4,earlier,0.9918498992919922
3135,1,14,4,earlier,0.9865919947624207
3135,2,38,4,earlier,0.981465756893158
3135,3,75,4,earlier,0.9760514497756958
3135,4,113,4,earlier,0.9936676621437073
3134,1,14,4,earlier,0.9848926067352295
3134,2,38,4,earlier,0.9811584949493408
3134,3,75,4,earlier,0.9667128920555115
3134,4,113,4,earlier,0.990248441696167
3133,1,14,4,earlier,0.984308660030365
3133,2,38,4,earlier,0.9815866351127625
3133,3,75,4,earlier,0.9807820916175842
3133,4,113,4,earlier,0.9925499558448792
3132,1,14,4,earlier,0.9831933379173279
3132,2,38,4,earlier,0.9812402129173279
3132,3,75,4,earlier,0.978759765625
3132,4,113,4,earlier,0.9911430478096008
3131,1,14,4,earlier,0.9849254488945007
3131,2,38,4,earlier,0.9813671708106995
3131,3,75,4,earlier,0.9779676795005798
3131,4,113,4,earlier,0.9914253950119019
3130,1,14,4,earlier,0.9839364290237427
3130,2,38,4,earlier,0.982176661491394
3130,3,75,4,earlier,0.9773898124694824
3130,4,113,4,earlier,0.9917832016944885
3129,1,14,4,earlier,0.9848126173019409
3129,2,38,4,earlier,0.9825447797775269
3129,3,75,4,earlier,0.9780929684638977
3129,4,113,4,earlier,0.9922125935554504
3128,1,14,4,earlier,0.9851865172386169
3128,2,38,4,earlier,0.9819649457931519
3128,3,75,4,earlier,0.9762966632843018
3128,4,113,4,earlier,0.9922992587089539
3127,1,14,4,earlier,0.987206757068634
3127,2,38,4,earlier,0.9823560118675232
3127,3,75,4,earlier,0.9795728325843811
3127,4,113,4,earlier,0.9932182431221008
3126,1,14,4,earlier,0.9854982495307922
3126,2,38,4,earlier,0.9825448393821716
3126,3,75,4,earlier,0.9804456830024719
3126,4,113,4,earlier,0.9929924011230469
3125,1,14,4,earlier,0.9867631196975708
3125,2,38,4,earlier,0.9841223359107971
3125,3,75,4,earlier,0.9825408458709717
3125,4,113,4,earlier,0.992824912071228
3124,1,14,4,earlier,0.9852957129478455
3124,2,38,4,earlier,0.98577880859375
3124,3,75,4,earlier,0.9799959063529968
3124,4,113,4,earlier,0.9908018708229065
3123,1,14,4,earlier,0.9862410426139832
3123,2,38,4,earlier,0.9860137701034546
3123,3,75,4,earlier,0.9809520244598389
3123,4,113,4,earlier,0.9929644465446472
3122,1,14,4,earlier,0.9876008629798889
3122,2,38,4,earlier,0.985140860080719
3122,3,75,4,earlier,0.9806436896324158
3122,4,113,4,earlier,0.9916046857833862
3121,1,14,4,earlier,0.9876126050949097
3121,2,38,4,earlier,0.9846813082695007
3121,3,75,4,earlier,0.9803261756896973
3121,4,113,4,earlier,0.9925988912582397
3120,1,14,4,earlier,0.9860013723373413
3120,2,38,4,earlier,0.9833398461341858
3120,3,75,4,earlier,0.9784647226333618
3120,4,113,4,earlier,0.9921049475669861
3119,1,14,4,earlier,0.9859829545021057
3119,2,38,4,earlier,0.9845860004425049
3119,3,75,4,earlier,0.9775868058204651
3119,4,113,4,earlier,0.9913920760154724
3118,1,14,4,earlier,0.9864456653594971
3118,2,38,4,earlier,0.9814037084579468
3118,3,75,4,earlier,0.9803857803344727
3118,4,113,4,earlier,0.9922772645950317
3117,1,14,4,earlier,0.9855444431304932
3117,2,38,4,earlier,0.9851407408714294
3117,3,75,4,earlier,0.9770656228065491
3117,4,113,4,earlier,0.9917693138122559
3116,1,14,4,earlier,0.9844872355461121
3116,2,38,4,earlier,0.9861282110214233
3116,3,75,4,earlier,0.9754968881607056
3116,4,113,4,earlier,0.9919463992118835
3115,1,14,4,earlier,0.9877445697784424
3115,2,38,4,earlier,0.9863957762718201
3115,3,75,4,earlier,0.9779160022735596
3115,4,113,4,earlier,0.991515040397644
3114,1,14,4,earlier,0.9860244989395142
3114,2,38,4,earlier,0.9861103296279907
3114,3,75,4,earlier,0.9773998260498047
3114,4,113,4,earlier,0.9919446110725403
3113,1,14,4,earlier,0.9870880842208862
3113,2,38,4,earlier,0.984337568283081
3113,3,75,4,earlier,0.9781467914581299
3113,4,113,4,earlier,0.9919474124908447
3112,1,14,4,earlier,0.9872316122055054
3112,2,38,4,earlier,0.98310387134552
3112,3,75,4,earlier,0.9776687026023865
3112,4,113,4,earlier,0.9920738339424133
3111,1,14,4,earlier,0.9864424467086792
3111,2,38,4,earlier,0.9828726053237915
3111,3,75,4,earlier,0.9789636135101318
3111,4,113,4,earlier,0.9919210076332092
3110,1,14,4,earlier,0.9848244786262512
3110,2,38,4,earlier,0.9830169081687927
3110,3,75,4,earlier,0.9782890677452087
3110,4,113,4,earlier,0.9919191002845764
3109,1,14,4,earlier,0.9854762554168701
3109,2,38,4,earlier,0.981476366519928
3109,3,75,4,earlier,0.9807456135749817
3109,4,113,4,earlier,0.9917321801185608
3108,1,14,4,earlier,0.9878852367401123
3108,2,38,4,earlier,0.9741575121879578
3108,3,75,4,earlier,0.9771666526794434
3108,4,113,4,earlier,0.9916868209838867
3107,1,14,4,earlier,0.9861205816268921
3107,2,38,4,earlier,0.9773480296134949
3107,3,75,4,earlier,0.9749117493629456
3107,4,113,4,earlier,0.9915879964828491
3106,1,14,4,earlier,0.9875643849372864
3106,2,38,4,earlier,0.976193904876709
3106,3,75,4,earlier,0.9756578803062439
3106,4,113,4,earlier,0.9916157126426697
3105,1,14,4,earlier,0.9884496331214905
3105,2,38,4,earlier,0.9808969497680664
3105,3,75,4,earlier,0.9741740822792053
3105,4,113,4,earlier,0.9914343953132629
3104,1,14,4,earlier,0.9873694777488708
3104,2,38,4,earlier,0.9789901971817017
3104,3,75,4,earlier,0.9737124443054199
3104,4,113,4,earlier,0.9915030002593994
3103,1,14,4,earlier,0.9872448444366455
3103,2,38,4,earlier,0.975543737411499
3103,3,75,4,earlier,0.9816055297851562
3103,4,113,4,earlier,0.991990864276886
3102,1,14,4,earlier,0.9846915602684021
3102,2,38,4,earlier,0.9731523394584656
3102,3,75,4,earlier,0.9813019633293152
3102,4,113,4,earlier,0.9921420216560364
3101,1,14,4,earlier,0.9873522520065308
3101,2,38,4,earlier,0.9821190237998962
3101,3,75,4,earlier,0.9830238819122314
3101,4,113,4,earlier,0.9918708205223083
3100,1,14,4,earlier,0.9908227920532227
3100,2,38,4,earlier,0.980572521686554
3100,3,75,4,earlier,0.9790031909942627
3100,4,113,4,earlier,0.9912404417991638
3099,1,14,4,earlier,0.9907646179199219
3099,2,38,4,earlier,0.9809263944625854
3099,3,75,4,earlier,0.9814678430557251
3099,4,113,4,earlier,0.9920201897621155
3098,1,14,4,earlier,0.9895721673965454
3098,2,38,4,earlier,0.979775607585907
3098,3,75,4,earlier,0.981666088104248
3098,4,113,4,earlier,0.9909699559211731
3097,1,14,4,earlier,0.9894601106643677
3097,2,38,4,earlier,0.9748918414115906
3097,3,75,4,earlier,0.9734936356544495
3097,4,113,4,earlier,0.9909459352493286
3096,1,14,4,earlier,0.9896129965782166
3096,2,38,4,earlier,0.9672731161117554
3096,3,75,4,earlier,0.97974693775177
3096,4,113,4,earlier,0.991074800491333
3095,1,14,4,earlier,0.9871124625205994
3095,2,38,4,earlier,0.9845244884490967
3095,3,75,4,earlier,0.9787100553512573
3095,4,113,4,earlier,0.9907984137535095
3094,1,14,4,earlier,0.9907347559928894
3094,2,38,4,earlier,0.9853962063789368
3094,3,75,4,earlier,0.9784108400344849
3094,4,113,4,earlier,0.9905958771705627
3093,1,14,4,earlier,0.990105926990509
3093,2,38,4,earlier,0.9828120470046997
3093,3,75,4,earlier,0.9791189432144165
3093,4,113,4,earlier,0.9908596277236938
3092,1,14,4,earlier,0.9916268587112427
3092,2,38,4,earlier,0.9827497005462646
3092,3,75,4,earlier,0.9790483117103577
3092,4,113,4,earlier,0.9911205172538757
3091,1,14,4,earlier,0.9924407005310059
3091,2,38,4,earlier,0.9774861335754395
3091,3,75,4,earlier,0.9798654913902283
3091,4,113,4,earlier,0.9922364950180054
3090,1,14,4,earlier,0.9906491637229919
3090,2,38,4,earlier,0.9838097095489502
3090,3,75,4,earlier,0.9783797264099121
3090,4,113,4,earlier,0.9919301271438599
3089,1,14,4,earlier,0.9899864196777344
3089,2,38,4,earlier,0.9730091094970703
3089,3,75,4,earlier,0.9787936210632324
3089,4,113,4,earlier,0.9924216270446777
3088,1,14,4,earlier,0.991184651851654
3088,2,38,4,earlier,0.9716724753379822
3088,3,75,4,earlier,0.9777578115463257
3088,4,113,4,earlier,0.9924332499504089
3087,1,14,4,earlier,0.9910708069801331
3087,2,38,4,earlier,0.9731855988502502
3087,3,75,4,earlier,0.9824668765068054
3087,4,113,4,earlier,0.9920145869255066
3086,1,14,4,earlier,0.9902651309967041
3086,2,38,4,earlier,0.9755176305770874
3086,3,75,4,earlier,0.9788484573364258
3086,4,113,4,earlier,0.9917349815368652
3085,1,14,4,earlier,0.991550862789154
3085,2,38,4,earlier,0.9829248189926147
3085,3,75,4,earlier,0.9843516945838928
3085,4,113,4,earlier,0.9920241832733154
3084,1,14,4,earlier,0.9920901656150818
3084,2,38,4,earlier,0.9764195084571838
3084,3,75,4,earlier,0.9756599068641663
3084,4,113,4,earlier,0.9916773438453674
3083,1,14,4,earlier,0.9909413456916809
3083,2,38,4,earlier,0.9604857563972473
3083,3,75,4,earlier,0.9720098376274109
3083,4,113,4,earlier,0.990792453289032
3082,1,14,4,earlier,0.9900179505348206
3082,2,38,4,earlier,0.9602403044700623
3082,3,75,4,earlier,0.9761278033256531
3082,4,113,4,earlier,0.9907089471817017
3081,1,14,4,earlier,0.9904808402061462
3081,2,38,4,earlier,0.974359393119812
3081,3,75,4,earlier,0.9792022705078125
3081,4,113,4,earlier,0.9905633330345154
3080,1,14,4,earlier,0.9919989109039307
3080,2,38,4,earlier,0.9784611463546753
3080,3,75,4,earlier,0.966223955154419
3080,4,113,4,earlier,0.9919145703315735
3079,1,14,4,earlier,0.9926471710205078
3079,2,38,4,earlier,0.9510678052902222
3079,3,75,4,earlier,0.9631357789039612
3079,4,113,4,earlier,0.993428647518158
3078,1,14,4,earlier,0.9917899966239929
3078,2,38,4,earlier,0.9758532047271729
3078,3,75,4,earlier,0.9741998314857483
3078,4,113,4,earlier,0.9912042021751404
3077,1,14,4,earlier,0.9907781481742859
3077,2,38,4,earlier,0.9607769846916199
3077,3,75,4,earlier,0.9732478260993958
3077,4,113,4,earlier,0.9912055730819702
3076,1,14,4,earlier,0.9919115900993347
3076,2,38,4,earlier,
3076,3,75,4,earlier,0.975695013999939
3076,4,113,4,earlier,0.9930055141448975
3075,1,14,4,earlier,0.9912343621253967
3075,2,38,4,earlier,
3075,3,75,4,earlier,0.9710291624069214
3075,4,113,4,earlier,0.9921916723251343
3074,1,14,4,earlier,0.9927167296409607
3074,2,38,4,earlier,
3074,3,75,4,earlier,0.9771257042884827
3074,4,113,4,earlier,0.9920619130134583
3073,1,14,4,earlier,0.9916964769363403
3073,2,38,4,earlier,
3073,3,75,4,earlier,0.9788591265678406
3073,4,113,4,earlier,0.9920204281806946
3072,1,14,4,earlier,0.990755021572113
3072,2,38,4,earlier,
3072,3,75,4,earlier,0.9759369492530823
3072,4,113,4,earlier,0.9914829730987549
3071,1,14,4,earlier,0.991776704788208
3071,2,38,4,earlier,
3071,3,75,4,earlier,0.9754010438919067
3071,4,113,4,earlier,0.9916048645973206
3070,1,14,4,earlier,0.9912843704223633
3070,2,38,4,earlier,
3070,3,75,4,earlier,0.9766831398010254
3070,4,113,4,earlier,0.9928072690963745
3069,1,14,4,earlier,0.9894810914993286
3069,2,38,4,earlier,
3069,3,75,4,earlier,0.9771504998207092
3069,4,113,4,earlier,0.991879403591156
3068,1,14,4,earlier,0.9898658394813538
3068,2,38,4,earlier,
3068,3,75,4,earlier,0.9729456901550293
3068,4,113,4,earlier,0.9919785857200623
3067,1,14,4,earlier,0.9896882772445679
3067,2,38,4,earlier,
3067,3,75,4,earlier,0.9764388799667358
3067,4,113,4,earlier,0.9920029044151306
3066,1,14,4,earlier,0.989384114742279
3066,2,38,4,earlier,
3066,3,75,4,earlier,0.9752995371818542
3066,4,113,4,earlier,0.9932563304901123
3065,1,14,4,earlier,0.98919677734375
3065,2,38,4,earlier,
3065,3,75,4,earlier,0.9754384756088257
3065,4,113,4,earlier,0.9920045137405396
3064,1,14,4,earlier,0.9891841411590576
3064,2,38,4,earlier,
3064,3,75,4,earlier,0.9748047590255737
3064,4,113,4,earlier,0.993116021156311
3063,1,14,4,earlier,0.99002605676651
3063,2,38,4,earlier,
3063,3,75,4,earlier,0.974088728427887
3063,4,113,4,earlier,0.9920359253883362
3062,1,14,4,earlier,0.9905667901039124
3062,2,38,4,earlier,
3062,3,75,4,earlier,0.9658225178718567
3062,4,113,4,earlier,0.9931274652481079
3061,1,14,4,earlier,0.9897011518478394
3061,2,38,4,earlier,
3061,3,75,4,earlier,0.9677962064743042
3061,4,113,4,earlier,0.9916967153549194
3060,1,14,4,earlier,0.990384042263031
3060,2,38,4,earlier,
3060,3,75,4,earlier,0.9750171303749084
3060,4,113,4,earlier,0.9929103255271912
3059,1,14,4,earlier,0.9901725053787231
3059,2,38,4,earlier,
3059,3,75,4,earlier,0.9720683097839355
3059,4,113,4,earlier,0.991385817527771
3058,1,14,4,earlier,0.9905540347099304
3058,2,38,4,earlier,
3058,3,75,4,earlier,0.9747942090034485
3058,4,113,4,earlier,0.9926455616950989
3057,1,14,4,earlier,0.9889084696769714
3057,2,38,4,earlier,
3057,3,75,4,earlier,0.975572943687439
3057,4,113,4,earlier,0.9906632304191589
3056,1,14,4,earlier,0.9916752576828003
3056,2,38,4,earlier,
3056,3,75,4,earlier,0.9802777767181396
3056,4,113,4,earlier,0.9913784861564636
3055,1,14,4,earlier,0.9906764030456543
3055,2,38,4,earlier,
3055,3,75,4,earlier,0.9666149020195007
3055,4,113,4,earlier,0.9926955103874207
3054,1,14,4,earlier,0.9906513690948486
3054,2,38,4,earlier,
3054,3,75,4,earlier,0.9612436294555664
3054,4,113,4,earlier,0.9924404621124268
3053,1,14,4,earlier,0.9908782243728638
3053,2,38,4,earlier,
3053,3,75,4,earlier,0.9762847423553467
3053,4,113,4,earlier,0.9928880333900452
3052,1,14,4,earlier,0.9904422760009766
3052,2,38,4,earlier,
3052,3,75,4,earlier,0.9776065349578857
3052,4,113,4,earlier,0.9920036196708679
3051,1,14,4,earlier,0.9909645318984985
3051,2,38,4,earlier,
3051,3,75,4,earlier,0.9773063659667969
3051,4,113,4,earlier,0.9907206296920776
3050,1,14,4,earlier,0.9902432560920715
3050,2,38,4,earlier,
3050,3,75,4,earlier,0.9707018136978149
3050,4,113,4,earlier,0.9894726872444153
3049,1,14,4,earlier,0.9907022714614868
3049,2,38,4,earlier,
3049,3,75,4,earlier,0.9443359971046448
3049,4,113,4,earlier,0.9901981949806213
3048,1,14,4,earlier,0.991053581237793
3048,2,38,4,earlier,
3048,3,75,4,earlier,0.9767048358917236
3048,4,113,4,earlier,0.9928683042526245
3047,1,14,4,earlier,0.9909639954566956
3047,2,38,4,earlier,
3047,3,75,4,earlier,0.9744133353233337
3047,4,113,4,earlier,0.9884854555130005
3046,1,14,4,earlier,0.9911209940910339
3046,2,38,4,earlier,
3046,3,75,4,earlier,0.968214750289917
3046,4,113,4,earlier,0.9906445145606995
3045,1,14,4,earlier,0.9907008409500122
3045,2,38,4,earlier,
3045,3,75,4,earlier,0.9710278511047363
3045,4,113,4,earlier,0.9918805956840515
3044,1,14,4,earlier,0.9907591938972473
3044,2,38,4,earlier,
3044,3,75,4,earlier,0.9714273810386658
3044,4,113,4,earlier,0.9922472238540649
3043,1,14,4,earlier,0.990206778049469
3043,2,38,4,earlier,
3043,3,75,4,earlier,0.9818204045295715
3043,4,113,4,earlier,0.9901125431060791
3042,1,14,4,earlier,0.9909098744392395
3042,2,38,4,earlier,
3042,3,75,4,earlier,0.9799519181251526
3042,4,113,4,earlier,0.9915041327476501
3041,1,14,4,earlier,0.991500735282898
3041,2,38,4,earlier,
3041,3,75,4,earlier,0.9812057018280029
3041,4,113,4,earlier,0.9896002411842346
3040,1,14,4,earlier,0.991330623626709
3040,2,38,4,earlier,
3040,3,75,4,earlier,0.9799898266792297
3040,4,113,4,earlier,0.9893338084220886
3039,1,14,4,earlier,0.9894078969955444
3039,2,38,4,earlier,
3039,3,75,4,earlier,0.9721558094024658
3039,4,113,4,earlier,0.9908468723297119
3038,1,14,4,earlier,0.9906828999519348
3038,2,38,4,earlier,
3038,3,75,4,earlier,0.9738537073135376
3038,4,113,4,earlier,0.9905315041542053
3037,1,14,4,earlier,0.9896373748779297
3037,2,38,4,earlier,
3037,3,75,4,earlier,0.9752019643783569
3037,4,113,4,earlier,0.9901614189147949
3036,1,14,4,earlier,0.9864245057106018
3036,2,38,4,earlier,
3036,3,75,4,earlier,0.97463059425354
3036,4,113,4,earlier,0.9897578954696655
3035,1,14,4,earlier,0.9896642565727234
3035,2,38,4,earlier,
3035,3,75,4,earlier,0.9715332388877869
3035,4,113,4,earlier,0.9897262454032898
3034,1,14,4,earlier,0.9910122156143188
3034,2,38,4,earlier,
3034,3,75,4,earlier,0.9776961803436279
3034,4,113,4,earlier,0.9894160032272339
3033,1,14,4,earlier,0.9917670488357544
3033,2,38,4,earlier,
3033,3,75,4,earlier,0.9744461178779602
3033,4,113,4,earlier,0.9900814890861511
3032,1,14,4,earlier,0.9834011197090149
3032,2,38,4,earlier,
3032,3,75,4,earlier,0.9797608852386475
3032,4,113,4,earlier,0.9920477271080017
3031,1,14,4,earlier,0.9886594414710999
3031,2,38,4,earlier,
3031,3,75,4,earlier,0.9809561967849731
3031,4,113,4,earlier,0.9923314452171326
3030,1,14,4,earlier,0.9869855642318726
3030,2,38,4,earlier,
3030,3,75,4,earlier,0.9757611751556396
3030,4,113,4,earlier,0.9920408725738525
3029,1,14,4,earlier,0.9857826828956604
3029,2,38,4,earlier,
3029,3,75,4,earlier,0.9685892462730408
3029,4,113,4,earlier,0.9913339614868164
3028,1,14,4,earlier,0.9852356910705566
3028,2,38,4,earlier,
3028,3,75,4,earlier,0.9855374097824097
3028,4,113,4,earlier,0.9900603890419006
3027,1,14,4,earlier,0.9840786457061768
3027,2,38,4,earlier,
3027,3,75,4,earlier,0.9852061867713928
3027,4,113,4,earlier,0.990669310092926
3026,1,14,4,earlier,0.9877713322639465
3026,2,38,4,earlier,
3026,3,75,4,earlier,0.9816616773605347
3026,4,113,4,earlier,0.9888460040092468
3025,1,14,4,earlier,0.9892361164093018
3025,2,38,4,earlier,
3025,3,75,4,earlier,0.9839812517166138
3025,4,113,4,earlier,0.9894683361053467
3024,1,14,4,earlier,0.9887428283691406
3024,2,38,4,earlier,
3024,3,75,4,earlier,0.9815638661384583
3024,4,113,4,earlier,0.9902637600898743
3023,1,14,4,earlier,0.9917239546775818
3023,2,38,4,earlier,
3023,3,75,4,earlier,0.9792408347129822
3023,4,113,4,earlier,0.9902724623680115
3022,1,14,4,earlier,0.9930639863014221
3022,2,38,4,earlier,
3022,3,75,4,earlier,0.9792640805244446
3022,4,113,4,earlier,0.9899713397026062
3021,1,14,4,earlier,0.9917312860488892
3021,2,38,4,earlier,
3021,3,75,4,earlier,0.9795205593109131
3021,4,113,4,earlier,0.9900104403495789
3020,1,14,4,earlier,0.9913222789764404
3020,2,38,4,earlier,
3020,3,75,4,earlier,0.9790619015693665
3020,4,113,4,earlier,0.9909958243370056
3019,1,14,4,earlier,0.9924969673156738
3019,2,38,4,earlier,
3019,3,75,4,earlier,0.9811787009239197
3019,4,113,4,earlier,0.9895995855331421
3018,1,14,4,earlier,0.9916338920593262
3018,2,38,4,earlier,
3018,3,75,4,earlier,0.9821605086326599
3018,4,113,4,earlier,0.9885458946228027
3017,1,14,4,earlier,0.9920897483825684
3017,2,38,4,earlier,
3017,3,75,4,earlier,0.9829196929931641
3017,4,113,4,earlier,0.9897624850273132
3016,1,14,4,earlier,0.9920119643211365
3016,2,38,4,earlier,
3016,3,75,4,earlier,0.9828707575798035
3016,4,113,4,earlier,0.9895063042640686
3015,1,14,4,earlier,0.9894808530807495
3015,2,38,4,earlier,
3015,3,75,4,earlier,0.97628253698349
3015,4,113,4,earlier,0.9893897175788879
3014,1,14,4,earlier,0.9898226857185364
3014,2,38,4,earlier,
3014,3,75,4,earlier,0.9804165959358215
3014,4,113,4,earlier,0.9899196028709412
3013,1,14,4,earlier,0.9886808395385742
3013,2,38,4,earlier,
3013,3,75,4,earlier,0.9820655584335327
3013,4,113,4,earlier,0.990770697593689
3012,1,14,4,earlier,0.9918162822723389
3012,2,38,4,earlier,
3012,3,75,4,earlier,0.9781802892684937
3012,4,113,4,earlier,0.9897650480270386
3011,1,14,4,earlier,0.9905742406845093
3011,2,38,4,earlier,
3011,3,75,4,earlier,0.9836528301239014
3011,4,113,4,earlier,0.9907883405685425
3010,1,14,4,earlier,0.9891161322593689
3010,2,38,4,earlier,
3010,3,75,4,earlier,0.984900712966919
3010,4,113,4,earlier,0.9910063147544861
3009,1,14,4,earlier,0.9869846701622009
3009,2,38,4,earlier,0.944346010684967
3009,3,75,4,earlier,0.9881590008735657
3009,4,113,4,earlier,0.990269660949707
3008,1,14,4,earlier,0.9850226640701294
3008,2,38,4,earlier,0.9308830499649048
3008,3,75,4,earlier,0.9862150549888611
3008,4,113,4,earlier,0.9898765087127686
3007,1,14,4,earlier,0.9868959188461304
3007,2,38,4,earlier,0.9599719047546387
3007,3,75,4,earlier,0.9837194681167603
3007,4,113,4,earlier,0.9903032779693604
3006,1,14,4,earlier,0.9880011677742004
3006,2,38,4,earlier,0.9315301775932312
3006,3,75,4,earlier,0.9859929084777832
3006,4,113,4,earlier,0.9880520701408386
3005,1,14,4,earlier,0.9881659746170044
3005,2,38,4,earlier,0.9521684050559998
3005,3,75,4,earlier,0.985388994216919
3005,4,113,4,earlier,0.9913330674171448
3004,1,14,4,earlier,0.9923233389854431
3004,2,38,4,earlier,0.9439824819564819
3004,3,75,4,earlier,0.9871057271957397
3004,4,113,4,earlier,0.9881604909896851
3003,1,14,4,earlier,0.9908156991004944
3003,2,38,4,earlier,0.9455741047859192
3003,3,75,4,earlier,0.9861462116241455
3003,4,113,4,earlier,0.9909343719482422
3002,1,14,4,earlier,0.98893141746521
3002,2,38,4,earlier,0.9571796655654907
3002,3,75,4,earlier,0.9868226051330566
3002,4,113,4,earlier,0.9878518581390381
3001,1,14,4,earlier,0.9917116165161133
3001,2,38,4,earlier,0.9605574011802673
3001,3,75,4,earlier,0.9835497140884399
3001,4,113,4,earlier,0.9898130297660828
3000,1,14,4,earlier,0.9881944060325623
3000,2,38,4,earlier,0.9688510298728943
3000,3,75,4,earlier,0.984593391418457
3000,4,113,4,earlier,0.9904881715774536
3781,1,14,5,later,0.9846501350402832
3781,2,38,5,later,0.9752986431121826
3781,3,75,5,later,0.9793508052825928
3781,4,113,5,later,0.9771119356155396
3782,1,14,5,later,0.985296368598938
3782,2,38,5,later,0.9826071858406067
3782,3,75,5,later,0.9845541715621948
3782,4,113,5,later,0.9813750386238098
3783,1,14,5,later,0.9886707067489624
3783,2,38,5,later,0.9841980338096619
3783,3,75,5,later,0.9866321086883545
3783,4,113,5,later,0.9825125336647034
3784,1,14,5,later,0.9887295961380005
3784,2,38,5,later,0.9845168590545654
3784,3,75,5,later,0.9875173568725586
3784,4,113,5,later,0.985759973526001
3785,1,14,5,later,0.9891737103462219
3785,2,38,5,later,0.9847278594970703
3785,3,75,5,later,0.9866313934326172
3785,4,113,5,later,0.9849180579185486
3786,1,14,5,later,0.9899960160255432
3786,2,38,5,later,0.9838562607765198
3786,3,75,5,later,0.9839235544204712
3786,4,113,5,later,0.9848285913467407
3787,1,14,5,later,0.9900048971176147
3787,2,38,5,later,0.984979510307312
3787,3,75,5,later,0.9866974353790283
3787,4,113,5,later,0.9862858057022095
3788,1,14,5,later,0.9902637600898743
3788,2,38,5,later,0.986669659614563
3788,3,75,5,later,0.9884389042854309
3788,4,113,5,later,0.9854899644851685
3789,1,14,5,later,0.989297091960907
3789,2,38,5,later,0.9862033724784851
3789,3,75,5,later,0.9881749749183655
3789,4,113,5,later,0.9866727590560913
3790,1,14,5,later,0.9894888401031494
3790,2,38,5,later,0.9860669374465942
3790,3,75,5,later,0.9874507784843445
3790,4,113,5,later,0.9866030812263489
3791,1,14,5,later,0.9891088008880615
3791,2,38,5,later,0.9890057444572449
3791,3,75,5,later,0.9878086447715759
3791,4,113,5,later,0.9872549772262573
3792,1,14,5,later,0.9903692007064819
3792,2,38,5,later,0.9889799356460571
3792,3,75,5,later,0.9882125854492188
3792,4,113,5,later,0.9863592982292175
3793,1,14,5,later,0.9901977777481079
3793,2,38,5,later,0.9874404668807983
3793,3,75,5,later,0.9877029657363892
3793,4,113,5,later,0.9860646724700928
3794,1,14,5,later,0.986021101474762
3794,2,38,5,later,0.9851568937301636
3794,3,75,5,later,0.9900645613670349
3794,4,113,5,later,0.9870859384536743
3795,1,14,5,later,0.9834412336349487
3795,2,38,5,later,0.9866135120391846
3795,3,75,5,later,0.9904492497444153
3795,4,113,5,later,0.9869585037231445
3796,1,14,5,later,0.9814282655715942
3796,2,38,5,later,0.9885004162788391
3796,3,75,5,later,0.9858850240707397
3796,4,113,5,later,0.9867355823516846
3797,1,14,5,later,0.9840309023857117
3797,2,38,5,later,0.988361120223999
3797,3,75,5,later,0.9887387156486511
3797,4,113,5,later,0.9879810214042664
3798,1,14,5,later,0.9858218431472778
3798,2,38,5,later,0.9881213307380676
3798,3,75,5,later,0.9902405142784119
3798,4,113,5,later,0.9868655204772949
3799,1,14,5,later,0.9900468587875366
3799,2,38,5,later,0.9879001379013062
3799,3,75,5,later,0.9858899712562561
3799,4,113,5,later,0.9869823455810547
3800,1,14,5,later,0.9887593388557434
3800,2,38,5,later,0.98734450340271
3800,3,75,5,later,0.9888613820075989
3800,4,113,5,later,0.9865790009498596
3801,1,14,5,later,0.9901321530342102
3801,2,38,5,later,0.9886705875396729
3801,3,75,5,later,0.9909300208091736
3801,4,113,5,later,0.9849258661270142
3802,1,14,5,later,0.9897096753120422
3802,2,38,5,later,0.9891032576560974
3802,3,75,5,later,0.988597571849823
3802,4,113,5,later,0.9876455068588257
3803,1,14,5,later,0.9885542988777161
3803,2,38,5,later,0.9888960719108582
3803,3,75,5,later,0.987606942653656
3803,4,113,5,later,0.984154462814331
3804,1,14,5,later,0.9881007671356201
3804,2,38,5,later,0.9880038499832153
3804,3,75,5,later,0.988960862159729
3804,4,113,5,later,0.985827624797821
3805,1,14,5,later,0.9895555377006531
3805,2,38,5,later,0.9887767434120178
3805,3,75,5,later,0.9884670376777649
3805,4,113,5,later,0.9849368333816528
3806,1,14,5,later,0.9888859987258911
3806,2,38,5,later,0.9886646270751953
3806,3,75,5,later,0.9878829717636108
3806,4,113,5,later,0.9824098944664001
3807,1,14,5,later,0.9866920709609985
3807,2,38,5,later,0.9885367751121521
3807,3,75,5,later,0.9895239472389221
3807,4,113,5,later,0.984359622001648
3808,1,14,5,later,0.9880326390266418
3808,2,38,5,later,0.9878008961677551
3808,3,75,5,later,0.989153265953064
3808,4,113,5,later,0.9865997433662415
3809,1,14,5,later,0.9880164861679077
3809,2,38,5,later,0.9884980916976929
3809,3,75,5,later,0.9885392189025879
3809,4,113,5,later,0.9863287210464478
3810,1,14,5,later,0.987634539604187
3810,2,38,5,later,0.9882544875144958
3810,3,75,5,later,0.9890262484550476
3810,4,113,5,later,0.9866575002670288
3811,1,14,5,later,0.9880782961845398
3811,2,38,5,later,0.9900933504104614
3811,3,75,5,later,0.988423228263855
3811,4,113,5,later,0.9873658418655396
3812,1,14,5,later,0.9884908199310303
3812,2,38,5,later,0.9884036183357239
3812,3,75,5,later,0.9880096912384033
3812,4,113,5,later,0.9902196526527405
3813,1,14,5,later,0.98802649974823
3813,2,38,5,later,0.9876779913902283
3813,3,75,5,later,0.9884307980537415
3813,4,113,5,later,0.9896002411842346
3780,1,14,5,earlier,0.9852587580680847
3780,2,38,5,earlier,0.9778674244880676
3780,3,75,5,earlier,0.9865068793296814
3780,4,113,5,earlier,0.9824395775794983
3779,1,14,5,earlier,0.9866834878921509
3779,2,38,5,earlier,0.9811320304870605
3779,3,75,5,earlier,0.9877545833587646
3779,4,113,5,earlier,0.9816502332687378
3778,1,14,5,earlier,0.9879313111305237
3778,2,38,5,earlier,0.9822500348091125
3778,3,75,5,earlier,0.988215446472168
3778,4,113,5,earlier,0.9819579720497131
3777,1,14,5,earlier,0.9909307956695557
3777,2,38,5,earlier,0.9808175563812256
3777,3,75,5,earlier,0.9897196888923645
3777,4,113,5,earlier,0.9826117753982544
3776,1,14,5,earlier,0.9904778003692627
3776,2,38,5,earlier,0.9785487651824951
3776,3,75,5,earlier,0.989295482635498
3776,4,113,5,earlier,0.9820756912231445
3775,1,14,5,earlier,0.9905427694320679
3775,2,38,5,earlier,0.9816505908966064
3775,3,75,5,earlier,0.9899085164070129
3775,4,113,5,earlier,0.9837319254875183
3774,1,14,5,earlier,0.987675130367279
3774,2,38,5,earlier,0.9856970906257629
3774,3,75,5,earlier,0.9896239042282104
3774,4,113,5,earlier,0.9854997992515564
3773,1,14,5,earlier,0.9849216938018799
3773,2,38,5,earlier,0.9865209460258484
3773,3,75,5,earlier,0.9915079474449158
3773,4,113,5,earlier,0.9828975200653076
3772,1,14,5,earlier,0.9863207340240479
3772,2,38,5,earlier,0.9815772175788879
3772,3,75,5,earlier,0.991659939289093
3772,4,113,5,earlier,0.9845555424690247
3771,1,14,5,earlier,0.9889435172080994
3771,2,38,5,earlier,0.9808051586151123
3771,3,75,5,earlier,0.9892371296882629
3771,4,113,5,earlier,0.9839769005775452
3770,1,14,5,earlier,0.9921190738677979
3770,2,38,5,earlier,0.9819043874740601
3770,3,75,5,earlier,0.9877768158912659
3770,4,113,5,earlier,0.9853771924972534
3769,1,14,5,earlier,0.991095781326294
3769,2,38,5,earlier,0.9841320514678955
3769,3,75,5,earlier,0.9900529384613037
3769,4,113,5,earlier,0.985232949256897
3768,1,14,5,earlier,0.9898377656936646
3768,2,38,5,earlier,0.9827396869659424
3768,3,75,5,earlier,0.9893866777420044
3768,4,113,5,earlier,0.9865698218345642
3767,1,14,5,earlier,0.9869437217712402
3767,2,38,5,earlier,0.9856969118118286
3767,3,75,5,earlier,0.9901739358901978
3767,4,113,5,earlier,0.9868351221084595
3766,1,14,5,earlier,0.9893794059753418
3766,2,38,5,earlier,0.9843961596488953
3766,3,75,5,earlier,0.9879850745201111
3766,4,113,5,earlier,0.9879146814346313
3765,1,14,5,earlier,0.9882421493530273
3765,2,38,5,earlier,0.9835070967674255
3765,3,75,5,earlier,0.9903997182846069
3765,4,113,5,earlier,0.9874246716499329
3764,1,14,5,earlier,0.9869229793548584
3764,2,38,5,earlier,0.9804567098617554
3764,3,75,5,earlier,0.9905253648757935
3764,4,113,5,earlier,0.9873829483985901
3763,1,14,5,earlier,0.9876869320869446
3763,2,38,5,earlier,0.979801595211029
3763,3,75,5,earlier,0.989734947681427
3763,4,113,5,earlier,0.9873517751693726
3762,1,14,5,earlier,0.988074004650116
3762,2,38,5,earlier,0.9847385883331299
3762,3,75,5,earlier,0.9903218746185303
3762,4,113,5,earlier,0.9880008697509766
3761,1,14,5,earlier,0.9884696006774902
3761,2,38,5,earlier,0.9877519607543945
3761,3,75,5,earlier,0.9895312786102295
3761,4,113,5,earlier,0.9863288998603821
3760,1,14,5,earlier,0.9887728095054626
3760,2,38,5,earlier,0.9856093525886536
3760,3,75,5,earlier,0.9888748526573181
3760,4,113,5,earlier,0.9859369397163391
3759,1,14,5,earlier,0.9880337715148926
3759,2,38,5,earlier,0.9834352731704712
3759,3,75,5,earlier,0.9886583685874939
3759,4,113,5,earlier,0.9871019721031189
3758,1,14,5,earlier,0.9874699115753174
3758,2,38,5,earlier,0.984207034111023
3758,3,75,5,earlier,0.9842771887779236
3758,4,113,5,earlier,0.9851664900779724
3757,1,14,5,earlier,0.9888582825660706
3757,2,38,5,earlier,0.9828424453735352
3757,3,75,5,earlier,0.9860672950744629
3757,4,113,5,earlier,0.9875691533088684
3756,1,14,5,earlier,0.9886874556541443
3756,2,38,5,earlier,0.9839757680892944
3756,3,75,5,earlier,0.9888259768486023
3756,4,113,5,earlier,0.9851186275482178
3755,1,14,5,earlier,0.9874780774116516
3755,2,38,5,earlier,0.9855112433433533
3755,3,75,5,earlier,0.9897550344467163
3755,4,113,5,earlier,0.9847057461738586
3754,1,14,5,earlier,0.9867510199546814
3754,2,38,5,earlier,0.990884006023407
3754,3,75,5,earlier,0.9879491925239563
3754,4,113,5,earlier,0.986551821231842
3753,1,14,5,earlier,0.9887338876724243
3753,2,38,5,earlier,0.9887650609016418
3753,3,75,5,earlier,0.9898767471313477
3753,4,113,5,earlier,0.9877818822860718
3752,1,14,5,earlier,0.9865049719810486
3752,2,38,5,earlier,0.9889191389083862
3752,3,75,5,earlier,0.9900960922241211
3752,4,113,5,earlier,0.9879056215286255
3751,1,14,5,earlier,0.990338146686554
3751,2,38,5,earlier,0.9861805438995361
3751,3,75,5,earlier,0.9884983897209167
3751,4,113,5,earlier,0.9878429174423218
3750,1,14,5,earlier,0.9910601377487183
3750,2,38,5,earlier,0.9848194718360901
3750,3,75,5,earlier,0.9900832176208496
3750,4,113,5,earlier,0.9878219962120056
